<0,fac0-4,roster0-9,read> 0.0028115876177385304
<1,admissions0-0,application0-0,read> 7.014148190831317E-5
<2,stu1-14,stu1-14application1-14,checkStatus> 0.0019639078913090365
<3,registrar0-1,transcript4-3,read> 1.983992529456596E-4
<4,admissions0-1,stu1-11application1-11,read> 1.75003577006498E-4
<5,admissions2-1,stu1-4application1-4,setStatus> 2.0142422335642408E-4
<6,stu3-8,gradebook3-2,readMyScores> 5.486154088232542E-5
<7,registrar2-1,roster2-9,read> 1.4357998937952418E-4
<8,stu4-11,transcript4-11,read> 0.0016285816256658024
<9,admissions2-1,stu0-18application0-18,setStatus> 2.029787891278532E-4
<10,admissions2-1,stu1-10application1-10,read> 9.882029149914782E-5
<11,admissions2-0,stu1-14application1-14,read> 1.6004058642158064E-4
<12,admissions4-0,application4-2,setStatus> 1.5148303801085355E-4
<13,chair5,transcript5-6,read> 0.0016414467083343428
<14,stu1-9,transcript1-9,read> 0.001457005656323618
<15,admissions4-1,stu4-8application4-8,read> 7.93187198596146E-5
<16,registrar0-0,transcript5-1,read> 2.7974226880268457E-4
<17,stu1-6,transcript1-6,read> 0.0014617716554720121
<18,registrar0-0,transcript2-7,read> 1.8575468015025998E-4
<19,registrar4-1,roster0-2,read> 2.2627394577802673E-4
<20,admissions0-1,stu1-18application1-18,setStatus> 1.4136378756001344E-4
<21,fac1-3,roster1-6,read> 0.0026799724134272894
<22,fac1-1,roster1-2,read> 0.0027103451528837294
<23,admissions2-0,stu4-11application4-11,setStatus> 1.898946166228433E-4
<24,chair4,transcript4-16,read> 0.002016371974674671
<25,app4-0,application4-0,checkStatus> 0.0015592267607559664
<26,stu3-15,transcript3-15,read> 0.0016667096188529543
<27,admissions2-1,stu5-8application5-8,setStatus> 1.9831509181356583E-4
<28,fac5-4,roster5-8,read> 0.001596678039480921
<29,registrar2-1,roster1-3,write> 1.4692691696867988E-4
<30,stu1-4,stu1-4application1-4,checkStatus> 0.002247184682696186
<31,stu4-14,transcript4-14,read> 0.0017334336069304702
<32,app0-3,application0-3,checkStatus> 7.151775456024201E-4
<33,stu5-5,gradebook5-7,readMyScores> 6.914601382196601E-5
<34,registrar4-1,roster4-9,read> 1.1433996703882292E-4
<35,admissions4-1,stu0-14application0-14,read> 1.1234658007774933E-4
<36,registrar4-1,transcript1-0,read> 3.0978028531842726E-4
<37,admissions2-1,stu2-18application2-18,read> 1.375807980667813E-4
<38,stu5-7,transcript5-7,read> 0.0014141116639880718
<39,fac3-2,gradebook3-5,changeScore> 5.078605627558592E-4
<40,chair0,transcript0-15,read> 0.001801341307214777
<41,admissions4-1,stu5-2application5-2,read> 1.3627981211987596E-4
<42,chair4,transcript4-3,read> 0.00113419487740331
<43,registrar0-1,transcript3-6,read> 7.687619422423473E-5
<44,stu4-18,transcript4-18,read> 0.0017524976035240463
<45,registrar4-1,transcript2-12,read> 3.8905916655406685E-4
<46,registrar0-0,transcript1-5,read> 3.00090097273828E-4
<47,stu1-15,stu1-15application1-15,checkStatus> 0.0016112571918270755
<48,chair2,transcript2-13,read> 0.001845450162078345
<49,chair2,transcript2-16,read> 0.001878531803226021
<50,admissions0-1,stu2-10application2-10,setStatus> 1.5337009918738655E-4
<51,admissions4-0,application5-1,read> 1.7889434007086117E-4
<52,admissions4-1,stu0-18application0-18,setStatus> 2.1306469169321237E-4
<53,stu3-16,transcript3-16,read> 0.0016619436197045602
<54,fac4-1,gradebook4-3,addScore> 8.702207309635859E-4
<55,stu4-7,gradebook4-7,readScore> 1.223863104364276E-4
<56,stu1-1,stu1-1application1-1,checkStatus> 0.0022703093187277897
<57,registrar0-0,transcript4-16,read> 3.5435097319687727E-4
<58,stu2-11,stu2-11application2-11,checkStatus> 7.903326127051331E-4
<59,stu4-12,transcript4-12,read> 0.0017191356094852883
<60,stu0-7,transcript0-7,read> 5.466998189803626E-4
<61,fac5-1,roster5-3,read> 0.0015055598211116002
<62,stu3-14,transcript3-14,read> 0.0016714756180013484
<63,registrar0-1,transcript3-11,read> 3.411406235073333E-4
<64,fac2-1,gradebook2-2,assignGrade> 7.392622175557352E-4
<65,fac0-1,gradebook0-3,changeScore> 3.230991637192765E-4
<66,admissions4-1,application2-0,setStatus> 5.586687214378987E-5
<67,registrar4-0,roster0-1,read> 2.193005938340073E-4
<68,stu2-13,transcript2-13,read> 0.0015952196316270442
<69,registrar0-0,transcript1-3,read> 3.0202798569965126E-4
<70,fac4-3,roster4-6,read> 0.00147518708165516
<71,chair5,transcript5-8,read> 0.0016524739220502348
<72,admissions4-1,stu3-12application3-12,read> 6.735210383855131E-5
<73,chair5,transcript5-16,read> 1.252048223991906E-4
<74,stu5-4,transcript5-4,read> 0.0014093456648396779
<75,registrar4-0,roster4-4,read> 1.222062308667819E-4
<76,admissions2-0,application5-4,setStatus> 2.0541989010686756E-4
<77,registrar0-1,roster1-7,read> 1.9967969353263965E-4
<78,fac2-1,roster2-3,read> 0.0013233233843729588
<79,stu3-5,stu3-5application3-5,checkStatus> 0.0012586064923451141
<80,chair1,transcript1-17,read> 1.8585449783659668E-4
<81,registrar0-1,roster5-7,write> 8.536027829648079E-5
<82,fac4-3,gradebook4-7,changeScore> 0.0012860979708190408
<83,admissions4-0,stu2-14application2-14,read> 5.1624304086370626E-5
<84,app3-1,application3-1,checkStatus> 0.0014146977855584416
<85,chair1,transcript1-9,read> 0.0016855555631979109
<86,admissions4-1,stu0-10application0-10,setStatus> 2.119768175094794E-4
<87,registrar4-1,transcript2-15,read> 3.937226301561633E-4
<88,registrar4-0,transcript4-16,read> 4.198199751732056E-4
<89,chair4,transcript4-13,read> 0.0019832903335269946
<90,chair1,transcript1-2,read> 0.001713123597487641
<91,admissions2-0,stu1-1application1-1,setStatus> 2.1023807842949582E-4
<92,registrar4-1,transcript2-13,read> 3.9022503245459095E-4
<93,chair4,transcript4-19,read> 0.0020218855815326174
<94,registrar2-1,roster4-9,read> 9.897759142900028E-5
<95,stu2-10,gradebook2-8,addScore> 4.7153970319256216E-4
<96,fac4-1,roster4-2,read> 0.001829535708646963
<97,chair1,transcript1-16,read> 2.023953184104347E-4
<98,chair5,transcript5-5,read> 0.0016249058877605047
<99,stu1-5,transcript1-5,read> 0.001476069652917194
<100,stu5-8,transcript5-8,read> 0.001428409661433254
<101,chair5,transcript5-3,read> 0.0016138786740446125
<102,stu2-16,gradebook2-2,readScore> 1.0703451550667271E-4
<103,registrar4-0,roster4-8,write> 8.37879555936117E-5
<104,registrar2-0,roster2-4,read> 1.0389784283020573E-4
<105,fac4-4,gradebook4-8,changeScore> 0.0012916968010928769
<106,registrar0-1,transcript0-18,read> 3.073842183069375E-4
<107,registrar0-0,transcript4-14,read> 3.52413084771054E-4
<108,fac4-0,gradebook4-1,addScore> 2.456886850415267E-4
<109,chair4,transcript4-15,read> 0.0019943175472428875
<110,registrar4-0,transcript2-6,read> 2.1663035975383937E-4
<111,app3-3,application3-3,checkStatus> 0.0014378224215900457
<112,fac5-2,roster5-4,read> 0.0014954355746261202
<113,fac2-3,gradebook2-6,changeScore> 0.002153916663263596
<114,registrar4-1,roster0-8,read> 2.4492960890122736E-4
<115,fac0-0,roster0-1,read> 0.002538232962630568
<116,stu1-9,gradebook1-2,readMyScores> 7.761263142019005E-5
<117,chair5,transcript5-13,read> 1.4725924983097463E-4
<118,admissions0-0,stu0-19application0-19,setStatus> 1.2535832240596692E-4
<119,chair5,transcript5-9,read> 0.0016469603151922885
<120,chair4,transcript4-10,read> 0.0018675045895101292
<121,fac1-2,gradebook1-4,assignGrade> 2.773587199642784E-4
<122,stu3-1,stu3-1application3-1,checkStatus> 0.0018598470291668187
<123,stu0-15,stu0-15application0-15,checkStatus> 0.0013626673544873322
<124,stu3-8,gradebook3-9,readMyScores> 6.247738062305092E-5
<125,stu4-6,transcript4-6,read> 9.947037389293992E-4
<126,stu5-5,stu5-5application5-5,checkStatus> 0.001015797814013272
<127,stu3-8,stu3-8application3-8,checkStatus> 0.0018309412341273137
<128,registrar2-0,roster2-8,read> 1.421776743918412E-4
<129,admissions4-1,stu2-10application2-10,setStatus> 1.320180650051018E-4
<130,registrar2-1,roster0-3,read> 1.9433444221977553E-4
<131,stu1-14,gradebook1-5,addScore> 8.467704343940453E-5
<132,registrar2-1,roster0-9,write> 1.553160827273991E-4
<133,chair2,transcript2-0,read> 0.0012885758694257982
<134,stu3-6,stu3-6application3-6,checkStatus> 0.002166248456585572
<135,stu5-16,stu5-16application5-16,checkStatus> 0.0015071963296848575
<136,stu2-4,stu2-4application2-4,checkStatus> 3.683080051283598E-4
<137,chair5,transcript5-1,read> 0.0015918242466128286
<138,chair4,transcript4-7,read> 0.00110662684311358
<139,admissions0-0,stu3-11application3-11,setStatus> 1.5642710789583357E-4
<140,admissions2-0,stu4-17application4-17,setStatus> 9.299549591220881E-5
<141,stu0-8,gradebook0-8,readMyScores> 2.5739305207218814E-5
<142,stu3-13,stu3-13application3-13,checkStatus> 0.0013742296725031344
<143,chair2,transcript2-15,read> 0.0018619909826521831
<144,admissions0-1,stu2-14application2-14,setStatus> 6.86940066574921E-5
<145,fac2-4,gradebook2-8,addScore> 3.7324691999185904E-4
<146,stu3-7,stu3-7application3-7,checkStatus> 0.0016632876228981847
<147,registrar2-0,roster2-6,read> 1.3988088449814313E-4
<148,admissions4-0,application4-3,setStatus> 1.547209120606625E-4
<149,registrar4-1,transcript2-6,read> 2.200086109780708E-4
<150,stu0-16,stu0-16application0-16,checkStatus> 0.0013800108315110355
<151,admissions4-1,stu0-17application0-17,setStatus> 2.027298869477486E-4
<152,stu5-12,stu5-12application5-12,checkStatus> 9.98454336989569E-4
<153,fac4-0,roster4-1,read> 0.0018194114621614824
<154,stu2-16,gradebook2-2,addScore> 2.9052225637525456E-4
<155,stu0-2,gradebook0-2,readMyScores> 1.735062308527104E-5
<156,registrar0-0,transcript5-7,read> 2.874938225059773E-4
<157,registrar4-0,transcript4-17,read> 4.186720112442826E-4
<158,stu4-13,stu4-13application4-13,checkStatus> 0.002067968753451255
<159,registrar4-1,transcript0-15,read> 3.8089810525039804E-4
<160,stu2-16,transcript2-16,read> 0.001623815626517408
<161,admissions0-0,application5-3,setStatus> 2.413907253579178E-4
<162,fac0-2,roster0-4,read> 0.002609102688028929
<163,admissions0-1,stu2-8application2-8,read> 2.1893403933991785E-4
<164,chair3,transcript3-17,read> 0.0019116134443736973
<165,chair0,transcript0-11,read> 0.0017848004866409387
<166,admissions0-0,stu0-8application0-8,read> 1.616485660286713E-4
<167,registrar4-0,roster1-2,write> 1.703061103096979E-4
<168,admissions0-0,application3-1,read> 1.3653991489808527E-4
<169,admissions0-1,stu0-18application0-18,read> 2.178218757365401E-4
<170,chair4,transcript4-8,read> 0.0011121404499715257
<171,fac3-4,roster3-9,read> 0.0017282932437921617
<172,registrar4-0,transcript0-1,read> 1.9711497296214875E-4
<173,stu0-14,stu0-14application0-14,checkStatus> 0.0013568861954794315
<174,fac0-4,gradebook0-9,changeScore> 2.9510501235009744E-4
<175,admissions2-0,stu3-11application3-11,read> 1.1622719394114796E-4
<176,fac1-4,roster1-8,read> 0.0027609663853111303
<177,registrar0-0,transcript4-17,read> 3.5338202898396563E-4
<178,registrar0-0,roster3-4,write> 8.683029409985332E-5
<179,registrar2-1,transcript0-16,read> 3.236664344359142E-4
<180,stu5-1,transcript5-1,read> 0.0013759836708009197
<181,registrar4-0,transcript2-10,read> 3.8078920158982445E-4
<182,fac2-3,gradebook2-6,assignGrade> 7.692559511655701E-4
<183,stu2-14,transcript2-14,read> 0.0016047516299238322
<184,stu2-10,transcript2-10,read> 0.001580921634181862
<185,stu3-4,stu3-4application3-4,checkStatus> 5.70648570404895E-4
<186,stu5-0,transcript5-0,read> 0.0013902816682461018
<187,admissions0-1,stu0-9application0-9,read> 1.2161972404436754E-4
<188,registrar4-1,transcript4-7,read> 2.3399900178436007E-4
<189,chair0,transcript0-2,read> 9.632730648069837E-4
<190,registrar4-1,roster3-4,read> 1.4365600908956678E-4
<191,admissions0-1,stu5-8application5-8,read> 2.1281713952134044E-4
<192,fac1-0,roster1-1,read> 0.0027204693993692097
<193,admissions2-0,stu2-14application2-14,read> 5.1213772841150985E-5
<194,chair4,transcript4-17,read> 0.002010858367816725
<195,admissions2-1,stu0-11application0-11,read> 1.5308500069383465E-4
<196,registrar2-0,roster0-1,write> 1.3959378576143086E-4
<197,chair0,transcript0-6,read> 6.048886190404934E-4
<198,stu2-19,gradebook2-4,addScore> 7.747087499415245E-4
<199,chair3,transcript3-15,read> 0.0019281542649475351
<200,fac3-0,roster3-1,read> 0.0016270507789373611
<201,admissions0-1,stu4-16application4-16,setStatus> 1.900209452077886E-4
<202,stu1-8,transcript1-8,read> 0.0014522396571752239
<203,chair2,transcript2-12,read> 0.001839936555220399
<204,registrar4-1,transcript5-11,read> 3.2304200993688904E-5
<205,registrar4-0,roster5-8,read> 1.3795126269930494E-4
<206,stu4-13,transcript4-13,read> 0.0017143696103368942
<207,admissions4-1,stu1-14application1-14,read> 1.6260636736621517E-4
<208,stu2-6,stu2-6application2-6,checkStatus> 0.0016170383508349766
<209,fac2-2,gradebook2-4,changeScore> 0.002165114323811268
<210,stu4-16,transcript4-16,read> 0.0017429656052272585
<211,registrar0-0,transcript2-17,read> 3.330342005128222E-4
<212,app2-0,application2-0,checkStatus> 5.93773206436499E-4
<213,registrar0-1,transcript2-11,read> 3.208867803870958E-4
<214,registrar0-1,transcript2-13,read> 3.2281571782711844E-4
<215,stu1-7,transcript1-7,read> 0.0014665376546204062
<216,registrar0-1,transcript0-8,read> 1.0870366198460791E-4
<217,admissions4-1,stu2-19application2-19,read> 1.1091058615522173E-4
<218,stu3-15,gradebook3-6,readMyScores> 2.7686113776259466E-5
<219,registrar0-1,roster4-6,read> 1.0708171879828877E-4
<220,registrar0-1,transcript2-8,read> 1.8393222214548998E-4
<221,admissions0-1,application4-1,setStatus> 1.786465447186983E-4
<222,fac5-0,roster5-1,read> 0.0017890387227050427
<223,registrar0-0,transcript3-7,read> 7.626398409124999E-5
<224,stu4-15,transcript4-15,read> 0.0017239016086336824
<225,admissions0-0,stu4-12application4-12,read> 1.817354869331402E-4
<226,chair2,transcript2-17,read> 0.0018950726237998588
<227,stu1-5,stu1-5application1-5,checkStatus> 0.0012412630153214113
<228,chair0,transcript0-14,read> 0.0018068549140727228
<229,chair0,transcript0-10,read> 0.0017903140934988847
<230,chair1,transcript1-7,read> 0.001696582776913803
<231,registrar4-0,transcript4-10,read> 3.888249490922853E-4
<232,stu1-17,stu1-17application1-17,checkStatus> 6.92052909570816E-4
<233,stu5-0,stu5-0application5-0,checkStatus> 0.0014089166265505403
<234,app4-1,application4-1,checkStatus> 0.0016343818278586795
<235,registrar2-1,roster5-7,read> 1.228168041266941E-4
<236,admissions4-0,application2-2,read> 4.97247513104827E-5
<237,stu2-7,transcript2-7,read> 9.13681753406701E-4
<238,registrar0-0,transcript3-19,read> 3.3206525629991064E-4
<239,admissions2-0,stu0-5application0-5,read> 1.520316867208564E-4
<240,admissions2-1,stu0-12application0-12,read> 4.5923600183318654E-5
<241,registrar0-0,transcript1-1,read> 2.555186634798947E-4
<242,registrar0-0,roster5-7,read> 1.1791502480456438E-4
<243,fac5-0,gradebook5-1,changeScore> 5.358547141250385E-4
<244,admissions0-1,stu0-10application0-10,setStatus> 2.4626103651495735E-4
<245,stu2-9,gradebook2-2,readMyScores> 2.4173479478061677E-4
<246,registrar0-1,roster0-5,read> 1.8865612511188365E-4
<247,registrar4-0,roster4-2,read> 1.580699144853066E-4
<248,registrar2-0,transcript2-18,read> 3.473498104698655E-4
<249,registrar0-0,roster3-5,write> 8.951507515936952E-5
<250,chair0,transcript0-16,read> 0.0017682596660671007
<251,admissions0-1,stu5-18application5-18,read> 1.2662446025956726E-4
<252,stu1-1,transcript1-1,read> 0.0012568336920910697
<253,stu5-10,stu5-10application5-10,checkStatus> 0.0020737499124591557
<254,chair5,transcript5-4,read> 0.0016304194946184507
<255,registrar2-0,roster2-2,read> 1.023666495677403E-4
<256,stu0-19,transcript0-19,read> 0.001514197646104346
<257,stu1-0,transcript1-0,read> 0.0012663656903878575
<258,admissions4-0,stu5-18application5-18,read> 1.081359991690362E-4
<259,admissions0-1,stu3-12application3-12,setStatus> 8.891516308254154E-5
<260,admissions0-0,stu5-11application5-11,setStatus> 1.3486917510694647E-4
<261,chair0,transcript0-19,read> 0.0017517188454932628
<262,registrar0-1,transcript0-15,read> 3.1509996806702796E-4
<263,fac2-1,gradebook2-2,changeScore> 0.0020699342091560586
<264,stu5-17,stu5-17application5-17,checkStatus> 0.0014551658986137485
<265,registrar0-1,roster1-8,read> 2.004145980940234E-4
<266,registrar4-0,transcript0-14,read> 3.7619734587413255E-4
<267,admissions0-0,application5-1,read> 2.101919582144711E-4
<268,registrar4-1,transcript3-16,read> 4.065471550619285E-4
<269,registrar0-0,roster2-4,read> 1.0019546981175745E-4
<270,registrar0-0,transcript0-18,read> 3.0881059519003237E-4
<271,admissions0-1,application5-2,setStatus> 2.3931001399384662E-4
<272,fac2-0,roster2-1,read> 0.00146506283516968
<273,registrar4-1,transcript2-16,read> 3.9722022785773566E-4
<274,admissions0-0,application3-0,read> 1.3709788492320937E-4
<275,fac2-1,gradebook2-3,assignGrade> 7.75254697887537E-4
<276,fac2-0,gradebook2-1,addScore> 3.0808885925946803E-4
<277,stu1-0,stu1-0application1-0,checkStatus> 0.0021315615025381657
<278,registrar4-0,transcript3-15,read> 4.01452552310438E-4
<279,fac1-1,gradebook1-3,changeScore> 8.717845305551891E-4
<280,registrar0-0,roster1-4,write> 1.4052591529017746E-4
<281,stu5-3,transcript5-3,read> 0.001395047667394496
<282,fac4-1,roster4-3,read> 0.0018396599551324425
<283,registrar4-1,roster1-5,read> 2.3693432470556992E-4
<284,registrar4-0,roster1-8,write> 1.7348692482131871E-4
<285,admissions2-0,application5-2,setStatus> 2.027431188165186E-4
<286,stu1-11,stu1-11application1-11,checkStatus> 0.001819378916111512
<287,fac0-2,roster0-5,read> 0.002598978441543449
<288,fac2-4,gradebook2-9,changeScore> 0.002114724851346745
<289,registrar2-1,transcript4-5,read> 2.0962416209731482E-4
<290,registrar2-0,transcript5-2,read> 2.951029063519443E-4
<291,registrar2-0,transcript2-13,read> 3.3629758075261293E-4
<292,fac5-2,roster5-5,read> 0.0015561810535390007
<293,stu5-8,stu5-8application5-8,checkStatus> 0.00221249772864878
<294,stu2-7,gradebook2-6,addScore> 6.564996828936467E-4
<295,registrar4-1,transcript2-14,read> 3.925567642556392E-4
<296,stu1-9,stu1-9application1-9,checkStatus> 0.0017557861670246008
<297,fac0-1,roster0-3,read> 0.0025584814556015288
<298,registrar0-0,transcript0-16,read> 3.107484836158555E-4
<299,registrar0-1,roster2-6,read> 1.3427318756948704E-4
<300,chair1,transcript1-1,read> 0.0014539840751641782
<301,stu2-11,transcript2-11,read> 0.0015856876333302562
<302,fac4-2,gradebook4-5,addScore> 4.049337600472316E-4
<303,stu0-14,transcript0-14,read> 0.001561857637588286
<304,registrar0-1,transcript4-5,read> 2.0032819038568218E-4
<305,registrar4-0,transcript3-19,read> 3.934168048079772E-4
<306,fac1-2,roster1-5,read> 0.0027002209063982496
<307,admissions4-1,stu0-16application0-16,setStatus> 1.2984231663763576E-4
<308,registrar0-0,roster4-1,read> 1.3268132063190351E-4
<309,fac4-3,gradebook4-7,readScore> 9.733776575105463E-5
<310,fac0-4,roster0-8,read> 0.0027913391247675703
<311,chair2,transcript2-3,read> 0.0010790588088238498
<312,stu5-18,stu5-18application5-18,checkStatus> 0.0013164180824241244
<313,stu2-0,transcript2-0,read> 0.0011138537176392494
<314,chair4,transcript4-12,read> 0.0019888039403849413
<315,fac5-1,gradebook5-3,changeScore> 5.414535443988743E-4
<316,registrar0-1,transcript3-17,read> 3.343893424672542E-4
<317,app0-1,application0-1,checkStatus> 7.03615227586618E-4
<318,admissions0-1,stu3-15application3-15,setStatus> 1.780146335804155E-4
<319,fac2-0,gradebook2-1,changeScore> 0.0020755330394298943
<320,app5-3,application5-3,checkStatus> 0.002200935410632978
<321,fac1-1,gradebook1-2,changeScore> 8.549880397336814E-4
<322,registrar2-0,transcript3-13,read> 3.533782994065487E-4
<323,stu0-9,stu0-9application0-9,checkStatus> 0.0012643876513530152
<324,stu3-16,stu3-16application3-16,checkStatus> 4.0299495917576583E-4
<325,stu4-1,stu4-1application4-1,checkStatus> 0.00209687454849076
<326,chair3,transcript3-13,read> 0.0019391814786634267
<327,registrar2-0,transcript3-15,read> 3.5136880309432104E-4
<328,stu4-8,transcript4-8,read> 9.613417448906411E-4
<329,admissions2-0,stu3-7application3-7,setStatus> 1.5402588133216642E-4
<330,stu2-0,stu2-0application2-0,checkStatus> 0.0011545456302028963
<331,stu3-0,gradebook3-1,addScore> 1.1486458689141005E-4
<332,registrar2-1,roster3-6,read> 1.289688590164215E-4
<333,stu1-14,transcript1-14,read> 1.8448388370241803E-4
<334,fac3-2,roster3-4,read> 0.0016371750254228414
<335,registrar0-1,transcript2-1,read> 1.8682562830552387E-4
<336,admissions4-0,stu5-0application5-0,read> 1.1573421027258788E-4
<337,stu4-8,stu4-8application4-8,checkStatus> 9.579862239342622E-4
<338,chair5,transcript5-7,read> 0.0016359331014763965
<339,app5-1,application5-1,checkStatus> 0.002177810774601374
<340,stu3-13,transcript3-13,read> 0.001676241617149742
<341,chair3,transcript3-8,read> 3.788307378647069E-4
<342,fac0-1,gradebook0-2,addScore> 2.1376984466888455E-4
<343,registrar2-1,transcript4-11,read> 3.448601310652114E-4
<344,stu3-17,transcript3-17,read> 0.0016524116214077724
<345,fac0-4,gradebook0-8,addScore> 1.9032517015835955E-4
<346,admissions2-1,stu2-9application2-9,setStatus> 1.8484218846117982E-4
<347,admissions2-0,stu2-12application2-12,setStatus> 5.659140636346216E-5
<348,registrar4-0,transcript4-14,read> 4.1752404731535954E-4
<349,stu0-8,transcript0-8,read> 5.371678206835747E-4
<350,stu4-11,stu4-11application4-11,checkStatus> 0.0020506252764275522
<351,admissions2-0,stu5-8application5-8,setStatus> 2.048845358487978E-4
<352,admissions4-1,stu1-15application1-15,setStatus> 1.515998003122963E-4
<353,registrar2-0,transcript3-14,read> 3.523735512504349E-4
<354,stu3-8,gradebook3-7,readMyScores> 6.991814709876854E-5
<355,stu3-7,transcript3-7,read> 3.7512384963817833E-4
<356,stu3-10,transcript3-10,read> 0.0016953056137433184
<357,registrar4-1,transcript3-5,read> 8.943163011937034E-5
<358,admissions2-0,stu1-13application1-13,read> 1.1340052345853939E-4
<359,stu4-16,gradebook4-1,readMyScores> 5.113389272304423E-5
<360,stu2-6,transcript2-6,read> 8.993837559615192E-4
<361,registrar4-0,transcript1-8,read> 3.4979417550890424E-4
<362,stu2-1,stu2-1application2-1,checkStatus> 0.0012990746054004213
<363,fac0-3,roster0-7,read> 0.002619226934514409
<364,admissions0-1,stu2-19application2-19,setStatus> 1.464190766662758E-4
<365,admissions0-0,stu3-15application3-15,setStatus> 1.7861909753145256E-4
<366,fac2-3,gradebook2-7,addScore> 5.418356574640721E-4
<367,stu1-3,gradebook1-9,readMyScores> 5.703827750548191E-5
<368,admissions4-0,stu4-5application4-5,read> 7.346916100908169E-5
<369,fac2-1,gradebook2-3,addScore> 0.0015149492800030245
<370,chair0,transcript0-17,read> 0.0017627460592091547
<371,registrar2-0,transcript4-8,read> 2.026660759894683E-4
<372,registrar4-1,roster1-7,read> 2.413761492587129E-4
<373,admissions0-0,stu1-0application1-0,read> 2.05728198013478E-4
<374,admissions0-1,stu5-13application5-13,read> 2.0781240330614066E-4
<375,fac1-4,gradebook1-9,addScore> 2.981666026507833E-4
<376,registrar2-0,transcript4-0,read> 2.1070406123837928E-4
<377,fac4-3,gradebook4-6,changeScore> 0.0012804991405452053
<378,admissions2-0,stu4-5application4-5,setStatus> 8.282376500888255E-5
<379,registrar2-0,transcript5-13,read> 2.6835148669541257E-5
<380,admissions0-1,stu5-0application5-0,setStatus> 1.5400201032566934E-4
<381,admissions2-0,stu0-11application0-11,read> 1.5815613943317495E-4
<382,fac3-0,gradebook3-1,changeScore> 4.5747109029133673E-4
<383,registrar4-0,transcript5-6,read> 3.417584280064434E-4
<384,stu2-0,gradebook2-8,readScore> 2.3538534924378898E-4
<385,registrar2-0,transcript1-8,read> 3.0615513606919683E-4
<386,stu4-4,gradebook4-4,readMyScores> 9.824499059005522E-5
<387,stu0-3,stu0-3application0-3,checkStatus> 9.059557928631531E-4
<388,admissions0-1,stu0-15application0-15,setStatus> 1.4894672121940696E-4
<389,admissions2-1,application5-4,read> 1.7497328675555708E-4
<390,registrar0-1,roster5-2,write> 9.498084710004971E-5
<391,registrar0-0,roster0-8,read> 2.0355954060313137E-4
<392,admissions4-1,application5-1,setStatus> 2.0490563531521468E-4
<393,admissions2-1,stu4-0application4-0,setStatus> 6.151330392780064E-5
<394,stu2-18,gradebook2-6,readMyScores> 1.820336244482057E-4
<395,admissions0-1,stu4-5application4-5,read> 8.603048873628055E-5
<396,registrar2-0,roster2-7,read> 1.4064648112937578E-4
<397,chair2,transcript2-18,read> 0.0019060998375157513
<398,admissions0-1,application4-3,setStatus> 1.8117418927182948E-4
<399,stu3-0,gradebook3-3,readMyScores> 4.8640943618141946E-5
<400,fac1-1,gradebook1-3,assignGrade> 3.113516180554247E-4
<401,registrar2-1,transcript2-1,read> 1.9549503101111665E-4
<402,admissions0-1,stu0-0application0-0,read> 1.3440960548321128E-4
<403,app0-2,application0-2,checkStatus> 6.97834068578717E-4
<404,stu4-10,transcript4-10,read> 0.0016142836282206203
<405,registrar4-1,transcript3-6,read> 9.292922782094267E-5
<406,registrar0-0,roster1-2,write> 1.4374765256159689E-4
<407,admissions2-0,stu4-13application4-13,setStatus> 1.9150067939705271E-4
<408,registrar0-0,transcript0-15,read> 3.1656214889332513E-4
<409,stu2-7,stu2-7application2-7,checkStatus> 0.0010678282450843812
<410,admissions0-1,application5-4,read> 2.133732213230292E-4
<411,admissions0-1,stu2-1application2-1,read> 1.2495621485450066E-4
<412,admissions0-0,stu2-8application2-8,read> 2.196774486415814E-4
<413,chair2,transcript2-6,read> 0.001040463560818228
<414,stu5-2,transcript5-2,read> 0.0013998136665428899
<415,stu0-19,stu0-19application0-19,checkStatus> 0.001142983312187094
<416,registrar2-1,transcript3-5,read> 7.741586407646071E-5
<417,stu3-19,stu3-19application3-19,checkStatus> 0.0017500050080166997
<418,registrar2-0,transcript0-18,read> 3.2022161025479107E-4
<419,fac4-4,gradebook4-9,changeScore> 0.0011013365717824583
<420,stu4-0,transcript4-0,read> 9.994697380777931E-4
<421,admissions4-0,stu4-2application4-2,setStatus> 1.0129599023881479E-4
<422,admissions4-1,stu4-9application4-9,read> 1.1473990328196198E-4
<423,admissions2-1,stu5-19application5-19,read> 2.8595373717788408E-5
<424,registrar0-1,transcript2-18,read> 3.334248737472428E-4
<425,registrar0-0,roster1-1,write> 1.4428460877350012E-4
<426,admissions4-1,stu1-2application1-2,setStatus> 1.700936614357578E-4
<427,admissions4-0,stu4-0application4-0,setStatus> 6.406043866601185E-5
<428,registrar4-0,roster2-9,read> 1.6331825842948094E-4
<429,stu3-6,transcript3-6,read> 3.798898487865723E-4
<430,admissions2-1,stu2-6application2-6,read> 1.2754866695515853E-4
<431,stu3-3,stu3-3application3-3,checkStatus> 0.0021489049795618688
<432,registrar0-0,roster1-5,write> 1.4321069634969365E-4
<433,registrar2-1,roster2-2,read> 1.0282262573507991E-4
<434,stu2-19,gradebook2-4,readScore> 2.854190131363511E-4
<435,admissions0-1,stu5-15application5-15,setStatus> 5.100049478557386E-5
<436,stu2-12,transcript2-12,read> 0.00159045363247865
<437,stu5-11,stu5-11application5-11,checkStatus> 0.0012297006973056093
<438,admissions0-1,stu5-14application5-14,setStatus> 4.088991657304915E-5
<439,fac2-2,roster2-5,read> 0.0013638203703148792
<440,admissions0-0,stu3-17application3-17,setStatus> 1.7988721122491654E-4
<441,stu2-14,gradebook2-1,addScore> 3.141496237039166E-4
<442,registrar2-1,transcript4-17,read> 3.68072274992537E-4
<443,stu0-12,transcript0-12,read> 0.0015761556350334682
<444,stu2-5,stu2-5application2-5,checkStatus> 0.0015650079197638677
<445,registrar0-0,roster1-3,write> 1.410628715020807E-4
<446,fac2-3,roster2-6,read> 0.0018497842016179228
<447,registrar0-0,roster1-8,read> 2.013445962290305E-4
<448,stu5-14,stu5-14application5-14,checkStatus> 3.7408916413626076E-4
<449,admissions4-1,stu0-8application0-8,read> 1.386731353240886E-4
<450,chair2,transcript2-7,read> 0.0010570043813920658
<451,stu3-18,transcript3-18,read> 0.0016428796231109843
<452,admissions2-1,stu3-6application3-6,setStatus> 1.9416958308975473E-4
<453,fac4-4,roster4-8,read> 0.0013334476308584388
<454,stu2-17,stu2-17application2-17,checkStatus> 0.0012354818563135102
<455,admissions0-0,application4-0,read> 1.504891655261886E-4
<456,stu2-13,gradebook2-3,readMyScores> 1.1286451871440054E-4
<457,registrar0-1,roster3-1,read> 1.1810528721904481E-4
<458,stu1-13,stu1-13application1-13,checkStatus> 0.0013915731495268376
<459,chair2,transcript2-1,read> 0.0010680315951079578
<460,registrar0-0,roster1-9,write> 1.4696938983301634E-4
<461,admissions4-0,stu3-13application3-13,read> 1.1288488110875598E-4
<462,registrar0-0,roster1-8,write> 1.4643243362111308E-4
<463,chair1,transcript1-3,read> 0.001718637204345587
<464,registrar0-0,roster1-7,write> 1.4589547740920987E-4
<465,registrar0-0,roster1-6,write> 1.4213678392588716E-4
<466,admissions0-1,stu5-11application5-11,read> 1.1828323323423437E-4
<467,registrar2-0,transcript1-2,read> 3.121836250058801E-4
<468,registrar2-0,roster3-5,read> 1.2763133839841973E-4
<469,admissions2-1,stu5-3application5-3,setStatus> 1.506417414897385E-4
<470,registrar0-1,transcript4-14,read> 3.507853107074463E-4
<471,registrar0-1,transcript0-1,read> 1.6560731646527506E-4
<472,fac2-1,roster2-2,read> 0.0013536961238293991
<473,registrar0-0,transcript1-4,read> 2.991211530609164E-4
<474,chair2,transcript2-14,read> 0.001856477375794237
<475,stu4-1,gradebook4-5,readScore> 1.7717985670861038E-4
<476,stu4-19,stu4-19application4-19,checkStatus> 7.325210226261231E-4
<477,fac3-1,gradebook3-3,changeScore> 4.910640719343519E-4
<478,registrar0-1,transcript1-5,read> 2.987039998268357E-4
<479,registrar4-0,roster0-5,read> 2.2454893777818167E-4
<480,stu4-3,stu4-3application4-3,checkStatus> 0.002258747000711988
<481,fac4-0,gradebook4-1,changeScore> 0.0012301096680806824
<482,stu2-17,transcript2-17,read> 0.00163811362396259
<483,stu0-10,transcript0-10,read> 0.0015475596401431039
<484,stu3-18,stu3-18application3-18,checkStatus> 0.0018251600751194132
<485,admissions0-1,stu0-10application0-10,read> 2.167097121331624E-4
<486,admissions4-1,stu5-13application5-13,setStatus> 2.0327382403961518E-4
<487,admissions4-0,stu0-8application0-8,setStatus> 1.5633984908556696E-4
<488,admissions2-0,stu3-19application3-19,setStatus> 1.620561952032135E-4
<489,stu2-8,transcript2-8,read> 9.089157542583071E-4
<490,admissions0-0,stu1-13application1-13,setStatus> 1.5262276681544175E-4
<491,registrar2-0,transcript0-19,read> 3.1921686209867716E-4
<492,chair0,transcript0-18,read> 0.0017572324523512089
<493,stu5-10,transcript5-10,read> 1.5112188966365995E-4
<494,admissions0-0,stu0-3application0-3,setStatus> 9.936199168995608E-5
<495,registrar4-1,roster1-8,read> 2.4226451416934153E-4
<496,registrar0-0,transcript0-4,read> 1.0339442205277461E-4
<497,stu2-9,stu2-9application2-9,checkStatus> 0.002062187594443354
<498,registrar4-0,transcript3-4,read> 8.920636364338934E-5
<499,fac1-0,gradebook1-1,changeScore> 8.437903791860097E-4
<500,registrar0-0,roster1-7,read> 2.0060628143766355E-4
<501,fac5-3,roster5-6,read> 0.0015359325605680404
<502,stu1-2,stu1-2application1-2,checkStatus> 0.0018078165980957097
<503,registrar2-0,roster3-2,write> 8.836841116258768E-5
<504,stu4-16,stu4-16application4-16,checkStatus> 0.0017384426900008978
<505,fac4-4,gradebook4-9,assignGrade> 3.9333448992230657E-4
<506,registrar2-1,transcript5-4,read> 2.9843584321056035E-4
<507,registrar2-0,transcript0-10,read> 3.262500991914742E-4
<508,fac3-3,roster3-7,read> 0.0017080447508212016
<509,admissions2-1,stu4-13application4-13,setStatus> 1.8536037705165626E-4
<510,admissions4-1,stu3-2application3-2,setStatus> 5.423506086819033E-5
<511,admissions2-1,stu2-18application2-18,setStatus> 1.5634181598497875E-4
<512,stu1-11,gradebook1-5,readMyScores> 8.38417936352438E-5
<513,admissions4-1,stu0-18application0-18,read> 1.8749692869002687E-4
<514,app3-4,application3-4,checkStatus> 0.0014320412625821444
<515,fac5-3,gradebook5-6,changeScore> 5.302558838512026E-4
<516,admissions4-0,stu1-14application1-14,read> 1.6132347689389788E-4
<517,admissions0-0,stu2-7application2-7,setStatus> 1.171155833984513E-4
<518,admissions2-1,stu1-4application1-4,read> 1.7725331655365315E-4
<519,registrar2-1,transcript4-7,read> 2.0255959655421574E-4
<520,admissions0-0,stu5-8application5-8,read> 2.1353977836521595E-4
<521,registrar4-1,transcript3-13,read> 4.100447527635008E-4
<522,admissions4-1,stu1-12application1-12,read> 1.133039093594344E-4
<523,fac2-4,roster2-9,read> 0.001890281187559843
<524,admissions0-0,stu4-18application4-18,read> 1.099665924515483E-5
<525,fac3-3,gradebook3-7,changeScore> 4.686687508390084E-4
<526,registrar0-0,roster2-7,read> 1.3563457979737134E-4
<527,admissions0-1,stu1-13application1-13,setStatus> 1.5210627691082098E-4
<528,registrar4-0,transcript0-18,read> 3.658656705138258E-4
<529,admissions2-1,stu2-17application2-17,setStatus> 1.1074122002305703E-4
<530,registrar2-1,transcript2-16,read> 3.438509074161973E-4
<531,stu2-12,stu2-12application2-12,checkStatus> 6.111166834602019E-4
<532,stu0-0,stu0-0application0-0,checkStatus> 0.0013973543085347385
<533,fac3-4,roster3-8,read> 0.0017181689973066816
<534,admissions4-0,stu2-7application2-7,read> 8.771580682824107E-5
<535,stu0-1,transcript0-1,read> 8.183617704388209E-4
<536,registrar0-1,transcript0-9,read> 1.1256153686465315E-4
<537,stu0-4,stu0-4application0-4,checkStatus> 0.0014667282166295505
<538,registrar2-1,transcript2-17,read> 3.468785783632397E-4
<539,admissions0-1,stu4-7application4-7,setStatus> 4.720902795587709E-5
<540,chair1,transcript1-5,read> 0.001707609990629695
<541,registrar0-1,transcript1-9,read> 2.9484612494679047E-4
<542,fac1-4,roster1-9,read> 0.00277109063179661
<543,chair2,transcript2-5,read> 0.0010459771676761737
<544,chair4,transcript4-6,read> 0.001150735697977148
<545,stu5-6,stu5-6application5-6,checkStatus> 3.451833690967557E-4
<546,admissions4-0,stu2-19application2-19,setStatus> 1.250403999374138E-4
<547,admissions2-1,stu5-18application5-18,setStatus> 1.179958602897264E-4
<548,admissions0-1,stu4-18application4-18,read> 1.0959445508284595E-5
<549,registrar0-0,roster2-1,read> 1.0684030293406004E-4
<550,chair1,transcript1-13,read> 2.079089252683807E-4
<551,admissions2-0,stu3-17application3-17,setStatus> 1.5188446429988722E-4
<552,admissions0-1,stu2-7application2-7,setStatus> 1.1671925316698445E-4
<553,admissions4-0,stu0-17application0-17,setStatus> 2.0113044010792417E-4
<554,fac5-1,gradebook5-2,addScore> 9.674610848155237E-5
<555,admissions4-0,application5-2,setStatus> 2.0436831415773316E-4
<556,chair4,transcript4-5,read> 0.001145222091119202
<557,stu3-4,gradebook3-5,readMyScores> 4.5742492485022195E-5
<558,stu3-0,stu3-0application3-0,checkStatus> 8.654876798078462E-4
<559,stu5-13,stu5-13application5-13,checkStatus> 0.0021604672975776714
<560,stu4-17,stu4-17application4-17,checkStatus> 0.0010042354959974701
<561,fac5-1,gradebook5-3,addScore> 2.4409466345437034E-4
<562,stu1-1,gradebook1-7,readMyScores> 6.668465313408313E-5
<563,admissions0-1,stu5-3application5-3,setStatus> 1.8370183382496064E-4
<564,admissions4-1,stu3-15application3-15,setStatus> 1.5323161158789584E-4
<565,registrar2-0,roster4-2,write> 1.0061795726231106E-4
<566,registrar0-0,transcript3-14,read> 3.3981681000320335E-4
<567,admissions2-0,stu1-5application1-5,read> 1.0115161803390226E-4
<568,registrar4-1,transcript3-15,read> 4.0771302096245267E-4
<569,fac5-2,gradebook5-4,assignGrade> 1.853779368941182E-4
<570,admissions2-0,application4-3,setStatus> 1.5349052707409663E-4
<571,admissions2-1,stu1-13application1-13,read> 1.0976443453000906E-4
<572,admissions4-1,stu5-0application5-0,read> 1.1665456184533211E-4
<573,admissions4-1,stu0-2application0-2,read> 7.997688374077309E-6
<574,admissions0-0,stu2-1application2-1,read> 1.2538051439560252E-4
<575,admissions0-1,application5-1,read> 2.0948064871120724E-4
<576,registrar4-0,transcript3-18,read> 3.957127326658231E-4
<577,stu2-1,gradebook2-2,readMyScores> 2.5105219586423795E-4
<578,admissions0-0,stu1-1application1-1,setStatus> 2.489994075187014E-4
<579,stu5-0,gradebook5-6,addScore> 1.9998606665191172E-4
<580,stu3-1,gradebook3-9,addScore> 1.5778165125853358E-4
<581,fac2-2,gradebook2-5,changeScore> 0.002159515493537432
<582,admissions0-0,stu4-7application4-7,setStatus> 4.7369330257934397E-5
<583,fac2-3,roster2-7,read> 0.0018599084481034029
<584,registrar4-0,roster3-6,write> 1.0668982007728156E-4
<585,admissions4-1,stu4-12application4-12,read> 1.5590506239441976E-4
<586,admissions2-0,stu0-7application0-7,read> 1.0162272978100368E-4
<587,stu2-8,stu2-8application2-8,checkStatus> 0.002276090477735691
<588,registrar2-1,transcript3-14,read> 3.5394314390633884E-4
<589,admissions0-1,stu2-7application2-7,read> 1.0271294278694632E-4
<590,registrar4-0,transcript2-18,read> 3.968606965947461E-4
<591,admissions4-1,stu4-5application4-5,read> 7.405340881034674E-5
<592,stu4-4,gradebook4-8,readMyScores> 1.4176243362605518E-4
<593,fac2-1,gradebook2-3,changeScore> 0.0021707131540851035
<594,registrar0-1,transcript2-5,read> 1.8296775342547866E-4
<595,admissions2-1,stu3-11application3-11,setStatus> 1.278414435087777E-4
<596,admissions0-1,stu1-5application1-5,setStatus> 1.3567658731546828E-4
<597,stu3-11,stu3-11application3-11,checkStatus> 0.0014262601035742435
<598,admissions0-0,stu1-4application1-4,setStatus> 2.464631801317736E-4
<599,registrar4-1,roster2-9,write> 1.206291868038413E-4
<600,admissions0-1,application5-4,setStatus> 2.424695696852605E-4
<601,admissions2-1,application5-3,setStatus> 1.9727871463261302E-4
<602,fac2-3,gradebook2-6,readScore> 1.4701798884202404E-4
<603,admissions2-1,stu3-10application3-10,read> 4.6379606142937876E-5
<604,registrar4-1,transcript3-19,read> 3.9955195965878386E-4
<605,stu1-18,stu1-18application1-18,checkStatus> 0.0012932934463925202
<606,fac4-1,gradebook4-2,changeScore> 0.0012357084983545183
<607,registrar0-0,transcript3-17,read> 3.3594103315155705E-4
<608,fac1-0,gradebook1-1,addScore> 5.888846368372853E-4
<609,stu2-10,stu2-10application2-10,checkStatus> 0.0014031354675426396
<610,admissions0-0,stu3-14application3-14,read> 1.2984427459659565E-4
<611,stu4-2,gradebook4-3,readMyScores> 1.6586495838015895E-4
<612,admissions2-0,stu2-17application2-17,setStatus> 1.1440966623500095E-4
<613,admissions0-0,stu3-4application3-4,setStatus> 6.258669457950173E-5
<614,admissions4-1,stu4-0application4-0,setStatus> 6.456986561365409E-5
<615,chair2,transcript2-19,read> 0.0019171270512316429
<616,admissions4-1,stu2-19application2-19,setStatus> 1.2603475699457013E-4
<617,registrar2-1,transcript0-17,read> 3.226572107869E-4
<618,stu4-12,stu4-12application4-12,checkStatus> 0.0018829716651984228
<619,admissions4-1,stu3-13application3-13,read> 1.1378257400027693E-4
<620,admissions0-0,stu0-16application0-16,read> 1.3319209474734045E-4
<621,admissions2-0,stu1-15application1-15,setStatus> 1.4920769300953818E-4
<622,registrar4-0,transcript1-7,read> 3.532380672956731E-4
<623,fac5-0,gradebook5-1,addScore> 1.6576392327038653E-4
<624,chair2,transcript2-2,read> 0.0010625179882500118
<625,admissions0-1,stu3-13application3-13,read> 1.3218527827645586E-4
<626,stu2-2,transcript2-2,read> 9.184477525550951E-4
<627,admissions2-1,stu2-10application2-10,setStatus> 1.2576868914687217E-4
<628,stu5-3,stu5-3application5-3,checkStatus> 0.0016806310999218875
<629,fac3-2,roster3-5,read> 0.0016877962578502415
<630,stu5-9,transcript5-9,read> 0.0014236436622848598
<631,registrar2-1,transcript2-5,read> 1.9145813641506006E-4
<632,admissions4-0,stu0-15application0-15,setStatus> 1.2719898263728642E-4
<633,registrar2-1,transcript2-4,read> 1.9650425466013086E-4
<634,admissions2-0,stu0-13application0-13,read> 1.5532946895056637E-4
<635,chair4,transcript4-2,read> 0.0011672765185509859
<636,stu3-15,stu3-15application3-15,checkStatus> 0.0016286006688507784
<637,registrar2-1,transcript2-7,read> 1.9347658371308835E-4
<638,app0-4,application0-4,checkStatus> 7.09396386594519E-4
<639,registrar4-0,roster5-9,read> 1.423248826527835E-4
<640,admissions0-1,stu2-19application2-19,read> 1.2884878746632268E-4
<641,registrar0-0,transcript4-1,read> 2.0416462019558028E-4
<642,stu2-5,gradebook2-2,addScore> 4.4155829179969887E-4
<643,registrar2-1,transcript2-6,read> 1.9044891276604592E-4
<644,chair0,transcript0-13,read> 0.001812368520930669
<645,registrar2-1,transcript2-9,read> 2.0054114925618745E-4
<646,stu0-18,transcript0-18,read> 0.0015189636452527403
<647,registrar2-0,transcript2-8,read> 1.9161384627221578E-4
<648,registrar2-1,transcript2-8,read> 1.9246736006407424E-4
<649,admissions4-0,stu0-2application0-2,read> 7.934590240948494E-6
<650,registrar4-0,transcript2-5,read> 2.177783236827623E-4
<651,app1-1,application1-1,checkStatus> 2.411225069545377E-4
<652,registrar4-1,transcript5-0,read> 3.400927987320542E-4
<653,fac0-1,roster0-2,read> 0.002578729948572489
<654,registrar4-1,roster3-8,read> 1.5076292837459557E-4
<655,admissions0-0,stu0-16application0-16,setStatus> 1.513546531219778E-4
<656,registrar2-1,roster1-1,read> 2.0663855199923043E-4
<657,registrar4-0,roster0-5,write> 1.6330831838413213E-4
<658,registrar0-0,transcript3-11,read> 3.427236426419381E-4
<659,admissions4-0,stu5-18application5-18,setStatus> 1.2288181723754115E-4
<660,admissions2-0,stu4-3application4-3,setStatus> 2.0916736991335628E-4
<661,registrar0-1,transcript2-10,read> 3.1992231166708444E-4
<662,admissions4-1,stu1-16application1-16,read> 1.0612393974679641E-4
<663,stu1-4,transcript1-4,read> 0.0014713036537688
<664,fac3-1,gradebook3-2,changeScore> 4.854652416605159E-4
<665,admissions2-0,stu2-10application2-10,setStatus> 1.2993493971902526E-4
<666,admissions4-0,stu5-2application5-2,setStatus> 1.536416207107262E-4
<667,admissions0-0,stu5-10application5-10,read> 2.0014849776223666E-4
<668,fac5-3,gradebook5-7,addScore> 1.643026668532745E-4
<669,chair3,transcript3-11,read> 0.0019502086923793194
<670,registrar4-1,transcript4-15,read> 4.21703411768742E-4
<671,chair0,transcript0-12,read> 0.001823395734646561
<672,admissions2-0,stu3-14application3-14,setStatus> 1.2458139713832726E-4
<673,fac5-3,gradebook5-6,addScore> 1.7008160808713987E-4
<674,registrar2-1,transcript2-0,read> 2.3586397697168284E-4
<675,admissions0-1,application2-3,read> 6.323113486703734E-5
<676,admissions0-0,stu2-17application2-17,setStatus> 1.3550323195367844E-4
<677,registrar0-1,transcript4-8,read> 1.9454137806561436E-4
<678,admissions2-1,stu3-19application3-19,setStatus> 1.5686000457545513E-4
<679,registrar4-0,roster2-2,read> 1.1695788692260751E-4
<680,stu3-11,transcript3-11,read> 0.0016857736154465303
<681,registrar0-1,transcript1-8,read> 2.938816562267792E-4
<682,registrar2-1,transcript2-2,read> 1.9448580736210254E-4
<683,registrar2-1,transcript2-3,read> 1.9751347830914497E-4
<684,stu0-18,stu0-18application0-18,checkStatus> 0.0022645281597198884
<685,registrar2-0,transcript2-6,read> 1.8960434995998808E-4
<686,registrar2-0,transcript2-5,read> 1.9060909811610192E-4
<687,registrar4-1,roster5-2,write> 1.14814434661545E-4
<688,registrar4-1,transcript4-14,read> 4.240351435697901E-4
<689,registrar0-0,transcript4-15,read> 3.504751963452309E-4
<690,registrar2-0,transcript4-3,read> 2.0668506861392383E-4
<691,fac4-2,gradebook4-4,changeScore> 0.0012637026497236976
<692,registrar0-1,roster2-7,write> 9.8187703367906E-5
<693,admissions4-1,stu1-10application1-10,read> 1.0373061654258374E-4
<694,stu2-10,gradebook2-9,readMyScores> 1.970026974153574E-4
<695,registrar0-1,roster3-2,write> 8.482580225183806E-5
<696,admissions0-0,stu2-19application2-19,read> 1.292863045714715E-4
<697,admissions2-1,stu5-17application5-17,setStatus> 1.304323864611596E-4
<698,registrar0-0,roster0-8,write> 1.4804330225682283E-4
<699,registrar4-0,transcript2-16,read> 3.9112087695013123E-4
<700,stu2-0,gradebook2-1,readMyScores> 1.4226480998803237E-4
<701,fac1-1,roster1-3,read> 0.0026597239204563293
<702,fac0-3,roster0-6,read> 0.002629351180999889
<703,fac4-3,roster4-7,read> 0.0014448143421987197
<704,fac4-2,gradebook4-5,changeScore> 0.0012693014799975335
<705,registrar2-1,transcript3-15,read> 3.5293392025732465E-4
<706,registrar4-0,roster4-1,read> 1.5719519049461084E-4
<707,admissions2-1,stu3-7application3-7,setStatus> 1.490871757183094E-4
<708,registrar4-0,transcript5-19,read> 2.147649183693395E-5
<709,admissions2-1,application4-2,read> 1.2800467291477775E-4
<710,registrar2-0,transcript2-4,read> 1.9563283889667129E-4
<711,registrar2-0,transcript2-3,read> 1.9663758705278512E-4
<712,registrar2-0,transcript2-9,read> 1.996518315211267E-4
<713,chair3,transcript3-14,read> 0.0019336678718054811
<714,admissions0-0,stu5-17application5-17,read> 1.404457050739542E-4
<715,registrar4-0,roster3-5,write> 1.0605365717495739E-4
<716,stu1-12,stu1-12application1-12,checkStatus> 0.0013684485134952335
<717,registrar2-0,transcript2-7,read> 1.9261859442832964E-4
<718,admissions0-0,stu0-10application0-10,setStatus> 2.4709723697850555E-4
<719,app4-4,application4-4,checkStatus> 0.0016517253048823825
<720,stu0-13,gradebook0-1,addScore> 1.2942131163977804E-4
<721,registrar0-1,roster2-4,read> 9.973267318445139E-5
<722,registrar0-0,transcript0-14,read> 3.1753109310623666E-4
<723,fac4-2,roster4-4,read> 0.0014144416027422797
<724,registrar0-0,transcript1-2,read> 3.010590414867396E-4
<725,app1-0,application1-0,checkStatus> 2.295601889387357E-4
<726,chair3,transcript3-19,read> 0.001889559016941913
<727,stu0-13,stu0-13application0-13,checkStatus> 0.001906096301230027
<728,registrar2-0,transcript3-11,read> 3.553877957187765E-4
<729,registrar0-1,transcript4-13,read> 3.469274358274011E-4
<730,admissions2-0,application4-0,setStatus> 1.4438950468690994E-4
<731,admissions0-1,stu5-10application5-10,read> 1.994711762808078E-4
<732,fac5-2,gradebook5-4,addScore> 2.3649931705520464E-4
<733,admissions0-0,stu0-4application0-4,setStatus> 1.6086550582295736E-4
<734,admissions2-0,stu2-9application2-9,setStatus> 1.9096532513898285E-4
<735,fac5-2,gradebook5-5,addScore> 1.6848129550420943E-4
<736,stu3-12,transcript3-12,read> 0.0016810076162981364
<737,admissions4-1,stu0-11application0-11,read> 1.6069170880284505E-4
<738,registrar0-1,transcript0-17,read> 3.083486870269488E-4
<739,admissions2-1,stu3-14application3-14,setStatus> 1.2058680324210833E-4
<740,admissions2-0,stu4-0application4-0,read> 5.592489031216525E-5
<741,fac3-1,roster3-2,read> 0.0016068022859664008
<742,fac3-1,roster3-3,read> 0.0016675477648792813
<743,stu1-6,gradebook1-5,readScore> 6.742535377433058E-5
<744,stu1-16,stu1-16application1-16,checkStatus> 0.0012817311283767183
<745,stu4-5,stu4-5application4-5,checkStatus> 8.943934748473511E-4
<746,admissions0-0,stu2-0application2-0,read> 1.1143126376749915E-4
<747,admissions4-1,stu5-3application5-3,read> 1.391517999649311E-4
<748,registrar2-0,transcript2-1,read> 1.9462809074055737E-4
<749,registrar2-0,transcript2-2,read> 1.936233425844435E-4
<750,registrar2-0,transcript2-0,read> 2.3481801698511213E-4
<751,admissions2-1,application5-2,setStatus> 1.9624233745166027E-4
<752,stu3-19,gradebook3-7,readScore> 3.676608931000164E-5
<753,admissions4-0,stu5-4application5-4,setStatus> 6.729831271582079E-5
<754,stu1-3,transcript1-3,read> 0.001485601651213982
<755,admissions0-1,stu0-3application0-3,setStatus> 9.902574129506622E-5
<756,stu5-2,stu5-2application5-2,checkStatus> 0.0016459441458744814
<757,admissions0-0,stu1-18application1-18,read> 1.2482254437047837E-4
<758,admissions4-1,stu0-11application0-11,setStatus> 1.8260421454868757E-4
<759,stu3-4,transcript3-4,read> 3.7035785048978426E-4
<760,app1-3,application1-3,checkStatus> 2.584659839782407E-4
<761,stu3-6,gradebook3-7,addScore> 1.461567362574448E-4
<762,admissions4-1,stu1-5application1-5,read> 1.0277328726089868E-4
<763,registrar0-0,transcript4-13,read> 3.4853730791940764E-4
<764,stu4-0,gradebook4-7,addScore> 3.01178930145556E-4
<765,admissions4-0,stu3-16application3-16,read> 3.3103664521463414E-5
<766,stu2-18,stu2-18application2-18,checkStatus> 0.0017442238490087984
<767,admissions0-0,application3-0,setStatus> 1.5579305104910157E-4
<768,admissions0-0,application3-2,setStatus> 1.5832927843602946E-4
<769,admissions0-0,application3-1,setStatus> 1.5515899420236962E-4
<770,registrar0-0,transcript5-2,read> 2.845869898672425E-4
<771,registrar2-0,roster4-2,read> 1.383496912356777E-4
<772,admissions4-1,stu3-9application3-9,setStatus> 8.904703474764721E-5
<773,stu0-0,transcript0-0,read> 8.51723764477579E-4
<774,registrar0-1,roster0-8,read> 2.026193117781746E-4
<775,admissions4-0,stu0-4application0-4,setStatus> 1.3691260478671327E-4
<776,admissions0-0,stu5-16application5-16,read> 1.4546743530007144E-4
<777,fac1-3,gradebook1-7,assignGrade> 2.933553778895237E-4
<778,stu2-0,gradebook2-2,readMyScores> 2.489816622901E-4
<779,stu2-18,gradebook2-2,readMyScores> 1.6512505253750914E-4
<780,fac4-4,roster4-9,read> 0.0013030748914019986
<781,admissions0-0,application3-4,setStatus> 1.5706116474256552E-4
<782,admissions2-0,application5-1,read> 1.7747172106433347E-4
<783,admissions0-0,application3-3,setStatus> 1.5769522158929752E-4
<784,admissions0-1,stu0-19application0-19,read> 1.0994200620890149E-4
<785,admissions0-0,stu2-2application2-2,setStatus> 3.4054136476562984E-5
<786,admissions0-0,stu5-13application5-13,read> 2.085180481390987E-4
<787,registrar4-0,transcript4-7,read> 2.30405926900915E-4
<788,stu3-5,gradebook3-8,addScore> 2.1684400507709895E-4
<789,stu0-11,stu0-11application0-11,checkStatus> 0.0019407832552774326
<790,admissions2-1,stu2-7application2-7,setStatus> 9.571375089924194E-5
<791,admissions0-1,stu1-6application1-6,setStatus> 3.204316063709003E-5
<792,admissions4-0,stu2-12application2-12,setStatus> 5.704504489142578E-5
<793,registrar2-0,transcript4-5,read> 2.086945649261515E-4
<794,app1-2,application1-2,checkStatus> 2.5268482497033974E-4
<795,fac0-2,gradebook0-5,addScore> 4.54799274021477E-5
<796,fac5-4,gradebook5-8,addScore> 1.1517593531501041E-4
<797,registrar2-1,roster3-9,write> 9.547336698186858E-5
<798,registrar2-0,transcript1-9,read> 3.0715988422531075E-4
<799,fac5-4,gradebook5-9,addScore> 1.7007821289152631E-4
<800,admissions0-1,stu5-13application5-13,setStatus> 2.361504583024326E-4
<801,chair3,transcript3-10,read> 0.001961235906095211
<802,admissions0-0,stu2-14application2-14,read> 6.065599148120286E-5
<803,admissions2-1,stu4-3application4-3,setStatus> 2.0246060053737686E-4
<804,admissions0-1,application3-3,setStatus> 1.5716156601708334E-4
<805,chair4,transcript4-11,read> 0.001884045410083967
<806,registrar4-1,transcript5-3,read> 3.412586646325783E-4
<807,stu5-1,gradebook5-2,addScore> 1.1449371674886174E-4
<808,stu0-13,transcript0-13,read> 0.0015666236367366802
<809,admissions0-1,application3-2,setStatus> 1.577934771553661E-4
<810,admissions0-1,application3-1,setStatus> 1.5463392146395215E-4
<811,admissions0-1,stu2-9application2-9,setStatus> 2.2540796895162508E-4
<812,chair3,transcript3-16,read> 0.001922640658089589
<813,fac5-3,gradebook5-7,changeScore> 5.246570535773668E-4
<814,registrar0-1,transcript2-19,read> 3.353538111872654E-4
<815,admissions4-1,stu2-17application2-17,read> 1.0229462262005615E-4
<816,admissions4-1,stu3-16application3-16,read> 3.336691433873152E-5
<817,admissions0-1,application3-0,setStatus> 1.552658326022349E-4
<818,admissions4-1,stu3-3application3-3,read> 1.779236358731762E-4
<819,registrar4-0,roster2-5,read> 1.1783261091330323E-4
<820,admissions0-1,application3-4,setStatus> 1.565296548788005E-4
<821,stu1-2,transcript1-2,read> 0.0014808356520655882
<822,registrar4-0,transcript0-12,read> 3.7964123766090154E-4
<823,admissions2-0,stu3-3application3-3,setStatus> 1.989956390100299E-4
<824,admissions0-1,stu2-6application2-6,setStatus> 1.7675081130384993E-4
<825,admissions2-0,stu2-15application2-15,read> 3.331152645129675E-5
<826,stu0-17,transcript0-17,read> 0.0015237296444011337
<827,admissions2-1,application5-1,read> 1.7178124503822257E-4
<828,admissions4-1,stu4-2application4-2,setStatus> 1.0210152495244354E-4
<829,admissions2-1,stu2-15application2-15,read> 3.224342139474215E-5
<830,stu2-2,gradebook2-1,addScore> 4.919320474077408E-4
<831,stu2-3,stu2-3application2-3,checkStatus> 7.38302181634024E-4
<832,admissions2-1,stu5-15application5-15,read> 3.680348099093431E-5
<833,fac4-4,gradebook4-9,addScore> 4.787635160527231E-4
<834,chair4,transcript4-14,read> 0.002005344760958779
<835,registrar2-0,roster4-1,read> 1.3758409460444497E-4
<836,stu2-4,gradebook2-2,addScore> 4.3800450273088836E-4
<837,admissions4-0,stu3-0application3-0,read> 7.10947200392218E-5
<838,admissions2-1,stu0-6application0-6,read> 5.048365977951082E-5
<839,registrar0-0,transcript0-2,read> 1.6928262853076293E-4
<840,stu1-19,stu1-19application1-19,checkStatus> 5.128369803258848E-4
<841,registrar2-0,roster1-1,read> 2.0572219478415618E-4
<842,admissions0-1,stu1-16application1-16,read> 1.232879694494341E-4
<843,registrar4-0,transcript2-0,read> 2.682887365553731E-4
<844,admissions2-1,stu0-16application0-16,setStatus> 1.236959347849666E-4
<845,stu0-15,transcript0-15,read> 0.0015570916384398921
<846,registrar2-0,transcript3-17,read> 3.4835455862597945E-4
<847,admissions2-1,application4-0,setStatus> 1.397597810897345E-4
<848,admissions2-0,stu1-6application1-6,read> 2.3889291509268206E-5
<849,fac2-3,gradebook2-7,assignGrade> 7.632572044436033E-4
<850,admissions0-0,stu3-12application3-12,read> 7.85110322851752E-5
<851,admissions4-1,stu2-7application2-7,read> 8.841334803562271E-5
<852,admissions4-0,stu4-11application4-11,read> 1.6844679980347764E-4
<853,admissions4-0,stu1-0application1-0,setStatus> 1.9897185740805153E-4
<854,admissions2-1,stu4-1application4-1,setStatus> 1.8795132000403816E-4
<855,admissions4-1,stu3-3application3-3,setStatus> 2.021859498558821E-4
<856,stu4-9,stu4-9application4-9,checkStatus> 0.0013857919905189363
<857,stu1-15,gradebook1-4,addScore> 2.3092795336917415E-4
<858,stu3-17,stu3-17application3-17,checkStatus> 0.0016401629868665808
<859,stu1-15,gradebook1-3,readMyScores> 3.229184349051095E-5
<860,registrar2-1,transcript0-13,read> 3.317402236280274E-4
<861,admissions0-0,stu1-16application1-16,read> 1.2370660432023013E-4
<862,registrar0-1,transcript0-10,read> 3.1317103062700527E-4
<863,admissions2-0,stu2-17application2-17,read> 1.0068050628680083E-4
<864,stu0-17,stu0-17application0-17,checkStatus> 0.00215468613856977
<865,admissions0-1,stu5-12application5-12,read> 9.603996116668001E-5
<866,registrar4-0,roster5-7,write> 1.0160051685868827E-4
<867,admissions0-1,stu5-17application5-17,read> 1.3997042350009987E-4
<868,admissions2-0,stu0-6application0-6,read> 5.2155996335353845E-5
<869,admissions2-0,stu1-9application1-9,setStatus> 1.625915494612833E-4
<870,registrar4-0,transcript0-5,read> 1.2823713722677043E-4
<871,admissions4-0,stu2-17application2-17,read> 1.0148756445342848E-4
<872,fac4-1,gradebook4-3,changeScore> 0.0012469061589021901
<873,admissions4-1,stu3-0application3-0,read> 7.166008560613411E-5
<874,registrar4-1,roster5-9,write> 1.0512318109105119E-4
<875,registrar4-1,roster5-8,write> 1.018927632342199E-4
<876,registrar4-1,roster5-7,write> 1.0318493037695241E-4
<877,admissions2-0,stu5-12application5-12,read> 8.136492465564231E-5
<878,admissions4-0,stu2-0application2-0,read> 9.483912973782077E-5
<879,registrar4-1,roster5-1,write> 1.1416835109017876E-4
<880,admissions0-1,stu0-16application0-16,setStatus> 1.5084245463425536E-4
<881,chair2,transcript2-11,read> 0.0018344229483624529
<882,stu4-17,transcript4-17,read> 0.0017381996060788643
<883,stu4-3,gradebook4-6,addScore> 3.86940423328758E-4
<884,registrar4-1,roster2-4,read> 1.2055852141322314E-4
<885,admissions4-0,application2-4,read> 5.494852144417448E-5
<886,admissions4-0,stu3-7application3-7,setStatus> 1.5526055773563068E-4
<887,stu1-3,stu1-3application1-3,checkStatus> 0.0015996948738112736
<888,admissions0-0,application5-4,setStatus> 2.4329289589811366E-4
<889,registrar4-1,roster5-6,write> 9.801626180602238E-5
<890,stu5-11,gradebook5-3,readMyScores> 4.803784737170913E-5
<891,admissions2-0,stu0-18application0-18,read> 1.8453839727085487E-4
<892,registrar4-1,roster5-5,write> 9.930842894875488E-5
<893,chair4,transcript4-0,read> 0.0011562493048350938
<894,registrar4-1,roster5-4,write> 9.543192752055736E-5
<895,admissions0-0,stu5-13application5-13,setStatus> 2.36952327430794E-4
<896,registrar4-0,transcript0-19,read> 3.6471770658490286E-4
<897,admissions0-1,stu3-12application3-12,read> 7.824534351263654E-5
<898,admissions0-0,stu4-3application4-3,read> 2.18003538566209E-4
<899,registrar2-0,roster0-9,read> 2.126125644652506E-4
<900,admissions2-0,application5-2,read> 1.7841394455853635E-4
<901,admissions0-1,application5-1,setStatus> 2.3804619171728097E-4
<902,chair3,transcript3-7,read> 4.33966806444167E-4
<903,chair1,transcript1-8,read> 0.0016800419563399646
<904,admissions4-1,stu5-13application5-13,read> 1.7888096515486133E-4
<905,registrar2-1,transcript0-11,read> 3.266941053829567E-4
<906,registrar4-1,roster5-3,write> 9.607801109192361E-5
<907,stu0-16,transcript0-16,read> 0.0015284956435495278
<908,fac5-1,gradebook5-2,changeScore> 5.470523746727101E-4
<909,fac1-2,roster1-4,read> 0.002649599673970849
<910,registrar0-1,transcript4-16,read> 3.52714248147469E-4
<911,stu2-6,gradebook2-9,addScore> 9.455412865284231E-4
<912,admissions2-1,stu2-17application2-17,read> 9.745227362029018E-5
<913,registrar2-0,transcript0-2,read> 1.755378757743939E-4
<914,admissions4-1,stu2-10application2-10,read> 1.161758972044896E-4
<915,registrar4-0,roster5-2,write> 1.130514491005232E-4
<916,admissions2-1,stu1-8application1-8,setStatus> 1.3250514082306512E-4
<917,admissions0-1,stu2-1application2-1,setStatus> 1.4199569869829623E-4
<918,chair3,transcript3-18,read> 0.0019005862306578053
<919,registrar4-0,roster5-3,write> 9.460272493312248E-5
<920,registrar4-0,roster5-4,write> 9.396656203079831E-5
<921,admissions0-0,stu5-2application5-2,setStatus> 1.805212680716485E-4
<922,registrar4-0,roster5-5,write> 9.778353944474329E-5
<923,stu0-6,stu0-6application0-6,checkStatus> 6.400224784997069E-4
<924,registrar4-0,roster5-1,write> 1.1241528619819904E-4
<925,registrar4-0,roster5-6,write> 9.651121364009497E-5
<926,registrar4-0,roster5-8,write> 1.0032819105403994E-4
<927,registrar0-1,transcript3-10,read> 3.430695609473559E-4
<928,admissions0-1,stu3-4application3-4,setStatus> 6.237489527466416E-5
<929,admissions0-1,stu2-9application2-9,read> 1.9835901267743004E-4
<930,admissions4-0,stu1-12application1-12,setStatus> 1.277386283122546E-4
<931,admissions2-0,stu0-14application0-14,setStatus> 1.2565210565446686E-4
<932,stu4-2,transcript4-2,read> 0.0010090017363745811
<933,registrar4-0,roster5-9,write> 1.0350900556566074E-4
<934,admissions0-1,stu2-13application2-13,read> 1.1272241521734579E-4
<935,admissions2-1,stu1-6application1-6,read> 2.3123302202357802E-5
<936,fac2-3,gradebook2-6,addScore> 3.990488268569224E-4
<937,chair5,transcript5-15,read> 1.362320361150826E-4
<938,stu4-19,transcript4-19,read> 0.0017477316043756524
<939,chair5,transcript5-14,read> 1.417456429730286E-4
<940,admissions4-1,application3-2,read> 1.1952654969038732E-4
<941,registrar2-1,transcript3-4,read> 7.842508772547486E-5
<942,registrar0-1,transcript4-4,read> 1.993637216656709E-4
<943,admissions2-0,stu0-16application0-16,setStatus> 1.2779352268674609E-4
<944,registrar2-0,transcript3-3,read> 7.405831200689309E-5
<945,admissions2-0,stu5-13application5-13,setStatus> 2.0006634752616956E-4
<946,stu5-6,transcript5-6,read> 0.001418877663136466
<947,registrar4-0,roster0-3,write> 1.6076366677483548E-4
<948,registrar2-0,transcript2-15,read> 3.393118252209546E-4
<949,admissions2-0,stu5-19application5-19,setStatus> 3.35711732664606E-5
<950,registrar0-0,roster1-4,read> 1.93223133523994E-4
<951,admissions2-0,stu3-10application3-10,setStatus> 5.444998933118295E-5
<952,admissions4-1,stu1-3application1-3,read> 1.324504949931357E-4
<953,stu4-9,gradebook4-6,readMyScores> 1.490947730764343E-4
<954,registrar2-1,roster1-4,write> 1.4636763925143196E-4
<955,stu5-17,gradebook5-4,readScore> 4.633022438222999E-5
<956,stu2-0,gradebook2-8,addScore> 6.389030908045702E-4
<957,registrar4-1,transcript0-10,read> 3.7856637344934983E-4
<958,admissions2-1,stu1-9application1-9,setStatus> 1.5737819316593153E-4
<959,registrar4-0,roster0-3,read> 2.2105004181539878E-4
<960,admissions4-1,stu0-12application0-12,setStatus> 5.477899796005684E-5
<961,admissions0-0,stu2-13application2-13,read> 1.1310517384287157E-4
<962,fac1-1,gradebook1-3,addScore> 6.084218655960561E-4
<963,registrar4-1,transcript4-9,read> 2.374965994859324E-4
<964,stu2-9,transcript2-9,read> 9.470437474454592E-4
<965,fac4-0,gradebook4-1,assignGrade> 4.393248814573866E-4
<966,fac1-1,gradebook1-2,addScore> 5.966995283407937E-4
<967,stu2-5,transcript2-5,read> 9.041497551099131E-4
<968,stu2-3,gradebook2-7,addScore> 9.496689480284274E-4
<969,stu4-11,gradebook4-1,readMyScores> 5.03441800941169E-5
<970,admissions0-1,stu5-2application5-2,read> 1.5832112295583223E-4
<971,admissions2-1,stu5-19application5-19,setStatus> 3.24947428611232E-5
<972,admissions4-1,stu4-17application4-17,read> 8.314803698635485E-5
<973,registrar2-1,transcript2-13,read> 3.377955655221124E-4
<974,fac2-0,gradebook2-1,assignGrade> 7.412617997963909E-4
<975,chair3,transcript3-2,read> 4.17425985870329E-4
<976,admissions4-0,stu0-12application0-12,setStatus> 5.434681651658499E-5
<977,admissions0-0,stu4-17application4-17,read> 9.692404311427163E-5
<978,registrar0-1,transcript4-7,read> 1.9357690934560307E-4
<979,admissions2-0,stu5-3application5-3,setStatus> 1.5563194410637583E-4
<980,admissions2-0,stu1-8application1-8,setStatus> 1.368945450739327E-4
<981,fac1-3,gradebook1-7,changeScore> 8.213950580906663E-4
<982,admissions2-0,stu3-12application3-12,read> 6.628934874839666E-5
<983,admissions2-1,stu3-3application3-3,setStatus> 1.9261501731832552E-4
<984,admissions4-0,stu4-17application4-17,read> 8.249203669454929E-5
<985,admissions2-0,stu0-4application0-4,read> 1.1952497617085795E-4
<986,admissions0-1,stu5-11application5-11,setStatus> 1.3441276503890268E-4
<987,admissions2-0,stu0-1application0-1,setStatus> 1.6439837008226888E-5
<988,stu5-19,stu5-19application5-19,checkStatus> 3.6252684612045875E-4
<989,admissions4-0,stu3-18application3-18,read> 1.4992616023857045E-4
<990,chair2,transcript2-8,read> 0.00105149077453412
<991,admissions0-1,stu1-17application1-17,setStatus> 7.564502917860284E-5
<992,stu0-7,gradebook0-6,addScore> 4.380547239842662E-5
<993,admissions4-0,stu5-8application5-8,read> 1.8174366923469308E-4
<994,admissions2-1,stu3-5application3-5,setStatus> 1.1281397438496256E-4
<995,stu2-11,gradebook2-7,readMyScores> 1.5598118273586075E-4
<996,admissions2-1,stu1-9application1-9,read> 1.3849280998601973E-4
<997,registrar2-1,roster2-1,write> 8.093214633342193E-5
<998,registrar2-1,roster2-3,write> 7.310225829195065E-5
<999,registrar2-1,roster2-2,write> 7.478009144369448E-5
<1000,admissions4-0,stu2-0application2-0,setStatus> 1.0777173833843268E-4
<1001,registrar2-1,roster2-5,write> 7.533936916094243E-5
<1002,registrar2-0,transcript0-11,read> 3.252453510353604E-4
<1003,admissions4-1,application5-2,setStatus> 2.0599350949894772E-4
<1004,stu4-3,gradebook4-7,readMyScores> 1.031331790341782E-4
<1005,admissions4-1,stu3-18application3-18,read> 1.5111841598599446E-4
<1006,fac4-4,gradebook4-8,readScore> 3.321243199391228E-4
<1007,registrar2-1,roster2-4,write> 7.58986468781904E-5
<1008,stu2-18,transcript2-18,read> 0.0016476456222593782
<1009,stu1-9,gradebook1-3,readMyScores> 7.29884133689631E-5
<1010,app2-1,application2-1,checkStatus> 5.995543654444E-4
<1011,registrar2-1,roster2-7,write> 1.027439773060919E-4
<1012,registrar2-1,roster1-4,read> 2.012555039707189E-4
<1013,registrar4-1,transcript1-1,read> 3.074485535173791E-4
<1014,admissions4-1,stu1-8application1-8,setStatus> 1.3908924719936648E-4
<1015,registrar2-1,roster2-6,write> 1.0218469958884398E-4
<1016,registrar2-1,roster2-9,write> 1.0442181045783578E-4
<1017,stu5-5,transcript5-5,read> 0.0014045796656912838
<1018,stu3-10,stu3-10application3-10,checkStatus> 5.879920474285979E-4
<1019,admissions0-1,stu1-15application1-15,read> 1.5498463214569906E-4
<1020,stu2-1,transcript2-1,read> 9.23213751703489E-4
<1021,registrar2-1,roster2-8,write> 1.0386253274058783E-4
<1022,admissions4-0,stu4-4application4-4,read> 1.3045574428571926E-4
<1023,registrar2-1,roster0-4,read> 1.981794765258552E-4
<1024,registrar0-1,transcript0-16,read> 3.0931315574696006E-4
<1025,fac1-2,gradebook1-4,changeScore> 7.766044158999795E-4
<1026,fac2-4,roster2-8,read> 0.0018801569410743628
<1027,admissions4-1,stu5-8application5-8,setStatus> 2.081692578664138E-4
<1028,registrar4-0,roster1-3,read> 2.2979728172235604E-4
<1029,registrar4-1,transcript4-5,read> 2.4216006308802883E-4
<1030,admissions0-1,application4-1,read> 1.5720895935245448E-4
<1031,admissions2-1,stu3-3application3-3,read> 1.6950121524012646E-4
<1032,registrar0-1,transcript4-15,read> 3.488563732674238E-4
<1033,admissions4-0,stu0-2application0-2,setStatus> 9.016579819259654E-6
<1034,fac1-2,gradebook1-5,changeScore> 7.934009067214872E-4
<1035,admissions4-0,stu4-10application4-10,setStatus> 3.1681698167922316E-5
<1036,stu0-8,gradebook0-3,addScore> 6.543299921906054E-5
<1037,admissions0-0,stu1-17application1-17,setStatus> 7.590188836087314E-5
<1038,admissions4-1,stu2-8application2-8,read> 1.8845425797171198E-4
<1039,admissions4-1,stu0-5application0-5,setStatus> 1.7553303235442295E-4
<1040,admissions2-1,stu4-9application4-9,setStatus> 1.2421412337544301E-4
<1041,admissions4-0,stu1-10application1-10,read> 1.0291222903534442E-4
<1042,app3-2,application3-2,checkStatus> 0.0014436035805979466
<1043,admissions0-0,stu4-10application4-10,setStatus> 3.722442071022284E-5
<1044,admissions0-0,stu3-2application3-2,read> 5.563426125508564E-5
<1045,admissions0-1,stu1-9application1-9,read> 1.6888667718792052E-4
<1046,admissions2-1,stu0-18application0-18,read> 1.786213344325108E-4
<1047,admissions4-1,stu1-1application1-1,setStatus> 2.136086287850789E-4
<1048,registrar0-1,transcript2-9,read> 1.9164797190558046E-4
<1049,fac2-2,roster2-4,read> 0.0013739446168003595
<1050,admissions4-1,stu0-2application0-2,setStatus> 9.088282243269668E-6
<1051,registrar4-1,transcript4-11,read> 3.983860937582597E-4
<1052,admissions4-1,stu5-14application5-14,setStatus> 3.519726265286234E-5
<1053,admissions2-1,stu3-17application3-17,read> 1.293726907936354E-4
<1054,admissions2-1,stu0-1application0-1,setStatus> 1.591270796587893E-5
<1055,admissions2-0,stu0-4application0-4,setStatus> 1.3582383655779312E-4
<1056,admissions4-1,stu2-16application2-16,setStatus> 1.113484555141743E-4
<1057,admissions0-1,stu5-3application5-3,read> 1.6165761376596538E-4
<1058,stu0-7,stu0-7application0-7,checkStatus> 0.0012470441743293122
<1059,registrar4-0,roster2-8,read> 1.6244353443878518E-4
<1060,fac2-1,gradebook2-3,readScore> 5.581392084221668E-4
<1061,admissions2-0,stu4-9application4-9,setStatus> 1.2832887694481585E-4
<1062,stu0-9,gradebook0-3,addScore> 6.565670178049322E-5
<1063,admissions4-0,stu5-14application5-14,setStatus> 3.491957221773127E-5
<1064,admissions4-0,stu2-16application2-16,setStatus> 1.104699667132735E-4
<1065,admissions4-1,application2-4,read> 5.5385487817488E-5
<1066,registrar0-0,roster0-3,read> 1.8657830040169136E-4
<1067,stu2-9,gradebook2-4,readMyScores> 1.65106908736371E-4
<1068,admissions4-1,application2-3,read> 5.4428158535802936E-5
<1069,admissions2-1,stu0-4application0-4,setStatus> 1.3146876364211234E-4
<1070,registrar4-0,roster3-3,write> 1.0478133137030908E-4
<1071,admissions4-0,stu3-15application3-15,setStatus> 1.5202268368582172E-4
<1072,admissions2-0,stu3-17application3-17,read> 1.3365832858390074E-4
<1073,app5-2,application5-2,checkStatus> 0.002189373092617176
<1074,admissions4-0,stu2-9application2-9,setStatus> 1.9249610930843362E-4
<1075,admissions4-1,stu0-15application0-15,read> 1.1282524471859184E-4
<1076,stu0-2,gradebook0-3,addScore> 6.409078385046443E-5
<1077,registrar4-1,roster3-9,write> 1.1029184966198121E-4
<1078,admissions4-1,stu1-0application1-0,setStatus> 2.0055413858028256E-4
<1079,registrar0-0,transcript0-1,read> 1.663757958920281E-4
<1080,registrar0-0,transcript5-4,read> 2.8652487829306574E-4
<1081,registrar2-1,transcript3-2,read> 7.640664042744655E-5
<1082,stu1-16,gradebook1-5,readMyScores> 8.781533835729327E-5
<1083,chair3,transcript3-12,read> 0.0019446950855213732
<1084,admissions0-0,stu3-7application3-7,read> 1.6053262597842308E-4
<1085,admissions0-0,stu3-1application3-1,read> 1.7950360683264364E-4
<1086,fac4-4,gradebook4-9,readScore> 1.7638655854574007E-4
<1087,fac2-4,gradebook2-9,addScore> 5.303335359570597E-4
<1088,admissions0-0,stu4-11application4-11,read> 1.9791661766174013E-4
<1089,admissions4-1,application2-1,read> 4.964151212737761E-5
<1090,chair3,transcript3-1,read> 3.9537155843854497E-4
<1091,registrar4-0,transcript0-17,read> 3.670136344427488E-4
<1092,stu4-14,stu4-14application4-14,checkStatus> 0.0018135977571036106
<1093,admissions2-0,stu5-2application5-2,setStatus> 1.5241981855795703E-4
<1094,admissions4-1,application2-2,read> 5.0120176768220146E-5
<1095,admissions4-1,application2-0,read> 4.916284748653508E-5
<1096,admissions0-0,stu2-16application2-16,read> 1.1422111389311983E-4
<1097,admissions4-0,application2-3,read> 5.3998745056230524E-5
<1098,stu0-3,gradebook0-6,addScore> 4.320436814596108E-5
<1099,admissions0-1,stu1-2application1-2,setStatus> 1.9760387886718215E-4
<1100,admissions2-1,stu0-10application0-10,setStatus> 2.0194241194690049E-4
<1101,admissions0-0,stu1-9application1-9,setStatus> 1.9256834815955596E-4
<1102,admissions2-1,stu4-8application4-8,setStatus> 8.586816768019065E-5
<1103,chair3,transcript3-3,read> 4.06398772154437E-4
<1104,app5-0,application5-0,checkStatus> 0.0021720296155934727
<1105,registrar0-0,transcript0-17,read> 3.0977953940294396E-4
<1106,admissions4-0,stu0-15application0-15,read> 1.1193510472081204E-4
<1107,admissions2-0,stu3-6application3-6,read> 1.7652949757013064E-4
<1108,admissions0-1,stu3-7application3-7,read> 1.599893683608988E-4
<1109,admissions0-0,stu4-14application4-14,read> 1.7503984663165057E-4
<1110,admissions2-0,stu2-1application2-1,setStatus> 1.2029856307376878E-4
<1111,admissions2-0,stu2-4application2-4,setStatus> 3.410652752453041E-5
<1112,admissions0-1,stu4-11application4-11,read> 1.9724684907405235E-4
<1113,admissions2-1,stu4-17application4-17,setStatus> 9.001367640400169E-5
<1114,admissions4-0,stu0-5application0-5,setStatus> 1.7414815635951626E-4
<1115,admissions4-0,application2-0,read> 4.877497492253875E-5
<1116,admissions4-0,application2-1,read> 4.924986311651072E-5
<1117,admissions4-1,application5-1,read> 1.8031695907738888E-4
<1118,registrar0-1,roster2-2,read> 9.826286406168389E-5
<1119,registrar0-1,roster2-1,read> 1.0634681423690503E-4
<1120,fac2-3,gradebook2-7,changeScore> 0.002137120172442089
<1121,registrar0-0,transcript3-6,read> 7.723292830416158E-5
<1122,registrar0-1,transcript3-12,read> 3.40176154787322E-4
<1123,registrar0-1,roster2-5,read> 9.899776862306765E-5
<1124,stu3-18,gradebook3-4,addScore> 6.887817739842405E-5
<1125,admissions4-1,application3-3,setStatus> 1.352816875563009E-4
<1126,registrar0-1,roster3-4,read> 1.1884019178042857E-4
<1127,registrar0-1,roster2-3,read> 9.60581503775327E-5
<1128,admissions0-0,stu0-10application0-10,read> 2.1744556854108485E-4
<1129,stu0-4,gradebook0-6,addScore> 4.335464420907745E-5
<1130,fac1-3,gradebook1-6,changeScore> 8.045985672691588E-4
<1131,stu2-19,transcript2-19,read> 0.0016571776205561663
<1132,chair1,transcript1-19,read> 1.8034089097865064E-4
<1133,admissions0-1,stu0-7application0-7,setStatus> 1.363084984537511E-4
<1134,fac1-1,gradebook1-2,readScore> 2.1983666833608182E-4
<1135,registrar0-1,roster0-2,write> 1.3613550253753902E-4
<1136,registrar2-0,roster2-9,write> 1.039587425622356E-4
<1137,stu2-15,stu2-15application2-15,checkStatus> 4.087761181836668E-4
<1138,admissions2-1,stu2-1application2-1,setStatus> 1.1644129451829725E-4
<1139,registrar4-1,transcript4-13,read> 4.193716799676937E-4
<1140,registrar0-0,transcript2-4,read> 1.8866151278899482E-4
<1141,registrar0-0,transcript2-1,read> 1.8769256857608318E-4
<1142,registrar2-0,roster2-7,write> 1.022883499122733E-4
<1143,registrar2-1,transcript4-15,read> 3.650446040454946E-4
<1144,registrar2-0,roster2-8,write> 1.0340194501224816E-4
<1145,registrar2-0,roster2-5,write> 7.500526996288946E-5
<1146,admissions4-0,stu4-3application4-3,setStatus> 2.1084406225735104E-4
<1147,chair3,transcript3-6,read> 4.3948041330211303E-4
<1148,admissions0-0,stu3-19application3-19,read> 1.6890217635528507E-4
<1149,admissions0-0,stu0-5application0-5,read> 1.800615768577678E-4
<1150,admissions0-1,stu4-13application4-13,setStatus> 2.2603988008990794E-4
<1151,registrar0-0,roster2-8,read> 1.3711120938010525E-4
<1152,registrar2-0,roster2-6,write> 1.0173155236228591E-4
<1153,fac2-4,gradebook2-8,changeScore> 0.0021259225118944168
<1154,admissions4-1,stu3-5application3-5,setStatus> 1.1841963770843897E-4
<1155,registrar0-0,roster1-1,read> 1.9839133706356265E-4
<1156,stu1-10,stu1-10application1-10,checkStatus> 0.0012528253333372135
<1157,registrar0-0,roster2-9,read> 1.378495241714722E-4
<1158,chair0,transcript0-9,read> 6.434838670461154E-4
<1159,registrar2-0,roster2-3,write> 7.277807976293977E-5
<1160,admissions0-1,stu1-17application1-17,read> 6.656762567717049E-5
<1161,registrar0-0,roster2-6,read> 1.348962650060044E-4
<1162,admissions2-1,stu0-5application0-5,read> 1.4715692321878488E-4
<1163,registrar2-0,roster2-4,write> 7.55620675128769E-5
<1164,stu2-15,transcript2-15,read> 0.0016095176290722261
<1165,fac0-1,gradebook0-2,changeScore> 3.0630267289776897E-4
<1166,registrar2-0,roster2-1,write> 8.057324546276374E-5
<1167,admissions0-1,stu5-5application5-5,read> 9.770820657174657E-5
<1168,registrar2-0,roster2-2,write> 7.444847241290203E-5
<1169,registrar0-0,roster2-3,read> 9.650389585492266E-5
<1170,admissions4-1,stu4-13application4-13,setStatus> 1.9457083056975097E-4
<1171,stu1-0,gradebook1-7,addScore> 1.85973625419559E-4
<1172,registrar0-0,roster2-2,read> 9.871884022902351E-5
<1173,admissions4-1,stu0-4application0-4,setStatus> 1.3800137301563347E-4
<1174,stu2-5,gradebook2-2,readScore> 1.6267937066304693E-4
<1175,registrar2-1,transcript5-9,read> 3.014635141576028E-4
<1176,registrar4-1,transcript2-5,read> 2.211744768785949E-4
<1177,chair4,transcript4-4,read> 0.0011397084842612558
<1178,admissions4-0,stu1-0application1-0,read> 1.7509523451908533E-4
<1179,registrar0-0,roster2-5,read> 9.945715502039047E-5
<1180,stu2-2,stu2-2application2-2,checkStatus> 3.104964150493497E-4
<1181,admissions0-0,stu2-1application2-1,setStatus> 1.4247785726773015E-4
<1182,admissions2-0,stu3-7application3-7,read> 1.3554277557230643E-4
<1183,fac2-2,gradebook2-4,assignGrade> 7.732551156468814E-4
<1184,stu0-11,transcript0-11,read> 0.00154279364099471
<1185,admissions4-0,stu4-16application4-16,read> 1.4280283732899074E-4
<1186,stu2-3,transcript2-3,read> 9.327457500002771E-4
<1187,registrar0-0,transcript2-13,read> 3.2431370259661783E-4
<1188,registrar2-1,roster0-8,read> 2.120216000277419E-4
<1189,fac1-4,gradebook1-9,changeScore> 7.430114342569645E-4
<1190,fac1-4,gradebook1-8,changeScore> 7.26214943435457E-4
<1191,admissions2-1,stu2-5application2-5,read> 1.2344461331858557E-4
<1192,stu4-3,transcript4-3,read> 9.804057414842173E-4
<1193,admissions2-1,stu5-2application5-2,setStatus> 1.4753260994688024E-4
<1194,admissions0-0,stu5-5application5-5,read> 9.803998316451989E-5
<1195,registrar0-1,roster5-3,write> 7.94810418054109E-5
<1196,fac4-4,gradebook4-8,assignGrade> 4.613202861045989E-4
<1197,admissions2-0,application0-1,read> 5.733822555346954E-5
<1198,stu2-13,gradebook2-1,readMyScores> 9.375872092766372E-5
<1199,admissions2-0,application0-0,read> 5.9222672541875255E-5
<1200,admissions2-0,application0-4,setStatus> 6.569242875064884E-5
<1201,stu0-5,stu0-5application0-5,checkStatus> 0.0018656281881747198
<1202,chair1,transcript1-6,read> 0.0016910691700558569
<1203,admissions0-1,stu0-2application0-2,setStatus> 1.055818193547502E-5
<1204,stu4-16,gradebook4-8,readMyScores> 6.967072164923774E-5
<1205,admissions0-1,stu5-6application5-6,read> 3.320271757583895E-5
<1206,fac2-4,gradebook2-8,assignGrade> 7.592580399622918E-4
<1207,stu2-5,gradebook2-7,readMyScores> 2.2086224450063472E-4
<1208,admissions2-0,stu2-5application2-5,read> 1.275338758715822E-4
<1209,admissions0-1,stu4-4application4-4,read> 1.527603049389436E-4
<1210,admissions2-0,stu0-12application0-12,read> 4.744487886433957E-5
<1211,admissions4-0,stu1-5application1-5,read> 1.0196245264740046E-4
<1212,chair2,transcript2-4,read> 0.001073545201965904
<1213,app1-4,application1-4,checkStatus> 1.6596743985182466E-4
<1214,stu3-7,gradebook3-4,addScore> 9.765736015542574E-5
<1215,admissions0-1,stu4-0application4-0,read> 6.601154387548164E-5
<1216,admissions2-1,stu3-14application3-14,read> 1.0611638685305533E-4
<1217,admissions2-0,stu0-0application0-0,setStatus> 1.2939958546095547E-4
<1218,stu4-17,gradebook4-8,readMyScores> 7.020871949981101E-5
<1219,registrar4-0,transcript5-4,read> 3.3946250014859746E-4
<1220,stu4-17,gradebook4-7,readMyScores> 5.050236346701785E-5
<1221,admissions2-0,application0-4,read> 5.7809337300570966E-5
<1222,admissions4-1,stu4-4application4-4,read> 1.314931657114506E-4
<1223,registrar4-0,transcript2-19,read> 3.9915662445259197E-4
<1224,stu2-15,gradebook2-6,readScore> 1.6493415952528146E-4
<1225,admissions2-0,application0-3,setStatus> 6.622778300871863E-5
<1226,admissions2-0,application0-2,setStatus> 6.462172023450923E-5
<1227,stu4-17,gradebook4-4,readMyScores> 4.865643746490401E-5
<1228,registrar4-0,transcript2-9,read> 2.2810999904306905E-4
<1229,admissions2-0,application0-2,read> 5.6867113806368114E-5
<1230,stu4-1,transcript4-1,read> 0.0010042357372261872
<1231,stu3-3,gradebook3-9,readMyScores> 6.318333972613623E-5
<1232,registrar4-0,transcript5-1,read> 3.314267526461366E-4
<1233,registrar4-0,transcript5-9,read> 3.4290639193536635E-4
<1234,registrar2-1,transcript4-18,read> 3.710999459395794E-4
<1235,admissions2-0,application0-1,setStatus> 6.515707449257902E-5
<1236,chair5,transcript5-2,read> 0.0016193922809025587
<1237,stu4-17,gradebook4-3,readMyScores> 8.47177184681438E-5
<1238,admissions2-0,application0-3,read> 5.828044904767239E-5
<1239,admissions2-0,application0-0,setStatus> 6.729849152485825E-5
<1240,admissions2-1,application0-0,read> 5.732374917379908E-5
<1241,registrar4-0,transcript0-15,read> 3.750493819452096E-4
<1242,admissions2-1,application0-2,read> 5.5043719375703E-5
<1243,admissions2-1,application0-1,read> 5.549972533532222E-5
<1244,chair2,transcript2-9,read> 0.001095599629397688
<1245,app5-4,application5-4,checkStatus> 0.0022182788876566805
<1246,stu4-15,gradebook4-9,readMyScores> 5.574062745307221E-5
<1247,registrar2-0,transcript5-4,read> 2.9711240266417206E-4
<1248,registrar0-1,transcript1-3,read> 3.006329372668584E-4
<1249,registrar0-1,roster2-9,read> 1.37212805815022E-4
<1250,admissions0-0,stu5-6application5-6,read> 3.331546025012024E-5
<1251,registrar0-1,roster2-8,read> 1.3647790125363824E-4
<1252,admissions4-0,stu2-6application2-6,setStatus> 1.509433923358854E-4
<1253,registrar2-0,roster2-9,read> 1.4294327102307394E-4
<1254,registrar0-1,roster2-7,read> 1.3500809213087074E-4
<1255,admissions2-0,stu3-14application3-14,read> 1.0963162948172797E-4
<1256,admissions2-1,application0-0,setStatus> 6.514062406113533E-5
<1257,admissions0-0,stu1-6application1-6,setStatus> 3.215196593636708E-5
<1258,stu4-16,gradebook4-4,readMyScores> 4.828359120080513E-5
<1259,registrar2-1,transcript5-2,read> 2.96417395912532E-4
<1260,registrar4-0,transcript4-0,read> 2.4073760226122175E-4
<1261,admissions0-1,stu1-13application1-13,read> 1.3385352368152246E-4
<1262,stu4-16,gradebook4-3,readMyScores> 8.406854054884769E-5
<1263,registrar2-1,transcript2-18,read> 3.48897025661268E-4
<1264,admissions2-1,stu4-14application4-14,read> 1.430528695822119E-4
<1265,fac3-3,roster3-6,read> 0.0016979205043357215
<1266,chair4,transcript4-9,read> 0.001123167663687418
<1267,admissions2-1,application0-2,setStatus> 6.254968110875342E-5
<1268,admissions2-1,application0-3,read> 5.641173725456066E-5
<1269,fac2-2,gradebook2-4,addScore> 7.363330843097462E-4
<1270,stu1-2,gradebook1-7,addScore> 1.8754634106792734E-4
<1271,registrar0-1,transcript3-19,read> 3.305314675872089E-4
<1272,admissions4-1,stu5-0application5-0,setStatus> 1.3256200209696832E-4
<1273,admissions2-1,stu0-10application0-10,read> 1.7770932251327242E-4
<1274,stu4-2,gradebook4-6,readMyScores> 1.3580646888067372E-4
<1275,admissions2-1,application0-1,setStatus> 6.30678696992298E-5
<1276,admissions2-1,application0-4,read> 5.5955731294941434E-5
<1277,admissions2-1,application0-4,setStatus> 6.358605828970619E-5
<1278,admissions2-1,application0-3,setStatus> 6.410424688018258E-5
<1279,registrar4-1,transcript4-19,read> 4.2753274127136254E-4
<1280,admissions0-0,stu3-15application3-15,read> 1.5718480582767823E-4
<1281,admissions4-1,stu4-0application4-0,read> 5.682148174001559E-5
<1282,admissions4-1,stu4-14application4-14,setStatus> 1.7063759852762429E-4
<1283,admissions4-1,stu3-7application3-7,setStatus> 1.5649523413909495E-4
<1284,admissions2-1,stu2-11application2-11,read> 6.233981472961046E-5
<1285,stu4-1,gradebook4-2,readMyScores> 9.601930760255206E-5
<1286,admissions2-0,stu1-15application1-15,read> 1.3130276984839358E-4
<1287,stu4-4,stu4-4application4-4,checkStatus> 0.0015881325557954714
<1288,admissions0-0,application2-2,read> 5.8424111380706316E-5
<1289,stu4-19,gradebook4-2,readMyScores> 4.97672326494923E-5
<1290,app3-0,application3-0,checkStatus> 0.0014204789445663424
<1291,admissions2-1,stu3-18application3-18,read> 1.4396488150145034E-4
<1292,admissions4-0,stu5-11application5-11,read> 1.010126762594565E-4
<1293,admissions2-1,application3-1,setStatus> 1.2680506632782492E-4
<1294,stu4-19,gradebook4-1,readMyScores> 5.310817429536253E-5
<1295,admissions0-0,stu1-2application1-2,setStatus> 1.9827485978014372E-4
<1296,registrar4-0,transcript4-19,read> 4.2096793910212854E-4
<1297,chair0,transcript0-1,read> 9.467322442331455E-4
<1298,admissions0-1,stu1-1application1-1,read> 2.1837795753822898E-4
<1299,stu1-16,gradebook1-9,addScore> 2.2038401065492685E-4
<1300,fac1-3,roster1-7,read> 0.00275084213882565
<1301,registrar0-1,transcript0-19,read> 3.064197495869262E-4
<1302,stu4-19,gradebook4-3,readMyScores> 8.731443014532828E-5
<1303,stu4-19,gradebook4-7,readMyScores> 5.205032863075786E-5
<1304,registrar0-1,transcript1-6,read> 2.958105936668018E-4
<1305,admissions4-1,stu2-5application2-5,read> 1.295785071480805E-4
<1306,admissions4-0,stu1-7application1-7,read> 2.9304558969687576E-5
<1307,admissions0-0,stu0-2application0-2,setStatus> 1.059403314748003E-5
<1308,admissions4-0,stu3-3application3-3,setStatus> 2.0059079443295597E-4
<1309,admissions2-0,stu5-11application5-11,setStatus> 1.1387431197693115E-4
<1310,admissions2-0,stu2-11application2-11,read> 6.440490175999095E-5
<1311,stu4-18,gradebook4-1,readMyScores> 5.271331798089888E-5
<1312,stu4-18,gradebook4-5,readMyScores> 5.841120618452411E-5
<1313,admissions2-1,stu2-8application2-8,read> 1.7953334635174926E-4
<1314,chair0,transcript0-3,read> 5.938614053246014E-4
<1315,admissions0-1,stu2-5application2-5,read> 1.5053597773218822E-4
<1316,stu5-17,gradebook5-4,addScore> 1.2575346618033857E-4
<1317,admissions2-1,stu3-19application3-19,read> 1.3803680402640052E-4
<1318,stu4-1,gradebook4-5,addScore> 4.8091675392337107E-4
<1319,stu4-18,gradebook4-4,readMyScores> 4.9774976257200665E-5
<1320,stu4-18,gradebook4-3,readMyScores> 8.666525222603219E-5
<1321,admissions2-1,stu2-12application2-12,read> 4.820362998141474E-5
<1322,registrar2-1,roster4-3,read> 1.397349550734445E-4
<1323,registrar2-1,transcript2-14,read> 3.398140128201407E-4
<1324,admissions4-0,stu4-19application4-19,setStatus> 6.837760406575712E-5
<1325,admissions0-0,stu3-10application3-10,setStatus> 6.448886511969764E-5
<1326,admissions0-1,stu0-14application0-14,read> 1.3051703287138928E-4
<1327,registrar4-1,roster3-2,read> 1.4099091435768095E-4
<1328,registrar4-1,transcript3-1,read> 8.360230061674979E-5
<1329,registrar2-1,roster4-4,read> 1.0743666690237552E-4
<1330,registrar2-1,roster4-5,read> 1.0589865317994367E-4
<1331,registrar2-1,roster4-6,read> 1.1205070806967108E-4
<1332,chair4,transcript4-18,read> 0.0020273991883905627
<1333,admissions0-0,stu4-1application4-1,read> 2.0238037786273323E-4
<1334,registrar2-1,roster4-1,read> 1.3819694135101267E-4
<1335,registrar0-1,roster0-8,write> 1.473594994750361E-4
<1336,registrar0-0,roster5-2,write> 9.542159349030517E-5
<1337,registrar2-1,roster4-2,read> 1.3896594821222863E-4
<1338,admissions2-1,application3-3,setStatus> 1.2887782068973048E-4
<1339,registrar4-1,roster4-2,read> 1.605349423915102E-4
<1340,registrar0-1,roster0-9,write> 1.4842845156432153E-4
<1341,registrar0-1,roster0-6,write> 1.388078827607526E-4
<1342,admissions4-1,stu0-3application0-3,setStatus> 8.523947510458161E-5
<1343,stu3-19,transcript3-19,read> 0.0016333476248141963
<1344,registrar0-1,roster0-7,write> 1.3827340671610988E-4
<1345,stu4-15,gradebook4-4,addScore> 3.3292722660683026E-4
<1346,registrar4-1,transcript0-4,read> 1.2440760713509368E-4
<1347,fac4-2,gradebook4-5,assignGrade> 4.533219571419763E-4
<1348,registrar0-1,roster0-4,write> 1.3773893067146718E-4
<1349,stu3-3,gradebook3-8,readMyScores> 3.7591048392385984E-5
<1350,registrar0-1,transcript1-7,read> 2.967750623868131E-4
<1351,registrar0-1,roster0-5,write> 1.3720445462682448E-4
<1352,admissions2-0,stu0-15application0-15,setStatus> 1.2618745991253665E-4
<1353,registrar4-0,roster1-1,write> 1.709422732120221E-4
<1354,admissions0-0,stu5-3application5-3,read> 1.6220653605379548E-4
<1355,registrar0-1,roster0-3,write> 1.3506655044825358E-4
<1356,admissions4-1,stu1-7application1-7,read> 2.9537597211991257E-5
<1357,registrar0-1,roster0-1,write> 1.3399759835896815E-4
<1358,admissions2-0,stu0-0application0-0,read> 1.1387163520564081E-4
<1359,admissions0-0,stu3-7application3-7,setStatus> 1.824234386118444E-4
<1360,registrar2-0,roster4-7,read> 1.092570192488347E-4
<1361,admissions0-0,stu1-14application1-14,setStatus> 2.153943946419069E-4
<1362,registrar2-0,roster4-6,read> 1.1155380914253284E-4
<1363,registrar4-1,transcript3-18,read> 4.0188369145983206E-4
<1364,registrar2-0,roster4-9,read> 9.853866641157676E-5
<1365,registrar2-0,roster4-8,read> 1.0083545630527489E-4
<1366,stu3-14,stu3-14application3-14,checkStatus> 0.0013453238774636296
<1367,admissions0-1,application3-2,read> 1.3885825989672215E-4
<1368,registrar2-0,roster4-4,read> 1.0696022935513659E-4
<1369,registrar2-0,roster4-5,read> 1.0542903609267118E-4
<1370,registrar2-0,roster4-3,read> 1.391152878669104E-4
<1371,stu2-10,gradebook2-7,readMyScores> 1.5775874607188196E-4
<1372,registrar2-0,roster3-3,read> 1.261001451359543E-4
<1373,admissions0-1,stu3-10application3-10,setStatus> 6.427062868951254E-5
<1374,registrar4-0,transcript4-15,read> 4.152281194575137E-4
<1375,admissions0-1,stu4-10application4-10,setStatus> 3.7098449743352385E-5
<1376,registrar0-1,transcript0-3,read> 1.0388131838455138E-4
<1377,admissions2-1,stu0-15application0-15,setStatus> 1.2214136901353745E-4
<1378,registrar0-0,transcript3-18,read> 3.3400314472573376E-4
<1379,stu4-5,transcript4-5,read> 9.89937739781005E-4
<1380,stu5-3,gradebook5-5,addScore> 1.8986404197957955E-4
<1381,admissions4-1,stu4-1application4-1,setStatus> 1.972905160290835E-4
<1382,admissions0-0,stu3-10application3-10,read> 5.675020130533392E-5
<1383,admissions4-1,stu1-17application1-17,read> 5.730014638085813E-5
<1384,admissions2-0,stu3-8application3-8,setStatus> 1.6955115481619075E-4
<1385,registrar4-0,roster0-4,read> 2.254236617688774E-4
<1386,admissions4-1,stu2-6application2-6,setStatus> 1.5214373740416283E-4
<1387,admissions0-1,stu3-7application3-7,setStatus> 1.8180610041011226E-4
<1388,fac5-4,roster5-9,read> 0.0016472992719083212
<1389,admissions0-1,stu3-11application3-11,setStatus> 1.5589774374051774E-4
<1390,stu1-6,gradebook1-5,addScore> 1.830116745303259E-4
<1391,registrar2-1,transcript4-19,read> 3.700907222905653E-4
<1392,admissions2-0,stu2-6application2-6,read> 1.3177388159549502E-4
<1393,admissions2-1,stu1-15application1-15,read> 1.270926609955393E-4
<1394,admissions0-1,stu1-3application1-3,setStatus> 1.7485507788900156E-4
<1395,fac3-4,gradebook3-9,changeScore> 4.7986641138668005E-4
<1396,admissions4-1,stu3-1application3-1,setStatus> 1.7498909526255638E-4
<1397,admissions4-1,stu4-13application4-13,read> 1.7122233090138085E-4
<1398,registrar0-0,transcript4-3,read> 1.9931989913102232E-4
<1399,registrar0-0,transcript2-10,read> 3.21406869957883E-4
<1400,registrar2-1,roster5-2,read> 1.3665892762858078E-4
<1401,registrar0-0,roster0-5,read> 1.895315595671592E-4
<1402,admissions0-0,stu3-9application3-9,read> 9.134434286303028E-5
<1403,stu4-9,gradebook4-4,readMyScores> 1.045833770797362E-4
<1404,admissions0-1,stu3-15application3-15,read> 1.5665287755076563E-4
<1405,registrar4-0,transcript4-1,read> 2.4188556619014477E-4
<1406,registrar4-0,transcript4-2,read> 2.430335301190677E-4
<1407,admissions0-0,stu5-18application5-18,read> 1.2705442447097495E-4
<1408,registrar4-0,transcript4-9,read> 2.3384981868768392E-4
<1409,registrar4-0,transcript4-8,read> 2.3155389082983797E-4
<1410,admissions0-0,stu4-15application4-15,setStatus> 1.5032431074603833E-5
<1411,registrar4-0,transcript4-6,read> 2.395896383322988E-4
<1412,registrar4-0,transcript4-5,read> 2.3844167440337577E-4
<1413,registrar0-0,transcript5-8,read> 2.904006551447121E-4
<1414,fac2-2,gradebook2-5,addScore> 0.0015071343884995162
<1415,admissions4-0,application4-3,read> 1.36154402613383E-4
<1416,registrar4-0,transcript4-4,read> 2.3729371047445284E-4
<1417,registrar4-0,transcript4-3,read> 2.3614574654552987E-4
<1418,admissions4-0,stu3-1application3-1,setStatus> 1.7360851068454804E-4
<1419,registrar0-0,roster2-9,write> 1.0025419939743433E-4
<1420,admissions0-0,stu1-3application1-3,setStatus> 1.7544881329779272E-4
<1421,registrar0-0,roster0-7,write> 1.3891504665446773E-4
<1422,admissions4-0,stu2-8application2-8,read> 1.8696743936838484E-4
<1423,admissions4-0,stu4-13application4-13,read> 1.698714643853936E-4
<1424,admissions2-0,stu3-9application3-9,read> 7.712491893172949E-5
<1425,chair5,transcript5-0,read> 0.0016083650671866667
<1426,stu4-7,transcript4-7,read> 9.565757457422472E-4
<1427,registrar4-1,roster0-4,write> 1.6650112037084548E-4
<1428,admissions0-0,stu4-16application4-16,setStatus> 1.9066617761936004E-4
<1429,registrar0-0,roster0-9,write> 1.4911721468062933E-4
<1430,admissions4-0,application3-2,read> 1.1858353943641975E-4
<1431,stu4-2,stu4-2application4-2,checkStatus> 0.0010851717221080843
<1432,fac4-1,gradebook4-2,assignGrade> 4.4132446369804236E-4
<1433,admissions0-1,stu4-1application4-1,read> 2.0169550348756325E-4
<1434,stu3-7,gradebook3-4,readScore> 3.597902742568316E-5
<1435,registrar2-1,transcript3-19,read> 3.458693547142256E-4
<1436,admissions0-1,stu3-9application3-9,read> 9.103522495148028E-5
<1437,admissions0-0,stu4-4application4-4,read> 1.5327901565180928E-4
<1438,registrar4-1,transcript4-0,read> 2.444917948890771E-4
<1439,registrar4-1,transcript4-1,read> 2.456576607896012E-4
<1440,registrar4-1,transcript4-2,read> 2.468235266901253E-4
<1441,registrar4-0,roster1-3,write> 1.6712529579807712E-4
<1442,registrar0-0,roster0-1,write> 1.3461939695924178E-4
<1443,registrar4-1,transcript4-3,read> 2.3982833128698063E-4
<1444,stu4-4,transcript4-4,read> 9.851717406326112E-4
<1445,registrar4-1,transcript4-6,read> 2.4332592898855301E-4
<1446,registrar0-0,roster0-2,write> 1.3676722180685477E-4
<1447,registrar0-0,roster0-3,write> 1.3569330938304828E-4
<1448,registrar0-0,roster0-4,write> 1.3837809044256447E-4
<1449,registrar0-0,roster0-5,write> 1.3784113423066124E-4
<1450,fac2-2,gradebook2-4,readScore> 2.712806100088538E-4
<1451,stu4-7,gradebook4-5,readMyScores> 1.218540893062919E-4
<1452,registrar0-0,roster0-6,write> 1.3945200286637096E-4
<1453,chair0,transcript0-4,read> 5.883477984666553E-4
<1454,admissions0-1,stu2-2application2-2,read> 2.9866226765705797E-5
<1455,stu2-17,gradebook2-5,readMyScores> 1.1542637276200518E-4
<1456,registrar4-1,transcript4-8,read> 2.3516486768488418E-4
<1457,registrar2-1,transcript1-8,read> 3.0751885605168777E-4
<1458,registrar2-1,transcript4-10,read> 3.4183246011816896E-4
<1459,admissions2-1,stu0-0application0-0,read> 1.1022044048962826E-4
<1460,registrar4-1,transcript4-4,read> 2.4099419718750473E-4
<1461,registrar4-1,transcript1-9,read> 3.5641492133939176E-4
<1462,registrar4-0,roster1-4,read> 2.289225577316603E-4
<1463,admissions0-1,stu4-15application4-15,setStatus> 1.4981559903454583E-5
<1464,registrar4-1,roster0-5,read> 2.2805067559928394E-4
<1465,admissions2-1,stu0-0application0-0,setStatus> 1.2525050055639577E-4
<1466,stu3-19,gradebook3-7,addScore> 9.979367098429018E-5
<1467,registrar2-1,roster4-8,read> 1.0128461201264807E-4
<1468,stu1-8,stu1-8application1-8,checkStatus> 0.0014782905346453525
<1469,registrar2-1,roster4-7,read> 1.0974368748602329E-4
<1470,registrar0-0,transcript2-6,read> 1.8284784751152524E-4
<1471,registrar0-1,transcript4-10,read> 3.2667359270716366E-4
<1472,fac5-3,roster5-7,read> 0.001616926532451881
<1473,registrar2-0,roster0-8,read> 2.1108137120278518E-4
<1474,registrar4-1,transcript2-8,read> 2.22340342779119E-4
<1475,admissions0-0,stu4-0application4-0,read> 6.623569173244422E-5
<1476,admissions2-0,stu1-14application1-14,setStatus> 1.8186430275179619E-4
<1477,registrar2-1,transcript3-7,read> 7.943431137448902E-5
<1478,admissions4-0,stu3-19application3-19,read> 1.437526137169347E-4
<1479,registrar2-1,transcript3-8,read> 6.934207488434746E-5
<1480,registrar2-1,transcript3-9,read> 6.833285123533332E-5
<1481,admissions0-0,stu0-1application0-1,setStatus> 1.9470829001727635E-5
<1482,registrar0-0,transcript3-8,read> 6.657454196213404E-5
<1483,registrar2-0,transcript2-16,read> 3.4232606968929617E-4
<1484,stu4-11,gradebook4-6,readScore> 6.820269138361142E-5
<1485,app0-0,application0-0,checkStatus> 7.267398636182221E-4
<1486,registrar2-1,transcript3-3,read> 7.438819312941824E-5
<1487,admissions4-0,stu0-11application0-11,read> 1.5942392411800996E-4
<1488,admissions2-0,stu1-1application1-1,read> 1.850095090179563E-4
<1489,registrar4-1,roster1-9,read> 2.4315287907997017E-4
<1490,admissions4-0,stu4-1application4-1,setStatus> 1.9573398335824262E-4
<1491,fac4-4,gradebook4-8,addScore> 9.014802969776192E-4
<1492,registrar2-1,transcript3-6,read> 8.044353502350316E-5
<1493,fac3-3,gradebook3-7,readScore> 2.989197629453391E-5
<1494,stu2-5,gradebook2-1,readMyScores> 1.469971113597756E-4
<1495,admissions2-0,stu5-8application5-8,read> 1.8029839154694207E-4
<1496,registrar2-0,transcript3-7,read> 7.908205278746244E-5
<1497,fac4-2,roster4-5,read> 0.0013941931097713196
<1498,admissions2-1,stu4-5application4-5,read> 7.054792200275637E-5
<1499,fac3-3,gradebook3-6,readScore> 1.1906569894873736E-4
<1500,fac2-0,gradebook2-1,readScore> 1.1350642183243557E-4
<1501,registrar4-0,roster4-9,write> 8.187946688663919E-5
<1502,stu4-18,gradebook4-9,readScore> 1.0679186197667255E-4
<1503,registrar4-1,roster5-8,read> 1.4010254944705236E-4
<1504,registrar4-1,roster5-9,read> 1.445443740001954E-4
<1505,admissions4-0,stu0-12application0-12,read> 4.782519853459479E-5
<1506,registrar0-0,roster2-8,write> 9.971724318553109E-5
<1507,stu1-11,transcript1-11,read> 1.9401588199920606E-4
<1508,registrar0-0,roster2-7,write> 9.864333076172462E-5
<1509,admissions4-1,stu2-16application2-16,read> 9.798664085247338E-5
<1510,registrar0-0,roster2-6,write> 9.810637454982139E-5
<1511,admissions0-1,stu3-14application3-14,read> 1.2940486926801156E-4
<1512,registrar0-0,roster2-5,write> 7.233247637846579E-5
<1513,registrar2-1,transcript3-0,read> 7.337896948040409E-5
<1514,admissions4-1,stu4-16application4-16,read> 1.4393844637335647E-4
<1515,registrar0-0,roster2-4,write> 7.286943259036907E-5
<1516,registrar0-0,roster2-3,write> 7.018465153085285E-5
<1517,admissions2-0,stu5-19application5-19,read> 2.9542632474485328E-5
<1518,admissions0-0,stu3-13application3-13,setStatus> 1.5072059627524583E-4
<1519,registrar0-0,roster2-2,write> 7.179552016656255E-5
<1520,chair0,transcript0-0,read> 9.853274922387678E-4
<1521,admissions4-1,stu5-19application5-19,read> 3.0016261852833794E-5
<1522,registrar2-1,transcript0-3,read> 1.0870179719589949E-4
<1523,admissions2-1,stu2-13application2-13,read> 9.243620806447881E-5
<1524,registrar2-0,roster0-3,read> 1.9347264868443284E-4
<1525,registrar2-1,transcript3-1,read> 7.236974583138993E-5
<1526,registrar0-0,roster2-1,write> 7.770203849749821E-5
<1527,registrar4-1,roster1-3,read> 2.3338086506305555E-4
<1528,registrar2-0,transcript3-8,read> 6.903457122632375E-5
<1529,registrar0-0,roster1-3,read> 1.9396144831536094E-4
<1530,stu4-11,gradebook4-2,readMyScores> 4.7177116452120956E-5
<1531,registrar2-0,transcript3-9,read> 6.802982307020987E-5
<1532,registrar2-1,transcript4-16,read> 3.6908149864155117E-4
<1533,admissions4-1,stu3-18application3-18,setStatus> 1.7172547271135735E-4
<1534,registrar4-0,roster0-7,read> 2.2629838575957312E-4
<1535,registrar4-0,transcript3-13,read> 4.0374848016828393E-4
<1536,registrar0-1,roster0-1,read> 1.842466977435812E-4
<1537,admissions0-0,stu3-18application3-18,read> 1.7615578668189887E-4
<1538,fac2-2,gradebook2-5,assignGrade> 7.712555334062259E-4
<1539,stu2-12,gradebook2-8,readMyScores> 1.6354453952662436E-4
<1540,registrar2-0,transcript3-6,read> 8.00868009435763E-5
<1541,registrar2-0,transcript3-4,read> 7.807730463134857E-5
<1542,registrar2-1,transcript5-14,read> 2.5945457976738865E-5
<1543,fac3-4,gradebook3-9,readScore> 2.983942044461189E-5
<1544,registrar2-0,transcript3-5,read> 7.70725564752347E-5
<1545,registrar2-1,transcript1-2,read> 3.135741979457727E-4
<1546,app4-3,application4-3,checkStatus> 0.0016575064638902834
<1547,registrar4-1,transcript5-5,read> 3.435903964336265E-4
<1548,admissions2-0,stu3-8application3-8,read> 1.4920501623824783E-4
<1549,registrar4-1,transcript5-10,read> 3.6967664595785353E-5
<1550,fac3-4,gradebook3-8,readScore> 4.205497289530928E-5
<1551,registrar2-0,transcript3-2,read> 7.606780831912084E-5
<1552,fac2-1,gradebook2-2,readScore> 1.0114270731364488E-4
<1553,stu5-11,gradebook5-9,addScore> 9.05809807984084E-5
<1554,admissions4-0,stu1-2application1-2,setStatus> 1.6875169960983466E-4
<1555,fac4-1,gradebook4-2,readScore> 3.1772846716950217E-4
<1556,registrar2-0,transcript3-1,read> 7.204881569466536E-5
<1557,stu4-10,gradebook4-8,readMyScores> 6.913272379866448E-5
<1558,registrar2-0,transcript3-0,read> 7.305356385077923E-5
<1559,stu4-10,gradebook4-6,readMyScores> 6.830188356620967E-5
<1560,stu4-10,gradebook4-4,readMyScores> 4.791074493670625E-5
<1561,admissions0-0,stu1-11application1-11,setStatus> 1.9954297347360764E-4
<1562,stu4-10,gradebook4-5,readMyScores> 5.622352055963556E-5
<1563,registrar0-0,roster5-9,read> 1.2012996917866525E-4
<1564,stu1-13,transcript1-13,read> 1.7971788455402402E-4
<1565,admissions0-1,stu3-19application3-19,setStatus> 1.912847674843542E-4
<1566,admissions2-1,stu3-4application3-4,read> 4.5011588264080216E-5
<1567,stu2-10,gradebook2-8,readScore> 1.7372515380778601E-4
<1568,admissions4-0,stu0-19application0-19,read> 9.38893533498768E-5
<1569,registrar4-0,transcript3-12,read> 4.048964440972069E-4
<1570,admissions4-1,application3-4,read> 1.1856922040870223E-4
<1571,registrar2-0,transcript1-15,read> 3.587788207456608E-5
<1572,stu2-19,stu2-19application2-19,checkStatus> 0.0013395427184557283
<1573,fac3-1,gradebook3-3,readScore> 1.262636253335477E-4
<1574,fac3-1,gradebook3-2,readScore> 1.2482404005658562E-4
<1575,registrar4-0,roster5-6,read> 1.3270291875513057E-4
<1576,registrar4-0,roster5-5,read> 1.34452366736522E-4
<1577,registrar4-0,roster5-4,read> 1.2920402279234769E-4
<1578,registrar2-1,roster4-1,write> 1.0050686643710013E-4
<1579,admissions0-0,stu5-17application5-17,setStatus> 1.595973921294934E-4
<1580,registrar4-0,roster4-7,read> 1.2483040283886904E-4
<1581,registrar4-0,roster5-3,read> 1.3007874678304341E-4
<1582,admissions4-0,application3-3,setStatus> 1.342143764118725E-4
<1583,registrar4-0,roster5-2,read> 1.5544574251321938E-4
<1584,registrar4-0,roster5-1,read> 1.5457101852252368E-4
<1585,admissions2-1,stu1-1application1-1,read> 1.7907734039213004E-4
<1586,admissions2-1,stu2-3application2-3,read> 5.823576109303752E-5
<1587,admissions4-1,stu0-19application0-19,read> 9.463598836657563E-5
<1588,admissions4-1,stu1-13application1-13,read> 1.1521856792280454E-4
<1589,registrar4-0,roster5-7,read> 1.3970071068069637E-4
<1590,fac1-4,gradebook1-8,assignGrade> 2.5936247979837753E-4
<1591,stu5-4,stu5-4application5-4,checkStatus> 7.20958704610321E-4
<1592,registrar0-0,transcript2-18,read> 3.3497208893864535E-4
<1593,fac5-4,gradebook5-9,readScore> 6.26603942231939E-5
<1594,fac5-2,gradebook5-4,changeScore> 5.190582233035309E-4
<1595,fac3-2,gradebook3-5,readScore> 6.141250599317435E-5
<1596,registrar4-0,transcript2-8,read> 2.189262876116853E-4
<1597,registrar4-1,roster1-3,write> 1.6973153822767676E-4
<1598,fac3-2,gradebook3-4,readScore> 2.014542792990118E-5
<1599,registrar4-1,roster5-5,read> 1.3654908980453796E-4
<1600,registrar4-1,roster5-4,read> 1.3121890034076635E-4
<1601,admissions4-1,stu4-14application4-14,read> 1.5016108670430937E-4
<1602,registrar4-0,transcript1-5,read> 3.5553399515351905E-4
<1603,registrar0-1,roster2-6,write> 9.765322732326332E-5
<1604,registrar4-1,roster5-7,read> 1.4187927926830957E-4
<1605,registrar0-1,roster2-9,write> 9.979113150183418E-5
<1606,registrar4-1,roster5-6,read> 1.3477235998328078E-4
<1607,registrar0-1,roster2-8,write> 9.925665545719144E-5
<1608,registrar4-1,roster5-1,read> 1.569814827489958E-4
<1609,registrar4-1,roster5-3,read> 1.3210726525139497E-4
<1610,registrar2-0,transcript0-0,read> 1.7955686839884937E-4
<1611,admissions4-1,stu3-8application3-8,read> 1.51597080626837E-4
<1612,registrar4-1,roster5-2,read> 1.5786984765962437E-4
<1613,registrar0-1,roster2-1,write> 7.734313762684003E-5
<1614,admissions4-0,stu5-19application5-19,read> 2.977944716365956E-5
<1615,registrar0-1,roster2-3,write> 6.986047300184197E-5
<1616,registrar0-1,roster2-2,write> 7.14639011357701E-5
<1617,admissions0-1,stu0-6application0-6,setStatus> 6.995782893405769E-5
<1618,registrar0-1,roster2-5,write> 7.199837718041282E-5
<1619,registrar0-1,roster2-4,write> 7.253285322505557E-5
<1620,admissions0-0,stu3-19application3-19,setStatus> 1.9193429131282398E-4
<1621,admissions4-0,stu1-13application1-13,read> 1.1430954569067194E-4
<1622,fac1-0,gradebook1-1,readScore> 2.169574977821577E-4
<1623,admissions2-0,stu2-3application2-3,read> 6.01648960360781E-5
<1624,stu4-14,gradebook4-4,readMyScores> 4.90292837290029E-5
<1625,registrar2-0,transcript4-9,read> 2.0467557230169608E-4
<1626,admissions0-0,stu5-16application5-16,setStatus> 1.6530390375008117E-4
<1627,stu4-14,gradebook4-5,readMyScores> 5.753613193456869E-5
<1628,admissions4-0,stu4-17application4-17,setStatus> 9.374095078926056E-5
<1629,registrar2-1,roster3-6,write> 9.379553383012474E-5
<1630,stu4-13,gradebook4-8,readMyScores> 6.751873024694467E-5
<1631,stu4-13,gradebook4-7,readMyScores> 4.856740701234283E-5
<1632,admissions4-1,stu2-4application2-4,setStatus> 3.465332556099583E-5
<1633,registrar4-1,transcript2-17,read> 4.007178255593079E-4
<1634,admissions0-0,stu2-14application2-14,setStatus> 6.892726304682144E-5
<1635,stu3-2,stu3-2application3-2,checkStatus> 5.764297294127959E-4
<1636,stu5-15,gradebook5-2,addScore> 5.345925904909046E-5
<1637,registrar4-0,transcript2-14,read> 3.865290212344394E-4
<1638,admissions2-0,stu2-10application2-10,read> 1.1434274695274224E-4
<1639,stu2-4,transcript2-4,read> 9.279797508518832E-4
<1640,fac0-4,gradebook0-9,readScore> 7.587814063987546E-5
<1641,stu2-6,gradebook2-6,readMyScores> 2.858897988982791E-4
<1642,stu4-15,gradebook4-5,readMyScores> 5.79736690595464E-5
<1643,fac0-4,gradebook0-8,readScore> 7.01197995320272E-5
<1644,stu4-15,gradebook4-2,readMyScores> 4.9027199450243346E-5
<1645,admissions2-0,stu3-4application3-4,read> 4.65026553701367E-5
<1646,admissions4-1,stu4-6application4-6,setStatus> 6.402592852178757E-5
<1647,admissions4-1,stu2-17application2-17,setStatus> 1.162438893409729E-4
<1648,admissions0-0,stu3-6application3-6,setStatus> 2.3758638427752598E-4
<1649,stu2-8,gradebook2-3,readMyScores> 1.648462844314431E-4
<1650,stu4-14,gradebook4-9,readMyScores> 5.53199434722943E-5
<1651,admissions4-1,stu4-17application4-17,setStatus> 9.448640566631234E-5
<1652,admissions0-0,stu4-4application4-4,setStatus> 1.7418069960432875E-4
<1653,admissions4-1,stu5-12application5-12,setStatus> 9.394246857444584E-5
<1654,stu4-14,gradebook4-6,readMyScores> 6.989648006970093E-5
<1655,admissions2-1,stu4-5application4-5,setStatus> 8.016809318495043E-5
<1656,admissions2-1,stu2-10application2-10,read> 1.1067644644924748E-4
<1657,chair5,transcript5-17,read> 1.1969121554124458E-4
<1658,registrar4-0,roster2-6,read> 1.5981936246669802E-4
<1659,fac1-2,gradebook1-4,readScore> 1.1460375479628561E-4
<1660,admissions2-0,stu3-6application3-6,setStatus> 2.0060170178423938E-4
<1661,fac1-2,gradebook1-5,readScore> 4.24104037599734E-5
<1662,admissions0-0,stu2-6application2-6,setStatus> 1.7735098383798862E-4
<1663,stu4-12,gradebook4-1,readMyScores> 4.9949323779653234E-5
<1664,admissions4-0,stu4-14application4-14,setStatus> 1.6929134528480277E-4
<1665,admissions4-1,application5-0,read> 1.7983829443654636E-4
<1666,fac1-1,gradebook1-3,readScore> 2.2415542416696807E-4
<1667,stu4-13,gradebook4-4,readMyScores> 4.67922061444096E-5
<1668,stu4-13,gradebook4-2,readMyScores> 4.6437083252872E-5
<1669,stu4-12,gradebook4-7,readMyScores> 4.895439830327784E-5
<1670,admissions4-0,application0-0,read> 5.969740338389428E-5
<1671,stu4-12,gradebook4-9,readMyScores> 5.3216523568404784E-5
<1672,registrar0-0,roster3-1,read> 1.1865333959593134E-4
<1673,registrar2-0,transcript5-5,read> 2.9610765450805815E-4
<1674,admissions4-1,stu0-12application0-12,read> 4.820551820485001E-5
<1675,admissions4-1,stu4-9application4-9,setStatus> 1.3038625372950225E-4
<1676,registrar2-1,roster1-9,write> 1.5307897185840732E-4
<1677,registrar4-0,transcript2-15,read> 3.8767698516336234E-4
<1678,admissions4-0,stu1-11application1-11,setStatus> 1.69830990959771E-4
<1679,admissions0-1,stu3-17application3-17,setStatus> 1.792784558569811E-4
<1680,registrar4-1,transcript3-4,read> 9.059749601989444E-5
<1681,admissions4-0,stu2-4application2-4,setStatus> 3.437992654276311E-5
<1682,admissions4-0,stu1-2application1-2,read> 1.4850149565665447E-4
<1683,registrar4-0,roster4-2,write> 1.1495993780749572E-4
<1684,admissions0-1,stu2-8application2-8,setStatus> 2.487886810680885E-4
<1685,fac4-2,gradebook4-5,readScore> 1.4918612212266424E-4
<1686,admissions4-0,stu5-0application5-0,setStatus> 1.315161480370317E-4
<1687,registrar4-0,roster4-1,write> 1.1432377490517152E-4
<1688,registrar4-0,roster4-4,write> 8.887725881220502E-5
<1689,registrar4-0,roster4-3,write> 1.1559610070981983E-4
<1690,stu3-9,stu3-9application3-9,checkStatus> 9.464239059184601E-4
<1691,admissions4-1,stu5-15application5-15,setStatus> 4.3900256122726567E-5
<1692,admissions0-0,stu5-19application5-19,setStatus> 3.976064809715074E-5
<1693,registrar4-0,roster4-6,write> 9.269423622614999E-5
<1694,registrar4-0,roster4-5,write> 8.760493300755668E-5
<1695,registrar4-0,roster4-7,write> 9.078574751917749E-5
<1696,registrar0-0,transcript1-6,read> 2.971832646350932E-4
<1697,fac3-3,gradebook3-6,addScore> 3.231783257180015E-4
<1698,fac3-3,gradebook3-7,addScore> 8.113536422802063E-5
<1699,registrar0-0,transcript3-15,read> 3.388478657902918E-4
<1700,fac1-4,gradebook1-9,readScore> 1.0985085360818331E-4
<1701,fac1-4,gradebook1-8,readScore> 1.0904518727113352E-4
<1702,fac0-1,gradebook0-2,readScore> 7.875731119379956E-5
<1703,fac0-1,gradebook0-3,readScore> 1.116746734310012E-5
<1704,admissions2-0,stu0-13application0-13,setStatus> 1.765107601710982E-4
<1705,registrar2-0,roster4-6,write> 8.113004301275116E-5
<1706,registrar2-0,roster4-5,write> 7.667566261285176E-5
<1707,registrar2-0,roster4-8,write> 7.33348773129272E-5
<1708,admissions0-0,stu5-0application5-0,read> 1.359819448729611E-4
<1709,admissions0-1,stu1-8application1-8,setStatus> 1.6158494398506285E-4
<1710,registrar2-0,roster4-7,write> 7.945965036278888E-5
<1711,admissions4-0,stu2-13application2-13,setStatus> 1.0939067536333718E-4
<1712,admissions4-1,stu1-6application1-6,read> 2.4272286162723408E-5
<1713,registrar0-1,transcript0-12,read> 3.1895784294707323E-4
<1714,registrar2-0,roster4-9,write> 7.166448466296492E-5
<1715,admissions0-0,stu0-18application0-18,setStatus> 2.4836535067196945E-4
<1716,stu5-1,gradebook5-1,readMyScores> 6.447216514245925E-5
<1717,fac3-2,gradebook3-5,addScore> 1.6669108769575897E-4
<1718,admissions0-0,stu2-10application2-10,read> 1.35423974847837E-4
<1719,stu1-7,gradebook1-2,readMyScores> 7.384959474527174E-5
<1720,registrar4-1,roster0-9,read> 2.4670633872248454E-4
<1721,admissions0-0,stu2-6application2-6,read> 1.5606886577742996E-4
<1722,admissions0-0,stu2-4application2-4,setStatus> 4.039470494388271E-5
<1723,admissions4-1,application3-1,setStatus> 1.3310593918883486E-4
<1724,admissions0-1,stu3-19application3-19,read> 1.683305953862317E-4
<1725,admissions0-1,stu0-8application0-8,read> 1.611015319642765E-4
<1726,registrar2-1,roster5-1,read> 1.358899207673649E-4
<1727,registrar4-1,roster0-7,read> 2.298274054205411E-4
<1728,admissions2-1,stu1-1application1-1,setStatus> 2.0349697771832962E-4
<1729,admissions0-0,stu2-9application2-9,setStatus> 2.2617336103635045E-4
<1730,registrar0-1,transcript4-2,read> 2.0418606526572745E-4
<1731,admissions2-1,stu0-4application0-4,read> 1.1569251200505886E-4
<1732,registrar2-0,roster4-1,write> 1.0006115971232361E-4
<1733,registrar2-0,roster4-4,write> 7.778925771282662E-5
<1734,admissions4-0,stu4-12application4-12,setStatus> 1.757670933844207E-4
<1735,fac3-2,gradebook3-4,addScore> 5.468044723830321E-5
<1736,registrar0-1,transcript2-0,read> 2.2540437710597626E-4
<1737,chair0,transcript0-7,read> 6.324566533302234E-4
<1738,registrar2-0,roster4-3,write> 1.0117475481229847E-4
<1739,admissions4-1,stu0-15application0-15,setStatus> 1.282105053620362E-4
<1740,fac1-3,gradebook1-7,readScore> 4.302205043365563E-5
<1741,stu5-15,stu5-15application5-15,checkStatus> 4.6658770826267683E-4
<1742,fac1-3,gradebook1-6,readScore> 2.0688040084342328E-4
<1743,admissions0-1,stu3-6application3-6,setStatus> 2.3678236944071538E-4
<1744,fac0-0,gradebook0-1,readScore> 3.2515360603474994E-5
<1745,admissions4-0,stu1-6application1-6,read> 2.4080788835995805E-5
<1746,fac3-1,gradebook3-2,addScore> 3.3880810872501815E-4
<1747,admissions0-0,application4-4,setStatus> 1.8115532491838046E-4
<1748,fac3-1,gradebook3-3,addScore> 3.427155544767724E-4
<1749,admissions0-0,application4-2,setStatus> 1.779850406847206E-4
<1750,admissions4-1,stu0-19application0-19,setStatus> 1.0754089587110868E-4
<1751,stu5-11,transcript5-11,read> 1.3205789307008394E-4
<1752,admissions0-0,application4-3,setStatus> 1.817893817651124E-4
<1753,admissions0-1,application0-4,read> 6.823587108223708E-5
<1754,admissions0-0,application4-0,setStatus> 1.7101041537066888E-4
<1755,admissions0-0,stu1-0application1-0,setStatus> 2.3378204319713413E-4
<1756,admissions0-0,application4-1,setStatus> 1.7925315437818454E-4
<1757,admissions0-1,stu2-4application2-4,setStatus> 4.025800543476635E-5
<1758,fac0-3,gradebook0-7,readScore> 7.155938480898926E-5
<1759,fac0-3,gradebook0-6,readScore> 7.61266898681694E-6
<1760,registrar2-0,roster1-9,write> 1.5240012941114165E-4
<1761,registrar4-1,roster4-7,write> 9.220150966372608E-5
<1762,registrar0-1,roster0-2,read> 1.8718631598911613E-4
<1763,registrar0-1,transcript5-3,read> 2.8230803158664345E-4
<1764,registrar4-1,roster4-6,write> 9.413976037782485E-5
<1765,registrar4-1,roster4-5,write> 8.897109180689482E-5
<1766,registrar4-1,roster4-4,write> 9.026325894962731E-5
<1767,registrar4-1,roster4-3,write> 1.1739876894701003E-4
<1768,registrar4-1,roster4-2,write> 1.167526853756438E-4
<1769,registrar4-1,roster4-1,write> 1.1610660180427752E-4
<1770,admissions4-1,stu1-2application1-2,read> 1.4968242206346685E-4
<1771,admissions2-0,stu4-3application4-3,read> 1.840672855237535E-4
<1772,admissions0-1,application4-4,setStatus> 1.805422781335467E-4
<1773,registrar0-1,transcript3-15,read> 3.372827486272881E-4
<1774,registrar2-1,roster0-2,read> 1.958724559422074E-4
<1775,fac3-0,gradebook3-1,addScore> 6.138266283615035E-5
<1776,admissions0-1,application4-0,setStatus> 1.70431699921022E-4
<1777,registrar0-1,roster0-3,read> 1.8571650686634867E-4
<1778,registrar4-1,roster4-9,write> 8.315633966459848E-5
<1779,stu0-3,transcript0-3,read> 5.133378249416046E-4
<1780,registrar0-0,transcript4-19,read> 3.5531991740978886E-4
<1781,registrar4-1,roster4-8,write> 8.509459037869727E-5
<1782,admissions4-1,stu3-6application3-6,setStatus> 2.0381776113148167E-4
<1783,admissions0-1,application4-2,setStatus> 1.7738272244213272E-4
<1784,admissions4-0,stu2-4application2-4,read> 3.0254335357631535E-5
<1785,chair2,transcript2-10,read> 0.0018289093415045068
<1786,fac0-2,gradebook0-4,readScore> 3.248798763429821E-5
<1787,fac0-2,gradebook0-5,readScore> 1.6755762727107047E-5
<1788,admissions2-0,stu0-19application0-19,setStatus> 1.0584399810588408E-4
<1789,admissions0-0,stu1-12application1-12,setStatus> 1.5008653942851386E-4
<1790,admissions4-0,application0-0,setStatus> 6.783795839078895E-5
<1791,registrar0-1,transcript3-0,read> 7.012491318415557E-5
<1792,admissions4-0,stu5-10application5-10,setStatus> 1.9357540065836998E-4
<1793,admissions2-0,stu2-13application2-13,read> 9.549827706868513E-5
<1794,registrar0-0,roster4-7,read> 1.0536367335132613E-4
<1795,admissions4-0,application0-1,setStatus> 6.567937569091633E-5
<1796,admissions0-1,application0-1,read> 6.767978928054823E-5
<1797,admissions2-0,stu5-2application5-2,read> 1.3412944033100219E-4
<1798,admissions4-1,stu2-4application2-4,read> 3.049492649367632E-5
<1799,stu4-0,stu4-0application4-0,checkStatus> 6.86271750562915E-4
<1800,admissions0-0,stu2-16application2-16,setStatus> 1.2979672033309073E-4
<1801,admissions4-0,application0-4,setStatus> 6.621902136588448E-5
<1802,registrar2-0,roster5-6,read> 1.1614738892992909E-4
<1803,fac2-4,gradebook2-9,readScore> 1.9538603956312725E-4
<1804,admissions4-0,application0-2,setStatus> 6.513973001594816E-5
<1805,fac2-4,gradebook2-8,readScore> 1.3751202315489543E-4
<1806,admissions2-1,application2-4,read> 5.276368957760691E-5
<1807,admissions4-0,application0-3,setStatus> 6.675866704085265E-5
<1808,registrar0-1,transcript2-4,read> 1.8779009702553522E-4
<1809,admissions4-1,stu3-14application3-14,read> 1.1138925079606428E-4
<1810,stu1-18,transcript1-18,read> 1.6541988710884202E-4
<1811,admissions4-0,stu3-7application3-7,read> 1.3662929080735499E-4
<1812,admissions4-0,stu3-15application3-15,read> 1.337799616435231E-4
<1813,admissions2-1,stu0-19application0-19,setStatus> 1.024502025754349E-4
<1814,admissions0-1,stu1-12application1-12,setStatus> 1.4957863235768977E-4
<1815,admissions2-0,stu4-4application4-4,read> 1.2941832285998786E-4
<1816,admissions2-0,stu1-0application1-0,setStatus> 1.9738957623582052E-4
<1817,stu3-8,transcript3-8,read> 3.274638581542382E-4
<1818,admissions0-1,stu4-1application4-1,setStatus> 2.291994357813219E-4
<1819,fac3-0,gradebook3-1,readScore> 2.2614665255423808E-5
<1820,registrar2-0,transcript5-10,read> 3.1858889450110595E-5
<1821,admissions2-0,stu3-5application3-5,setStatus> 1.1655108326728016E-4
<1822,admissions0-1,stu4-17application4-17,setStatus> 1.0976823064587371E-4
<1823,registrar4-0,transcript3-10,read> 4.083403358839758E-4
<1824,admissions4-0,application5-4,setStatus> 2.070665425325739E-4
<1825,admissions4-1,application0-0,setStatus> 6.837742525671969E-5
<1826,admissions0-1,stu3-11application3-11,read> 1.371900144916556E-4
<1827,admissions4-1,application0-1,setStatus> 6.620167688925363E-5
<1828,admissions4-1,application0-2,setStatus> 6.565773979738711E-5
<1829,admissions4-1,application0-3,setStatus> 6.728955107298665E-5
<1830,fac2-2,gradebook2-5,readScore> 5.552600378682428E-4
<1831,admissions4-1,application0-4,setStatus> 6.674561398112015E-5
<1832,admissions0-1,application2-4,setStatus> 7.311738462547166E-5
<1833,admissions0-1,stu2-6application2-6,read> 1.5554071394738794E-4
<1834,admissions2-1,application3-1,read> 1.1158845836848592E-4
<1835,admissions2-0,stu3-13application3-13,read> 1.1198718821723509E-4
<1836,registrar2-0,transcript4-7,read> 2.0166132783335446E-4
<1837,registrar2-1,roster3-2,write> 8.876203437489319E-5
<1838,admissions2-1,stu4-4application4-4,read> 1.2526863715706243E-4
<1839,registrar2-0,roster1-9,read> 2.0955017794031976E-4
<1840,admissions4-0,stu0-4application0-4,read> 1.2048309221230767E-4
<1841,admissions0-0,stu3-1application3-1,setStatus> 2.0398137140073143E-4
<1842,admissions2-0,stu0-10application0-10,read> 1.8359617377665204E-4
<1843,admissions0-0,stu3-18application3-18,setStatus> 2.0017703032033964E-4
<1844,registrar0-0,roster3-9,read> 1.260364875096009E-4
<1845,admissions0-0,stu0-17application0-17,read> 2.0796007811397455E-4
<1846,registrar4-1,roster3-7,read> 1.4987456346396698E-4
<1847,admissions0-1,stu0-18application0-18,setStatus> 2.4752485879152286E-4
<1848,stu3-12,stu3-12application3-12,checkStatus> 8.134572487367371E-4
<1849,stu0-8,stu0-8application0-8,checkStatus> 0.0016748499409139864
<1850,registrar4-0,transcript0-16,read> 3.6816159837167175E-4
<1851,admissions2-1,stu1-0application1-0,setStatus> 1.910604515468964E-4
<1852,admissions4-1,stu4-15application4-15,read> 1.1348340859975035E-5
<1853,admissions0-0,stu4-8application4-8,read> 9.246028291327857E-5
<1854,admissions4-1,application3-3,read> 1.1904788504954482E-4
<1855,fac3-4,gradebook3-8,addScore> 1.141492121444109E-4
<1856,stu4-6,stu4-6application4-6,checkStatus> 6.804905915550139E-4
<1857,stu0-9,gradebook0-3,readScore> 2.4189311182286975E-5
<1858,fac0-4,gradebook0-8,changeScore> 2.72709691254754E-4
<1859,fac3-4,gradebook3-9,addScore> 8.099271263537514E-5
<1860,admissions0-1,stu3-18application3-18,setStatus> 1.9949961228203053E-4
<1861,admissions0-0,stu5-11application5-11,read> 1.186848740941129E-4
<1862,stu4-7,stu4-7application4-7,checkStatus> 4.3190075421527084E-4
<1863,admissions0-1,stu0-17application0-17,read> 2.0725632150445181E-4
<1864,admissions0-1,stu0-1application0-1,setStatus> 1.9404937871434143E-5
<1865,fac2-3,gradebook2-7,readScore> 1.9962366327623706E-4
<1866,admissions4-0,stu4-15application4-15,read> 1.1258807598752353E-5
<1867,admissions0-1,stu4-8application4-8,read> 9.214738855485799E-5
<1868,admissions0-1,stu3-0application3-0,setStatus> 9.460236332708666E-5
<1869,admissions4-1,stu0-4application0-4,read> 1.2144120825375745E-4
<1870,chair5,transcript5-19,read> 1.0315039496740656E-4
<1871,admissions0-1,stu4-6application4-6,read> 6.545546207379278E-5
<1872,fac0-2,gradebook0-4,addScore> 8.818168072166658E-5
<1873,admissions2-1,stu4-2application4-2,setStatus> 9.726831667067107E-5
<1874,admissions4-1,application3-1,read> 1.1713322648617467E-4
<1875,admissions4-1,application3-0,read> 1.1761189112701718E-4
<1876,fac1-4,gradebook1-8,addScore> 2.9597979402164816E-4
<1877,admissions0-1,stu3-3application3-3,read> 2.067002397027629E-4
<1878,admissions4-0,application3-1,read> 1.1620909846655987E-4
<1879,admissions4-0,application3-3,read> 1.1810865124244779E-4
<1880,admissions4-0,application3-4,read> 1.176337630484758E-4
<1881,admissions4-1,stu3-2application3-2,read> 4.772685356400748E-5
<1882,admissions0-0,stu4-6application4-6,read> 6.567772170732009E-5
<1883,admissions2-0,stu0-2application0-2,setStatus> 8.944877395249638E-6
<1884,admissions4-1,application5-0,setStatus> 2.0436169822334813E-4
<1885,admissions4-0,application3-0,read> 1.1668398666053185E-4
<1886,admissions4-0,stu3-2application3-2,read> 4.735031034062281E-5
<1887,admissions2-0,stu2-6application2-6,setStatus> 1.4974304726760802E-4
<1888,admissions0-1,stu4-3application4-3,setStatus> 2.4689294765324013E-4
<1889,admissions4-0,stu5-16application5-16,read> 1.2380730957011152E-4
<1890,admissions4-1,stu3-12application3-12,setStatus> 7.65364816347174E-5
<1891,stu1-18,gradebook1-2,readMyScores> 3.527846882735912E-5
<1892,admissions4-1,stu1-0application1-0,read> 1.764876419506486E-4
<1893,admissions4-1,stu1-19application1-19,setStatus> 4.825175285765868E-5
<1894,fac1-2,gradebook1-4,addScore> 3.1106733444706097E-4
<1895,fac1-2,gradebook1-5,addScore> 1.1511395306278496E-4
<1896,admissions0-1,stu1-8application1-8,read> 1.421947507068553E-4
<1897,chair5,transcript5-18,read> 1.1417760868329858E-4
<1898,admissions4-0,stu2-19application2-19,read> 1.1003555194492412E-4
<1899,chair5,transcript5-10,read> 1.7482728412070465E-4
<1900,admissions2-0,stu0-8application0-8,setStatus> 1.5509658984830604E-4
<1901,registrar4-1,transcript0-12,read> 3.8556156885249455E-4
<1902,admissions4-0,stu0-14application0-14,setStatus> 1.2665933696231829E-4
<1903,chair5,transcript5-11,read> 1.5277285668892064E-4
<1904,chair5,transcript5-12,read> 1.6380007040481262E-4
<1905,admissions4-1,stu5-16application5-16,read> 1.2479186073965516E-4
<1906,registrar4-0,transcript2-13,read> 3.842330933765934E-4
<1907,fac1-3,gradebook1-6,addScore> 5.615325165750062E-4
<1908,registrar0-0,transcript4-5,read> 2.0125778755684546E-4
<1909,fac1-3,gradebook1-7,addScore> 1.1677413689135101E-4
<1910,registrar2-1,transcript3-10,read> 3.5898926215140956E-4
<1911,admissions4-1,stu0-14application0-14,setStatus> 1.276665682701697E-4
<1912,admissions0-1,stu0-17application0-17,setStatus> 2.3551854716414978E-4
<1913,admissions2-1,stu3-11application3-11,read> 1.1250047028772437E-4
<1914,admissions4-0,application4-0,setStatus> 1.4554693558620378E-4
<1915,stu5-11,gradebook5-5,readMyScores> 1.4447832480057832E-5
<1916,admissions0-1,stu0-3application0-3,read> 8.714265233965827E-5
<1917,stu5-11,gradebook5-2,readMyScores> 2.09117764030605E-5
<1918,admissions2-0,stu3-18application3-18,read> 1.4873390449114646E-4
<1919,admissions2-0,stu5-15application5-15,read> 3.802264392231103E-5
<1920,admissions2-1,application5-4,setStatus> 1.9883328040404215E-4
<1921,admissions0-0,stu0-17application0-17,setStatus> 2.3631827058406198E-4
<1922,admissions4-0,stu5-3application5-3,setStatus> 1.5687949476053513E-4
<1923,admissions2-1,stu1-12application1-12,setStatus> 1.2265955760401386E-4
<1924,admissions4-0,stu3-11application3-11,read> 1.1715887485450383E-4
<1925,admissions2-0,stu2-5application2-5,setStatus> 1.449248589449798E-4
<1926,registrar2-1,roster3-3,write> 9.211770067838089E-5
<1927,admissions2-1,stu4-3application4-3,read> 1.7816532847289164E-4
<1928,registrar2-1,roster3-4,write> 9.043986752663705E-5
<1929,registrar2-1,transcript4-2,read> 2.1366105669337143E-4
<1930,registrar2-1,roster3-5,write> 9.323625611287678E-5
<1931,stu5-12,gradebook5-4,readMyScores> 3.318394282570229E-5
<1932,stu5-12,gradebook5-5,readMyScores> 1.4569755117020344E-5
<1933,stu5-12,gradebook5-2,readMyScores> 2.108824709000616E-5
<1934,registrar2-1,roster3-1,write> 8.98805898093891E-5
<1935,admissions0-0,stu0-8application0-8,setStatus> 1.8369155230530833E-4
<1936,admissions0-0,stu3-11application3-11,read> 1.3765585494833352E-4
<1937,admissions4-0,stu0-5application0-5,read> 1.532503775963743E-4
<1938,registrar2-1,roster3-7,write> 9.435481154737269E-5
<1939,registrar2-1,roster3-8,write> 9.491408926462063E-5
<1940,admissions4-0,stu4-7application4-7,read> 3.547810549132332E-5
<1941,registrar2-0,roster3-1,write> 8.948200626256254E-5
<1942,registrar2-0,roster3-4,write> 9.003880381254998E-5
<1943,admissions4-0,stu2-9application2-9,read> 1.6939657619142155E-4
<1944,registrar2-0,roster3-5,write> 9.282279156248708E-5
<1945,admissions2-1,stu0-13application0-13,read> 1.5034896493611936E-4
<1946,registrar0-1,roster3-3,write> 8.803265851969437E-5
<1947,admissions4-1,application4-4,read> 1.3675847676071845E-4
<1948,registrar2-0,roster3-3,write> 9.170919646251223E-5
<1949,admissions2-0,stu5-0application5-0,read> 1.1481385869984364E-4
<1950,admissions4-0,stu1-12application1-12,read> 1.1240999291478403E-4
<1951,fac5-1,roster5-2,read> 0.0017991629691905223
<1952,admissions2-0,stu1-0application1-0,read> 1.7370282708752203E-4
<1953,app4-2,application4-2,checkStatus> 0.0016228195098428775
<1954,chair0,transcript0-5,read> 6.159158327563854E-4
<1955,registrar2-0,roster3-8,write> 9.449318421244936E-5
<1956,registrar4-1,roster2-2,write> 8.638675752142976E-5
<1957,registrar2-0,roster3-9,write> 9.504998176243679E-5
<1958,registrar2-0,roster3-6,write> 9.33795891124745E-5
<1959,registrar2-0,roster3-7,write> 9.393638666246194E-5
<1960,admissions4-0,stu0-14application0-14,read> 1.1146021652684008E-4
<1961,admissions0-1,stu5-19application5-19,setStatus> 3.9626094296483555E-5
<1962,admissions4-0,stu5-8application5-8,setStatus> 2.065268968576058E-4
<1963,registrar0-1,transcript3-16,read> 3.363182799072768E-4
<1964,admissions0-0,stu1-8application1-8,read> 1.4267758517445071E-4
<1965,admissions0-1,stu0-6application0-6,read> 6.156288946197077E-5
<1966,registrar2-1,transcript1-4,read> 3.1155575064774436E-4
<1967,admissions2-0,stu1-16application1-16,read> 1.0444940026361224E-4
<1968,fac5-2,gradebook5-5,readScore> 6.207205623839294E-5
<1969,registrar2-0,transcript5-11,read> 2.783989682565512E-5
<1970,admissions4-1,stu4-7application4-7,read> 3.576023754294418E-5
<1971,stu5-10,gradebook5-1,readMyScores> 2.815325169736878E-5
<1972,admissions0-0,stu3-3application3-3,read> 2.0740210808885037E-4
<1973,stu5-10,gradebook5-7,readMyScores> 2.8883777925631367E-5
<1974,stu5-10,gradebook5-5,readMyScores> 1.4082064569170289E-5
<1975,admissions0-0,stu0-3application0-3,read> 8.743855268716135E-5
<1976,admissions0-0,stu2-7application2-7,read> 1.0306171339063714E-4
<1977,admissions2-1,stu0-17application0-17,read> 1.699572211997457E-4
<1978,admissions0-1,stu0-13application0-13,setStatus> 2.0834636821798964E-4
<1979,stu5-10,gradebook5-9,readMyScores> 1.4034362632580724E-5
<1980,admissions4-1,stu5-18application5-18,setStatus> 1.238590086271041E-4
<1981,admissions2-0,stu4-7application4-7,read> 3.519597343970246E-5
<1982,registrar0-0,transcript3-12,read> 3.417546984290265E-4
<1983,admissions4-0,stu5-1application5-1,setStatus> 3.276098951785864E-5
<1984,registrar4-0,transcript3-7,read> 9.035432757231233E-5
<1985,admissions0-0,stu5-4application5-4,read> 6.958351188318904E-5
<1986,stu5-15,gradebook5-9,readMyScores> 1.500643969804086E-5
<1987,admissions4-0,application5-0,read> 1.7841945187688915E-4
<1988,stu2-7,gradebook2-1,readMyScores> 1.3575789560188537E-4
<1989,admissions0-1,stu4-12application4-12,read> 1.8112047682507544E-4
<1990,admissions2-0,application1-0,read> 1.8707062291152504E-5
<1991,registrar0-1,transcript5-2,read> 2.8327250030665477E-4
<1992,stu5-15,gradebook5-8,readMyScores> 1.3567988953965563E-5
<1993,admissions4-1,stu5-19application5-19,setStatus> 3.410938846912931E-5
<1994,fac1-1,gradebook1-2,assignGrade> 3.0535287133345764E-4
<1995,admissions2-0,stu5-15application5-15,setStatus> 4.320754991171708E-5
<1996,admissions4-0,stu3-19application3-19,setStatus> 1.6335524286015306E-4
<1997,registrar2-1,transcript5-1,read> 2.913712776674613E-4
<1998,admissions4-0,stu2-1application2-1,setStatus> 1.2126288021263666E-4
<1999,admissions2-0,application1-3,read> 2.1062621026659642E-5
<2000,admissions0-0,stu0-6application0-6,read> 6.177193153145114E-5
<2001,admissions2-0,application1-4,read> 1.3524833073036808E-5
<2002,registrar2-0,transcript1-7,read> 3.0916938053753847E-4
<2003,stu5-16,gradebook5-5,readMyScores> 1.4935523027907885E-5
<2004,registrar0-0,transcript2-15,read> 3.2722053523535265E-4
<2005,admissions2-0,application1-1,read> 1.964928578535536E-5
<2006,admissions2-0,application1-2,read> 2.0591509279558215E-5
<2007,admissions0-1,stu2-14application2-14,read> 6.0450725858593045E-5
<2008,admissions2-1,stu2-12application2-12,setStatus> 5.4776852251607663E-5
<2009,registrar0-0,transcript2-9,read> 1.9253728964064115E-4
<2010,registrar2-0,roster1-2,write> 1.4905934411121708E-4
<2011,admissions4-0,stu3-14application3-14,read> 1.1051044013889611E-4
<2012,admissions2-1,stu4-7application4-7,read> 3.406744523321902E-5
<2013,admissions2-0,stu0-10application0-10,setStatus> 2.086320156552864E-4
<2014,registrar2-0,transcript2-10,read> 3.332833362842713E-4
<2015,admissions0-1,stu5-4application5-4,read> 6.934803468561479E-5
<2016,chair1,transcript1-10,read> 2.520177801319488E-4
<2017,registrar0-1,roster1-9,read> 2.0114950265540717E-4
<2018,registrar0-0,transcript3-1,read> 6.948137460086883E-5
<2019,stu5-16,gradebook5-7,readMyScores> 3.063430992112418E-5
<2020,stu5-16,gradebook5-6,readMyScores> 7.16151875922519E-5
<2021,admissions2-1,application1-1,read> 1.9019248565784846E-5
<2022,stu5-16,gradebook5-9,readMyScores> 1.4884930064858344E-5
<2023,registrar2-1,transcript4-8,read> 2.0356882020322988E-4
<2024,admissions2-1,application1-0,read> 1.8107236646546412E-5
<2025,fac4-2,gradebook4-4,assignGrade> 4.513223749013206E-4
<2026,admissions2-1,application1-2,read> 1.993126048502328E-5
<2027,admissions4-0,stu2-11application2-11,setStatus> 7.37740608154387E-5
<2028,admissions4-1,stu0-1application0-1,read> 1.4698993345872758E-5
<2029,admissions2-1,application1-3,read> 2.03872664446425E-5
<2030,admissions2-1,application1-4,read> 1.3091171090735025E-5
<2031,stu5-17,gradebook5-5,readMyScores> 1.4813600390945373E-5
<2032,admissions0-1,stu1-10application1-10,read> 1.2050756044098978E-4
<2033,admissions2-1,stu2-5application2-5,setStatus> 1.402779696802109E-4
<2034,admissions2-0,stu2-16application2-16,setStatus> 1.0959147791237274E-4
<2035,stu5-17,gradebook5-2,readMyScores> 2.1441188463897476E-5
<2036,app2-4,application2-4,checkStatus> 6.68928273539212E-4
<2037,admissions4-0,stu5-5application5-5,read> 8.344181308249325E-5
<2038,admissions0-1,stu3-6application3-6,read> 2.0836848510782954E-4
<2039,registrar2-1,transcript0-2,read> 1.7631978167984775E-4
<2040,admissions0-1,stu0-13application0-13,read> 1.8334480403183086E-4
<2041,admissions4-0,stu3-8application3-8,setStatus> 1.709102823097073E-4
<2042,admissions0-0,stu4-14application4-14,setStatus> 1.989089166268757E-4
<2043,fac3-4,gradebook3-8,changeScore> 4.742675811128442E-4
<2044,registrar4-0,roster4-8,read> 1.1520843894121608E-4
<2045,stu5-13,gradebook5-5,readMyScores> 1.4203987206132804E-5
<2046,admissions0-1,stu1-16application1-16,setStatus> 1.4009996528344785E-4
<2047,stu2-16,stu2-16application2-16,checkStatus> 0.0011834514252424013
<2048,admissions2-0,stu1-3application1-3,read> 1.3036054635419075E-4
<2049,admissions4-1,stu1-3application1-3,setStatus> 1.5051192612856328E-4
<2050,registrar0-1,transcript4-17,read> 3.517497794274577E-4
<2051,stu5-13,gradebook5-3,readMyScores> 4.722708201522459E-5
<2052,chair3,transcript3-9,read> 3.733171310067609E-4
<2053,registrar2-1,transcript0-8,read> 1.1374791544097024E-4
<2054,registrar2-0,transcript4-16,read> 3.674447735921429E-4
<2055,stu5-13,gradebook5-8,readMyScores> 1.2798953142809618E-5
<2056,registrar0-0,roster1-9,read> 2.0208291102039746E-4
<2057,admissions4-1,stu5-2application5-2,setStatus> 1.548634228634954E-4
<2058,registrar0-1,roster1-4,read> 1.9233064791880235E-4
<2059,registrar0-1,roster1-5,read> 1.9600517072572096E-4
<2060,admissions2-1,stu2-16application2-16,setStatus> 1.060775227087696E-4
<2061,registrar4-1,roster2-4,write> 8.767892466416229E-5
<2062,chair3,transcript3-4,read> 4.28453199586221E-4
<2063,stu4-8,gradebook4-9,readMyScores> 1.1589843670431241E-4
<2064,admissions0-0,stu0-13application0-13,setStatus> 2.0905382617458722E-4
<2065,registrar0-1,roster1-6,read> 1.945353616029535E-4
<2066,registrar4-1,transcript2-4,read> 2.2700380638121544E-4
<2067,chair3,transcript3-5,read> 4.22939592728275E-4
<2068,admissions4-1,stu1-11application1-11,read> 1.506397513451519E-4
<2069,stu5-14,gradebook5-3,readMyScores> 4.763246469346685E-5
<2070,registrar0-1,transcript2-15,read> 3.257091239871524E-4
<2071,registrar4-0,transcript3-16,read> 4.0030458838151504E-4
<2072,registrar0-1,roster1-1,read> 1.9747497984848848E-4
<2073,admissions4-1,stu3-11application3-11,read> 1.1809055576785971E-4
<2074,chair3,transcript3-0,read> 4.00885165296491E-4
<2075,registrar0-1,roster1-2,read> 1.9674007528710472E-4
<2076,registrar2-1,transcript0-18,read> 3.216479871378859E-4
<2077,registrar0-1,roster1-3,read> 1.9306555248018605E-4
<2078,admissions4-0,stu0-3application0-3,setStatus> 8.456697431480187E-5
<2079,stu5-14,gradebook5-4,readMyScores> 3.262856302945623E-5
<2080,admissions2-1,stu5-15application5-15,setStatus> 4.182213748969809E-5
<2081,admissions0-0,stu1-16application1-16,setStatus> 1.4057568672753423E-4
<2082,stu5-14,gradebook5-7,readMyScores> 2.9383929924343597E-5
<2083,stu5-14,gradebook5-6,readMyScores> 6.869211871093549E-5
<2084,admissions4-1,stu5-1application5-1,setStatus> 3.302151428539629E-5
<2085,registrar0-1,transcript0-11,read> 3.1220656190699406E-4
<2086,registrar0-0,roster1-5,read> 1.9691470748082874E-4
<2087,registrar0-0,roster1-6,read> 1.9543807789809483E-4
<2088,registrar4-0,transcript1-1,read> 3.027276544230623E-4
<2089,registrar0-0,roster1-2,read> 1.9765302227219572E-4
<2090,registrar4-0,roster0-7,write> 1.6458064418878047E-4
<2091,admissions4-1,stu2-12application2-12,setStatus> 5.749868341938941E-5
<2092,stu5-16,gradebook5-3,addScore> 1.3378790278818954E-4
<2093,registrar2-1,roster3-8,read> 1.3050687273885337E-4
<2094,registrar2-1,roster3-9,read> 1.312758796000693E-4
<2095,registrar0-1,roster1-1,write> 1.4361816716253707E-4
<2096,registrar0-1,roster1-2,write> 1.4308369111789437E-4
<2097,admissions0-0,stu0-15application0-15,setStatus> 1.4945248258178186E-4
<2098,registrar0-1,roster1-5,write> 1.4254921507325161E-4
<2099,admissions4-0,stu0-10application0-10,setStatus> 2.103044165823829E-4
<2100,registrar0-1,roster1-6,write> 1.414802629839662E-4
<2101,registrar0-1,roster1-3,write> 1.4041131089468078E-4
<2102,registrar0-1,roster1-4,write> 1.3987683485003805E-4
<2103,registrar0-1,roster1-9,write> 1.4629054738575067E-4
<2104,registrar2-1,roster3-1,read> 1.2358581098791E-4
<2105,registrar2-1,roster3-2,read> 1.2204779726547813E-4
<2106,registrar0-1,roster1-7,write> 1.452215952964652E-4
<2107,registrar2-1,roster3-3,read> 1.2666183843277373E-4
<2108,registrar0-1,roster1-8,write> 1.4575607134110797E-4
<2109,registrar2-1,roster3-4,read> 1.2435481784912596E-4
<2110,registrar2-1,roster3-5,read> 1.2819985215520557E-4
<2111,stu2-7,gradebook2-5,readMyScores> 1.6006255316543922E-4
<2112,registrar2-1,roster3-7,read> 1.2973786587763743E-4
<2113,registrar2-0,roster3-8,read> 1.2992812829211786E-4
<2114,registrar2-0,roster3-7,read> 1.2916253166088515E-4
<2115,registrar2-0,roster3-9,read> 1.3069372492335057E-4
<2116,admissions0-0,stu0-0application0-0,read> 1.3486600482271285E-4
<2117,admissions4-0,stu1-19application1-19,setStatus> 4.787106841696709E-5
<2118,registrar2-0,roster3-1,read> 1.2303775861102347E-4
<2119,registrar2-0,roster3-2,read> 1.2150656534855805E-4
<2120,stu4-9,gradebook4-1,addScore> 3.1685368346734817E-4
<2121,admissions0-0,stu5-12application5-12,read> 9.636607308914752E-5
<2122,admissions0-1,stu4-14application4-14,setStatus> 1.982357900054649E-4
<2123,registrar4-1,transcript5-6,read> 3.4708799413519885E-4
<2124,registrar2-0,roster3-6,read> 1.2839693502965244E-4
<2125,registrar2-0,roster3-4,read> 1.238033552422562E-4
<2126,fac1-4,gradebook1-9,assignGrade> 2.6536122652034446E-4
<2127,stu4-15,stu4-15application4-15,checkStatus> 1.3706164481231962E-4
<2128,fac5-4,gradebook5-8,assignGrade> 1.3138921639641545E-4
<2129,admissions0-0,stu1-19application1-19,read> 4.9496590978720166E-5
<2130,stu5-17,gradebook5-9,readMyScores> 1.4763420431675825E-5
<2131,registrar4-0,transcript5-0,read> 3.3487064443290556E-4
<2132,admissions2-0,stu2-18application2-18,read> 1.4213834003172642E-4
<2133,admissions0-1,stu1-19application1-19,read> 4.932908982481587E-5
<2134,admissions4-1,stu3-8application3-8,setStatus> 1.7226940980322387E-4
<2135,registrar4-0,transcript5-5,read> 3.3831453621967444E-4
<2136,registrar4-0,transcript5-3,read> 3.360186083618285E-4
<2137,registrar4-0,transcript5-2,read> 3.3716657229075154E-4
<2138,registrar4-0,transcript5-8,read> 3.440543558642893E-4
<2139,registrar4-0,transcript5-7,read> 3.4061046407752037E-4
<2140,stu5-18,gradebook5-5,readMyScores> 1.4691677753982858E-5
<2141,stu5-18,gradebook5-8,readMyScores> 1.3238402177755872E-5
<2142,admissions4-0,application5-3,read> 1.8079389284674906E-4
<2143,stu5-18,gradebook5-9,readMyScores> 1.464191079849331E-5
<2144,registrar4-1,transcript5-1,read> 3.3659520103048184E-4
<2145,fac3-2,gradebook3-4,changeScore> 5.022617324820233E-4
<2146,stu4-14,gradebook4-1,addScore> 1.4854281417453225E-4
<2147,registrar4-1,transcript5-2,read> 3.4242453053310245E-4
<2148,admissions2-0,stu4-2application4-2,setStatus> 1.0049045552518605E-4
<2149,stu0-2,stu0-2application0-2,checkStatus> 9.65935317570126E-5
<2150,stu5-9,stu5-9application5-9,checkStatus> 2.9893409703354775E-4
<2151,registrar4-1,transcript5-4,read> 3.447562623341506E-4
<2152,stu5-19,gradebook5-3,readMyScores> 5.047014344116276E-5
<2153,registrar4-1,transcript5-8,read> 3.494197259362471E-4
<2154,registrar4-1,transcript5-7,read> 3.459221282346747E-4
<2155,stu5-19,gradebook5-5,readMyScores> 1.517936830183291E-5
<2156,registrar0-1,transcript0-13,read> 3.170289055070506E-4
<2157,registrar0-0,roster0-1,read> 1.8510167081895745E-4
<2158,stu5-19,gradebook5-8,readMyScores> 1.3677851212702122E-5
<2159,registrar4-1,transcript5-9,read> 3.4825386003572295E-4
<2160,admissions0-0,stu5-4application5-4,setStatus> 7.9072172594533E-5
<2161,registrar2-1,transcript1-9,read> 3.085280797007019E-4
<2162,stu5-1,gradebook5-4,readMyScores> 7.34489780535419E-5
<2163,stu5-1,gradebook5-5,readMyScores> 3.224853747658478E-5
<2164,stu3-13,gradebook3-8,readMyScores> 2.4290677452808077E-5
<2165,admissions2-0,stu0-15application0-15,read> 1.1104496472303223E-4
<2166,admissions0-1,stu0-12application0-12,read> 5.600207144508217E-5
<2167,registrar4-0,transcript2-12,read> 3.830851294476704E-4
<2168,admissions4-0,stu0-1application0-1,setStatus> 1.6571619268813872E-5
<2169,registrar4-0,roster2-8,write> 1.181407523191165E-4
<2170,registrar4-1,transcript1-8,read> 3.5524905543886766E-4
<2171,stu3-14,gradebook3-6,readMyScores> 2.8170418973511822E-5
<2172,registrar2-0,transcript4-14,read> 3.6543527727991507E-4
<2173,app2-3,application2-3,checkStatus> 6.5736595552341E-4
<2174,registrar0-0,transcript2-19,read> 3.369099773644685E-4
<2175,admissions0-1,stu4-12application4-12,setStatus> 2.0581872366485845E-4
<2176,stu5-0,gradebook5-2,readMyScores> 4.7205908757963574E-5
<2177,admissions0-0,stu2-5application2-5,read> 1.510471355513128E-4
<2178,registrar2-1,transcript4-12,read> 3.6403538039648034E-4
<2179,registrar2-1,transcript3-16,read> 3.5192469660831057E-4
<2180,registrar2-0,roster5-8,write> 8.781161361260027E-5
<2181,admissions2-1,stu1-8application1-8,read> 1.1660452392429731E-4
<2182,stu5-0,gradebook5-5,readMyScores> 3.261430538747232E-5
<2183,registrar4-0,transcript4-12,read> 4.1408015552859065E-4
<2184,stu3-14,gradebook3-8,readMyScores> 2.443068135743521E-5
<2185,stu2-15,gradebook2-5,readMyScores> 1.0914940989277228E-4
<2186,admissions4-1,stu3-17application3-17,read> 1.3580114747903342E-4
<2187,stu5-0,gradebook5-8,readMyScores> 2.9388154212030668E-5
<2188,admissions2-1,stu2-6application2-6,setStatus> 1.4494166699449834E-4
<2189,stu3-15,gradebook3-8,readMyScores> 2.4010669643553802E-5
<2190,admissions4-1,stu4-6application4-6,read> 5.634281709917306E-5
<2191,stu3-15,gradebook3-4,readMyScores> 5.2859604578743795E-5
<2192,stu3-15,gradebook3-1,readMyScores> 2.9084326216917958E-5
<2193,admissions0-1,stu3-16application3-16,read> 3.876353559272754E-5
<2194,admissions0-1,stu1-14application1-14,setStatus> 2.1466547960081756E-4
<2195,admissions0-0,stu4-12application4-12,setStatus> 2.0651759878765932E-4
<2196,admissions0-0,stu1-9application1-9,read> 1.6946014638040923E-4
<2197,stu1-12,gradebook1-8,addScore> 2.108484820287995E-4
<2198,registrar4-1,transcript1-6,read> 3.5758078723991586E-4
<2199,admissions4-0,stu2-17application2-17,setStatus> 1.1532677778798692E-4
<2200,stu3-16,gradebook3-1,readMyScores> 2.9253914124888323E-5
<2201,chair0,transcript0-8,read> 6.214294396143313E-4
<2202,stu3-16,gradebook3-6,readMyScores> 2.784754884201025E-5
<2203,admissions2-0,stu1-17application1-17,setStatus> 6.408636597643943E-5
<2204,admissions4-0,stu0-9application0-9,setStatus> 1.1802500616282772E-4
<2205,registrar2-1,roster0-4,write> 1.4413052838244014E-4
<2206,registrar4-1,roster3-1,write> 1.0383101394831866E-4
<2207,registrar4-1,roster3-2,write> 1.0253884680558616E-4
<2208,admissions0-0,stu3-16application3-16,read> 3.889516050136159E-5
<2209,registrar4-1,roster3-3,write> 1.0641534823378368E-4
<2210,registrar4-1,roster3-4,write> 1.0447709751968494E-4
<2211,registrar4-1,roster3-5,write> 1.0770751537651621E-4
<2212,registrar4-1,roster3-6,write> 1.0835359894788246E-4
<2213,registrar4-1,roster3-7,write> 1.0899968251924871E-4
<2214,registrar4-1,roster3-8,write> 1.0964576609061496E-4
<2215,fac0-1,gradebook0-2,assignGrade> 1.0939381174920322E-4
<2216,registrar0-1,transcript0-14,read> 3.160644367870392E-4
<2217,admissions0-1,stu3-18application3-18,read> 1.7555965880818687E-4
<2218,stu1-13,gradebook1-5,addScore> 8.389660985931784E-5
<2219,stu3-17,gradebook3-6,readMyScores> 2.881615923651496E-5
<2220,registrar2-0,transcript0-14,read> 3.2926434365981584E-4
<2221,stu3-17,gradebook3-9,readMyScores> 4.20045666335766E-5
<2222,admissions2-0,stu4-13application4-13,read> 1.685205978694064E-4
<2223,stu3-10,gradebook3-2,readMyScores> 3.399142551842761E-5
<2224,stu3-10,gradebook3-3,readMyScores> 2.8223757408057677E-5
<2225,registrar2-1,transcript3-17,read> 3.4990624931028225E-4
<2226,admissions2-1,stu0-3application0-3,setStatus> 8.12044703659032E-5
<2227,stu1-11,gradebook1-7,addScore> 8.296075045143119E-5
<2228,admissions4-1,stu4-10application4-10,setStatus> 3.193364010166326E-5
<2229,admissions2-0,stu4-10application4-10,setStatus> 3.1429756234181396E-5
<2230,admissions2-1,stu4-13application4-13,read> 1.6311713180545748E-4
<2231,admissions0-0,stu2-10application2-10,setStatus> 1.5389088050890567E-4
<2232,stu3-11,gradebook3-3,readMyScores> 2.788061142133357E-5
<2233,admissions4-0,stu0-11application0-11,setStatus> 1.8116355013410225E-4
<2234,admissions0-1,stu2-12application2-12,read> 5.8782480453526465E-5
<2235,admissions2-0,stu1-3application1-3,setStatus> 1.481369844933986E-4
<2236,stu3-11,gradebook3-2,readMyScores> 3.357815590726132E-5
<2237,admissions2-1,stu1-17application1-17,setStatus> 6.203149251827703E-5
<2238,admissions4-0,stu3-17application3-17,setStatus> 1.5310197503575805E-4
<2239,admissions4-1,stu0-9application0-9,setStatus> 1.1896357480030548E-4
<2240,registrar4-0,roster1-6,write> 1.683976216027254E-4
<2241,stu1-7,stu1-7application1-7,checkStatus> 3.567456871125577E-4
<2242,admissions2-1,stu5-16application5-16,read> 1.188845537223934E-4
<2243,admissions0-0,application1-1,setStatus> 2.6445454315779324E-5
<2244,admissions4-0,application3-0,setStatus> 1.3259543938696803E-4
<2245,admissions0-0,application1-2,setStatus> 2.7713568009243268E-5
<2246,admissions0-1,stu3-8application3-8,setStatus> 2.0013152342031334E-4
<2247,admissions0-0,application1-3,setStatus> 2.8347624855975242E-5
<2248,admissions0-0,application1-4,setStatus> 1.8202715308263694E-5
<2249,registrar4-0,roster4-3,read> 1.5894463847600227E-4
<2250,admissions2-1,stu4-10application4-10,setStatus> 3.042198849921766E-5
<2251,admissions0-1,stu4-4application4-4,setStatus> 1.7359125561243593E-4
<2252,stu3-11,gradebook3-7,readMyScores> 4.2793592857061724E-5
<2253,admissions0-0,application4-3,read> 1.5997465595329893E-4
<2254,registrar4-0,roster4-6,read> 1.2745457481095623E-4
<2255,registrar4-0,roster4-5,read> 1.2045678288539044E-4
<2256,admissions4-0,stu4-14application4-14,read> 1.4897638385062643E-4
<2257,admissions0-0,stu2-12application2-12,read> 5.8982081405830446E-5
<2258,stu0-4,transcript0-4,read> 5.085718257932106E-4
<2259,admissions4-0,stu4-6application4-6,read> 5.589829783211844E-5
<2260,registrar2-0,roster5-4,write> 8.224363811272601E-5
<2261,admissions4-1,stu0-5application0-5,read> 1.5446906847189218E-4
<2262,admissions4-0,stu4-13application4-13,setStatus> 1.9303575498340182E-4
<2263,stu4-18,gradebook4-9,addScore> 2.898636253652541E-4
<2264,admissions0-0,application1-0,setStatus> 2.5177340622315384E-5
<2265,admissions0-1,application1-4,setStatus> 1.8141115594868558E-5
<2266,stu5-4,gradebook5-7,addScore> 2.0185756213402295E-4
<2267,registrar4-1,roster0-9,write> 1.7942279179817059E-4
<2268,admissions0-1,application1-2,setStatus> 2.761978266911047E-5
<2269,admissions2-0,stu5-16application5-16,read> 1.228227584005679E-4
<2270,admissions0-1,application1-3,setStatus> 2.8251693807393262E-5
<2271,stu3-12,gradebook3-9,readMyScores> 3.776881201506467E-5
<2272,registrar4-1,roster4-1,read> 1.5964657748088158E-4
<2273,registrar4-1,roster4-4,read> 1.2411198105573753E-4
<2274,admissions0-0,stu4-13application4-13,read> 1.9959052773711256E-4
<2275,admissions4-1,stu1-1application1-1,read> 1.879755933308694E-4
<2276,stu5-17,transcript5-17,read> 1.0346189817971991E-4
<2277,stu3-12,gradebook3-6,readMyScores> 2.5910328053000845E-5
<2278,registrar4-1,roster4-3,read> 1.614233073021388E-4
<2279,registrar4-1,roster4-6,read> 1.2944217051950917E-4
<2280,registrar4-1,roster4-5,read> 1.2233525123448038E-4
<2281,stu0-3,gradebook0-4,readMyScores> 2.4171634948385983E-5
<2282,registrar4-1,roster4-8,read> 1.1700506177070874E-4
<2283,chair1,transcript1-0,read> 0.0014650112888800705
<2284,admissions2-0,stu3-19application3-19,read> 1.426094517788279E-4
<2285,registrar4-1,roster4-7,read> 1.2677707578762337E-4
<2286,registrar4-0,roster4-9,read> 1.125842669691289E-4
<2287,stu3-13,gradebook3-2,readMyScores> 3.585113876867594E-5
<2288,stu3-13,gradebook3-5,readMyScores> 2.859936016631117E-5
<2289,admissions4-0,stu3-6application3-6,setStatus> 2.0220973145786052E-4
<2290,stu3-13,gradebook3-3,readMyScores> 2.9767914348316155E-5
<2291,admissions4-0,stu2-10application2-10,setStatus> 1.3097650236206353E-4
<2292,admissions2-0,stu0-3application0-3,setStatus> 8.389447352502214E-5
<2293,admissions0-1,application1-1,setStatus> 2.635596039254488E-5
<2294,admissions0-1,application1-0,setStatus> 2.5092138115979285E-5
<2295,admissions4-1,stu0-1application0-1,setStatus> 1.6703401529400863E-5
<2296,registrar2-0,transcript4-19,read> 3.6844952174825676E-4
<2297,registrar2-0,transcript4-18,read> 3.6945426990437057E-4
<2298,registrar4-1,roster0-8,write> 1.7813062465543808E-4
<2299,registrar2-0,transcript4-17,read> 3.6644002543602904E-4
<2300,registrar4-0,transcript2-17,read> 3.945647687369001E-4
<2301,registrar2-0,transcript4-15,read> 3.6342578096768745E-4
<2302,admissions4-0,stu0-6application0-6,read> 5.257408047431458E-5
<2303,admissions0-1,stu0-0application0-0,setStatus> 1.5273818804910374E-4
<2304,stu1-16,gradebook1-9,readScore> 8.119410918865724E-5
<2305,admissions2-1,stu5-16application5-16,setStatus> 1.3509608377544705E-4
<2306,stu3-9,transcript3-9,read> 3.226978590058442E-4
<2307,admissions2-0,stu4-19application4-19,setStatus> 6.783384578292805E-5
<2308,stu1-17,gradebook1-5,readScore> 3.205938996092905E-5
<2309,admissions0-0,stu4-9application4-9,setStatus> 1.5198870996870975E-4
<2310,admissions4-0,stu1-1application1-1,read> 1.8649255117441282E-4
<2311,admissions2-1,stu5-18application5-18,read> 1.0383635705495922E-4
<2312,registrar2-1,transcript4-13,read> 3.6302615674746615E-4
<2313,registrar2-1,transcript4-14,read> 3.6706305134352274E-4
<2314,registrar4-1,transcript2-11,read> 3.878933006535427E-4
<2315,registrar4-1,transcript2-10,read> 3.867274347530186E-4
<2316,stu5-9,gradebook5-8,readMyScores> 3.103608809307911E-5
<2317,stu5-9,gradebook5-9,readMyScores> 3.432647137406107E-5
<2318,admissions2-1,stu5-3application5-3,read> 1.3256473251096988E-4
<2319,registrar4-1,transcript2-19,read> 4.053812891614043E-4
<2320,stu5-9,gradebook5-1,readMyScores> 6.885968488750372E-5
<2321,registrar4-1,transcript2-18,read> 4.030495573603562E-4
<2322,stu1-15,gradebook1-4,readScore> 8.50787196623273E-5
<2323,admissions2-1,stu4-19application4-19,setStatus> 6.565881265161173E-5
<2324,admissions2-1,stu0-8application0-8,setStatus> 1.5012355289926215E-4
<2325,admissions4-0,stu3-5application3-5,setStatus> 1.1748536048785954E-4
<2326,admissions2-0,stu5-16application5-16,setStatus> 1.3957131636428173E-4
<2327,stu4-17,gradebook4-1,addScore> 1.47413211024916E-4
<2328,stu4-9,transcript4-9,read> 9.708737431874292E-4
<2329,admissions2-0,stu5-11application5-11,read> 1.0020939453969939E-4
<2330,admissions2-0,stu5-18application5-18,read> 1.072760707462208E-4
<2331,admissions2-1,stu0-2application0-2,setStatus> 8.658067699209568E-6
<2332,admissions0-1,stu4-9application4-9,setStatus> 1.5147436577253812E-4
<2333,admissions2-0,stu1-10application1-10,read> 1.0209384152810511E-4
<2334,stu5-8,gradebook5-8,readMyScores> 3.1255812610552244E-5
<2335,admissions2-0,stu1-4application1-4,setStatus> 2.080966613972166E-4
<2336,registrar4-0,transcript1-0,read> 3.0502358228090825E-4
<2337,stu5-8,gradebook5-5,readMyScores> 3.468699021583504E-5
<2338,registrar0-1,transcript1-0,read> 2.562673761463381E-4
<2339,stu1-14,gradebook1-5,readScore> 3.1196805477675346E-5
<2340,registrar0-1,transcript1-2,read> 2.99668468546847E-4
<2341,registrar2-0,roster1-3,read> 2.0112861499675997E-4
<2342,registrar0-1,transcript1-1,read> 2.5433843870631553E-4
<2343,stu5-7,gradebook5-8,readMyScores> 2.9717740988240364E-5
<2344,admissions0-0,stu1-13application1-13,read> 1.3430803479758872E-4
<2345,registrar0-1,transcript1-4,read> 2.9773953110682436E-4
<2346,stu5-7,gradebook5-4,readMyScores> 7.511511744228008E-5
<2347,stu5-7,gradebook5-7,readMyScores> 6.76455578258293E-5
<2348,admissions4-0,stu1-16application1-16,read> 1.0528667000520432E-4
<2349,registrar0-0,transcript1-0,read> 2.5745655190571794E-4
<2350,stu1-13,gradebook1-5,readScore> 3.0909277316590784E-5
<2351,admissions0-0,stu0-0application0-0,setStatus> 1.5325682366217367E-4
<2352,admissions2-1,stu4-0application4-0,read> 5.4131707456464566E-5
<2353,registrar0-1,transcript5-5,read> 2.842369690266661E-4
<2354,admissions0-1,stu4-13application4-13,read> 1.9891509447911895E-4
<2355,registrar0-0,transcript1-8,read> 2.9524537620927003E-4
<2356,stu4-7,gradebook4-3,readMyScores> 1.8079605052396974E-4
<2357,registrar0-0,transcript1-9,read> 2.962143204221817E-4
<2358,registrar0-0,transcript1-7,read> 2.9815220884800485E-4
<2359,registrar2-0,transcript3-19,read> 3.4433556600152395E-4
<2360,stu5-6,gradebook5-5,readMyScores> 3.33458412092474E-5
<2361,admissions2-0,stu5-3application5-3,read> 1.3695611081361074E-4
<2362,admissions2-0,stu4-6application4-6,read> 5.545377856506383E-5
<2363,fac3-1,gradebook3-2,assignGrade> 1.7338044345018426E-4
<2364,registrar2-0,transcript4-6,read> 2.0969931308226542E-4
<2365,registrar2-0,transcript4-10,read> 3.403165733770684E-4
<2366,stu5-6,gradebook5-1,readMyScores> 6.66659250149815E-5
<2367,admissions2-1,stu1-14application1-14,setStatus> 1.7603298242308127E-4
<2368,registrar2-0,transcript4-11,read> 3.4333081784541003E-4
<2369,admissions0-1,stu3-1application3-1,read> 1.7889614961832E-4
<2370,admissions4-1,stu1-18application1-18,read> 1.0708126902848147E-4
<2371,registrar4-0,transcript2-11,read> 3.819371655187474E-4
<2372,registrar0-1,transcript4-19,read> 3.536787168674803E-4
<2373,stu5-6,gradebook5-2,readMyScores> 4.826473287963753E-5
<2374,registrar2-0,transcript4-12,read> 3.6242103281157353E-4
<2375,registrar2-0,transcript4-13,read> 3.614162846554596E-4
<2376,registrar4-1,transcript3-10,read> 4.147082163655973E-4
<2377,stu1-12,gradebook1-8,readScore> 7.768101969482085E-5
<2378,admissions4-0,stu3-16application3-16,setStatus> 3.761780059257207E-5
<2379,stu3-18,gradebook3-5,readMyScores> 2.958838703085219E-5
<2380,admissions2-0,stu0-16application0-16,read> 1.1245829996433653E-4
<2381,registrar2-0,roster5-1,read> 1.3528730471074686E-4
<2382,registrar2-1,transcript0-9,read> 1.1778481003702686E-4
<2383,registrar2-1,transcript0-6,read> 1.1072024449392779E-4
<2384,registrar2-1,transcript0-7,read> 1.1576636273899855E-4
<2385,stu3-18,gradebook3-1,readMyScores> 3.04410294806809E-5
<2386,registrar2-1,transcript0-1,read> 1.7329211073280524E-4
<2387,registrar2-1,transcript0-0,read> 1.8035667627590437E-4
<2388,registrar2-1,transcript0-5,read> 1.127386917919561E-4
<2389,registrar4-0,roster3-9,write> 1.0859830878425407E-4
<2390,registrar2-1,transcript0-4,read> 1.0769257354688534E-4
<2391,stu5-5,gradebook5-2,readMyScores> 4.87941449404745E-5
<2392,stu5-14,transcript5-14,read> 1.2252589477329594E-4
<2393,registrar4-0,roster3-8,write> 1.079621458819299E-4
<2394,admissions0-1,stu5-2application5-2,setStatus> 1.7991036699526393E-4
<2395,registrar0-1,transcript5-7,read> 2.8616590646668867E-4
<2396,admissions4-0,stu5-15application5-15,read> 3.832743465515519E-5
<2397,registrar4-0,roster3-4,write> 1.0287284266333661E-4
<2398,stu5-5,gradebook5-9,readMyScores> 3.359741357496597E-5
<2399,registrar4-0,roster3-7,write> 1.0732598297960572E-4
<2400,admissions2-1,stu1-17application1-17,read> 5.458771341608378E-5
<2401,admissions2-0,stu2-16application2-16,read> 9.6440500562888E-5
<2402,registrar4-0,roster3-1,write> 1.0223667976101243E-4
<2403,registrar4-0,roster3-2,write> 1.009643539563641E-4
<2404,admissions4-1,stu3-16application3-16,setStatus> 3.791694811219491E-5
<2405,stu1-11,gradebook1-7,readScore> 3.056448700842201E-5
<2406,stu3-19,gradebook3-6,readMyScores> 2.849328910501339E-5
<2407,admissions4-0,stu1-3application1-3,read> 1.3140552067366322E-4
<2408,registrar2-0,transcript0-5,read> 1.1223874193922014E-4
<2409,stu3-19,gradebook3-1,readMyScores> 2.99322657567698E-5
<2410,registrar2-0,transcript0-6,read> 1.102292456269924E-4
<2411,registrar2-0,transcript0-7,read> 1.1525298640756175E-4
<2412,registrar0-1,transcript0-4,read> 1.0291684966454009E-4
<2413,registrar2-0,transcript0-8,read> 1.13243490095334E-4
<2414,stu3-19,gradebook3-4,readMyScores> 5.4400700922147405E-5
<2415,registrar4-0,transcript2-7,read> 2.2007425154060826E-4
<2416,registrar2-0,transcript0-9,read> 1.1726248271978946E-4
<2417,registrar2-0,transcript0-1,read> 1.7252363130605222E-4
<2418,registrar2-0,transcript0-4,read> 1.072150011586508E-4
<2419,stu5-4,gradebook5-2,readMyScores> 4.9323557001311484E-5
<2420,registrar2-0,transcript0-3,read> 1.0821974931476467E-4
<2421,stu5-4,gradebook5-1,readMyScores> 6.8128431596663E-5
<2422,stu4-3,gradebook4-2,readMyScores> 9.860942379992341E-5
<2423,stu5-4,gradebook5-5,readMyScores> 3.4077377031022484E-5
<2424,stu4-6,gradebook4-8,readMyScores> 1.4499042072949476E-4
<2425,registrar2-1,transcript2-15,read> 3.4082323646915483E-4
<2426,stu5-4,gradebook5-9,readMyScores> 3.3961942474513535E-5
<2427,admissions0-0,application1-3,read> 2.494590987325821E-5
<2428,admissions0-0,application1-4,read> 1.6018389471272048E-5
<2429,admissions0-0,application1-1,read> 2.3271999797885803E-5
<2430,admissions0-0,application1-2,read> 2.4387939848134074E-5
<2431,admissions0-0,application1-0,read> 2.2156059747637538E-5
<2432,admissions0-1,stu2-11application2-11,read> 7.602101630588111E-5
<2433,registrar4-1,transcript3-17,read> 4.0421542326088037E-4
<2434,admissions4-1,stu4-11application4-11,setStatus> 1.929390192941514E-4
<2435,stu5-3,gradebook5-2,readMyScores> 4.544120188850699E-5
<2436,stu5-3,gradebook5-9,readMyScores> 3.128873054449815E-5
<2437,admissions2-1,stu5-11application5-11,read> 9.699626766067096E-5
<2438,stu5-3,gradebook5-7,readMyScores> 6.43945698341998E-5
<2439,admissions0-1,application1-4,read> 1.596418172348433E-5
<2440,admissions0-1,application1-0,read> 2.2081081542061773E-5
<2441,admissions0-1,application1-1,read> 2.3193245145439494E-5
<2442,admissions0-1,application1-2,read> 2.430540874881721E-5
<2443,admissions4-1,stu0-6application0-6,read> 5.299216461327534E-5
<2444,admissions0-1,application1-3,read> 2.486149055050607E-5
<2445,admissions2-1,stu5-0application5-0,read> 1.111324524088667E-4
<2446,registrar0-0,roster3-8,write> 9.112594379507925E-5
<2447,admissions0-0,stu2-11application2-11,read> 7.627915218467866E-5
<2448,admissions4-0,stu4-11application4-11,setStatus> 1.9141681795849732E-4
<2449,admissions2-1,stu0-16application0-16,read> 1.0885242261077062E-4
<2450,registrar0-0,transcript2-8,read> 1.8478573593734842E-4
<2451,admissions4-1,stu5-15application5-15,read> 3.8632225387999373E-5
<2452,admissions0-0,stu0-12application0-12,read> 5.619223128020977E-5
<2453,stu4-11,gradebook4-6,addScore> 1.8512159089837388E-4
<2454,admissions0-0,stu1-8application1-8,setStatus> 1.621336195164213E-4
<2455,admissions4-0,stu3-12application3-12,read> 6.682072629347397E-5
<2456,stu5-2,gradebook5-8,readMyScores> 2.8728980659611293E-5
<2457,admissions2-0,stu3-15application3-15,setStatus> 1.508137557837476E-4
<2458,stu5-2,gradebook5-6,readMyScores> 1.5287650249284795E-4
<2459,admissions2-0,stu1-17application1-17,read> 5.6396002059266684E-5
<2460,stu1-17,gradebook1-5,addScore> 8.701834417966456E-5
<2461,stu5-2,gradebook5-4,readMyScores> 7.261590835917279E-5
<2462,chair4,transcript4-1,read> 0.0011617629116930399
<2463,stu5-2,gradebook5-3,readMyScores> 1.060075703603539E-4
<2464,admissions4-0,stu2-12application2-12,read> 5.0199639504454686E-5
<2465,stu3-1,transcript3-1,read> 3.417618555994203E-4
<2466,admissions4-0,stu5-15application5-15,setStatus> 4.355390301722181E-5
<2467,registrar4-1,transcript1-3,read> 3.634101167425365E-4
<2468,registrar4-1,transcript1-4,read> 3.5991251904096406E-4
<2469,admissions2-1,stu4-18application4-18,setStatus> 1.0212633470638717E-5
<2470,registrar4-1,transcript1-5,read> 3.6107838494148816E-4
<2471,registrar4-1,transcript1-2,read> 3.622442508420123E-4
<2472,admissions2-0,stu5-10application5-10,setStatus> 1.920360336551225E-4
<2473,admissions4-1,stu3-11application3-11,setStatus> 1.3419381337256787E-4
<2474,registrar4-1,roster1-2,read> 2.3782268961619854E-4
<2475,admissions2-0,application2-4,read> 5.451155507086097E-5
<2476,admissions4-1,stu2-15application2-15,setStatus> 3.8460885204061427E-5
<2477,admissions0-0,application5-0,read> 2.0963398818934695E-4
<2478,admissions2-0,application2-1,read> 4.885821410564385E-5
<2479,admissions4-0,stu3-12application3-12,setStatus> 7.593264351531134E-5
<2480,fac4-2,gradebook4-4,addScore> 5.490158416120181E-4
<2481,registrar4-1,transcript1-7,read> 3.5874665314044E-4
<2482,admissions2-0,application2-0,read> 4.838710235854242E-5
<2483,admissions4-1,stu5-4application5-4,read> 5.9693469585070806E-5
<2484,admissions2-0,application2-3,read> 5.356933157665812E-5
<2485,admissions4-1,stu5-4application5-4,setStatus> 6.783348816485319E-5
<2486,admissions2-0,application2-2,read> 4.9329325852745274E-5
<2487,registrar4-0,transcript1-4,read> 3.5438603122459603E-4
<2488,admissions2-1,application2-0,read> 4.683561210255709E-5
<2489,registrar4-0,transcript1-2,read> 3.5668195908244207E-4
<2490,registrar4-0,transcript1-3,read> 3.5782992301136514E-4
<2491,admissions4-1,stu5-5application5-5,setStatus> 9.557427985004536E-5
<2492,registrar4-0,transcript1-9,read> 3.5094213943782714E-4
<2493,admissions2-1,application2-3,read> 5.185167765836849E-5
<2494,fac5-4,gradebook5-9,changeScore> 3.734886361837991E-4
<2495,admissions2-1,application2-2,read> 4.774762402179553E-5
<2496,stu4-7,gradebook4-7,addScore> 3.321914140417321E-4
<2497,registrar4-0,transcript1-6,read> 3.5209010336675016E-4
<2498,admissions2-1,application2-1,read> 4.729161806217631E-5
<2499,admissions2-1,stu5-17application5-17,read> 1.1478050008582043E-4
<2500,admissions4-0,stu3-17application3-17,read> 1.3472973803146707E-4
<2501,admissions0-1,stu3-14application3-14,setStatus> 1.470509878045586E-4
<2502,registrar0-0,roster3-6,read> 1.2382154313550004E-4
<2503,registrar0-0,roster3-7,write> 9.0588987583176E-5
<2504,admissions0-1,stu0-19application0-19,setStatus> 1.2493409796466076E-4
<2505,admissions4-1,stu3-9application3-9,read> 7.836139057792954E-5
<2506,admissions4-0,stu0-13application0-13,setStatus> 1.7792567608429337E-4
<2507,admissions4-0,stu5-5application5-5,setStatus> 9.482024213919688E-5
<2508,stu3-8,gradebook3-8,readMyScores> 3.7171036678504574E-5
<2509,stu3-9,gradebook3-1,readMyScores> 4.451682584222137E-5
<2510,admissions4-0,stu2-13application2-13,read> 9.626379431973672E-5
<2511,admissions0-1,stu2-18application2-18,setStatus> 1.906528563460714E-4
<2512,admissions4-1,stu4-3application4-3,read> 1.8701826404918438E-4
<2513,chair1,transcript1-4,read> 0.0017020963837717485
<2514,admissions0-0,stu2-8application2-8,setStatus> 2.496334643654334E-4
<2515,registrar4-1,transcript0-19,read> 3.704053121456811E-4
<2516,admissions2-0,stu5-17application5-17,read> 1.1858275267665508E-4
<2517,admissions0-0,stu3-14application3-14,setStatus> 1.4755031204158597E-4
<2518,admissions4-1,stu0-13application0-13,setStatus> 1.793405919974885E-4
<2519,admissions0-0,stu0-12application0-12,setStatus> 6.385480827296566E-5
<2520,admissions4-0,stu3-9application3-9,read> 7.774315475482949E-5
<2521,admissions2-0,stu3-3application3-3,read> 1.751161623288263E-4
<2522,registrar0-1,roster5-7,read> 1.1737038265766109E-4
<2523,admissions2-0,stu4-18application4-18,setStatus> 1.0550940169459047E-5
<2524,stu3-9,gradebook3-5,readMyScores> 4.326992532366963E-5
<2525,admissions4-1,stu2-13application2-13,read> 9.70293115707883E-5
<2526,admissions4-0,stu5-4application5-4,read> 5.9222515189922295E-5
<2527,stu3-6,gradebook3-2,readMyScores> 5.3415097243243395E-5
<2528,admissions4-1,application4-0,read> 1.2909984250723794E-4
<2529,stu3-6,gradebook3-5,readMyScores> 4.261057408064229E-5
<2530,stu3-6,gradebook3-3,readMyScores> 4.435161878409064E-5
<2531,registrar4-1,transcript5-12,read> 3.4635932794737125E-5
<2532,registrar0-0,transcript2-5,read> 1.8381679172443683E-4
<2533,registrar4-1,transcript5-13,read> 3.11383350931648E-5
<2534,stu2-10,gradebook2-1,readMyScores> 1.0499793668555404E-4
<2535,stu0-13,gradebook0-7,readMyScores> 1.739107446512305E-5
<2536,admissions4-0,stu4-10application4-10,read> 2.7879894387771633E-5
<2537,admissions2-1,stu5-10application5-10,read> 1.6357313776507666E-4
<2538,registrar0-0,transcript2-2,read> 1.8672362436317162E-4
<2539,registrar0-0,transcript3-9,read> 6.560559774922245E-5
<2540,registrar4-1,transcript5-16,read> 2.6474871491068348E-5
<2541,registrar4-1,transcript5-17,read> 2.530900559054424E-5
<2542,stu2-10,gradebook2-5,readMyScores> 1.2379565658764908E-4
<2543,registrar4-1,transcript5-14,read> 2.9972469192640686E-5
<2544,registrar0-0,transcript2-3,read> 1.8963045700190638E-4
<2545,registrar4-1,transcript5-15,read> 2.8806603292116576E-5
<2546,registrar4-0,transcript5-18,read> 2.3772419694779898E-5
<2547,registrar0-0,transcript2-0,read> 2.264503370925469E-4
<2548,registrar4-0,transcript5-17,read> 2.4920383623702868E-5
<2549,admissions4-1,application4-3,read> 1.37237141401561E-4
<2550,admissions2-1,stu3-15application3-15,setStatus> 1.459780441754511E-4
<2551,admissions4-1,application4-1,read> 1.3532248283819085E-4
<2552,registrar2-1,roster0-5,read> 1.9741046966463926E-4
<2553,admissions4-1,application4-2,read> 1.3436515355650581E-4
<2554,stu3-7,gradebook3-1,readMyScores> 4.316012257845843E-5
<2555,admissions4-0,stu0-7application0-7,setStatus> 1.1640606913792323E-4
<2556,admissions4-1,stu1-11application1-11,setStatus> 1.7118153561949083E-4
<2557,stu3-7,gradebook3-9,readMyScores> 5.9888863911738066E-5
<2558,registrar4-0,transcript5-10,read> 3.6400022912932596E-5
<2559,stu3-7,gradebook3-8,readMyScores> 3.563099372760608E-5
<2560,registrar0-1,transcript2-7,read> 1.8489669086550127E-4
<2561,registrar4-0,transcript5-11,read> 3.180816719724071E-5
<2562,admissions2-0,stu5-10application5-10,read> 1.689917096165078E-4
<2563,registrar0-1,transcript2-6,read> 1.8200328470546737E-4
<2564,registrar4-0,transcript5-12,read> 3.410409505508665E-5
<2565,registrar4-0,transcript5-13,read> 3.0660203268317733E-5
<2566,stu2-11,gradebook2-3,readMyScores> 1.2496986141562964E-4
<2567,registrar4-0,transcript5-14,read> 2.9512239339394764E-5
<2568,stu2-11,gradebook2-4,readMyScores> 1.2409534254061288E-4
<2569,registrar0-1,transcript2-3,read> 1.887545657455465E-4
<2570,registrar4-0,transcript5-15,read> 2.8364275410471787E-5
<2571,registrar0-1,transcript2-2,read> 1.8586115958551258E-4
<2572,registrar4-0,transcript5-16,read> 2.606834755262584E-5
<2573,admissions4-1,stu3-19application3-19,setStatus> 1.6465429051709267E-4
<2574,admissions4-0,application4-0,read> 1.2808130331585935E-4
<2575,admissions4-0,stu4-9application4-9,read> 1.1383465749669996E-4
<2576,admissions4-0,application4-1,read> 1.3425484983749507E-4
<2577,admissions4-0,application4-2,read> 1.3330507344955114E-4
<2578,admissions4-0,application4-4,read> 1.3567951441941103E-4
<2579,admissions2-1,stu5-0application5-0,setStatus> 1.2628687773734855E-4
<2580,stu0-0,gradebook0-4,readMyScores> 2.492831221633546E-5
<2581,registrar4-0,transcript2-2,read> 2.2122221546953125E-4
<2582,registrar2-0,roster0-8,write> 1.535137245111165E-4
<2583,registrar4-0,transcript2-1,read> 2.2237017939845418E-4
<2584,registrar4-1,roster1-5,write> 1.7231587251314177E-4
<2585,registrar2-0,roster0-7,write> 1.4404816616133027E-4
<2586,registrar4-0,transcript2-4,read> 2.235181433273772E-4
<2587,registrar2-0,roster0-6,write> 1.446049637113177E-4
<2588,registrar4-0,transcript2-3,read> 2.2466610725630013E-4
<2589,registrar2-0,roster0-5,write> 1.429345710613554E-4
<2590,registrar2-0,roster0-4,write> 1.4349136861134282E-4
<2591,admissions0-1,stu2-5application2-5,setStatus> 1.710636110593048E-4
<2592,registrar2-0,roster0-3,write> 1.407073808614057E-4
<2593,registrar2-0,roster0-2,write> 1.4182097596138055E-4
<2594,admissions2-1,stu4-16application4-16,setStatus> 1.5582362739450237E-4
<2595,stu3-4,gradebook3-6,readMyScores> 4.4798230745842586E-5
<2596,registrar0-0,roster4-6,write> 7.823899470940145E-5
<2597,registrar2-0,roster0-9,write> 1.5462731961109135E-4
<2598,admissions2-0,stu1-2application1-2,setStatus> 1.6740973778391153E-4
<2599,stu3-5,gradebook3-2,readMyScores> 5.6721254132573744E-5
<2600,registrar4-1,transcript2-3,read> 2.2816967228173952E-4
<2601,registrar0-1,transcript3-13,read> 3.3921168606731067E-4
<2602,registrar4-1,transcript2-2,read> 2.246720745801672E-4
<2603,registrar4-1,transcript2-1,read> 2.258379404806913E-4
<2604,stu2-17,gradebook2-1,readScore> 1.231823791033973E-4
<2605,registrar4-1,transcript2-0,read> 2.7247257650165577E-4
<2606,stu3-5,gradebook3-1,readMyScores> 4.655188073786578E-5
<2607,admissions2-0,stu5-18application5-18,setStatus> 1.219046258479782E-4
<2608,stu3-5,gradebook3-7,readMyScores> 7.228825378008273E-5
<2609,stu3-5,gradebook3-6,readMyScores> 4.431392554859024E-5
<2610,registrar4-1,transcript2-9,read> 2.3166726998331187E-4
<2611,registrar4-1,transcript2-7,read> 2.235062086796431E-4
<2612,admissions2-0,stu4-5application4-5,read> 7.288491320781663E-5
<2613,admissions2-0,application2-0,setStatus> 5.498534358925275E-5
<2614,admissions0-1,stu3-2application3-2,read> 5.544598964339331E-5
<2615,admissions2-0,application2-1,setStatus> 5.552069784732256E-5
<2616,stu2-14,gradebook2-3,readMyScores> 1.1072828176712484E-4
<2617,stu3-2,gradebook3-3,readMyScores> 4.658206769779732E-5
<2618,admissions0-1,stu5-6application5-6,setStatus> 3.7730360881635176E-5
<2619,stu3-2,gradebook3-4,readMyScores> 8.368153144681598E-5
<2620,admissions0-1,stu3-3application3-3,setStatus> 2.3488663602586694E-4
<2621,admissions4-1,stu2-9application2-9,setStatus> 1.940268934778844E-4
<2622,registrar0-1,roster3-9,read> 1.2545433283288218E-4
<2623,registrar4-0,roster3-9,read> 1.4932267457834933E-4
<2624,stu2-14,gradebook2-6,readMyScores> 1.7746851787897168E-4
<2625,stu2-14,gradebook2-9,readMyScores> 1.7258546167936943E-4
<2626,admissions2-1,stu2-9application2-9,read> 1.626611258458382E-4
<2627,stu2-14,gradebook2-8,readMyScores> 1.6146778346914342E-4
<2628,admissions2-0,application2-4,setStatus> 6.19449489441602E-5
<2629,admissions2-0,application2-3,setStatus> 6.08742404280206E-5
<2630,admissions2-0,application2-2,setStatus> 5.605605210539236E-5
<2631,admissions0-0,stu2-9application2-9,read> 1.9903255771198838E-4
<2632,registrar2-1,roster0-1,write> 1.402155843617045E-4
<2633,admissions2-1,application2-0,setStatus> 5.3222286480178514E-5
<2634,admissions2-1,application2-1,setStatus> 5.37404750706549E-5
<2635,stu2-14,gradebook2-1,readScore> 1.1573933504881137E-4
<2636,admissions2-1,application2-2,setStatus> 5.425866366113128E-5
<2637,admissions2-0,stu4-16application4-16,setStatus> 1.6098548668707388E-4
<2638,admissions0-0,stu5-6application5-6,setStatus> 3.785847755695482E-5
<2639,stu2-15,gradebook2-3,readMyScores> 1.1144036074955008E-4
<2640,registrar4-1,transcript4-17,read> 4.252010094703143E-4
<2641,stu3-3,gradebook3-5,readMyScores> 4.425895218821065E-5
<2642,admissions2-0,stu2-9application2-9,read> 1.680494861223049E-4
<2643,stu2-15,gradebook2-7,readMyScores> 1.3909433104365932E-4
<2644,admissions2-1,application2-4,setStatus> 5.99587381563715E-5
<2645,registrar2-1,roster0-5,write> 1.435712506651922E-4
<2646,admissions2-1,application2-3,setStatus> 5.8922360975418735E-5
<2647,registrar2-1,roster0-2,write> 1.4245269523069628E-4
<2648,registrar2-1,roster0-3,write> 1.413341397962004E-4
<2649,registrar2-1,roster0-8,write> 1.541975272929032E-4
<2650,stu2-15,gradebook2-1,readMyScores> 9.257564558472792E-5
<2651,stu3-3,gradebook3-3,readMyScores> 4.606734871771116E-5
<2652,registrar2-1,roster0-6,write> 1.4524908381693605E-4
<2653,registrar0-1,roster0-9,read> 2.040891209009421E-4
<2654,registrar2-1,roster0-7,write> 1.446898060996881E-4
<2655,admissions4-0,stu3-13application3-13,setStatus> 1.2827827398722273E-4
<2656,admissions2-0,stu1-4application1-4,read> 1.831250620295506E-4
<2657,admissions0-0,stu2-15application2-15,setStatus> 4.4833102871006516E-5
<2658,admissions2-0,stu1-10application1-10,setStatus> 1.1601572900921036E-4
<2659,registrar4-1,roster0-1,write> 1.6197853537128166E-4
<2660,admissions2-0,application3-0,read> 1.1575608219404651E-4
<2661,stu1-2,gradebook1-7,readScore> 6.909602039344692E-5
<2662,stu3-0,gradebook3-5,readMyScores> 4.67315193495632E-5
<2663,stu3-0,gradebook3-8,readMyScores> 3.969110696179301E-5
<2664,stu2-12,gradebook2-1,readMyScores> 9.316718325619582E-5
<2665,admissions4-0,stu0-16application0-16,setStatus> 1.288179196621909E-4
<2666,admissions0-1,stu2-15application2-15,setStatus> 4.4681383402745914E-5
<2667,admissions2-1,stu1-10application1-10,setStatus> 1.1229578579448618E-4
<2668,registrar4-1,transcript5-18,read> 2.414313969002013E-5
<2669,registrar4-1,transcript5-19,read> 2.181140788897191E-5
<2670,stu3-1,gradebook3-8,readMyScores> 3.941109915253874E-5
<2671,stu3-1,gradebook3-7,readMyScores> 7.413167008777154E-5
<2672,stu3-1,gradebook3-4,readMyScores> 8.676372413362319E-5
<2673,admissions0-0,stu3-3application3-3,setStatus> 2.3568421373733E-4
<2674,admissions4-1,stu3-4application3-4,setStatus> 5.369112377632381E-5
<2675,admissions4-1,stu2-11application2-11,setStatus> 7.436073326725136E-5
<2676,admissions2-1,stu1-6application1-6,setStatus> 2.6276479775406595E-5
<2677,stu2-18,gradebook2-3,readMyScores> 1.1357659769682579E-4
<2678,admissions4-0,stu2-18application2-18,setStatus> 1.628155971851849E-4
<2679,registrar2-1,roster2-6,read> 1.4050396193466047E-4
<2680,stu2-18,gradebook2-7,readMyScores> 1.4176067604769113E-4
<2681,registrar2-1,roster2-5,read> 1.0359163259629584E-4
<2682,admissions4-0,stu3-4application3-4,setStatus> 5.326752516664867E-5
<2683,registrar2-1,roster2-8,read> 1.4281098251830825E-4
<2684,registrar2-1,roster2-7,read> 1.4127296879587638E-4
<2685,registrar2-1,roster2-1,read> 1.1128170120845515E-4
<2686,registrar2-1,roster2-4,read> 1.043606394575118E-4
<2687,registrar2-1,roster2-3,read> 1.0051560515143213E-4
<2688,stu2-19,gradebook2-1,readMyScores> 9.553333394206746E-5
<2689,registrar2-1,transcript0-10,read> 3.2770332903197077E-4
<2690,stu2-19,gradebook2-3,readMyScores> 1.1500075566167626E-4
<2691,admissions4-0,stu1-15application1-15,setStatus> 1.5040374666091725E-4
<2692,stu2-19,gradebook2-7,readMyScores> 1.435382393837123E-4
<2693,registrar2-0,roster2-5,read> 1.0313224619897301E-4
<2694,registrar2-0,roster2-3,read> 1.0006985967404219E-4
<2695,registrar2-0,roster2-1,read> 1.1078821251130014E-4
<2696,registrar0-0,transcript0-7,read> 1.1114597575606734E-4
<2697,stu1-10,transcript1-10,read> 2.178458777411761E-4
<2698,registrar0-1,roster0-4,read> 1.893910296732674E-4
<2699,admissions2-1,stu5-5application5-5,read> 8.012404715475992E-5
<2700,registrar0-1,roster0-6,read> 1.9086083879603483E-4
<2701,registrar2-1,transcript4-4,read> 2.0861493844830066E-4
<2702,admissions4-1,stu0-3application0-3,read> 7.501073809203182E-5
<2703,registrar0-1,roster0-7,read> 1.901259342346511E-4
<2704,registrar0-0,roster0-9,read> 2.050361701858653E-4
<2705,admissions4-0,stu5-13application5-13,setStatus> 2.0167008578289233E-4
<2706,admissions2-1,stu5-6application5-6,read> 2.7227355838930755E-5
<2707,stu2-16,gradebook2-1,readMyScores> 9.671640928500328E-5
<2708,admissions0-1,stu1-4application1-4,setStatus> 2.4562912537667446E-4
<2709,registrar0-1,transcript2-14,read> 3.247446552671411E-4
<2710,admissions2-1,stu3-5application3-5,read> 9.927629745876704E-5
<2711,stu2-16,gradebook2-8,readMyScores> 1.697748076990672E-4
<2712,admissions4-0,stu1-18application1-18,setStatus> 1.207232345376685E-4
<2713,admissions4-0,stu2-5application2-5,read> 1.2855619150983134E-4
<2714,registrar2-0,transcript5-6,read> 2.991218989763998E-4
<2715,stu2-16,gradebook2-4,readMyScores> 1.156101909139043E-4
<2716,admissions2-0,stu3-10application3-10,read> 4.791599061144099E-5
<2717,admissions2-1,stu3-15application3-15,read> 1.2846067887439696E-4
<2718,registrar0-0,roster0-2,read> 1.8805492998442527E-4
<2719,admissions2-0,stu1-6application1-6,setStatus> 2.7146922169622962E-5
<2720,registrar0-0,roster0-6,read> 1.9174650394126008E-4
<2721,registrar0-0,roster0-7,read> 1.9100818914989312E-4
<2722,registrar0-1,transcript5-4,read> 2.8520143774667735E-4
<2723,stu0-12,stu0-12application0-12,checkStatus> 5.82210888420697E-4
<2724,admissions2-1,stu4-12application4-12,setStatus> 1.6877834215641194E-4
<2725,registrar0-0,roster0-4,read> 1.9026987435852616E-4
<2726,stu2-17,gradebook2-4,readMyScores> 1.1702438285168905E-4
<2727,admissions2-0,stu5-6application5-6,read> 2.8129297233181045E-5
<2728,admissions4-1,stu2-18application2-18,setStatus> 1.6411035342522612E-4
<2729,admissions0-0,stu5-2application5-2,read> 1.5885871590305066E-4
<2730,stu2-17,gradebook2-8,readMyScores> 1.7185156375654814E-4
<2731,registrar2-1,transcript1-1,read> 2.661406864421074E-4
<2732,stu5-7,gradebook5-2,readScore> 4.313876284229822E-5
<2733,registrar2-1,transcript1-3,read> 3.1458342159478687E-4
<2734,registrar4-0,roster2-9,write> 1.1877691522144067E-4
<2735,admissions0-0,stu4-0application4-0,setStatus> 7.526783151414116E-5
<2736,registrar2-1,transcript1-0,read> 2.6815913374013574E-4
<2737,admissions0-0,application5-0,setStatus> 2.382204411242579E-4
<2738,registrar4-0,roster2-3,write> 8.315179269128753E-5
<2739,registrar4-0,roster2-4,write> 8.633260720290836E-5
<2740,registrar4-0,roster2-1,write> 9.205807332382583E-5
<2741,registrar4-0,roster2-2,write> 8.506028139826E-5
<2742,admissions4-0,stu3-2application3-2,setStatus> 5.3807170841616836E-5
<2743,registrar4-0,roster2-7,write> 1.1686842651446816E-4
<2744,admissions0-0,stu0-13application0-13,read> 1.8396736703363674E-4
<2745,registrar4-0,roster2-5,write> 8.569644430058417E-5
<2746,registrar4-0,roster2-6,write> 1.1623226361214403E-4
<2747,registrar2-1,transcript1-6,read> 3.0953730334971603E-4
<2748,registrar2-1,transcript1-5,read> 3.125649742967585E-4
<2749,registrar2-1,transcript1-7,read> 3.105465269987302E-4
<2750,registrar4-1,transcript0-11,read> 3.7740050754882573E-4
<2751,registrar2-0,transcript1-3,read> 3.1318837316199403E-4
<2752,registrar2-1,roster1-5,write> 1.4916402783767167E-4
<2753,registrar2-0,transcript1-0,read> 2.6696995798075596E-4
<2754,admissions0-1,stu2-3application2-3,read> 7.101628009068137E-5
<2755,registrar2-0,transcript1-1,read> 2.6496046166852823E-4
<2756,admissions2-0,stu5-0application5-0,setStatus> 1.3047029397709504E-4
<2757,admissions4-0,stu3-11application3-11,setStatus> 1.3313508506193616E-4
<2758,admissions0-1,stu3-5application3-5,read> 1.2106364224267865E-4
<2759,admissions4-0,stu2-5application2-5,setStatus> 1.46086581261172E-4
<2760,stu5-6,gradebook5-8,readScore> 5.21595099137995E-5
<2761,registrar0-0,transcript4-0,read> 2.031956759826687E-4
<2762,registrar2-0,transcript1-6,read> 3.081646323814246E-4
<2763,registrar2-0,transcript1-5,read> 3.111788768497662E-4
<2764,registrar2-0,transcript1-4,read> 3.1017412869365234E-4
<2765,admissions4-1,stu2-3application2-3,setStatus> 6.946529944045271E-5
<2766,admissions0-1,stu1-12application1-12,read> 1.31629196474767E-4
<2767,admissions0-0,application2-4,setStatus> 7.336566097394524E-5
<2768,admissions0-0,application2-1,setStatus> 6.575697881316157E-5
<2769,admissions0-0,application2-0,setStatus> 6.512292196642961E-5
<2770,admissions2-1,application3-4,read> 1.1295647624734356E-4
<2771,registrar0-0,transcript4-10,read> 3.281894794482642E-4
<2772,registrar4-0,transcript0-10,read> 3.727534540873636E-4
<2773,admissions0-0,application2-3,setStatus> 7.209754728048131E-5
<2774,fac5-3,gradebook5-7,assignGrade> 1.8737751913477387E-4
<2775,stu0-18,gradebook0-5,addScore> 7.14684573462321E-5
<2776,registrar0-0,transcript4-11,read> 3.31096312086999E-4
<2777,registrar2-0,transcript2-11,read> 3.342880844403852E-4
<2778,registrar4-0,transcript0-11,read> 3.716054901584407E-4
<2779,admissions0-0,application2-2,setStatus> 6.639103565989354E-5
<2780,admissions0-0,stu5-0application5-0,setStatus> 1.5452493735563762E-4
<2781,admissions4-1,stu5-7application5-7,read> 8.47635301491984E-6
<2782,admissions2-1,stu5-11application5-11,setStatus> 1.1022303143258065E-4
<2783,admissions4-1,stu4-7application4-7,setStatus> 4.063663357152748E-5
<2784,admissions0-1,stu4-0application4-0,setStatus> 7.501311804032005E-5
<2785,stu5-8,gradebook5-1,readScore> 7.670938844962812E-5
<2786,admissions0-1,application2-3,setStatus> 7.185356234890608E-5
<2787,stu0-5,transcript0-5,read> 5.324018215351805E-4
<2788,admissions0-1,application2-2,setStatus> 6.616636210436092E-5
<2789,admissions0-1,application2-1,setStatus> 6.553445096607813E-5
<2790,registrar4-1,roster2-6,write> 1.180448525183763E-4
<2791,registrar4-1,roster2-7,write> 1.1869093608974252E-4
<2792,admissions4-1,stu4-5application4-5,setStatus> 8.415160092084858E-5
<2793,registrar4-1,roster2-8,write> 1.1998310323247502E-4
<2794,admissions4-0,stu5-7application5-7,read> 8.409478434920474E-6
<2795,registrar4-1,roster2-3,write> 8.444850680733101E-5
<2796,registrar4-1,roster2-5,write> 8.703284109279601E-5
<2797,registrar4-1,roster2-1,write> 9.34936768064586E-5
<2798,admissions0-1,application2-0,setStatus> 6.490253982779534E-5
<2799,admissions4-1,stu5-11application5-11,setStatus> 1.1569995224910638E-4
<2800,admissions4-0,stu4-5application4-5,setStatus> 8.348768296486555E-5
<2801,admissions2-1,stu0-11application0-11,setStatus> 1.7396022806117576E-4
<2802,admissions4-0,stu5-11application5-11,setStatus> 1.1478713211301876E-4
<2803,admissions0-0,stu1-10application1-10,setStatus> 1.374054024938744E-4
<2804,admissions0-1,stu1-5application1-5,read> 1.1939539683761208E-4
<2805,admissions4-1,stu2-0application2-0,setStatus> 1.086287700548417E-4
<2806,admissions2-0,stu3-15application3-15,read> 1.3271610508969788E-4
<2807,admissions4-0,stu2-3application2-3,setStatus> 6.891724974072527E-5
<2808,admissions2-0,stu0-11application0-11,setStatus> 1.79722885719517E-4
<2809,admissions4-0,stu1-17application1-17,read> 5.684807422006241E-5
<2810,admissions2-1,stu0-9application0-9,setStatus> 1.1333216297543895E-4
<2811,admissions0-1,stu1-18application1-18,read> 1.244001330528118E-4
<2812,registrar2-1,roster1-5,read> 2.0510053827679854E-4
<2813,admissions0-1,stu4-2application4-2,read> 1.0438118819201289E-4
<2814,admissions2-0,stu0-9application0-9,setStatus> 1.1708643752534997E-4
<2815,admissions0-0,stu2-3application2-3,read> 7.125742195856143E-5
<2816,admissions2-0,stu1-7application1-7,setStatus> 3.30358190083908E-5
<2817,admissions2-1,stu5-4application5-4,setStatus> 6.462243547065896E-5
<2818,stu1-0,gradebook1-7,readScore> 6.851659883878488E-5
<2819,admissions4-1,stu2-1application2-1,read> 1.0755993366932399E-4
<2820,admissions4-1,stu5-3application5-3,setStatus> 1.5812704541469445E-4
<2821,admissions2-1,stu1-16application1-16,setStatus> 1.148867287468681E-4
<2822,admissions2-1,stu2-13application2-13,setStatus> 1.0504114552781683E-4
<2823,admissions2-1,stu3-8application3-8,setStatus> 1.641146448421245E-4
<2824,admissions2-1,stu1-7application1-7,setStatus> 3.19765542706468E-5
<2825,admissions0-0,stu4-2application4-2,read> 1.0473562346600952E-4
<2826,admissions2-1,stu5-1application5-1,read> 2.768336179854997E-5
<2827,admissions2-0,stu1-16application1-16,setStatus> 1.1869250029955937E-4
<2828,admissions2-0,stu2-13application2-13,setStatus> 1.0852076939623312E-4
<2829,admissions2-1,stu1-7application1-7,read> 2.8139367758169183E-5
<2830,stu2-2,gradebook2-5,readMyScores> 1.698267176286904E-4
<2831,admissions0-0,application0-3,read> 6.902554185806491E-5
<2832,admissions0-1,stu5-17application5-17,setStatus> 1.590572994319317E-4
<2833,admissions0-0,application0-2,read> 6.735163178269249E-5
<2834,admissions0-0,application0-1,read> 6.790960180781661E-5
<2835,registrar0-1,transcript0-0,read> 1.7235859750535428E-4
<2836,admissions2-1,stu3-2application3-2,read> 4.546759422369944E-5
<2837,registrar0-1,transcript0-2,read> 1.6850072262530904E-4
<2838,admissions0-0,application0-4,read> 6.846757183294076E-5
<2839,stu5-1,gradebook5-2,readScore> 4.218189564431748E-5
<2840,admissions2-1,stu1-16application1-16,read> 1.0110032129724391E-4
<2841,admissions2-1,stu0-13application0-13,setStatus> 1.708510965183175E-4
<2842,admissions2-0,stu5-1application5-1,read> 2.8600408980282472E-5
<2843,registrar0-1,transcript0-5,read> 1.0773919326459661E-4
<2844,registrar0-1,transcript0-6,read> 1.0581025582457399E-4
<2845,registrar0-1,transcript0-7,read> 1.1063259942463054E-4
<2846,admissions2-0,stu1-7application1-7,read> 2.9071520727383898E-5
<2847,stu0-10,stu0-10application0-10,checkStatus> 0.0022529658417040875
<2848,admissions0-1,application0-2,read> 6.712370747885935E-5
<2849,admissions0-1,application0-3,read> 6.879195288392592E-5
<2850,registrar0-0,transcript0-0,read> 1.731584053824093E-4
<2851,stu5-0,gradebook5-6,readScore> 7.367907718754642E-5
<2852,admissions4-0,stu2-1application2-1,read> 1.0671133458712026E-4
<2853,admissions2-1,stu0-1application0-1,read> 1.4003183009973459E-5
<2854,registrar4-0,transcript3-14,read> 4.02600516239361E-4
<2855,admissions2-0,stu1-12application1-12,read> 1.1151607647013367E-4
<2856,admissions2-1,stu0-5application0-5,setStatus> 1.6722377638498281E-4
<2857,registrar0-0,transcript0-5,read> 1.0823914311733257E-4
<2858,registrar0-0,transcript0-6,read> 1.0630125469150938E-4
<2859,registrar0-0,transcript0-3,read> 1.043633662656862E-4
<2860,registrar0-0,transcript0-9,read> 1.1308386418189053E-4
<2861,admissions2-1,stu4-6application4-6,read> 5.367570149684535E-5
<2862,registrar0-0,transcript0-8,read> 1.0920808733024417E-4
<2863,admissions0-1,application0-0,read> 6.990411648730365E-5
<2864,registrar2-1,transcript2-19,read> 3.509154729592963E-4
<2865,registrar4-1,transcript0-17,read> 3.727370439467293E-4
<2866,registrar0-1,transcript4-18,read> 3.546431855874916E-4
<2867,registrar4-1,transcript0-18,read> 3.7157117804620523E-4
<2868,stu5-3,gradebook5-5,readScore> 6.994991020300298E-5
<2869,registrar0-0,transcript3-13,read> 3.4078575421611493E-4
<2870,registrar4-1,transcript0-16,read> 3.739029098472534E-4
<2871,admissions2-1,stu2-4application2-4,read> 2.905137967740762E-5
<2872,admissions0-0,stu0-11application0-11,read> 1.873151871843815E-4
<2873,registrar4-1,transcript0-13,read> 3.832298370514463E-4
<2874,registrar4-1,transcript0-14,read> 3.8206397115092214E-4
<2875,admissions2-0,stu0-1application0-1,read> 1.446705656723966E-5
<2876,admissions2-0,stu1-18application1-18,setStatus> 1.1976320881569898E-4
<2877,admissions4-0,stu4-7application4-7,setStatus> 4.0316028967412865E-5
<2878,registrar2-0,transcript2-17,read> 3.453403141576377E-4
<2879,registrar0-0,transcript4-18,read> 3.562888616227004E-4
<2880,registrar2-0,transcript2-19,read> 3.493593067820932E-4
<2881,stu2-6,gradebook2-5,readMyScores> 1.7470879986031598E-4
<2882,registrar0-0,transcript4-12,read> 3.495062521323192E-4
<2883,registrar2-0,transcript2-12,read> 3.3529283259649907E-4
<2884,registrar4-0,transcript0-13,read> 3.7734530980305556E-4
<2885,registrar2-0,transcript2-14,read> 3.383070770648407E-4
<2886,registrar2-1,transcript2-10,read> 3.3476789457506987E-4
<2887,registrar0-1,transcript4-12,read> 3.478919045474124E-4
<2888,registrar2-1,transcript2-12,read> 3.367863418730982E-4
<2889,registrar0-1,transcript4-11,read> 3.295669988671976E-4
<2890,registrar2-1,transcript2-11,read> 3.35777118224084E-4
<2891,admissions4-1,stu2-5application2-5,setStatus> 1.472483035773642E-4
<2892,admissions2-0,stu2-4application2-4,read> 3.001374422158676E-5
<2893,fac5-4,gradebook5-8,changeScore> 3.6788980590996326E-4
<2894,stu5-4,gradebook5-7,readScore> 7.436857552306107E-5
<2895,fac3-3,gradebook3-6,assignGrade> 1.6538211448756165E-4
<2896,admissions2-0,stu2-8application2-8,read> 1.8548062076505773E-4
<2897,registrar4-1,transcript0-0,read> 2.0834995197282967E-4
<2898,admissions2-0,stu5-17application5-17,setStatus> 1.3475312804165352E-4
<2899,registrar4-1,transcript0-1,read> 2.0018889066916084E-4
<2900,registrar4-1,transcript0-2,read> 2.036864883707332E-4
<2901,registrar4-1,transcript0-3,read> 1.255734730356178E-4
<2902,registrar4-0,roster1-6,read> 2.315467297037474E-4
<2903,registrar4-1,transcript0-5,read> 1.3023693663771424E-4
<2904,registrar4-1,transcript0-6,read> 1.27905204836666E-4
<2905,registrar4-1,transcript0-7,read> 1.3373453433928657E-4
<2906,admissions0-1,stu2-11application2-11,setStatus> 8.638751852941035E-5
<2907,stu1-2,gradebook1-6,readMyScores> 1.1621209943201991E-4
<2908,stu1-2,gradebook1-1,readMyScores> 9.453681707168577E-5
<2909,stu1-2,gradebook1-2,readMyScores> 7.479035391400132E-5
<2910,admissions0-1,stu5-19application5-19,read> 3.4870962980905523E-5
<2911,admissions0-1,stu3-5application3-5,setStatus> 1.3757232073031666E-4
<2912,registrar4-1,transcript0-9,read> 1.3606626614033477E-4
<2913,registrar4-1,transcript0-8,read> 1.3140280253823834E-4
<2914,admissions2-0,application3-2,read> 1.176405291824522E-4
<2915,admissions0-1,stu2-10application2-10,read> 1.3496568728490015E-4
<2916,admissions0-1,stu5-14application5-14,read> 3.598312658428325E-5
<2917,admissions2-0,application3-1,read> 1.152849704469451E-4
<2918,stu3-0,gradebook3-1,readScore> 4.231853201262475E-5
<2919,admissions2-0,application3-4,read> 1.1669830568824937E-4
<2920,admissions2-0,application3-3,read> 1.171694174353508E-4
<2921,admissions4-1,stu1-19application1-19,read> 4.246154251473963E-5
<2922,registrar4-0,transcript0-2,read> 2.0055886474891772E-4
<2923,admissions2-1,stu4-14application4-14,setStatus> 1.6256007907069535E-4
<2924,registrar4-0,transcript0-0,read> 2.0515072046460963E-4
<2925,registrar4-0,transcript0-6,read> 1.259412093689245E-4
<2926,stu1-3,gradebook1-7,readMyScores> 6.724620810784382E-5
<2927,registrar4-0,transcript0-3,read> 1.2364528151107855E-4
<2928,registrar4-0,transcript0-4,read> 1.224973175821556E-4
<2929,stu1-3,gradebook1-2,readMyScores> 7.510394030357786E-5
<2930,stu1-3,gradebook1-3,readMyScores> 7.062919192673399E-5
<2931,admissions2-0,stu1-19application1-19,setStatus> 4.749038397627551E-5
<2932,admissions2-1,stu1-12application1-12,read> 1.0794041069153219E-4
<2933,stu3-1,gradebook3-9,readScore> 5.813008204261762E-5
<2934,admissions0-0,stu5-14application5-14,read> 3.610531037574092E-5
<2935,admissions2-1,application3-3,read> 1.134124822069628E-4
<2936,admissions2-1,application3-2,read> 1.13868488166582E-4
<2937,admissions4-1,stu0-0application0-0,read> 1.1569723256364705E-4
<2938,admissions0-0,application4-1,read> 1.5774277585280235E-4
<2939,registrar4-0,transcript0-9,read> 1.339769568713853E-4
<2940,registrar0-0,transcript5-0,read> 2.8264910144141933E-4
<2941,registrar4-0,transcript0-8,read> 1.293851011556934E-4
<2942,stu0-16,gradebook0-8,readMyScores> 1.8699495236013668E-5
<2943,admissions2-1,application3-0,read> 1.1204446432810515E-4
<2944,registrar4-0,transcript0-7,read> 1.3168102901353938E-4
<2945,admissions0-0,stu0-9application0-9,read> 1.2203269424485773E-4
<2946,stu1-4,gradebook1-7,readMyScores> 6.471921072592068E-5
<2947,stu1-4,gradebook1-8,readMyScores> 1.5998793537625323E-4
<2948,stu1-4,gradebook1-9,readMyScores> 5.4894876680641256E-5
<2949,admissions2-1,stu1-19application1-19,setStatus> 4.596764621350916E-5
<2950,admissions2-1,stu2-19application2-19,read> 1.056603808934361E-4
<2951,admissions2-1,stu0-14application0-14,read> 1.0702839877229376E-4
<2952,admissions0-1,stu3-13application3-13,setStatus> 1.5021054349597255E-4
<2953,stu1-5,gradebook1-9,readMyScores> 5.537118797505029E-5
<2954,registrar0-0,transcript0-11,read> 3.136553162545903E-4
<2955,stu1-5,gradebook1-6,readMyScores> 1.1328852460354144E-4
<2956,admissions0-1,stu4-3application4-3,read> 2.172657939348513E-4
<2957,registrar2-0,roster1-6,write> 1.473889514612548E-4
<2958,registrar0-0,transcript5-5,read> 2.855559340801541E-4
<2959,admissions4-1,stu4-18application4-18,setStatus> 1.072009351886921E-5
<2960,admissions0-0,stu5-19application5-19,read> 3.498937032549265E-5
<2961,admissions2-1,stu2-0application2-0,setStatus> 1.0348657975638766E-4
<2962,stu1-5,gradebook1-3,readMyScores> 6.856487316478351E-5
<2963,app2-2,application2-2,checkStatus> 6.05335524452301E-4
<2964,admissions0-0,stu0-7application0-7,setStatus> 1.3677134564714241E-4
<2965,admissions4-0,stu1-19application1-19,read> 4.212654020693104E-5
<2966,admissions2-1,stu0-15application0-15,read> 1.0748440473191296E-4
<2967,stu2-14,stu2-14application2-14,checkStatus> 6.28460160483905E-4
<2968,admissions2-0,stu2-19application2-19,read> 1.0916051773462651E-4
<2969,admissions4-0,stu4-18application4-18,setStatus> 1.0635516844164127E-5
<2970,admissions0-0,stu5-10application5-10,setStatus> 2.2744147472981443E-4
<2971,admissions2-0,stu3-2application3-2,read> 4.697376711723814E-5
<2972,registrar2-1,roster1-6,write> 1.4804547240317576E-4
<2973,registrar2-1,roster1-8,write> 1.5251969414115937E-4
<2974,registrar2-1,roster1-7,write> 1.5196041642391141E-4
<2975,registrar2-1,roster1-2,write> 1.497233055549196E-4
<2976,registrar2-0,roster1-4,read> 2.0036301836552726E-4
<2977,admissions4-1,stu1-4application1-4,read> 1.8606093476749926E-4
<2978,admissions0-1,stu5-18application5-18,setStatus> 1.4389143211314463E-4
<2979,registrar0-0,transcript0-12,read> 3.204379257449715E-4
<2980,admissions4-0,stu0-18application0-18,setStatus> 2.1138370793231918E-4
<2981,registrar2-1,roster1-1,write> 1.5028258327216758E-4
<2982,admissions2-1,stu1-11application1-11,setStatus> 1.6307826766117175E-4
<2983,admissions0-1,application4-4,read> 1.5887720475752105E-4
<2984,admissions4-1,stu4-4application4-4,setStatus> 1.4942405194483024E-4
<2985,stu3-5,gradebook3-8,readScore> 7.988989660735223E-5
<2986,admissions2-0,stu0-14application0-14,read> 1.1057385297593083E-4
<2987,admissions0-1,stu5-10application5-10,setStatus> 2.2667179122819073E-4
<2988,registrar4-0,transcript4-13,read> 4.1293219159966763E-4
<2989,registrar2-0,roster1-8,write> 1.518433318611542E-4
<2990,admissions0-1,application5-2,read> 2.10592812314585E-4
<2991,admissions0-0,application2-4,read> 6.456178165707181E-5
<2992,registrar2-0,roster1-3,write> 1.4627535636127997E-4
<2993,stu1-0,gradebook1-1,readMyScores> 9.374405550295045E-5
<2994,admissions2-0,stu1-11application1-11,setStatus> 1.6848044630005116E-4
<2995,stu1-0,gradebook1-4,readMyScores> 1.2576012374502314E-4
<2996,registrar2-0,roster1-1,write> 1.496161416612045E-4
<2997,registrar4-0,transcript3-1,read> 8.231858006985152E-5
<2998,registrar2-1,transcript0-19,read> 3.206387634888718E-4
<2999,registrar2-0,roster1-7,write> 1.5128653431116678E-4
<3000,registrar4-0,transcript3-0,read> 8.346654399877448E-5
<3001,stu1-0,gradebook1-5,readMyScores> 1.8794866535293988E-4
<3002,registrar4-0,transcript3-3,read> 8.461450792769746E-5
<3003,stu1-0,gradebook1-8,readMyScores> 1.641524803318173E-4
<3004,registrar2-0,roster1-5,write> 1.4850254656122966E-4
<3005,registrar4-0,transcript3-2,read> 8.691043578554341E-5
<3006,registrar2-0,roster1-4,write> 1.4571855881129257E-4
<3007,registrar4-0,transcript3-5,read> 8.805839971446638E-5
<3008,admissions4-0,stu1-4application1-4,read> 1.8459299839852493E-4
<3009,stu5-7,stu5-7application5-7,checkStatus> 1.0237469076491362E-4
<3010,registrar0-0,roster3-6,write> 9.005203137127276E-5
<3011,registrar4-0,transcript3-6,read> 9.150229150123529E-5
<3012,registrar4-0,transcript3-8,read> 7.887468828308258E-5
<3013,registrar4-0,transcript3-9,read> 7.772672435415961E-5
<3014,admissions4-0,stu4-4application4-4,setStatus> 1.482451639610446E-4
<3015,stu3-6,gradebook3-7,readScore> 5.384721862116387E-5
<3016,admissions4-0,stu3-10application3-10,read> 4.830008672856677E-5
<3017,registrar4-1,transcript3-0,read> 8.47681665172739E-5
<3018,stu1-1,gradebook1-3,readMyScores> 7.003938656617672E-5
<3019,registrar4-1,transcript3-3,read> 8.5934032417798E-5
<3020,registrar4-1,transcript3-2,read> 8.826576421884623E-5
<3021,admissions4-0,stu0-19application0-19,setStatus> 1.0669244698849637E-4
<3022,registrar4-1,transcript3-7,read> 9.176336192041857E-5
<3023,registrar4-1,transcript3-8,read> 8.010470291517744E-5
<3024,registrar4-1,transcript3-9,read> 7.893883701465334E-5
<3025,admissions4-1,stu3-10application3-10,read> 4.868418284569255E-5
<3026,admissions0-0,stu4-15application4-15,read> 1.3228539345651371E-5
<3027,registrar0-1,roster3-7,write> 9.017056269826526E-5
<3028,admissions2-0,application1-1,setStatus> 2.2328733846994728E-5
<3029,admissions2-0,application1-2,setStatus> 2.3399442363134334E-5
<3030,admissions4-1,application5-4,read> 1.836676115632866E-4
<3031,fac3-3,gradebook3-6,changeScore> 4.630699205651726E-4
<3032,admissions0-0,stu2-17application2-17,read> 1.1924284411923704E-4
<3033,admissions2-0,application1-0,setStatus> 2.125802533085512E-5
<3034,admissions4-1,application5-3,read> 1.82231617640759E-4
<3035,admissions4-1,application5-2,read> 1.81274288359074E-4
<3036,admissions2-0,stu4-1application4-1,setStatus> 1.9417745068740173E-4
<3037,admissions2-0,application1-4,setStatus> 1.5369128492087282E-5

