<0,fac4-1,roster4-3,read> 0.001849455196342691
<1,admissions0-1,application5-4,setStatus> 2.437605951895045E-4
<2,stu2-1,stu2-1application2-1,checkStatus> 0.0013059915082087393
<3,stu4-16,gradebook4-4,addScore> 3.299417971035833E-4
<4,admissions2-0,application5-0,read> 1.7794304634630701E-4
<5,stu4-13,transcript4-13,read> 0.0017234977450282648
<6,fac1-4,gradebook1-9,assignGrade> 2.66774138300243E-4
<7,stu1-0,stu1-0application1-0,checkStatus> 0.002142910969059732
<8,registrar2-1,transcript0-13,read> 3.3350656935975505E-4
<9,admissions4-1,application4-1,read> 1.3604300532218133E-4
<10,admissions0-1,stu2-8application2-8,read> 2.2009975027387912E-4
<11,admissions4-0,application5-2,read> 1.8080169369803534E-4
<12,chair4,transcript4-11,read> 0.001894076980968221
<13,app5-0,application5-0,checkStatus> 0.002183594553962211
<14,registrar4-1,transcript2-18,read> 4.051955885456382E-4
<15,admissions4-1,stu0-11application0-11,setStatus> 1.8357648788785673E-4
<16,app0-0,application0-0,checkStatus> 7.30609378873682E-4
<17,fac4-3,gradebook4-7,changeScore> 0.0012929457797355953
<18,registrar4-1,transcript3-13,read> 4.122280297593988E-4
<19,chair4,transcript4-12,read> 0.00199939329645676
<20,stu4-8,transcript4-8,read> 9.664603942640832E-4
<21,registrar4-0,transcript5-3,read> 3.3780773428743974E-4
<22,fac3-4,roster3-9,read> 0.0017374955146562728
<23,registrar4-1,transcript2-11,read> 3.899586325824901E-4
<24,fac4-3,roster4-7,read> 0.0014525072339999355
<25,admissions4-1,stu0-13application0-13,read> 1.5866002964103477E-4
<26,stu1-10,stu1-10application1-10,checkStatus> 0.0012594959826059064
<27,registrar2-1,roster5-6,read> 1.172859289046118E-4
<28,registrar2-1,transcript2-10,read> 3.3655036109430975E-4
<29,registrar0-1,roster4-9,read> 9.509197542676688E-5
<30,fac1-4,roster1-8,read> 0.002775667108475789
<31,registrar0-1,transcript1-2,read> 3.012640487106338E-4
<32,registrar4-0,transcript4-10,read> 3.9089524156905305E-4
<33,admissions0-0,stu4-16application4-16,setStatus> 1.916813767572264E-4
<34,stu3-4,stu3-4application3-4,checkStatus> 5.736869799641208E-4
<35,admissions4-0,application5-4,setStatus> 2.0816906516183488E-4
<36,fac0-2,roster0-4,read> 0.0026229948152670366
<37,fac5-3,roster5-7,read> 0.0016255358329698548
<38,admissions4-0,stu4-11application4-11,setStatus> 1.9243601386933443E-4
<39,stu4-9,stu4-9application4-9,checkStatus> 0.0013931706187140511
<40,stu4-11,stu4-11application4-11,checkStatus> 0.0020615437992547747
<41,admissions4-1,application4-0,setStatus> 1.4748549163436724E-4
<42,fac3-2,roster3-5,read> 0.001696782903133939
<43,admissions2-0,stu4-8application4-8,setStatus> 8.918501105478329E-5
<44,stu5-0,transcript5-0,read> 0.001397684201661402
<45,stu5-9,transcript5-9,read> 0.0014312238311256378
<46,chair1,transcript1-9,read> 0.0016945302779373048
<47,stu4-1,stu4-1application4-1,checkStatus> 0.0021080393248576073
<48,registrar2-0,roster0-4,write> 1.4425538620231964E-4
<49,registrar4-0,transcript4-16,read> 4.2205530019086957E-4
<50,admissions0-1,application1-0,setStatus> 2.5225740820458004E-5
<51,registrar0-0,roster3-1,write> 8.675280544177259E-5
<52,chair4,transcript4-17,read> 0.0020215651523490838
<53,stu2-19,stu2-19application2-19,checkStatus> 0.001346675093111218
<54,fac2-3,roster2-6,read> 0.001859633349223275
<55,fac4-0,gradebook4-1,addScore> 8.630694552360383E-4
<56,admissions4-1,application5-4,read> 1.8464554694354722E-4
<57,stu1-9,stu1-9application1-9,checkStatus> 0.0017651348235367145
<58,stu3-2,transcript3-2,read> 3.6274706390783705E-4
<59,chair2,transcript2-12,read> 0.0018497332691835729
<60,stu3-15,transcript3-15,read> 0.0016755839886507852
<61,fac4-0,roster4-1,read> 0.0018290988905815242
<62,stu3-8,stu3-8application3-8,checkStatus> 0.0018406900526413178
<63,stu3-3,stu3-3application3-3,checkStatus> 0.002160346791160794
<64,registrar0-0,roster1-6,read> 1.9647868494579316E-4
<65,admissions0-1,stu3-18application3-18,read> 1.7649442351838103E-4
<66,admissions0-1,application5-0,read> 2.1003698256107182E-4
<67,registrar4-1,transcript3-12,read> 4.134001032950256E-4
<68,chair2,transcript2-18,read> 0.001916248836860545
<69,fac5-3,roster5-6,read> 0.0015441106099251868
<70,chair5,transcript5-5,read> 0.0016335576742334138
<71,stu1-18,transcript1-18,read> 1.663006627601697E-4
<72,fac0-4,roster0-9,read> 0.0028265578728787063
<73,registrar2-0,transcript0-13,read> 3.3202760452889134E-4
<74,stu2-15,transcript2-15,read> 0.0016180874809978093
<75,registrar2-1,transcript5-4,read> 3.000248602796528E-4
<76,fac4-1,gradebook4-3,addScore> 3.1351918144198265E-4
<77,app5-3,application5-3,checkStatus> 0.0022126542574639812
<78,admissions0-1,stu4-14application4-14,setStatus> 1.9929129342836132E-4
<79,fac0-0,roster0-1,read> 0.002551747745102952
<80,admissions2-0,stu1-10application1-10,setStatus> 1.1663345297860896E-4
<81,registrar4-1,transcript5-6,read> 3.489360588355532E-4
<82,fac2-3,gradebook2-7,changeScore> 0.002148499236016287
<83,chair4,transcript4-19,read> 0.002032651080295246
<84,fac4-4,roster4-8,read> 0.001340547552313517
<85,admissions4-0,stu1-2application1-2,read> 1.4929218959222742E-4
<86,fac4-1,gradebook4-2,changeScore> 0.0012422880092979227
<87,chair5,transcript5-1,read> 0.0016002998903949278
<88,registrar0-0,transcript0-15,read> 3.182476791989633E-4
<89,chair4,transcript4-0,read> 0.0011624057365215285
<90,chair1,transcript1-4,read> 0.0017111591698565475
<91,registrar4-0,transcript4-13,read> 4.151308427193547E-4
<92,stu0-9,transcript0-9,read> 5.591934650555046E-4
<93,stu1-0,transcript1-0,read> 0.0012731084350799543
<94,app4-0,application4-0,checkStatus> 0.0015675288397246745
<95,admissions2-0,stu4-5application4-5,setStatus> 8.326475887513461E-5
<96,stu5-3,transcript5-3,read> 0.00140247557729915
<97,stu1-17,transcript1-17,read> 1.615092871224217E-4
<98,registrar2-0,transcript4-3,read> 2.0778556009115687E-4
<99,stu2-12,transcript2-12,read> 0.0015989219784468174
<100,fac4-2,gradebook4-5,assignGrade> 4.5573566294870404E-4
<101,registrar4-0,transcript3-15,read> 4.035900802668302E-4
<102,stu3-7,stu3-7application3-7,checkStatus> 0.0016721437723310486
<103,registrar4-0,transcript5-8,read> 3.4588626800420694E-4
<104,stu3-15,stu3-15application3-15,checkStatus> 0.0016372721281289239
<105,stu3-11,transcript3-11,read> 0.0016947494912017773
<106,stu1-16,stu1-16application1-16,checkStatus> 0.001288555686107677
<107,registrar4-0,roster1-5,write> 1.7057335243956395E-4
<108,registrar4-1,transcript1-7,read> 3.606567941918209E-4
<109,admissions2-0,stu2-13application2-13,read> 9.600675617996936E-5
<110,chair4,transcript4-7,read> 0.0011125190607637996
<111,admissions2-1,stu3-1application3-1,read> 1.474820240426825E-4
<112,stu3-3,gradebook3-7,readMyScores> 4.6492065547626756E-5
<113,stu3-12,transcript3-12,read> 0.0016899581155640291
<114,stu4-8,gradebook4-5,addScore> 3.258316955545347E-4
<115,registrar4-0,transcript4-18,read> 4.2436345268137446E-4
<116,chair4,transcript4-8,read> 0.0011180620247368805
<117,stu4-16,stu4-16application4-16,checkStatus> 0.001747699001435652
<118,registrar0-0,roster2-4,read> 1.0072895905374603E-4
<119,registrar0-1,transcript4-15,read> 3.5071385367534027E-4
<120,registrar4-0,transcript4-3,read> 2.3740310095047543E-4
<121,stu2-1,transcript2-1,read> 9.281293891620993E-4
<122,chair0,transcript0-19,read> 0.0017610458456142769
<123,stu4-4,transcript4-4,read> 9.904172724528233E-4
<124,fac2-2,gradebook2-5,changeScore> 0.0021710138006552525
<125,stu5-5,transcript5-5,read> 0.001412058328574646
<126,admissions4-1,stu5-13application5-13,setStatus> 2.0435615239744166E-4
<127,stu4-16,transcript4-16,read> 0.001752245998854753
<128,fac1-4,roster1-9,read> 0.0027858452613563726
<129,registrar2-0,transcript3-12,read> 3.5626995466308344E-4
<130,stu5-8,stu5-8application5-8,checkStatus> 0.00222427813886469
<131,fac3-4,roster3-8,read> 0.0017273173617756894
<132,stu3-9,stu3-9application3-9,checkStatus> 9.514631254871383E-4
<133,admissions4-0,stu1-15application1-15,read> 1.330600208104476E-4
<134,fac5-0,gradebook5-1,changeScore> 5.387078643302489E-4
<135,admissions0-1,stu5-5application5-5,setStatus> 1.1162324138496475E-4
<136,app5-2,application5-2,checkStatus> 0.0022010303760632735
<137,fac3-1,gradebook3-2,changeScore> 4.880500938925764E-4
<138,registrar2-1,transcript1-3,read> 3.162584161972782E-4
<139,admissions0-0,application4-4,setStatus> 1.8211988366693938E-4
<140,stu5-13,stu5-13application5-13,checkStatus> 0.0021719706725615026
<141,fac2-3,gradebook2-6,addScore> 0.0015112308515445368
<142,chair0,transcript0-9,read> 6.469100870249954E-4
<143,registrar0-1,roster5-1,write> 9.494924930926003E-5
<144,stu4-4,gradebook4-1,readMyScores> 1.7191901528843513E-4
<145,fac4-3,gradebook4-6,changeScore> 0.001287317138575854
<146,registrar0-0,transcript4-1,read> 2.052516915838742E-4
<147,stu0-11,transcript0-11,read> 0.0015510082220693375
<148,fac2-4,gradebook2-9,addScore> 0.0014837330953375097
<149,chair2,transcript2-10,read> 0.0018386473412374108
<150,admissions2-1,application5-3,setStatus> 1.9832912212236844E-4
<151,stu4-9,gradebook4-6,readMyScores> 1.5034009767331255E-4
<152,stu2-18,stu2-18application2-18,checkStatus> 0.0017535109421360062
<153,app2-4,application2-4,checkStatus> 6.724899718701409E-4
<154,stu1-5,gradebook1-3,addScore> 2.299293050089128E-4
<155,admissions2-1,stu1-14application1-14,read> 1.5573383525708975E-4
<156,stu2-8,stu2-8application2-8,checkStatus> 0.002288209486568585
<157,stu1-8,stu1-8application1-8,checkStatus> 0.001486161669919717
<158,stu2-13,transcript2-13,read> 0.0016037133540845654
<159,chair3,transcript3-18,read> 0.001910705872887464
<160,chair4,transcript4-14,read> 0.002016022188376003
<161,admissions0-0,application5-2,setStatus> 2.41401140826719E-4
<162,chair5,transcript5-0,read> 0.0016169287823141708
<163,registrar0-0,transcript1-2,read> 3.0266202573481314E-4
<164,stu4-10,transcript4-10,read> 0.0016228788566355575
<165,fac1-4,gradebook1-9,readScore> 1.920621787705738E-4
<166,registrar4-0,transcript4-8,read> 2.3278679596946554E-4
<167,registrar0-1,transcript4-13,read> 3.487746456375085E-4
<168,stu0-6,transcript0-6,read> 5.256538355912687E-4
<169,admissions0-1,stu0-12application0-12,setStatus> 6.397756092659707E-5
<170,admissions2-1,stu5-13application5-13,read> 1.7132058977319253E-4
<171,stu1-11,gradebook1-4,readMyScores> 5.861274251930055E-5
<172,admissions4-1,application0-4,setStatus> 6.710099997886784E-5
<173,registrar0-1,roster5-9,read> 1.2021177210797172E-4
<174,stu5-6,stu5-6application5-6,checkStatus> 3.4702129265031027E-4
<175,fac1-1,roster1-3,read> 0.002673885579669954
<176,chair1,transcript1-6,read> 0.001700073241910386
<177,app3-3,application3-3,checkStatus> 0.0014454780850172383
<178,admissions0-1,application2-1,setStatus> 6.588338814493178E-5
<179,fac4-2,roster4-5,read> 0.0014016164695970182
<180,stu5-18,stu5-18application5-18,checkStatus> 0.0013234273303098017
<181,registrar4-1,transcript4-8,read> 2.3641699941538314E-4
<182,chair4,transcript4-10,read> 0.001877448089048978
<183,admissions4-0,stu5-19application5-19,read> 2.9938007373258132E-5
<184,fac0-2,roster0-5,read> 0.0026128166623864534
<185,admissions0-1,stu2-12application2-12,read> 5.9095466868962993E-5
<186,registrar0-1,roster5-7,read> 1.1799531945963012E-4
<187,app4-4,application4-4,checkStatus> 0.0016605198909303404
<188,stu0-12,transcript0-12,read> 0.0015845478515335736
<189,stu1-4,stu1-4application1-4,checkStatus> 0.0022591497830668143
<190,stu2-10,gradebook2-4,readMyScores> 1.7683694458730094E-4
<191,stu1-0,gradebook1-5,readMyScores> 5.934569907050578E-5
<192,fac5-0,roster5-1,read> 0.0017985644319397742
<193,admissions2-1,application3-3,read> 1.1401634522869731E-4
<194,admissions4-0,stu2-9application2-9,setStatus> 1.9352105188950684E-4
<195,admissions4-1,stu3-14application3-14,read> 1.1198234115318834E-4
<196,stu4-11,transcript4-11,read> 0.0016372529835488015
<197,chair2,transcript2-11,read> 0.0018441903052104918
<198,admissions4-0,stu0-0application0-0,setStatus> 1.3113136572959108E-4
<199,stu2-10,stu2-10application2-10,checkStatus> 0.0014106064408151136
<200,registrar4-1,transcript3-11,read> 4.145721768306523E-4
<201,registrar0-0,transcript4-11,read> 3.3285922932160415E-4
<202,chair2,transcript2-13,read> 0.001855276233156654
<203,stu0-18,stu0-18application0-18,checkStatus> 0.002276585605167876
<204,stu1-11,gradebook1-2,readMyScores> 7.455571794377663E-5
<205,registrar0-1,transcript2-5,read> 1.839419624218205E-4
<206,chair1,transcript1-2,read> 0.00172224509780271
<207,stu2-10,transcript2-10,read> 0.0015893392271713214
<208,registrar0-0,transcript0-2,read> 1.7018397128953615E-4
<209,stu0-7,stu0-7application0-7,checkStatus> 0.001253684041905552
<210,registrar0-0,roster4-6,write> 7.865557703652548E-5
<211,admissions4-0,stu0-3application0-3,read> 7.481517988759058E-5
<212,registrar2-0,roster5-9,read> 1.2523221734681974E-4
<213,registrar0-0,transcript4-16,read> 3.5623770951782955E-4
<214,chair3,transcript3-8,read> 3.808478163171072E-4
<215,stu4-17,transcript4-17,read> 0.001747454623217005
<216,stu2-12,stu2-12application2-12,checkStatus> 6.143705648665996E-4
<217,registrar0-1,transcript1-10,read> 4.431898369794358E-5
<218,stu2-4,transcript2-4,read> 9.329207647998474E-4
<219,chair2,transcript2-15,read> 0.001871905125075897
<220,registrar4-1,transcript3-15,read> 4.098838826881453E-4
<221,admissions2-1,stu4-14application4-14,read> 1.4381455239183478E-4
<222,registrar2-0,transcript4-16,read> 3.6940122765243753E-4
<223,registrar4-1,transcript4-1,read> 2.4696566123602414E-4
<224,stu2-18,transcript2-18,read> 0.0016564184860997934
<225,admissions2-0,stu5-13application5-13,read> 1.7699580599756326E-4
<226,fac2-1,gradebook2-2,changeScore> 0.00208095554209939
<227,registrar0-1,transcript0-7,read> 1.1122166100313463E-4
<228,registrar4-0,roster1-6,read> 2.32779596714069E-4
<229,stu3-14,stu3-14application3-14,checkStatus> 0.0013524870338115723
<230,registrar0-1,transcript2-3,read> 1.897595865353154E-4
<231,chair5,transcript5-4,read> 0.0016391006382064947
<232,stu2-6,stu2-6application2-6,checkStatus> 0.001625648246728216
<233,registrar2-1,transcript2-11,read> 3.3756495833916133E-4
<234,admissions4-1,stu0-9application0-9,read> 1.0524535518587027E-4
<235,stu2-17,stu2-17application2-17,checkStatus> 0.0012420601605048441
<236,fac3-2,roster3-4,read> 0.0016458921387310218
<237,registrar0-1,transcript0-16,read> 3.1096008889979187E-4
<238,chair4,transcript4-16,read> 0.0020271081163221647
<239,registrar4-0,transcript0-16,read> 3.701218691545087E-4
<240,chair4,transcript4-18,read> 0.0020381940442683265
<241,registrar0-0,roster5-1,read> 1.3116104247679977E-4
<242,stu4-12,transcript4-12,read> 0.001728289120666013
<243,stu3-0,stu3-0application3-0,checkStatus> 8.700959556821808E-4
<244,registrar4-0,roster1-7,write> 1.7377110314925737E-4
<245,registrar4-1,roster1-9,read> 2.4444754285460416E-4
<246,stu0-5,stu0-5application0-5,checkStatus> 0.0018755616968434427
<247,stu1-8,transcript1-8,read> 0.0014599720849521258
<248,registrar4-0,transcript0-6,read> 1.26611781406239E-4
<249,registrar0-0,roster3-9,write> 9.215095771193735E-5
<250,chair3,transcript3-10,read> 0.0019716784765913546
<251,admissions0-1,stu4-12application4-12,setStatus> 2.0691460230170015E-4
<252,registrar2-0,transcript1-8,read> 3.0778525439469924E-4
<253,admissions0-1,stu2-10application2-10,setStatus> 1.5418671592777326E-4
<254,admissions0-0,stu0-11application0-11,setStatus> 2.1399152730122945E-4
<255,admissions2-1,stu0-19application0-19,read> 9.063621345454323E-5
<256,admissions4-0,stu3-16application3-16,read> 3.327992447538927E-5
<257,chair2,transcript2-16,read> 0.0018885340169951398
<258,stu0-15,transcript0-15,read> 0.0015653823489825815
<259,stu1-1,transcript1-1,read> 0.0012635256838044585
<260,registrar0-0,transcript2-4,read> 1.8966603811972397E-4
<261,fac3-3,roster3-6,read> 0.0017069610560145226
<262,admissions0-0,stu5-11application5-11,setStatus> 1.3558728396087578E-4
<263,stu1-6,transcript1-6,read> 0.001469554836227622
<264,stu0-10,transcript0-10,read> 0.0015557995977070855
<265,stu2-3,gradebook2-1,readMyScores> 1.927420766999333E-4
<266,admissions4-0,stu5-0application5-0,read> 1.163504352997919E-4
<267,chair2,transcript2-17,read> 0.0019051629089143825
<268,admissions2-0,stu0-14application0-14,setStatus> 1.2632113836348865E-4
<269,admissions0-1,stu5-11application5-11,read> 1.1891303049509502E-4
<270,chair0,transcript0-18,read> 0.001766588809587358
<271,registrar4-0,roster2-2,read> 1.1758062739736306E-4
<272,registrar0-1,roster1-9,read> 2.022205200966111E-4
<273,admissions2-0,stu1-13application1-13,read> 1.1400432280610136E-4
<274,fac2-3,gradebook2-6,readScore> 5.567692610953555E-4
<275,admissions0-0,stu3-15application3-15,setStatus> 1.7957015217619617E-4
<276,admissions2-1,stu0-15application0-15,setStatus> 1.2279170885917023E-4
<277,stu4-15,transcript4-15,read> 0.0017330804963037612
<278,fac1-3,gradebook1-7,changeScore> 8.257685634770599E-4
<279,admissions4-1,stu3-11application3-11,setStatus> 1.349083262733027E-4
<280,fac5-4,roster5-9,read> 0.0016560702916116052
<281,registrar4-0,roster3-2,read> 1.3956516352650543E-4
<282,registrar0-0,transcript4-14,read> 3.542895028348106E-4
<283,fac5-1,roster5-2,read> 0.0018087425848203572
<284,admissions0-1,stu0-18application0-18,setStatus> 2.4884280110506373E-4
<285,admissions2-0,stu1-13application1-13,setStatus> 1.295503668251152E-4
<286,stu2-17,gradebook2-7,addScore> 4.6255047411997255E-4
<287,stu3-13,stu3-13application3-13,checkStatus> 0.0013815467373133427
<288,registrar0-1,transcript2-7,read> 1.8588117045965214E-4
<289,registrar0-1,transcript2-0,read> 2.2660453925411626E-4
<290,registrar4-1,transcript4-3,read> 2.4110529355789027E-4
<291,stu0-8,transcript0-8,read> 5.400279625045126E-4
<292,fac2-1,gradebook2-3,assignGrade> 7.79382529633834E-4
<293,fac4-2,gradebook4-5,readScore> 9.520672047963717E-5
<294,admissions4-1,application5-1,setStatus> 2.059966522271457E-4
<295,stu0-10,stu0-10application0-10,checkStatus> 0.002264961723767169
<296,admissions0-1,stu5-10application5-10,setStatus> 2.27878701703382E-4
<297,registrar4-0,transcript1-5,read> 3.574270304567316E-4
<298,admissions4-0,stu3-18application3-18,read> 1.5072443977885507E-4
<299,registrar2-0,roster4-5,read> 1.0599039137803823E-4
<300,stu5-10,stu5-10application5-10,checkStatus> 0.002084791562056191
<301,stu0-16,transcript0-16,read> 0.0015366340951560933
<302,stu0-8,stu0-8application0-8,checkStatus> 0.0016837676537317567
<303,admissions4-0,stu1-14application1-14,read> 1.6218244127187605E-4
<304,app3-4,application3-4,checkStatus> 0.001439666144316884
<305,stu4-17,stu4-17application4-17,checkStatus> 0.0010095825324906793
<306,stu5-17,stu5-17application5-17,checkStatus> 0.0014629139071183005
<307,chair3,transcript3-14,read> 0.00194396365672595
<308,admissions2-0,stu0-11application0-11,read> 1.5899823937143127E-4
<309,app4-3,application4-3,checkStatus> 0.0016663318316306943
<310,stu1-13,stu1-13application1-13,checkStatus> 0.0013989825594144054
<311,registrar2-1,transcript3-5,read> 7.782806365715667E-5
<312,admissions2-1,application0-3,setStatus> 6.444556895932057E-5
<313,admissions4-1,stu1-0application1-0,read> 1.774273476928493E-4
<314,registrar2-0,roster0-6,read> 1.9989050210569205E-4
<315,admissions0-0,application5-3,read> 2.135548857834397E-4
<316,stu2-14,transcript2-14,read> 0.0016132961053600613
<317,admissions4-1,stu5-13application5-13,read> 1.7983341410974867E-4
<318,registrar2-1,transcript0-16,read> 3.253897914009424E-4
<319,registrar0-0,roster2-6,write> 9.862874043613504E-5
<320,registrar4-1,transcript3-16,read> 4.0871180915251845E-4
<321,chair4,transcript4-13,read> 0.0019938503324836787
<322,registrar2-1,transcript2-17,read> 3.487255280325287E-4
<323,admissions4-1,application3-2,read> 1.2016296697064596E-4
<324,stu2-5,gradebook2-6,readMyScores> 2.42675294406334E-4
<325,registrar4-0,transcript3-13,read> 4.058982327573351E-4
<326,admissions0-0,stu4-17application4-17,read> 9.744011369499397E-5
<327,fac1-1,roster1-2,read> 0.0027247763440728713
<328,admissions4-0,stu4-5application4-5,read> 7.386034642983882E-5
<329,fac1-3,gradebook1-7,addScore> 5.763071405056119E-4
<330,stu2-8,transcript2-8,read> 9.137552622488555E-4
<331,chair4,transcript4-2,read> 0.0011734916644676905
<332,chair0,transcript0-10,read> 0.0017998465934258435
<333,admissions2-1,stu5-0application5-0,read> 1.1172417544691748E-4
<334,registrar0-0,transcript3-15,read> 3.406520560536793E-4
<335,stu0-13,stu0-13application0-13,checkStatus> 0.0019162452817459215
<336,admissions0-1,stu3-17application3-17,read> 1.5860505869561253E-4
<337,stu2-6,gradebook2-5,readMyScores> 2.1813132138185127E-4
<338,admissions0-0,stu5-16application5-16,read> 1.46241974427819E-4
<339,stu3-0,gradebook3-6,addScore> 8.104609788361324E-5
<340,admissions2-1,stu1-2application1-2,read> 1.4335611843547885E-4
<341,stu5-14,stu5-14application5-14,checkStatus> 3.760809961520809E-4
<342,admissions4-1,stu3-9application3-9,read> 7.877862459997796E-5
<343,stu3-6,stu3-6application3-6,checkStatus> 0.0021777826132618567
<344,admissions4-0,stu2-18application2-18,setStatus> 1.6368250633476452E-4
<345,fac2-4,gradebook2-8,addScore> 0.001491589597110946
<346,fac1-2,roster1-4,read> 0.0026637074267893707
<347,chair4,transcript4-1,read> 0.0011679487004946094
<348,fac0-2,gradebook0-5,addScore> 6.0476374282151294E-5
<349,fac0-4,roster0-8,read> 0.0028062015671175395
<350,registrar0-0,transcript3-9,read> 6.595491374803156E-5
<351,fac0-3,gradebook0-6,addScore> 1.8348205183379464E-4
<352,stu5-4,transcript5-4,read> 0.001416849704212394
<353,admissions2-0,stu4-13application4-13,setStatus> 1.9252032182683296E-4
<354,admissions0-1,stu2-1application2-1,read> 1.2562154230363317E-4
<355,registrar0-0,roster1-1,write> 1.4505284995955183E-4
<356,stu2-7,stu2-7application2-7,checkStatus> 0.001073513880194575
<357,stu4-2,gradebook4-5,readMyScores> 1.13984878554721E-4
<358,stu0-9,stu0-9application0-9,checkStatus> 0.0012711198640066145
<359,registrar2-0,transcript3-16,read> 3.5222956297405146E-4
<360,admissions0-0,stu1-5application1-5,read> 1.204386917414977E-4
<361,admissions0-0,application4-2,setStatus> 1.7893271930351036E-4
<362,registrar2-1,transcript2-4,read> 1.9755053854964323E-4
<363,chair1,transcript1-1,read> 0.0014617257910679025
<364,admissions4-0,stu4-0application4-0,setStatus> 6.440152748898552E-5
<365,registrar2-0,roster3-6,read> 1.29080582540576E-4
<366,chair4,transcript4-15,read> 0.002004936260429841
<367,stu5-3,stu5-3application5-3,checkStatus> 0.0016895795944321108
<368,fac1-2,roster1-5,read> 0.002714598191192288
<369,registrar2-0,transcript5-5,read> 2.976842751721192E-4
<370,registrar2-0,roster5-4,write> 8.268154310221879E-5
<371,fac3-4,gradebook3-8,readScore> 1.2259416308966296E-4
<372,admissions0-1,stu4-11application4-11,read> 1.9829708689613005E-4
<373,registrar2-0,roster1-8,write> 1.526518193523334E-4
<374,stu2-2,gradebook2-3,readMyScores> 2.1114409447231338E-4
<375,stu2-9,stu2-9application2-9,checkStatus> 0.0020731676806554824
<376,registrar0-0,transcript3-13,read> 3.4260026273669805E-4
<377,chair1,transcript1-7,read> 0.001705616205883467
<378,chair2,transcript2-4,read> 0.0010792612769253136
<379,stu3-8,gradebook3-3,readMyScores> 4.300941417217841E-5
<380,stu3-19,gradebook3-3,addScore> 8.151658135442467E-5
<381,chair3,transcript3-16,read> 0.0019328777287797878
<382,stu2-0,transcript2-0,read> 0.001119784414672019
<383,stu0-10,gradebook0-6,readMyScores> 1.8387356032888184E-5
<384,stu1-4,transcript1-4,read> 0.0014791375875031177
<385,stu2-3,transcript2-3,read> 9.377121404375953E-4
<386,fac4-4,gradebook4-9,changeScore> 0.0011072006214641295
<387,fac0-3,gradebook0-6,changeScore> 2.629044475029208E-4
<388,fac4-0,gradebook4-1,assignGrade> 4.416640600493505E-4
<389,stu2-18,gradebook2-8,readMyScores> 1.1357731762046609E-4
<390,stu0-14,stu0-14application0-14,checkStatus> 0.0013641109152122807
<391,registrar4-1,transcript5-4,read> 3.4659191176429963E-4
<392,chair0,transcript0-12,read> 0.00183310437726433
<393,registrar0-0,roster1-5,write> 1.4397321950551892E-4
<394,chair0,transcript0-2,read> 9.684019974636934E-4
<395,stu4-14,gradebook4-9,readMyScores> 2.0510058490890297E-4
<396,registrar4-0,roster1-8,read> 2.3981464827539458E-4
<397,admissions0-0,stu4-13application4-13,read> 2.006532444402791E-4
<398,stu3-1,gradebook3-5,readMyScores> 4.015483454274574E-5
<399,stu5-1,stu5-1application5-1,checkStatus> 3.528332333506644E-4
<400,admissions4-0,stu5-16application5-16,setStatus> 1.4143922692122932E-4
<401,registrar4-0,roster1-4,read> 2.3014145237857197E-4
<402,registrar0-0,roster1-4,write> 1.4127414337043655E-4
<403,stu4-9,transcript4-9,read> 9.760431455395792E-4
<404,registrar0-0,roster0-4,read> 1.9128296338575962E-4
<405,chair2,transcript2-19,read> 0.0019273347648067068
<406,stu3-5,stu3-5application3-5,checkStatus> 0.0012653079233062605
<407,registrar4-1,transcript2-1,read> 2.27040411130369E-4
<408,stu2-3,stu2-3application2-3,checkStatus> 7.422332602743902E-4
<409,fac4-0,gradebook4-1,readScore> 3.179729571922246E-4
<410,registrar0-0,roster1-3,write> 1.41813958597453E-4
<411,chair2,transcript2-1,read> 0.0010737183129522325
<412,registrar0-0,roster1-2,write> 1.4451303473253537E-4
<413,chair2,transcript2-6,read> 0.0010460034930868274
<414,registrar0-1,transcript3-15,read> 3.390786054483505E-4
<415,admissions4-0,stu3-19application3-19,setStatus> 1.6422502534485075E-4
<416,fac2-2,gradebook2-5,addScore> 5.785495577691485E-4
<417,registrar0-0,roster1-9,write> 1.4775192609463422E-4
<418,admissions4-0,stu3-13application3-13,read> 1.1348593492653662E-4
<419,stu4-7,stu4-7application4-7,checkStatus> 4.3420040315562204E-4
<420,admissions2-0,application5-1,read> 1.7841666652067893E-4
<421,stu3-17,stu3-17application3-17,checkStatus> 0.0016488960095296322
<422,registrar0-0,roster1-8,write> 1.4721211086761774E-4
<423,admissions0-0,stu3-6application3-6,read> 2.101892402156587E-4
<424,fac2-4,gradebook2-8,changeScore> 0.0021372419536968036
<425,registrar0-0,roster1-7,write> 1.4667229564060128E-4
<426,fac2-3,gradebook2-7,assignGrade> 7.673211557201026E-4
<427,registrar2-1,roster0-5,write> 1.443356935869393E-4
<428,admissions0-1,application0-4,setStatus> 7.795362719438493E-5
<429,admissions0-0,stu4-3application4-3,setStatus> 2.490503352989486E-4
<430,registrar2-0,roster1-4,write> 1.4649443504232334E-4
<431,chair3,transcript3-2,read> 4.196485641286742E-4
<432,stu1-2,gradebook1-1,readMyScores> 6.907211374866736E-5
<433,registrar2-0,roster0-9,write> 1.5545063040233798E-4
<434,admissions0-1,application5-2,read> 2.1171411051320644E-4
<435,stu4-18,transcript4-18,read> 0.0017618287501302487
<436,admissions2-0,stu3-0application3-0,setStatus> 8.05737351571125E-5
<437,registrar4-1,roster0-8,write> 1.7907907843384664E-4
<438,fac4-0,gradebook4-1,changeScore> 0.0012366593681381812
<439,registrar0-0,roster1-6,write> 1.4289358905148595E-4
<440,stu5-0,stu5-0application5-0,checkStatus> 0.0014164183815154675
<441,registrar4-1,transcript0-19,read> 3.723775295480886E-4
<442,admissions0-1,application4-1,read> 1.5804601604490101E-4
<443,stu3-18,stu3-18application3-18,checkStatus> 0.0018348781119409644
<444,admissions2-1,stu5-3application5-3,setStatus> 1.514438311314178E-4
<445,admissions4-1,application2-3,setStatus> 6.217950048975563E-5
<446,admissions2-0,stu3-19application3-19,setStatus> 1.6291906092858957E-4
<447,admissions0-0,stu1-13application1-13,setStatus> 1.5343540439607833E-4
<448,admissions4-0,application2-1,read> 4.9512093257169093E-5
<449,fac1-3,gradebook1-7,assignGrade> 2.9491734409894997E-4
<450,stu2-8,gradebook2-7,addScore> 6.470116903853394E-4
<451,registrar4-0,roster4-8,write> 8.423408327784123E-5
<452,admissions4-0,stu2-15application2-15,read> 3.375734120426515E-5
<453,admissions0-0,stu0-3application0-3,setStatus> 9.98910430904709E-5
<454,registrar0-1,transcript4-4,read> 2.004252307433893E-4
<455,admissions4-0,stu5-16application5-16,read> 1.244665196906818E-4
<456,stu0-5,gradebook0-1,addScore> 6.819495338130004E-5
<457,admissions0-0,stu2-1application2-1,setStatus> 1.4323647843310542E-4
<458,registrar4-0,roster0-3,read> 2.222270193720807E-4
<459,registrar4-0,transcript0-13,read> 3.793544791165284E-4
<460,admissions0-1,stu2-1application2-1,setStatus> 1.42751752617765E-4
<461,fac3-3,gradebook3-7,assignGrade> 1.6827291800476868E-4
<462,stu3-2,stu3-2application3-2,checkStatus> 5.79498920664475E-4
<463,app3-2,application3-2,checkStatus> 0.0014512900257175924
<464,admissions2-0,stu3-18application3-18,setStatus> 1.699157225954471E-4
<465,admissions0-0,stu1-14application1-14,read> 1.9055630773693593E-4
<466,fac2-4,gradebook2-8,assignGrade> 7.633006977488587E-4
<467,admissions2-1,stu4-13application4-13,setStatus> 1.8634732553579223E-4
<468,stu0-3,stu0-3application0-3,checkStatus> 9.107795405846595E-4
<469,admissions0-0,stu2-7application2-7,setStatus> 1.1773916352567337E-4
<470,admissions0-0,stu4-18application4-18,read> 1.1055210788614092E-5
<471,admissions0-1,stu1-13application1-13,setStatus> 1.5291616444888348E-4
<472,admissions4-1,stu3-13application3-13,read> 1.1438840757008763E-4
<473,admissions4-0,stu0-19application0-19,setStatus> 1.0726052928579721E-4
<474,stu1-2,transcript1-2,read> 0.001488720338778614
<475,admissions0-0,stu1-9application1-9,read> 1.7036243433024974E-4
<476,admissions2-1,stu2-17application2-17,setStatus> 1.1133085995027118E-4
<477,admissions0-1,stu4-7application4-7,setStatus> 4.74603917010296E-5
<478,stu3-2,gradebook3-9,addScore> 2.1973476343002552E-4
<479,fac1-1,gradebook1-2,changeScore> 8.595404104355083E-4
<480,chair2,transcript2-8,read> 0.0010570894210329897
<481,chair0,transcript0-0,read> 9.905738533560174E-4
<482,stu4-0,stu4-0application4-0,checkStatus> 6.899257939712031E-4
<483,registrar2-0,transcript5-8,read> 3.027347647834092E-4
<484,registrar4-0,transcript2-15,read> 3.897411653238006E-4
<485,fac2-4,roster2-9,read> 0.0019003459607456088
<486,admissions0-0,stu5-12application5-12,setStatus> 1.1008996905344374E-4
<487,registrar0-0,transcript4-18,read> 3.581859162008483E-4
<488,fac2-3,gradebook2-6,changeScore> 0.0021653851594955107
<489,fac5-3,gradebook5-6,changeScore> 5.330792231705076E-4
<490,admissions0-0,application4-3,read> 1.6082643855487013E-4
<491,fac2-4,roster2-8,read> 0.001890167807865025
<492,fac2-0,gradebook2-1,changeScore> 0.0020865841832591312
<493,stu2-5,transcript2-5,read> 9.089638866111075E-4
<494,fac3-0,roster3-1,read> 0.0016357139858504382
<495,admissions4-1,stu2-11application2-11,read> 6.578586594872174E-5
<496,registrar4-1,transcript1-11,read> 4.771316017947313E-5
<497,chair4,transcript4-5,read> 0.0011513198085753664
<498,admissions4-0,stu2-19application2-19,setStatus> 1.2570617562872885E-4
<499,admissions0-1,stu4-18application4-18,read> 1.1017798907772761E-5
<500,admissions0-0,stu4-10application4-10,read> 3.2931906979190814E-5
<501,fac5-1,gradebook5-2,addScore> 1.7834595907923113E-4
<502,registrar2-1,transcript3-12,read> 3.57856903236193E-4
<503,fac5-1,gradebook5-3,addScore> 1.3574171421891075E-4
<504,registrar0-0,transcript5-2,read> 2.8610226892915346E-4
<505,registrar4-0,transcript1-3,read> 3.5973518294723665E-4
<506,registrar0-1,transcript4-10,read> 3.284129612402765E-4
<507,fac1-1,gradebook1-3,changeScore> 8.764263339147326E-4
<508,registrar2-0,transcript0-3,read> 1.0879596370987251E-4
<509,stu1-4,gradebook1-1,addScore> 2.2352275709106912E-4
<510,registrar4-0,transcript5-13,read> 3.0823453050284536E-5
<511,stu4-3,stu4-3application4-3,checkStatus> 0.002270773664467523
<512,admissions2-1,stu1-13application1-13,read> 1.103488735778496E-4
<513,registrar2-0,transcript2-19,read> 3.5121946505179335E-4
<514,stu3-16,stu3-16application3-16,checkStatus> 4.0514069965385147E-4
<515,admissions0-0,stu0-19application0-19,setStatus> 1.2602579087058879E-4
<516,stu5-2,stu5-2application5-2,checkStatus> 0.0016547079502299861
<517,chair1,transcript1-12,read> 2.3673075301700115E-4
<518,registrar2-1,transcript3-16,read> 3.537985142567867E-4
<519,stu2-0,gradebook2-1,addScore> 8.911567406129289E-4
<520,admissions4-1,stu5-0application5-0,read> 1.1727568727036677E-4
<521,admissions4-1,stu0-2application0-2,read> 8.040271943138499E-6
<522,registrar0-0,roster3-9,read> 1.2670756685391384E-4
<523,admissions0-0,stu2-1application2-1,read> 1.2604810102113275E-4
<524,admissions0-1,stu5-1application5-1,read> 3.393854758694484E-5
<525,fac5-2,roster5-5,read> 0.001564466915686354
<526,stu3-1,gradebook3-6,addScore> 8.047434410665652E-5
<527,admissions0-0,stu4-7application4-7,setStatus> 4.762154753023514E-5
<528,admissions2-0,stu1-7application1-7,setStatus> 3.321171771992307E-5
<529,stu4-11,gradebook4-5,addScore> 1.5079325293358684E-4
<530,registrar0-1,transcript0-3,read> 1.0443443287072395E-4
<531,stu1-18,stu1-18application1-18,checkStatus> 0.0013001795675083852
<532,admissions4-1,stu4-5application4-5,read> 7.444770504955922E-5
<533,chair5,transcript5-8,read> 0.0016612724940988188
<534,admissions0-1,stu1-9application1-9,read> 1.697859117098428E-4
<535,registrar4-1,roster1-5,write> 1.7323336573296845E-4
<536,chair0,transcript0-11,read> 0.0017943036294527628
<537,registrar4-0,transcript3-11,read> 4.0820638524784E-4
<538,registrar2-1,transcript4-5,read> 2.1074030273271374E-4
<539,admissions2-1,application5-4,setStatus> 1.9989196515540013E-4
<540,admissions0-1,stu3-15application3-15,setStatus> 1.7896246976612445E-4
<541,admissions2-0,stu2-17application2-17,setStatus> 1.1501883874779568E-4
<542,registrar4-1,roster3-8,read> 1.5156566327398426E-4
<543,admissions0-0,stu3-4application3-4,setStatus> 6.291993647469438E-5
<544,fac2-3,gradebook2-6,assignGrade> 7.733518426769682E-4
<545,admissions4-1,stu4-0application4-0,setStatus> 6.491366687259574E-5
<546,registrar2-0,roster5-3,write> 8.32413053122197E-5
<547,admissions0-0,stu1-0application1-0,read> 2.0682359464787762E-4
<548,stu1-5,transcript1-5,read> 0.001483928963140866
<549,admissions2-0,stu2-5application2-5,read> 1.2821292803725818E-4
<550,stu0-17,transcript0-17,read> 0.0015318427195183454
<551,registrar4-1,transcript2-19,read> 4.075397356168916E-4
<552,fac0-3,roster0-6,read> 0.002643351121028204
<553,registrar0-1,transcript1-6,read> 2.9738563263497056E-4
<554,admissions0-1,stu2-7application2-7,setStatus> 1.1734072303996888E-4
<555,admissions4-1,stu2-19application2-19,setStatus> 1.2670582712478234E-4
<556,app0-2,application0-2,checkStatus> 7.015496753719114E-4
<557,fac4-2,gradebook4-5,changeScore> 0.0012760598562563713
<558,registrar2-0,transcript5-1,read> 2.9162368763857116E-4
<559,fac5-0,gradebook5-1,addScore> 3.759663452829851E-4
<560,admissions2-1,stu2-10application2-10,setStatus> 1.2643834260291084E-4
<561,admissions2-0,stu5-18application5-18,read> 1.0784726053926671E-4
<562,fac5-2,gradebook5-5,changeScore> 5.161932996912833E-4
<563,registrar2-1,transcript2-5,read> 1.9247755232538528E-4
<564,chair0,transcript0-14,read> 0.0018164754853450867
<565,registrar2-1,transcript2-7,read> 1.9450674681508845E-4
<566,registrar0-1,roster2-9,read> 1.3794339329470457E-4
<567,admissions0-1,stu2-19application2-19,read> 1.2953484085861377E-4
<568,admissions2-1,stu4-2application4-2,setStatus> 9.778622033066321E-5
<569,registrar2-1,transcript2-6,read> 1.9146295508053375E-4
<570,chair0,transcript0-16,read> 0.0017776747375335196
<571,admissions4-1,stu4-12application4-12,read> 1.5673517650751533E-4
<572,fac1-3,roster1-6,read> 0.002694241885431121
<573,registrar0-1,roster0-5,write> 1.3793499764073357E-4
<574,registrar2-1,transcript2-9,read> 2.016089275290495E-4
<575,registrar4-0,roster0-8,write> 1.7632930371701215E-4
<576,app5-4,application5-4,checkStatus> 0.0022300900795650435
<577,stu5-3,gradebook5-2,addScore> 2.0547688797719021E-4
<578,registrar4-1,transcript0-15,read> 3.8292619136872947E-4
<579,registrar2-1,transcript2-8,read> 1.934921495702369E-4
<580,admissions4-0,stu0-2application0-2,read> 7.976837844967782E-6
<581,registrar0-0,roster2-1,write> 7.811576180950901E-5
<582,admissions0-0,stu4-11application4-11,read> 1.9897042165638857E-4
<583,app1-1,application1-1,checkStatus> 2.4240636004393623E-4
<584,fac2-2,gradebook2-4,changeScore> 0.0021766424418149938
<585,fac1-3,roster1-7,read> 0.002765488955595206
<586,admissions0-1,stu3-14application3-14,read> 1.3009388350932531E-4
<587,fac0-3,roster0-7,read> 0.0026331729681476203
<588,admissions2-0,stu4-3application4-3,setStatus> 2.10281078365779E-4
<589,admissions2-0,stu2-10application2-10,setStatus> 1.3062677631232403E-4
<590,admissions0-0,stu5-10application5-10,read> 2.0121418536824258E-4
<591,stu1-1,stu1-1application1-1,checkStatus> 0.0022823975458682306
<592,admissions0-1,stu5-3application5-3,setStatus> 1.8467995142112855E-4
<593,stu4-4,stu4-4application4-4,checkStatus> 0.0015965885432264449
<594,fac5-2,gradebook5-4,addScore> 3.6418159262283057E-4
<595,app3-0,application3-0,checkStatus> 0.0014280422629161756
<596,registrar2-0,transcript0-16,read> 3.2394682115082727E-4
<597,admissions0-0,stu5-18application5-18,setStatus> 1.4514877705116286E-4
<598,admissions2-1,stu3-17application3-17,setStatus> 1.4779719738767722E-4
<599,registrar0-1,roster5-5,read> 1.1356241416294692E-4
<600,admissions0-0,stu2-19application2-19,setStatus> 1.4769850854190608E-4
<601,fac5-3,gradebook5-7,addScore> 2.42739099705572E-4
<602,stu3-17,transcript3-17,read> 0.0016612098617375414
<603,admissions2-0,stu3-14application3-14,setStatus> 1.252447288762798E-4
<604,admissions4-1,application3-3,setStatus> 1.3600199282643878E-4
<605,fac5-3,gradebook5-6,addScore> 2.4113580192350632E-4
<606,admissions0-0,application3-4,setStatus> 1.5789743450487888E-4
<607,stu5-6,transcript5-6,read> 0.0014264324554878899
<608,registrar2-1,transcript2-0,read> 2.3711983109885485E-4
<609,registrar2-1,transcript2-1,read> 1.965359413047916E-4
<610,admissions0-0,stu2-16application2-16,read> 1.1482928246186266E-4
<611,registrar4-1,transcript2-12,read> 3.911307061181169E-4
<612,admissions2-1,application3-1,read> 1.1218260940327344E-4
<613,registrar2-1,roster0-2,write> 1.4321118242119137E-4
<614,registrar2-1,transcript2-2,read> 1.9552134405994003E-4
<615,admissions0-1,stu3-3application3-3,setStatus> 2.3613728631616563E-4
<616,chair2,transcript2-14,read> 0.0018663621611028159
<617,registrar2-1,transcript2-3,read> 1.9856513579449476E-4
<618,registrar2-0,transcript2-6,read> 1.9061389541277082E-4
<619,chair1,transcript1-0,read> 0.0014728117190140647
<620,admissions0-0,stu3-7application3-7,read> 1.6138737948283367E-4
<621,registrar2-0,transcript2-5,read> 1.916239933350288E-4
<622,stu2-2,transcript2-2,read> 9.233380135243515E-4
<623,admissions4-1,stu2-1application2-1,read> 1.0813263488614943E-4
<624,stu1-6,stu1-6application1-6,checkStatus> 2.947138263471233E-4
<625,admissions0-0,stu5-16application5-16,setStatus> 1.6618406184979435E-4
<626,admissions2-1,stu0-4application0-4,setStatus> 1.3216876705736034E-4
<627,admissions0-0,stu2-19application2-19,read> 1.2997468751687732E-4
<628,registrar4-1,roster4-5,write> 8.944481702038133E-5
<629,registrar2-0,transcript2-4,read> 1.9667448294631885E-4
<630,registrar0-1,transcript4-17,read> 3.536226657320876E-4
<631,app1-2,application1-2,checkStatus> 2.540302414446445E-4
<632,stu0-11,stu0-11application0-11,checkStatus> 0.001951116925948046
<633,registrar4-1,roster4-2,write> 1.1737433325791037E-4
<634,admissions0-1,stu1-18application1-18,setStatus> 1.4211647687832008E-4
<635,registrar2-0,transcript2-3,read> 1.9768458086857682E-4
<636,registrar2-0,transcript2-9,read> 2.0071487463535083E-4
<637,registrar2-0,transcript2-8,read> 1.9263409125728681E-4
<638,stu2-13,gradebook2-6,readMyScores> 1.5478484572798367E-4
<639,admissions0-0,stu5-17application5-17,read> 1.4119350607614745E-4
<640,registrar2-1,roster5-7,read> 1.234707403162255E-4
<641,fac2-2,roster2-5,read> 0.0013710820109552675
<642,registrar2-0,transcript2-7,read> 1.936441891795448E-4
<643,stu1-7,stu1-7application1-7,checkStatus> 3.586451740510185E-4
<644,admissions2-0,stu1-9application1-9,read> 1.438423937915307E-4
<645,admissions2-0,stu0-5application0-5,read> 1.5284117710459666E-4
<646,stu1-3,transcript1-3,read> 0.0014935117144163619
<647,stu1-14,stu1-14application1-14,checkStatus> 0.001974364688749462
<648,app1-0,application1-0,checkStatus> 2.3078247864322799E-4
<649,admissions0-1,stu5-10application5-10,read> 2.0053325749897613E-4
<650,registrar4-1,transcript3-14,read> 4.1105595622377205E-4
<651,admissions4-0,stu3-19application3-19,read> 1.4451802230346867E-4
<652,registrar2-0,roster2-7,read> 1.4139535116059618E-4
<653,fac5-2,gradebook5-5,addScore> 1.3952184506220625E-4
<654,admissions2-1,stu3-14application3-14,setStatus> 1.2122886582613855E-4
<655,registrar2-0,transcript2-1,read> 1.956643850240608E-4
<656,registrar4-1,transcript0-6,read> 1.2858623413772028E-4
<657,registrar2-0,transcript2-2,read> 1.946542871018028E-4
<658,stu0-15,stu0-15application0-15,checkStatus> 0.0013699228559126344
<659,registrar2-0,transcript2-0,read> 2.3606830191438095E-4
<660,admissions2-1,stu0-8application0-8,read> 1.328121374392917E-4
<661,stu4-2,stu4-2application4-2,checkStatus> 0.0010909497022956371
<662,fac0-4,gradebook0-9,changeScore> 2.966762944613692E-4
<663,stu4-6,transcript4-6,read> 0.001000000023728319
<664,admissions0-1,stu0-19application0-19,setStatus> 1.255993076527526E-4
<665,registrar0-1,transcript2-10,read> 3.216257331078658E-4
<666,admissions0-1,stu0-3application0-3,setStatus> 9.955300233551161E-5
<667,admissions4-1,stu3-8application3-8,setStatus> 1.7318665563306434E-4
<668,admissions4-1,stu5-15application5-15,setStatus> 4.413400236301087E-5
<669,admissions0-0,stu5-6application5-6,read> 3.349284790715433E-5
<670,registrar0-0,transcript4-17,read> 3.552636061763201E-4
<671,fac3-4,gradebook3-9,assignGrade> 1.7229337597601252E-4
<672,stu3-6,gradebook3-3,addScore> 1.1938830753608373E-4
<673,registrar4-0,transcript2-12,read> 3.851248603427907E-4
<674,fac1-0,gradebook1-1,changeScore> 8.482831281160255E-4
<675,chair1,transcript1-8,read> 0.0016889873139642236
<676,app1-3,application1-3,checkStatus> 2.5984218214499856E-4
<677,admissions0-1,stu0-5application0-5,setStatus> 2.050087750833655E-4
<678,registrar2-1,roster1-6,write> 1.488337382499311E-4
<679,admissions0-1,stu3-9application3-9,setStatus> 1.0399993251162593E-4
<680,admissions2-1,stu4-3application4-3,setStatus> 2.0353859889914077E-4
<681,admissions0-1,application3-1,read> 1.3680239531786348E-4
<682,registrar2-1,roster0-1,read> 1.938229701233313E-4
<683,registrar4-1,transcript0-4,read> 1.2507001353084E-4
<684,admissions2-1,stu3-19application3-19,setStatus> 1.5769520326354457E-4
<685,stu2-18,gradebook2-3,readScore> 1.8981379941893594E-4
<686,stu4-19,stu4-19application4-19,checkStatus> 7.364213195740361E-4
<687,stu0-5,gradebook0-1,readScore> 2.512445650890001E-5
<688,admissions4-1,stu1-5application1-5,read> 1.0332050205235083E-4
<689,registrar4-1,roster3-4,read> 1.444209033062443E-4
<690,admissions4-0,stu4-3application4-3,setStatus> 2.1196669823243848E-4
<691,admissions0-0,application3-0,setStatus> 1.5662256875950727E-4
<692,stu0-14,transcript0-14,read> 0.0015701737246203295
<693,admissions0-0,application3-2,setStatus> 1.591723002502505E-4
<694,admissions0-0,application3-1,setStatus> 1.559851358868215E-4
<695,stu2-16,transcript2-16,read> 0.0016324616079110533
<696,admissions0-0,application3-3,setStatus> 1.585348673775647E-4
<697,admissions0-1,stu1-6application1-6,setStatus> 3.221377395435194E-5
<698,registrar4-1,roster1-8,write> 1.771305075335539E-4
<699,admissions4-1,stu4-13application4-13,read> 1.721340015756709E-4
<700,chair2,transcript2-2,read> 0.0010681753489791515
<701,admissions4-0,stu2-12application2-12,setStatus> 5.734878035786461E-5
<702,fac5-4,gradebook5-8,addScore> 1.6743859229335388E-4
<703,stu2-0,gradebook2-7,readMyScores> 1.8426082019751372E-4
<704,registrar2-0,transcript2-11,read> 3.360679962179233E-4
<705,stu0-17,stu0-17application0-17,checkStatus> 0.0021661587318611486
<706,registrar2-1,roster3-7,read> 1.3042865315429089E-4
<707,registrar4-1,transcript2-6,read> 2.2118004345223518E-4
<708,fac5-4,gradebook5-9,addScore> 9.442181858933633E-5
<709,admissions0-1,application3-3,setStatus> 1.579983703644427E-4
<710,admissions2-0,application3-0,setStatus> 1.322413905431373E-4
<711,registrar2-1,roster0-7,read> 2.0000778153494498E-4
<712,registrar4-0,transcript2-16,read> 3.93203394059558E-4
<713,registrar2-0,transcript5-3,read> 2.956640793276032E-4
<714,registrar2-0,transcript0-12,read> 3.340478003734074E-4
<715,admissions0-1,application3-2,setStatus> 1.5863364610388755E-4
<716,chair5,transcript5-7,read> 0.0016446436021795756
<717,admissions0-1,application3-1,setStatus> 1.5545726740666307E-4
<718,admissions4-1,stu3-16application3-16,read> 3.35445759622711E-5
<719,fac2-2,gradebook2-4,readScore> 9.63098513771632E-5
<720,fac4-4,gradebook4-8,changeScore> 0.0012985744208953369
<721,admissions0-1,application3-0,setStatus> 1.5609254314610793E-4
<722,stu4-3,transcript4-3,read> 9.856258968150753E-4
<723,admissions0-1,application3-4,setStatus> 1.5736309462499774E-4
<724,admissions2-0,stu3-3application3-3,setStatus> 2.0005518823729485E-4
<725,stu4-0,gradebook4-4,readMyScores> 9.454404747617759E-5
<726,admissions0-0,stu0-16application0-16,setStatus> 1.521605386507067E-4
<727,admissions0-1,stu1-1application1-1,read> 2.1954070762316758E-4
<728,registrar4-0,transcript5-1,read> 3.3319142930642986E-4
<729,admissions0-1,stu5-13application5-13,read> 2.0891889725964882E-4
<730,registrar4-1,roster5-4,read> 1.319175733626993E-4
<731,fac5-1,roster5-3,read> 0.0015135761512834365
<732,registrar0-1,transcript3-4,read> 7.534631230324955E-5
<733,registrar4-0,roster0-1,read> 2.2046825648174928E-4
<734,admissions2-0,stu2-15application2-15,read> 3.3488893162879345E-5
<735,admissions0-0,stu5-8application5-8,read> 2.1467676763936675E-4
<736,stu2-5,gradebook2-5,addScore> 9.366095446621067E-4
<737,admissions4-1,stu4-2application4-2,setStatus> 1.0264516295578933E-4
<738,admissions2-1,stu2-15application2-15,read> 3.2415100997336126E-5
<739,chair3,transcript3-13,read> 0.0019495066206990305
<740,stu0-18,transcript0-18,read> 0.0015270513438805978
<741,registrar2-1,transcript2-14,read> 3.4162334731856767E-4
<742,admissions4-0,stu2-7application2-7,read> 8.818284829611515E-5
<743,admissions2-1,stu5-15application5-15,read> 3.699944056089574E-5
<744,admissions2-1,stu3-19application3-19,read> 1.387717788719192E-4
<745,stu2-4,gradebook2-2,addScore> 8.927523622246582E-4
<746,admissions4-0,stu3-0application3-0,read> 7.147326278545946E-5
<747,admissions2-1,stu0-6application0-6,read> 5.0752459251574586E-5
<748,admissions0-1,stu1-16application1-16,read> 1.2394441435149863E-4
<749,stu2-6,transcript2-6,read> 9.041725109733595E-4
<750,admissions0-0,stu1-19application1-19,setStatus> 5.654560774783637E-5
<751,admissions2-1,stu1-4application1-4,setStatus> 2.0249670354378628E-4
<752,registrar0-1,transcript4-18,read> 3.5653147778883507E-4
<753,admissions2-1,stu0-16application0-16,setStatus> 1.243545518922019E-4
<754,registrar4-0,roster2-8,write> 1.1876979094253029E-4
<755,admissions2-1,stu2-5application2-5,setStatus> 1.4102487757787328E-4
<756,admissions2-0,stu1-6application1-6,read> 2.4016489675441466E-5
<757,fac4-1,gradebook4-2,assignGrade> 4.4367428903497246E-4
<758,stu2-12,gradebook2-3,addScore> 5.087485846494992E-4
<759,fac2-2,gradebook2-4,addScore> 2.6141245373801443E-4
<760,registrar0-1,transcript2-2,read> 1.8685077447856796E-4
<761,admissions2-0,stu0-4application0-4,read> 1.2016138507293598E-4
<762,stu3-12,stu3-12application3-12,checkStatus> 8.177884893789938E-4
<763,admissions0-0,stu1-1application1-1,read> 2.2028617691900176E-4
<764,admissions0-0,stu3-12application3-12,read> 7.892906307219832E-5
<765,stu0-19,stu0-19application0-19,checkStatus> 0.0011490691092991782
<766,admissions0-1,stu1-2application1-2,setStatus> 1.9865601768891646E-4
<767,fac2-3,roster2-7,read> 0.0018698115021038584
<768,chair0,transcript0-1,read> 9.517731055444503E-4
<769,fac1-1,gradebook1-3,assignGrade> 3.1300940496954737E-4
<770,admissions4-1,stu2-7application2-7,read> 8.888410355095503E-5
<771,admissions0-1,stu0-5application0-5,read> 1.8040772207336163E-4
<772,admissions4-0,stu1-0application1-0,setStatus> 2.0003128001054154E-4
<773,registrar4-0,transcript2-7,read> 2.2124603351694093E-4
<774,admissions2-0,stu2-17application2-17,read> 1.012165780980602E-4
<775,admissions0-1,stu5-17application5-17,read> 1.4071569387284408E-4
<776,admissions2-1,application2-0,setStatus> 5.350566772809875E-5
<777,admissions2-0,stu0-6application0-6,read> 5.243370013775512E-5
<778,registrar0-1,transcript0-2,read> 1.6939790213808334E-4
<779,chair1,transcript1-18,read> 1.9238704123235312E-4
<780,registrar4-0,transcript0-18,read> 3.678137166640038E-4
<781,stu0-5,gradebook0-9,readMyScores> 4.7535756747573945E-5
<782,registrar2-0,transcript1-9,read> 3.0879535231695724E-4
<783,admissions2-0,stu1-9application1-9,setStatus> 1.6345726567219398E-4
<784,admissions4-1,stu3-0application3-0,read> 7.204163863265994E-5
<785,registrar2-1,transcript0-6,read> 1.1130977273725885E-4
<786,registrar0-0,roster3-1,read> 1.192851074824373E-4
<787,admissions0-0,stu3-12application3-12,setStatus> 8.96921171274981E-5
<788,registrar4-1,roster5-9,write> 1.0568290785615403E-4
<789,registrar0-1,roster5-3,read> 1.0986832641571093E-4
<790,registrar4-1,roster5-8,write> 1.0243528968899946E-4
<791,admissions2-1,stu3-1application3-1,setStatus> 1.6759320913941196E-4
<792,registrar4-1,roster5-7,write> 1.0373433695586128E-4
<793,stu5-4,gradebook5-5,readMyScores> 1.0008991953329004E-4
<794,stu3-13,transcript3-13,read> 0.001685166739926281
<795,chair5,transcript5-9,read> 0.0016557295301257377
<796,registrar4-0,roster2-4,write> 8.679228384559597E-5
<797,fac2-0,gradebook2-1,assignGrade> 7.452086368782613E-4
<798,fac4-4,gradebook4-9,addScore> 4.854264686824936E-4
<799,admissions0-0,stu1-16application1-16,read> 1.2436527823724225E-4
<800,registrar4-1,roster5-2,write> 1.1542576235761763E-4
<801,registrar4-1,roster5-1,write> 1.1477623872418673E-4
<802,admissions0-1,stu0-16application0-16,setStatus> 1.5164561296999364E-4
<803,admissions4-0,stu0-7application0-7,read> 1.0298276689126732E-4
<804,admissions0-1,stu3-14application3-14,setStatus> 1.4783395853332424E-4
<805,registrar4-1,roster5-6,write> 9.853814788841404E-5
<806,registrar4-1,transcript0-11,read> 3.794099707618492E-4
<807,admissions4-0,stu1-0application1-0,read> 1.7602752640927656E-4
<808,registrar4-1,roster5-5,write> 9.983719515527585E-5
<809,registrar4-1,roster5-4,write> 9.59400533546904E-5
<810,stu4-17,gradebook4-5,readMyScores> 5.821928239292012E-5
<811,chair2,transcript2-3,read> 0.0010848042408983945
<812,admissions0-0,stu0-4application0-4,read> 1.4231538793207444E-4
<813,admissions0-1,stu3-12application3-12,read> 7.866195964386601E-5
<814,fac0-1,roster0-3,read> 0.0025721040508641193
<815,registrar4-1,roster5-3,write> 9.658957698812131E-5
<816,registrar4-1,transcript4-17,read> 4.274649857225468E-4
<817,stu1-11,stu1-11application1-11,checkStatus> 0.00182906617124061
<818,fac3-1,roster3-2,read> 0.0016153576800892711
<819,admissions4-0,stu1-12application1-12,read> 1.1300851819766077E-4
<820,registrar2-1,transcript3-17,read> 3.5176931976708357E-4
<821,registrar2-1,roster1-4,read> 2.023270858143001E-4
<822,admissions2-1,stu4-9application4-9,read> 1.0989043962149363E-4
<823,fac3-1,gradebook3-2,addScore> 1.6377673846335305E-4
<824,registrar4-0,transcript0-19,read> 3.666596404187513E-4
<825,fac2-0,roster2-1,read> 0.0014728635397611026
<826,admissions0-1,stu3-11application3-11,read> 1.379204806192865E-4
<827,registrar4-0,roster4-7,read> 1.2549506040385433E-4
<828,registrar4-1,transcript4-10,read> 3.9699107379625076E-4
<829,chair5,transcript5-6,read> 0.0016501865661526568
<830,registrar2-0,transcript0-15,read> 3.300074086843753E-4
<831,stu2-6,gradebook2-4,addScore> 4.2660468834770427E-4
<832,stu1-6,gradebook1-6,readMyScores> 1.2681696009550017E-4
<833,registrar2-1,transcript4-18,read> 3.7307586190896667E-4
<834,admissions2-1,stu2-17application2-17,read> 9.797115675623862E-5
<835,admissions4-0,stu4-2application4-2,setStatus> 1.0183533918493497E-4
<836,registrar4-0,roster5-2,write> 1.136533898070208E-4
<837,admissions0-0,stu3-0application3-0,read> 8.397753142386985E-5
<838,admissions2-1,stu1-8application1-8,setStatus> 1.332106624127148E-4
<839,registrar2-1,transcript0-15,read> 3.3147737487005183E-4
<840,stu3-1,stu3-1application3-1,checkStatus> 0.0018697497561430884
<841,chair3,transcript3-19,read> 0.001899619944941302
<842,registrar0-1,roster4-3,read> 1.342493055474685E-4
<843,chair3,transcript3-5,read> 4.2519152810175525E-4
<844,registrar4-0,roster5-3,write> 9.510643569079892E-5
<845,stu0-0,stu0-0application0-0,checkStatus> 0.0014047945001147593
<846,registrar4-0,roster5-4,write> 9.446688554886022E-5
<847,registrar4-0,roster5-5,write> 9.830418640049233E-5
<848,stu3-0,transcript3-0,read> 3.4837293699459314E-4
<849,stu0-6,stu0-6application0-6,checkStatus> 6.434302683683701E-4
<850,stu2-16,stu2-16application2-16,checkStatus> 0.0011897526942016572
<851,admissions0-0,stu0-15application0-15,read> 1.3221845122873135E-4
<852,registrar4-0,roster5-1,write> 1.1301383966508213E-4
<853,registrar0-0,transcript4-3,read> 2.0038117487632725E-4
<854,stu5-16,transcript5-16,read> 1.0880415510719382E-4
<855,registrar0-0,transcript3-16,read> 3.396779527121699E-4
<856,registrar4-0,roster5-6,write> 9.702508611661495E-5
<857,registrar4-0,roster5-7,write> 1.0214148725212445E-4
<858,registrar0-1,transcript4-6,read> 2.0236443878122098E-4
<859,stu5-2,transcript5-2,read> 0.0014072669529368981
<860,admissions0-0,application1-3,read> 2.507873398770174E-5
<861,registrar0-1,transcript3-1,read> 6.95286881897547E-5
<862,admissions4-1,stu2-10application2-10,read> 1.1679447398698693E-4
<863,stu5-17,gradebook5-2,readMyScores> 3.186362474121066E-5
<864,registrar4-0,roster5-8,write> 1.0086238696824709E-4
<865,admissions0-0,application0-1,read> 6.827118544089168E-5
<866,admissions4-0,stu2-8application2-8,setStatus> 2.1359425526269718E-4
<867,admissions0-1,stu3-4application3-4,setStatus> 6.270700944770727E-5
<868,registrar4-0,roster5-9,write> 1.040601376779405E-4
<869,admissions0-1,stu2-13application2-13,read> 1.1332260398797988E-4
<870,registrar2-1,roster5-8,read> 1.2192453746332208E-4
<871,admissions2-1,stu0-17application0-17,read> 1.7086215581683652E-4
<872,admissions2-1,stu1-6application1-6,read> 2.324642187021689E-5
<873,chair5,transcript5-18,read> 1.1478554560921909E-4
<874,registrar0-1,transcript2-14,read> 3.2647375320244494E-4
<875,admissions4-1,stu5-16application5-16,read> 1.254563130878244E-4
<876,admissions2-1,stu3-15application3-15,setStatus> 1.4675530203232278E-4
<877,admissions2-0,stu0-16application0-16,setStatus> 1.2847395733790634E-4
<878,registrar0-1,transcript2-4,read> 1.887899825163996E-4
<879,registrar4-1,transcript4-11,read> 4.005072944031311E-4
<880,chair0,transcript0-5,read> 6.191952671595905E-4
<881,admissions2-0,stu5-19application5-19,setStatus> 3.374992246352749E-5
<882,admissions4-0,application4-2,read> 1.3401485426819937E-4
<883,admissions2-1,stu1-9application1-9,setStatus> 1.5821615094122182E-4
<884,admissions4-1,stu0-12application0-12,setStatus> 5.507066789437133E-5
<885,registrar4-1,transcript1-0,read> 3.1142970569549645E-4
<886,registrar4-1,transcript1-1,read> 3.0908555862424296E-4
<887,admissions0-1,stu0-0application0-0,read> 1.3512526736572894E-4
<888,admissions0-0,stu2-13application2-13,read> 1.1370740060593566E-4
<889,registrar0-0,transcript1-4,read> 3.0071381905179425E-4
<890,fac1-1,gradebook1-3,addScore> 1.4488018573679878E-4
<891,fac1-1,gradebook1-2,addScore> 1.3982804870882643E-4
<892,admissions2-1,stu5-19application5-19,setStatus> 3.266776062100958E-5
<893,chair3,transcript3-12,read> 0.001955049584672112
<894,chair0,transcript0-7,read> 6.358241590788333E-4
<895,admissions4-1,stu4-17application4-17,read> 8.359075743377655E-5
<896,stu2-3,gradebook2-4,addScore> 4.163866119800947E-4
<897,stu0-19,transcript0-19,read> 0.0015222599682428496
<898,admissions4-0,stu0-12application0-12,setStatus> 5.4636185307433484E-5
<899,admissions2-0,stu5-3application5-3,setStatus> 1.5646060400533642E-4
<900,admissions2-0,stu1-8application1-8,setStatus> 1.3762343797918153E-4
<901,admissions2-1,stu5-1application5-1,setStatus> 3.162586526565512E-5
<902,fac1-0,gradebook1-1,addScore> 1.4109571000759456E-4
<903,registrar2-0,roster3-2,read> 1.2215352519181466E-4
<904,registrar0-0,roster3-2,write> 8.567317498773965E-5
<905,admissions2-1,stu3-3application3-3,setStatus> 1.9364059302327333E-4
<906,admissions4-0,stu4-17application4-17,read> 8.293126427848048E-5
<907,admissions0-1,stu5-11application5-11,setStatus> 1.3512844374442617E-4
<908,registrar4-0,transcript2-1,read> 2.2355418600744585E-4
<909,stu2-2,gradebook2-4,addScore> 4.146835992521597E-4
<910,fac1-0,roster1-1,read> 0.002734954496953455
<911,admissions2-0,stu0-1application0-1,setStatus> 1.652737066818589E-5
<912,stu5-19,stu5-19application5-19,checkStatus> 3.644571147513727E-4
<913,fac3-2,gradebook3-5,addScore> 3.563250908493942E-4
<914,registrar0-0,roster2-9,read> 1.3858350184827627E-4
<915,stu5-1,transcript5-1,read> 0.001383310074748158
<916,fac4-1,roster4-2,read> 0.001839277043462108
<917,admissions4-1,stu3-13application3-13,setStatus> 1.299868267841905E-4
<918,registrar0-0,roster2-1,read> 1.0740917248807489E-4
<919,registrar4-1,transcript4-16,read> 4.286370592581736E-4
<920,admissions0-1,stu1-17application1-17,setStatus> 7.604779997605022E-5
<921,admissions2-1,stu3-5application3-5,setStatus> 1.1341465066098009E-4
<922,registrar2-1,roster2-1,write> 8.136306830505443E-5
<923,registrar2-1,roster2-3,write> 7.349149014481881E-5
<924,admissions2-0,stu5-15application5-15,setStatus> 4.343760784840716E-5
<925,stu3-16,transcript3-16,read> 0.0016707926130130372
<926,registrar2-1,roster2-2,write> 7.517825689344071E-5
<927,fac4-3,gradebook4-6,readScore> 3.309982101323954E-4
<928,registrar0-1,transcript4-1,read> 2.0430364681905258E-4
<929,stu0-13,transcript0-13,read> 0.0015749651002580774
<930,registrar2-1,roster2-5,write> 7.574051247631468E-5
<931,registrar4-0,roster4-3,read> 1.5979093676531637E-4
<932,admissions4-1,stu3-18application3-18,read> 1.5192304367371676E-4
<933,registrar4-0,roster4-4,read> 1.2285691606835726E-4
<934,registrar2-1,roster2-4,write> 7.630276805918868E-5
<935,registrar2-1,roster2-7,write> 1.0329103603713932E-4
<936,registrar0-0,roster0-9,write> 1.4991118700270013E-4
<937,registrar2-1,roster2-6,write> 1.0272878045426537E-4
<938,registrar2-1,roster2-9,write> 1.0497780278576127E-4
<939,stu1-0,gradebook1-1,readMyScores> 6.849289266901396E-5
<940,registrar2-1,roster2-8,write> 1.0441554720288727E-4
<941,admissions4-0,stu4-4application4-4,read> 1.311503538949441E-4
<942,admissions2-0,stu4-1application4-1,read> 1.7178598407947246E-4
<943,registrar2-0,transcript4-14,read> 3.6738103180792143E-4
<944,fac1-2,gradebook1-4,changeScore> 7.807394341991286E-4
<945,admissions4-0,stu0-2application0-2,setStatus> 9.064588460190663E-6
<946,fac1-2,gradebook1-5,changeScore> 7.976253576783529E-4
<947,admissions0-0,stu1-17application1-17,setStatus> 7.630602680109624E-5
<948,stu1-8,gradebook1-2,addScore> 2.343193580752006E-4
<949,admissions4-1,stu0-5application0-5,setStatus> 1.7646765529247247E-4
<950,admissions2-1,stu4-9application4-9,setStatus> 1.2487549956987916E-4
<951,admissions4-0,stu1-10application1-10,read> 1.0346018362014321E-4
<952,admissions0-0,stu4-10application4-10,setStatus> 3.7422621567262295E-5
<953,admissions2-1,stu0-18application0-18,read> 1.7957240098759975E-4
<954,admissions4-1,stu0-2application0-2,setStatus> 9.136672662657385E-6
<955,admissions4-1,stu5-14application5-14,setStatus> 3.53846699379225E-5
<956,registrar4-0,transcript4-11,read> 3.943574703048104E-4
<957,registrar0-1,transcript1-3,read> 3.0223365272954967E-4
<958,registrar2-0,transcript3-15,read> 3.5323966089630945E-4
<959,stu0-8,gradebook0-1,addScore> 6.890163683602853E-5
<960,registrar0-1,transcript4-11,read> 3.31321773297024E-4
<961,admissions2-0,stu1-14application1-14,read> 1.6089272006891884E-4
<962,admissions2-0,stu3-7application3-7,setStatus> 1.5484598977452314E-4
<963,admissions2-1,stu3-17application3-17,read> 1.3006153370115594E-4
<964,admissions0-0,application3-0,read> 1.378278605083664E-4
<965,stu4-6,stu4-6application4-6,checkStatus> 6.84113853270849E-4
<966,admissions2-1,stu0-1application0-1,setStatus> 1.5997434935338246E-5
<967,admissions2-0,stu0-4application0-4,setStatus> 1.3654702849197272E-4
<968,admissions4-1,stu2-16application2-16,setStatus> 1.1194132865744575E-4
<969,admissions0-1,stu5-3application5-3,read> 1.6251835725059313E-4
<970,admissions2-0,stu4-9application4-9,setStatus> 1.2901216208151075E-4
<971,admissions4-1,stu1-10application1-10,read> 1.0428292861911055E-4
<972,admissions4-1,stu3-2application3-2,setStatus> 5.452383461780331E-5
<973,admissions4-0,stu5-14application5-14,setStatus> 3.510550094432942E-5
<974,registrar4-0,transcript2-18,read> 3.989737752858203E-4
<975,registrar0-0,transcript5-4,read> 2.880504756121723E-4
<976,admissions4-0,stu2-16application2-16,setStatus> 1.1105816235640079E-4
<977,admissions4-1,application2-4,read> 5.568038699774467E-5
<978,registrar4-0,transcript3-16,read> 4.024360040215777E-4
<979,registrar4-0,transcript4-4,read> 2.3855717719572787E-4
<980,stu5-12,stu5-12application5-12,checkStatus> 0.0010037705917903253
<981,admissions4-0,stu0-13application0-13,setStatus> 1.788730386171788E-4
<982,admissions4-1,application2-3,read> 5.471796043098495E-5
<983,stu0-2,gradebook0-5,addScore> 1.269339284383615E-4
<984,stu2-19,gradebook2-3,readMyScores> 1.4004012836664728E-4
<985,registrar2-0,roster1-7,write> 1.5209205714233247E-4
<986,admissions4-0,stu3-15application3-15,setStatus> 1.5283212613304004E-4
<987,admissions2-0,stu3-17application3-17,read> 1.343699903040928E-4
<988,admissions4-1,stu0-15application0-15,read> 1.134259810033279E-4
<989,admissions4-1,stu1-0application1-0,setStatus> 2.016219860146015E-4
<990,admissions0-1,stu1-14application1-14,read> 1.8991144713545729E-4
<991,fac4-3,gradebook4-7,assignGrade> 4.6176634990556975E-4
<992,chair3,transcript3-11,read> 0.0019605925486451932
<993,registrar4-0,transcript1-2,read> 3.5858110670198407E-4
<994,chair3,transcript3-17,read> 0.0019217918008336261
<995,stu4-12,stu4-12application4-12,checkStatus> 0.001892997518944505
<996,admissions0-1,stu4-19application4-19,read> 7.083536253390479E-5
<997,fac2-0,gradebook2-1,readScore> 2.081868520854145E-4
<998,app5-1,application5-1,checkStatus> 0.002189406494662565
<999,chair3,transcript3-15,read> 0.001938420692752869
<1000,admissions4-0,stu0-10application0-10,read> 1.8605327771566998E-4
<1001,admissions2-0,stu4-17application4-17,setStatus> 9.349064900361868E-5
<1002,stu0-0,transcript0-0,read> 8.562587545958796E-4
<1003,admissions4-1,application2-1,read> 4.990582759718635E-5
<1004,admissions2-0,stu5-2application5-2,setStatus> 1.532313755437099E-4
<1005,fac2-4,gradebook2-9,changeScore> 0.002125984671377321
<1006,admissions4-1,application2-2,read> 5.038704088056621E-5
<1007,admissions0-1,stu3-7application3-7,setStatus> 1.8277412420279385E-4
<1008,admissions4-1,application2-0,read> 4.942461431380649E-5
<1009,registrar0-1,roster2-3,write> 7.023244401866277E-5
<1010,admissions4-0,application5-3,read> 1.8175652715578705E-4
<1011,admissions4-1,stu0-10application0-10,setStatus> 2.1310548482253005E-4
<1012,admissions4-0,application2-3,read> 5.4286260545927865E-5
<1013,registrar4-0,roster0-4,read> 2.266239265979092E-4
<1014,admissions4-0,application2-2,read> 4.998950998604497E-5
<1015,registrar4-0,transcript0-12,read> 3.8166263160703334E-4
<1016,admissions0-0,stu0-13application0-13,read> 1.849468984573009E-4
<1017,registrar2-0,roster5-7,read> 1.2292319823056596E-4
<1018,registrar0-0,transcript1-3,read> 3.036361290763225E-4
<1019,admissions2-0,application1-2,read> 2.0701148454838206E-5
<1020,stu5-8,transcript5-8,read> 0.0014360152067633858
<1021,stu0-3,transcript0-3,read> 5.160710843157728E-4
<1022,admissions2-1,application2-1,setStatus> 5.4026615405775975E-5
<1023,admissions4-0,application2-4,read> 5.524109400367962E-5
<1024,admissions4-1,application5-1,read> 1.8127705395988819E-4
<1025,stu0-3,gradebook0-7,addScore> 1.3209225009884793E-4
<1026,registrar2-1,transcript1-9,read> 3.1017083272816867E-4
<1027,admissions4-0,stu4-13application4-13,setStatus> 1.940635708995931E-4
<1028,admissions0-1,stu0-10application0-10,read> 2.1786357967103307E-4
<1029,registrar2-1,roster3-4,read> 1.2501694316912894E-4
<1030,fac4-4,roster4-9,read> 0.0013100130936717666
<1031,admissions4-0,stu0-15application0-15,read> 1.1253110146878488E-4
<1032,admissions0-1,stu3-7application3-7,read> 1.6084122929845858E-4
<1033,admissions0-0,stu0-19application0-19,read> 1.1090269596611811E-4
<1034,fac0-1,roster0-2,read> 0.0025924603566252866
<1035,registrar0-0,transcript2-19,read> 3.3870384937066043E-4
<1036,admissions0-1,stu4-2application4-2,setStatus> 1.1924655025830359E-4
<1037,stu2-11,transcript2-11,read> 0.0015941306028090696
<1038,registrar2-1,roster2-7,read> 1.4202517455106655E-4
<1039,fac4-3,roster4-6,read> 0.001483041692641686
<1040,admissions2-0,stu2-1application2-1,setStatus> 1.2093909092744435E-4
<1041,stu1-9,gradebook1-6,readMyScores> 1.338473246210503E-4
<1042,registrar2-1,roster3-3,read> 1.2733624744848404E-4
<1043,admissions2-0,stu2-4application2-4,setStatus> 3.428812720713192E-5
<1044,admissions4-0,stu4-7application4-7,read> 3.566700811976866E-5
<1045,admissions0-1,stu0-17application0-17,read> 2.083598546089373E-4
<1046,stu2-9,transcript2-9,read> 9.520862673508394E-4
<1047,registrar0-1,roster3-1,write> 8.635209964296532E-5
<1048,admissions2-0,application4-1,setStatus> 1.52154966056501E-4
<1049,registrar0-1,transcript3-13,read> 3.4101781348618205E-4
<1050,chair4,transcript4-4,read> 0.0011457768446022855
<1051,registrar0-1,roster2-1,write> 7.775494997667063E-5
<1052,admissions2-1,stu4-17application4-17,setStatus> 9.049295284318199E-5
<1053,registrar0-0,roster4-7,write> 7.703613135547607E-5
<1054,stu0-1,transcript0-1,read> 8.227191251316436E-4
<1055,fac3-2,gradebook3-4,assignGrade> 1.803342919185002E-4
<1056,admissions2-1,stu0-4application0-4,read> 1.163085150104771E-4
<1057,admissions4-0,stu0-5application0-5,setStatus> 1.7507540554657526E-4
<1058,admissions4-0,application2-0,read> 4.903467652829322E-5
<1059,stu5-14,transcript5-14,read> 1.2317828202043778E-4
<1060,admissions4-1,stu4-17application4-17,setStatus> 9.4989497083837E-5
<1061,registrar0-1,roster2-2,read> 9.878606317400287E-5
<1062,admissions2-1,stu0-0application0-0,setStatus> 1.259173949252336E-4
<1063,registrar4-1,roster5-3,read> 1.328106683586668E-4
<1064,admissions0-1,stu2-5application2-5,read> 1.5133750423636287E-4
<1065,registrar0-1,roster2-1,read> 1.0691305621792212E-4
<1066,registrar0-0,roster2-6,read> 1.3561451809968568E-4
<1067,registrar0-1,roster2-6,read> 1.3498812309691575E-4
<1068,registrar4-0,transcript5-0,read> 3.3665365804218727E-4
<1069,admissions0-0,stu4-17application4-17,setStatus> 1.1072740192612953E-4
<1070,registrar0-1,roster2-5,read> 9.952488072345008E-5
<1071,registrar0-1,roster2-4,read> 1.0026369827289731E-4
<1072,fac3-2,gradebook3-4,changeScore> 5.049360173718005E-4
<1073,stu4-2,transcript4-2,read> 0.001014374150641563
<1074,registrar0-1,roster2-3,read> 9.65696105256613E-5
<1075,stu4-1,gradebook4-3,readScore> 1.3655619064605236E-4
<1076,stu4-3,gradebook4-8,readMyScores> 1.5892494019546598E-4
<1077,admissions4-0,stu5-9application5-9,setStatus> 2.8052753813208504E-5
<1078,admissions0-0,stu0-10application0-10,read> 2.1860335413511123E-4
<1079,fac1-3,gradebook1-6,changeScore> 8.088826399978357E-4
<1080,registrar2-0,roster2-9,write> 1.0451226929225454E-4
<1081,admissions2-1,stu2-1application2-1,setStatus> 1.1706128440472069E-4
<1082,stu2-3,gradebook2-3,readMyScores> 2.1201121601018737E-4
<1083,app3-1,application3-1,checkStatus> 0.0014222303222158218
<1084,chair1,transcript1-3,read> 0.001727788061775791
<1085,registrar2-0,roster2-7,write> 1.0283298266225177E-4
<1086,registrar2-0,roster2-8,write> 1.0395250708225361E-4
<1087,registrar0-0,transcript1-0,read> 2.588273753668906E-4
<1088,registrar2-0,roster2-5,write> 7.540463437220686E-5
<1089,registrar0-0,roster2-8,read> 1.3784125591112862E-4
<1090,registrar2-0,roster5-9,write> 9.107797625223253E-5
<1091,stu4-5,stu4-5application4-5,checkStatus> 8.991556591839512E-4
<1092,registrar2-0,roster2-6,write> 1.0227322045225088E-4
<1093,admissions4-1,stu1-15application1-15,setStatus> 1.5240699112347943E-4
<1094,registrar2-0,roster2-3,write> 7.31655855322032E-5
<1095,registrar0-0,transcript5-1,read> 2.812317522216065E-4
<1096,registrar0-0,roster4-9,write> 6.947871817724542E-5
<1097,admissions2-1,stu0-5application0-5,read> 1.4794045799903846E-4
<1098,registrar4-1,transcript2-3,read> 2.2938455820162255E-4
<1099,registrar2-0,roster2-4,write> 7.596439658220778E-5
<1100,admissions4-1,stu0-3application0-3,setStatus> 8.569333138218062E-5
<1101,registrar0-0,roster2-7,read> 1.363567640368333E-4
<1102,registrar2-0,roster2-1,write> 8.100225647221603E-5
<1103,stu3-4,gradebook3-7,readMyScores> 4.805045880620643E-5
<1104,admissions0-1,stu5-5application5-5,read> 9.822845241876897E-5
<1105,stu3-19,stu3-19application3-19,checkStatus> 0.0017593228828363605
<1106,registrar4-1,transcript3-10,read> 4.169163239019058E-4
<1107,registrar2-0,roster2-2,write> 7.484487216220593E-5
<1108,admissions4-1,stu3-15application3-15,setStatus> 1.540474909531835E-4
<1109,chair0,transcript0-4,read> 5.914804472941853E-4
<1110,registrar2-0,roster2-5,read> 1.0368137226178443E-4
<1111,admissions4-0,stu5-13application5-13,setStatus> 2.0274387506097268E-4
<1112,registrar0-0,roster2-3,read> 9.701772936800776E-5
<1113,fac0-0,gradebook0-1,changeScore> 3.1356221794059323E-4
<1114,registrar0-0,roster2-2,read> 9.92444671794507E-5
<1115,admissions0-0,stu3-2application3-2,setStatus> 6.355736934738018E-5
<1116,admissions4-1,application4-1,setStatus> 1.545943242297515E-4
<1117,stu2-17,transcript2-17,read> 0.001646835734824297
<1118,registrar0-0,roster2-5,read> 9.998671311659835E-5
<1119,admissions0-0,application0-0,setStatus> 8.013062403721105E-5
<1120,stu5-11,stu5-11application5-11,checkStatus> 0.0012362482198044898
<1121,fac1-3,gradebook1-6,assignGrade> 2.888866571420842E-4
<1122,stu1-0,gradebook1-2,addScore> 2.257292390418939E-4
<1123,registrar4-1,transcript2-17,read> 4.028514414743846E-4
<1124,registrar0-0,roster4-1,read> 1.333877802882427E-4
<1125,admissions0-0,stu2-9application2-9,setStatus> 2.2737761762763132E-4
<1126,stu3-18,gradebook3-4,addScore> 9.469346223547957E-5
<1127,fac1-4,gradebook1-9,changeScore> 7.469675872406803E-4
<1128,fac1-4,gradebook1-8,changeScore> 7.300816637614562E-4
<1129,admissions2-1,stu2-5application2-5,read> 1.2410189226852846E-4
<1130,admissions2-1,stu5-2application5-2,setStatus> 1.4831814506535446E-4
<1131,admissions0-0,stu5-5application5-5,read> 9.856199555092098E-5
<1132,admissions2-0,application0-1,read> 5.764352205584595E-5
<1133,admissions2-0,application0-0,read> 5.953800275333353E-5
<1134,admissions2-0,application0-4,setStatus> 6.604220707979301E-5
<1135,admissions0-1,stu0-2application0-2,setStatus> 1.0614398813225247E-5
<1136,admissions0-1,stu5-6application5-6,read> 3.337950493623333E-5
<1137,stu4-6,gradebook4-7,addScore> 4.952827990342522E-4
<1138,admissions4-1,stu3-3application3-3,setStatus> 2.0326248584430558E-4
<1139,admissions2-0,stu3-12application3-12,setStatus> 7.572989246467266E-5
<1140,admissions0-1,stu4-4application4-4,read> 1.535736748392089E-4
<1141,stu2-4,gradebook2-9,readMyScores> 3.631020053186952E-4
<1142,admissions2-0,stu0-12application0-12,read> 4.769749839403617E-5
<1143,admissions4-0,stu1-5application1-5,read> 1.0250535016239146E-4
<1144,stu3-11,stu3-11application3-11,checkStatus> 0.0014338542036165301
<1145,registrar2-1,transcript4-7,read> 2.0363812201875268E-4
<1146,registrar4-0,transcript5-4,read> 3.412699630231971E-4
<1147,app1-4,application1-4,checkStatus> 1.6685113093933273E-4
<1148,stu5-13,transcript5-13,read> 1.2796965765818577E-4
<1149,admissions0-1,stu4-11application4-11,setStatus> 2.2533759874560237E-4
<1150,admissions0-1,application4-3,setStatus> 1.8213884846334893E-4
<1151,stu2-15,stu2-15application2-15,checkStatus> 4.109526403542056E-4
<1152,admissions0-1,stu4-0application4-0,read> 6.636302132821269E-5
<1153,stu0-4,stu0-4application0-4,checkStatus> 0.0014745377885190087
<1154,admissions2-1,stu3-14application3-14,read> 1.0668140192700191E-4
<1155,admissions2-0,stu1-11application1-11,setStatus> 1.6937751785184264E-4
<1156,registrar2-1,transcript5-8,read> 3.040832492590592E-4
<1157,stu5-15,stu5-15application5-15,checkStatus> 4.6907204735774675E-4
<1158,fac2-2,gradebook2-5,readScore> 2.1314983707284416E-4
<1159,stu4-1,transcript4-1,read> 0.0010095827750038152
<1160,stu4-5,transcript4-5,read> 9.95208648090571E-4
<1161,admissions4-0,stu1-17application1-17,read> 5.715076091918314E-5
<1162,admissions2-0,stu0-0application0-0,setStatus> 1.300885715687196E-4
<1163,stu3-7,gradebook3-6,addScore> 7.275566811774099E-5
<1164,admissions2-0,application4-3,setStatus> 1.5430778503091873E-4
<1165,stu4-17,gradebook4-6,readMyScores> 6.994432351646093E-5
<1166,admissions2-0,application0-4,read> 5.811714223021785E-5
<1167,admissions2-0,application0-3,setStatus> 6.658041182339744E-5
<1168,chair0,transcript0-3,read> 5.970234112672665E-4
<1169,admissions2-0,application0-2,setStatus> 6.496579759258417E-5
<1170,admissions2-0,application0-2,read> 5.716990188147406E-5
<1171,admissions2-0,application0-1,setStatus> 6.550400233618858E-5
<1172,stu4-17,gradebook4-3,readMyScores> 4.0137236322826365E-5
<1173,admissions2-0,application3-2,read> 1.1826690437544837E-4
<1174,admissions2-0,application0-3,read> 5.859076240458973E-5
<1175,admissions2-0,application0-0,setStatus> 6.76568213106063E-5
<1176,registrar2-1,transcript0-12,read> 3.355357638494582E-4
<1177,admissions2-1,application0-0,read> 5.762896859691401E-5
<1178,registrar0-1,roster0-3,write> 1.357857102241599E-4
<1179,admissions2-1,application0-2,read> 5.5336798815134205E-5
<1180,registrar2-0,roster2-2,read> 1.0291169922303316E-4
<1181,admissions2-1,application0-1,read> 5.579523277149017E-5
<1182,fac5-3,gradebook5-7,changeScore> 5.274505820107661E-4
<1183,chair2,transcript2-9,read> 0.0011014331328176377
<1184,stu4-15,gradebook4-7,readMyScores> 8.986903257263326E-5
<1185,registrar0-1,roster2-8,read> 1.3720457574525733E-4
<1186,registrar2-1,transcript4-0,read> 2.127694972224169E-4
<1187,stu2-17,gradebook2-9,readMyScores> 2.437865390679272E-4
<1188,registrar0-1,roster2-7,read> 1.3572694064636293E-4
<1189,chair0,transcript0-17,read> 0.0017721317735604385
<1190,registrar4-1,transcript2-5,read> 2.2235211698786193E-4
<1191,admissions4-0,stu3-7application3-7,setStatus> 1.5608724019355738E-4
<1192,registrar0-1,transcript0-19,read> 3.080512768430445E-4
<1193,admissions2-0,stu3-14application3-14,read> 1.102153614111262E-4
<1194,stu4-16,gradebook4-7,readMyScores> 8.783426202381893E-5
<1195,admissions4-1,stu3-5application3-5,read> 1.0476414190249042E-4
<1196,chair5,transcript5-11,read> 1.535862934207861E-4
<1197,chair2,transcript2-5,read> 0.0010515464570599084
<1198,admissions2-1,application0-0,setStatus> 6.548746431467502E-5
<1199,chair5,transcript5-3,read> 0.0016224717462872515
<1200,admissions0-0,stu1-6application1-6,setStatus> 3.232315858577589E-5
<1201,chair2,transcript2-7,read> 0.0010626323850060704
<1202,chair2,transcript2-0,read> 0.0012954368718754727
<1203,admissions2-1,application0-2,setStatus> 6.288272592628887E-5
<1204,admissions4-0,stu0-17application0-17,setStatus> 2.0220135605088644E-4
<1205,admissions2-1,application0-3,read> 5.6712100684202093E-5
<1206,registrar4-0,roster0-8,read> 2.4245279261089165E-4
<1207,fac2-4,gradebook2-9,assignGrade> 7.592802397776147E-4
<1208,admissions2-1,application0-1,setStatus> 6.34036736039661E-5
<1209,admissions2-1,application0-4,read> 5.625366672784613E-5
<1210,stu4-16,gradebook4-1,readMyScores> 8.449150846243775E-5
<1211,admissions2-1,application0-4,setStatus> 6.392462128164334E-5
<1212,admissions4-1,stu4-0application4-0,read> 5.712402684788425E-5
<1213,registrar0-1,transcript1-12,read> 4.141017164119615E-5
<1214,registrar4-0,roster5-5,read> 1.3516825630067693E-4
<1215,admissions4-1,stu4-14application4-14,setStatus> 1.7154615580336024E-4
<1216,admissions4-1,stu3-7application3-7,setStatus> 1.5732849061259166E-4
<1217,registrar4-1,roster1-6,write> 1.7193431846610662E-4
<1218,admissions2-1,stu2-11application2-11,read> 6.267174211682959E-5
<1219,admissions2-0,stu1-15application1-15,read> 1.3200188943223332E-4
<1220,admissions2-1,stu4-8application4-8,setStatus> 8.632537142176419E-5
<1221,stu4-1,gradebook4-3,addScore> 3.7065251746785645E-4
<1222,stu1-3,gradebook1-3,addScore> 2.3685190774036394E-4
<1223,fac3-3,roster3-7,read> 0.001717139208895106
<1224,admissions0-0,stu2-9application2-9,read> 2.0009230351231554E-4
<1225,admissions0-0,stu1-2application1-2,setStatus> 1.9933057122945605E-4
<1226,stu4-19,gradebook4-3,readMyScores> 4.1367496440001126E-5
<1227,admissions0-0,application3-4,read> 1.389497423642934E-4
<1228,stu0-0,gradebook0-4,addScore> 1.5253970496036828E-4
<1229,stu4-19,gradebook4-9,readMyScores> 2.0977968570530384E-4
<1230,registrar2-1,transcript5-7,read> 3.010394575245044E-4
<1231,admissions4-0,stu1-7application1-7,read> 2.946059064438225E-5
<1232,admissions0-0,stu0-2application0-2,setStatus> 1.065044091445861E-5
<1233,registrar4-1,transcript0-14,read> 3.8409826490435624E-4
<1234,registrar4-0,transcript5-2,read> 3.389618105326922E-4
<1235,admissions2-1,stu0-12application0-12,read> 4.616811968801497E-5
<1236,admissions4-0,stu3-3application3-3,setStatus> 2.0165883704080018E-4
<1237,admissions2-0,stu2-11application2-11,read> 6.474782467142436E-5
<1238,stu4-18,gradebook4-5,readMyScores> 5.955765670080335E-5
<1239,stu4-18,gradebook4-4,readMyScores> 4.998665480423647E-5
<1240,stu4-18,gradebook4-2,readMyScores> 1.7449593932423134E-4
<1241,admissions0-0,stu3-19application3-19,read> 1.6980149340228623E-4
<1242,chair5,transcript5-14,read> 1.425003654746241E-4
<1243,registrar2-0,transcript4-0,read> 2.1182595178018888E-4
<1244,admissions4-1,stu0-0application0-0,read> 1.1631326070360707E-4
<1245,admissions2-1,application3-2,setStatus> 1.3008497634665143E-4
<1246,admissions2-1,stu2-12application2-12,read> 4.846028946979477E-5
<1247,admissions2-1,stu3-12application3-12,setStatus> 7.330167947983346E-5
<1248,registrar4-0,roster0-7,read> 2.2750330804307487E-4
<1249,registrar0-1,roster4-7,read> 1.0543542111902769E-4
<1250,stu4-18,gradebook4-8,readMyScores> 7.961155540748482E-5
<1251,admissions2-0,stu3-11application3-11,setStatus> 1.3277959528674175E-4
<1252,admissions2-1,stu0-0application0-0,read> 1.1080730753420555E-4
<1253,registrar2-1,roster4-3,read> 1.4047897169816313E-4
<1254,admissions0-0,stu1-1application1-1,setStatus> 2.503252010443202E-4
<1255,admissions0-0,stu3-10application3-10,setStatus> 6.483223509275179E-5
<1256,registrar2-1,roster4-4,read> 1.080087117871913E-4
<1257,admissions4-0,stu5-10application5-10,setStatus> 1.9460608990967934E-4
<1258,fac2-1,gradebook2-3,changeScore> 0.0021822710829747347
<1259,registrar2-1,roster4-5,read> 1.0646250893428786E-4
<1260,registrar2-1,roster4-6,read> 1.1264732034590153E-4
<1261,admissions0-0,stu4-1application4-1,read> 2.0345794908009662E-4
<1262,registrar2-1,roster4-1,read> 1.3893276884525973E-4
<1263,stu0-8,gradebook0-1,readScore> 2.5384813571168404E-5
<1264,admissions0-1,stu4-3application4-3,read> 2.1842262232174458E-4
<1265,admissions4-0,application4-3,setStatus> 1.5554472118347115E-4
<1266,stu1-17,stu1-17application1-17,checkStatus> 6.957377346715573E-4
<1267,registrar0-1,roster0-8,write> 1.4814411286945853E-4
<1268,stu2-5,gradebook2-4,readMyScores> 2.475717224222213E-4
<1269,admissions2-1,application4-3,read> 1.3143683557022384E-4
<1270,registrar2-1,roster4-2,read> 1.3970587027171147E-4
<1271,registrar0-1,roster0-9,write> 1.492187565777454E-4
<1272,registrar0-1,roster0-6,write> 1.3954696320316382E-4
<1273,registrar0-1,roster0-7,write> 1.390096413490204E-4
<1274,registrar2-1,transcript1-4,read> 3.132146244627234E-4
<1275,registrar0-1,roster0-4,write> 1.38472319494877E-4
<1276,admissions4-1,stu5-18application5-18,read> 1.0957627473628903E-4
<1277,admissions2-0,stu0-15application0-15,setStatus> 1.2685934310709306E-4
<1278,registrar0-1,roster0-2,write> 1.3686035393244673E-4
<1279,admissions0-0,stu5-3application5-3,read> 1.6307020226672417E-4
<1280,admissions4-1,stu1-7application1-7,read> 2.9694869695232213E-5
<1281,registrar0-1,roster0-1,write> 1.3471106651587308E-4
<1282,admissions2-0,stu0-15application0-15,read> 1.1163622193424187E-4
<1283,admissions2-1,application3-2,read> 1.1447477918505325E-4
<1284,admissions2-0,stu0-0application0-0,read> 1.1447794298047324E-4
<1285,admissions0-0,stu3-7application3-7,setStatus> 1.83394749412311E-4
<1286,registrar2-0,roster4-7,read> 1.0983875657179451E-4
<1287,registrar2-0,roster4-6,read> 1.1214777568804831E-4
<1288,registrar2-0,roster4-9,read> 9.906333402927686E-5
<1289,registrar2-0,roster4-8,read> 1.0137235314553065E-4
<1290,registrar2-0,roster4-4,read> 1.0752973745554075E-4
<1291,admissions4-0,application5-0,read> 1.7936944351140766E-4
<1292,stu3-10,transcript3-10,read> 0.001704332242477273
<1293,registrar2-0,roster4-2,read> 1.3908633204434245E-4
<1294,registrar0-0,transcript5-7,read> 2.8902457895368163E-4
<1295,admissions0-0,stu5-0application5-0,setStatus> 1.5534770301413566E-4
<1296,admissions2-0,stu5-3application5-3,read> 1.3768533152469604E-4
<1297,registrar2-0,roster4-3,read> 1.3985600508309367E-4
<1298,registrar2-1,transcript4-9,read> 2.0668191375330743E-4
<1299,admissions0-1,stu3-10application3-10,setStatus> 6.461283666604197E-5
<1300,admissions0-1,stu4-10application4-10,setStatus> 3.729597986991116E-5
<1301,registrar2-0,roster4-1,read> 1.3831665900559115E-4
<1302,fac5-1,gradebook5-3,changeScore> 5.443365054899903E-4
<1303,admissions2-0,stu0-18application0-18,read> 1.8552096913625733E-4
<1304,stu4-8,stu4-8application4-8,checkStatus> 9.630870068878466E-4
<1305,admissions4-1,stu1-17application1-17,read> 5.760524013126412E-5
<1306,admissions4-0,application2-0,setStatus> 5.572122332760594E-5
<1307,admissions2-0,stu2-6application2-6,read> 1.3247550960660521E-4
<1308,registrar4-0,transcript2-6,read> 2.1778380478118357E-4
<1309,admissions2-1,stu1-15application1-15,read> 1.2776936391937615E-4
<1310,admissions0-1,stu1-3application1-3,setStatus> 1.7578609106889994E-4
<1311,stu1-6,gradebook1-1,addScore> 2.274016769538208E-4
<1312,admissions4-1,stu3-1application3-1,setStatus> 1.759208220159044E-4
<1313,chair5,transcript5-2,read> 0.0016280147102603329
<1314,admissions4-1,stu4-4application4-4,read> 1.3219329905514245E-4
<1315,admissions0-0,stu3-9application3-9,read> 9.183070441535892E-5
<1316,admissions4-0,application3-4,read> 1.182601022152954E-4
<1317,registrar4-0,transcript4-1,read> 2.4317348217673776E-4
<1318,registrar4-0,transcript4-2,read> 2.443275584219902E-4
<1319,registrar4-0,transcript4-0,read> 2.4201940593148526E-4
<1320,admissions0-0,stu5-18application5-18,read> 1.2773092380502328E-4
<1321,registrar4-0,transcript4-9,read> 2.350949484599705E-4
<1322,registrar4-0,transcript4-7,read> 2.316327197242131E-4
<1323,admissions2-1,stu5-17application5-17,read> 1.1539164709776518E-4
<1324,admissions4-1,stu3-19application3-19,read> 1.4566727098977856E-4
<1325,chair3,transcript3-6,read> 4.4182042002099823E-4
<1326,admissions0-0,stu4-15application4-15,setStatus> 1.5112471023259225E-5
<1327,admissions4-1,application5-3,read> 1.8320190709340763E-4
<1328,admissions0-1,stu0-17application0-17,setStatus> 2.3677256205561058E-4
<1329,registrar4-0,transcript4-6,read> 2.4086532968623281E-4
<1330,registrar2-1,roster4-8,read> 1.0182390037557758E-4
<1331,registrar4-0,transcript4-5,read> 2.3971125344098032E-4
<1332,app2-0,application2-0,checkStatus> 5.969347427655374E-4
<1333,admissions4-0,stu3-1application3-1,setStatus> 1.74532886536489E-4
<1334,admissions0-0,stu1-3application1-3,setStatus> 1.7638298781276715E-4
<1335,admissions2-0,stu1-18application1-18,setStatus> 1.2040088618383993E-4
<1336,admissions4-0,stu1-1application1-1,setStatus> 2.130517362526109E-4
<1337,app4-1,application4-1,checkStatus> 0.001643084068829278
<1338,admissions4-1,stu2-19application2-19,read> 1.1150112786980845E-4
<1339,admissions0-1,stu5-18application5-18,setStatus> 1.446575798360997E-4
<1340,registrar0-0,transcript4-15,read> 3.52341296151792E-4
<1341,admissions2-1,stu2-6application2-6,read> 1.2822779787573214E-4
<1342,registrar4-0,transcript2-17,read> 3.9666562279531536E-4
<1343,fac5-1,gradebook5-3,assignGrade> 1.944058948178537E-4
<1344,registrar0-0,roster0-7,write> 1.3965469768938713E-4
<1345,registrar0-0,transcript4-0,read> 2.0427758824236478E-4
<1346,registrar0-0,roster0-8,write> 1.488315565486672E-4
<1347,admissions4-0,stu4-13application4-13,read> 1.7077594239164195E-4
<1348,admissions0-1,stu4-1application4-1,read> 2.027694281018222E-4
<1349,admissions4-1,stu4-9application4-9,read> 1.1535083413684733E-4
<1350,admissions0-1,stu3-9application3-9,read> 9.15199406102308E-5
<1351,admissions0-0,stu4-4application4-4,read> 1.5409514741930805E-4
<1352,admissions4-0,stu0-17application0-17,read> 1.7793719332478004E-4
<1353,registrar4-1,transcript4-0,read> 2.4579358770039736E-4
<1354,stu5-4,stu5-4application5-4,checkStatus> 7.247974381733278E-4
<1355,registrar2-0,roster3-4,read> 1.244625443080685E-4
<1356,stu0-4,transcript0-4,read> 5.112797086780247E-4
<1357,registrar4-1,transcript4-2,read> 2.4813773477165086E-4
<1358,registrar0-0,roster0-1,write> 1.353361758732553E-4
<1359,registrar0-0,roster0-2,write> 1.3749543678132122E-4
<1360,registrar0-0,roster0-3,write> 1.3641580632728825E-4
<1361,fac2-2,gradebook2-4,assignGrade> 7.773723006482122E-4
<1362,admissions2-1,stu1-3application1-3,read> 1.2685249600666423E-4
<1363,registrar0-0,roster0-4,write> 1.3911488246237064E-4
<1364,registrar0-0,roster0-5,write> 1.3857506723535416E-4
<1365,registrar0-0,roster0-6,write> 1.4019451291640358E-4
<1366,admissions0-1,stu5-18application5-18,read> 1.2729867025576772E-4
<1367,registrar4-1,transcript4-9,read> 2.387611464866367E-4
<1368,admissions0-1,stu5-8application5-8,setStatus> 2.4312531945005963E-4
<1369,registrar4-1,transcript4-5,read> 2.4344944062914376E-4
<1370,admissions2-1,application2-3,read> 5.2127761120642475E-5
<1371,admissions2-1,stu1-8application1-8,read> 1.1722538292318902E-4
<1372,registrar4-1,transcript4-4,read> 2.42277367093517E-4
<1373,registrar4-1,transcript4-7,read> 2.352449258797564E-4
<1374,registrar2-1,transcript4-16,read> 3.7104666741926356E-4
<1375,fac0-1,gradebook0-2,changeScore> 3.0793357678085185E-4
<1376,registrar4-1,transcript4-6,read> 2.446215141647706E-4
<1377,admissions0-1,stu4-15application4-15,setStatus> 1.5061328989339569E-5
<1378,registrar2-1,roster4-9,read> 9.950459609622243E-5
<1379,registrar2-1,roster4-7,read> 1.103280160665464E-4
<1380,admissions0-0,stu4-0application4-0,read> 6.658836265700117E-5
<1381,registrar2-1,transcript3-7,read> 7.985725814685984E-5
<1382,registrar2-1,transcript3-8,read> 6.971128569834402E-5
<1383,fac2-1,gradebook2-3,readScore> 1.8386352357508217E-4
<1384,registrar4-1,roster0-9,read> 2.480199228384741E-4
<1385,registrar2-1,transcript3-9,read> 6.869668845349244E-5
<1386,stu1-16,gradebook1-2,readMyScores> 7.808916429182291E-5
<1387,admissions0-0,stu0-12application0-12,read> 5.649142595365806E-5
<1388,admissions0-0,stu0-1application0-1,setStatus> 1.957450113205984E-5
<1389,fac1-3,gradebook1-6,addScore> 5.645223878454574E-4
<1390,chair0,transcript0-8,read> 6.247382311326714E-4
<1391,stu5-5,stu5-5application5-5,checkStatus> 0.0010212064138913877
<1392,admissions4-1,stu2-8application2-8,setStatus> 2.1529281792880215E-4
<1393,registrar2-1,transcript3-3,read> 7.478427192260193E-5
<1394,admissions4-0,stu0-11application0-11,read> 1.6027277435637258E-4
<1395,registrar0-0,transcript3-4,read> 7.569594716312544E-5
<1396,registrar0-1,transcript3-6,read> 7.728552034108119E-5
<1397,admissions2-0,stu1-1application1-1,read> 1.8599458931062925E-4
<1398,registrar2-1,transcript3-4,read> 7.884266090200825E-5
<1399,registrar2-1,transcript3-6,read> 8.087185539171141E-5
<1400,fac3-3,gradebook3-7,readScore> 1.2114691276297731E-4
<1401,fac3-3,gradebook3-6,readScore> 1.5113859709289795E-5
<1402,stu2-11,stu2-11application2-11,checkStatus> 7.945407265775773E-4
<1403,registrar4-1,roster5-8,read> 1.4084852332237426E-4
<1404,admissions2-1,application4-0,setStatus> 1.40503929900196E-4
<1405,registrar0-0,transcript2-15,read> 3.2896281595556665E-4
<1406,registrar4-1,roster5-9,read> 1.4531399830221178E-4
<1407,stu5-10,gradebook5-5,addScore> 7.052417113647622E-5
<1408,admissions4-0,stu0-12application0-12,read> 4.807984307054147E-5
<1409,registrar0-0,roster2-9,write> 1.0078800134420093E-4
<1410,registrar0-0,roster2-8,write> 1.0024818611718444E-4
<1411,registrar0-0,roster2-7,write> 9.91685556631515E-5
<1412,admissions0-0,stu1-5application1-5,setStatus> 1.368621497062474E-4
<1413,registrar0-0,roster2-5,write> 7.271760953934425E-5
<1414,registrar2-1,transcript3-0,read> 7.376967467775036E-5
<1415,registrar0-0,roster2-4,write> 7.325742476636076E-5
<1416,registrar0-1,transcript0-4,read> 1.0346482885180815E-4
<1417,registrar0-0,roster2-3,write> 7.055834863127837E-5
<1418,registrar4-1,transcript4-15,read> 4.239487651156665E-4
<1419,admissions2-0,stu5-19application5-19,read> 2.969993176790419E-5
<1420,registrar4-1,roster1-1,read> 2.3998206787476662E-4
<1421,registrar2-1,transcript3-2,read> 7.68134664123051E-5
<1422,registrar0-0,roster2-2,write> 7.217779431232778E-5
<1423,stu3-6,gradebook3-4,readMyScores> 5.6736726195753833E-5
<1424,admissions4-1,stu5-19application5-19,read> 3.017608297861208E-5
<1425,registrar2-1,transcript3-1,read> 7.275507743289877E-5
<1426,registrar4-0,transcript2-10,read> 3.8281670785228575E-4
<1427,registrar2-0,transcript3-8,read> 6.940214474181033E-5
<1428,admissions4-1,stu5-9application5-9,setStatus> 2.82758373425382E-5
<1429,registrar2-0,transcript3-9,read> 6.839204681955234E-5
<1430,stu4-11,gradebook4-1,readMyScores> 8.31866203008557E-5
<1431,registrar0-0,transcript2-13,read> 3.260405059310384E-4
<1432,registrar2-0,transcript3-6,read> 8.051322188664838E-5
<1433,registrar2-0,transcript3-7,read> 7.950312396439038E-5
<1434,admissions4-0,application3-1,setStatus> 1.3275892275984975E-4
<1435,stu5-19,gradebook5-2,readMyScores> 3.265038090766029E-5
<1436,admissions4-0,stu3-18application3-18,setStatus> 1.7127777247597168E-4
<1437,admissions4-1,stu2-6application2-6,read> 1.3459936547204177E-4
<1438,admissions0-0,stu0-8application0-8,setStatus> 1.8466961515768257E-4
<1439,registrar0-1,roster3-7,read> 1.2464467740465492E-4
<1440,registrar2-0,transcript1-4,read> 3.118256460837312E-4
<1441,registrar2-0,transcript3-4,read> 7.849302604213237E-5
<1442,fac3-4,gradebook3-9,readScore> 4.3086500573707614E-5
<1443,registrar0-0,transcript2-17,read> 3.348074360046229E-4
<1444,registrar2-0,transcript3-5,read> 7.748292811987437E-5
<1445,registrar2-0,transcript3-2,read> 7.647283019761636E-5
<1446,registrar2-1,roster5-4,read> 1.1419352319880497E-4
<1447,chair1,transcript1-19,read> 1.8130111328619111E-4
<1448,registrar2-1,transcript4-14,read> 3.690174729295603E-4
<1449,admissions0-0,stu5-1application5-1,setStatus> 3.86974873126339E-5
<1450,registrar2-0,transcript3-3,read> 7.445263435310036E-5
<1451,admissions4-1,stu0-11application0-11,read> 1.615473093413139E-4
<1452,stu3-14,transcript3-14,read> 0.0016803753642885334
<1453,fac2-1,gradebook2-2,readScore> 2.0615174116493385E-4
<1454,admissions0-0,stu3-14application3-14,read> 1.3053562844484085E-4
<1455,stu5-11,gradebook5-9,addScore> 5.028757529364653E-5
<1456,fac0-2,gradebook0-5,changeScore> 2.6853308866266217E-4
<1457,registrar4-1,roster3-7,read> 1.5067256827801676E-4
<1458,registrar2-1,transcript3-11,read> 3.5887150048104455E-4
<1459,registrar2-0,transcript3-1,read> 7.243243850858436E-5
<1460,registrar0-1,roster0-4,read> 1.9039943930545587E-4
<1461,registrar2-0,transcript3-0,read> 7.344253643084235E-5
<1462,stu4-10,gradebook4-4,readMyScores> 4.8114495448272564E-5
<1463,registrar2-0,transcript0-9,read> 1.1788684501019452E-4
<1464,stu4-10,gradebook4-3,readMyScores> 3.952210626423899E-5
<1465,admissions2-1,stu3-4application3-4,read> 4.5251251775303044E-5
<1466,admissions4-0,stu0-19application0-19,read> 9.438926577150155E-5
<1467,fac3-1,gradebook3-3,readScore> 2.560838480897163E-5
<1468,admissions2-0,stu0-16application0-16,read> 1.1305708245735758E-4
<1469,fac3-1,gradebook3-2,readScore> 6.033879838123533E-5
<1470,chair3,transcript3-4,read> 4.3073449207483623E-4
<1471,registrar4-0,roster5-6,read> 1.3340949341034556E-4
<1472,registrar4-0,roster5-4,read> 1.298919676296828E-4
<1473,admissions4-0,stu5-13application5-13,read> 1.7841461005365595E-4
<1474,registrar4-0,roster5-3,read> 1.307713490748485E-4
<1475,registrar0-0,roster0-6,read> 1.9276745526005493E-4
<1476,registrar4-0,roster5-2,read> 1.5627341098465358E-4
<1477,registrar4-0,roster2-9,read> 1.6418784399114487E-4
<1478,fac2-1,roster2-2,read> 0.0013609038580746841
<1479,fac2-3,gradebook2-7,readScore> 1.436414495080786E-4
<1480,registrar4-0,roster5-1,read> 1.553940295394879E-4
<1481,admissions2-1,stu1-1application1-1,read> 1.8003083494395577E-4
<1482,admissions2-1,stu2-3application2-3,read> 5.8545836509625934E-5
<1483,admissions4-1,stu0-19application0-19,read> 9.513987623489321E-5
<1484,admissions4-1,stu1-13application1-13,read> 1.1583204742022722E-4
<1485,fac5-2,roster5-4,read> 0.001503397998402853
<1486,fac4-2,gradebook4-4,changeScore> 0.0012704312150966298
<1487,registrar4-0,roster5-7,read> 1.4044454497167113E-4
<1488,registrar2-1,transcript2-12,read> 3.385795555840129E-4
<1489,registrar4-0,roster5-8,read> 1.3868578208133976E-4
<1490,stu1-8,gradebook1-3,readMyScores> 1.0376415218158314E-4
<1491,fac3-2,gradebook3-5,readScore> 1.3127766504977676E-4
<1492,registrar4-0,roster5-9,read> 1.4308268930716817E-4
<1493,registrar0-1,roster1-4,write> 1.4062160691145068E-4
<1494,fac3-2,gradebook3-4,readScore> 2.7695859428204325E-5
<1495,admissions2-0,stu0-7application0-7,setStatus> 1.1609524823500454E-4
<1496,registrar4-1,roster5-5,read> 1.372761433385043E-4
<1497,registrar0-1,roster2-7,write> 9.871050228826396E-5
<1498,registrar0-0,transcript0-10,read> 3.162994725159445E-4
<1499,registrar0-1,roster2-6,write> 9.817318043412056E-5
<1500,registrar4-1,roster5-7,read> 1.4263471331430925E-4
<1501,registrar0-1,roster2-9,write> 1.0032246785069423E-4
<1502,registrar4-1,roster5-6,read> 1.354899533465693E-4
<1503,registrar0-1,roster2-8,write> 9.97851459965508E-5
<1504,stu4-17,gradebook4-9,readScore> 1.058448691112204E-4
<1505,registrar4-1,roster5-1,read> 1.5781732824575676E-4
<1506,registrar4-1,roster5-2,read> 1.5871042324172422E-4
<1507,admissions0-0,stu4-16application4-16,read> 1.6867961154635924E-4
<1508,registrar0-1,roster2-2,write> 7.1844409581093E-5
<1509,registrar0-1,roster2-5,write> 7.238173143523642E-5
<1510,registrar0-1,roster2-4,write> 7.291905328937986E-5
<1511,admissions0-0,stu3-19application3-19,setStatus> 1.92956242502598E-4
<1512,admissions4-0,stu1-18application1-18,read> 1.0680210072227435E-4
<1513,admissions4-0,stu1-13application1-13,read> 1.1491818511316427E-4
<1514,fac1-0,gradebook1-1,readScore> 5.198263000279799E-5
<1515,admissions2-0,stu2-3application2-3,read> 6.048524310207731E-5
<1516,chair1,transcript1-13,read> 2.0901593315159612E-4
<1517,app2-1,application2-1,checkStatus> 6.027466834658914E-4
<1518,stu4-13,gradebook4-6,readMyScores> 6.726446437789921E-5
<1519,admissions4-0,stu4-17application4-17,setStatus> 9.424007304372784E-5
<1520,stu4-13,gradebook4-7,readMyScores> 8.512123462539981E-5
<1521,admissions4-1,stu2-4application2-4,setStatus> 3.4837836661354474E-5
<1522,admissions2-1,stu2-9application2-9,read> 1.6352721251514113E-4
<1523,admissions2-0,stu3-5application3-5,read> 1.0311105879554777E-4
<1524,stu5-14,gradebook5-7,addScore> 1.2537074380397674E-4
<1525,registrar4-0,transcript1-8,read> 3.516566492304693E-4
<1526,admissions0-0,stu2-14application2-14,setStatus> 6.929426520155241E-5
<1527,registrar4-1,transcript4-18,read> 4.309812063294271E-4
<1528,registrar2-0,transcript5-9,read> 3.017246668611512E-4
<1529,admissions2-0,stu2-10application2-10,read> 1.1495156315484515E-4
<1530,stu5-15,gradebook5-6,addScore> 1.309022924727606E-4
<1531,fac0-4,gradebook0-9,readScore> 3.0014426534226E-5
<1532,fac0-4,gradebook0-8,readScore> 1.7481291779881297E-5
<1533,admissions0-1,stu5-16application5-16,read> 1.457470777292477E-4
<1534,stu5-16,stu5-16application5-16,checkStatus> 0.0015152213734214875
<1535,stu4-15,gradebook4-3,readMyScores> 4.0752366381413746E-5
<1536,registrar2-1,transcript2-13,read> 3.3959415282886456E-4
<1537,admissions0-1,stu2-6application2-6,setStatus> 1.7769191828723467E-4
<1538,stu4-15,gradebook4-1,readMyScores> 8.644884070481083E-5
<1539,stu4-15,gradebook4-2,readMyScores> 1.731888536364094E-4
<1540,admissions2-0,stu3-4application3-4,read> 4.675025804529238E-5
<1541,admissions2-1,stu2-16application2-16,read> 9.384525114903499E-5
<1542,registrar0-0,transcript3-5,read> 7.472184382161605E-5
<1543,admissions2-1,stu4-5application4-5,setStatus> 8.059494696731466E-5
<1544,admissions2-1,stu2-10application2-10,read> 1.1126574149056152E-4
<1545,fac1-2,gradebook1-4,readScore> 2.007456807306876E-4
<1546,stu4-7,gradebook4-3,readMyScores> 8.56568606582923E-5
<1547,registrar4-1,transcript5-0,read> 3.4190361762179253E-4
<1548,registrar0-1,transcript5-6,read> 2.8865919646472825E-4
<1549,fac1-2,gradebook1-5,readScore> 8.20906273469059E-5
<1550,admissions0-0,stu2-6application2-6,setStatus> 1.7829528643082456E-4
<1551,admissions2-1,stu0-10application0-10,setStatus> 2.0301765122146353E-4
<1552,stu4-12,gradebook4-3,readMyScores> 3.890697620565162E-5
<1553,stu4-11,gradebook4-8,readMyScores> 7.603350797344056E-5
<1554,fac5-1,gradebook5-2,changeScore> 5.499651466497317E-4
<1555,stu4-0,transcript4-0,read> 0.001004791399366067
<1556,admissions2-0,stu1-15application1-15,setStatus> 1.5000214708208332E-4
<1557,stu4-11,gradebook4-7,readMyScores> 8.647774832460937E-5
<1558,admissions4-0,stu4-14application4-14,setStatus> 1.701927344557992E-4
<1559,fac0-4,gradebook0-9,assignGrade> 1.05955819450489E-4
<1560,fac1-1,gradebook1-3,readScore> 5.337691053461007E-5
<1561,admissions0-0,stu2-15application2-15,read> 3.96631981147529E-5
<1562,fac1-1,gradebook1-2,readScore> 5.1515596892725524E-5
<1563,registrar4-1,transcript1-9,read> 3.583126471205673E-4
<1564,admissions0-1,stu3-19application3-19,setStatus> 1.923032602944674E-4
<1565,stu4-13,gradebook4-1,readMyScores> 8.188173213927364E-5
<1566,admissions4-0,stu3-8application3-8,setStatus> 1.718202914860579E-4
<1567,admissions2-1,stu5-19application5-19,read> 2.874762934648843E-5
<1568,stu4-12,gradebook4-9,readMyScores> 1.9730208358156826E-4
<1569,admissions2-0,application4-2,setStatus> 1.510785565692922E-4
<1570,registrar0-1,roster1-7,read> 2.0074288499771667E-4
<1571,registrar4-1,roster0-5,write> 1.667381293986594E-4
<1572,admissions4-1,stu2-18application2-18,setStatus> 1.6498415648454398E-4
<1573,stu4-12,gradebook4-8,readMyScores> 7.543716673443318E-5
<1574,admissions4-1,stu0-12application0-12,read> 4.846218774704677E-5
<1575,admissions0-1,stu2-14application2-14,setStatus> 6.905976684215631E-5
<1576,fac5-2,gradebook5-4,readScore> 1.341721657031481E-4
<1577,admissions4-0,stu2-4application2-4,setStatus> 3.456298193424319E-5
<1578,registrar0-0,roster5-9,read> 1.2076959935673262E-4
<1579,registrar2-0,roster0-5,read> 1.9758148298943827E-4
<1580,registrar2-1,roster0-6,read> 2.0078088296139672E-4
<1581,admissions4-1,stu5-0application5-0,setStatus> 1.3326782644359862E-4
<1582,registrar2-1,roster1-9,write> 1.5389403849579684E-4
<1583,registrar4-0,roster4-2,write> 1.1557204023283689E-4
<1584,admissions4-0,stu5-0application5-0,setStatus> 1.3221640374976354E-4
<1585,stu4-17,gradebook4-9,addScore> 2.8729321615902686E-4
<1586,stu2-12,gradebook2-4,readMyScores> 1.5691165505633744E-4
<1587,fac4-2,gradebook4-4,addScore> 5.566971634527641E-4
<1588,registrar4-0,roster2-6,write> 1.1685114051671425E-4
<1589,registrar4-0,roster4-1,write> 1.1493249009089817E-4
<1590,admissions4-1,stu0-0application0-0,setStatus> 1.321741598904626E-4
<1591,registrar0-1,roster3-3,read> 1.216894072068661E-4
<1592,registrar4-0,roster4-4,write> 8.935048441335073E-5
<1593,registrar0-0,roster5-1,write> 9.53898490740362E-5
<1594,registrar4-0,roster4-3,write> 1.1621159037477554E-4
<1595,admissions0-0,stu5-19application5-19,setStatus> 3.997235305800551E-5
<1596,registrar4-0,roster4-6,write> 9.318778526498284E-5
<1597,registrar4-0,roster4-5,write> 8.807138412947335E-5
<1598,registrar4-0,roster4-7,write> 9.126913483916678E-5
<1599,stu2-2,gradebook2-2,readMyScores> 2.5059618217232E-4
<1600,fac3-3,gradebook3-6,addScore> 4.102333349664374E-5
<1601,registrar4-0,roster4-9,write> 8.231543285202515E-5
<1602,fac3-3,gradebook3-7,addScore> 3.2882733464236705E-4
<1603,admissions2-1,stu5-18application5-18,setStatus> 1.1862412743775239E-4
<1604,admissions0-0,stu0-0application0-0,read> 1.3558409679651238E-4
<1605,registrar4-1,transcript0-9,read> 1.3679074888710768E-4
<1606,admissions4-0,stu0-15application0-15,setStatus> 1.2787625166907373E-4
<1607,fac1-4,gradebook1-8,readScore> 1.0877598432047393E-4
<1608,admissions0-1,stu3-17application3-17,setStatus> 1.8023302124501426E-4
<1609,fac0-1,gradebook0-2,readScore> 1.941798465280035E-5
<1610,fac0-1,gradebook0-3,readScore> 8.35184042691506E-5
<1611,admissions2-0,stu1-19application1-19,setStatus> 4.774324579724256E-5
<1612,fac0-1,gradebook0-3,addScore> 2.266928115876945E-4
<1613,stu3-7,transcript3-7,read> 3.7712119082108106E-4
<1614,registrar2-0,roster4-6,write> 8.156201868221695E-5
<1615,registrar2-0,roster4-5,write> 7.708392100220963E-5
<1616,registrar2-0,roster4-8,write> 7.372534774220411E-5
<1617,registrar2-0,roster4-7,write> 7.98827320522142E-5
<1618,admissions0-1,stu1-12application1-12,read> 1.3233005411217137E-4
<1619,registrar2-1,transcript4-10,read> 3.4365254180827084E-4
<1620,registrar0-0,transcript0-3,read> 1.0491904740840712E-4
<1621,admissions0-1,stu4-3application4-3,setStatus> 2.4820752536561886E-4
<1622,admissions4-1,stu1-6application1-6,read> 2.4401523578053752E-5
<1623,registrar2-0,roster4-9,write> 7.204606111220137E-5
<1624,admissions0-0,stu0-18application0-18,setStatus> 2.4968776817163433E-4
<1625,registrar2-1,transcript0-11,read> 3.2843358313549713E-4
<1626,admissions0-0,stu2-6application2-6,read> 1.568998520591256E-4
<1627,registrar4-1,transcript5-7,read> 3.4776398529992635E-4
<1628,admissions0-0,stu2-4application2-4,setStatus> 4.060978593069131E-5
<1629,registrar2-0,roster4-2,write> 1.0115369603224905E-4
<1630,registrar2-0,roster4-1,write> 1.0059393382224812E-4
<1631,stu1-3,stu1-3application1-3,checkStatus> 0.0016082124246271535
<1632,registrar2-0,roster4-4,write> 7.820344542221147E-5
<1633,fac2-1,roster2-3,read> 0.0013303693994329334
<1634,admissions0-1,stu2-14application2-14,read> 6.0772594821097535E-5
<1635,fac3-2,gradebook3-4,addScore> 7.517447559084033E-5
<1636,registrar2-0,roster4-3,write> 1.0171345824224995E-4
<1637,admissions4-1,stu0-15application0-15,setStatus> 1.2889316023105443E-4
<1638,fac1-3,gradebook1-7,readScore> 2.1232368334417277E-4
<1639,chair0,transcript0-15,read> 0.001810932521372006
<1640,registrar0-0,roster3-4,read> 1.20027353419585E-4
<1641,stu3-15,gradebook3-7,readMyScores> 2.9696049316268112E-5
<1642,fac1-3,gradebook1-6,readScore> 2.0798193236411586E-4
<1643,registrar2-0,transcript4-9,read> 2.0576536424664086E-4
<1644,admissions0-1,stu3-6application3-6,setStatus> 2.380431135345004E-4
<1645,registrar4-1,roster0-8,read> 2.4623373284653915E-4
<1646,fac0-0,gradebook0-1,readScore> 1.2280174770325913E-5
<1647,stu1-15,stu1-15application1-15,checkStatus> 0.0016198363060278616
<1648,registrar2-1,transcript5-6,read> 3.0205405476935605E-4
<1649,admissions4-0,stu1-6application1-6,read> 2.4209006626747607E-5
<1650,fac3-1,gradebook3-3,addScore> 6.950847305292302E-5
<1651,registrar0-1,transcript5-11,read> 2.686611135745896E-5
<1652,admissions0-0,application4-3,setStatus> 1.8275731653962516E-4
<1653,admissions0-0,application4-0,setStatus> 1.7192095770396653E-4
<1654,admissions0-0,application4-1,setStatus> 1.8020758504888197E-4
<1655,stu1-7,transcript1-7,read> 0.00147434621186537
<1656,registrar0-0,transcript3-14,read> 3.416261593951887E-4
<1657,stu4-14,transcript4-14,read> 0.0017426632475792568
<1658,admissions0-1,stu3-8application3-8,read> 1.7705346616909252E-4
<1659,admissions0-1,stu2-4application2-4,setStatus> 4.0472358567135674E-5
<1660,fac2-1,gradebook2-3,addScore> 4.990581354180802E-4
<1661,admissions4-1,stu0-18application0-18,read> 1.884952532105861E-4
<1662,fac0-3,gradebook0-7,readScore> 2.327483582977412E-5
<1663,stu2-7,transcript2-7,read> 9.185466378866034E-4
<1664,registrar2-1,transcript1-6,read> 3.1118542997302025E-4
<1665,fac0-3,gradebook0-6,readScore> 6.759865067560854E-5
<1666,admissions0-1,stu2-9application2-9,setStatus> 2.2660815022449213E-4
<1667,admissions0-1,stu4-9application4-9,read> 1.3400718206430588E-4
<1668,registrar4-1,roster4-7,write> 9.269243518753586E-5
<1669,registrar4-1,roster4-6,write> 9.464100608782858E-5
<1670,registrar4-1,roster4-4,write> 9.074386428724314E-5
<1671,registrar4-1,roster4-3,write> 1.1802385689134125E-4
<1672,registrar4-1,roster4-1,write> 1.1672480962447944E-4
<1673,admissions4-1,stu1-2application1-2,read> 1.5047940382357716E-4
<1674,admissions2-0,stu4-3application4-3,read> 1.8504734896188552E-4
<1675,stu2-2,stu2-2application2-2,checkStatus> 3.121496484481856E-4
<1676,admissions0-1,application4-4,setStatus> 1.8150357272390407E-4
<1677,admissions0-0,stu4-9application4-9,read> 1.344622149405854E-4
<1678,admissions4-0,application5-3,setStatus> 2.0654150813157623E-4
<1679,fac3-0,gradebook3-1,addScore> 3.209708328689307E-4
<1680,admissions0-1,application4-0,setStatus> 1.7133916089278562E-4
<1681,registrar4-1,roster4-9,write> 8.359910431950313E-5
<1682,admissions0-1,application4-1,setStatus> 1.7959774550556934E-4
<1683,registrar4-1,roster4-8,write> 8.554767521979587E-5
<1684,admissions0-1,application4-2,setStatus> 1.7832719402667953E-4
<1685,admissions0-0,stu2-8application2-8,read> 2.2084711784696527E-4
<1686,admissions0-1,stu5-2application5-2,setStatus> 1.8086829698445918E-4
<1687,admissions4-0,stu3-7application3-7,read> 1.373567713703305E-4
<1688,admissions4-0,stu2-4application2-4,read> 3.041542410213401E-5
<1689,fac0-2,gradebook0-4,readScore> 2.587231527285558E-5
<1690,admissions2-1,stu3-8application3-8,read> 1.4518985426090268E-4
<1691,fac0-2,gradebook0-5,readScore> 2.228076947237153E-5
<1692,stu4-14,stu4-14application4-14,checkStatus> 0.0018232542305402556
<1693,stu4-8,gradebook4-5,readScore> 1.2004325625693382E-4
<1694,registrar4-1,transcript0-2,read> 2.0477101395346037E-4
<1695,admissions2-0,stu0-19application0-19,setStatus> 1.0640756285012488E-4
<1696,admissions0-1,application3-4,read> 1.38479523269998E-4
<1697,admissions4-1,stu1-13application1-13,setStatus> 1.3162732661389459E-4
<1698,registrar0-1,transcript2-12,read> 3.2356494114569743E-4
<1699,registrar0-0,roster0-5,read> 1.9054071744861197E-4
<1700,registrar4-1,transcript0-1,read> 2.0125479334658002E-4
<1701,admissions0-0,stu1-12application1-12,setStatus> 1.508856729053351E-4
<1702,admissions4-0,stu3-12application3-12,read> 6.717651222557655E-5
<1703,admissions4-1,stu1-8application1-8,setStatus> 1.398298257624149E-4
<1704,stu4-6,gradebook4-8,readMyScores> 1.607139639124881E-4
<1705,stu2-14,stu2-14application2-14,checkStatus> 6.31806386967662E-4
<1706,admissions4-0,application0-0,setStatus> 6.819916055958909E-5
<1707,admissions0-1,stu1-3application1-3,read> 1.5469176014063193E-4
<1708,admissions4-0,application0-1,setStatus> 6.60290845192442E-5
<1709,admissions4-1,stu2-4application2-4,read> 3.065729626199193E-5
<1710,admissions4-0,application0-4,setStatus> 6.657160352933042E-5
<1711,admissions0-0,stu3-1application3-1,setStatus> 2.0506746708362822E-4
<1712,admissions0-0,stu0-5application0-5,setStatus> 2.0570489995631406E-4
<1713,admissions0-1,stu5-13application5-13,setStatus> 2.374078377950555E-4
<1714,fac2-4,gradebook2-9,readScore> 5.466385088085561E-4
<1715,admissions4-0,application0-2,setStatus> 6.548656550915798E-5
<1716,fac2-4,gradebook2-8,readScore> 5.495330094619274E-4
<1717,admissions4-0,application0-3,setStatus> 6.711412253941665E-5
<1718,registrar0-0,roster0-2,read> 1.8905622557431666E-4
<1719,registrar0-1,transcript4-5,read> 2.013948347623051E-4
<1720,admissions4-0,stu1-11application1-11,setStatus> 1.7073525346588547E-4
<1721,admissions2-1,stu0-19application0-19,setStatus> 1.0299569710743551E-4
<1722,registrar2-1,roster0-7,write> 1.4546020475268728E-4
<1723,stu4-7,gradebook4-2,addScore> 4.8485715091403165E-4
<1724,admissions4-0,stu2-10application2-10,setStatus> 1.316738847396773E-4
<1725,admissions4-0,stu1-5application1-5,setStatus> 1.1648335245726303E-4
<1726,fac5-4,gradebook5-9,changeScore> 3.754772706977486E-4
<1727,admissions0-1,stu1-12application1-12,setStatus> 1.5037506149110383E-4
<1728,stu4-19,transcript4-19,read> 0.001757037374492501
<1729,fac0-1,gradebook0-3,assignGrade> 1.160069643785986E-4
<1730,admissions2-0,stu4-4application4-4,read> 1.3010740873474572E-4
<1731,registrar2-0,roster1-3,read> 2.0219952122194583E-4
<1732,registrar0-0,transcript4-5,read> 2.0232938155934597E-4
<1733,admissions2-0,stu1-0application1-0,setStatus> 1.984405740064816E-4
<1734,fac3-0,gradebook3-1,readScore> 1.1825241210960601E-4
<1735,admissions2-0,stu3-5application3-5,setStatus> 1.1717165772221337E-4
<1736,admissions4-1,application0-0,setStatus> 6.874149980857192E-5
<1737,registrar4-1,transcript0-8,read> 1.321024547446006E-4
<1738,admissions4-1,application0-1,setStatus> 6.655416670229982E-5
<1739,fac2-2,roster2-4,read> 0.0013812601638358512
<1740,admissions4-0,stu1-9application1-9,setStatus> 1.6476754435493696E-4
<1741,admissions2-0,stu0-9application0-9,setStatus> 1.1770986246581782E-4
<1742,admissions0-0,stu0-17application0-17,read> 2.0906735835973166E-4
<1743,admissions4-1,application0-2,setStatus> 6.600733342573179E-5
<1744,admissions2-1,stu2-18application2-18,read> 1.3831334491556325E-4
<1745,admissions4-1,application0-3,setStatus> 6.764783325543587E-5
<1746,registrar0-1,transcript0-8,read> 1.0928245296530299E-4
<1747,admissions0-1,stu2-6application2-6,read> 1.5636888809276647E-4
<1748,registrar2-0,transcript3-17,read> 3.502093671295355E-4
<1749,admissions2-1,stu4-4application4-4,read> 1.259356280939523E-4
<1750,fac3-3,gradebook3-7,changeScore> 4.7116417041335226E-4
<1751,admissions4-0,stu0-4application0-4,read> 1.2112460258855067E-4
<1752,admissions2-0,stu0-10application0-10,read> 1.845737287875136E-4
<1753,admissions0-0,stu3-18application3-18,setStatus> 2.0124286984751349E-4
<1754,admissions2-1,stu3-7application3-7,setStatus> 1.4988098809838615E-4
<1755,admissions0-0,stu3-6application3-6,setStatus> 2.3885140933597578E-4
<1756,registrar2-1,transcript3-14,read> 3.5582770874648985E-4
<1757,admissions0-0,stu1-10application1-10,setStatus> 1.3813701545161902E-4
<1758,admissions2-1,stu1-0application1-0,setStatus> 1.9207774999024167E-4
<1759,registrar4-0,roster4-6,read> 1.2813320473935142E-4
<1760,admissions4-1,stu4-15application4-15,read> 1.1408764926797521E-5
<1761,admissions0-0,stu4-8application4-8,read> 9.295258627128595E-5
<1762,fac3-4,gradebook3-8,addScore> 3.327555855290852E-4
<1763,fac3-4,gradebook3-9,addScore> 1.1694907298577784E-4
<1764,admissions0-1,stu3-18application3-18,setStatus> 2.0056184490725116E-4
<1765,registrar0-0,transcript0-11,read> 3.1532536917443514E-4
<1766,stu1-7,gradebook1-2,readMyScores> 1.6642532299298007E-4
<1767,admissions0-1,stu0-1application0-1,setStatus> 1.9508259165453885E-5
<1768,stu2-4,gradebook2-2,readScore> 3.2890876503013716E-4
<1769,admissions4-0,stu4-15application4-15,read> 1.1318754947098923E-5
<1770,chair4,transcript4-9,read> 0.0011291479526830425
<1771,admissions0-1,stu4-8application4-8,read> 9.263802591165383E-5
<1772,admissions4-1,application3-4,read> 1.1920054040388622E-4
<1773,admissions4-1,application3-3,read> 1.1968175368726612E-4
<1774,admissions0-1,stu3-0application3-0,setStatus> 9.510607215939731E-5
<1775,admissions4-1,stu0-4application0-4,read> 1.220878201041654E-4
<1776,admissions0-1,stu4-6application4-6,read> 6.580397867750116E-5
<1777,stu2-5,stu2-5application2-5,checkStatus> 0.0015733407804250287
<1778,admissions4-1,application3-1,read> 1.1775690055374666E-4
<1779,admissions0-1,stu0-11application0-11,setStatus> 2.1326735969614912E-4
<1780,admissions4-1,application3-0,read> 1.1823811383712651E-4
<1781,fac1-4,gradebook1-8,addScore> 2.9524910029842926E-4
<1782,registrar4-0,transcript1-4,read> 3.5627295421147907E-4
<1783,stu2-18,gradebook2-3,addScore> 5.152088841371118E-4
<1784,registrar4-0,transcript5-9,read> 3.447321917589545E-4
<1785,fac5-2,gradebook5-4,assignGrade> 1.8636497887536597E-4
<1786,fac1-4,gradebook1-9,addScore> 5.213116280915575E-4
<1787,admissions0-1,stu3-3application3-3,read> 2.0780081195822576E-4
<1788,stu4-11,gradebook4-5,readScore> 5.555540897553199E-5
<1789,admissions4-0,application3-1,read> 1.1682785202866778E-4
<1790,admissions4-0,application3-2,read> 1.1921493567304717E-4
<1791,admissions4-0,application3-3,read> 1.187375189441713E-4
<1792,admissions4-1,stu3-2application3-2,read> 4.79809744636669E-5
<1793,admissions0-0,stu4-6application4-6,read> 6.602742172903767E-5
<1794,admissions2-0,stu0-2application0-2,setStatus> 8.992504257723938E-6
<1795,admissions2-0,stu0-19application0-19,read> 9.363865530810989E-5
<1796,admissions4-0,application3-0,read> 1.1730526875754366E-4
<1797,admissions2-1,application4-1,setStatus> 1.4727624971E-4
<1798,admissions4-0,stu3-2application3-2,read> 4.760242634166559E-5
<1799,admissions0-1,stu0-8application0-8,read> 1.619593145998816E-4
<1800,admissions4-1,stu1-19application1-19,setStatus> 4.850866857555506E-5
<1801,fac1-2,gradebook1-4,addScore> 5.448811334118664E-4
<1802,fac1-2,gradebook1-5,addScore> 2.2281741708445892E-4
<1803,chair5,transcript5-17,read> 1.203285095823001E-4
<1804,chair5,transcript5-15,read> 1.369574015015431E-4
<1805,chair5,transcript5-16,read> 1.258714735553811E-4
<1806,chair5,transcript5-19,read> 1.0369961766305709E-4
<1807,chair5,transcript5-10,read> 1.7575814931311011E-4
<1808,chair5,transcript5-13,read> 1.480433294477051E-4
<1809,admissions4-0,stu0-14application0-14,setStatus> 1.2733373265898755E-4
<1810,chair5,transcript5-12,read> 1.646722213669481E-4
<1811,admissions2-1,stu3-18application3-18,read> 1.4473142030454672E-4
<1812,registrar0-1,transcript3-11,read> 3.429570215240137E-4
<1813,admissions4-1,stu0-14application0-14,setStatus> 1.2834632695448643E-4
<1814,stu0-16,stu0-16application0-16,checkStatus> 0.001387358678013697
<1815,stu5-11,gradebook5-5,readMyScores> 4.2435261054364475E-5
<1816,admissions2-0,application3-4,read> 1.1731966402670461E-4
<1817,admissions0-1,stu0-3application0-3,read> 8.760664205525021E-5
<1818,stu1-19,stu1-19application1-19,checkStatus> 5.155675729605797E-4
<1819,admissions4-0,stu1-14application1-14,setStatus> 1.84298228718041E-4
<1820,stu5-11,gradebook5-6,readMyScores> 3.334345211110448E-5
<1821,admissions0-1,stu4-6application4-6,setStatus> 7.477724849716042E-5
<1822,stu5-11,gradebook5-1,readMyScores> 1.6973336745243132E-5
<1823,registrar2-1,transcript4-8,read> 2.0465271926360423E-4
<1824,admissions2-0,stu0-13application0-13,read> 1.561565183251999E-4
<1825,admissions0-0,stu5-2application5-2,setStatus> 1.814824507942536E-4
<1826,stu2-19,gradebook2-2,readMyScores> 1.6620650275494733E-4
<1827,admissions2-0,stu3-18application3-18,read> 1.4952583588399344E-4
<1828,admissions2-0,stu5-15application5-15,read> 3.8225094906598294E-5
<1829,stu5-13,gradebook5-1,readMyScores> 1.6686866926758014E-5
<1830,admissions0-0,stu0-17application0-17,setStatus> 2.3757654359060415E-4
<1831,admissions4-0,stu3-11application3-11,read> 1.1778268548641954E-4
<1832,registrar2-1,roster3-3,write> 9.260817996253385E-5
<1833,admissions2-1,stu4-3application4-3,read> 1.7911396703124385E-4
<1834,registrar2-1,roster3-4,write> 9.092141321391195E-5
<1835,registrar2-1,roster3-5,write> 9.373269112828179E-5
<1836,stu5-12,gradebook5-7,readMyScores> 2.1774514926734016E-5
<1837,registrar2-1,roster3-6,write> 9.429494671115577E-5
<1838,registrar2-0,transcript4-7,read> 2.0273507047986682E-4
<1839,stu5-12,gradebook5-4,readMyScores> 3.911311552195712E-5
<1840,stu5-12,gradebook5-2,readMyScores> 3.133912063024422E-5
<1841,registrar2-1,roster3-1,write> 9.035915763103796E-5
<1842,registrar2-1,roster3-2,write> 8.923464646529001E-5
<1843,admissions4-0,stu0-4application0-4,setStatus> 1.3764159385062577E-4
<1844,admissions4-0,stu3-9application3-9,read> 7.815709698972172E-5
<1845,admissions4-1,stu0-14application0-14,read> 1.1294476771994805E-4
<1846,registrar2-1,roster3-7,write> 9.485720229402974E-5
<1847,registrar2-1,roster3-8,write> 9.541945787690371E-5
<1848,registrar2-1,roster3-9,write> 9.59817134597777E-5
<1849,admissions0-1,stu1-8application1-8,read> 1.4295186447569014E-4
<1850,admissions0-0,stu3-17application3-17,setStatus> 1.808450179215678E-4
<1851,fac2-2,gradebook2-5,assignGrade> 7.753620716625903E-4
<1852,stu2-5,gradebook2-7,readMyScores> 1.9039007824982185E-4
<1853,admissions0-1,stu0-9application0-9,read> 1.2226728639936412E-4
<1854,registrar2-0,roster3-1,write> 8.99584518322307E-5
<1855,admissions2-1,stu2-1application2-1,read> 1.0301393027615422E-4
<1856,registrar2-0,roster3-4,write> 9.051821404223163E-5
<1857,registrar2-0,roster3-5,write> 9.331702509223619E-5
<1858,stu1-15,gradebook1-5,addScore> 1.6541360793727628E-4
<1859,registrar4-0,transcript0-5,read> 1.2891993389674392E-4
<1860,admissions4-0,stu2-5application2-5,setStatus> 1.468644170220916E-4
<1861,registrar2-0,roster3-2,write> 8.883892741222886E-5
<1862,admissions0-1,stu3-19application3-19,read> 1.6922686905913132E-4
<1863,admissions2-1,stu0-13application0-13,read> 1.511494956935302E-4
<1864,registrar2-0,roster3-3,write> 9.219750067223436E-5
<1865,registrar2-0,roster3-8,write> 9.499631172223895E-5
<1866,registrar2-0,roster3-9,write> 9.555607393223987E-5
<1867,admissions0-1,stu2-7application2-7,read> 1.0325983627517261E-4
<1868,registrar0-0,roster4-9,read> 9.553323749371245E-5
<1869,registrar2-0,roster3-6,write> 9.387678730223711E-5
<1870,registrar2-0,roster3-7,write> 9.443654951223803E-5
<1871,registrar4-1,roster0-9,write> 1.8037812570070844E-4
<1872,registrar4-0,roster4-2,read> 1.5891155532015073E-4
<1873,fac5-4,roster5-8,read> 0.001605179527208688
<1874,admissions4-1,stu0-4application0-4,setStatus> 1.3873615920927888E-4
<1875,app0-3,application0-3,checkStatus> 7.189854974729737E-4
<1876,admissions4-0,stu0-14application0-14,read> 1.1205368473990903E-4
<1877,registrar4-1,roster3-6,write> 1.0893052602330855E-4
<1878,admissions0-1,stu5-19application5-19,setStatus> 3.983708282769077E-5
<1879,admissions4-0,stu5-8application5-8,setStatus> 2.0762654615174872E-4
<1880,admissions4-0,stu5-18application5-18,setStatus> 1.2353609958838394E-4
<1881,stu4-10,gradebook4-8,readScore> 1.2293757402857025E-4
<1882,registrar4-0,transcript2-11,read> 3.839707840975382E-4
<1883,admissions2-0,stu1-11application1-11,read> 1.4905221570962152E-4
<1884,registrar0-0,roster3-3,read> 1.222540912310279E-4
<1885,admissions0-0,stu1-8application1-8,read> 1.4343726978800146E-4
<1886,admissions0-0,stu2-14application2-14,read> 6.0978953377366105E-5
<1887,registrar0-0,transcript4-13,read> 3.503930894687731E-4
<1888,admissions2-1,stu4-16application4-16,setStatus> 1.566533079081901E-4
<1889,admissions0-1,stu0-6application0-6,read> 6.189068012252056E-5
<1890,admissions4-1,stu4-7application4-7,read> 3.59506423791704E-5
<1891,stu5-10,gradebook5-3,readMyScores> 1.7385313357804552E-5
<1892,admissions0-1,stu1-11application1-11,setStatus> 1.9992656916780627E-4
<1893,registrar0-1,transcript2-17,read> 3.332609813348556E-4
<1894,registrar2-1,roster0-2,read> 1.9691537582913814E-4
<1895,registrar4-1,transcript2-16,read> 3.993352208675043E-4
<1896,admissions4-0,stu4-1application4-1,setStatus> 1.9677616595002422E-4
<1897,registrar4-1,roster4-1,read> 1.604966132336592E-4
<1898,admissions0-0,stu3-3application3-3,read> 2.0850641743176812E-4
<1899,fac5-1,gradebook5-2,assignGrade> 1.964161238034756E-4
<1900,registrar0-1,transcript1-4,read> 2.9932484067280216E-4
<1901,admissions2-1,stu5-0application5-0,setStatus> 1.2695929028058806E-4
<1902,stu5-10,gradebook5-6,readMyScores> 3.2499314082975247E-5
<1903,stu2-0,stu2-0application2-0,checkStatus> 0.0011606929906998863
<1904,admissions0-0,stu0-3application0-3,read> 8.790411791961438E-5
<1905,admissions0-0,stu2-7application2-7,read> 1.0361046390259256E-4
<1906,admissions0-0,stu2-0application2-0,setStatus> 1.2730065661596037E-4
<1907,admissions4-1,stu1-12application1-12,read> 1.1390719428670778E-4
<1908,stu5-10,gradebook5-9,readMyScores> 1.7078629418608018E-5
<1909,admissions4-1,stu5-8application5-8,setStatus> 2.0927765188655386E-4
<1910,admissions4-1,stu5-18application5-18,setStatus> 1.2451849401851027E-4
<1911,admissions2-0,stu4-7application4-7,read> 3.538337386036693E-5
<1912,registrar2-0,roster1-1,write> 1.5041277051232972E-4
<1913,registrar2-1,roster3-9,read> 1.319748560071943E-4
<1914,admissions4-0,stu5-1application5-1,setStatus> 3.2935424903984524E-5
<1915,admissions0-0,stu5-4application5-4,read> 6.995400822478221E-5
<1916,admissions2-0,application1-0,read> 1.8806667757350627E-5
<1917,stu5-15,gradebook5-8,readMyScores> 1.378918297997893E-5
<1918,admissions4-0,stu0-18application0-18,setStatus> 2.125092172425247E-4
<1919,admissions2-0,application1-3,read> 2.11747686292101E-5
<1920,stu5-16,gradebook5-4,readMyScores> 4.009503474008157E-5
<1921,admissions0-0,stu0-6application0-6,read> 6.210083523329312E-5
<1922,registrar4-0,transcript1-1,read> 3.0433952317511834E-4
<1923,admissions2-0,application1-4,read> 1.3596845839259795E-5
<1924,stu2-8,gradebook2-1,readMyScores> 1.8249403172202275E-4
<1925,chair1,transcript1-15,read> 1.9793000520543412E-4
<1926,admissions2-0,application1-1,read> 1.9753908106094416E-5
<1927,stu1-9,transcript1-9,read> 0.0014647634605898738
<1928,admissions2-1,stu2-12application2-12,setStatus> 5.506851076113043E-5
<1929,stu5-19,gradebook5-5,addScore> 7.60195610951627E-5
<1930,stu0-2,transcript0-2,read> 8.370932520448877E-4
<1931,admissions4-0,stu3-14application3-14,read> 1.1109885128215726E-4
<1932,admissions2-1,stu4-7application4-7,read> 3.424883682275997E-5
<1933,admissions2-0,stu0-10application0-10,setStatus> 2.0974287362217453E-4
<1934,fac4-3,gradebook4-7,addScore> 4.070691650689679E-4
<1935,admissions0-1,stu5-4application5-4,read> 6.971727723248177E-5
<1936,registrar0-1,roster1-8,read> 2.0148170254716388E-4
<1937,admissions2-1,application1-1,read> 1.9120516263013235E-5
<1938,stu2-2,gradebook2-6,readMyScores> 2.3779249170198126E-4
<1939,stu5-16,gradebook5-9,readMyScores> 1.8113697868220627E-5
<1940,fac4-3,gradebook4-6,addScore> 8.984237132165019E-4
<1941,admissions2-1,application1-0,read> 1.8203648350301308E-5
<1942,admissions2-1,application1-2,read> 2.0037384175725156E-5
<1943,admissions2-1,application1-3,read> 2.0495818132081117E-5
<1944,admissions2-1,application1-4,read> 1.3160874830385733E-5
<1945,stu5-17,gradebook5-1,readMyScores> 1.740304147297081E-5
<1946,admissions2-0,stu2-16application2-16,setStatus> 1.1017499605535588E-4
<1947,registrar4-0,transcript3-14,read> 4.0474415651208266E-4
<1948,fac4-1,gradebook4-3,changeScore> 0.0012535452916174056
<1949,stu3-15,gradebook3-4,addScore> 9.047314079880079E-5
<1950,stu5-18,gradebook5-8,addScore> 9.068022638808603E-5
<1951,admissions0-0,stu4-14application4-14,setStatus> 1.9996800410214185E-4
<1952,admissions4-1,stu3-5application3-5,setStatus> 1.1905016125283004E-4
<1953,stu5-13,gradebook5-5,readMyScores> 4.1719054116738066E-5
<1954,admissions0-1,stu1-16application1-16,setStatus> 1.4084592539943027E-4
<1955,registrar0-0,roster1-8,read> 2.024166524429744E-4
<1956,stu5-13,gradebook5-9,readMyScores> 1.722649633998125E-5
<1957,registrar0-0,roster1-7,read> 2.0167440650582674E-4
<1958,chair3,transcript3-9,read> 3.7530485234402617E-4
<1959,stu5-13,gradebook5-8,readMyScores> 1.3007609855607653E-5
<1960,registrar0-0,roster1-9,read> 2.0315889838012205E-4
<1961,registrar0-1,roster1-4,read> 1.933547095032447E-4
<1962,admissions2-0,stu2-5application2-5,setStatus> 1.4569650913324797E-4
<1963,registrar4-1,transcript1-12,read> 5.0057307250726664E-5
<1964,stu3-19,transcript3-19,read> 0.0016420443591865493
<1965,stu3-18,transcript3-18,read> 0.0016516271104620452
<1966,chair3,transcript3-7,read> 4.3627745604791725E-4
<1967,registrar0-1,roster1-5,read> 1.9704879725048065E-4
<1968,admissions2-1,stu2-16application2-16,setStatus> 1.0664233085117613E-4
<1969,admissions4-0,stu4-12application4-12,setStatus> 1.7670296257683393E-4
<1970,registrar0-1,roster1-6,read> 1.9557116215158623E-4
<1971,registrar2-1,roster1-2,write> 1.50520504998553E-4
<1972,stu5-14,gradebook5-2,readMyScores> 3.0814616519277795E-5
<1973,chair3,transcript3-3,read> 4.085626361825122E-4
<1974,stu1-13,transcript1-13,read> 1.8067478967341363E-4
<1975,registrar0-1,roster1-1,read> 1.9852643234937508E-4
<1976,admissions4-1,stu3-11application3-11,read> 1.1871932712050637E-4
<1977,chair3,transcript3-0,read> 4.0301967220943125E-4
<1978,admissions0-0,stu5-5application5-5,setStatus> 1.1200226767150112E-4
<1979,registrar0-1,roster1-2,read> 1.9778761479992787E-4
<1980,chair3,transcript3-1,read> 3.974767082363502E-4
<1981,stu5-14,gradebook5-1,readMyScores> 1.6830101836000576E-5
<1982,registrar0-1,roster1-3,read> 1.9409352705269188E-4
<1983,stu5-17,gradebook5-5,addScore> 7.418776444226722E-5
<1984,admissions0-0,stu3-8application3-8,read> 1.7765466639377536E-4
<1985,admissions4-0,stu0-3application0-3,setStatus> 8.501724987226202E-5
<1986,stu5-14,gradebook5-4,readMyScores> 3.845850270987416E-5
<1987,registrar2-1,transcript5-0,read> 2.9596647130024654E-4
<1988,admissions2-1,stu5-15application5-15,setStatus> 4.2044818819199706E-5
<1989,admissions0-0,stu1-16application1-16,setStatus> 1.4132417981504801E-4
<1990,admissions4-0,application5-1,setStatus> 2.0437143209123132E-4
<1991,stu5-14,gradebook5-9,readMyScores> 1.7374363261354475E-5
<1992,admissions4-1,stu5-1application5-1,setStatus> 3.319733683165041E-5
<1993,admissions2-1,stu1-3application1-3,setStatus> 1.4415056364393663E-4
<1994,registrar0-0,roster1-5,read> 1.9796317682008847E-4
<1995,fac2-1,gradebook2-2,addScore> 5.595547260191062E-4
<1996,registrar0-1,transcript2-16,read> 3.3035216927810814E-4
<1997,registrar4-0,transcript4-17,read> 4.209012239456171E-4
<1998,registrar0-0,roster1-3,read> 1.9499419307149787E-4
<1999,registrar0-0,roster1-4,read> 1.9425194713435025E-4
<2000,stu5-15,gradebook5-1,readMyScores> 1.7689511291455927E-5
<2001,admissions4-0,application4-4,setStatus> 1.5500220217338494E-4
<2002,registrar0-0,roster1-1,read> 1.9944766869438378E-4
<2003,registrar0-0,roster1-2,read> 1.9870542275723615E-4
<2004,admissions2-0,stu4-16application4-16,setStatus> 1.618426514413807E-4
<2005,stu5-15,gradebook5-3,readMyScores> 1.858949090639708E-5
<2006,admissions4-1,stu2-12application2-12,setStatus> 5.7804834277211446E-5
<2007,registrar2-1,transcript1-0,read> 2.695869429341054E-4
<2008,admissions0-1,stu2-9application2-9,read> 1.9941517219755308E-4
<2009,registrar0-1,transcript5-0,read> 2.8284157235123334E-4
<2010,stu5-16,gradebook5-3,addScore> 7.439982099246786E-5
<2011,admissions2-0,stu2-12application2-12,setStatus> 5.6892726438517775E-5
<2012,registrar4-0,roster3-1,write> 1.0278103739406314E-4
<2013,registrar2-1,roster3-8,read> 1.312017545807426E-4
<2014,registrar0-1,roster1-1,write> 1.443828598904546E-4
<2015,registrar0-1,roster1-2,write> 1.438455380363112E-4
<2016,admissions0-0,stu0-15application0-15,setStatus> 1.5024824003264926E-4
<2017,stu1-2,stu1-2application1-2,checkStatus> 0.0018174422898399015
<2018,registrar0-1,roster1-5,write> 1.4330821618216774E-4
<2019,registrar4-0,roster3-8,read> 1.4923835942332806E-4
<2020,registrar0-1,roster1-6,write> 1.4223357247388093E-4
<2021,registrar0-1,roster1-3,write> 1.411589287655941E-4
<2022,registrar0-1,roster1-9,write> 1.470694691611717E-4
<2023,registrar2-0,roster5-1,read> 1.3600763988933737E-4
<2024,registrar2-1,roster3-1,read> 1.242438417426772E-4
<2025,admissions4-1,stu1-11application1-11,read> 1.5144183039033688E-4
<2026,registrar2-1,roster3-2,read> 1.2269763888977378E-4
<2027,registrar0-1,roster1-7,write> 1.4599482545288485E-4
<2028,admissions0-1,stu5-12application5-12,read> 9.655132446663445E-5
<2029,admissions0-1,stu1-18application1-18,read> 1.250624996529217E-4
<2030,registrar0-1,roster1-8,write> 1.4653214730702828E-4
<2031,registrar2-1,roster3-5,read> 1.2888245030138746E-4
<2032,registrar2-1,roster3-6,read> 1.2965555172783917E-4
<2033,registrar2-0,roster3-8,read> 1.3061992861807854E-4
<2034,registrar2-0,roster3-7,read> 1.2985025557932727E-4
<2035,registrar2-0,roster3-9,read> 1.313896016568298E-4
<2036,chair1,transcript1-16,read> 2.0347296917851512E-4
<2037,admissions0-1,stu0-15application0-15,setStatus> 1.497397857516589E-4
<2038,admissions4-0,stu1-19application1-19,setStatus> 4.8125957186398804E-5
<2039,registrar2-0,roster3-1,read> 1.236928712693172E-4
<2040,admissions0-0,stu5-12application5-12,read> 9.687917276703048E-5
<2041,registrar2-0,roster3-5,read> 1.2831090950182476E-4
<2042,admissions4-1,stu4-3application4-3,read> 1.8801403992720628E-4
<2043,registrar2-0,roster3-3,read> 1.2677156342432222E-4
<2044,admissions0-0,stu1-19application1-19,read> 4.9760134818096E-5
<2045,stu5-17,gradebook5-7,readMyScores> 2.2138941954796515E-5
<2046,stu5-17,gradebook5-8,readMyScores> 1.3565876373015706E-5
<2047,admissions2-0,stu2-18application2-18,read> 1.4289515344278688E-4
<2048,admissions0-1,stu1-19application1-19,read> 4.959174180686725E-5
<2049,registrar4-0,transcript5-5,read> 3.4011588677794463E-4
<2050,admissions4-1,stu2-13application2-13,setStatus> 1.108476621043097E-4
<2051,stu5-18,gradebook5-3,readMyScores> 1.813792432567488E-5
<2052,stu5-18,gradebook5-2,readMyScores> 3.160137268572744E-5
<2053,registrar4-0,transcript5-7,read> 3.424240392684496E-4
<2054,registrar4-0,transcript5-6,read> 3.4357811551370205E-4
<2055,stu5-18,gradebook5-9,readMyScores> 1.7817964025474166E-5
<2056,registrar4-1,transcript5-1,read> 3.383873970149122E-4
<2057,registrar4-0,transcript0-10,read> 3.747381741355185E-4
<2058,registrar4-1,transcript5-2,read> 3.4424776469304613E-4
<2059,admissions0-0,stu2-18application2-18,setStatus> 1.923188096299122E-4
<2060,stu2-12,gradebook2-3,readScore> 1.8743368908139444E-4
<2061,admissions2-0,stu4-2application4-2,setStatus> 1.0102551541408063E-4
<2062,registrar0-1,transcript2-8,read> 1.8491156644073634E-4
<2063,stu0-2,stu0-2application0-2,checkStatus> 9.710784253508334E-5
<2064,registrar4-0,transcript3-18,read> 3.978196990405678E-4
<2065,registrar4-0,transcript0-9,read> 1.3469031512300622E-4
<2066,registrar4-1,transcript5-3,read> 3.430756911574193E-4
<2067,stu5-19,gradebook5-1,readMyScores> 1.783274620069848E-5
<2068,stu1-17,gradebook1-5,addScore> 1.6843486105028594E-4
<2069,admissions0-0,stu5-13application5-13,read> 2.0962829928769516E-4
<2070,registrar0-0,transcript4-7,read> 1.955106581687803E-4
<2071,registrar4-1,transcript5-5,read> 3.454198382286728E-4
<2072,registrar4-1,transcript5-8,read> 3.512802059068067E-4
<2073,stu5-19,gradebook5-8,readMyScores> 1.3900836283460537E-5
<2074,admissions0-0,stu5-8application5-8,setStatus> 2.4395087231746226E-4
<2075,fac5-3,gradebook5-6,assignGrade> 1.9038543684660983E-4
<2076,stu2-4,stu2-4application2-4,checkStatus> 3.702690554517268E-4
<2077,registrar4-1,transcript5-9,read> 3.501081323711799E-4
<2078,stu5-1,gradebook5-4,readMyScores> 8.657254439797204E-5
<2079,stu5-1,gradebook5-3,readMyScores> 3.98131202003403E-5
<2080,stu5-1,gradebook5-7,readMyScores> 4.819547446126484E-5
<2081,admissions4-1,stu1-9application1-9,setStatus> 1.6607782303768002E-4
<2082,stu5-1,gradebook5-1,readMyScores> 3.7885633494656615E-5
<2083,stu1-14,gradebook1-8,addScore> 2.1427777513297373E-4
<2084,stu1-4,gradebook1-5,readMyScores> 5.784009993975301E-5
<2085,admissions0-1,stu0-12application0-12,read> 5.6300253615405417E-5
<2086,admissions4-1,stu2-14application2-14,setStatus> 5.944533410691551E-5
<2087,registrar2-1,transcript4-17,read> 3.70032070174412E-4
<2088,admissions4-0,stu0-1application0-1,setStatus> 1.6659854601397797E-5
<2089,registrar0-1,roster3-1,read> 1.1873413700907732E-4
<2090,admissions2-0,stu5-0application5-0,read> 1.1542518332921701E-4
<2091,stu3-14,gradebook3-6,readMyScores> 5.642735343265206E-5
<2092,stu3-14,gradebook3-1,readMyScores> 2.1150193636453293E-5
<2093,stu3-14,gradebook3-3,readMyScores> 2.826795771391763E-5
<2094,stu5-0,gradebook5-1,readMyScores> 3.8315338222384285E-5
<2095,stu5-0,gradebook5-8,readMyScores> 2.986725868133088E-5
<2096,admissions4-1,stu3-15application3-15,read> 1.3556179203880146E-4
<2097,admissions2-1,stu2-6application2-6,setStatus> 1.4571340667696834E-4
<2098,stu5-0,gradebook5-9,readMyScores> 3.955440146733892E-5
<2099,admissions4-1,stu4-6application4-6,read> 5.664281356450439E-5
<2100,stu3-15,gradebook3-6,readMyScores> 5.54572556659016E-5
<2101,registrar2-0,roster5-3,read> 1.144567948043021E-4
<2102,stu3-15,gradebook3-3,readMyScores> 2.7781975632876063E-5
<2103,registrar2-1,roster5-5,read> 1.1883213175751522E-4
<2104,app0-4,application0-4,checkStatus> 7.131735567726197E-4
<2105,stu3-15,gradebook3-1,readMyScores> 2.078657999227358E-5
<2106,registrar4-1,transcript0-16,read> 3.758937501549688E-4
<2107,admissions0-1,stu3-16application3-16,read> 3.8969931443348475E-5
<2108,admissions0-1,stu1-14application1-14,setStatus> 2.1580846265392876E-4
<2109,admissions4-0,stu4-10application4-10,setStatus> 3.185038688381207E-5
<2110,registrar2-1,roster1-1,read> 2.0773879579946212E-4
<2111,admissions0-0,stu4-12application4-12,setStatus> 2.0761719857437147E-4
<2112,admissions4-0,stu2-17application2-17,setStatus> 1.159408334471768E-4
<2113,registrar4-0,transcript3-17,read> 4.001278515310728E-4
<2114,stu3-16,gradebook3-1,readMyScores> 2.0907784540333484E-5
<2115,registrar4-0,roster0-2,read> 2.239857822624121E-4
<2116,fac3-1,roster3-3,read> 0.001676426597372772
<2117,stu3-16,gradebook3-2,readMyScores> 2.379792743270213E-5
<2118,stu3-16,gradebook3-5,readMyScores> 2.4606426140758936E-5
<2119,admissions2-0,stu1-17application1-17,setStatus> 6.442759284897975E-5
<2120,admissions4-0,stu0-9application0-9,setStatus> 1.1865342849760792E-4
<2121,registrar2-1,transcript5-14,read> 2.6083604169726053E-5
<2122,stu3-16,gradebook3-9,readMyScores> 3.2983443182663954E-5
<2123,registrar4-1,roster3-1,write> 1.0438386058929218E-4
<2124,registrar0-1,roster5-1,read> 1.3055521780023255E-4
<2125,registrar0-1,transcript5-4,read> 2.867199884268966E-4
<2126,fac4-4,gradebook4-8,assignGrade> 4.6377657889119176E-4
<2127,registrar4-1,roster3-2,write> 1.0308481332243038E-4
<2128,admissions0-0,stu1-14application1-14,setStatus> 2.1654125879197266E-4
<2129,admissions0-0,stu3-16application3-16,read> 3.910225718678939E-5
<2130,admissions2-0,stu0-17application0-17,read> 1.765221858231914E-4
<2131,registrar4-1,roster3-3,write> 1.0698195512301582E-4
<2132,admissions4-1,application4-4,read> 1.374866451723209E-4
<2133,stu4-7,gradebook4-4,readMyScores> 1.0427927612718998E-4
<2134,registrar4-1,roster3-4,write> 1.050333842227231E-4
<2135,registrar4-1,roster3-5,write> 1.0828100238987765E-4
<2136,admissions0-0,stu4-3application4-3,read> 2.1916429506307477E-4
<2137,registrar4-0,roster2-5,write> 8.615273370365728E-5
<2138,registrar4-1,roster3-7,write> 1.0958004965673946E-4
<2139,registrar4-1,roster3-8,write> 1.1022957329017036E-4
<2140,registrar4-1,roster3-9,write> 1.1087909692360126E-4
<2141,registrar4-1,roster1-7,read> 2.426613528626691E-4
<2142,registrar4-1,roster2-5,write> 8.749624612008857E-5
<2143,admissions4-1,stu2-17application2-17,setStatus> 1.1686282814655793E-4
<2144,stu3-17,gradebook3-6,readMyScores> 5.7720817121652686E-5
<2145,stu3-17,gradebook3-7,readMyScores> 3.090813296183008E-5
<2146,admissions2-0,stu4-13application4-13,read> 1.69417883207613E-4
<2147,admissions0-0,stu3-15application3-15,read> 1.580217339150526E-4
<2148,stu3-10,gradebook3-1,readMyScores> 1.9938148155854248E-5
<2149,admissions4-1,stu2-10application2-10,setStatus> 1.3272099316703062E-4
<2150,fac4-2,roster4-4,read> 0.001421972775358185
<2151,admissions2-1,stu0-3application0-3,setStatus> 8.163684232266912E-5
<2152,admissions4-1,stu4-10application4-10,setStatus> 3.210367027851436E-5
<2153,admissions0-1,stu1-13application1-13,read> 1.3456622471501745E-4
<2154,stu3-5,transcript3-5,read> 3.675384395455851E-4
<2155,stu3-10,gradebook3-8,readMyScores> 3.531439097058223E-5
<2156,registrar2-0,transcript5-4,read> 2.9869437309437723E-4
<2157,stu3-10,gradebook3-7,readMyScores> 2.8483965670706147E-5
<2158,admissions2-0,stu4-10application4-10,setStatus> 3.1597103489109795E-5
<2159,admissions2-0,stu1-12application1-12,read> 1.1210984210861378E-4
<2160,admissions2-1,stu4-13application4-13,read> 1.6398564647149714E-4
<2161,registrar2-0,transcript0-19,read> 3.2091652738405334E-4
<2162,fac1-1,gradebook1-2,assignGrade> 3.0697871801268155E-4
<2163,admissions0-0,stu2-10application2-10,setStatus> 1.5471027014144991E-4
<2164,stu3-11,gradebook3-3,readMyScores> 2.6324029389751372E-5
<2165,stu3-11,gradebook3-4,readMyScores> 3.5666220529245636E-5
<2166,admissions2-0,stu1-3application1-3,setStatus> 1.4892573759487448E-4
<2167,admissions4-1,stu4-16application4-16,read> 1.4470484442301884E-4
<2168,admissions2-1,stu1-17application1-17,setStatus> 6.236177824861164E-5
<2169,registrar4-1,roster2-4,read> 1.212004334110893E-4
<2170,admissions4-1,stu0-9application0-9,setStatus> 1.1959699452939806E-4
<2171,admissions2-1,stu5-16application5-16,read> 1.1951755270496883E-4
<2172,admissions0-0,application1-1,setStatus> 2.6586262731603664E-5
<2173,admissions0-0,application1-2,setStatus> 2.7861128476975264E-5
<2174,admissions0-0,application1-3,setStatus> 2.849856134966107E-5
<2175,registrar2-0,transcript0-2,read> 1.7647252450115876E-4
<2176,admissions0-0,application1-4,setStatus> 1.8299635386688236E-5
<2177,registrar2-1,transcript3-18,read> 3.497401252773803E-4
<2178,admissions2-1,stu4-10application4-10,setStatus> 3.058396991030066E-5
<2179,registrar2-0,roster1-1,read> 2.0681755945445337E-4
<2180,registrar4-0,roster4-1,read> 1.58032173874985E-4
<2181,stu3-11,gradebook3-9,readMyScores> 3.107135951990083E-5
<2182,admissions2-1,application5-2,setStatus> 1.97287226767014E-4
<2183,registrar4-0,roster4-5,read> 1.2109815317802586E-4
<2184,stu4-18,gradebook4-3,addScore> 1.906825089863539E-4
<2185,stu3-12,gradebook3-4,readMyScores> 3.522725166119338E-5
<2186,admissions0-0,stu2-12application2-12,read> 5.9296130593475584E-5
<2187,admissions4-0,stu4-6application4-6,read> 5.619592746143138E-5
<2188,registrar2-0,roster1-5,write> 1.492932460923279E-4
<2189,registrar4-0,roster2-5,read> 1.1846000884252873E-4
<2190,admissions2-0,stu2-6application2-6,setStatus> 1.5054035182568776E-4
<2191,admissions0-0,application1-0,setStatus> 2.531139698623206E-5
<2192,admissions0-1,application1-4,setStatus> 1.8237707686564082E-5
<2193,registrar4-0,transcript0-0,read> 2.0624304232865894E-4
<2194,admissions0-1,application1-2,setStatus> 2.7766843778237623E-5
<2195,admissions2-0,stu5-16application5-16,read> 1.2347672629353922E-4
<2196,admissions4-1,stu1-16application1-16,setStatus> 1.2123749435910213E-4
<2197,admissions0-1,application1-3,setStatus> 2.8402119517682525E-5
<2198,registrar4-1,roster4-2,read> 1.6138970822962676E-4
<2199,admissions4-1,stu4-12application4-12,setStatus> 1.781081551221765E-4
<2200,stu3-12,gradebook3-8,readMyScores> 3.4455682375552874E-5
<2201,stu3-12,gradebook3-7,readMyScores> 2.779134644467074E-5
<2202,registrar0-1,transcript4-3,read> 1.9945562672447353E-4
<2203,admissions0-0,stu4-1application4-1,setStatus> 2.3120221486374617E-4
<2204,registrar4-1,roster4-4,read> 1.2477281339495931E-4
<2205,admissions2-0,stu3-7application3-7,read> 1.3626447100158036E-4
<2206,admissions4-1,stu1-1application1-1,read> 1.8897646649396595E-4
<2207,registrar4-1,roster4-3,read> 1.6228280322559422E-4
<2208,registrar4-1,roster4-6,read> 1.301313833707643E-4
<2209,admissions0-0,application2-0,read> 5.761330780958508E-5
<2210,registrar4-1,roster4-5,read> 1.2298662340302433E-4
<2211,registrar4-1,roster4-8,read> 1.1762805342721932E-4
<2212,registrar4-1,roster4-7,read> 1.274520983828618E-4
<2213,registrar4-0,transcript0-15,read> 3.7704632662602345E-4
<2214,registrar4-0,roster4-8,read> 1.1582186450703168E-4
<2215,stu3-13,gradebook3-1,readMyScores> 2.1028989088393385E-5
<2216,registrar4-0,roster4-9,read> 1.131837201715346E-4
<2217,registrar4-1,transcript4-13,read> 4.2160461804441286E-4
<2218,registrar4-0,roster0-7,write> 1.6545695130405446E-4
<2219,stu2-19,transcript2-19,read> 0.0016660012373752892
<2220,admissions4-0,stu3-6application3-6,setStatus> 2.0328639407105894E-4
<2221,registrar0-1,transcript2-19,read> 3.371393974105188E-4
<2222,stu3-13,gradebook3-3,readMyScores> 2.8105963686903775E-5
<2223,stu3-13,gradebook3-4,readMyScores> 3.808054930353303E-5
<2224,admissions2-0,stu0-3application0-3,setStatus> 8.434116836234345E-5
<2225,admissions4-1,stu4-13application4-13,setStatus> 1.9560681997235333E-4
<2226,admissions0-1,application1-1,setStatus> 2.6496292299347814E-5
<2227,admissions4-1,stu0-1application0-1,setStatus> 1.679233853460971E-5
<2228,registrar2-0,transcript3-10,read> 3.593002484298574E-4
<2229,registrar0-1,roster0-3,read> 1.8670535155821983E-4
<2230,registrar2-0,transcript4-19,read> 3.704113255746955E-4
<2231,registrar4-0,transcript2-19,read> 4.0128192777632514E-4
<2232,registrar2-0,transcript4-18,read> 3.7142142349695347E-4
<2233,registrar2-0,transcript4-17,read> 3.683911297301795E-4
<2234,registrar2-0,transcript4-15,read> 3.653608359634055E-4
<2235,registrar4-1,roster0-6,read> 2.3194421291105916E-4
<2236,registrar4-0,transcript2-14,read> 3.8858708907854817E-4
<2237,admissions4-0,stu0-6application0-6,read> 5.2854010359300236E-5
<2238,admissions4-1,stu3-6application3-6,setStatus> 2.049029856740097E-4
<2239,admissions0-1,stu0-0application0-0,setStatus> 1.5355144018832834E-4
<2240,admissions2-0,stu4-0application4-0,read> 5.622266153273026E-5
<2241,admissions2-1,stu5-16application5-16,setStatus> 1.3581540080110095E-4
<2242,stu1-17,gradebook1-5,readScore> 6.205494880800008E-5
<2243,admissions2-0,stu4-19application4-19,setStatus> 6.819502605421072E-5
<2244,admissions0-0,stu4-9application4-9,setStatus> 1.527979715233925E-4
<2245,admissions2-1,stu1-10application1-10,read> 9.93464586253065E-5
<2246,registrar4-0,transcript1-17,read> 3.8901986767051776E-5
<2247,admissions4-0,stu1-1application1-1,read> 1.874855279022976E-4
<2248,admissions2-1,stu5-18application5-18,read> 1.0438923214522209E-4
<2249,admissions0-1,stu1-8application1-8,setStatus> 1.6244530054055698E-4
<2250,registrar2-1,transcript4-13,read> 3.64959083950154E-4
<2251,registrar4-1,transcript2-13,read> 3.9230277965374366E-4
<2252,stu5-9,gradebook5-2,readMyScores> 7.40862056740083E-5
<2253,registrar4-1,transcript2-14,read> 3.9464692672499727E-4
<2254,registrar2-0,roster0-9,read> 2.1374461680321474E-4
<2255,stu5-9,gradebook5-3,readMyScores> 4.252251968467348E-5
<2256,registrar2-1,transcript4-11,read> 3.466963335428256E-4
<2257,registrar4-1,transcript0-18,read> 3.735496030837154E-4
<2258,registrar2-1,transcript4-12,read> 3.659736811950056E-4
<2259,stu5-9,gradebook5-5,readMyScores> 1.0116422993972963E-4
<2260,registrar4-1,transcript2-10,read> 3.8878655904686334E-4
<2261,stu5-9,gradebook5-7,readMyScores> 5.1475317713827284E-5
<2262,admissions2-1,stu5-3application5-3,read> 1.3327057139564765E-4
<2263,stu4-13,stu4-13application4-13,checkStatus> 0.002078979621355837
<2264,registrar2-1,transcript4-19,read> 3.720612646641151E-4
<2265,registrar2-1,transcript4-15,read> 3.669882784398573E-4
<2266,registrar4-1,transcript2-15,read> 3.95819000260624E-4
<2267,admissions2-1,stu4-19application4-19,setStatus> 6.600841199235227E-5
<2268,stu1-15,gradebook1-5,readScore> 6.0941855555838616E-5
<2269,admissions4-0,stu3-5application3-5,setStatus> 1.1811090948752168E-4
<2270,admissions2-1,application2-2,read> 4.800185551343882E-5
<2271,admissions0-1,stu5-8application5-8,read> 2.1395028111605247E-4
<2272,registrar2-1,roster1-7,write> 1.527695273300489E-4
<2273,admissions2-1,stu5-13application5-13,setStatus> 1.9468248837862785E-4
<2274,admissions2-0,stu5-16application5-16,setStatus> 1.4031446169720366E-4
<2275,admissions2-0,stu5-11application5-11,read> 1.007429579236883E-4
<2276,admissions2-1,stu0-2application0-2,setStatus> 8.704167447857036E-6
<2277,admissions0-1,stu4-9application4-9,setStatus> 1.522808887094385E-4
<2278,admissions2-0,stu1-10application1-10,read> 1.0263743862117588E-4
<2279,stu5-8,gradebook5-3,readMyScores> 4.28235640718216E-5
<2280,registrar4-0,roster3-2,write> 1.0150193711018576E-4
<2281,stu5-8,gradebook5-1,readMyScores> 4.0750331679507774E-5
<2282,stu5-8,gradebook5-7,readMyScores> 5.1839744741889777E-5
<2283,stu4-14,gradebook4-5,addScore> 1.5552402165307192E-4
<2284,registrar0-1,roster4-9,write> 6.915780031037592E-5
<2285,admissions4-1,stu1-3application1-3,read> 1.331557256219022E-4
<2286,registrar2-0,transcript4-11,read> 3.4515887751824544E-4
<2287,registrar0-1,transcript1-0,read> 2.576318678594222E-4
<2288,registrar0-1,transcript1-1,read> 2.5569265982159067E-4
<2289,admissions4-1,stu3-17application3-17,read> 1.365242186055612E-4
<2290,stu1-14,gradebook1-8,readScore> 7.894444347004294E-5
<2291,registrar0-1,transcript1-7,read> 2.9835523665388636E-4
<2292,registrar0-1,transcript1-8,read> 2.954464245971389E-4
<2293,stu2-9,gradebook2-2,readMyScores> 2.4030475785312818E-4
<2294,registrar4-0,transcript1-6,read> 3.5396480172097424E-4
<2295,registrar0-1,transcript1-9,read> 2.964160286160547E-4
<2296,stu5-7,gradebook5-8,readMyScores> 3.0202218591775712E-5
<2297,admissions0-1,application3-3,read> 1.3903856592070957E-4
<2298,app2-3,application2-3,checkStatus> 6.608660904694326E-4
<2299,admissions0-0,stu1-13application1-13,read> 1.350231558685489E-4
<2300,admissions0-0,stu1-8application1-8,setStatus> 1.629968974863653E-4
<2301,stu5-7,gradebook5-9,readMyScores> 3.99980022314586E-5
<2302,registrar4-1,transcript3-19,read> 4.0167936793875786E-4
<2303,registrar0-1,transcript1-5,read> 3.0029444469171796E-4
<2304,stu5-7,gradebook5-7,readMyScores> 4.928875554545232E-5
<2305,admissions0-0,stu1-4application1-4,setStatus> 2.47775469553577E-4
<2306,admissions4-0,stu1-16application1-16,read> 1.058472672645226E-4
<2307,stu5-7,gradebook5-3,readMyScores> 4.071625336178469E-5
<2308,registrar0-0,transcript1-1,read> 2.5687916868387183E-4
<2309,fac3-3,gradebook3-6,changeScore> 4.655355292536109E-4
<2310,admissions0-0,stu0-0application0-0,setStatus> 1.5407283726876408E-4
<2311,admissions2-1,stu4-0application4-0,read> 5.441993090242228E-5
<2312,registrar0-0,transcript1-8,read> 2.9681740568575674E-4
<2313,registrar0-0,transcript1-9,read> 2.977915090272662E-4
<2314,registrar0-0,transcript1-6,read> 2.987656123687755E-4
<2315,registrar0-0,transcript1-7,read> 2.9973971571028497E-4
<2316,stu5-6,gradebook5-9,readMyScores> 4.0441602995578296E-5
<2317,registrar0-0,transcript1-5,read> 3.016879223933037E-4
<2318,admissions4-0,stu4-9application4-9,read> 1.1444076838428839E-4
<2319,admissions0-1,stu4-5application4-5,setStatus> 9.82824508566218E-5
<2320,registrar4-0,roster3-4,read> 1.4220330786200253E-4
<2321,stu5-6,gradebook5-8,readMyScores> 3.053717850222055E-5
<2322,registrar2-0,transcript4-10,read> 3.4212858375147134E-4
<2323,stu5-6,gradebook5-2,readMyScores> 7.172593717465939E-5
<2324,registrar2-0,transcript4-12,read> 3.6435073804114745E-4
<2325,registrar2-0,transcript4-13,read> 3.633406401188894E-4
<2326,registrar4-0,transcript2-13,read> 3.862789365880432E-4
<2327,admissions4-1,stu1-16application1-16,read> 1.0668899503600987E-4
<2328,stu3-18,gradebook3-8,readMyScores> 3.8534548201942324E-5
<2329,admissions4-0,stu3-16application3-16,setStatus> 3.781809599476054E-5
<2330,registrar2-1,transcript0-8,read> 1.1435356447181359E-4
<2331,registrar2-1,transcript0-9,read> 1.184119534512199E-4
<2332,stu3-18,gradebook3-3,readMyScores> 2.9077927848986905E-5
<2333,registrar2-1,transcript0-7,read> 1.1638275896151676E-4
<2334,stu3-18,gradebook3-1,readMyScores> 2.1756216376752815E-5
<2335,registrar2-1,transcript0-1,read> 1.742148019180568E-4
<2336,registrar2-1,transcript0-0,read> 1.813169826320179E-4
<2337,admissions0-1,stu2-13application2-13,setStatus> 1.2877568634997715E-4
<2338,admissions2-1,stu1-14application1-14,setStatus> 1.7697026733760202E-4
<2339,registrar2-1,transcript0-5,read> 1.1333896722696202E-4
<2340,stu5-5,gradebook5-3,readMyScores> 4.161938652322909E-5
<2341,registrar4-0,roster3-9,write> 1.0917653881345E-4
<2342,registrar2-1,transcript0-4,read> 1.0826598100270413E-4
<2343,registrar4-0,roster3-8,write> 1.0853698867151132E-4
<2344,registrar2-1,transcript0-3,read> 1.092805782475557E-4
<2345,admissions4-0,stu5-15application5-15,read> 3.853150849302392E-5
<2346,admissions0-1,stu0-4application0-4,read> 1.418337791742671E-4
<2347,registrar2-1,transcript0-2,read> 1.7725859365261157E-4
<2348,registrar4-0,roster3-5,write> 1.0661833824569525E-4
<2349,stu5-5,gradebook5-6,readMyScores> 7.780138825924379E-5
<2350,registrar4-0,roster3-4,write> 1.0342058753600185E-4
<2351,registrar4-0,roster3-7,write> 1.0789743852957261E-4
<2352,registrar4-1,roster2-2,read> 1.194142434191543E-4
<2353,stu5-5,gradebook5-8,readMyScores> 3.0872138412665374E-5
<2354,registrar4-0,roster3-6,write> 1.0725788838763394E-4
<2355,admissions2-1,stu1-17application1-17,read> 5.487836485877824E-5
<2356,registrar4-0,roster3-3,write> 1.0533923796181788E-4
<2357,admissions4-1,stu3-16application3-16,setStatus> 3.811883632076262E-5
<2358,stu3-19,gradebook3-5,readMyScores> 2.5177009935327263E-5
<2359,registrar4-0,transcript1-10,read> 5.275090171008134E-5
<2360,registrar2-0,transcript1-5,read> 3.1283574400598927E-4
<2361,stu3-19,gradebook3-8,readMyScores> 3.78905167556703E-5
<2362,registrar4-1,roster1-4,write> 1.6998574756581393E-4
<2363,admissions4-0,stu1-3application1-3,read> 1.3210518735269587E-4
<2364,registrar2-0,transcript0-5,read> 1.1283635539890452E-4
<2365,registrar2-0,transcript0-6,read> 1.108161595543885E-4
<2366,registrar0-1,transcript1-14,read> 3.753175556553289E-5
<2367,stu3-19,gradebook3-2,readMyScores> 2.43497634311416E-5
<2368,registrar2-0,transcript0-7,read> 1.1586664916567853E-4
<2369,registrar2-0,transcript0-8,read> 1.1384645332116253E-4
<2370,fac1-4,gradebook1-8,assignGrade> 2.6074345134337724E-4
<2371,registrar2-0,transcript0-0,read> 1.8051291619019077E-4
<2372,registrar2-0,transcript0-1,read> 1.734422307343847E-4
<2373,admissions4-1,stu3-19application3-19,setStatus> 1.65530989761112E-4
<2374,registrar2-0,transcript0-4,read> 1.077858657876145E-4
<2375,stu5-4,gradebook5-1,readMyScores> 4.0034157133294986E-5
<2376,admissions4-1,application5-2,setStatus> 2.070903187802818E-4
<2377,stu5-4,gradebook5-6,readMyScores> 7.864552628737302E-5
<2378,admissions0-0,application1-4,read> 1.6103679140285646E-5
<2379,admissions0-0,application1-1,read> 2.3395911203811222E-5
<2380,admissions0-0,application1-2,read> 2.4517793059738234E-5
<2381,admissions0-0,application1-0,read> 2.2274029347884214E-5
<2382,admissions4-0,stu5-4application5-4,setStatus> 6.765664154950286E-5
<2383,registrar0-0,roster0-7,read> 1.9202520932290728E-4
<2384,admissions0-1,stu3-12application3-12,setStatus> 8.938859050439319E-5
<2385,registrar0-1,roster5-2,read> 1.3129403534967976E-4
<2386,admissions0-1,stu3-2application3-2,read> 5.57412109646939E-5
<2387,admissions0-1,stu2-11application2-11,read> 7.642578904101994E-5
<2388,admissions4-1,stu4-11application4-11,setStatus> 1.939663201426492E-4
<2389,registrar2-0,transcript2-15,read> 3.411184858292134E-4
<2390,stu4-10,gradebook4-8,addScore> 3.3368770093469076E-4
<2391,admissions4-1,stu3-12application3-12,read> 6.771071908224118E-5
<2392,stu5-3,gradebook5-8,readMyScores> 2.8750725646514767E-5
<2393,admissions4-1,stu5-6application5-6,read> 2.8732443128472493E-5
<2394,admissions2-1,stu5-11application5-11,read> 9.751272279988266E-5
<2395,stu5-3,gradebook5-4,readMyScores> 8.428139955568166E-5
<2396,stu5-3,gradebook5-7,readMyScores> 4.6919979863046106E-5
<2397,stu5-3,gradebook5-6,readMyScores> 7.245518074775868E-5
<2398,admissions0-1,application1-4,read> 1.6049182764176394E-5
<2399,admissions0-1,application1-0,read> 2.2198651922003045E-5
<2400,admissions0-1,application1-1,read> 2.3316737223426076E-5
<2401,admissions0-1,application1-2,read> 2.4434822524849104E-5
<2402,registrar0-0,transcript2-16,read> 3.318851259800948E-4
<2403,stu1-3,gradebook1-7,readMyScores> 1.5824875507900507E-4
<2404,fac3-1,gradebook3-3,changeScore> 4.936787350523178E-4
<2405,chair0,transcript0-6,read> 6.081093392134284E-4
<2406,admissions4-1,stu0-6application0-6,read> 5.327432058084537E-5
<2407,admissions0-1,application1-3,read> 2.4993865175560618E-5
<2408,admissions2-1,stu0-7application0-7,read> 9.888802466895055E-5
<2409,registrar0-1,roster4-4,read> 1.0321896847068612E-4
<2410,admissions0-0,stu2-11application2-11,read> 7.668529936034428E-5
<2411,admissions2-1,stu0-16application0-16,read> 1.0943200566513768E-4
<2412,stu5-2,gradebook5-1,readMyScores> 3.745592876692894E-5
<2413,stu1-8,gradebook1-2,readScore> 8.632818455402127E-5
<2414,admissions4-1,stu5-15application5-15,read> 3.883792207944956E-5
<2415,admissions2-0,stu1-17application1-17,read> 5.6696281707102165E-5
<2416,stu5-2,gradebook5-3,readMyScores> 3.93615536196181E-5
<2417,admissions4-0,stu5-15application5-15,setStatus> 4.3785805105709004E-5
<2418,registrar4-1,transcript1-3,read> 3.65345088334328E-4
<2419,admissions0-0,application3-1,read> 1.372669195804029E-4
<2420,registrar4-1,transcript1-4,read> 3.6182886772744764E-4
<2421,admissions2-1,stu1-1application1-1,setStatus> 2.045804942544952E-4
<2422,admissions2-1,stu4-18application4-18,setStatus> 1.0267010480888725E-5
<2423,registrar2-1,transcript5-9,read> 3.030686520142076E-4
<2424,registrar4-1,transcript1-5,read> 3.6300094126307436E-4
<2425,admissions0-1,stu3-1application3-1,read> 1.7984867942265006E-4
<2426,registrar4-1,transcript1-6,read> 3.5948472065619415E-4
<2427,admissions2-1,stu3-3application3-3,read> 1.7040372186048053E-4
<2428,registrar4-1,transcript1-2,read> 3.641730147987012E-4
<2429,admissions2-0,application2-4,read> 5.480180100961458E-5
<2430,admissions2-1,stu4-5application4-5,read> 7.09235533312369E-5
<2431,registrar4-1,transcript1-8,read> 3.571405735849406E-4
<2432,admissions2-0,application2-1,read> 4.911835891715185E-5
<2433,registrar2-1,transcript5-2,read> 2.979956657899497E-4
<2434,admissions2-0,application2-0,read> 4.864473874277996E-5
<2435,registrar2-1,roster1-4,write> 1.471469715013092E-4
<2436,admissions2-1,stu4-6application4-6,setStatus> 6.13198828932572E-5
<2437,admissions4-1,stu5-4application5-4,read> 6.001130654816343E-5
<2438,admissions2-0,application2-3,read> 5.3854560660870794E-5
<2439,admissions4-1,stu5-4application5-4,setStatus> 6.81946665320039E-5
<2440,admissions2-0,application2-2,read> 4.9591979091523744E-5
<2441,admissions4-0,stu0-10application0-10,setStatus> 2.1142417922235228E-4
<2442,registrar2-0,transcript1-1,read> 2.663712395821211E-4
<2443,admissions2-1,application2-0,read> 4.708498760072689E-5
<2444,registrar4-0,transcript1-0,read> 3.0664767566562323E-4
<2445,admissions4-1,stu5-5application5-5,setStatus> 9.608316363697305E-5
<2446,registrar2-1,transcript2-19,read> 3.52783917011935E-4
<2447,admissions2-0,stu0-17application0-17,setStatus> 2.005933929808993E-4
<2448,app4-2,application4-2,checkStatus> 0.0016314601874285698
<2449,registrar4-0,transcript1-9,read> 3.5281072547572177E-4
<2450,admissions2-1,application2-4,read> 5.30446290333544E-5
<2451,registrar2-1,transcript2-16,read> 3.45681736297974E-4
<2452,registrar4-0,transcript1-7,read> 3.551188779662267E-4
<2453,admissions2-1,application2-1,read> 4.7543421557082856E-5
<2454,admissions4-0,stu3-17application3-17,read> 1.35447104454827E-4
<2455,admissions4-0,stu5-5application5-5,setStatus> 9.532511106390029E-5
<2456,stu3-8,gradebook3-8,readMyScores> 5.6996782995073456E-5
<2457,stu3-8,gradebook3-1,readMyScores> 3.217980750990458E-5
<2458,admissions0-0,application5-2,read> 2.124330039275127E-4
<2459,stu3-8,gradebook3-2,readMyScores> 3.6628114396419796E-5
<2460,admissions4-0,stu2-13application2-13,read> 9.677634941588094E-5
<2461,registrar0-0,transcript4-12,read> 3.5136719281028255E-4
<2462,admissions0-0,stu2-8application2-8,setStatus> 2.50962633917006E-4
<2463,registrar2-0,transcript3-18,read> 3.4818917128501937E-4
<2464,registrar2-0,transcript5-7,read> 2.997044710166352E-4
<2465,stu2-11,gradebook2-3,readMyScores> 1.5217982989688297E-4
<2466,admissions2-0,stu5-17application5-17,read> 1.1921414472419219E-4
<2467,registrar2-0,roster0-4,read> 1.983511560281895E-4
<2468,admissions0-0,stu3-14application3-14,setStatus> 1.4833594141459188E-4
<2469,admissions2-0,application5-4,read> 1.8173200774128218E-4
<2470,registrar2-0,roster1-3,write> 1.4705419725232426E-4
<2471,admissions4-1,stu0-13application0-13,setStatus> 1.802954882284486E-4
<2472,stu3-9,gradebook3-9,readMyScores> 5.0192196147532105E-5
<2473,admissions2-0,stu3-3application3-3,read> 1.7604856564881944E-4
<2474,admissions2-0,stu3-15application3-15,setStatus> 1.516167613128966E-4
<2475,admissions0-0,application4-4,read> 1.6026549762690663E-4
<2476,admissions2-1,stu5-4application5-4,setStatus> 6.49665166369978E-5
<2477,stu3-9,gradebook3-2,readMyScores> 3.6214237397590195E-5
<2478,admissions2-0,stu4-18application4-18,setStatus> 1.0607118488537211E-5
<2479,stu3-9,gradebook3-4,readMyScores> 5.7614663931858345E-5
<2480,admissions4-1,stu2-13application2-13,read> 9.754594265179252E-5
<2481,admissions4-0,stu5-4application5-4,read> 5.9537844563562514E-5
<2482,stu3-1,gradebook3-8,readMyScores> 6.043161737519087E-5
<2483,admissions0-1,stu2-8application2-8,setStatus> 2.5011335258395357E-4
<2484,stu3-6,gradebook3-2,readMyScores> 3.5662401399150726E-5
<2485,stu3-6,gradebook3-1,readMyScores> 3.133137567348525E-5
<2486,admissions4-1,application4-0,read> 1.2978723263824314E-4
<2487,registrar0-0,transcript2-9,read> 1.935624514857615E-4
<2488,stu3-6,gradebook3-5,readMyScores> 3.687397772397788E-5
<2489,registrar0-1,transcript4-7,read> 1.9460760662989445E-4
<2490,admissions4-0,stu3-3application3-3,read> 1.7745977659590416E-4
<2491,registrar0-0,transcript2-6,read> 1.8382141807066763E-4
<2492,registrar4-1,transcript5-12,read> 3.482035128757864E-5
<2493,registrar0-0,transcript2-5,read> 1.84795521412177E-4
<2494,registrar4-1,transcript5-13,read> 3.130413068069833E-5
<2495,admissions2-1,stu5-10application5-10,read> 1.6444408042785307E-4
<2496,registrar0-0,transcript2-8,read> 1.857696247536864E-4
<2497,registrar4-1,transcript5-10,read> 3.716449835883219E-5
<2498,registrar0-0,transcript2-7,read> 1.8674372809519577E-4
<2499,registrar4-1,transcript5-11,read> 3.24762042163251E-5
<2500,registrar0-0,transcript2-2,read> 1.877178314367052E-4
<2501,registrar4-1,transcript5-16,read> 2.6615836538191245E-5
<2502,registrar0-0,transcript2-1,read> 1.8869193477821455E-4
<2503,registrar4-1,transcript5-17,read> 2.5443763002564478E-5
<2504,stu2-10,gradebook2-5,readMyScores> 1.54564109961192E-4
<2505,registrar4-1,transcript5-14,read> 3.013205714507156E-5
<2506,registrar0-0,transcript2-3,read> 1.9064014146123336E-4
<2507,registrar4-1,transcript5-15,read> 2.895998360944479E-5
<2508,registrar4-0,transcript5-19,read> 2.159084308826483E-5
<2509,fac4-1,gradebook4-3,assignGrade> 4.476947470062163E-4
<2510,registrar4-0,transcript5-18,read> 2.3898995578769758E-5
<2511,registrar0-0,transcript2-0,read> 2.2765606843859013E-4
<2512,registrar4-0,transcript5-17,read> 2.505307182402222E-5
<2513,admissions4-1,application4-3,read> 1.3796785845570077E-4
<2514,admissions0-1,stu4-16application4-16,setStatus> 1.910327088155776E-4
<2515,admissions2-1,application3-4,read> 1.1355791127234132E-4
<2516,admissions4-1,application4-2,read> 1.3508057875542164E-4
<2517,stu2-17,gradebook2-7,readScore> 1.704133325705162E-4
<2518,admissions2-1,application5-3,read> 1.7452962746768424E-4
<2519,stu3-7,gradebook3-1,readMyScores> 3.0846557481245624E-5
<2520,admissions2-1,application3-4,setStatus> 1.2904308099129697E-4
<2521,stu2-18,gradebook2-5,readMyScores> 1.3889000303555002E-4
<2522,admissions4-1,stu1-11application1-11,setStatus> 1.7209298907992828E-4
<2523,stu3-7,gradebook3-5,readMyScores> 3.630339392940956E-5
<2524,stu3-7,gradebook3-4,readMyScores> 5.585878845964932E-5
<2525,registrar0-1,transcript2-9,read> 1.9266839859206284E-4
<2526,stu3-7,gradebook3-9,readMyScores> 4.8662529217321607E-5
<2527,registrar4-0,transcript5-10,read> 3.6593834276546853E-5
<2528,registrar0-1,transcript0-12,read> 3.206561290889501E-4
<2529,registrar4-0,transcript5-11,read> 3.1977529295537E-5
<2530,stu2-13,stu2-13application2-13,checkStatus> 0.0011781288128009488
<2531,stu2-11,gradebook2-1,readMyScores> 1.3834860720179264E-4
<2532,fac3-0,gradebook3-1,changeScore> 4.599068880938695E-4
<2533,admissions2-0,stu5-10application5-10,read> 1.6989150338198486E-4
<2534,registrar0-1,transcript2-6,read> 1.8297235840290474E-4
<2535,registrar4-0,transcript5-12,read> 3.4285681786041924E-5
<2536,registrar4-0,transcript5-14,read> 2.9669376805032075E-5
<2537,admissions2-1,application5-2,read> 1.7361275955497232E-4
<2538,stu2-9,gradebook2-7,readMyScores> 1.7889771940174406E-4
<2539,registrar4-0,transcript5-15,read> 2.851530055977961E-5
<2540,registrar4-0,transcript5-16,read> 2.620714806927468E-5
<2541,registrar2-0,roster0-6,write> 1.4537491062232148E-4
<2542,stu2-11,gradebook2-6,readMyScores> 1.713863749227832E-4
<2543,admissions4-0,stu1-6application1-6,setStatus> 2.7510234803122284E-5
<2544,stu2-10,gradebook2-7,readMyScores> 1.3599291303558706E-4
<2545,admissions2-0,stu5-18application5-18,setStatus> 1.2255370515825765E-4
<2546,registrar0-1,transcript2-1,read> 1.8782037849748374E-4
<2547,admissions2-1,stu1-4application1-4,read> 1.781970991185319E-4
<2548,admissions4-0,application4-0,read> 1.287632702505647E-4
<2549,admissions4-0,application4-1,read> 1.3496968772595109E-4
<2550,admissions4-0,application4-3,read> 1.368793546414546E-4
<2551,admissions4-0,application4-4,read> 1.3640193791257874E-4
<2552,stu1-12,stu1-12application1-12,checkStatus> 0.0013757347966129889
<2553,registrar4-0,transcript2-2,read> 2.2240010976219343E-4
<2554,registrar2-0,roster0-8,write> 1.5433110598233614E-4
<2555,registrar0-1,transcript3-18,read> 3.342305853537714E-4
<2556,admissions4-1,stu3-3application3-3,read> 1.788709875429889E-4
<2557,registrar2-0,roster0-7,write> 1.448151484123206E-4
<2558,registrar4-0,transcript2-4,read> 2.2470826225269838E-4
<2559,stu3-4,gradebook3-2,readMyScores> 3.828362239173821E-5
<2560,registrar4-0,transcript2-3,read> 2.258623384979508E-4
<2561,registrar4-0,transcript4-14,read> 4.197471477003645E-4
<2562,registrar2-0,roster0-5,write> 1.4369562399231872E-4
<2563,registrar2-0,transcript3-14,read> 3.542497588185675E-4
<2564,registrar2-0,roster0-3,write> 1.4145657515231505E-4
<2565,registrar2-0,transcript3-19,read> 3.4616897544050343E-4
<2566,registrar4-0,transcript2-0,read> 2.6971723581754436E-4
<2567,registrar2-0,roster0-2,write> 1.4257609957231692E-4
<2568,admissions2-1,stu4-16application4-16,read> 1.378549109592073E-4
<2569,registrar2-0,roster0-1,write> 1.4033705073231324E-4
<2570,admissions2-1,stu0-10application0-10,read> 1.786555330748879E-4
<2571,stu3-4,gradebook3-5,readMyScores> 3.958425074817743E-5
<2572,registrar4-0,transcript2-9,read> 2.2932456723370818E-4
<2573,registrar4-0,transcript2-5,read> 2.1893788102643602E-4
<2574,admissions0-0,stu1-4application1-4,read> 2.1804241320714775E-4
<2575,registrar4-0,transcript2-8,read> 2.200919572716885E-4
<2576,stu3-5,gradebook3-3,readMyScores> 4.44673604153031E-5
<2577,registrar4-1,transcript2-4,read> 2.2821248466599583E-4
<2578,stu3-5,gradebook3-2,readMyScores> 3.7869745392908603E-5
<2579,stu3-5,gradebook3-5,readMyScores> 3.9156312902251184E-5
<2580,stu4-18,gradebook4-3,readScore> 7.0251450679183E-5
<2581,registrar4-1,transcript2-2,read> 2.2586833759474223E-4
<2582,registrar4-1,transcript2-0,read> 2.7392335255543984E-4
<2583,stu3-5,gradebook3-9,readMyScores> 5.248669654284787E-5
<2584,registrar4-1,transcript2-8,read> 2.235241905234887E-4
<2585,registrar4-0,transcript3-7,read> 9.083541780341261E-5
<2586,registrar4-1,transcript2-9,read> 2.3290077880850287E-4
<2587,admissions0-1,stu3-1application3-1,setStatus> 2.0437349934392053E-4
<2588,chair1,transcript1-17,read> 1.8684407725927212E-4
<2589,stu1-5,stu1-5application1-5,checkStatus> 0.0012478721012051982
<2590,admissions0-0,stu2-17application2-17,setStatus> 1.362247168335616E-4
<2591,registrar4-1,transcript2-7,read> 2.2469626405911545E-4
<2592,admissions2-0,stu4-5application4-5,read> 7.327298781011845E-5
<2593,admissions2-0,application2-0,setStatus> 5.5278112207704494E-5
<2594,admissions2-0,application2-1,setStatus> 5.581631695130893E-5
<2595,stu5-9,stu5-9application5-9,checkStatus> 3.005257670474774E-4
<2596,admissions0-0,stu5-11application5-11,read> 1.193168098855707E-4
<2597,admissions0-1,stu5-6application5-6,setStatus> 3.793125560935606E-5
<2598,stu2-14,gradebook2-2,readMyScores> 1.6003164816343228E-4
<2599,stu1-4,gradebook1-1,readScore> 8.23504894546044E-5
<2600,admissions4-1,stu2-9application2-9,setStatus> 1.9505998669578525E-4
<2601,stu3-2,gradebook3-6,readMyScores> 8.779384789091711E-5
<2602,stu2-14,gradebook2-6,readMyScores> 1.5185516410537203E-4
<2603,stu2-14,gradebook2-8,readMyScores> 1.1072898363625376E-4
<2604,admissions2-0,application2-4,setStatus> 6.227477387456204E-5
<2605,admissions2-0,application2-3,setStatus> 6.119836438735318E-5
<2606,admissions2-1,stu4-8application4-8,read> 7.596632685115248E-5
<2607,admissions2-0,application2-2,setStatus> 5.635452169491335E-5
<2608,stu2-14,gradebook2-1,readMyScores> 1.225823841588533E-4
<2609,registrar2-1,roster0-1,write> 1.4096216008969547E-4
<2610,admissions2-1,application2-2,setStatus> 5.454756308345321E-5
<2611,chair4,transcript4-3,read> 0.0011402338806292046
<2612,registrar0-0,transcript4-9,read> 1.9843296819330844E-4
<2613,registrar4-1,roster4-9,read> 1.1494876843931681E-4
<2614,admissions4-1,stu0-16application0-16,setStatus> 1.3053366006075852E-4
<2615,admissions0-0,stu5-6application5-6,setStatus> 3.80600544399481E-5
<2616,stu1-5,gradebook1-3,readScore> 8.471079658223101E-5
<2617,stu2-15,gradebook2-9,readMyScores> 2.305292650400641E-4
<2618,admissions2-0,stu2-9application2-9,read> 1.6894426303324105E-4
<2619,stu2-15,gradebook2-8,readMyScores> 1.1144106713230684E-4
<2620,stu3-3,gradebook3-9,readMyScores> 5.1339446345189986E-5
<2621,registrar2-1,roster0-4,write> 1.448979491698133E-4
<2622,admissions2-1,application2-4,setStatus> 6.027798753790273E-5
<2623,admissions2-1,application2-3,setStatus> 5.923609218254827E-5
<2624,registrar2-1,roster0-3,write> 1.4208667125544344E-4
<2625,stu3-3,gradebook3-2,readMyScores> 3.704199139524941E-5
<2626,registrar2-1,roster0-8,write> 1.5501854966154478E-4
<2627,registrar2-1,roster0-9,write> 1.5614306082729275E-4
<2628,admissions0-0,stu4-12application4-12,read> 1.8270313474544689E-4
<2629,registrar2-1,roster0-6,write> 1.4602246033556125E-4
<2630,registrar0-1,roster0-9,read> 2.0517579029439987E-4
<2631,admissions4-0,stu3-13application3-13,setStatus> 1.2896128968924617E-4
<2632,admissions2-1,stu2-9application2-9,setStatus> 1.8582637785811496E-4
<2633,registrar2-1,roster1-9,read> 2.1160430293172064E-4
<2634,registrar2-0,transcript2-13,read> 3.3808819206243936E-4
<2635,admissions2-0,stu1-4application1-4,read> 1.8410010861314168E-4
<2636,admissions0-0,application0-4,setStatus> 7.821832541915364E-5
<2637,admissions0-0,stu2-15application2-15,setStatus> 4.507181603949193E-5
<2638,stu2-12,gradebook2-5,readMyScores> 1.3714843559936755E-4
<2639,stu3-0,gradebook3-5,readMyScores> 4.0440126440029907E-5
<2640,stu3-0,gradebook3-7,readMyScores> 4.908938764525953E-5
<2641,admissions0-0,stu2-3application2-3,setStatus> 8.140548978258265E-5
<2642,stu3-0,gradebook3-1,readMyScores> 3.436148937498286E-5
<2643,stu3-0,gradebook3-3,readMyScores> 4.5925306658427775E-5
<2644,admissions4-0,stu0-16application0-16,setStatus> 1.2950380869933243E-4
<2645,admissions4-0,stu2-11application2-11,setStatus> 7.416686967053755E-5
<2646,admissions0-0,stu3-2application3-2,read> 5.5930485025694556E-5
<2647,admissions4-0,application5-2,setStatus> 2.0545647011140382E-4
<2648,stu1-3,gradebook1-3,readScore> 8.726122916750248E-5
<2649,admissions2-0,stu2-9application2-9,setStatus> 1.9198211708322847E-4
<2650,admissions0-1,stu2-15application2-15,setStatus> 4.4919288743249994E-5
<2651,admissions2-1,stu1-10application1-10,setStatus> 1.1289370298330285E-4
<2652,registrar4-1,transcript5-18,read> 2.4271689466937707E-5
<2653,stu2-12,gradebook2-8,readMyScores> 1.1215315062835992E-4
<2654,registrar4-1,transcript5-19,read> 2.1927542395684165E-5
<2655,stu2-13,gradebook2-3,readMyScores> 1.3743876375302535E-4
<2656,registrar4-1,transcript0-12,read> 3.876144855112366E-4
<2657,stu2-13,gradebook2-2,readMyScores> 1.6311907545918982E-4
<2658,admissions0-0,stu3-3application3-3,setStatus> 2.3693911071791834E-4
<2659,registrar0-0,transcript2-18,read> 3.367556426876417E-4
<2660,admissions4-1,stu3-4application3-4,setStatus> 5.3977001341235284E-5
<2661,admissions4-1,stu2-11application2-11,setStatus> 7.475666585082017E-5
<2662,registrar2-0,roster2-8,read> 1.429346972380987E-4
<2663,registrar2-0,roster2-9,read> 1.4370437027684999E-4
<2664,admissions2-1,stu1-6application1-6,setStatus> 2.641638848888283E-5
<2665,stu2-18,gradebook2-1,readMyScores> 1.2573562876744116E-4
<2666,stu2-18,gradebook2-4,readMyScores> 1.5890418400943382E-4
<2667,registrar2-1,roster2-6,read> 1.4125207312461487E-4
<2668,registrar2-1,roster1-1,write> 1.5108276058142697E-4
<2669,registrar2-1,roster2-5,read> 1.041432046549327E-4
<2670,admissions4-0,stu3-4application3-4,setStatus> 5.355114728726104E-5
<2671,stu5-4,gradebook5-3,addScore> 1.6975306095832462E-4
<2672,admissions2-1,stu2-15application2-15,setStatus> 3.683534204242742E-5
<2673,registrar2-1,roster2-8,read> 1.4357137740397E-4
<2674,registrar2-1,roster2-2,read> 1.0337010322848097E-4
<2675,registrar2-1,roster2-1,read> 1.1187421891944982E-4
<2676,admissions0-1,stu5-2application5-2,read> 1.5916410134632407E-4
<2677,registrar2-1,roster2-4,read> 1.0491630608138444E-4
<2678,registrar2-1,roster2-3,read> 1.0105079894912585E-4
<2679,admissions4-0,stu1-15application1-15,setStatus> 1.512045691027814E-4
<2680,registrar2-0,roster2-6,read> 1.4062567812184496E-4
<2681,stu2-19,gradebook2-8,readMyScores> 1.150014846125722E-4
<2682,admissions4-0,stu5-17application5-17,read> 1.2016976913079891E-4
<2683,chair0,transcript0-13,read> 0.0018220184493181679
<2684,registrar2-0,roster2-4,read> 1.044510453005357E-4
<2685,registrar2-0,roster2-3,read> 1.0060268010677939E-4
<2686,registrar2-0,roster2-1,read> 1.1137810264929705E-4
<2687,admissions2-1,stu3-10application3-10,read> 4.662655364437093E-5
<2688,registrar0-1,roster0-1,read> 1.8522771645932545E-4
<2689,registrar0-1,roster0-2,read> 1.8818298665711425E-4
<2690,registrar0-1,roster0-5,read> 1.8966062175600868E-4
<2691,registrar0-1,roster0-6,read> 1.9187707440435027E-4
<2692,registrar2-0,roster5-4,read> 1.1368712176555083E-4
<2693,registrar0-1,roster0-7,read> 1.9113825685490305E-4
<2694,registrar0-1,roster0-8,read> 2.0369815519550547E-4
<2695,registrar0-0,roster0-9,read> 2.0612788212871267E-4
<2696,admissions0-0,application2-4,setStatus> 7.375629531035301E-5
<2697,registrar4-1,transcript3-17,read> 4.06367662081265E-4
<2698,admissions2-1,stu5-6application5-6,read> 2.7372327477420542E-5
<2699,registrar0-0,roster0-8,read> 2.0464339025441736E-4
<2700,admissions0-1,stu4-12application4-12,read> 1.8208485002549614E-4
<2701,stu2-16,gradebook2-8,readMyScores> 1.1642565160467837E-4
<2702,stu1-6,gradebook1-1,readScore> 8.377956519351292E-5
<2703,stu2-16,gradebook2-5,readMyScores> 1.4237313790791488E-4
<2704,stu2-16,gradebook2-7,readMyScores> 1.2526671144404776E-4
<2705,admissions0-0,application2-2,setStatus> 6.674453371080919E-5
<2706,registrar2-1,roster2-9,read> 1.443444788304217E-4
<2707,admissions2-0,stu3-10application3-10,read> 4.817111856840806E-5
<2708,registrar0-0,roster0-3,read> 1.8757173370002135E-4
<2709,admissions2-0,stu1-6application1-6,setStatus> 2.7291465540274394E-5
<2710,registrar0-0,roster0-1,read> 1.8608724182572604E-4
<2711,stu2-17,gradebook2-3,readMyScores> 1.435086145181432E-4
<2712,admissions2-0,stu5-6application5-6,read> 2.827907124478851E-5
<2713,stu2-17,gradebook2-2,readMyScores> 1.7032307248262404E-4
<2714,admissions0-0,stu5-2application5-2,read> 1.5970455669894314E-4
<2715,registrar2-1,transcript1-1,read> 2.675577484444023E-4
<2716,registrar2-1,transcript1-2,read> 3.152438189524266E-4
<2717,admissions4-0,stu1-10application1-10,setStatus> 1.1756839047743547E-4
<2718,registrar0-0,transcript5-0,read> 2.841540622461347E-4
<2719,registrar4-0,roster2-9,write> 1.1940934108446899E-4
<2720,admissions0-0,stu4-0application4-0,setStatus> 7.566859392841043E-5
<2721,admissions0-1,stu1-4application1-4,read> 2.1730453702032153E-4
<2722,registrar4-0,roster2-3,write> 8.359453313590253E-5
<2723,registrar4-0,roster2-1,write> 9.254823512304416E-5
<2724,registrar4-0,roster2-2,write> 8.551318356171858E-5
<2725,registrar4-0,roster2-7,write> 1.1749069065865291E-4
<2726,stu0-7,transcript0-7,read> 5.496107137800086E-4
<2727,admissions2-1,stu5-8application5-8,setStatus> 1.9937101747772294E-4
<2728,registrar2-1,transcript1-5,read> 3.1422922170757495E-4
<2729,registrar2-1,transcript1-8,read> 3.091562354833171E-4
<2730,admissions4-1,stu2-9application2-9,read> 1.71652788292291E-4
<2731,registrar2-1,transcript1-7,read> 3.1220002721787184E-4
<2732,registrar2-0,transcript1-2,read> 3.1384584192824727E-4
<2733,registrar2-0,transcript1-3,read> 3.1485593985050537E-4
<2734,registrar2-0,transcript1-0,read> 2.683914354266371E-4
<2735,admissions2-0,stu5-0application5-0,setStatus> 1.3116498105592844E-4
<2736,admissions4-0,stu3-11application3-11,setStatus> 1.3384396078002222E-4
<2737,registrar0-0,transcript0-9,read> 1.1368597748199162E-4
<2738,admissions0-1,stu3-5application3-5,read> 1.2170824374865258E-4
<2739,admissions0-1,stu0-13application0-13,read> 1.8432102062834217E-4
<2740,admissions2-0,stu5-8application5-8,setStatus> 2.0597544041694356E-4
<2741,admissions2-0,stu5-11application5-11,setStatus> 1.1448063400419126E-4
<2742,registrar2-0,transcript1-7,read> 3.108155481614733E-4
<2743,registrar2-0,transcript1-6,read> 3.098054502392153E-4
<2744,admissions4-1,stu2-3application2-3,setStatus> 6.983516636170795E-5
<2745,admissions0-0,application2-1,setStatus> 6.61071008381234E-5
<2746,admissions0-0,application2-0,setStatus> 6.546966796543759E-5
<2747,registrar0-0,transcript4-10,read> 3.2993691929707593E-4
<2748,registrar2-0,transcript2-10,read> 3.350578982956653E-4
<2749,admissions0-1,stu1-17application1-17,read> 6.692206397892419E-5
<2750,admissions0-0,application2-3,setStatus> 7.248142956498143E-5
<2751,registrar4-0,transcript0-11,read> 3.7358409789026614E-4
<2752,fac3-1,gradebook3-3,assignGrade> 1.763138339472564E-4
<2753,admissions4-1,stu5-7application5-7,read> 8.521485226518359E-6
<2754,admissions2-1,stu5-11application5-11,setStatus> 1.1080991227259395E-4
<2755,admissions4-1,stu4-7application4-7,setStatus> 4.085300270360273E-5
<2756,admissions0-1,stu4-0application4-0,setStatus> 7.541252423660533E-5
<2757,admissions0-1,application2-4,setStatus> 7.350669701827061E-5
<2758,admissions4-1,stu2-8application2-8,read> 1.8945767977734588E-4
<2759,stu2-1,gradebook2-7,readMyScores> 1.857931347105907E-4
<2760,admissions0-1,application2-3,setStatus> 7.223614553938082E-5
<2761,admissions0-1,application2-2,setStatus> 6.651866388437669E-5
<2762,registrar4-1,roster2-6,write> 1.1867338052477218E-4
<2763,admissions2-0,stu1-2application1-2,setStatus> 1.683011083646338E-4
<2764,registrar4-1,roster2-7,write> 1.1932290415820305E-4
<2765,registrar2-1,transcript5-1,read> 2.929226795656918E-4
<2766,admissions4-1,stu4-5application4-5,setStatus> 8.459966482904457E-5
<2767,registrar4-1,roster2-8,write> 1.2062195142506487E-4
<2768,registrar4-1,roster2-9,write> 1.212714750584958E-4
<2769,registrar4-1,roster2-2,write> 8.684672248665767E-5
<2770,admissions4-0,stu5-7application5-7,read> 8.454254573843658E-6
<2771,registrar4-1,roster2-3,write> 8.489815158636496E-5
<2772,registrar4-1,roster2-4,write> 8.81457697535195E-5
<2773,registrar4-1,roster2-1,write> 9.399148245439768E-5
<2774,admissions0-1,application2-0,setStatus> 6.524811240548688E-5
<2775,admissions4-1,stu5-11application5-11,setStatus> 1.1631599486998991E-4
<2776,admissions4-0,stu4-5application4-5,setStatus> 8.393221185208959E-5
<2777,admissions2-1,stu0-11application0-11,setStatus> 1.748864766268931E-4
<2778,admissions0-1,stu4-13application4-13,read> 1.9997421484826462E-4
<2779,admissions4-0,stu5-11application5-11,setStatus> 1.1539831443709058E-4
<2780,admissions0-1,stu5-0application5-0,setStatus> 1.5482199166721815E-4
<2781,admissions4-1,stu2-0application2-0,setStatus> 1.092071622746056E-4
<2782,admissions4-0,stu2-0application2-0,setStatus> 1.0834556730596965E-4
<2783,admissions4-0,stu2-3application2-3,setStatus> 6.928419857976154E-5
<2784,admissions2-0,stu0-11application0-11,setStatus> 1.8067981746753555E-4
<2785,admissions0-1,stu2-3application2-3,read> 7.139440518461632E-5
<2786,admissions2-1,stu0-9application0-9,setStatus> 1.1393559833865732E-4
<2787,admissions0-1,stu4-2application4-2,read> 1.0493696422730716E-4
<2788,admissions0-0,stu2-3application2-3,read> 7.163683100867273E-5
<2789,admissions0-0,stu1-18application1-18,read> 1.2548716009316924E-4
<2790,stu1-0,gradebook1-2,readScore> 8.316340385753985E-5
<2791,admissions2-0,stu3-6application3-6,setStatus> 2.0166980246810815E-4
<2792,registrar4-0,roster0-5,write> 1.641778510201771E-4
<2793,admissions2-0,stu1-4application1-4,setStatus> 2.092046688785701E-4
<2794,admissions4-1,stu5-3application5-3,setStatus> 1.589689904422957E-4
<2795,registrar0-1,transcript3-14,read> 3.4004820946726636E-4
<2796,admissions2-1,stu1-16application1-16,setStatus> 1.1549844137168902E-4
<2797,admissions2-1,stu2-13application2-13,setStatus> 1.0560043549582167E-4
<2798,admissions2-1,stu3-8application3-8,setStatus> 1.6498847075102578E-4
<2799,admissions2-1,stu1-7application1-7,setStatus> 3.214681294333235E-5
<2800,admissions0-0,stu4-2application4-2,read> 1.0529328668648305E-4
<2801,admissions2-1,stu5-1application5-1,read> 2.7830761433776504E-5
<2802,admissions2-0,stu1-16application1-16,setStatus> 1.1932447669663109E-4
<2803,admissions2-0,stu2-13application2-13,setStatus> 1.0909858656814702E-4
<2804,admissions2-1,stu1-7application1-7,read> 2.828919539013246E-5
<2805,registrar0-1,roster4-6,read> 1.0765187376736932E-4
<2806,admissions0-0,stu2-12application2-12,setStatus> 6.738196658349499E-5
<2807,admissions2-0,stu3-8application3-8,setStatus> 1.704539273390515E-4
<2808,admissions2-1,stu5-7application5-7,read> 8.118101310470153E-6
<2809,admissions0-0,application0-3,read> 6.939306729681872E-5
<2810,admissions0-0,application0-2,read> 6.771024451292818E-5
<2811,admissions0-0,application0-0,read> 7.051494915274572E-5
<2812,registrar0-1,transcript0-1,read> 1.6648909008133586E-4
<2813,registrar0-1,transcript0-0,read> 1.732763182137466E-4
<2814,admissions2-1,stu1-15application1-15,setStatus> 1.4519245899929106E-4
<2815,admissions2-1,stu3-2application3-2,read> 4.570968573165901E-5
<2816,admissions0-0,application0-4,read> 6.88321263688552E-5
<2817,admissions2-1,stu1-16application1-16,read> 1.0163862840708631E-4
<2818,registrar0-1,transcript4-14,read> 3.5265306171317176E-4
<2819,admissions2-0,stu5-1application5-1,read> 2.8752691419160402E-5
<2820,admissions4-1,stu1-5application1-5,setStatus> 1.1740966142312596E-4
<2821,registrar0-1,transcript0-5,read> 1.0831284894638719E-4
<2822,registrar0-1,transcript0-6,read> 1.0637364090855556E-4
<2823,registrar2-0,transcript1-10,read> 4.6169892529876264E-5
<2824,admissions4-0,application4-1,setStatus> 1.5337464514312624E-4
<2825,admissions2-0,stu1-7application1-7,read> 2.9226311593532295E-5
<2826,registrar0-1,transcript0-9,read> 1.1316086904096624E-4
<2827,admissions2-0,stu4-6application4-6,read> 5.574904135835838E-5
<2828,admissions0-1,application0-2,read> 6.74811066296357E-5
<2829,admissions0-1,application0-1,read> 6.804014928034723E-5
<2830,admissions0-1,application0-4,read> 6.859919193105875E-5
<2831,admissions0-1,application0-3,read> 6.915823458177025E-5
<2832,registrar0-0,transcript0-1,read> 1.6726166126500798E-4
<2833,registrar0-0,transcript0-0,read> 1.7408038465557374E-4
<2834,admissions2-1,stu3-6application3-6,setStatus> 1.952034360563051E-4
<2835,admissions4-0,stu2-1application2-1,read> 1.0727951745115022E-4
<2836,admissions2-0,stu1-16application1-16,read> 1.0500553949303534E-4
<2837,admissions4-0,stu5-3application5-3,setStatus> 1.5771479722381606E-4
<2838,admissions2-1,stu0-1application0-1,read> 1.4077742743097655E-5
<2839,registrar0-0,transcript0-5,read> 1.0881546077444468E-4
<2840,admissions4-1,stu4-14application4-14,read> 1.50960617106957E-4
<2841,registrar0-1,transcript2-18,read> 3.352001893726872E-4
<2842,registrar0-0,transcript0-6,read> 1.068672540914259E-4
<2843,registrar0-0,transcript0-4,read> 1.0394494406689774E-4
<2844,registrar0-0,transcript0-7,read> 1.1173777079897284E-4
<2845,admissions2-1,stu4-6application4-6,read> 5.396149694606632E-5
<2846,admissions2-0,stu1-1application1-1,setStatus> 2.1135748785298781E-4
<2847,registrar0-0,transcript0-8,read> 1.0978956411595407E-4
<2848,admissions0-1,application0-0,read> 7.027631988319327E-5
<2849,registrar0-1,transcript4-19,read> 3.5556187376991927E-4
<2850,registrar4-1,transcript0-17,read> 3.747216766193421E-4
<2851,registrar2-1,transcript2-18,read> 3.507547225222319E-4
<2852,registrar2-1,transcript2-15,read> 3.426379445634193E-4
<2853,registrar0-1,transcript4-16,read> 3.5459226975100347E-4
<2854,admissions2-1,stu2-4application2-4,read> 2.920606330284439E-5
<2855,registrar4-1,transcript0-13,read> 3.8527033843998307E-4
<2856,registrar2-1,transcript0-19,read> 3.223459996663877E-4
<2857,admissions2-0,stu0-1application0-1,read> 1.4544086188003583E-5
<2858,admissions4-0,stu4-7application4-7,setStatus> 4.0530691045191664E-5
<2859,admissions2-1,stu0-5application0-5,setStatus> 1.6811415681708918E-4
<2860,stu5-3,gradebook5-2,readScore> 7.570201136001743E-5
<2861,admissions2-0,application4-4,setStatus> 1.537695802873143E-4
<2862,admissions0-0,stu3-8application3-8,setStatus> 2.018803027201993E-4
<2863,registrar2-1,roster0-9,read> 2.146967086375275E-4
<2864,registrar2-1,transcript0-14,read> 3.324919721149034E-4
<2865,registrar2-0,transcript2-16,read> 3.441487795959874E-4
<2866,registrar2-0,transcript2-17,read> 3.4717907336276137E-4
<2867,registrar4-0,transcript0-17,read> 3.689677929092562E-4
<2868,registrar2-0,transcript2-18,read> 3.491992692072774E-4
<2869,registrar0-0,transcript4-19,read> 3.572118128593389E-4
<2870,registrar2-0,transcript2-12,read> 3.3707809414018137E-4
<2871,registrar2-0,transcript2-14,read> 3.401083879069554E-4
<2872,registrar4-0,transcript0-14,read> 3.782004028712759E-4
<2873,registrar4-1,transcript0-10,read> 3.805820442974759E-4
<2874,registrar0-1,transcript4-12,read> 3.4974424965642436E-4
<2875,stu5-5,gradebook5-9,readScore> 4.322966998927509E-5
<2876,admissions2-1,stu2-8application2-8,read> 1.8048926890031173E-4
<2877,admissions4-1,stu2-5application2-5,setStatus> 1.4803232491093527E-4
<2878,admissions2-0,stu2-4application2-4,read> 3.0173551942276088E-5
<2879,admissions4-1,stu4-19application4-19,setStatus> 6.928833308513995E-5
<2880,admissions2-0,stu2-8application2-8,read> 1.8646820948500114E-4
<2881,stu5-4,gradebook5-3,readScore> 6.254060140569854E-5
<2882,registrar4-1,transcript0-0,read> 2.0945930809596747E-4
<2883,stu1-2,gradebook1-8,readMyScores> 7.548034001125284E-5
<2884,registrar4-1,transcript0-3,read> 1.2624208706646676E-4
<2885,registrar4-1,transcript0-5,read> 1.3093038120897386E-4
<2886,stu1-2,gradebook1-5,readMyScores> 5.9847565447423386E-5
<2887,registrar4-1,transcript0-7,read> 1.3444660181585416E-4
<2888,chair1,transcript1-5,read> 0.0017167021338296289
<2889,registrar4-1,roster1-3,write> 1.7063527119924485E-4
<2890,admissions0-1,stu5-19application5-19,read> 3.505663288836787E-5
<2891,stu2-7,gradebook2-9,readMyScores> 3.380604877105094E-4
<2892,admissions2-0,application3-0,read> 1.1637242367796081E-4
<2893,admissions0-1,stu2-10application2-10,read> 1.3568431001644045E-4
<2894,admissions2-0,stu3-6application3-6,read> 1.7746942617193518E-4
<2895,admissions0-1,stu5-14application5-14,read> 3.6174718189790905E-5
<2896,admissions2-0,application3-1,read> 1.1589880350358893E-4
<2897,admissions2-0,stu5-17application5-17,setStatus> 1.3547061900476387E-4
<2898,stu3-0,gradebook3-6,readScore> 2.9859088693962764E-5
<2899,admissions2-0,application3-3,read> 1.177932842010765E-4
<2900,admissions4-1,stu1-19application1-19,read> 4.268762834648845E-5
<2901,registrar4-0,transcript0-1,read> 1.9816450861189164E-4
<2902,registrar4-0,transcript0-2,read> 2.0162673734764908E-4
<2903,stu1-3,gradebook1-9,readMyScores> 6.0814577448453546E-5
<2904,registrar4-0,transcript0-3,read> 1.2430362891573406E-4
<2905,registrar4-0,transcript0-4,read> 1.2314955267048161E-4
<2906,stu1-3,gradebook1-5,readMyScores> 6.0098498635882184E-5
<2907,admissions2-1,stu1-12application1-12,read> 1.0851513775242576E-4
<2908,admissions2-1,stu0-8application0-8,setStatus> 1.5092288345374059E-4
<2909,admissions0-0,application4-0,read> 1.5129044277949053E-4
<2910,admissions0-0,stu5-14application5-14,read> 3.629755254697186E-5
<2911,registrar4-0,transcript0-8,read> 1.3007401014199636E-4
<2912,registrar2-0,transcript0-10,read> 3.279872128398593E-4
<2913,admissions2-1,application3-0,read> 1.1264104335962943E-4
<2914,registrar4-0,transcript0-7,read> 1.323821626325013E-4
<2915,stu3-1,gradebook3-6,readScore> 2.9648442565610296E-5
<2916,admissions0-0,stu0-9application0-9,read> 1.2268245545335175E-4
<2917,stu1-4,gradebook1-7,readMyScores> 1.5230203776914683E-4
<2918,admissions2-1,stu3-16application3-16,setStatus> 3.6314394364750184E-5
<2919,stu1-4,gradebook1-9,readMyScores> 5.852926973640311E-5
<2920,stu1-4,gradebook1-3,readMyScores> 9.742418361651696E-5
<2921,admissions2-1,stu1-19application1-19,setStatus> 4.621240024061754E-5
<2922,admissions2-1,stu2-19application2-19,read> 1.0622296797064594E-4
<2923,stu3-2,gradebook3-9,readScore> 8.095491284264097E-5
<2924,admissions2-1,stu0-14application0-14,read> 1.0759826983971384E-4
<2925,admissions0-1,stu0-8application0-8,setStatus> 1.8404467568168366E-4
<2926,registrar4-1,roster0-6,write> 1.686867002989521E-4
<2927,admissions4-1,stu4-18application4-18,setStatus> 1.0777172492361456E-5
<2928,admissions0-0,stu5-19application5-19,read> 3.517567069104485E-5
<2929,stu1-5,gradebook1-4,readMyScores> 1.2917026195011734E-4
<2930,stu1-5,gradebook1-5,readMyScores> 5.834196631667059E-5
<2931,admissions0-1,application2-0,read> 5.7418338916828445E-5
<2932,admissions0-1,stu0-19application0-19,read> 1.105273907344223E-4
<2933,admissions0-0,stu0-7application0-7,setStatus> 1.3749958257893322E-4
<2934,admissions4-0,stu1-19application1-19,read> 4.2350842324030946E-5
<2935,admissions2-1,stu0-15application0-15,read> 1.0805670379606977E-4
<2936,admissions2-0,stu2-19application2-19,read> 1.0974174123675429E-4
<2937,admissions4-0,stu4-16application4-16,read> 1.4356318884571693E-4
<2938,fac5-4,gradebook5-8,changeScore> 3.698486295380072E-4
<2939,admissions4-0,stu4-18application4-18,setStatus> 1.069214549044933E-5
<2940,admissions0-0,stu5-10application5-10,setStatus> 2.2865248337300295E-4
<2941,admissions0-1,stu0-7application0-7,setStatus> 1.3703427096276087E-4
<2942,admissions2-0,stu3-2application3-2,read> 4.722387821966428E-5
<2943,registrar2-1,roster1-5,write> 1.4995824941567903E-4
<2944,registrar2-1,roster1-8,write> 1.5333178291292287E-4
<2945,admissions2-1,stu1-11application1-11,setStatus> 1.6394657539567134E-4
<2946,registrar2-1,roster1-3,write> 1.4770922708418315E-4
<2947,admissions4-1,stu4-4application4-4,setStatus> 1.5021965801720734E-4
<2948,registrar2-1,transcript0-18,read> 3.233605969112392E-4
<2949,admissions2-0,stu0-14application0-14,read> 1.1116260175986999E-4
<2950,registrar2-0,roster1-9,write> 1.5321158156233434E-4
<2951,admissions0-1,stu3-15application3-15,read> 1.574869733941895E-4
<2952,registrar2-0,roster1-2,write> 1.498530083023288E-4
<2953,stu3-6,gradebook3-3,readScore> 4.3985165934346626E-5
<2954,registrar4-0,transcript3-1,read> 8.275688408664538E-5
<2955,stu0-3,gradebook0-8,readMyScores> 2.4381089933331367E-5
<2956,admissions4-1,stu0-19application0-19,setStatus> 1.0811349572146956E-4
<2957,registrar4-0,transcript3-0,read> 8.391096033189784E-5
<2958,registrar2-0,roster1-6,write> 1.4817372167232604E-4
<2959,registrar4-0,transcript3-3,read> 8.50650365771503E-5
<2960,registrar4-0,transcript3-2,read> 8.737318906765524E-5
<2961,registrar4-0,transcript3-4,read> 8.968134155816014E-5
<2962,registrar4-0,transcript3-5,read> 8.852726531290769E-5
<2963,stu5-7,stu5-7application5-7,checkStatus> 1.0291978323543747E-4
<2964,registrar4-0,transcript3-6,read> 9.198949404866507E-5
<2965,registrar4-0,transcript3-8,read> 7.929465535088797E-5
<2966,registrar4-0,transcript3-9,read> 7.814057910563551E-5
<2967,admissions4-0,stu4-4application4-4,setStatus> 1.4903449306243648E-4
<2968,admissions2-0,stu0-8application0-8,setStatus> 1.55922399261732E-4
<2969,admissions4-0,stu3-10application3-10,read> 4.855725979941734E-5
<2970,stu0-5,transcript0-5,read> 5.352365868667646E-4
<2971,stu1-1,gradebook1-1,readMyScores> 6.878250320884066E-5
<2972,registrar4-1,transcript3-0,read> 8.521951331952977E-5
<2973,stu3-7,gradebook3-6,readScore> 2.680471983285194E-5
<2974,registrar4-1,transcript3-4,read> 9.107988099766362E-5
<2975,registrar4-1,transcript3-3,read> 8.639158685515655E-5
<2976,stu1-1,gradebook1-8,readMyScores> 7.516386059820774E-5
<2977,registrar4-1,transcript3-2,read> 8.87357339264101E-5
<2978,registrar4-1,roster1-6,read> 2.3640968789089662E-4
<2979,registrar4-1,transcript3-1,read> 8.4047439783903E-5
<2980,registrar4-1,transcript3-7,read> 9.22519545332904E-5
<2981,registrar4-1,transcript3-8,read> 8.053121917702269E-5
<2982,registrar4-1,transcript3-5,read> 8.990780746203685E-5
<2983,admissions2-0,application5-2,setStatus> 2.038226214425259E-4
<2984,registrar4-1,transcript3-6,read> 9.342402806891718E-5
<2985,admissions0-0,stu2-10application2-10,read> 1.3614503772447592E-4
<2986,registrar4-1,transcript3-9,read> 7.935914564139593E-5
<2987,admissions4-1,stu3-10application3-10,read> 4.894340103042663E-5
<2988,admissions0-0,stu4-15application4-15,read> 1.3298974500468117E-5
<2989,admissions2-0,application1-1,setStatus> 2.2447622847834568E-5
<2990,admissions2-0,application1-2,setStatus> 2.3524032335043416E-5
<2991,stu0-12,stu0-12application0-12,checkStatus> 5.853108613648291E-4
<2992,admissions0-0,stu2-17application2-17,read> 1.198777508135342E-4
<2993,admissions2-0,application1-0,setStatus> 2.1371213360625716E-5
<2994,admissions4-1,application5-0,read> 1.8079584067650834E-4
<2995,registrar4-0,roster3-3,read> 1.4484145219749957E-4
<2996,admissions4-1,application5-2,read> 1.8223948052664796E-4
<2997,admissions2-0,stu4-1application4-1,setStatus> 1.9521134554485508E-4
<2998,admissions2-0,application1-4,setStatus> 1.545096118097704E-5
<2999,admissions2-0,application1-3,setStatus> 2.4062237078647845E-5
<3000,admissions0-1,stu4-15application4-15,read> 1.3253969510618817E-5
<3001,admissions0-1,stu2-12application2-12,setStatus> 6.715393962382159E-5
<3002,admissions2-1,application1-0,setStatus> 2.068596403443331E-5
<3003,admissions2-1,application1-1,setStatus> 2.1727859389787768E-5
<3004,registrar2-0,transcript4-2,read> 2.1384614762470487E-4
<3005,admissions0-1,stu2-17application2-17,read> 1.1947207314580652E-4
<3006,admissions0-1,stu1-5application1-5,setStatus> 1.3639899522331598E-4
<3007,admissions2-1,application1-2,setStatus> 2.2769754745142223E-5
<3008,admissions4-1,stu5-16application5-16,setStatus> 1.4256399214525504E-4
<3009,admissions4-0,application5-4,read> 1.8318877734241468E-4
<3010,admissions2-1,application1-3,setStatus> 2.3290702422819456E-5
<3011,admissions4-0,application5-1,read> 1.7984686024028355E-4
<3012,admissions2-0,stu1-3application1-3,read> 1.3105464908348954E-4
<3013,admissions2-1,application1-4,setStatus> 1.4955539579983789E-5
<3014,admissions4-0,stu5-11application5-11,read> 1.015505167046397E-4
<3015,registrar4-0,roster3-9,read> 1.5011774086849376E-4
<3016,admissions0-0,stu4-19application4-19,setStatus> 8.076805690989686E-5
<3017,admissions0-0,stu1-0application1-0,setStatus> 2.3502681209986096E-4
<3018,registrar4-1,roster3-1,read> 1.4352780831027677E-4
<3019,registrar4-1,roster3-5,read> 1.4888637828608175E-4
<3020,admissions0-1,stu1-9application1-9,setStatus> 1.9293853603391227E-4
<3021,registrar4-1,roster3-2,read> 1.4174161831834176E-4

