<0,fac1-1,roster1-3,read> 0.0028508647239814796
<1,stu1-0,transcript1-0,read> 0.001357372938830353
<2,chair1,transcript1-9,read> 0.0018066878514997207
<3,stu4-7,transcript4-7,read> 0.0010253199696323996
<4,stu2-3,gradebook2-4,readMyScores> 1.5083110021254413E-4
<5,chair3,transcript3-8,read> 4.060553723760446E-4
<6,admissions2-1,application5-3,read> 1.8608139481370982E-4
<7,stu5-8,transcript5-8,read> 0.001531062184256975
<8,registrar2-1,transcript1-1,read> 2.8526686125522556E-4
<9,registrar0-0,roster3-5,read> 1.319285927013972E-4
<10,fac0-3,roster0-7,read> 0.002807457426042983
<11,stu3-4,stu3-4application3-4,checkStatus> 6.116581749878232E-4
<12,admissions2-1,stu4-12application4-12,read> 1.5919867169298125E-4
<13,stu2-5,stu2-5application2-5,checkStatus> 0.001677477063273908
<14,chair5,transcript5-8,read> 0.001771228801395324
<15,chair0,transcript0-12,read> 0.0019544338936013745
<16,chair0,transcript0-9,read> 6.897277732112196E-4
<17,fac4-4,roster4-8,read> 0.0014292757164957109
<18,chair4,transcript4-12,read> 0.002131729144123359
<19,admissions2-0,stu2-13application2-13,read> 1.0236125155779833E-4
<20,chair0,transcript0-4,read> 6.306293563705581E-4
<21,app0-1,application0-1,checkStatus> 7.541804681888695E-4
<22,stu2-12,gradebook2-3,readMyScores> 1.1568242706365829E-4
<23,stu3-12,transcript3-12,read> 0.001801813066833768
<24,stu5-3,transcript5-3,read> 0.0014953026337279646
<25,chair0,transcript0-19,read> 0.0018776059517085146
<26,registrar4-1,transcript2-18,read> 4.3201467500350506E-4
<27,admissions2-0,stu2-9application2-9,read> 1.801263462664566E-4
<28,registrar4-0,roster3-3,read> 1.544282185369614E-4
<29,registrar2-1,transcript5-5,read> 3.188011549467862E-4
<30,stu0-17,gradebook0-8,readMyScores> 1.8942992802722773E-5
<31,stu4-16,transcript4-16,read> 0.001868223660673359
<32,chair4,transcript4-10,read> 0.0020017126270739033
<33,fac3-3,roster3-7,read> 0.0018307932224268058
<34,stu3-15,stu3-15application3-15,checkStatus> 0.001745639899152669
<35,registrar4-0,transcript4-17,read> 4.487598350320211E-4
<36,registrar2-1,transcript4-0,read> 2.2685228514734556E-4
<37,stu3-17,transcript3-17,read> 0.001771162023523188
<38,admissions0-0,application5-1,read> 2.2529738305899626E-4
<39,fac1-2,roster1-5,read> 0.0028942720219199765
<40,fac0-4,roster0-8,read> 0.002991938442281594
<41,registrar0-0,roster4-3,write> 1.0458123519498182E-4
<42,admissions2-1,stu1-19application1-19,setStatus> 4.927110668391111E-5
<43,admissions0-1,stu4-3application4-3,read> 2.3287957930251166E-4
<44,registrar4-0,transcript5-2,read> 3.6139701555360637E-4
<45,fac2-1,gradebook2-2,addScore> 0.00154843239282268
<46,registrar2-1,transcript4-16,read> 3.956055050145544E-4
<47,fac2-3,roster2-7,read> 0.0019935705896961687
<48,registrar4-1,transcript0-14,read> 4.0952096166115064E-4
<49,admissions0-0,stu2-15application2-15,read> 4.2288425954110903E-5
<50,stu4-3,transcript4-3,read> 0.0010508625057245498
<51,stu4-15,stu4-15application4-15,checkStatus> 1.4691156672354218E-4
<52,stu3-8,stu3-8application3-8,checkStatus> 0.001962521649676
<53,registrar4-0,roster0-8,write> 1.8800018803837335E-4
<54,stu4-4,stu4-4application4-4,checkStatus> 0.0017022635490480027
<55,registrar0-1,transcript5-2,read> 3.0362985127408256E-4
<56,stu2-10,gradebook2-3,addScore> 5.679373815623016E-4
<57,registrar2-0,transcript5-0,read> 3.1415653973977436E-4
<58,stu5-10,stu5-10application5-10,checkStatus> 0.0022227797503039976
<59,chair2,transcript2-14,read> 0.001989892943705771
<60,fac0-1,roster0-2,read> 0.0027640501281044863
<61,chair0,transcript0-18,read> 0.0018835157933925807
<62,registrar2-1,transcript4-10,read> 3.663982169606144E-4
<63,registrar2-1,roster4-6,write> 8.734779739590842E-5
<64,admissions4-0,stu1-2application1-2,read> 1.5917354134763342E-4
<65,admissions4-1,application5-3,setStatus> 2.2196326738789496E-4
<66,admissions2-0,stu0-13application0-13,setStatus> 1.8919568896030514E-4
<67,registrar2-1,transcript5-7,read> 3.209646577655966E-4
<68,chair5,transcript5-6,read> 0.0017594091180271917
<69,app5-3,application5-3,checkStatus> 0.00235910542206152
<70,stu3-3,stu3-3application3-3,checkStatus> 0.002303335829069806
<71,stu3-15,transcript3-15,read> 0.001786487545178478
<72,chair1,transcript1-2,read> 0.0018362370599200515
<73,fac1-4,roster1-8,read> 0.002959382968827722
<74,stu1-1,gradebook1-3,readMyScores> 7.539565393279689E-5
<75,registrar4-1,transcript5-1,read> 3.607845827527162E-4
<76,admissions4-1,stu5-10application5-10,read> 1.8404027105935224E-4
<77,stu2-1,stu2-1application2-1,checkStatus> 0.0013924324768718153
<78,chair4,transcript4-17,read> 0.0021553685108596232
<79,registrar0-1,transcript3-15,read> 3.615215408913853E-4
<80,stu3-19,stu3-19application3-19,checkStatus> 0.001875768949466668
<81,registrar4-0,transcript3-13,read> 4.3276382583174795E-4
<82,admissions4-1,stu4-17application4-17,setStatus> 1.0127666211449425E-4
<83,stu3-9,stu3-9application3-9,checkStatus> 0.001014438568816867
<84,registrar0-0,transcript1-6,read> 3.185403113419685E-4
<85,admissions2-0,stu2-18application2-18,setStatus> 1.731285206320699E-4
<86,stu1-6,stu1-6application1-6,checkStatus> 3.142203456986834E-4
<87,stu4-1,stu4-1application4-1,checkStatus> 0.0022475662360780927
<88,app5-1,application5-1,checkStatus> 0.0023343189362874254
<89,admissions2-1,application5-0,read> 1.8363751089364356E-4
<90,chair4,transcript4-3,read> 0.0012157036830931064
<91,admissions0-0,application0-0,setStatus> 8.543430994773705E-5
<92,registrar4-1,roster2-6,read> 1.73976184912618E-4
<93,fac2-3,gradebook2-6,changeScore> 0.0023087076769383458
<94,registrar4-0,transcript2-1,read> 2.3835079093612082E-4
<95,registrar4-0,roster2-8,write> 1.266309261125933E-4
<96,admissions2-0,application5-0,setStatus> 2.1559175121383433E-4
<97,admissions4-1,stu3-1application3-1,setStatus> 1.8756466974958268E-4
<98,fac0-2,gradebook0-5,changeScore> 2.863067572938813E-4
<99,admissions2-0,stu5-0application5-0,setStatus> 1.3984652909501132E-4
<100,stu4-1,gradebook4-2,readMyScores> 1.4641084273950682E-4
<101,fac1-0,roster1-1,read> 0.0029159756708892247
<102,app3-1,application3-1,checkStatus> 0.0015163649057422905
<103,stu3-14,transcript3-14,read> 0.0017915960523969081
<104,registrar4-0,transcript1-1,read> 3.2448314816836075E-4
<105,stu0-11,stu0-11application0-11,checkStatus> 0.0020802574571029513
<106,registrar4-1,transcript3-10,read> 4.4451118241592414E-4
<107,stu5-9,transcript5-9,read> 0.001525953677038545
<108,stu1-14,stu1-14application1-14,checkStatus> 0.002105043942877046
<109,fac4-3,roster4-7,read> 0.0015486457858265772
<110,fac2-4,roster2-8,read> 0.002015274238665417
<111,registrar0-0,transcript2-9,read> 2.0637396342750272E-4
<112,stu0-10,stu0-10application0-10,checkStatus> 0.002414875015053234
<113,registrar2-1,roster1-2,read> 2.2066434018286484E-4
<114,admissions0-0,stu2-18application2-18,setStatus> 2.0504800740191048E-4
<115,registrar0-0,transcript0-12,read> 3.43466166434072E-4
<116,chair1,transcript1-8,read> 0.0018007780098156544
<117,stu1-5,stu1-5application1-5,checkStatus> 0.0013304662624365779
<118,fac2-4,gradebook2-8,changeScore> 0.0022787017285756683
<119,stu5-8,stu5-8application5-8,checkStatus> 0.002371498664948568
<120,registrar4-1,roster0-5,read> 2.4443951544963273E-4
<121,stu2-5,gradebook2-8,readMyScores> 2.4195471227842416E-4
<122,admissions4-0,application4-1,read> 1.43903061698027E-4
<123,registrar4-0,transcript4-10,read> 4.1676781663147486E-4
<124,registrar4-1,roster1-5,read> 2.539615871438239E-4
<125,fac1-1,roster1-2,read> 0.002905123846404601
<126,fac1-4,gradebook1-8,addScore> 5.432514413227773E-4
<127,stu3-0,transcript3-0,read> 3.7143104567335207E-4
<128,admissions2-1,stu0-13application0-13,read> 1.6115377882903423E-4
<129,registrar4-0,transcript0-12,read> 4.06924118662076E-4
<130,fac0-0,roster0-1,read> 0.0027206428301659894
<131,chair3,transcript3-16,read> 0.0020608110439145648
<132,admissions2-1,stu5-13application5-13,read> 1.826599573256171E-4
<133,registrar2-1,transcript1-4,read> 3.339456746784588E-4
<134,registrar2-1,transcript1-0,read> 2.8743036407403587E-4
<135,registrar4-0,transcript0-18,read> 3.9215857170797776E-4
<136,admissions0-1,application5-4,read> 2.2870726733463038E-4
<137,registrar4-0,transcript3-17,read> 4.2661151460087377E-4
<138,fac2-1,gradebook2-3,addScore> 4.943454955007076E-4
<139,registrar2-1,transcript4-7,read> 2.171165224626989E-4
<140,fac3-4,gradebook3-8,addScore> 3.547800129165455E-4
<141,registrar4-1,roster1-3,read> 2.5015275846614743E-4
<142,chair1,transcript1-0,read> 0.0015702941841370748
<143,fac2-0,roster2-1,read> 0.0015703494347958256
<144,admissions2-0,stu2-12application2-12,setStatus> 6.065834233442362E-5
<145,stu3-10,transcript3-10,read> 0.0018171385884890583
<146,registrar4-1,transcript1-4,read> 3.857775975775544E-4
<147,admissions0-0,stu4-11application4-11,setStatus> 2.4106804129436044E-4
<148,registrar2-0,roster4-3,read> 1.4911279463857252E-4
<149,fac3-2,roster3-5,read> 0.0018090895734575575
<150,stu2-0,transcript2-0,read> 0.0011939007078405912
<151,chair4,transcript4-11,read> 0.002019442152126102
<152,stu5-18,stu5-18application5-18,checkStatus> 0.0014110223412023867
<153,admissions0-1,stu5-8application5-8,setStatus> 2.592172985997617E-4
<154,stu1-19,transcript1-19,read> 1.6709075693614977E-4
<155,fac3-1,roster3-2,read> 0.001722274977580564
<156,registrar0-1,transcript4-12,read> 3.728931227804983E-4
<157,chair1,transcript1-6,read> 0.001812597693183787
<158,stu5-0,gradebook5-1,readMyScores> 4.2980212725767237E-5
<159,registrar2-1,transcript4-1,read> 2.2793403655675077E-4
<160,stu0-5,stu0-5application0-5,checkStatus> 0.001999701378337143
<161,fac4-4,gradebook4-9,assignGrade> 4.216014351791683E-4
<162,admissions2-1,stu0-4application0-4,setStatus> 1.4091675368639486E-4
<163,admissions2-1,stu5-1application5-1,read> 2.9672823929470854E-5
<164,fac4-1,roster4-3,read> 0.00197186694072692
<165,registrar0-0,transcript0-4,read> 1.1082485224110602E-4
<166,stu1-4,stu1-4application1-4,checkStatus> 0.0024086783936097104
<167,stu0-19,stu0-19application0-19,checkStatus> 0.001225123697896674
<168,stu1-15,stu1-15application1-15,checkStatus> 0.0017270500348220978
<169,stu1-0,stu1-0application1-0,checkStatus> 0.002284745964739235
<170,registrar0-0,transcript1-4,read> 3.206174659329771E-4
<171,fac0-3,roster0-6,read> 0.0028183092505276075
<172,registrar2-1,transcript0-13,read> 3.555807028665625E-4
<173,registrar2-0,transcript2-12,read> 3.5938861973658804E-4
<174,stu1-1,stu1-1application1-1,checkStatus> 0.002433464879383805
<175,stu4-14,transcript4-14,read> 0.0018580066462364985
<176,stu1-10,stu1-10application1-10,checkStatus> 0.0013428595053236255
<177,stu1-7,transcript1-7,read> 0.0015719302420044157
<178,admissions2-0,stu4-12application4-12,read> 1.6447233369523324E-4
<179,admissions2-1,stu0-9application0-9,read> 1.0689955580356383E-4
<180,fac0-4,gradebook0-8,changeScore> 2.923079469664168E-4
<181,admissions2-0,application5-2,read> 1.9123564551055071E-4
<182,stu2-12,stu2-12application2-12,checkStatus> 6.550345250924895E-4
<183,registrar0-1,transcript1-7,read> 3.1810277367840824E-4
<184,app5-2,application5-2,checkStatus> 0.002346712179174473
<185,fac1-0,gradebook1-1,changeScore> 9.044292935650382E-4
<186,fac2-3,gradebook2-6,addScore> 0.0016112562022914238
<187,stu1-13,stu1-13application1-13,checkStatus> 0.0014915784199681956
<188,fac4-1,gradebook4-2,changeScore> 0.0013245125706425234
<189,stu4-5,transcript4-5,read> 0.0010610795201614098
<190,admissions4-0,stu4-11application4-11,setStatus> 2.0517296915577548E-4
<191,fac2-4,gradebook2-9,assignGrade> 8.095354818680705E-4
<192,admissions2-0,stu3-11application3-11,setStatus> 1.415680114158937E-4
<193,stu2-2,gradebook2-8,addScore> 0.0010084418907710467
<194,admissions0-0,stu4-2application4-2,read> 1.1226243896480234E-4
<195,fac2-0,gradebook2-1,assignGrade> 7.945325076867319E-4
<196,admissions2-0,stu3-3application3-3,read> 1.8770086847833892E-4
<197,registrar4-1,transcript4-6,read> 2.608125234533635E-4
<198,stu5-5,gradebook5-1,readMyScores> 4.442627595766221E-5
<199,stu0-18,transcript0-18,read> 0.0016281238214071463
<200,stu2-14,stu2-14application2-14,checkStatus> 6.736243894230608E-4
<201,admissions2-1,stu1-4application1-4,read> 1.8999160908581578E-4
<202,stu5-2,transcript5-2,read> 0.0015004111409463949
<203,admissions0-1,stu4-11application4-11,setStatus> 2.4025224420030173E-4
<204,registrar4-1,roster3-6,write> 1.161404199064227E-4
<205,registrar0-1,transcript4-17,read> 3.770282434674485E-4
<206,registrar4-0,transcript0-16,read> 3.9461949620032743E-4
<207,registrar2-0,roster0-8,read> 2.2625071362610281E-4
<208,fac5-2,roster5-4,read> 0.0016029049082496982
<209,admissions2-1,stu5-2application5-2,read> 1.3915882354843814E-4
<210,admissions2-0,application3-4,setStatus> 1.421418388561878E-4
<211,chair3,transcript3-12,read> 0.0020844504106508296
<212,stu2-5,transcript2-5,read> 9.691263902296687E-4
<213,stu4-17,transcript4-17,read> 0.0018631151534549287
<214,admissions4-1,stu3-0application3-0,setStatus> 8.728401222772319E-5
<215,registrar0-1,roster2-2,read> 1.0532451532893664E-4
<216,chair5,transcript5-3,read> 0.0017298599096068606
<217,registrar0-0,transcript0-17,read> 3.3204181618352456E-4
<218,registrar4-0,roster2-1,write> 9.867381790196021E-5
<219,fac5-4,gradebook5-9,addScore> 1.2309820939757773E-4
<220,admissions0-0,stu2-7application2-7,setStatus> 1.2553208352612471E-4
<221,admissions0-1,stu3-6application3-6,read> 2.233428662330689E-4
<222,chair2,transcript2-5,read> 0.001121146216148048
<223,admissions2-0,stu0-17application0-17,read> 1.882058366257978E-4
<224,admissions0-1,stu3-13application3-13,read> 1.4168476057596554E-4
<225,registrar0-1,transcript0-2,read> 1.8061001083731425E-4
<226,admissions2-1,stu4-2application4-2,setStatus> 1.0425849488540135E-4
<227,stu4-3,stu4-3application4-3,checkStatus> 0.002421071636496758
<228,fac1-2,gradebook1-4,addScore> 5.809457270040235E-4
<229,registrar4-1,roster5-1,write> 1.2237304865171146E-4
<230,stu1-17,gradebook1-8,readMyScores> 3.021927826486398E-5
<231,admissions4-0,application5-0,read> 1.9124154861180684E-4
<232,chair0,transcript0-16,read> 0.0018953354767607127
<233,registrar2-0,transcript1-3,read> 3.356956254525429E-4
<234,registrar4-1,transcript2-15,read> 4.220174690735698E-4
<235,fac2-0,gradebook2-1,addScore> 7.662609988189566E-4
<236,chair2,transcript2-0,read> 0.0013811792502469583
<237,admissions0-1,stu5-2application5-2,setStatus> 1.928396082016518E-4
<238,admissions0-0,stu5-11application5-11,setStatus> 1.445615353938341E-4
<239,app3-0,application3-0,checkStatus> 0.001522561527185814
<240,admissions0-1,stu0-5application0-5,setStatus> 2.1857789631520464E-4
<241,admissions0-0,stu1-5application1-5,read> 1.2841028812111575E-4
<242,stu0-9,stu0-9application0-9,checkStatus> 0.0013552527482106728
<243,registrar4-0,roster4-4,read> 1.309885698847538E-4
<244,fac4-0,roster4-1,read> 0.0019501632917576718
<245,stu0-5,transcript0-5,read> 5.706628271921244E-4
<246,admissions4-1,stu1-16application1-16,read> 1.1375052646147207E-4
<247,admissions2-1,stu1-13application1-13,setStatus> 1.3369618755892647E-4
<248,app2-0,application2-0,checkStatus> 6.364446607619183E-4
<249,registrar4-1,roster3-4,read> 1.5397983435481652E-4
<250,registrar4-0,transcript4-0,read> 2.580381868749185E-4
<251,fac2-2,gradebook2-5,changeScore> 0.0023147088666108815
<252,fac5-4,roster5-8,read> 0.00171142315309594
<253,registrar4-0,transcript4-9,read> 2.506554133978694E-4
<254,admissions2-1,stu5-3application5-3,setStatus> 1.6146759574149728E-4
<255,chair1,transcript1-12,read> 2.5239948859032493E-4
<256,registrar2-1,transcript2-7,read> 2.0738075977805222E-4
<257,fac4-3,gradebook4-6,assignGrade> 4.901864600081456E-4
<258,fac5-1,roster5-2,read> 0.0019284596427884234
<259,registrar0-0,transcript2-11,read> 3.455433210250806E-4
<260,admissions4-1,stu1-16application1-16,setStatus> 1.2926196188803646E-4
<261,registrar2-1,roster2-8,write> 1.1132660365843975E-4
<262,stu4-9,stu4-9application4-9,checkStatus> 0.0014853817985246715
<263,fac2-2,roster2-4,read> 0.001472683014434208
<264,chair2,transcript2-13,read> 0.001978073260337639
<265,registrar0-0,transcript3-10,read> 3.6943059882167976E-4
<266,registrar2-1,roster4-3,write> 1.0892872303218661E-4
<267,fac3-1,gradebook3-2,changeScore> 5.203531545227659E-4
<268,admissions2-0,stu2-9application2-9,setStatus> 2.0468902984824617E-4
<269,chair4,transcript4-7,read> 0.0011861544746727755
<270,stu4-4,transcript4-4,read> 0.0010559710129429798
<271,chair3,transcript3-13,read> 0.002078540568966763
<272,stu2-19,stu2-19application2-19,checkStatus> 0.0014358088269764817
<273,stu1-12,transcript1-12,read> 2.1817582912045036E-4
<274,admissions0-0,stu3-17application3-17,setStatus> 1.928147883440973E-4
<275,app1-0,application1-0,checkStatus> 2.4605750981992217E-4
<276,admissions2-1,stu5-1application5-1,setStatus> 3.371911810167143E-5
<277,admissions0-1,stu1-1application1-1,read> 2.3407166843619195E-4
<278,fac1-2,roster1-4,read> 0.0028400128994968557
<279,registrar2-0,transcript2-2,read> 2.0753806546157066E-4
<280,admissions2-1,application0-0,setStatus> 6.982194873901353E-5
<281,registrar4-1,roster0-2,write> 1.7638916444421418E-4
<282,registrar2-1,transcript3-12,read> 3.81542736692287E-4
<283,fac4-3,roster4-6,read> 0.00158120125928045
<284,admissions4-0,stu5-0application5-0,read> 1.240514381535387E-4
<285,fac2-1,roster2-2,read> 0.0014509793654649595
<286,stu4-3,gradebook4-8,readMyScores> 1.9392624792707712E-4
<287,admissions2-1,stu0-10application0-10,setStatus> 2.164549839429876E-4
<288,registrar4-1,transcript5-3,read> 3.6578318571768386E-4
<289,fac1-3,roster1-7,read> 0.0029485311443430977
<290,admissions0-0,stu2-8application2-8,setStatus> 2.6757334925295567E-4
<291,chair0,transcript0-15,read> 0.00193079452686511
<292,admissions0-0,stu5-13application5-13,read> 2.2350317759718365E-4
<293,registrar2-0,transcript1-9,read> 3.2923389973871226E-4
<294,registrar0-0,transcript5-2,read> 3.0503880650041245E-4
<295,admissions4-0,stu1-9application1-9,read> 1.5459239745275146E-4
<296,registrar0-0,roster4-5,read> 1.0897875503077175E-4
<297,chair5,transcript5-1,read> 0.0017062205428705964
<298,fac3-4,roster3-9,read> 0.0018524968713960542
<299,registrar0-0,transcript3-15,read> 3.63199135048654E-4
<300,chair2,transcript2-4,read> 0.001150695424568379
<301,admissions4-1,stu3-11application3-11,read> 1.2657712219101225E-4
<302,registrar2-0,roster3-7,write> 1.0068711604787562E-4
<303,fac2-4,gradebook2-9,addScore> 0.0015819384245393435
<304,admissions2-0,stu1-2application1-2,setStatus> 1.7944062247530522E-4
<305,registrar4-0,roster1-9,write> 1.866364266622449E-4
<306,fac0-4,roster0-9,read> 0.003013642091250843
<307,admissions0-1,stu1-17application1-17,setStatus> 8.108125191911979E-5
<308,stu0-13,transcript0-13,read> 0.0016792088935914467
<309,stu1-10,gradebook1-2,readMyScores> 4.5898592434109786E-5
<310,fac2-3,gradebook2-7,changeScore> 0.00229070410792074
<311,admissions2-1,application3-4,setStatus> 1.3758418470448638E-4
<312,registrar2-0,transcript4-9,read> 2.193845626035933E-4
<313,fac4-4,roster4-9,read> 0.0013967202430418383
<314,stu5-4,transcript5-4,read> 0.0015106281553832548
<315,stu2-10,transcript2-10,read> 0.0016945344152467367
<316,admissions4-1,stu4-16application4-16,read> 1.5428256896681902E-4
<317,chair0,transcript0-14,read> 0.0019367043685491758
<318,stu3-14,stu3-14application3-14,checkStatus> 0.0014420054484200057
<319,fac2-1,gradebook2-3,changeScore> 0.002326711245955952
<320,stu2-9,gradebook2-5,readMyScores> 2.6825792167486186E-4
<321,registrar2-0,transcript3-8,read> 7.399573404240649E-5
<322,admissions4-1,stu2-8application2-8,read> 2.019975050807085E-4
<323,fac4-1,roster4-2,read> 0.001961015116242296
<324,stu4-14,stu4-14application4-14,checkStatus> 0.001943931785345429
<325,registrar0-1,roster3-8,read> 1.336823779790461E-4
<326,registrar2-0,roster0-7,read> 2.1230023891559207E-4
<327,chair2,transcript2-12,read> 0.0019721634186535726
<328,registrar4-1,roster2-9,write> 1.292981917020323E-4
<329,fac3-2,gradebook3-4,assignGrade> 1.9227025840727586E-4
<330,stu1-11,stu1-11application1-11,checkStatus> 0.001950128406788953
<331,registrar4-1,transcript0-6,read> 1.3709710007041447E-4
<332,registrar4-1,transcript2-14,read> 4.207678183323279E-4
<333,stu5-7,gradebook5-3,addScore> 2.21787582718546E-4
<334,stu4-12,stu4-12application4-12,checkStatus> 0.002018291242667714
<335,stu0-18,stu0-18application0-18,checkStatus> 0.002427268257940281
<336,admissions2-0,stu1-13application1-13,read> 1.2155004116123353E-4
<337,stu2-6,gradebook2-8,readMyScores> 2.439020339064195E-4
<338,registrar0-1,transcript3-12,read> 3.6462288140659793E-4
<339,admissions0-0,stu3-15application3-15,setStatus> 1.9145554178211805E-4
<340,admissions0-1,stu1-14application1-14,read> 2.0248130639366287E-4
<341,stu4-6,stu4-6application4-6,checkStatus> 7.293939824147745E-4
<342,fac0-2,roster0-5,read> 0.002785753777073735
<343,registrar0-1,roster0-6,read> 2.045770346043198E-4
<344,registrar0-0,roster4-1,read> 1.4221645096753965E-4
<345,registrar2-1,roster4-2,read> 1.489527227039821E-4
<346,admissions4-0,stu4-5application4-5,read> 7.874901519303968E-5
<347,stu3-5,gradebook3-3,readMyScores> 1.308547157705608E-4
<348,fac2-1,gradebook2-2,changeScore> 0.0022186898318503133
<349,stu0-8,stu0-8application0-8,checkStatus> 0.0017952128707008589
<350,stu1-8,gradebook1-1,readMyScores> 1.4844825383446034E-4
<351,registrar4-0,transcript4-18,read> 4.524512217705456E-4
<352,registrar2-1,transcript3-2,read> 8.189759628705084E-5
<353,admissions2-0,stu4-13application4-13,setStatus> 2.0526285728854034E-4
<354,stu4-13,transcript4-13,read> 0.0018375726173627783
<355,registrar4-1,transcript5-5,read> 3.6828248720016763E-4
<356,fac3-2,gradebook3-4,changeScore> 5.383567235403724E-4
<357,admissions2-1,stu1-10application1-10,read> 1.0592200223553734E-4
<358,stu3-0,gradebook3-5,addScore> 1.2509216452450195E-4
<359,registrar4-0,roster3-2,write> 1.0822014753485932E-4
<360,stu5-5,transcript5-5,read> 0.0015055196481648246
<361,stu0-14,transcript0-14,read> 0.0016741003863730167
<362,registrar2-0,roster4-5,read> 1.1300568362313284E-4
<363,chair3,transcript3-7,read> 4.651537892167061E-4
<364,admissions4-1,stu0-13application0-13,setStatus> 1.9222888637850636E-4
<365,registrar2-0,transcript0-15,read> 3.51849939737119E-4
<366,registrar4-1,transcript2-2,read> 2.4081811159349292E-4
<367,registrar4-1,transcript2-17,read> 4.295153735210212E-4
<368,chair4,transcript4-1,read> 0.001245252891513437
<369,chair2,transcript2-6,read> 0.0011152363744639819
<370,registrar0-0,transcript3-12,read> 3.6631486693516685E-4
<371,admissions2-0,stu3-8application3-8,read> 1.5992762036810384E-4
<372,registrar2-0,roster1-5,read> 2.188651681911265E-4
<373,registrar4-0,transcript1-5,read> 3.81084411492404E-4
<374,admissions0-1,stu2-1application2-1,read> 1.339361812070433E-4
<375,app4-0,application4-0,checkStatus> 0.001671280441830384
<376,admissions0-1,stu3-18application3-18,read> 1.8817623678949887E-4
<377,registrar0-0,roster1-1,write> 1.5465360829452829E-4
<378,stu2-0,stu2-0application2-0,checkStatus> 0.0012375169407837217
<379,admissions4-0,stu4-0application4-0,setStatus> 6.866413592444546E-5
<380,registrar0-0,roster1-5,write> 1.5350251925775712E-4
<381,admissions4-0,stu3-13application3-13,read> 1.209973422236174E-4
<382,registrar4-0,transcript0-17,read> 3.933890339541526E-4
<383,registrar4-0,transcript2-16,read> 4.192287411238246E-4
<384,stu2-8,transcript2-8,read> 9.742348974480988E-4
<385,admissions4-1,application4-1,setStatus> 1.6482661368357964E-4
<386,stu1-6,transcript1-6,read> 0.0015668217347859857
<387,stu0-11,transcript0-11,read> 0.0016536663574992963
<388,admissions0-0,stu1-13application1-13,setStatus> 1.635909872615436E-4
<389,admissions0-1,stu3-7application3-7,setStatus> 1.948715783158796E-4
<390,stu2-14,gradebook2-3,readMyScores> 1.1421344386284992E-4
<391,admissions4-1,stu3-17application3-17,setStatus> 1.6540964076219516E-4
<392,chair2,transcript2-18,read> 0.0020430815188623667
<393,admissions0-0,stu0-4application0-4,setStatus> 1.7242608991440862E-4
<394,registrar2-0,transcript0-0,read> 1.9246070546263282E-4
<395,registrar4-1,roster0-6,write> 1.798517359693746E-4
<396,registrar0-0,roster1-4,write> 1.5062479666582917E-4
<397,admissions2-1,stu4-1application4-1,setStatus> 2.0145842352439934E-4
<398,registrar0-0,roster0-2,write> 1.4659598503713003E-4
<399,fac2-4,roster2-9,read> 0.0020261260631500412
<400,registrar0-0,roster0-3,write> 1.4544489600035884E-4
<401,stu5-1,transcript5-1,read> 0.0014748686048542442
<402,fac3-1,gradebook3-2,addScore> 3.6315652084571135E-4
<403,registrar0-0,roster1-3,write> 1.5120034118421474E-4
<404,registrar0-0,roster1-2,write> 1.540780637761427E-4
<405,admissions4-0,stu0-13application0-13,setStatus> 1.9071228766940577E-4
<406,stu3-6,stu3-6application3-6,checkStatus> 0.0023219256934003778
<407,registrar4-1,transcript4-13,read> 4.4950978538089173E-4
<408,chair4,transcript4-8,read> 0.0011920643163568416
<409,admissions2-0,stu4-1application4-1,read> 1.831561551512096E-4
<410,registrar0-0,roster1-9,write> 1.5753133088645626E-4
<411,registrar0-0,roster1-8,write> 1.5695578636807064E-4
<412,admissions2-1,stu1-0application1-0,setStatus> 2.047909925063078E-4
<413,registrar0-0,roster1-7,write> 1.5638024184968507E-4
<414,stu2-12,transcript2-12,read> 0.0017047514296835969
<415,registrar4-0,roster5-4,read> 1.384892574534602E-4
<416,registrar0-0,roster1-6,write> 1.5235143022098593E-4
<417,stu5-0,stu5-0application5-0,checkStatus> 0.0015101682842987665
<418,chair0,transcript0-3,read> 6.365391980546243E-4
<419,fac2-2,gradebook2-4,changeScore> 0.0023207100562834173
<420,stu2-16,stu2-16application2-16,checkStatus> 0.0012685000480013406
<421,stu1-9,stu1-9application1-9,checkStatus> 0.0018819655709101917
<422,stu3-11,transcript3-11,read> 0.0018069215740521983
<423,admissions2-0,stu3-19application3-19,setStatus> 1.737023480723641E-4
<424,chair4,transcript4-14,read> 0.002149458669175557
<425,registrar2-1,transcript0-19,read> 3.436814373631055E-4
<426,admissions2-0,stu4-2application4-2,setStatus> 1.0771219243854093E-4
<427,registrar4-1,transcript4-19,read> 4.5825734056958523E-4
<428,admissions0-1,stu3-4application3-4,setStatus> 6.685746111952481E-5
<429,registrar2-0,transcript4-15,read> 3.895433397344639E-4
<430,admissions4-1,stu3-3application3-3,read> 1.9071010083871308E-4
<431,registrar4-1,transcript2-13,read> 4.18268516849844E-4
<432,fac5-0,roster5-1,read> 0.0019176078183037997
<433,admissions0-0,stu0-3application0-3,setStatus> 1.065026316584153E-4
<434,stu2-9,stu2-9application2-9,checkStatus> 0.00221038650741695
<435,fac3-4,roster3-8,read> 0.0018416450469114299
<436,stu5-3,gradebook5-1,readMyScores> 4.1373475801439486E-5
<437,fac2-2,gradebook2-4,readScore> 5.967067879760066E-4
<438,fac4-1,gradebook4-3,changeScore> 0.0013365149499875943
<439,admissions2-1,stu4-13application4-13,setStatus> 1.9868128270614227E-4
<440,registrar2-1,transcript4-2,read> 2.2901578796615592E-4
<441,registrar0-1,roster4-5,write> 7.889119196852844E-5
<442,fac3-2,roster3-4,read> 0.0017548304510344368
<443,admissions4-1,stu2-17application2-17,read> 1.0964601582801922E-4
<444,chair5,transcript5-14,read> 1.5193217996120045E-4
<445,admissions0-0,stu1-2application1-2,setStatus> 2.1252386349279633E-4
<446,registrar2-0,roster5-1,write> 1.0546161006644617E-4
<447,admissions0-0,stu4-18application4-18,read> 1.1786933103296672E-5
<448,chair2,transcript2-16,read> 0.0020135323104420355
<449,stu3-18,stu3-18application3-18,checkStatus> 0.001956325028232477
<450,registrar2-1,transcript1-5,read> 3.35027426087864E-4
<451,admissions2-0,stu4-8application4-8,read> 8.367743010182199E-5
<452,registrar4-0,transcript3-10,read> 4.3768567481644734E-4
<453,admissions4-1,stu4-6application4-6,setStatus> 6.862714571202839E-5
<454,admissions2-1,stu1-3application1-3,read> 1.352486092763322E-4
<455,admissions4-0,stu1-14application1-14,setStatus> 1.9649656026395358E-4
<456,registrar4-0,transcript3-12,read> 4.3399428807792284E-4
<457,stu2-15,gradebook2-1,readScore> 2.8971144925148124E-4
<458,chair2,transcript2-19,read> 0.0020549012022304984
<459,stu3-2,gradebook3-7,addScore> 1.3745222029669E-4
<460,admissions0-1,stu1-13application1-13,setStatus> 1.6303737985964327E-4
<461,admissions4-1,stu2-3application2-3,read> 6.552252651840105E-5
<462,stu4-18,transcript4-18,read> 0.001878440675110219
<463,stu3-7,stu3-7application3-7,checkStatus> 0.0017828196278138115
<464,admissions2-1,stu2-17application2-17,setStatus> 1.1869962714033819E-4
<465,fac3-1,roster3-3,read> 0.001787385924488309
<466,registrar2-1,roster0-2,write> 1.526900444613063E-4
<467,stu2-13,gradebook2-9,readMyScores> 3.0143401495085295E-4
<468,admissions4-1,stu3-9application3-9,read> 8.399282436893888E-5
<469,registrar4-0,transcript0-1,read> 2.11280621520274E-4
<470,registrar0-1,roster1-5,read> 2.1009106345295215E-4
<471,chair0,transcript0-13,read> 0.001942614210233242
<472,admissions0-1,stu4-7application4-7,setStatus> 5.060170020570198E-5
<473,admissions0-0,stu4-9application4-9,read> 1.4336200030288745E-4
<474,stu0-15,transcript0-15,read> 0.0016689918791545865
<475,admissions0-0,stu1-12application1-12,setStatus> 1.6087249413758507E-4
<476,registrar2-1,roster2-1,read> 1.1927894995409957E-4
<477,admissions4-0,stu2-19application2-19,setStatus> 1.340264162428365E-4
<478,admissions0-1,stu4-18application4-18,read> 1.174704500480836E-5
<479,stu1-2,stu1-2application1-2,checkStatus> 0.0019377351639019052
<480,admissions0-1,stu5-10application5-10,read> 2.1380615316362618E-4
<481,admissions0-0,stu3-3application3-3,read> 2.2230704062264187E-4
<482,chair0,transcript0-7,read> 6.779080898430872E-4
<483,admissions4-0,stu1-4application1-4,read> 1.9785875645996964E-4
<484,registrar2-0,transcript4-10,read> 3.647733911647801E-4
<485,fac5-1,gradebook5-2,addScore> 1.4692739723846362E-4
<486,admissions4-0,stu0-10application0-10,setStatus> 2.2541792323669307E-4
<487,stu1-4,gradebook1-5,readMyScores> 4.250284282179985E-5
<488,registrar0-0,transcript1-12,read> 4.435590532883001E-5
<489,fac5-1,gradebook5-3,addScore> 1.8325147777299459E-4
<490,registrar4-1,transcript2-12,read> 4.1701886610860217E-4
<491,stu0-10,transcript0-10,read> 0.0016587748647177265
<492,fac5-2,gradebook5-4,changeScore> 5.563602925579788E-4
<493,registrar0-0,transcript4-18,read> 3.8189352636773153E-4
<494,admissions2-1,stu1-13application1-13,read> 1.1765264505185529E-4
<495,admissions0-1,stu2-16application2-16,read> 1.2201528987023992E-4
<496,registrar0-1,roster1-6,read> 2.0851562663905718E-4
<497,admissions4-1,stu5-0application5-0,read> 1.250379307034674E-4
<498,registrar4-1,roster0-2,read> 2.4253510111079448E-4
<499,admissions4-1,stu0-2application0-2,read> 8.57244147924268E-6
<500,registrar4-1,transcript4-12,read> 4.507594361221337E-4
<501,admissions4-0,stu5-3application5-3,setStatus> 1.68153624550669E-4
<502,registrar4-0,roster1-6,write> 1.8049950046966688E-4
<503,registrar2-0,roster1-2,read> 2.196857843505683E-4
<504,admissions0-1,application5-2,setStatus> 2.565080051141246E-4
<505,admissions0-0,stu2-1application2-1,read> 1.3439097299382442E-4
<506,fac3-1,gradebook3-3,changeScore> 5.263543441953015E-4
<507,stu0-19,transcript0-19,read> 0.001623015314188716
<508,app3-4,application3-4,checkStatus> 0.0015349547700728616
<509,registrar4-0,roster1-3,read> 2.463116412536154E-4
<510,fac1-4,gradebook1-8,assignGrade> 2.7800153944349736E-4
<511,stu2-16,transcript2-16,read> 0.0017405109802126073
<512,admissions0-0,stu4-7application4-7,setStatus> 5.0773522617266334E-5
<513,admissions4-1,stu4-5application4-5,read> 7.937524990630442E-5
<514,registrar4-1,roster1-2,read> 2.54913794313243E-4
<515,stu3-1,stu3-1application3-1,checkStatus> 0.0019935047568936186
<516,registrar0-1,transcript3-18,read> 3.563526400326975E-4
<517,admissions2-1,stu2-19application2-19,read> 1.1325365399573606E-4
<518,stu1-4,transcript1-4,read> 0.0015770387492228454
<519,chair4,transcript4-13,read> 0.002125819302439292
<520,stu0-1,stu0-1application0-1,checkStatus> 1.902879168282084E-4
<521,admissions0-1,stu3-15application3-15,setStatus> 1.908076380874239E-4
<522,fac5-0,gradebook5-1,changeScore> 5.743638615755854E-4
<523,chair1,transcript1-7,read> 0.0018185075348678532
<524,stu2-0,gradebook2-7,readMyScores> 2.4136773038634817E-4
<525,admissions2-0,stu2-17application2-17,setStatus> 1.226317058861879E-4
<526,fac1-1,gradebook1-3,addScore> 6.521460444019335E-4
<527,registrar2-1,transcript5-4,read> 3.1988290635619145E-4
<528,admissions4-0,stu1-13application1-13,setStatus> 1.392322615779296E-4
<529,admissions0-0,stu3-4application3-4,setStatus> 6.708448136101726E-5
<530,stu5-3,stu5-3application5-3,checkStatus> 0.0018014094921443827
<531,registrar4-0,roster1-1,read> 2.519371569301452E-4
<532,admissions4-1,stu4-0application4-0,setStatus> 6.921017279064385E-5
<533,registrar2-1,transcript2-15,read> 3.653164655512092E-4
<534,chair5,transcript5-7,read> 0.0017534992763431252
<535,admissions0-0,stu1-18application1-18,read> 1.3379290450655354E-4
<536,registrar4-1,transcript3-4,read> 9.710827635067336E-5
<537,registrar0-1,transcript2-19,read> 3.5945398054791015E-4
<538,stu1-9,transcript1-9,read> 0.0015617132275675555
<539,stu2-8,stu2-8application2-8,checkStatus> 0.002439661500827329
<540,admissions4-1,stu2-19application2-19,setStatus> 1.3509223267419107E-4
<541,stu3-5,stu3-5application3-5,checkStatus> 0.001349056126767149
<542,fac0-2,roster0-4,read> 0.002796605601558359
<543,stu2-4,gradebook2-1,readMyScores> 1.483406646273062E-4
<544,admissions4-1,stu3-13application3-13,read> 1.2195954772837779E-4
<545,admissions0-1,stu1-10application1-10,read> 1.2916782467232193E-4
<546,admissions4-0,stu4-2application4-2,read> 9.554654280760672E-5
<547,registrar4-1,transcript3-15,read> 4.3701327796847277E-4
<548,fac2-4,gradebook2-8,assignGrade> 8.138220459198817E-4
<549,registrar0-0,roster2-3,write> 7.522846475731669E-5
<550,fac5-0,gradebook5-1,addScore> 1.9420900038151002E-4
<551,admissions0-0,stu4-17application4-17,setStatus> 1.1805622743523886E-4
<552,admissions4-0,stu3-1application3-1,setStatus> 1.8608486959376743E-4
<553,chair5,transcript5-5,read> 0.001741679592974993
<554,stu0-17,stu0-17application0-17,checkStatus> 0.00230953245051333
<555,admissions2-1,stu2-10application2-10,setStatus> 1.348070438862293E-4
<556,registrar4-0,transcript4-12,read> 4.4383798604732163E-4
<557,chair5,transcript5-0,read> 0.0017239500679227947
<558,registrar2-1,transcript2-5,read> 2.0521725695924186E-4
<559,registrar2-0,transcript2-4,read> 2.0969197403284756E-4
<560,chair0,transcript0-1,read> 0.0010147690658348573
<561,registrar2-1,transcript2-4,read> 2.1062601400626782E-4
<562,admissions4-1,stu3-18application3-18,setStatus> 1.8406650727788995E-4
<563,admissions0-0,application4-2,read> 1.6788280828099298E-4
<564,fac2-0,gradebook2-1,changeScore> 0.002224691021522849
<565,admissions0-1,stu2-19application2-19,read> 1.381084931749245E-4
<566,registrar2-0,transcript5-10,read> 3.4148425473784926E-5
<567,fac5-4,gradebook5-8,addScore> 1.7956806228345176E-4
<568,admissions4-0,stu4-9application4-9,setStatus> 1.3865383431847482E-4
<569,registrar2-1,transcript2-6,read> 2.0413550554983673E-4
<570,fac1-3,roster1-6,read> 0.0028725683729507283
<571,stu3-17,stu3-17application3-17,checkStatus> 0.0017580331420397168
<572,registrar2-1,transcript2-9,read> 2.1495301964388853E-4
<573,registrar2-1,transcript2-8,read> 2.0629900836864707E-4
<574,stu3-4,gradebook3-7,addScore> 1.4048983842479367E-4
<575,registrar2-1,transcript3-17,read> 3.750522282358559E-4
<576,stu0-15,stu0-15application0-15,checkStatus> 0.0014605953127505766
<577,registrar2-1,transcript4-11,read> 3.6964347118882994E-4
<578,admissions4-0,stu0-2application0-2,read> 8.504808804850234E-6
<579,app1-1,application1-1,checkStatus> 2.5845075270696964E-4
<580,stu3-8,gradebook3-1,addScore> 2.1788524975192454E-4
<581,admissions4-1,stu3-6application3-6,read> 1.9224929232625795E-4
<582,admissions2-0,stu4-3application4-3,setStatus> 2.2419916281824615E-4
<583,admissions0-1,application3-3,setStatus> 1.6845596683091754E-4
<584,fac1-4,gradebook1-9,changeScore> 7.96407879459399E-4
<585,stu2-17,transcript2-17,read> 0.0017558365018678973
<586,registrar4-1,transcript2-11,read> 4.157692153673602E-4
<587,stu3-13,transcript3-13,read> 0.0017967045596153379
<588,fac5-2,roster5-5,read> 0.0016680158551574432
<589,stu0-16,stu0-16application0-16,checkStatus> 0.001479185177081148
<590,stu3-10,stu3-10application3-10,checkStatus> 6.302480393183945E-4
<591,registrar2-0,roster1-8,read> 2.2378886514777739E-4
<592,admissions0-0,stu2-10application2-10,read> 1.4515620576470008E-4
<593,fac2-2,roster2-5,read> 0.0014618311899495836
<594,stu0-17,transcript0-17,read> 0.0016332323286255758
<595,fac2-2,gradebook2-4,addScore> 0.0016196327102205898
<596,fac5-3,roster5-6,read> 0.0016463122061881948
<597,chair0,transcript0-10,read> 0.0019189748434969773
<598,fac2-2,gradebook2-5,addScore> 0.0016154444562560069
<599,fac2-3,gradebook2-7,addScore> 5.718396306037838E-4
<600,admissions0-1,application5-1,setStatus> 2.55153358371306E-4
<601,admissions2-0,stu2-10application2-10,setStatus> 1.3927270165471723E-4
<602,registrar4-1,transcript3-13,read> 4.3951257945095654E-4
<603,admissions2-1,stu2-6application2-6,setStatus> 1.5535788594133173E-4
<604,admissions4-1,stu2-3application2-3,setStatus> 7.445741649818301E-5
<605,fac4-2,gradebook4-4,addScore> 9.453238219227383E-4
<606,admissions0-0,stu5-10application5-10,read> 2.1453215028812065E-4
<607,stu4-6,gradebook4-2,readMyScores> 1.520528790685822E-4
<608,stu2-8,gradebook2-2,readMyScores> 1.5101800781809637E-4
<609,stu4-2,stu4-2application4-2,checkStatus> 0.0011631574834614368
<610,fac5-3,gradebook5-7,addScore> 3.9247429859779186E-4
<611,admissions0-0,stu3-18application3-18,setStatus> 2.1456273333576522E-4
<612,admissions0-1,application4-0,setStatus> 1.826797576305125E-4
<613,fac0-3,gradebook0-7,readScore> 3.0569634935207884E-5
<614,admissions2-0,stu3-14application3-14,setStatus> 1.335344272517761E-4
<615,admissions0-0,stu2-2application2-2,setStatus> 3.650143371648427E-5
<616,admissions2-1,stu3-17application3-17,setStatus> 1.575795985959374E-4
<617,stu3-11,stu3-11application3-11,checkStatus> 0.001528758148629338
<618,fac5-3,gradebook5-6,addScore> 3.966625525623748E-4
<619,stu2-7,stu2-7application2-7,checkStatus> 0.0011445676191308657
<620,registrar2-1,transcript2-0,read> 2.5281431897307E-4
<621,registrar2-1,transcript2-1,read> 2.095442625968626E-4
<622,admissions0-1,stu3-1application3-1,setStatus> 2.1790057294379528E-4
<623,chair4,transcript4-6,read> 0.0012334332081453047
<624,admissions2-0,application4-3,setStatus> 1.6452110902765823E-4
<625,registrar4-1,roster0-1,read> 2.3872627243311798E-4
<626,registrar2-1,transcript2-2,read> 2.0846251118745743E-4
<627,admissions2-1,stu4-16application4-16,read> 1.4697925209265008E-4
<628,stu3-14,gradebook3-2,readMyScores> 1.954647908886204E-5
<629,admissions4-1,stu2-16application2-16,setStatus> 1.1935050155157362E-4
<630,admissions2-0,stu2-14application2-14,read> 5.489424569666925E-5
<631,registrar4-0,transcript2-15,read> 4.155373543853E-4
<632,stu2-7,gradebook2-4,readMyScores> 1.4157765848171324E-4
<633,registrar0-0,transcript1-5,read> 3.216560432284814E-4
<634,admissions4-0,stu4-16application4-16,read> 1.530653494877909E-4
<635,fac2-1,gradebook2-2,assignGrade> 7.923892256608263E-4
<636,registrar4-1,roster0-7,read> 2.4634392978847093E-4
<637,registrar2-1,transcript2-3,read> 2.1170776541567298E-4
<638,admissions4-0,stu3-16application3-16,read> 3.548265618582155E-5
<639,registrar4-0,transcript0-15,read> 4.0200226967737656E-4
<640,registrar2-0,transcript2-6,read> 2.0323024831901703E-4
<641,fac5-1,gradebook5-2,changeScore> 5.863662409206564E-4
<642,stu4-11,gradebook4-4,readMyScores> 5.949419346814861E-5
<643,stu3-9,gradebook3-6,readMyScores> 5.3600784726882015E-5
<644,fac4-2,roster4-5,read> 0.0014943866634034564
<645,stu2-17,stu2-17application2-17,checkStatus> 0.001324269640993054
<646,admissions2-0,stu0-3application0-3,read> 7.91327167746926E-5
<647,fac4-2,roster4-4,read> 0.0015160903123727046
<648,admissions2-0,application5-1,read> 1.9022570921563306E-4
<649,admissions0-1,stu1-16application1-16,setStatus> 1.5016823580286682E-4
<650,chair4,transcript4-16,read> 0.002161278352543689
<651,stu5-15,stu5-15application5-15,checkStatus> 5.001189890043958E-4
<652,fac1-4,roster1-9,read> 0.002970234793312346
<653,registrar2-1,roster0-4,read> 2.1242162553011972E-4
<654,registrar2-0,transcript2-5,read> 2.0430720260465542E-4
<655,admissions0-0,stu2-19application2-19,read> 1.385774524047205E-4
<656,stu4-16,stu4-16application4-16,checkStatus> 0.0018633757065796203
<657,admissions2-0,stu2-6application2-6,setStatus> 1.6050431694559944E-4
<658,stu1-8,stu1-8application1-8,checkStatus> 0.0015845277416210517
<659,chair3,transcript3-18,read> 0.0020371716771783004
<660,admissions0-0,application4-0,setStatus> 1.8330006241024257E-4
<661,registrar2-0,transcript2-3,read> 2.1076892831848595E-4
<662,registrar2-0,transcript2-9,read> 2.139997911754012E-4
<663,registrar2-0,transcript2-8,read> 2.0538415689029383E-4
<664,fac4-2,gradebook4-5,readScore> 1.612567976981632E-4
<665,admissions0-0,stu5-17application5-17,read> 1.5053882215013785E-4
<666,stu2-14,transcript2-14,read> 0.0017200769513388873
<667,registrar2-1,transcript1-12,read> 4.619979977667976E-5
<668,fac4-1,gradebook4-3,addScore> 3.386941500022551E-4
<669,registrar2-0,transcript2-7,read> 2.0646111117593224E-4
<670,stu4-0,transcript4-0,read> 0.0010712965345982697
<671,registrar2-0,transcript4-18,read> 3.960050654482943E-4
<672,registrar0-0,transcript1-2,read> 3.2269462052398576E-4
<673,admissions4-1,stu3-4application3-4,read> 5.064367547213444E-5
<674,admissions0-1,stu4-1application4-1,read> 2.1619033143098688E-4
<675,fac0-1,roster0-3,read> 0.002742346479135238
<676,stu5-7,transcript5-7,read> 0.0015157366626016848
<677,registrar2-0,roster5-3,write> 8.875088100144929E-5
<678,fac5-2,gradebook5-4,addScore> 1.8937750522665585E-4
<679,admissions4-0,stu4-4application4-4,read> 1.3983093379146532E-4
<680,fac5-2,gradebook5-5,addScore> 1.791149901383287E-4
<681,admissions0-0,stu5-5application5-5,setStatus> 1.1941547399721811E-4
<682,admissions2-1,stu3-14application3-14,setStatus> 1.2925276224971514E-4
<683,registrar2-0,transcript2-1,read> 2.086150197472091E-4
<684,fac0-1,gradebook0-2,changeScore> 3.2831508500162973E-4
<685,registrar4-1,transcript4-11,read> 4.270160720385374E-4
<686,registrar4-1,transcript1-5,read> 3.8702724831879626E-4
<687,registrar2-0,transcript2-0,read> 2.516931911727459E-4
<688,fac4-4,gradebook4-8,addScore> 4.269768591781893E-4
<689,admissions0-1,stu0-3application0-3,setStatus> 1.0614221666126331E-4
<690,app1-3,application1-3,checkStatus> 2.770406170375409E-4
<691,stu1-16,stu1-16application1-16,checkStatus> 0.0013738426125412442
<692,admissions0-1,stu2-5application2-5,read> 1.6135423128169117E-4
<693,stu0-7,stu0-7application0-7,checkStatus> 0.0013366628838801015
<694,stu3-11,gradebook3-5,readMyScores> 4.7507922702224526E-5
<695,registrar4-0,transcript1-0,read> 3.269440726607104E-4
<696,admissions2-1,stu3-19application3-19,setStatus> 1.681327337053143E-4
<697,stu5-6,stu5-6application5-6,checkStatus> 3.6998993869039704E-4
<698,registrar2-0,transcript1-2,read> 3.3461867116690435E-4
<699,admissions4-1,stu1-5application1-5,read> 1.1015907965720081E-4
<700,chair3,transcript3-19,read> 0.002025351993810168
<701,fac4-2,gradebook4-4,assignGrade> 4.837566139304289E-4
<702,admissions0-0,application3-0,setStatus> 1.6698910366649163E-4
<703,admissions0-0,application3-2,setStatus> 1.6970759679045015E-4
<704,fac5-4,roster5-9,read> 0.0017656822755190609
<705,admissions0-0,application3-1,setStatus> 1.6630948038550206E-4
<706,fac0-4,gradebook0-9,changeScore> 3.1631270565655886E-4
<707,admissions0-0,application4-3,setStatus> 1.9485365818706614E-4
<708,chair4,transcript4-19,read> 0.0021671881942277554
<709,fac3-3,gradebook3-6,assignGrade> 1.7726728422593713E-4
<710,admissions0-0,application3-4,setStatus> 1.683483502284709E-4
<711,admissions0-1,stu2-2application2-2,read> 3.2012560277374155E-5
<712,admissions4-1,stu1-12application1-12,setStatus> 1.3800736806726842E-4
<713,admissions0-0,application3-3,setStatus> 1.6902797350946052E-4
<714,chair3,transcript3-14,read> 0.0020726307272826974
<715,stu4-11,stu4-11application4-11,checkStatus> 0.002197993264529903
<716,admissions0-1,stu1-6application1-6,setStatus> 3.434593929187915E-5
<717,admissions4-0,stu2-12application2-12,setStatus> 6.114458155153323E-5
<718,fac4-4,gradebook4-8,changeScore> 0.0013845244673678786
<719,chair2,transcript2-15,read> 0.0019958027853898374
<720,chair1,transcript1-19,read> 1.9330107174966342E-4
<721,app1-2,application1-2,checkStatus> 2.7084399559401716E-4
<722,admissions2-1,stu4-3application4-3,setStatus> 2.17010412106639E-4
<723,registrar4-1,transcript3-18,read> 4.3076502426226315E-4
<724,admissions0-1,application3-2,setStatus> 1.691332902023268E-4
<725,admissions0-1,application3-1,setStatus> 1.657466733452804E-4
<726,admissions4-1,stu3-16application3-16,read> 3.576482442586784E-5
<727,fac2-3,gradebook2-6,assignGrade> 8.245384560494093E-4
<728,registrar4-1,transcript5-6,read> 3.720314394238934E-4
<729,admissions0-1,stu5-2application5-2,read> 1.6969885521745358E-4
<730,admissions0-1,application3-0,setStatus> 1.6642399671668964E-4
<731,fac4-0,gradebook4-1,changeScore> 0.0013185113809699876
<732,admissions0-1,application3-4,setStatus> 1.6777864345950822E-4
<733,stu5-2,stu5-2application5-2,checkStatus> 0.0017642297634832401
<734,admissions2-0,stu3-3application3-3,setStatus> 2.1329644145265787E-4
<735,fac5-1,roster5-3,read> 0.0016137567327343223
<736,app5-0,application5-0,checkStatus> 0.002328122314843901
<737,admissions0-1,stu5-12application5-12,read> 1.0294186373135444E-4
<738,registrar0-1,transcript1-3,read> 3.2223789436535853E-4
<739,registrar4-0,transcript1-9,read> 3.761625625077046E-4
<740,admissions2-0,stu3-10application3-10,read> 5.13594686644575E-5
<741,chair0,transcript0-8,read> 6.66088406474955E-4
<742,stu1-10,transcript1-10,read> 2.335013507757405E-4
<743,chair1,transcript1-1,read> 0.0015584745007689426
<744,admissions0-0,stu0-16application0-16,setStatus> 1.6223174069956433E-4
<745,fac2-3,roster2-6,read> 0.001982718765211545
<746,registrar4-1,transcript3-9,read> 8.461176893825428E-5
<747,registrar4-1,transcript1-0,read> 3.3204261570415227E-4
<748,chair2,transcript2-17,read> 0.002031261835494234
<749,stu1-17,stu1-17application1-17,checkStatus> 7.417872253018221E-4
<750,stu1-12,stu1-12application1-12,checkStatus> 0.0014667919341941004
<751,chair5,transcript5-2,read> 0.0017357697512909271
<752,fac5-1,gradebook5-3,assignGrade> 2.0727323258861463E-4
<753,stu2-15,transcript2-15,read> 0.0017251854585573173
<754,admissions2-0,stu2-15application2-15,read> 3.5705456093234074E-5
<755,admissions4-1,stu4-2application4-2,setStatus> 1.0943904121511073E-4
<756,admissions2-1,stu2-15application2-15,read> 3.456059176960333E-5
<757,stu2-3,stu2-3application2-3,checkStatus> 7.913601968500119E-4
<758,registrar2-1,transcript0-7,read> 1.2408590125385306E-4
<759,admissions4-0,stu2-7application2-7,read> 9.401949484264609E-5
<760,registrar4-1,roster0-6,read> 2.4729613695789006E-4
<761,admissions2-1,stu5-15application5-15,read> 3.944835960973579E-5
<762,registrar0-1,roster4-7,read> 1.1241398099146401E-4
<763,stu1-5,transcript1-5,read> 0.0015821472564412757
<764,registrar2-0,transcript2-11,read> 3.583116654509496E-4
<765,registrar2-1,roster1-7,write> 1.628810371228821E-4
<766,admissions0-1,stu1-15application1-15,read> 1.661225878164125E-4
<767,admissions4-0,stu3-0application3-0,read> 7.620393525143863E-5
<768,registrar0-1,transcript3-5,read> 7.929955400703446E-5
<769,admissions2-1,stu0-6application0-6,read> 5.411166313013319E-5
<770,admissions0-1,stu1-16application1-16,read> 1.3214804750652279E-4
<771,app4-3,application4-3,checkStatus> 0.0017766230063702875
<772,admissions2-1,stu0-16application0-16,setStatus> 1.3258533123162362E-4
<773,admissions2-1,stu4-11application4-11,read> 1.733731984293654E-4
<774,admissions2-0,stu1-6application1-6,read> 2.5606093144057675E-5
<775,fac5-4,gradebook5-9,assignGrade> 1.4297477181144852E-4
<776,admissions4-1,stu4-9application4-9,setStatus> 1.3975644930311478E-4
<777,chair1,transcript1-5,read> 0.0018303272182359854
<778,fac4-4,gradebook4-9,changeScore> 0.0011804840185016714
<779,admissions0-0,stu3-12application3-12,read> 8.415322006307161E-5
<780,admissions4-1,stu2-7application2-7,read> 9.476716478175262E-5
<781,fac4-1,gradebook4-2,assignGrade> 4.7304020380090127E-4
<782,registrar4-0,roster4-1,write> 1.2253964198420797E-4
<783,stu4-6,transcript4-6,read> 0.0010661880273798397
<784,registrar0-1,transcript2-0,read> 2.4160304096982962E-4
<785,admissions4-0,stu1-0application1-0,setStatus> 2.1327095078814247E-4
<786,stu0-3,stu0-3application0-3,checkStatus> 9.710622187122007E-4
<787,admissions2-0,stu2-17application2-17,read> 1.0791590117984536E-4
<788,admissions0-1,stu5-17application5-17,read> 1.5002938451172791E-4
<789,stu0-12,transcript0-12,read> 0.0016894259080283069
<790,stu3-12,stu3-12application3-12,checkStatus> 8.719162756158208E-4
<791,stu5-16,gradebook5-4,addScore> 1.0152623365542815E-4
<792,chair5,transcript5-9,read> 0.0017653189597112576
<793,stu2-3,transcript2-3,read> 9.997774335402491E-4
<794,admissions2-0,stu0-6application0-6,read> 5.590418199158689E-5
<795,registrar0-0,transcript3-1,read> 7.447464689845507E-5
<796,admissions2-0,stu1-9application1-9,setStatus> 1.7427617551265818E-4
<797,stu2-6,stu2-6application2-6,checkStatus> 0.0017332466562656218
<798,registrar4-0,roster4-1,read> 1.6849200772828596E-4
<799,admissions4-1,stu3-0application3-0,read> 7.68099307603964E-5
<800,stu4-4,gradebook4-7,addScore> 5.226953541346638E-4
<801,stu2-11,transcript2-11,read> 0.001699642922465167
<802,admissions2-0,stu2-8application2-8,read> 1.98810167722433E-4
<803,registrar4-1,roster5-9,write> 1.1267784838126229E-4
<804,fac2-4,gradebook2-9,changeScore> 0.002266699349230597
<805,registrar4-1,roster5-8,write> 1.0921527685610184E-4
<806,admissions0-1,stu0-18application0-18,setStatus> 2.653132089424452E-4
<807,admissions2-1,stu3-6application3-6,read> 1.8314873410963037E-4
<808,registrar4-1,roster5-7,write> 1.1060030546616601E-4
<809,admissions4-1,application2-1,read> 5.320899461804248E-5
<810,admissions0-1,stu4-13application4-13,read> 2.1321010859678602E-4
<811,admissions0-0,stu1-16application1-16,read> 1.325967675320118E-4
<812,fac2-2,gradebook2-4,assignGrade> 8.288250201012204E-4
<813,stu2-7,transcript2-7,read> 9.793434046665287E-4
<814,registrar2-0,transcript4-11,read> 3.6800425402169545E-4
<815,registrar4-0,transcript4-16,read> 4.499902972781959E-4
<816,registrar4-0,transcript2-0,read> 2.87569280783115E-4
<817,stu4-15,transcript4-15,read> 0.0018477896317996387
<818,registrar4-1,roster5-2,write> 1.2306556295674353E-4
<819,admissions0-1,stu0-16application0-16,setStatus> 1.6168273311682467E-4
<820,fac4-2,gradebook4-5,assignGrade> 4.858998959563345E-4
<821,registrar0-0,roster3-1,write> 9.249480030888442E-5
<822,registrar4-1,roster5-6,write> 1.0506019102590934E-4
<823,registrar4-1,roster5-5,write> 1.0644521963597351E-4
<824,admissions2-1,application5-3,setStatus> 2.114561304701248E-4
<825,admissions0-0,stu3-1application3-1,read> 1.9240361625909856E-4
<826,registrar4-1,transcript1-3,read> 3.8952654980128025E-4
<827,registrar0-0,roster4-3,read> 1.437991983931E-4
<828,registrar4-1,roster5-4,write> 1.02290133805781E-4
<829,admissions0-1,stu3-12application3-12,read> 8.3868437592469E-5
<830,chair1,transcript1-11,read> 2.4057980522219262E-4
<831,registrar2-0,roster0-4,write> 1.5380336200447288E-4
<832,registrar4-1,roster5-3,write> 1.0298264811081309E-4
<833,admissions2-1,stu0-7application0-7,setStatus> 1.1981048346764104E-4
<834,stu0-16,transcript0-16,read> 0.001638340835844006
<835,registrar0-0,transcript5-1,read> 2.9984592002289085E-4
<836,registrar4-0,transcript4-8,read> 2.4819448890551967E-4
<837,admissions2-1,stu3-9application3-9,read> 8.001683268283528E-5
<838,stu2-6,gradebook2-7,addScore> 0.001026851809793891
<839,admissions2-1,stu2-17application2-17,read> 1.0445567188349761E-4
<840,admissions2-1,stu0-8application0-8,setStatus> 1.6091216757784587E-4
<841,admissions4-0,stu4-12application4-12,read> 1.657907491957962E-4
<842,admissions4-0,stu4-2application4-2,setStatus> 1.0857561682682583E-4
<843,stu5-14,gradebook5-1,readMyScores> 1.8879158860851028E-5
<844,stu4-8,stu4-8application4-8,checkStatus> 0.0010268318117039143
<845,registrar4-0,roster5-2,write> 1.2117588060807953E-4
<846,admissions2-1,stu1-8application1-8,setStatus> 1.420276100136977E-4
<847,admissions4-1,stu4-14application4-14,read> 1.609523987461799E-4
<848,registrar4-0,roster5-3,write> 1.0140134065421712E-4
<849,registrar4-1,transcript4-4,read> 2.5831322197087964E-4
<850,stu2-6,gradebook2-7,readScore> 3.783138246609073E-4
<851,stu5-12,stu5-12application5-12,checkStatus> 0.0010702081618085804
<852,registrar4-0,roster5-4,write> 1.0071945996615289E-4
<853,stu0-7,gradebook0-2,addScore> 1.5642176310279933E-4
<854,registrar4-0,roster5-5,write> 1.0481074409453822E-4
<855,stu0-6,stu0-6application0-6,checkStatus> 6.860176323101082E-4
<856,registrar4-0,roster5-1,write> 1.2049399992001532E-4
<857,registrar0-1,roster4-2,read> 1.4234728045546844E-4
<858,admissions2-1,stu3-18application3-18,read> 1.543109038528488E-4
<859,registrar4-0,roster5-6,write> 1.0344698271840977E-4
<860,stu5-13,stu5-13application5-13,checkStatus> 0.002315729071956854
<861,registrar4-0,transcript0-10,read> 3.9954134518502683E-4
<862,registrar2-0,transcript3-17,read> 3.733890254498876E-4
<863,registrar0-1,transcript1-6,read> 3.170689935066707E-4
<864,registrar4-0,roster5-7,write> 1.0890202822292355E-4
<865,registrar4-0,roster5-8,write> 1.0753826684679511E-4
<866,registrar2-0,transcript4-14,read> 3.916972483057406E-4
<867,registrar4-0,roster5-9,write> 1.109476702871162E-4
<868,admissions0-1,stu2-13application2-13,read> 1.2082320073655957E-4
<869,admissions2-1,stu1-6application1-6,read> 2.478505608933839E-5
<870,chair2,transcript2-11,read> 0.0019662535769695067
<871,admissions2-0,stu0-16application0-16,setStatus> 1.369773918935408E-4
<872,stu4-8,gradebook4-2,readScore> 1.2098623989443214E-4
<873,admissions2-0,stu5-19application5-19,setStatus> 3.5983762401776725E-5
<874,registrar2-0,transcript3-16,read> 3.7554293402116437E-4
<875,registrar4-0,roster1-2,write> 1.8254514253385955E-4
<876,admissions2-0,stu2-8application2-8,setStatus> 2.2592064513912843E-4
<877,admissions2-1,stu1-9application1-9,setStatus> 1.6868816186896572E-4
<878,admissions4-1,stu0-12application0-12,setStatus> 5.871568537556552E-5
<879,chair1,transcript1-3,read> 0.0018421469016041178
<880,admissions0-0,stu2-13application2-13,read> 1.2123346627386537E-4
<881,fac1-1,gradebook1-2,addScore> 6.395812825081847E-4
<882,admissions4-1,stu4-13application4-13,setStatus> 2.085536445797394E-4
<883,admissions4-0,stu1-8application1-8,setStatus> 1.4790867046975142E-4
<884,admissions2-1,stu5-19application5-19,setStatus> 3.482997442897427E-5
<885,admissions4-1,stu4-17application4-17,read> 8.912346266075494E-5
<886,admissions4-0,stu0-12application0-12,setStatus> 5.825244525425928E-5
<887,registrar2-0,transcript2-16,read> 3.6692729973605696E-4
<888,admissions2-0,stu5-3application5-3,setStatus> 1.668164187888347E-4
<889,admissions2-0,stu1-8application1-8,setStatus> 1.467324583785407E-4
<890,registrar0-0,transcript2-13,read> 3.4762047561608925E-4
<891,admissions2-0,stu0-10application0-10,setStatus> 2.2362533537795197E-4
<892,fac0-0,gradebook0-1,assignGrade> 1.1939866952648761E-4
<893,registrar2-0,transcript5-5,read> 3.173874025966896E-4
<894,fac1-0,gradebook1-1,addScore> 3.748583457193764E-4
<895,admissions0-0,application5-3,setStatus> 2.587382466000906E-4
<896,admissions2-1,stu3-3application3-3,setStatus> 2.0645727699726202E-4
<897,registrar2-1,transcript5-9,read> 3.23128160584407E-4
<898,fac4-3,gradebook4-7,addScore> 4.3938148364640615E-4
<899,admissions4-0,stu4-17application4-17,read> 8.842031897112374E-5
<900,admissions0-1,stu5-11application5-11,setStatus> 1.4407232546018327E-4
<901,admissions0-1,stu2-1application2-1,setStatus> 1.5220020591709467E-4
<902,admissions2-0,stu0-1application0-1,setStatus> 1.762128431236508E-5
<903,stu5-19,stu5-19application5-19,checkStatus> 3.8857980302096836E-4
<904,admissions4-0,stu3-18application3-18,read> 1.607005893125941E-4
<905,fac1-1,gradebook1-2,changeScore> 9.164316729101092E-4
<906,stu2-9,gradebook2-4,readMyScores> 1.4404524294326813E-4
<907,fac1-1,gradebook1-3,changeScore> 9.344352419277159E-4
<908,admissions2-1,stu3-5application3-5,setStatus> 1.2092133979494387E-4
<909,registrar2-1,roster2-1,write> 8.674832723934515E-5
<910,admissions4-0,stu0-11application0-11,read> 1.708809090789983E-4
<911,registrar2-1,roster2-3,write> 7.835574504745917E-5
<912,registrar2-1,roster2-2,write> 8.015415551714901E-5
<913,registrar2-1,transcript3-11,read> 3.826244881016921E-4
<914,stu2-18,transcript2-18,read> 0.0017660535163047577
<915,registrar2-1,roster2-5,write> 8.075362567371231E-5
<916,registrar0-1,transcript0-15,read> 3.3774459694142165E-4
<917,admissions2-0,stu2-18application2-18,read> 1.5235309815622152E-4
<918,registrar4-0,transcript4-14,read> 4.4752937278584614E-4
<919,admissions0-1,stu3-14application3-14,setStatus> 1.5761879288836897E-4
<920,admissions4-1,stu3-18application3-18,read> 1.6197852640454315E-4
<921,registrar0-0,transcript5-9,read> 3.10231692977934E-4
<922,registrar2-1,roster5-4,read> 1.2175176434992311E-4
<923,admissions2-0,stu0-5application0-5,read> 1.6295742925285676E-4
<924,registrar2-1,roster2-4,write> 8.13530958302756E-5
<925,registrar2-1,roster2-7,write> 1.1012766334531317E-4
<926,registrar2-1,roster2-6,write> 1.0952819318874991E-4
<927,registrar2-1,roster2-9,write> 1.1192607381500305E-4
<928,fac1-2,gradebook1-4,changeScore> 8.32415017494612E-4
<929,registrar0-0,transcript1-17,read> 3.50087096692912E-5
<930,admissions4-0,stu0-16application0-16,setStatus> 1.3807540705902004E-4
<931,admissions4-0,stu0-2application0-2,setStatus> 9.664555460057086E-6
<932,registrar2-1,roster1-8,read> 2.2478569750923746E-4
<933,fac1-2,gradebook1-5,changeScore> 8.504185865122187E-4
<934,chair0,transcript0-6,read> 6.483588814227566E-4
<935,admissions4-1,stu4-3application4-3,setStatus> 2.2779353817404963E-4
<936,stu5-4,stu5-4application5-4,checkStatus> 7.727703325194407E-4
<937,registrar0-1,transcript4-5,read> 2.147247565046533E-4
<938,admissions0-0,stu1-17application1-17,setStatus> 8.135657026179931E-5
<939,stu0-14,gradebook0-4,addScore> 6.518334270101831E-5
<940,stu2-10,stu2-10application2-10,checkStatus> 0.0015039716628552431
<941,admissions4-1,stu0-5application0-5,setStatus> 1.8814769682819817E-4
<942,registrar4-0,transcript2-4,read> 2.3958125318229576E-4
<943,admissions2-1,stu4-9application4-9,setStatus> 1.3314075939527506E-4
<944,admissions2-0,application5-2,setStatus> 2.1731323353471675E-4
<945,admissions4-0,stu1-10application1-10,read> 1.1030800646889291E-4
<946,admissions0-0,stu4-10application4-10,setStatus> 3.9899550121432375E-5
<947,fac3-4,gradebook3-9,addScore> 3.5896826688112845E-4
<948,chair3,transcript3-0,read> 4.296947391123092E-4
<949,chair2,transcript2-7,read> 0.0011329658995161802
<950,admissions2-1,stu0-18application0-18,read> 1.914579394378555E-4
<951,admissions4-1,stu0-2application0-2,setStatus> 9.741410771866681E-6
<952,admissions4-1,stu5-14application5-14,setStatus> 3.772671054540888E-5
<953,stu0-9,gradebook0-6,addScore> 1.332165599165028E-4
<954,admissions2-1,stu3-17application3-17,read> 1.3867004676442488E-4
<955,registrar4-0,roster3-4,write> 1.1026578959905201E-4
<956,registrar4-0,transcript3-5,read> 9.438670813366282E-5
<957,stu4-12,gradebook4-8,readMyScores> 9.205129592035741E-5
<958,admissions2-1,stu0-1application0-1,setStatus> 1.7056273192128927E-5
<959,admissions4-1,stu2-13application2-13,read> 1.0400231370702155E-4
<960,admissions2-1,stu0-9application0-9,setStatus> 1.2147676795859528E-4
<961,admissions2-0,stu0-4application0-4,setStatus> 1.4558480349795248E-4
<962,stu0-9,transcript0-9,read> 5.962053632842747E-4
<963,stu5-11,stu5-11application5-11,checkStatus> 0.0013180730195495303
<964,chair2,transcript2-3,read> 0.0011566052662524448
<965,registrar2-0,roster1-5,write> 1.5917466777536475E-4
<966,registrar0-1,transcript2-12,read> 3.4498105814358447E-4
<967,registrar4-0,transcript3-14,read> 4.3153336358557316E-4
<968,admissions0-1,stu5-3application5-3,read> 1.7327512261849456E-4
<969,admissions2-0,stu4-9application4-9,setStatus> 1.375512193338349E-4
<970,admissions4-1,stu1-10application1-10,read> 1.1118520731556404E-4
<971,admissions4-0,stu5-14application5-14,setStatus> 3.742906391388691E-5
<972,admissions4-0,stu2-16application2-16,setStatus> 1.1840888023755724E-4
<973,registrar2-1,transcript0-14,read> 3.5449895145715733E-4
<974,admissions0-0,stu5-17application5-17,setStatus> 1.710668433524294E-4
<975,admissions4-1,application2-4,read> 5.936576056822176E-5
<976,registrar4-1,transcript1-2,read> 3.8827689906003823E-4
<977,registrar2-1,roster3-2,read> 1.3081875046794275E-4
<978,admissions4-1,application2-3,read> 5.833963290985855E-5
<979,admissions4-0,stu3-15application3-15,setStatus> 1.6294777921557592E-4
<980,registrar4-0,transcript2-3,read> 2.4081171542847057E-4
<981,stu0-13,stu0-13application0-13,checkStatus> 0.002043077728441809
<982,admissions2-0,stu3-17application3-17,read> 1.4326367150196279E-4
<983,admissions0-1,stu0-17application0-17,read> 2.2215077709938856E-4
<984,stu2-10,gradebook2-3,readScore> 2.0924008794400586E-4
<985,chair2,transcript2-2,read> 0.0011388757412002465
<986,registrar0-0,transcript5-4,read> 3.071159610914211E-4
<987,registrar4-0,transcript3-8,read> 8.454301016426398E-5
<988,admissions4-1,stu0-15application0-15,read> 1.2093342007001457E-4
<989,chair0,transcript0-17,read> 0.0018894256350766464
<990,admissions4-0,stu5-16application5-16,read> 1.3270470995498232E-4
<991,admissions4-1,stu1-0application1-0,setStatus> 2.1496694244450942E-4
<992,registrar0-0,transcript0-2,read> 1.8144810833539923E-4
<993,registrar2-0,roster1-4,read> 2.1476208739391748E-4
<994,chair3,transcript3-11,read> 0.002090360252334896
<995,admissions0-1,stu4-13application4-13,setStatus> 2.422842143145296E-4
<996,registrar0-1,roster0-4,read> 2.0300159779042484E-4
<997,stu4-8,transcript4-8,read> 0.0010304284768508293
<998,admissions0-1,stu1-2application1-2,read> 1.8638810308897836E-4
<999,admissions0-0,stu3-7application3-7,read> 1.720692876918891E-4
<1000,admissions4-0,stu3-12application3-12,setStatus> 8.13895356324508E-5
<1001,stu4-0,stu4-0application4-0,checkStatus> 7.355906038582983E-4
<1002,chair3,transcript3-17,read> 0.002048991360546433
<1003,chair3,transcript3-15,read> 0.002066720885598631
<1004,admissions4-0,application5-1,setStatus> 2.1789836886378078E-4
<1005,admissions0-0,stu4-11application4-11,read> 2.121398763390372E-4
<1006,stu0-14,stu0-14application0-14,checkStatus> 0.0014543986913070532
<1007,admissions2-1,stu5-11application5-11,setStatus> 1.1814419897668678E-4
<1008,fac4-2,gradebook4-4,changeScore> 0.0013545185190052009
<1009,stu2-18,gradebook2-9,readMyScores> 3.0333580684328734E-4
<1010,registrar4-1,transcript0-0,read> 2.2332300121610623E-4
<1011,registrar0-0,roster5-7,read> 1.2638897671193587E-4
<1012,admissions2-0,stu4-17application4-17,setStatus> 9.967860827442336E-5
<1013,registrar2-0,roster0-2,write> 1.5201292674750895E-4
<1014,registrar4-0,transcript2-11,read> 4.093850431544257E-4
<1015,chair3,transcript3-10,read> 0.0021021799357030277
<1016,admissions2-0,stu5-2application5-2,setStatus> 1.6337345414707002E-4
<1017,chair5,transcript5-15,read> 1.460223382771343E-4
<1018,admissions4-1,application2-2,read> 5.372205844722408E-5
<1019,registrar0-1,roster2-1,read> 1.13989417805359E-4
<1020,admissions4-1,stu0-9application0-9,setStatus> 1.2751288065219007E-4
<1021,admissions4-1,application2-0,read> 5.2695930788860866E-5
<1022,admissions4-0,application2-3,read> 5.787935967191094E-5
<1023,registrar2-1,transcript0-10,read> 3.512536972289418E-4
<1024,admissions0-1,stu2-13application2-13,setStatus> 1.3729909174609045E-4
<1025,fac0-3,gradebook0-6,changeScore> 2.803055676213458E-4
<1026,admissions4-0,application2-2,read> 5.329821577702901E-5
<1027,registrar0-1,roster4-8,write> 7.54538752836667E-5
<1028,stu5-2,gradebook5-5,addScore> 2.0498280053029734E-4
<1029,admissions4-0,application2-4,read> 5.889739164855136E-5
<1030,admissions0-1,stu1-2application1-2,setStatus> 2.1180466260111176E-4
<1031,fac4-3,gradebook4-6,changeScore> 0.0013725220880228075
<1032,admissions0-1,stu0-10application0-10,read> 2.3228353473567144E-4
<1033,admissions4-0,stu0-15application0-15,read> 1.1997931024697698E-4
<1034,registrar2-0,roster1-3,write> 1.567874207660795E-4
<1035,admissions0-1,stu3-7application3-7,read> 1.7148698891797406E-4
<1036,registrar2-0,roster3-8,write> 1.0128392780019693E-4
<1037,app4-2,application4-2,checkStatus> 0.0017394432777091454
<1038,registrar2-0,roster0-3,read> 2.0737654195894116E-4
<1039,registrar4-1,transcript3-19,read> 4.282657227797794E-4
<1040,admissions2-0,stu2-1application2-1,setStatus> 1.2894380772942316E-4
<1041,stu3-16,transcript3-16,read> 0.001781379037960048
<1042,admissions2-0,stu2-4application2-4,setStatus> 3.655758984207084E-5
<1043,app3-3,application3-3,checkStatus> 0.0015411513915163857
<1044,registrar0-0,transcript0-18,read> 3.310032388880203E-4
<1045,admissions0-1,stu4-11application4-11,read> 2.114219748962655E-4
<1046,admissions2-1,application5-4,read> 1.8754772516574954E-4
<1047,stu0-0,stu0-0application0-0,checkStatus> 0.0014977750414117191
<1048,admissions0-1,stu2-3application2-3,read> 7.611985822354679E-5
<1049,stu5-14,transcript5-14,read> 1.3133120640713937E-4
<1050,admissions2-1,stu4-17application4-17,setStatus> 9.648250059428151E-5
<1051,stu2-19,transcript2-19,read> 0.0017762705307416177
<1052,registrar2-1,transcript4-18,read> 3.9776900783336473E-4
<1053,chair1,transcript1-4,read> 0.001824417376551919
<1054,admissions4-0,application3-0,setStatus> 1.4212439787520358E-4
<1055,admissions4-0,stu0-5application0-5,setStatus> 1.8666329685322226E-4
<1056,admissions4-0,application2-0,read> 5.228018380038859E-5
<1057,admissions4-0,application2-1,read> 5.27891997887088E-5
<1058,app2-4,application2-4,checkStatus> 7.17000739527727E-4
<1059,fac3-3,roster3-6,read> 0.0018199413979421816
<1060,registrar0-0,transcript1-0,read> 2.759586422262917E-4
<1061,stu0-2,transcript0-2,read> 8.924987819532178E-4
<1062,stu4-9,gradebook4-2,addScore> 3.3435113586589366E-4
<1063,stu1-18,stu1-18application1-18,checkStatus> 0.0013862358554282916
<1064,registrar0-1,roster2-6,read> 1.4392271726936342E-4
<1065,fac1-4,gradebook1-8,changeScore> 7.784043104417925E-4
<1066,registrar0-0,transcript3-17,read> 3.6008340316214107E-4
<1067,fac1-4,gradebook1-9,readScore> 2.047743906587201E-4
<1068,admissions4-1,application5-3,read> 1.9532767530134755E-4
<1069,registrar0-1,roster2-5,read> 1.0611223373588414E-4
<1070,registrar0-1,roster2-4,read> 1.0689995214283164E-4
<1071,registrar0-1,roster2-3,read> 1.0296136010809422E-4
<1072,admissions0-0,stu0-10application0-10,read> 2.330722733935175E-4
<1073,admissions0-0,application3-4,read> 1.4814654820105436E-4
<1074,registrar4-0,transcript4-4,read> 2.5434680013639396E-4
<1075,app0-2,application0-2,checkStatus> 7.479838467453457E-4
<1076,stu0-4,gradebook0-5,addScore> 7.989815215728749E-5
<1077,stu2-6,gradebook2-1,readMyScores> 1.5074781537176553E-4
<1078,fac1-3,gradebook1-7,changeScore> 8.804245348748961E-4
<1079,fac1-3,gradebook1-6,changeScore> 8.624209658572897E-4
<1080,registrar2-0,roster2-9,write> 1.1142972758965935E-4
<1081,admissions2-1,stu2-1application2-1,setStatus> 1.248093369405038E-4
<1082,admissions0-0,stu3-3application3-3,setStatus> 2.5262163707118397E-4
<1083,registrar2-0,roster3-1,read> 1.3187985529029448E-4
<1084,registrar2-0,roster2-7,write> 1.0963929233269536E-4
<1085,registrar2-0,roster2-8,write> 1.10832915837338E-4
<1086,registrar0-1,roster5-2,read> 1.39984125234626E-4
<1087,registrar2-0,roster2-5,write> 8.039551646895082E-5
<1088,chair3,transcript3-1,read> 4.2378489742824307E-4
<1089,admissions4-1,application5-4,setStatus> 2.2371234862374135E-4
<1090,stu4-10,transcript4-10,read> 0.0017302939657757473
<1091,admissions0-1,stu3-0application3-0,read> 8.923283869403053E-5
<1092,registrar2-0,roster1-8,write> 1.6275553828929264E-4
<1093,admissions4-1,stu4-8application4-8,read> 8.50189520273021E-5
<1094,registrar0-0,roster2-8,read> 1.4696469324422076E-4
<1095,fac4-2,gradebook4-5,changeScore> 0.0013605197086777366
<1096,registrar2-0,roster2-6,write> 1.0904248058037408E-4
<1097,registrar0-0,roster2-9,read> 1.4775606695700095E-4
<1098,registrar2-0,roster2-3,write> 7.800826945966556E-5
<1099,registrar0-0,roster2-6,read> 1.4459057210588022E-4
<1100,app5-4,application5-4,checkStatus> 0.002377695286392091
<1101,admissions2-1,stu0-5application0-5,read> 1.5773234134094154E-4
<1102,admissions4-1,stu5-17application5-17,setStatus> 1.4675277424650032E-4
<1103,registrar2-0,roster2-4,write> 8.099232822127214E-5
<1104,stu2-7,gradebook2-7,readMyScores> 2.303280420942491E-4
<1105,admissions0-1,stu5-17application5-17,setStatus> 1.7048793694514537E-4
<1106,admissions4-0,stu5-10application5-10,setStatus> 2.0748667819359462E-4
<1107,admissions0-0,stu4-16application4-16,setStatus> 2.0436838412092085E-4
<1108,admissions4-0,stu3-5application3-5,read> 1.1081702245721312E-4
<1109,stu4-19,transcript4-19,read> 0.001873332167891789
<1110,registrar0-0,roster2-7,read> 1.4538194581866038E-4
<1111,chair2,transcript2-9,read> 0.0011743347913046435
<1112,stu4-12,transcript4-12,read> 0.0018426811245812085
<1113,registrar2-0,roster2-1,write> 8.636363399216401E-5
<1114,registrar2-1,roster0-3,write> 1.5149110414817974E-4
<1115,admissions0-1,stu5-5application5-5,read> 1.0472999743187495E-4
<1116,registrar2-0,roster2-2,write> 7.979870471662949E-5
<1117,admissions0-1,stu2-11application2-11,setStatus> 9.259574923307764E-5
<1118,registrar0-0,roster1-8,read> 2.1581420625609713E-4
<1119,admissions4-1,stu3-15application3-15,setStatus> 1.642435866049642E-4
<1120,registrar0-0,roster2-1,read> 1.1451837102023307E-4
<1121,stu1-0,gradebook1-6,addScore> 1.4936650026187924E-4
<1122,stu0-5,gradebook0-8,addScore> 9.206364913555206E-5
<1123,registrar0-0,roster2-3,read> 1.0343913904131044E-4
<1124,registrar0-0,roster2-2,read> 1.0581326017965097E-4
<1125,fac5-0,gradebook5-1,readScore> 7.155068435108263E-5
<1126,registrar0-0,roster2-5,read> 1.0660463389243116E-4
<1127,admissions0-0,stu2-1application2-1,setStatus> 1.527170147657096E-4
<1128,registrar0-1,transcript0-0,read> 1.8474513152426443E-4
<1129,admissions4-0,stu0-8application0-8,read> 1.4746617361626848E-4
<1130,registrar0-0,roster2-4,read> 1.0739600760521138E-4
<1131,admissions2-1,stu2-5application2-5,read> 1.3231594857225268E-4
<1132,admissions2-1,stu5-2application5-2,setStatus> 1.581350267595888E-4
<1133,admissions0-0,stu5-5application5-5,read> 1.0508561711755193E-4
<1134,admissions0-1,stu2-9application2-9,setStatus> 2.4160689094312025E-4
<1135,stu3-5,gradebook3-4,readMyScores> 6.175997793989316E-5
<1136,admissions2-0,application0-1,read> 6.14588316136339E-5
<1137,admissions2-0,application3-4,read> 1.2508481819344526E-4
<1138,admissions4-1,application4-3,setStatus> 1.671587219980415E-4
<1139,admissions2-0,application0-0,read> 6.34787042034692E-5
<1140,admissions2-0,application0-4,setStatus> 7.041340881942358E-5
<1141,registrar0-1,roster3-2,write> 9.092180036554456E-5
<1142,admissions0-1,stu0-2application0-2,setStatus> 1.1316944663963464E-5
<1143,admissions0-1,stu5-6application5-6,read> 3.558882767841518E-5
<1144,stu4-16,gradebook4-9,readMyScores> 3.953453779524573E-5
<1145,admissions2-0,stu2-5application2-5,read> 1.3669908558499813E-4
<1146,admissions4-1,stu3-3application3-3,setStatus> 2.167160236803558E-4
<1147,admissions0-1,stu4-4application4-4,read> 1.6373840954905184E-4
<1148,admissions2-0,stu0-12application0-12,read> 5.085450051699868E-5
<1149,admissions4-0,stu1-5application1-5,read> 1.092899744922525E-4
<1150,registrar0-1,transcript5-0,read> 3.0156229093060747E-4
<1151,app1-4,application1-4,checkStatus> 1.7789467394116094E-4
<1152,admissions0-1,stu4-0application4-0,read> 7.075545712198525E-5
<1153,admissions2-1,stu3-14application3-14,read> 1.1374243077974931E-4
<1154,admissions2-0,stu0-0application0-0,setStatus> 1.386988742144231E-4
<1155,admissions4-1,stu4-11application4-11,read> 1.8198801574262582E-4
<1156,stu3-7,gradebook3-6,addScore> 1.5426017851144028E-4
<1157,chair0,transcript0-5,read> 6.60178564790889E-4
<1158,stu4-17,gradebook4-8,readMyScores> 9.496200883483512E-5
<1159,stu4-17,gradebook4-7,readMyScores> 6.926672624114166E-5
<1160,admissions2-0,application0-4,read> 6.196379976109274E-5
<1161,admissions4-0,stu1-4application1-4,setStatus> 2.248394959772382E-4
<1162,registrar2-1,transcript5-2,read> 3.177194035373811E-4
<1163,admissions2-0,application0-3,setStatus> 7.098723625971767E-5
<1164,fac4-1,gradebook4-3,assignGrade> 4.773267678527123E-4
<1165,admissions2-1,stu2-5application2-5,setStatus> 1.50359032468469E-4
<1166,admissions2-0,application0-2,setStatus> 6.926575393883534E-5
<1167,admissions4-1,stu0-14application0-14,setStatus> 1.3684131391003746E-4
<1168,chair4,transcript4-9,read> 0.001203883999724974
<1169,admissions2-0,application0-2,read> 6.09538634661751E-5
<1170,admissions2-0,application0-1,setStatus> 6.983958137912944E-5
<1171,registrar2-1,transcript2-10,read> 3.5882595709477806E-4
<1172,stu3-2,stu3-2application3-2,checkStatus> 6.17854796431347E-4
<1173,stu1-1,gradebook1-6,addScore> 1.4999807108751086E-4
<1174,admissions4-0,stu5-4application5-4,setStatus> 7.213469948117419E-5
<1175,admissions4-0,application5-4,read> 1.9531367651836855E-4
<1176,registrar0-1,transcript2-13,read> 3.4601483831532207E-4
<1177,stu4-17,gradebook4-3,readMyScores> 6.596164021785884E-5
<1178,admissions2-0,application0-3,read> 6.246876790855154E-5
<1179,admissions2-0,application0-0,setStatus> 7.213489114030591E-5
<1180,fac3-0,roster3-1,read> 0.0017439786265498124
<1181,admissions2-0,stu4-19application4-19,read> 6.398367235092803E-5
<1182,stu4-11,transcript4-11,read> 0.0017456194874310377
<1183,chair5,transcript5-4,read> 0.0017475894346590593
<1184,admissions2-1,application0-0,read> 6.14433148903319E-5
<1185,admissions2-1,application0-2,read> 5.899943097026566E-5
<1186,admissions4-1,stu1-1application1-1,setStatus> 2.2895959233128053E-4
<1187,admissions2-1,application0-1,read> 5.948820775427891E-5
<1188,registrar2-0,transcript2-19,read> 3.744659797355259E-4
<1189,registrar4-1,roster1-4,read> 2.492005512967283E-4
<1190,registrar4-1,transcript4-8,read> 2.520649682646701E-4
<1191,chair2,transcript2-8,read> 0.0011270560578321143
<1192,registrar0-1,roster2-9,read> 1.470735908971534E-4
<1193,registrar4-1,roster0-8,read> 2.6253145166859595E-4
<1194,admissions0-0,stu5-6application5-6,read> 3.570967259413136E-5
<1195,stu4-17,stu4-17application4-17,checkStatus> 0.0010764047832521042
<1196,registrar4-0,roster1-7,write> 1.8527266528611645E-4
<1197,registrar0-1,roster2-8,read> 1.4628587249020586E-4
<1198,registrar0-1,roster2-7,read> 1.4471043567631088E-4
<1199,stu5-5,stu5-5application5-5,checkStatus> 0.0010887980261391518
<1200,admissions0-1,stu0-10application0-10,setStatus> 2.639585621996267E-4
<1201,admissions2-1,application5-1,read> 1.8412628767765685E-4
<1202,admissions4-0,stu3-7application3-7,setStatus> 1.6641834277230464E-4
<1203,admissions2-0,stu3-14application3-14,read> 1.1751029598156295E-4
<1204,stu2-2,transcript2-2,read> 9.84451911884959E-4
<1205,admissions0-0,application2-4,setStatus> 7.863807713784082E-5
<1206,admissions0-0,stu1-6application1-6,setStatus> 3.446256387351541E-5
<1207,stu4-16,gradebook4-4,readMyScores> 6.042743571862937E-5
<1208,admissions2-1,application0-2,setStatus> 6.704480792075645E-5
<1209,admissions2-1,application0-3,read> 6.046576132230541E-5
<1210,chair2,transcript2-1,read> 0.0011447855828843124
<1211,admissions2-1,application0-1,setStatus> 6.760023608440787E-5
<1212,admissions2-1,application0-4,read> 5.9976984538292164E-5
<1213,registrar2-1,roster0-3,read> 2.0830026820374716E-4
<1214,fac2-3,gradebook2-6,readScore> 5.936207061073666E-4
<1215,stu4-1,transcript4-1,read> 0.0010764050418167
<1216,admissions2-1,application0-4,setStatus> 6.815566424805928E-5
<1217,admissions2-1,application0-3,setStatus> 6.87110924117107E-5
<1218,admissions2-1,stu5-3application5-3,read> 1.420914842525176E-4
<1219,admissions4-1,stu4-0application4-0,read> 6.090495205576657E-5
<1220,admissions4-1,stu4-14application4-14,setStatus> 1.82900453120659E-4
<1221,stu2-1,gradebook2-4,readMyScores> 1.4959730798176667E-4
<1222,admissions0-1,stu1-9application1-9,read> 1.8102370198741678E-4
<1223,admissions4-1,stu3-7application3-7,setStatus> 1.67741749076657E-4
<1224,admissions2-1,stu2-11application2-11,read> 6.681985951447762E-5
<1225,registrar0-0,transcript3-19,read> 3.5592909398012376E-4
<1226,admissions0-0,stu5-18application5-18,read> 1.3618517845563703E-4
<1227,admissions2-0,stu1-15application1-15,read> 1.4073883076466865E-4
<1228,admissions0-1,stu0-9application0-9,setStatus> 1.4813626568863897E-4
<1229,stu3-9,gradebook3-5,addScore> 1.1582607826342776E-4
<1230,stu0-0,gradebook0-5,addScore> 8.21136988375589E-5
<1231,registrar4-1,transcript5-7,read> 3.7078178868265145E-4
<1232,registrar2-1,transcript3-0,read> 7.86523420588353E-5
<1233,registrar2-1,transcript1-11,read> 4.40362969578694E-5
<1234,stu4-19,gradebook4-5,readMyScores> 9.682005334241035E-5
<1235,stu4-19,gradebook4-9,readMyScores> 4.1060967825950204E-5
<1236,admissions4-0,stu1-7application1-7,read> 3.1410528279259834E-5
<1237,registrar0-0,transcript0-15,read> 3.3931185725205473E-4
<1238,stu4-17,gradebook4-9,readMyScores> 3.983982380138663E-5
<1239,stu5-16,stu5-16application5-16,checkStatus> 0.0016155108488386703
<1240,registrar4-0,roster1-5,write> 1.8186326184579533E-4
<1241,admissions2-0,application4-0,read> 1.3619411743753928E-4
<1242,admissions2-1,application3-2,setStatus> 1.386950410317892E-4
<1243,admissions0-0,stu0-2application0-2,setStatus> 1.1355372319868264E-5
<1244,admissions2-0,stu3-1application3-1,read> 1.6245246110539795E-4
<1245,admissions2-1,stu0-12application0-12,read> 4.9223895290000724E-5
<1246,admissions4-0,stu3-3application3-3,setStatus> 2.1500623256650683E-4
<1247,admissions2-0,stu2-11application2-11,read> 6.903335382551621E-5
<1248,stu4-18,gradebook4-3,readMyScores> 6.747799976309698E-5
<1249,admissions2-1,stu3-8application3-8,setStatus> 1.7590872799643414E-4
<1250,stu3-13,stu3-13application3-13,checkStatus> 0.001472988555637624
<1251,admissions2-1,stu2-12application2-12,read> 5.166777921006696E-5
<1252,stu4-18,gradebook4-8,readMyScores> 9.714504352069342E-5
<1253,stu4-13,gradebook4-6,addScore> 2.517591984690453E-4
<1254,stu4-18,gradebook4-7,readMyScores> 7.085906477542078E-5
<1255,app2-3,application2-3,checkStatus> 7.046074966406795E-4
<1256,registrar2-1,roster4-3,read> 1.4977699416925659E-4
<1257,admissions0-0,stu3-10application3-10,setStatus> 6.912335120398612E-5
<1258,registrar2-1,roster4-4,read> 1.1515759262772703E-4
<1259,registrar2-0,roster0-7,write> 1.5440017375679423E-4
<1260,registrar2-1,roster4-5,read> 1.1350904969717799E-4
<1261,registrar2-1,roster4-6,read> 1.2010322141937409E-4
<1262,admissions2-0,stu3-17application3-17,setStatus> 1.627996267067759E-4
<1263,registrar0-1,transcript4-10,read> 3.5014995900227225E-4
<1264,admissions0-0,stu4-1application4-1,read> 2.1692442423720414E-4
<1265,admissions2-1,stu1-1application1-1,setStatus> 2.1812126843394182E-4
<1266,admissions4-1,stu1-11application1-11,read> 1.6146546257536155E-4
<1267,registrar2-1,roster4-1,read> 1.4812845123870756E-4
<1268,registrar4-0,roster1-9,read> 2.5662508666058676E-4
<1269,registrar4-0,roster5-1,read> 1.6567924989002104E-4
<1270,stu1-2,transcript1-2,read> 0.0015872557636597059
<1271,registrar0-1,roster0-8,write> 1.5794947572034875E-4
<1272,registrar0-1,roster0-9,write> 1.5909524794863604E-4
<1273,stu4-2,transcript4-2,read> 0.0010815135490351297
<1274,fac4-4,gradebook4-9,readScore> 3.0352901045520173E-4
<1275,registrar0-1,roster0-6,write> 1.4878329789405075E-4
<1276,registrar0-1,roster0-7,write> 1.4821041177990712E-4
<1277,registrar0-1,roster0-4,write> 1.4763752566576352E-4
<1278,registrar0-1,roster0-5,write> 1.470646395516199E-4
<1279,stu2-0,gradebook2-5,readMyScores> 2.7629991504412964E-4
<1280,admissions2-0,stu0-15application0-15,setStatus> 1.352559095726584E-4
<1281,chair4,transcript4-15,read> 0.002137638985807425
<1282,registrar4-1,transcript4-18,read> 4.5950699131082703E-4
<1283,registrar0-1,roster0-2,write> 1.4591886732333263E-4
<1284,admissions0-0,stu5-3application5-3,read> 1.7386349315370167E-4
<1285,registrar0-1,roster0-3,write> 1.447730950950454E-4
<1286,admissions4-1,stu1-7application1-7,read> 3.1660313792414983E-5
<1287,registrar0-1,roster0-1,write> 1.4362732286675814E-4
<1288,admissions2-0,stu0-0application0-0,read> 1.2205500930869232E-4
<1289,registrar0-1,roster1-6,write> 1.5164772846476887E-4
<1290,registrar2-0,transcript4-16,read> 3.9385115687701753E-4
<1291,admissions0-0,stu3-7application3-7,setStatus> 1.955332814680558E-4
<1292,registrar2-0,roster4-7,read> 1.1710876442034188E-4
<1293,registrar2-1,roster5-4,write> 8.8546737709035E-5
<1294,registrar2-0,roster4-6,read> 1.1957061289866732E-4
<1295,stu4-10,gradebook4-3,readMyScores> 6.495073385436675E-5
<1296,registrar2-0,roster4-9,read> 1.0562013818815651E-4
<1297,registrar2-0,roster4-8,read> 1.0808198666648194E-4
<1298,stu3-3,gradebook3-7,readMyScores> 4.953635701721603E-5
<1299,fac4-3,gradebook4-7,changeScore> 0.0013785232776953428
<1300,fac1-3,gradebook1-6,assignGrade> 3.0800748780617486E-4
<1301,registrar2-0,roster4-4,read> 1.1464691594201646E-4
<1302,stu2-13,stu2-13application2-13,checkStatus> 0.001256106805114293
<1303,registrar2-0,roster4-2,read> 1.4829217847913074E-4
<1304,admissions2-0,stu2-7application2-7,setStatus> 1.0599071011765862E-4
<1305,registrar4-1,transcript1-6,read> 3.8327829609507063E-4
<1306,fac4-0,gradebook4-1,readScore> 3.390189519445623E-4
<1307,admissions4-0,stu3-6application3-6,read> 1.907325326234867E-4
<1308,admissions0-1,stu3-10application3-10,setStatus> 6.888943123375266E-5
<1309,registrar0-1,roster5-3,read> 1.1714029143314896E-4
<1310,registrar0-0,transcript1-3,read> 3.237331978194901E-4
<1311,admissions0-1,stu4-10application4-10,setStatus> 3.9764526263153424E-5
<1312,registrar2-0,roster4-1,read> 1.4747156231968887E-4
<1313,admissions4-1,application5-0,setStatus> 2.1904813199481764E-4
<1314,admissions2-0,stu0-18application0-18,read> 1.9780023142751535E-4
<1315,registrar0-0,transcript5-6,read> 3.091931156824297E-4
<1316,admissions2-1,stu0-15application0-15,setStatus> 1.3091904674066937E-4
<1317,stu1-8,transcript1-8,read> 0.0015566047203491252
<1318,admissions4-1,stu1-17application1-17,read> 6.141801588494818E-5
<1319,registrar4-0,transcript2-19,read> 4.2784197684704844E-4
<1320,admissions2-0,stu2-6application2-6,read> 1.412437989121275E-4
<1321,admissions2-1,stu1-15application1-15,read> 1.3622616284435866E-4
<1322,registrar0-1,transcript0-16,read> 3.3154191591099633E-4
<1323,registrar4-0,transcript2-10,read> 4.081545809082508E-4
<1324,registrar4-1,roster5-6,read> 1.4445776266062534E-4
<1325,registrar0-0,roster0-3,read> 1.9998673200049337E-4
<1326,admissions0-0,stu3-13application3-13,read> 1.4216586332834572E-4
<1327,admissions0-0,application5-1,setStatus> 2.5601975347613214E-4
<1328,admissions4-1,stu3-17application3-17,read> 1.455604838707317E-4
<1329,admissions0-1,stu1-3application1-3,setStatus> 1.874210212303775E-4
<1330,admissions4-1,stu4-13application4-13,read> 1.8352720723017067E-4
<1331,admissions4-1,stu4-4application4-4,read> 1.4094290940809721E-4
<1332,admissions0-0,stu3-9application3-9,read> 9.790879527030153E-5
<1333,chair3,transcript3-9,read> 4.0014553069197845E-4
<1334,registrar4-0,transcript4-1,read> 2.592686491210934E-4
<1335,registrar4-0,transcript4-2,read> 2.6049911136726825E-4
<1336,registrar4-0,transcript4-7,read> 2.4696402665934483E-4
<1337,admissions0-0,stu4-15application4-15,setStatus> 1.6112735286795617E-5
<1338,admissions0-0,stu2-17application2-17,setStatus> 1.4524115867482372E-4
<1339,registrar4-0,transcript4-6,read> 2.568077246287437E-4
<1340,registrar4-0,transcript4-5,read> 2.555772623825688E-4
<1341,admissions0-1,stu3-0application3-0,setStatus> 1.0140095306139834E-4
<1342,registrar4-0,transcript4-3,read> 2.531163378902191E-4
<1343,stu2-13,transcript2-13,read> 0.001709859936902027
<1344,admissions0-1,application5-4,setStatus> 2.598946219711709E-4
<1345,admissions0-0,stu1-3application1-3,setStatus> 1.8805742537716992E-4
<1346,admissions4-0,stu3-15application3-15,read> 1.433940457097068E-4
<1347,admissions4-1,stu1-13application1-13,read> 1.2349873921592262E-4
<1348,registrar4-0,transcript0-6,read> 1.3499196225743307E-4
<1349,app4-4,application4-4,checkStatus> 0.001770426384926764
<1350,registrar2-1,transcript4-15,read> 3.912784993769337E-4
<1351,admissions2-1,stu2-6application2-6,read> 1.3671493962837193E-4
<1352,admissions4-1,stu5-18application5-18,setStatus> 1.3276012435972924E-4
<1353,registrar2-1,transcript0-8,read> 1.2192239843504268E-4
<1354,admissions2-0,stu1-14application1-14,setStatus> 1.9493396336324622E-4
<1355,registrar0-0,roster0-7,write> 1.4889816311067239E-4
<1356,registrar0-0,roster0-8,write> 1.5868241992322745E-4
<1357,fac5-3,gradebook5-7,assignGrade> 2.0084338651089802E-4
<1358,admissions4-0,stu4-13application4-13,read> 1.8207926082204308E-4
<1359,registrar0-0,roster0-9,write> 1.5983350895999862E-4
<1360,admissions0-1,stu3-9application3-9,read> 9.75774626297929E-5
<1361,fac2-4,gradebook2-9,readScore> 5.828194195671264E-4
<1362,chair4,transcript4-0,read> 0.0012393430498293706
<1363,admissions0-0,application3-0,read> 1.4695041122651263E-4
<1364,fac0-4,gradebook0-9,addScore> 2.2075588604989187E-4
<1365,admissions2-0,application5-3,setStatus> 2.1846088841530494E-4
<1366,admissions0-1,stu4-9application4-9,setStatus> 1.6236005648823394E-4
<1367,admissions0-0,stu4-4application4-4,read> 1.6429439735736776E-4
<1368,registrar4-1,transcript4-0,read> 2.6206217419460544E-4
<1369,fac4-0,gradebook4-1,addScore> 9.201942981352406E-4
<1370,registrar4-1,transcript4-1,read> 2.633118249358473E-4
<1371,registrar4-1,transcript0-2,read> 2.1832439825113857E-4
<1372,registrar4-1,transcript4-2,read> 2.645614756770892E-4
<1373,stu3-6,transcript3-6,read> 4.0719059620236247E-4
<1374,registrar0-0,roster0-1,write> 1.4429380696358765E-4
<1375,registrar4-1,transcript4-3,read> 2.5706357122963773E-4
<1376,registrar0-0,roster0-4,write> 1.483226185922868E-4
<1377,registrar0-0,roster0-5,write> 1.477470740739012E-4
<1378,registrar0-0,roster0-6,write> 1.4947370762905798E-4
<1379,admissions0-0,stu1-1application1-1,setStatus> 2.6689372597196606E-4
<1380,admissions0-1,stu5-18application5-18,read> 1.3572431490756383E-4
<1381,registrar4-1,transcript4-9,read> 2.545642697471539E-4
<1382,admissions2-1,stu0-0application0-0,read> 1.1814142183586852E-4
<1383,registrar4-1,transcript4-5,read> 2.595628727121215E-4
<1384,registrar4-1,transcript4-7,read> 2.508153175234282E-4
<1385,admissions0-1,stu4-15application4-15,setStatus> 1.605820826382846E-5
<1386,fac5-3,gradebook5-6,changeScore> 5.6836267190305E-4
<1387,admissions0-1,stu2-7application2-7,setStatus> 1.251072710607233E-4
<1388,fac1-1,gradebook1-3,assignGrade> 3.337268721170414E-4
<1389,admissions2-1,stu0-0application0-0,setStatus> 1.3425161572257788E-4
<1390,registrar0-1,roster1-7,read> 2.140296554876896E-4
<1391,registrar2-1,roster4-9,read> 1.0609060650970733E-4
<1392,app3-2,application3-2,checkStatus> 0.0015473480129599092
<1393,stu1-7,stu1-7application1-7,checkStatus> 3.8238318157744457E-4
<1394,admissions4-0,stu1-18application1-18,read> 1.1387111838713441E-4
<1395,registrar2-0,roster5-6,write> 9.054131625841322E-5
<1396,registrar2-1,roster4-8,read> 1.0856342090553089E-4
<1397,admissions0-1,stu1-3application1-3,read> 1.649304986827322E-4
<1398,registrar2-1,transcript0-2,read> 1.889909858181641E-4
<1399,admissions4-1,stu1-18application1-18,setStatus> 1.304280160452674E-4
<1400,admissions2-1,application1-2,setStatus> 2.4276839319597343E-5
<1401,registrar2-1,roster4-7,read> 1.1763040702355054E-4
<1402,admissions0-0,stu4-0application4-0,read> 7.099571334311253E-5
<1403,registrar2-1,transcript3-7,read> 8.51428505152664E-5
<1404,registrar2-1,transcript3-8,read> 7.432533642121454E-5
<1405,registrar2-1,transcript3-9,read> 7.324358501180936E-5
<1406,admissions4-0,stu1-15application1-15,read> 1.4186699774474616E-4
<1407,admissions4-0,stu1-10application1-10,setStatus> 1.253500073510147E-4
<1408,admissions4-1,stu0-4application0-4,setStatus> 1.4791882840373128E-4
<1409,admissions0-0,stu0-1application0-1,setStatus> 2.087009825372297E-5
<1410,registrar2-1,transcript3-3,read> 7.973409346824048E-5
<1411,admissions2-0,stu1-1application1-1,read> 1.9830519957497416E-4
<1412,registrar4-1,roster4-7,write> 9.882756228062056E-5
<1413,stu1-10,gradebook1-1,readMyScores> 6.863086277071793E-5
<1414,registrar2-0,transcript4-19,read> 3.949281111626559E-4
<1415,app0-4,application0-4,checkStatus> 7.603770896323932E-4
<1416,registrar2-1,transcript3-4,read> 8.40610991058612E-5
<1417,admissions4-1,application5-1,read> 1.932754199846211E-4
<1418,admissions4-1,stu2-9application2-9,setStatus> 2.0797061750112389E-4
<1419,registrar2-1,transcript3-5,read> 8.297934769645602E-5
<1420,registrar2-1,transcript3-6,read> 8.622460192467158E-5
<1421,registrar2-1,transcript5-11,read> 2.9973528635601987E-5
<1422,admissions0-0,application5-2,setStatus> 2.573790000381114E-4
<1423,fac3-3,gradebook3-7,readScore> 2.676567903228169E-5
<1424,fac3-3,gradebook3-6,readScore> 3.204515547818049E-5
<1425,fac2-0,gradebook2-1,readScore> 2.82306683775405E-4
<1426,registrar4-1,roster5-8,read> 1.5017100567714001E-4
<1427,admissions0-1,application4-0,read> 1.6075818671485096E-4
<1428,stu5-0,gradebook5-7,readMyScores> 3.664105606577918E-5
<1429,registrar4-1,roster5-9,read> 1.5493204152423564E-4
<1430,stu2-1,transcript2-1,read> 9.89560419103389E-4
<1431,admissions4-0,stu0-12application0-12,read> 5.126215182374817E-5
<1432,registrar0-0,roster2-9,write> 1.0745895778690977E-4
<1433,registrar0-0,roster2-8,write> 1.0688341326852418E-4
<1434,registrar0-0,roster2-7,write> 1.0573232423175302E-4
<1435,registrar0-0,roster2-6,write> 1.0515677971336743E-4
<1436,admissions0-1,stu3-14application3-14,read> 1.3870453774176468E-4
<1437,registrar0-0,roster2-5,write> 7.753064283085903E-5
<1438,registrar0-0,roster2-4,write> 7.810618734924465E-5
<1439,fac3-2,gradebook3-5,changeScore> 5.443579132129078E-4
<1440,admissions2-0,stu5-19application5-19,read> 3.1665710913563514E-5
<1441,registrar0-0,roster2-2,write> 7.695509831247345E-5
<1442,admissions4-1,stu5-19application5-19,read> 3.21733776215966E-5
<1443,admissions4-0,stu2-6application2-6,read> 1.4237601373306635E-4
<1444,registrar2-1,transcript3-1,read> 7.75705906494301E-5
<1445,registrar0-0,roster2-1,write> 8.328608801471496E-5
<1446,fac1-4,gradebook1-9,assignGrade> 2.8443138552121394E-4
<1447,admissions4-0,stu4-6application4-6,setStatus> 6.808570866499067E-5
<1448,stu4-11,gradebook4-2,readMyScores> 7.193596319571143E-5
<1449,registrar0-0,transcript3-13,read> 3.6527628963966256E-4
<1450,registrar2-0,transcript3-9,read> 7.291877975676806E-5
<1451,registrar2-0,transcript3-6,read> 8.584223118442913E-5
<1452,admissions2-1,stu5-16application5-16,setStatus> 1.448047508319548E-4
<1453,admissions2-1,application4-0,read> 1.3182717178823942E-4
<1454,registrar2-0,transcript3-7,read> 8.476527689879071E-5
<1455,registrar2-0,transcript3-4,read> 8.368832261315227E-5
<1456,fac3-4,gradebook3-9,readScore> 1.3225146674567887E-4
<1457,stu5-17,stu5-17application5-17,checkStatus> 0.0015597412558469568
<1458,registrar2-0,transcript3-5,read> 8.261136832751386E-5
<1459,fac3-4,gradebook3-8,readScore> 1.3070842581135888E-4
<1460,registrar2-0,transcript3-2,read> 8.153441404187545E-5
<1461,registrar2-0,transcript3-3,read> 7.93805054705986E-5
<1462,admissions4-1,stu0-11application0-11,read> 1.7223980298817522E-4
<1463,fac2-1,gradebook2-3,readScore> 1.8212728781605015E-4
<1464,fac2-1,gradebook2-2,readScore> 5.704750920925662E-4
<1465,stu5-11,gradebook5-8,addScore> 9.563512530601814E-5
<1466,admissions0-0,stu3-14application3-14,read> 1.3917552089199141E-4
<1467,registrar2-0,transcript3-1,read> 7.722659689932177E-5
<1468,stu0-4,transcript0-4,read> 5.45120291099974E-4
<1469,registrar0-1,roster0-5,read> 2.0221387938347736E-4
<1470,registrar2-0,transcript3-0,read> 7.830355118496018E-5
<1471,stu2-11,gradebook2-3,addScore> 5.615380871221632E-4
<1472,admissions0-0,application2-1,read> 6.202468603404952E-5
<1473,admissions4-1,stu1-6application1-6,read> 2.6016611671417316E-5
<1474,stu4-10,gradebook4-5,readMyScores> 9.250094315613179E-5
<1475,admissions0-1,stu0-9application0-9,read> 1.303599138060023E-4
<1476,registrar4-0,roster0-2,write> 1.7368069358902468E-4
<1477,admissions2-1,stu3-4application3-4,read> 4.824634172197423E-5
<1478,admissions0-1,stu3-6application3-6,setStatus> 2.537987116284874E-4
<1479,admissions4-0,stu0-19application0-19,read> 1.0063670269080886E-4
<1480,chair0,transcript0-11,read> 0.0019130650018129112
<1481,registrar4-1,transcript0-11,read> 4.0452235869618304E-4
<1482,fac3-1,gradebook3-3,readScore> 1.3533754861431893E-4
<1483,admissions0-1,stu0-14application0-14,read> 1.3989662687544503E-4
<1484,fac3-1,gradebook3-2,readScore> 1.337945076799989E-4
<1485,registrar4-0,roster5-6,read> 1.4223960123781342E-4
<1486,registrar4-0,roster5-5,read> 1.4411477312999002E-4
<1487,admissions4-0,stu3-7application3-7,read> 1.464481416396281E-4
<1488,registrar4-0,roster5-3,read> 1.3942684339954853E-4
<1489,registrar2-1,roster1-6,read> 2.181915257870413E-4
<1490,registrar0-0,roster5-9,read> 1.2876309785027644E-4
<1491,registrar4-0,roster5-2,read> 1.6661683583610933E-4
<1492,admissions2-1,stu1-1application1-1,read> 1.9194671622186878E-4
<1493,admissions2-1,stu2-3application2-3,read> 6.24208684583584E-5
<1494,admissions4-1,stu0-19application0-19,read> 1.0143699456111351E-4
<1495,registrar4-0,roster5-7,read> 1.4974028880651986E-4
<1496,registrar4-0,roster5-8,read> 1.4786511691434329E-4
<1497,fac3-2,gradebook3-5,readScore> 2.3165215652685548E-5
<1498,registrar0-0,transcript4-11,read> 3.548905166846194E-4
<1499,admissions4-0,stu3-9application3-9,setStatus> 9.469336259991092E-5
<1500,admissions0-1,stu0-11application0-11,read> 2.000971281263022E-4
<1501,registrar4-0,roster5-9,read> 1.5255304664478476E-4
<1502,stu0-10,gradebook0-4,readMyScores> 4.9783551057716644E-5
<1503,fac3-2,gradebook3-4,readScore> 1.3842363048295896E-4
<1504,stu4-12,gradebook4-7,readMyScores> 6.714360819543616E-5
<1505,stu1-18,gradebook1-5,readMyScores> 2.074433760283073E-5
<1506,registrar4-1,roster5-5,read> 1.4636217699946357E-4
<1507,registrar0-1,roster2-7,write> 1.0524395321913518E-4
<1508,admissions2-1,stu1-14application1-14,read> 1.6604154666916666E-4
<1509,registrar2-1,transcript0-12,read> 3.5774420568537293E-4
<1510,registrar4-1,roster5-4,read> 1.4064893398294887E-4
<1511,registrar0-1,roster2-6,write> 1.046710671049916E-4
<1512,registrar4-1,roster5-7,read> 1.5207542001597827E-4
<1513,registrar0-1,roster2-9,write> 1.0696261156156609E-4
<1514,registrar0-1,roster2-8,write> 1.0638972544742244E-4
<1515,registrar4-1,roster5-1,read> 1.6826294189610326E-4
<1516,admissions4-0,stu3-8application3-8,setStatus> 1.8319273329649353E-4
<1517,admissions0-0,stu0-5application0-5,read> 1.9300168474636943E-4
<1518,registrar4-1,roster5-3,read> 1.41601141152368E-4
<1519,registrar4-1,roster5-2,read> 1.6921514906552236E-4
<1520,admissions2-1,application4-4,read> 1.3964760033245138E-4
<1521,registrar0-1,roster2-1,write> 8.290139476753382E-5
<1522,admissions4-0,stu5-19application5-19,read> 3.191954426758005E-5
<1523,admissions4-1,stu2-10application2-10,setStatus> 1.4150553053896117E-4
<1524,admissions4-1,stu1-19application1-19,read> 4.551303718031838E-5
<1525,registrar0-1,roster2-3,write> 7.488098916952307E-5
<1526,registrar0-1,roster2-2,write> 7.659964751195392E-5
<1527,registrar0-1,roster2-5,write> 7.717253362609756E-5
<1528,admissions2-0,application3-3,read> 1.2558978634090407E-4
<1529,admissions0-1,stu5-5application5-5,setStatus> 1.1901136071803972E-4
<1530,admissions2-1,stu1-0application1-0,read> 1.8021607340555084E-4
<1531,registrar0-1,roster2-4,write> 7.77454197402412E-5
<1532,admissions0-0,stu1-8application1-8,read> 1.529310960992213E-4
<1533,admissions0-0,stu3-19application3-19,setStatus> 2.057276306829001E-4
<1534,fac3-1,gradebook3-2,assignGrade> 1.8584041232955927E-4
<1535,registrar0-1,roster4-7,write> 8.175562253924657E-5
<1536,admissions4-0,stu1-13application1-13,read> 1.2252439018857806E-4
<1537,registrar4-0,transcript2-17,read> 4.229201278623491E-4
<1538,stu5-14,gradebook5-4,addScore> 9.738230575112499E-5
<1539,fac1-0,gradebook1-1,readScore> 1.38105706317665E-4
<1540,admissions0-0,stu3-1application3-1,setStatus> 2.186404730217029E-4
<1541,stu4-14,gradebook4-3,readMyScores> 6.646709339960489E-5
<1542,admissions2-0,stu2-3application2-3,read> 6.448864049838683E-5
<1543,stu4-14,gradebook4-4,readMyScores> 6.136067796911014E-5
<1544,stu4-14,gradebook4-1,readMyScores> 5.5413810959550793E-5
<1545,stu4-13,gradebook4-9,readMyScores> 3.831339377068216E-5
<1546,admissions4-0,stu4-17application4-17,setStatus> 1.004776351944588E-4
<1547,stu4-13,gradebook4-8,readMyScores> 9.132361769173797E-5
<1548,admissions4-1,stu2-4application2-4,setStatus> 3.7143683466793415E-5
<1549,admissions0-0,stu2-14application2-14,setStatus> 7.388071417091348E-5
<1550,admissions2-0,stu2-10application2-10,read> 1.2255997745615115E-4
<1551,stu4-4,gradebook4-3,readMyScores> 1.3318691339008282E-4
<1552,stu2-4,transcript2-4,read> 9.946689263218191E-4
<1553,fac0-4,gradebook0-9,readScore> 8.133111591311804E-5
<1554,fac0-4,gradebook0-8,readScore> 1.6226835348953316E-5
<1555,stu4-15,gradebook4-6,readMyScores> 8.151744385158504E-5
<1556,registrar2-0,transcript1-1,read> 2.840018197418986E-4
<1557,admissions4-1,stu3-7application3-7,read> 1.4761273918745813E-4
<1558,stu1-3,transcript1-3,read> 0.0015923642708781359
<1559,admissions0-1,stu2-6application2-6,setStatus> 1.8945299134460537E-4
<1560,stu1-19,stu1-19application1-19,checkStatus> 5.496919605525858E-4
<1561,stu4-15,gradebook4-4,readMyScores> 6.182729909435053E-5
<1562,registrar2-0,roster1-7,read> 2.229682489883356E-4
<1563,admissions2-0,stu0-13application0-13,read> 1.664922062850685E-4
<1564,admissions0-1,stu1-14application1-14,setStatus> 2.300923936291624E-4
<1565,stu4-15,gradebook4-1,readMyScores> 5.583520876152457E-5
<1566,admissions2-0,stu3-4application3-4,read> 4.9844564222081036E-5
<1567,stu4-14,gradebook4-7,readMyScores> 6.979750575256802E-5
<1568,admissions2-1,stu4-5application4-5,setStatus> 8.592936548490461E-5
<1569,stu5-12,gradebook5-2,addScore> 7.8558496510051E-5
<1570,stu2-19,gradebook2-5,readMyScores> 1.8554027559096434E-4
<1571,admissions2-1,stu2-10application2-10,read> 1.1863019861988177E-4
<1572,admissions2-1,application2-0,read> 5.0201448858027226E-5
<1573,fac1-2,gradebook1-4,readScore> 2.1403263626464022E-4
<1574,fac1-2,gradebook1-5,readScore> 2.1866175906760035E-4
<1575,admissions0-0,stu2-6application2-6,setStatus> 1.9009629522013879E-4
<1576,stu4-12,gradebook4-3,readMyScores> 6.393982749087466E-5
<1577,registrar0-1,transcript3-14,read> 3.625553210631229E-4
<1578,stu4-11,gradebook4-5,readMyScores> 9.178109145841873E-5
<1579,stu4-11,gradebook4-7,readMyScores> 6.767438770686255E-5
<1580,stu4-18,stu4-18application4-18,checkStatus> 1.2212508094944718E-4
<1581,admissions4-0,stu4-14application4-14,setStatus> 1.814574515181291E-4
<1582,admissions2-0,stu4-5application4-5,setStatus> 8.877588690883521E-5
<1583,stu5-13,gradebook5-1,addScore> 9.98911635516376E-5
<1584,registrar2-0,transcript0-17,read> 3.443112597376501E-4
<1585,fac1-1,gradebook1-3,readScore> 2.4026433214808073E-4
<1586,chair0,transcript0-2,read> 0.0010324985908870558
<1587,admissions2-1,application3-4,read> 1.21074082539948E-4
<1588,admissions4-0,application4-4,setStatus> 1.6526148825339506E-4
<1589,registrar2-0,roster4-6,write> 8.696044574448532E-5
<1590,registrar4-0,roster4-3,read> 1.7036717962046256E-4
<1591,fac1-1,gradebook1-2,readScore> 2.356352093451206E-4
<1592,registrar4-1,transcript3-14,read> 4.382629287097147E-4
<1593,chair5,transcript5-19,read> 1.1056328817273744E-4
<1594,admissions0-1,stu3-19application3-19,setStatus> 2.050314288870189E-4
<1595,registrar4-0,transcript4-15,read> 4.450684482934966E-4
<1596,stu4-13,gradebook4-1,readMyScores> 5.288542414770818E-5
<1597,registrar2-1,transcript4-3,read> 2.2252527950972486E-4
<1598,registrar2-1,roster5-7,read> 1.316430219332173E-4
<1599,registrar0-1,transcript3-17,read> 3.584202003761727E-4
<1600,chair5,transcript5-10,read> 1.873912300655973E-4
<1601,registrar0-1,transcript3-10,read> 3.677242219218105E-4
<1602,registrar0-1,transcript4-2,read> 2.1885987719160355E-4
<1603,stu4-13,gradebook4-2,readMyScores> 7.080755592989636E-5
<1604,fac3-4,gradebook3-9,changeScore> 5.143519648502304E-4
<1605,stu4-12,gradebook4-5,readMyScores> 9.106123976070562E-5
<1606,admissions2-1,stu5-19application5-19,read> 3.065037749749735E-5
<1607,admissions4-1,stu0-12application0-12,read> 5.1669803130497656E-5
<1608,admissions0-1,stu2-14application2-14,setStatus> 7.363069483361767E-5
<1609,admissions4-0,stu2-4application2-4,setStatus> 3.685063665443212E-5
<1610,registrar0-0,roster0-8,read> 2.1818832739443772E-4
<1611,admissions4-1,stu5-0application5-0,setStatus> 1.420885576175766E-4
<1612,registrar4-0,roster4-2,write> 1.2322152267227223E-4
<1613,stu3-18,transcript3-18,read> 0.0017609450090863277
<1614,admissions0-0,application5-4,read> 2.2948386246989227E-4
<1615,admissions4-1,stu3-13application3-13,setStatus> 1.3859039514588388E-4
<1616,registrar2-1,transcript0-16,read> 3.4692669159132105E-4
<1617,stu1-14,transcript1-14,read> 1.9774180024673013E-4
<1618,registrar2-1,transcript5-3,read> 3.1663765212797584E-4
<1619,admissions4-0,stu5-0application5-0,setStatus> 1.40967543356294E-4
<1620,chair4,transcript4-18,read> 0.0021730980359118213
<1621,registrar4-0,roster4-4,write> 9.526441446163911E-5
<1622,registrar4-0,roster4-3,write> 1.2390340336033642E-4
<1623,admissions4-1,stu5-15application5-15,setStatus> 4.705514380325628E-5
<1624,admissions4-0,stu2-5application2-5,read> 1.3779486983818447E-4
<1625,stu5-6,transcript5-6,read> 0.0015208451698201148
<1626,registrar0-1,roster1-2,read> 2.1087878185989967E-4
<1627,admissions0-0,stu5-19application5-19,setStatus> 4.261804324539087E-5
<1628,registrar4-0,roster4-6,write> 9.935569859002442E-5
<1629,registrar2-0,transcript3-10,read> 3.8308161402063323E-4
<1630,registrar4-0,roster4-5,write> 9.390065308551066E-5
<1631,registrar4-0,roster4-8,write> 8.980936895712532E-5
<1632,registrar4-0,roster4-7,write> 9.731005652583176E-5
<1633,fac3-3,gradebook3-6,addScore> 8.697970772648992E-5
<1634,registrar4-0,roster4-9,write> 8.776372689293264E-5
<1635,fac3-3,gradebook3-7,addScore> 7.26497002304789E-5
<1636,admissions4-0,stu0-15application0-15,setStatus> 1.3634012528065568E-4
<1637,fac1-4,gradebook1-8,readScore> 2.0014526785576002E-4
<1638,registrar0-1,transcript5-9,read> 3.087987521327703E-4
<1639,admissions0-1,stu3-17application3-17,setStatus> 1.921622848302425E-4
<1640,fac0-1,gradebook0-2,readScore> 2.6788127164937284E-5
<1641,admissions4-1,stu4-12application4-12,setStatus> 1.8989677806404453E-4
<1642,admissions4-1,stu5-5application5-5,read> 9.014959031911815E-5
<1643,admissions4-0,stu2-1application2-1,read> 1.1438013437545462E-4
<1644,fac0-1,gradebook0-3,readScore> 3.4973265041244376E-5
<1645,stu2-9,transcript2-9,read> 0.0010151029551955393
<1646,registrar2-0,roster4-5,write> 8.218595172591479E-5
<1647,registrar2-0,roster4-8,write> 7.860508121198687E-5
<1648,registrar2-0,roster4-7,write> 8.517001048752137E-5
<1649,admissions0-0,stu0-8application0-8,setStatus> 1.96892528030035E-4
<1650,admissions2-0,stu3-7application3-7,setStatus> 1.6509493646795233E-4
<1651,registrar2-0,roster4-9,write> 7.681464595502292E-5
<1652,admissions0-0,stu0-18application0-18,setStatus> 2.662141026909764E-4
<1653,admissions2-0,stu3-19application3-19,read> 1.528580663036804E-4
<1654,fac3-2,gradebook3-5,addScore> 6.287701391443222E-5
<1655,registrar2-1,roster1-4,read> 2.157187113912178E-4
<1656,admissions0-1,stu1-4application1-4,setStatus> 2.632812388282174E-4
<1657,admissions0-0,stu2-6application2-6,read> 1.6728473979372212E-4
<1658,admissions0-0,stu2-4application2-4,setStatus> 4.329766652638049E-5
<1659,admissions2-1,stu0-4application0-4,read> 1.2400674324402749E-4
<1660,admissions0-1,stu4-17application4-17,read> 1.035379082981946E-4
<1661,registrar2-0,roster4-2,write> 1.0784885707573145E-4
<1662,registrar2-0,roster4-1,write> 1.072520453234101E-4
<1663,stu4-19,stu4-19application4-19,checkStatus> 7.851635754064883E-4
<1664,registrar2-0,roster4-4,write> 8.337957523055743E-5
<1665,fac3-2,gradebook3-4,addScore> 3.757212827394601E-4
<1666,registrar2-0,roster4-3,write> 1.0844566882805274E-4
<1667,registrar0-0,roster3-1,read> 1.2718035042471606E-4
<1668,registrar4-1,roster1-6,write> 1.8331430749453498E-4
<1669,admissions4-1,stu0-15application0-15,setStatus> 1.3742434098865293E-4
<1670,fac1-3,gradebook1-7,readScore> 1.2880068626540715E-4
<1671,fac1-3,gradebook1-6,readScore> 3.455357227600388E-5
<1672,registrar2-1,roster3-2,write> 9.514090943123109E-5
<1673,admissions2-0,stu1-2application1-2,read> 1.5790774777826858E-4
<1674,admissions4-0,stu0-17application0-17,setStatus> 2.1558465982596164E-4
<1675,admissions4-1,stu4-12application4-12,read> 1.6710916469635917E-4
<1676,registrar2-0,transcript0-10,read> 3.496960311658422E-4
<1677,fac0-0,gradebook0-1,readScore> 8.59602387160781E-5
<1678,admissions4-0,stu1-6application1-6,read> 2.5811352407737494E-5
<1679,stu3-9,gradebook3-4,readMyScores> 5.90600881938869E-5
<1680,admissions0-0,application4-4,setStatus> 1.941740349060765E-4
<1681,admissions0-1,stu2-15application2-15,read> 4.214531791365706E-5
<1682,fac3-1,gradebook3-3,addScore> 3.6734477481029435E-4
<1683,admissions0-0,application4-2,setStatus> 1.9077591850112842E-4
<1684,admissions0-0,application4-1,setStatus> 1.9213516506310765E-4
<1685,admissions0-1,stu2-4application2-4,setStatus> 4.315114312019985E-5
<1686,admissions2-0,stu0-4application0-4,read> 1.2811462707819818E-4
<1687,fac0-3,gradebook0-6,readScore> 2.299308507480211E-5
<1688,registrar4-1,roster4-6,write> 1.0090510519571683E-4
<1689,registrar4-1,roster4-5,write> 9.536499075546015E-5
<1690,registrar4-1,roster4-4,write> 9.675001936552431E-5
<1691,stu3-9,transcript3-9,read> 3.4588850958120176E-4
<1692,registrar4-1,roster4-3,write> 1.2583562017687188E-4
<1693,registrar4-1,roster4-2,write> 1.2514310587183984E-4
<1694,registrar4-1,roster4-1,write> 1.244505915668077E-4
<1695,registrar0-1,transcript4-15,read> 3.7392690295223594E-4
<1696,admissions4-1,stu1-2application1-2,read> 1.604393349169983E-4
<1697,admissions0-1,application4-3,setStatus> 1.941942549444703E-4
<1698,admissions4-1,stu0-0application0-0,read> 1.2401180304510423E-4
<1699,admissions2-0,stu4-3application4-3,read> 1.9729526328005658E-4
<1700,registrar4-0,transcript3-18,read> 4.2415059010852393E-4
<1701,admissions0-1,application4-4,setStatus> 1.9351693157306106E-4
<1702,registrar4-1,transcript4-17,read> 4.5575803908710135E-4
<1703,registrar0-0,roster3-2,read> 1.2559760299915568E-4
<1704,fac3-0,gradebook3-1,addScore> 1.243300012708722E-4
<1705,registrar4-1,roster4-9,write> 8.913236201017135E-5
<1706,admissions0-1,application4-1,setStatus> 1.914849614588332E-4
<1707,stu1-7,gradebook1-5,readMyScores> 4.3424813381925665E-5
<1708,fac1-0,gradebook1-1,assignGrade> 3.2301046198751366E-4
<1709,registrar0-1,transcript4-13,read> 3.718593426087607E-4
<1710,registrar4-1,roster4-8,write> 9.120990492526763E-5
<1711,stu3-19,transcript3-19,read> 0.0017507279946494675
<1712,admissions0-1,application4-2,setStatus> 1.901303147160146E-4
<1713,admissions4-0,stu2-4application2-4,read> 3.242856025590027E-5
<1714,fac0-2,gradebook0-4,readScore> 1.557261756490136E-5
<1715,stu2-6,transcript2-6,read> 9.640178830112387E-4
<1716,admissions0-0,stu2-16application2-16,setStatus> 1.3912454914591715E-4
<1717,fac0-2,gradebook0-5,readScore> 1.3927334559206093E-5
<1718,admissions2-0,stu0-19application0-19,setStatus> 1.1345046684148209E-4
<1719,admissions4-1,stu1-8application1-8,setStatus> 1.4908488256096218E-4
<1720,admissions4-0,application0-0,setStatus> 7.271312674062898E-5
<1721,admissions4-0,application0-1,setStatus> 7.039941770280984E-5
<1722,admissions4-1,stu2-4application2-4,read> 3.26864414507782E-5
<1723,registrar0-0,transcript4-13,read> 3.7358490800369696E-4
<1724,admissions4-0,application0-4,setStatus> 7.097784496226462E-5
<1725,registrar4-1,transcript4-10,read> 4.232671198148117E-4
<1726,admissions4-0,application0-2,setStatus> 6.982099044335505E-5
<1727,registrar2-1,transcript3-15,read> 3.7829748246407145E-4
<1728,fac2-4,gradebook2-8,readScore> 2.143742785201177E-4
<1729,admissions4-0,application0-3,setStatus> 7.155627222171943E-5
<1730,admissions4-0,stu1-11application1-11,setStatus> 1.8203587877758395E-4
<1731,registrar2-1,transcript1-6,read> 3.317821718596485E-4
<1732,fac4-3,gradebook4-6,addScore> 4.4433993992743854E-4
<1733,stu5-14,stu5-14application5-14,checkStatus> 4.0097304590801583E-4
<1734,admissions2-1,stu0-19application0-19,setStatus> 1.0981277652191553E-4
<1735,admissions0-1,stu1-12application1-12,setStatus> 1.603280863740061E-4
<1736,admissions2-0,stu4-4application4-4,read> 1.3871895817483336E-4
<1737,admissions0-1,stu1-8application1-8,setStatus> 1.731972304307825E-4
<1738,stu2-13,gradebook2-5,readMyScores> 1.8209370700413534E-4
<1739,admissions2-0,stu1-0application1-0,setStatus> 2.1157495913177557E-4
<1740,fac3-0,gradebook3-1,readScore> 4.5805789941900276E-5
<1741,stu2-18,stu2-18application2-18,checkStatus> 0.001869572328023144
<1742,admissions2-0,stu3-5application3-5,setStatus> 1.2492701564736436E-4
<1743,registrar2-0,transcript2-10,read> 3.5723471116531116E-4
<1744,registrar4-0,transcript5-7,read> 3.6508840229213093E-4
<1745,admissions4-1,application0-0,setStatus> 7.329136234095208E-5
<1746,registrar0-0,transcript4-1,read> 2.188368909735545E-4
<1747,admissions0-1,application2-1,setStatus> 7.024407797657123E-5
<1748,admissions4-1,application0-1,setStatus> 7.095925402649023E-5
<1749,admissions4-1,application0-2,setStatus> 7.037622694787476E-5
<1750,admissions4-1,application0-3,setStatus> 7.212530818372116E-5
<1751,admissions4-1,application0-4,setStatus> 7.154228110510569E-5
<1752,admissions0-1,stu2-6application2-6,read> 1.667186323832527E-4
<1753,admissions2-1,stu4-4application4-4,read> 1.3427105570830566E-4
<1754,admissions4-0,stu0-4application0-4,read> 1.2914159803674083E-4
<1755,admissions2-0,stu0-10application0-10,read> 1.9679029513259774E-4
<1756,admissions0-0,stu0-17application0-17,read> 2.2290510910991278E-4
<1757,stu4-10,stu4-10application4-10,checkStatus> 3.637933172468733E-4
<1758,admissions2-1,stu3-7application3-7,setStatus> 1.5980131125054308E-4
<1759,app2-2,application2-2,checkStatus> 6.488379036489657E-4
<1760,admissions0-0,stu3-6application3-6,setStatus> 2.546605069141529E-4
<1761,fac2-2,gradebook2-5,readScore> 5.951637470416868E-4
<1762,admissions4-1,stu4-15application4-15,read> 1.216388828351393E-5
<1763,admissions0-0,stu4-8application4-8,read> 9.910493224484328E-5
<1764,admissions0-1,stu3-18application3-18,setStatus> 2.138366327153396E-4
<1765,admissions0-1,stu0-1application0-1,setStatus> 2.0799471863693452E-5
<1766,fac2-3,gradebook2-7,readScore> 2.1067775864349927E-4
<1767,admissions4-0,stu4-15application4-15,read> 1.2067920723091729E-5
<1768,admissions0-1,stu4-8application4-8,read> 9.876955176347325E-5
<1769,admissions4-1,application3-4,read> 1.2709018602019383E-4
<1770,admissions4-1,application3-2,read> 1.2811631367855706E-4
<1771,admissions4-1,application3-3,read> 1.276032498493755E-4
<1772,admissions0-0,stu1-7application1-7,read> 3.6905809568673085E-5
<1773,admissions4-1,stu0-4application0-4,read> 1.301685689952835E-4
<1774,admissions0-1,stu4-6application4-6,read> 7.015941255514508E-5
<1775,admissions4-1,application3-1,read> 1.2555099453264907E-4
<1776,registrar4-0,roster0-6,read> 2.4349888341535048E-4
<1777,admissions2-1,application5-4,setStatus> 2.1312241496107906E-4
<1778,admissions4-1,application3-0,read> 1.2606405836183065E-4
<1779,fac1-4,gradebook1-9,addScore> 5.558162032165261E-4
<1780,admissions0-1,stu3-3application3-3,read> 2.2155473253254835E-4
<1781,stu1-2,gradebook1-7,readMyScores> 2.617829648577125E-4
<1782,admissions2-0,stu1-12application1-12,read> 1.1953016857139823E-4
<1783,admissions4-0,application3-1,read> 1.245604541418589E-4
<1784,registrar4-1,transcript0-5,read> 1.395964015528983E-4
<1785,admissions4-0,application3-2,read> 1.2710553408345996E-4
<1786,admissions4-0,application3-3,read> 1.2659651809513977E-4
<1787,admissions4-0,application3-4,read> 1.2608750210681954E-4
<1788,admissions4-1,stu3-2application3-2,read> 5.1156739301316044E-5
<1789,admissions0-1,stu0-11application0-11,setStatus> 2.2738310014352523E-4
<1790,registrar0-0,transcript2-17,read> 3.56967671275628E-4
<1791,admissions0-0,stu4-6application4-6,read> 7.039764485584167E-5
<1792,registrar4-1,transcript5-0,read> 3.64533534976442E-4
<1793,admissions2-0,stu0-2application0-2,setStatus> 9.587700148247488E-6
<1794,stu2-4,stu2-4application2-4,checkStatus> 3.9477642446449215E-4
<1795,stu5-7,gradebook5-5,readMyScores> 6.828112926441003E-5
<1796,admissions4-0,application3-0,read> 1.2506947013017912E-4
<1797,admissions4-1,stu2-14application2-14,setStatus> 6.337990200448921E-5
<1798,admissions4-0,stu1-0application1-0,read> 1.8767843669356538E-4
<1799,registrar4-0,transcript5-5,read> 3.6262747779978115E-4
<1800,stu1-1,transcript1-1,read> 0.001347155924393493
<1801,admissions4-0,stu3-2application3-2,read> 5.075313583542795E-5
<1802,registrar0-1,transcript1-5,read> 3.201703340218833E-4
<1803,registrar0-0,transcript0-19,read> 3.2996466159251593E-4
<1804,stu0-0,transcript0-0,read> 9.129328108269381E-4
<1805,admissions4-1,stu1-0application1-0,read> 1.8917090935116827E-4
<1806,admissions0-0,stu5-0application5-0,read> 1.457542742519709E-4
<1807,admissions4-1,stu1-19application1-19,setStatus> 5.171936043217998E-5
<1808,fac1-2,gradebook1-5,addScore> 5.935104888977724E-4
<1809,chair5,transcript5-17,read> 1.2829281322493586E-4
<1810,chair5,transcript5-18,read> 1.2238297154086974E-4
<1811,chair5,transcript5-16,read> 1.3420265490900202E-4
<1812,chair5,transcript5-13,read> 1.578420216452666E-4
<1813,fac2-2,gradebook2-5,assignGrade> 8.26681738075315E-4
<1814,registrar0-0,roster3-6,write> 9.652361193758356E-5
<1815,admissions4-0,stu0-14application0-14,setStatus> 1.3576169802120093E-4
<1816,chair5,transcript5-11,read> 1.6375186332933276E-4
<1817,registrar4-1,transcript5-12,read> 3.712504077106172E-5
<1818,chair5,transcript5-12,read> 1.75571546697465E-4
<1819,stu5-7,gradebook5-2,readMyScores> 8.691596333351385E-5
<1820,registrar0-0,transcript2-1,read> 2.0118107694998117E-4
<1821,admissions4-1,stu5-16application5-16,read> 1.3376001579955475E-4
<1822,registrar2-0,transcript4-6,read> 2.2476933403178543E-4
<1823,fac1-3,gradebook1-6,addScore> 9.378826760629627E-5
<1824,fac1-3,gradebook1-7,addScore> 3.496018627203909E-4
<1825,registrar0-1,roster1-8,read> 2.1481737389463708E-4
<1826,admissions0-1,stu3-9application3-9,setStatus> 1.1088348026112831E-4
<1827,stu5-12,gradebook5-1,readMyScores> 1.9200506245716577E-5
<1828,admissions0-1,stu0-17application0-17,setStatus> 2.5244406488566883E-4
<1829,admissions0-1,stu0-3application0-3,read> 9.340515066191172E-5
<1830,stu5-11,gradebook5-6,readMyScores> 3.729497450855354E-5
<1831,stu5-11,gradebook5-7,readMyScores> 1.623164539736386E-5
<1832,stu5-11,gradebook5-1,readMyScores> 1.9039832553283803E-5
<1833,admissions0-0,stu5-2application5-2,setStatus> 1.9349441162508694E-4
<1834,admissions4-1,stu0-3application0-3,setStatus> 9.136520177803141E-5
<1835,admissions2-0,stu3-18application3-18,read> 1.5942265222064505E-4
<1836,admissions4-0,stu2-9application2-9,setStatus> 2.06329823674685E-4
<1837,chair0,transcript0-0,read> 0.0010561379576233204
<1838,admissions2-0,stu5-15application5-15,read> 4.0755137567822285E-5
<1839,stu5-13,gradebook5-2,readMyScores> 3.7433307683380265E-5
<1840,stu3-1,transcript3-1,read> 3.66322538454922E-4
<1841,admissions0-0,stu0-17application0-17,setStatus> 2.533012603521736E-4
<1842,stu4-7,gradebook4-6,readMyScores> 1.7134043858616177E-4
<1843,admissions4-0,stu3-11application3-11,read> 1.2557848611849935E-4
<1844,registrar2-1,roster3-3,write> 9.873773037061079E-5
<1845,admissions2-1,stu4-3application4-3,read> 1.909691626538423E-4
<1846,registrar2-1,roster3-4,write> 9.693931990092097E-5
<1847,registrar2-1,roster3-5,write> 9.993667068373736E-5
<1848,registrar2-1,roster3-6,write> 1.0053614084030065E-4
<1849,admissions0-1,stu0-5application0-5,read> 1.9234854875738007E-4
<1850,stu5-12,gradebook5-4,readMyScores> 4.917759900473112E-5
<1851,admissions0-1,stu0-4application0-4,setStatus> 1.7184258368796394E-4
<1852,registrar2-1,roster3-1,write> 9.633984974435766E-5
<1853,registrar2-0,roster2-6,read> 1.4993341079801436E-4
<1854,stu5-12,gradebook5-3,readMyScores> 2.312805531214289E-5
<1855,admissions4-0,stu0-4application0-4,setStatus> 1.4675181595084186E-4
<1856,stu3-2,transcript3-2,read> 3.867565673286422E-4
<1857,admissions4-1,stu0-14application0-14,read> 1.2042035624083296E-4
<1858,registrar2-1,roster3-7,write> 1.0113561099686393E-4
<1859,registrar4-0,roster2-6,read> 1.713047655665509E-4
<1860,registrar2-1,roster3-8,write> 1.0173508115342721E-4
<1861,registrar2-1,roster3-9,write> 1.023345513099905E-4
<1862,admissions0-1,stu1-8application1-8,read> 1.524135627790886E-4
<1863,admissions4-0,stu4-7application4-7,read> 3.802773612742262E-5
<1864,registrar0-0,transcript1-11,read> 4.227875073782139E-5
<1865,registrar2-1,transcript0-0,read> 1.9331799145578485E-4
<1866,registrar2-0,roster3-1,write> 9.591262202930508E-5
<1867,registrar2-0,roster3-4,write> 9.65094337816264E-5
<1868,registrar2-0,roster3-5,write> 9.949349254323298E-5
<1869,registrar2-0,roster3-2,write> 9.471899852466245E-5
<1870,registrar2-0,roster3-3,write> 9.829986903859035E-5
<1871,app4-1,application4-1,checkStatus> 0.0017518365205961928
<1872,stu1-5,gradebook1-2,readMyScores> 9.402134573507071E-5
<1873,admissions4-0,stu1-12application1-12,read> 1.204883262352972E-4
<1874,registrar2-0,roster3-9,write> 1.0188073955251826E-4
<1875,registrar0-0,transcript4-10,read> 3.5177478479810645E-4
<1876,admissions0-1,stu2-7application2-7,read> 1.100943985334365E-4
<1877,registrar2-0,roster3-6,write> 1.0009030429555429E-4
<1878,admissions4-0,stu0-14application0-14,read> 1.194702942586568E-4
<1879,admissions0-1,stu5-19application5-19,setStatus> 4.247381974879056E-5
<1880,admissions4-0,stu5-8application5-8,setStatus> 2.2136893242050956E-4
<1881,admissions4-0,stu0-18application0-18,read> 1.9938580442493026E-4
<1882,admissions4-0,stu5-18application5-18,setStatus> 1.3171270720501737E-4
<1883,admissions0-0,stu2-14application2-14,read> 6.501502847040385E-5
<1884,admissions2-0,stu4-6application4-6,setStatus> 6.7544271617953E-5
<1885,fac0-3,gradebook0-6,assignGrade> 1.0010913129333779E-4
<1886,chair1,transcript1-16,read> 2.1694043848592803E-4
<1887,admissions0-1,stu0-6application0-6,read> 6.598710058726388E-5
<1888,admissions4-1,stu3-5application3-5,read> 1.1169827114474565E-4
<1889,admissions4-1,stu4-7application4-7,read> 3.833014357177588E-5
<1890,stu5-10,gradebook5-2,readMyScores> 3.711199173760018E-5
<1891,stu5-10,gradebook5-3,readMyScores> 2.235389446487451E-5
<1892,stu5-10,gradebook5-6,readMyScores> 3.635079793871673E-5
<1893,stu5-10,gradebook5-4,readMyScores> 4.753148690415434E-5
<1894,admissions0-0,stu0-3application0-3,read> 9.372231585940547E-5
<1895,admissions0-0,stu2-7application2-7,read> 1.1046823350298976E-4
<1896,admissions4-1,stu1-12application1-12,read> 1.214464838991962E-4
<1897,admissions4-1,stu5-8application5-8,setStatus> 2.2312932154512592E-4
<1898,admissions2-0,stu4-7application4-7,read> 3.7725328683069364E-5
<1899,registrar4-1,roster4-3,read> 1.7302397774319884E-4
<1900,stu4-2,gradebook4-5,addScore> 5.118150535637355E-4
<1901,admissions4-0,stu5-1application5-1,setStatus> 3.511535487606776E-5
<1902,admissions0-0,stu5-4application5-4,read> 7.458412426673773E-5
<1903,stu5-15,gradebook5-9,readMyScores> 2.6800241994271628E-5
<1904,admissions2-0,application1-0,read> 2.005144352201065E-5
<1905,stu5-15,gradebook5-7,readMyScores> 1.6916524949995245E-5
<1906,admissions2-0,stu5-15application5-15,setStatus> 4.631265632707078E-5
<1907,admissions2-0,application1-3,read> 2.2576284259304753E-5
<1908,admissions0-0,stu0-6application0-6,read> 6.621116544494559E-5
<1909,admissions2-0,application1-4,read> 1.449679389996363E-5
<1910,admissions0-0,stu4-14application4-14,read> 1.8761906836093161E-4
<1911,registrar0-0,roster5-6,write> 8.73148996434141E-5
<1912,stu5-19,gradebook5-1,addScore> 1.0675064259381012E-4
<1913,admissions2-0,application1-1,read> 2.106137981692829E-5
<1914,admissions2-0,application1-2,read> 2.2071316111845934E-5
<1915,stu5-16,gradebook5-3,readMyScores> 2.3708675947594176E-5
<1916,admissions0-1,stu2-14application2-14,read> 6.479501145358354E-5
<1917,admissions0-0,stu0-5application0-5,setStatus> 2.1932009630269253E-4
<1918,registrar4-1,roster4-6,read> 1.3874451964411064E-4
<1919,admissions2-1,stu2-12application2-12,setStatus> 5.8713385465985186E-5
<1920,admissions4-0,stu3-14application3-14,read> 1.1845226228201636E-4
<1921,admissions2-1,stu4-7application4-7,read> 3.6515698905656316E-5
<1922,admissions0-1,stu5-4application5-4,read> 7.433172452302627E-5
<1923,registrar0-1,roster1-9,read> 2.156050923015846E-4
<1924,stu5-16,gradebook5-6,readMyScores> 3.8553876601669266E-5
<1925,admissions2-1,application1-1,read> 2.0386065033219167E-5
<1926,admissions2-1,application1-0,read> 1.9408511465192672E-5
<1927,registrar4-1,transcript2-9,read> 2.483160160409444E-4
<1928,admissions2-1,application1-2,read> 2.1363618601245662E-5
<1929,stu4-5,stu4-5application4-5,checkStatus> 9.586689758251531E-4
<1930,stu5-17,gradebook5-3,readMyScores> 2.3515135735777084E-5
<1931,registrar2-0,transcript3-13,read> 3.787737968780796E-4
<1932,admissions2-1,application1-3,read> 2.185239538525891E-5
<1933,admissions2-1,application1-4,read> 1.4031966841046961E-5
<1934,admissions2-0,stu2-16application2-16,setStatus> 1.174672589235409E-4
<1935,stu5-17,gradebook5-2,readMyScores> 3.903988741228071E-5
<1936,admissions4-1,stu3-14application3-14,read> 1.1939422858246977E-4
<1937,registrar0-0,roster5-1,write> 1.0170351260305389E-4
<1938,registrar4-1,transcript3-12,read> 4.4076223019219845E-4
<1939,fac0-1,gradebook0-3,changeScore> 3.4631865401923626E-4
<1940,admissions0-0,stu4-14application4-14,setStatus> 2.1320348677378596E-4
<1941,admissions4-0,stu3-6application3-6,setStatus> 2.1674151434487125E-4
<1942,stu5-13,gradebook5-9,readMyScores> 2.528119993791615E-5
<1943,registrar0-0,roster1-7,read> 2.1502283254331696E-4
<1944,stu5-13,gradebook5-8,readMyScores> 1.1944633518974118E-5
<1945,registrar0-1,transcript3-19,read> 3.542850796892224E-4
<1946,admissions2-1,stu0-12application0-12,setStatus> 5.593624464772811E-5
<1947,registrar0-0,roster1-9,read> 2.1660557996887734E-4
<1948,chair3,transcript3-6,read> 4.710636309007722E-4
<1949,fac2-3,gradebook2-7,assignGrade> 8.181086099716928E-4
<1950,registrar4-0,transcript1-3,read> 3.8354533598475385E-4
<1951,registrar0-1,roster1-4,read> 2.061524714182148E-4
<1952,admissions2-0,stu2-5application2-5,setStatus> 1.5533986998295243E-4
<1953,admissions2-1,stu2-16application2-16,setStatus> 1.1370077366747546E-4
<1954,stu2-11,gradebook2-9,readMyScores> 3.3376447712223783E-4
<1955,chair3,transcript3-4,read> 4.5924394753263994E-4
<1956,chair3,transcript3-5,read> 4.533341058485738E-4
<1957,chair3,transcript3-2,read> 4.4742426416450763E-4
<1958,registrar2-1,transcript0-6,read> 1.1867714420682713E-4
<1959,admissions0-0,stu1-3application1-3,read> 1.6549053433190952E-4
<1960,admissions2-1,stu5-10application5-10,setStatus> 1.9923671086979368E-4
<1961,stu5-14,gradebook5-2,readMyScores> 3.7754623629160355E-5
<1962,chair3,transcript3-3,read> 4.356045807963754E-4
<1963,stu5-14,gradebook5-3,readMyScores> 2.27409748885087E-5
<1964,registrar4-0,transcript3-11,read> 4.352247503240977E-4
<1965,fac2-1,roster2-3,read> 0.0014184238920110868
<1966,registrar0-1,roster1-1,read> 2.1166650026684716E-4
<1967,stu3-7,gradebook3-2,readMyScores> 2.850761563389908E-5
<1968,registrar0-1,roster1-3,read> 2.0694018982516226E-4
<1969,admissions0-0,stu3-11application3-11,setStatus> 1.676687269474813E-4
<1970,admissions4-0,stu0-3application0-3,setStatus> 9.06443717837274E-5
<1971,admissions2-1,stu5-15application5-15,setStatus> 4.482768137469977E-5
<1972,admissions0-0,stu1-16application1-16,setStatus> 1.5067814492274073E-4
<1973,stu0-6,transcript0-6,read> 5.604458127552643E-4
<1974,stu5-14,gradebook5-6,readMyScores> 3.69802489852746E-5
<1975,registrar0-0,roster3-5,write> 9.594806741919796E-5
<1976,chair1,transcript1-13,read> 2.2285028016999416E-4
<1977,admissions4-1,stu5-1application5-1,setStatus> 3.539460223094703E-5
<1978,admissions0-1,stu4-5application4-5,setStatus> 1.0478756991844474E-4
<1979,registrar0-0,roster1-5,read> 2.11065963979416E-4
<1980,registrar2-1,transcript2-12,read> 3.609894599135885E-4
<1981,registrar0-0,roster1-6,read> 2.0948321655385563E-4
<1982,registrar0-0,roster1-3,read> 2.0790046912829528E-4
<1983,admissions0-1,stu0-0application0-0,read> 1.440689388433262E-4
<1984,registrar0-0,roster1-4,read> 2.071090954155151E-4
<1985,admissions0-0,stu4-5application4-5,read> 9.252617888486374E-5
<1986,admissions0-0,stu2-10application2-10,setStatus> 1.649502338235228E-4
<1987,registrar0-0,roster1-1,read> 2.1264871140497636E-4
<1988,registrar0-0,roster1-2,read> 2.118573376921962E-4
<1989,admissions0-1,stu5-0application5-0,read> 1.4526102797700655E-4
<1990,stu5-15,gradebook5-3,readMyScores> 2.3902216159411272E-5
<1991,stu5-15,gradebook5-4,readMyScores> 5.0823711105307896E-5
<1992,admissions4-1,stu2-12application2-12,setStatus> 6.163082076864283E-5
<1993,registrar2-1,roster3-8,read> 1.398857365859624E-4
<1994,registrar2-1,roster3-9,read> 1.4071000805123692E-4
<1995,registrar0-1,roster1-1,write> 1.539392729213434E-4
<1996,registrar0-1,roster1-2,write> 1.5336638680719976E-4
<1997,admissions0-0,stu0-15application0-15,setStatus> 1.6019287085659544E-4
<1998,registrar0-1,roster1-5,write> 1.5279350069305613E-4
<1999,registrar0-1,roster1-3,write> 1.5050195623648164E-4
<2000,registrar0-1,roster1-4,write> 1.49929070122338E-4
<2001,registrar0-1,roster1-9,write> 1.5680370349206152E-4
<2002,stu4-13,stu4-13application4-13,checkStatus> 0.002216583128860474
<2003,registrar2-1,roster3-1,read> 1.3246729339849177E-4
<2004,registrar0-1,transcript2-6,read> 1.9508293324163993E-4
<2005,registrar0-1,roster4-4,write> 8.003696419681571E-5
<2006,registrar0-1,roster1-7,write> 1.5565793126377426E-4
<2007,registrar2-1,roster3-3,read> 1.3576437925958985E-4
<2008,registrar0-1,roster1-8,write> 1.5623081737791789E-4
<2009,registrar2-1,roster3-4,read> 1.332915648637663E-4
<2010,registrar2-1,roster3-5,read> 1.3741292219013887E-4
<2011,admissions2-0,stu5-17application5-17,setStatus> 1.4443714861736426E-4
<2012,registrar2-1,roster3-6,read> 1.3823719365541339E-4
<2013,registrar2-1,roster3-7,read> 1.390614651206879E-4
<2014,registrar2-0,roster3-8,read> 1.3926540072527077E-4
<2015,registrar0-1,transcript4-0,read> 2.1679231684812846E-4
<2016,stu3-0,stu3-0application3-0,checkStatus> 9.276858686075345E-4
<2017,registrar2-0,roster3-7,read> 1.3844478456582896E-4
<2018,registrar4-1,transcript2-19,read> 4.345139764859888E-4
<2019,registrar2-0,roster3-9,read> 1.4008601688471258E-4
<2020,admissions0-0,stu0-0application0-0,read> 1.4455813727742918E-4
<2021,admissions0-1,stu0-15application0-15,setStatus> 1.5965076300259682E-4
<2022,admissions4-0,stu1-19application1-19,setStatus> 5.131131814080183E-5
<2023,registrar2-0,roster3-2,read> 1.3023862297141084E-4
<2024,admissions0-0,stu5-12application5-12,read> 1.0329141165573935E-4
<2025,fac4-4,gradebook4-8,assignGrade> 4.944730240599567E-4
<2026,registrar4-1,transcript2-6,read> 2.3581950862852532E-4
<2027,admissions0-1,stu4-14application4-14,setStatus> 2.12481985972521E-4
<2028,registrar2-0,roster3-5,read> 1.3680355224694531E-4
<2029,registrar2-0,roster3-6,read> 1.3762416840638715E-4
<2030,registrar2-0,roster3-3,read> 1.351623199280617E-4
<2031,registrar2-0,roster3-4,read> 1.3270047144973632E-4
<2032,registrar4-0,roster1-8,read> 2.5568750071449845E-4
<2033,admissions0-0,stu1-19application1-19,read> 5.305365872498651E-5
<2034,admissions2-1,stu2-18application2-18,read> 1.474680288766633E-4
<2035,registrar0-1,transcript1-0,read> 2.746840064654312E-4
<2036,admissions4-0,stu2-14application2-14,setStatus> 6.287986332989758E-5
<2037,stu5-17,gradebook5-9,readMyScores> 2.636622997817006E-5
<2038,stu5-17,gradebook5-7,readMyScores> 1.6642573128942692E-5
<2039,registrar4-0,transcript5-0,read> 3.5893609106125665E-4
<2040,admissions2-0,stu1-4application1-4,read> 1.962853269851389E-4
<2041,admissions0-1,stu2-18application2-18,read> 1.798316128537364E-4
<2042,registrar4-0,transcript5-1,read> 3.552447043227321E-4
<2043,admissions0-1,stu1-19application1-19,read> 5.2874120116780125E-5
<2044,admissions4-1,stu3-8application3-8,setStatus> 1.846495343565054E-4
<2045,registrar2-0,roster0-3,write> 1.508193032428663E-4
<2046,registrar4-0,roster2-5,read> 1.263006401543122E-4
<2047,admissions0-1,application5-2,read> 2.257270445004296E-4
<2048,admissions4-0,stu4-8application4-8,setStatus> 9.585021711882051E-5
<2049,registrar4-0,transcript5-4,read> 3.638579400459561E-4
<2050,registrar4-0,transcript5-3,read> 3.601665533074315E-4
<2051,registrar4-0,transcript5-9,read> 3.6754932678448066E-4
<2052,registrar4-0,transcript5-8,read> 3.687797890306555E-4
<2053,stu5-18,gradebook5-6,readMyScores> 3.7924425555111405E-5
<2054,stu5-18,gradebook5-5,readMyScores> 3.0417286788766756E-5
<2055,registrar4-0,transcript5-6,read> 3.663188645383058E-4
<2056,stu5-18,gradebook5-9,readMyScores> 2.6149223970119282E-5
<2057,registrar4-1,transcript5-2,read> 3.670328364589258E-4
<2058,stu0-2,stu0-2application0-2,checkStatus> 1.0353521661887596E-4
<2059,registrar4-1,transcript5-4,read> 3.695321379414096E-4
<2060,stu5-19,gradebook5-4,readMyScores> 5.123523913045207E-5
<2061,stu5-19,gradebook5-3,readMyScores> 2.4095756371228368E-5
<2062,admissions4-0,stu3-10application3-10,read> 5.177116781206838E-5
<2063,registrar4-1,transcript5-8,read> 3.7453074090637725E-4
<2064,admissions2-0,stu1-0application1-0,read> 1.8618596403596248E-4
<2065,stu5-19,gradebook5-6,readMyScores> 3.918332764822713E-5
<2066,stu2-10,gradebook2-2,readMyScores> 1.157913450873093E-4
<2067,stu5-19,gradebook5-8,readMyScores> 1.2764865863624701E-5
<2068,registrar4-1,transcript5-9,read> 3.732810901651353E-4
<2069,stu5-1,gradebook5-4,readMyScores> 1.0884916265063917E-4
<2070,stu5-1,gradebook5-5,readMyScores> 6.67665755653843E-5
<2071,registrar4-0,transcript0-13,read> 4.044631941697263E-4
<2072,stu5-1,gradebook5-8,readMyScores> 2.711893189500991E-5
<2073,stu3-13,gradebook3-7,readMyScores> 3.200952678766101E-5
<2074,stu3-13,gradebook3-8,readMyScores> 3.885739925821789E-5
<2075,stu5-1,gradebook5-1,readMyScores> 4.249819164846891E-5
<2076,stu1-14,gradebook1-6,addScore> 6.852543458103128E-5
<2077,admissions0-1,stu0-12application0-12,read> 6.002665491886217E-5
<2078,admissions4-0,stu0-1application0-1,setStatus> 1.7762537092424115E-5
<2079,stu3-4,transcript3-4,read> 3.969735817655023E-4
<2080,stu0-12,stu0-12application0-12,checkStatus> 6.240514178748708E-4
<2081,registrar0-1,transcript4-7,read> 2.074882953024905E-4
<2082,admissions2-0,stu5-0application5-0,read> 1.2306494560360994E-4
<2083,stu3-14,gradebook3-5,readMyScores> 5.101620007100419E-5
<2084,stu3-14,gradebook3-7,readMyScores> 3.21940197374458E-5
<2085,fac0-0,gradebook0-1,addScore> 2.3332064794364058E-4
<2086,admissions0-1,stu4-12application4-12,setStatus> 2.2060986642943243E-4
<2087,stu5-0,gradebook5-2,readMyScores> 8.595201549617359E-5
<2088,registrar0-1,transcript2-10,read> 3.429134978001094E-4
<2089,admissions2-1,stu1-8application1-8,read> 1.24984296812054E-4
<2090,stu3-14,gradebook3-8,readMyScores> 3.9081361213596666E-5
<2091,stu5-0,gradebook5-8,readMyScores> 2.742651902425388E-5
<2092,admissions4-1,stu4-6application4-6,read> 6.039188822658497E-5
<2093,stu3-15,gradebook3-3,readMyScores> 8.175440347778203E-5
<2094,stu3-15,gradebook3-1,readMyScores> 3.151251765431344E-5
<2095,registrar2-1,transcript2-11,read> 3.5990770850418324E-4
<2096,registrar2-1,roster0-7,read> 2.1324589699539423E-4
<2097,admissions2-0,application5-1,setStatus> 2.1616557865412848E-4
<2098,admissions2-0,stu2-19application2-19,setStatus> 1.3296059981148195E-4
<2099,admissions0-1,stu3-16application3-16,read> 4.154927334681688E-5
<2100,registrar0-1,transcript4-8,read> 2.0852207547422804E-4
<2101,registrar0-0,transcript4-0,read> 2.1779831367805017E-4
<2102,stu4-5,gradebook4-1,readMyScores> 1.1483090103785243E-4
<2103,admissions4-0,stu4-10application4-10,setStatus> 3.3958500357158175E-5
<2104,admissions0-0,stu4-12application4-12,setStatus> 2.213589661456614E-4
<2105,admissions0-0,stu1-9application1-9,read> 1.8163838348822295E-4
<2106,admissions4-0,stu2-17application2-17,setStatus> 1.2361472557265033E-4
<2107,stu3-16,gradebook3-7,readMyScores> 3.1825033837876214E-5
<2108,admissions2-0,stu1-17application1-17,setStatus> 6.869192649854123E-5
<2109,admissions4-0,stu0-9application0-9,setStatus> 1.2650686186992428E-4
<2110,stu3-16,gradebook3-9,readMyScores> 2.908825329807502E-5
<2111,stu0-8,transcript0-8,read> 5.757713344105545E-4
<2112,registrar2-0,roster0-2,read> 2.0901777427782478E-4
<2113,registrar4-1,roster0-9,write> 1.9231699345995213E-4
<2114,stu4-7,gradebook4-7,readMyScores> 1.4782209393224486E-4
<2115,stu3-16,gradebook3-8,readMyScores> 3.863343730283912E-5
<2116,registrar4-1,roster3-1,write> 1.1129281977119809E-4
<2117,registrar4-1,roster3-2,write> 1.0990779116113394E-4
<2118,admissions0-0,stu1-14application1-14,setStatus> 2.3087369207951607E-4
<2119,admissions0-0,stu3-16application3-16,read> 4.169035746684003E-5
<2120,fac3-3,gradebook3-6,changeScore> 4.963483958326239E-4
<2121,admissions0-0,stu5-12application5-12,setStatus> 1.1737660415424926E-4
<2122,registrar4-1,transcript3-1,read> 8.96103719032219E-5
<2123,registrar4-1,roster3-3,write> 1.1406287699132644E-4
<2124,admissions0-0,stu0-11application0-11,read> 2.0077657508089063E-4
<2125,admissions4-1,application0-4,read> 6.295720737249301E-5
<2126,registrar4-1,roster3-4,write> 1.119853340762302E-4
<2127,registrar4-1,roster3-5,write> 1.1544790560139061E-4
<2128,stu0-1,gradebook0-9,readMyScores> 1.7473946303169543E-5
<2129,registrar2-0,transcript1-6,read> 3.303108540243507E-4
<2130,fac4-2,gradebook4-5,addScore> 4.376970223235859E-4
<2131,admissions4-1,application4-0,setStatus> 1.5724726166157864E-4
<2132,registrar4-1,roster3-7,write> 1.1683293421145479E-4
<2133,registrar4-1,roster3-8,write> 1.1752544851648686E-4
<2134,registrar0-1,transcript0-1,read> 1.7750867032210156E-4
<2135,admissions2-0,stu1-11application1-11,read> 1.589176840731862E-4
<2136,fac1-2,gradebook1-4,assignGrade> 2.9729107767664716E-4
<2137,registrar4-1,roster3-9,write> 1.1821796282151895E-4
<2138,admissions0-1,stu0-8application0-8,read> 1.7267907805165438E-4
<2139,admissions2-0,stu0-9application0-9,read> 1.1044074191713945E-4
<2140,admissions4-1,stu2-17application2-17,setStatus> 1.2459774525911275E-4
<2141,stu3-17,gradebook3-6,readMyScores> 3.644853361427978E-5
<2142,stu3-17,gradebook3-4,readMyScores> 4.0160859971843094E-5
<2143,registrar0-1,transcript5-1,read> 2.984609504153948E-4
<2144,admissions2-0,stu4-13application4-13,read> 1.806313144139155E-4
<2145,stu3-10,gradebook3-2,readMyScores> 1.842633702073241E-5
<2146,stu3-10,gradebook3-3,readMyScores> 7.841748905011748E-5
<2147,admissions2-1,stu0-3application0-3,setStatus> 8.704022181220744E-5
<2148,admissions4-1,stu4-10application4-10,setStatus> 3.42285480737161E-5
<2149,admissions0-1,stu1-13application1-13,read> 1.4347289427648607E-4
<2150,admissions2-0,stu4-10application4-10,setStatus> 3.3688452640600274E-5
<2151,admissions2-1,stu4-13application4-13,read> 1.7483952878140518E-4
<2152,stu3-11,gradebook3-4,readMyScores> 3.6561006977168075E-5
<2153,admissions0-1,stu2-12application2-12,read> 6.300687775306302E-5
<2154,admissions2-0,stu1-3application1-3,setStatus> 1.587828346247171E-4
<2155,admissions0-0,stu0-7application0-7,read> 1.2900835660838663E-4
<2156,admissions0-0,stu5-8application5-8,setStatus> 2.600974931620699E-4
<2157,stu3-11,gradebook3-1,readMyScores> 2.9858799526681837E-5
<2158,registrar4-0,transcript0-2,read> 2.149720082587986E-4
<2159,admissions2-1,stu1-17application1-17,setStatus> 6.648937975710503E-5
<2160,registrar0-0,transcript0-16,read> 3.3308039347902885E-4
<2161,admissions2-1,stu5-16application5-16,read> 1.2742818073212023E-4
<2162,admissions0-0,application1-1,setStatus> 2.834595434460881E-5
<2163,admissions0-0,application1-2,setStatus> 2.970520090658805E-5
<2164,admissions0-0,application1-3,setStatus> 3.0384824187577675E-5
<2165,admissions0-0,application1-4,setStatus> 1.9510851691743726E-5
<2166,registrar4-0,transcript0-11,read> 3.9831088293885205E-4
<2167,admissions0-1,stu2-10application2-10,setStatus> 1.6439202660246182E-4
<2168,registrar4-0,roster4-2,read> 1.694295936743743E-4
<2169,admissions2-1,application4-2,setStatus> 1.5591331410498316E-4
<2170,admissions4-0,application5-4,setStatus> 2.219473596799643E-4
<2171,admissions2-1,stu4-10application4-10,setStatus> 3.26082617743686E-5
<2172,registrar4-0,roster4-7,read> 1.3380132772301866E-4
<2173,registrar4-0,roster4-6,read> 1.366140855612836E-4
<2174,admissions4-1,stu2-19application2-19,read> 1.1888116475328814E-4
<2175,registrar0-0,transcript2-12,read> 3.4658189832058496E-4
<2176,registrar4-0,roster4-5,read> 1.2911339799257716E-4
<2177,stu3-12,gradebook3-1,readMyScores> 2.9491306609430366E-5
<2178,stu3-12,gradebook3-2,readMyScores> 1.7978280193480556E-5
<2179,admissions0-0,stu2-12application2-12,read> 6.322082300859124E-5
<2180,admissions0-0,stu1-2application1-2,read> 1.8702099987366074E-4
<2181,admissions4-0,stu4-6application4-6,read> 5.9915423625191795E-5
<2182,admissions4-0,stu4-13application4-13,setStatus> 2.0690825093413985E-4
<2183,admissions0-0,application1-0,setStatus> 2.698670778262957E-5
<2184,admissions0-1,application1-4,setStatus> 1.9444825120874887E-5
<2185,admissions0-1,application1-2,setStatus> 2.9604675692014154E-5
<2186,admissions2-0,stu5-16application5-16,read> 1.316494041104099E-4
<2187,admissions0-1,stu3-2application3-2,setStatus> 6.75347844909341E-5
<2188,admissions0-1,application1-3,setStatus> 3.0281999063423438E-5
<2189,admissions0-1,stu4-4application4-4,setStatus> 1.860663744875589E-4
<2190,fac0-3,gradebook0-7,addScore> 8.297472339556427E-5
<2191,stu2-15,stu2-15application2-15,checkStatus> 4.381527745691583E-4
<2192,stu3-12,gradebook3-9,readMyScores> 2.7064722633861106E-5
<2193,admissions4-1,stu4-5application4-5,setStatus> 9.019914762080048E-5
<2194,registrar4-1,roster4-2,read> 1.7207177057377974E-4
<2195,registrar4-1,roster4-1,read> 1.711195634043606E-4
<2196,stu3-12,gradebook3-7,readMyScores> 2.9611118440458736E-5
<2197,admissions2-1,stu3-8application3-8,read> 1.54799680636862E-4
<2198,registrar4-1,roster4-4,read> 1.3303127662759592E-4
<2199,admissions4-1,stu1-1application1-1,read> 2.0148444125152684E-4
<2200,stu1-3,stu1-3application1-3,checkStatus> 0.0017146567919350505
<2201,registrar4-1,roster4-5,read> 1.3112686228875772E-4
<2202,registrar2-1,roster1-1,write> 1.6108262665319228E-4
<2203,registrar4-1,roster4-8,read> 1.25413619272243E-4
<2204,registrar4-1,roster4-7,read> 1.3588789813585327E-4
<2205,registrar4-0,roster4-8,read> 1.234878823160473E-4
<2206,registrar0-1,transcript4-14,read> 3.7599446329571087E-4
<2207,registrar4-0,roster4-9,read> 1.2067512447778238E-4
<2208,stu3-13,gradebook3-4,readMyScores> 3.9035905911007154E-5
<2209,admissions4-0,stu2-10application2-10,setStatus> 1.403891160968392E-4
<2210,admissions2-0,stu0-3application0-3,setStatus> 8.992354178942342E-5
<2211,admissions0-1,application1-1,setStatus> 2.8250028949195585E-5
<2212,admissions0-1,application1-0,setStatus> 2.689538220637701E-5
<2213,admissions4-1,stu0-1application0-1,setStatus> 1.7903789872483156E-5
<2214,admissions2-1,stu3-9application3-9,setStatus> 9.092821895776737E-5
<2215,registrar4-0,transcript2-18,read> 4.253810523546988E-4
<2216,registrar2-0,transcript4-17,read> 3.927742025913791E-4
<2217,registrar4-0,transcript2-14,read> 4.143068921391252E-4
<2218,admissions4-0,stu0-6application0-6,read> 5.6352311706950295E-5
<2219,admissions4-1,stu3-6application3-6,setStatus> 2.1846510491620223E-4
<2220,admissions0-1,stu0-0application0-0,setStatus> 1.6371470323105254E-4
<2221,chair1,transcript1-17,read> 1.992109134337296E-4
<2222,admissions2-0,stu4-0application4-0,read> 5.994392717125744E-5
<2223,stu1-16,gradebook1-6,readScore> 2.5711580717161138E-5
<2224,admissions2-0,stu4-19application4-19,setStatus> 7.270871858060003E-5
<2225,registrar0-0,transcript5-0,read> 3.029616519094038E-4
<2226,admissions0-0,stu4-9application4-9,setStatus> 1.6291136398055393E-4
<2227,admissions4-0,stu1-1application1-1,read> 1.9989482041325049E-4
<2228,admissions2-1,stu5-18application5-18,read> 1.1129854685968306E-4
<2229,registrar2-1,transcript4-13,read> 3.891149965581232E-4
<2230,registrar2-1,transcript4-14,read> 3.9344200219574394E-4
<2231,admissions4-1,stu0-7application0-7,read> 1.1067214348638243E-4
<2232,stu5-9,gradebook5-3,readMyScores> 5.4675109838329425E-5
<2233,registrar2-1,transcript4-12,read> 3.9019674796752845E-4
<2234,registrar4-1,transcript2-10,read> 4.1451956462611834E-4
<2235,registrar4-0,roster1-7,read> 2.5474991476841013E-4
<2236,stu5-9,gradebook5-7,readMyScores> 3.869569472367333E-5
<2237,fac4-4,gradebook4-8,readScore> 1.5730726390775394E-4
<2238,admissions2-0,stu1-16application1-16,setStatus> 1.2722232540854082E-4
<2239,registrar2-1,transcript4-19,read> 3.9668725642395955E-4
<2240,stu4-17,gradebook4-6,addScore> 2.617894454200033E-4
<2241,registrar4-1,transcript2-16,read> 4.2576642129729555E-4
<2242,registrar2-1,transcript4-17,read> 3.945237536051492E-4
<2243,admissions0-1,application5-1,read> 2.2453495536674923E-4
<2244,admissions2-1,stu4-19application4-19,setStatus> 7.037737690266497E-5
<2245,admissions0-1,application0-4,read> 7.313963538934593E-5
<2246,registrar2-0,transcript1-0,read> 2.861557283131754E-4
<2247,admissions4-0,stu3-5application3-5,setStatus> 1.2592843461046947E-4
<2248,admissions2-0,stu5-16application5-16,setStatus> 1.4960159558001127E-4
<2249,admissions2-0,stu5-11application5-11,read> 1.0741093303238653E-4
<2250,admissions2-0,stu5-18application5-18,read> 1.1498545524426883E-4
<2251,admissions2-1,stu0-2application0-2,setStatus> 9.28027890100909E-6
<2252,admissions2-0,stu1-10application1-10,read> 1.0943080562222182E-4
<2253,stu5-8,gradebook5-1,readMyScores> 4.57116654971244E-5
<2254,stu5-8,gradebook5-8,readMyScores> 2.9169512756636367E-5
<2255,stu5-8,gradebook5-7,readMyScores> 3.8969646544725885E-5
<2256,admissions2-1,application5-2,setStatus> 2.1034527414282202E-4
<2257,stu2-1,gradebook2-1,readMyScores> 1.4593351388284687E-4
<2258,admissions4-1,stu1-3application1-3,read> 1.4196903706646048E-4
<2259,stu2-4,gradebook2-6,readMyScores> 2.587657434696727E-4
<2260,stu5-1,stu5-1application5-1,checkStatus> 3.7618656013392083E-4
<2261,stu1-14,gradebook1-6,readScore> 2.524621274037994E-5
<2262,admissions0-1,stu5-11application5-11,read> 1.2678364640496126E-4
<2263,registrar0-1,transcript1-2,read> 3.212041141936209E-4
<2264,admissions4-1,stu3-5application3-5,setStatus> 1.2692985357357463E-4
<2265,registrar2-1,transcript2-18,read> 3.7397047682645066E-4
<2266,registrar0-1,transcript1-1,read> 2.726164461219561E-4
<2267,registrar0-1,transcript1-8,read> 3.150014331631956E-4
<2268,registrar0-1,transcript1-9,read> 3.160352133349331E-4
<2269,registrar0-0,transcript4-17,read> 3.787777944812186E-4
<2270,registrar0-0,roster0-2,read> 2.0156947942605376E-4
<2271,admissions0-0,stu1-13application1-13,read> 1.4396006879015835E-4
<2272,admissions0-0,stu5-9application5-9,read> 3.092512469596443E-5
<2273,registrar0-1,transcript1-4,read> 3.191365538501458E-4
<2274,admissions4-0,stu1-16application1-16,read> 1.1285308641049399E-4
<2275,stu5-7,gradebook5-1,readMyScores> 4.346223380306556E-5
<2276,registrar0-0,transcript4-6,read> 2.1675973638254589E-4
<2277,registrar4-0,roster3-5,read> 1.56303390429138E-4
<2278,stu4-15,gradebook4-3,addScore> 2.0445091059361644E-4
<2279,registrar0-0,transcript2-18,read> 3.590448258666366E-4
<2280,registrar2-0,transcript3-11,read> 3.8092770544935646E-4
<2281,registrar2-1,transcript1-10,read> 4.9445054004895315E-5
<2282,registrar0-0,transcript1-1,read> 2.73881487635283E-4
<2283,admissions0-1,stu1-18application1-18,read> 1.3334013664020313E-4
<2284,admissions0-0,stu0-0application0-0,setStatus> 1.6427061054253317E-4
<2285,admissions2-1,stu4-0application4-0,read> 5.8021877402239167E-5
<2286,registrar0-0,transcript1-8,read> 3.164631567509598E-4
<2287,admissions4-1,stu0-17application0-17,read> 1.9122316466789469E-4
<2288,registrar0-0,transcript1-9,read> 3.175017340464642E-4
<2289,registrar0-0,transcript1-7,read> 3.1957888863747285E-4
<2290,stu5-6,gradebook5-7,readMyScores> 3.7462911528936846E-5
<2291,stu5-6,gradebook5-8,readMyScores> 2.804169328274182E-5
<2292,stu5-6,gradebook5-5,readMyScores> 6.903840611392288E-5
<2293,admissions2-0,stu5-3application5-3,read> 1.467984485341745E-4
<2294,admissions2-0,stu1-9application1-9,read> 1.5336303445113918E-4
<2295,stu5-6,gradebook5-3,readMyScores> 5.293324793197557E-5
<2296,stu0-3,transcript0-3,read> 5.502287983184042E-4
<2297,registrar2-0,transcript4-12,read> 3.884663854488254E-4
<2298,registrar4-0,transcript2-12,read> 4.1061550540060057E-4
<2299,registrar2-0,transcript4-13,read> 3.8738943116318694E-4
<2300,registrar4-0,transcript2-13,read> 4.1184596764677546E-4
<2301,fac3-4,gradebook3-8,changeScore> 5.083507751776949E-4
<2302,admissions4-0,stu3-16application3-16,setStatus> 4.032120021116085E-5
<2303,stu1-19,gradebook1-1,addScore> 2.5634642885964237E-4
<2304,stu3-18,gradebook3-6,readMyScores> 3.6652727079905994E-5
<2305,stu3-18,gradebook3-5,readMyScores> 5.247798230799572E-5
<2306,admissions2-0,stu0-16application0-16,read> 1.2054010486631587E-4
<2307,stu3-18,gradebook3-2,readMyScores> 2.0106550122926857E-5
<2308,admissions2-0,application4-1,read> 1.4275870335450394E-4
<2309,registrar2-1,transcript0-9,read> 1.2624940407266342E-4
<2310,admissions0-1,stu0-19application0-19,setStatus> 1.3391247488904397E-4
<2311,registrar4-1,transcript3-16,read> 4.357636272272308E-4
<2312,registrar2-1,transcript0-1,read> 1.857457315899485E-4
<2313,registrar0-0,transcript2-10,read> 3.445047437295762E-4
<2314,registrar2-1,transcript0-5,read> 1.208406470256375E-4
<2315,registrar4-0,roster3-9,write> 1.1640271579162999E-4
<2316,registrar0-1,roster5-4,write> 8.46200531099647E-5
<2317,registrar2-1,transcript0-4,read> 1.154318899786116E-4
<2318,registrar4-0,roster3-8,write> 1.1572083510356576E-4
<2319,registrar2-1,transcript0-3,read> 1.1651364138801677E-4
<2320,registrar0-0,roster4-2,read> 1.4300782468031984E-4
<2321,admissions2-1,stu5-12application5-12,read> 8.44158237389545E-5
<2322,admissions2-0,application4-4,read> 1.442736077968804E-4
<2323,admissions4-1,stu0-10application0-10,setStatus> 2.272105110954342E-4
<2324,stu5-5,gradebook5-5,readMyScores> 6.979568296343577E-5
<2325,admissions4-0,stu5-15application5-15,read> 4.10818320573439E-5
<2326,registrar2-0,roster0-9,write> 1.6573959705089923E-4
<2327,registrar4-0,roster3-5,write> 1.1367519303937309E-4
<2328,admissions0-1,application5-0,read> 2.2393891079990904E-4
<2329,stu1-18,gradebook1-7,addScore> 2.6484989600029615E-4
<2330,stu5-5,gradebook5-9,readMyScores> 6.000216122604133E-5
<2331,registrar4-0,roster3-7,write> 1.1503895441550152E-4
<2332,stu5-5,gradebook5-8,readMyScores> 2.8349280411985792E-5
<2333,registrar4-0,roster3-6,write> 1.1435707372743731E-4
<2334,admissions2-1,stu1-17application1-17,read> 5.851065418625242E-5
<2335,registrar4-0,roster3-1,write> 1.0958390891098776E-4
<2336,registrar2-0,transcript4-5,read> 2.2369237974614696E-4
<2337,registrar4-0,roster3-3,write> 1.1231143166324465E-4
<2338,admissions4-1,stu3-16application3-16,setStatus> 4.064184593848619E-5
<2339,stu3-19,gradebook3-6,readMyScores> 3.604014668302734E-5
<2340,chair4,transcript4-2,read> 0.001251162733197503
<2341,stu3-19,gradebook3-8,readMyScores> 3.952928512435422E-5
<2342,admissions4-0,stu1-3application1-3,read> 1.4084896576810574E-4
<2343,registrar4-1,transcript0-15,read> 4.082713109199088E-4
<2344,registrar2-0,transcript0-5,read> 1.2030476832485862E-4
<2345,stu3-19,gradebook3-1,readMyScores> 3.2431249947442126E-5
<2346,registrar4-1,transcript1-8,read> 3.807789946125868E-4
<2347,registrar2-0,transcript0-6,read> 1.1815085975358176E-4
<2348,registrar2-0,transcript0-7,read> 1.2353563118177387E-4
<2349,registrar2-0,transcript0-8,read> 1.2138172261049703E-4
<2350,registrar2-0,transcript0-9,read> 1.256895397530507E-4
<2351,registrar2-0,transcript0-2,read> 1.881528883200791E-4
<2352,registrar2-0,transcript0-1,read> 1.8492202546316382E-4
<2353,registrar2-0,transcript0-4,read> 1.1491999689666651E-4
<2354,registrar2-0,transcript0-3,read> 1.1599695118230494E-4
<2355,admissions0-1,stu5-4application5-4,setStatus> 8.446786877616623E-5
<2356,stu5-4,gradebook5-7,readMyScores> 3.828476699209451E-5
<2357,stu5-4,gradebook5-6,readMyScores> 8.796578375646171E-5
<2358,admissions0-0,application1-3,read> 2.673864528506835E-5
<2359,admissions0-0,application1-4,read> 1.7169549488734476E-5
<2360,admissions0-0,application1-1,read> 2.494443982325575E-5
<2361,admissions0-0,application1-2,read> 2.6140576797797483E-5
<2362,admissions0-0,application1-0,read> 2.374830284871402E-5
<2363,admissions0-1,stu2-11application2-11,read> 8.148425932510832E-5
<2364,admissions4-1,stu4-11application4-11,setStatus> 2.0680456334389299E-4
<2365,stu5-3,gradebook5-3,readMyScores> 4.983660454290204E-5
<2366,admissions4-1,stu3-12application3-12,read> 7.219235629776194E-5
<2367,admissions2-0,stu3-15application3-15,setStatus> 1.6165197182618765E-4
<2368,fac2-1,gradebook2-3,assignGrade> 8.309683021271259E-4
<2369,stu5-3,gradebook5-8,readMyScores> 2.640122859344065E-5
<2370,admissions2-1,stu5-11application5-11,read> 1.0396689509948436E-4
<2371,stu1-16,gradebook1-6,addScore> 6.978857623229452E-5
<2372,stu5-3,gradebook5-7,readMyScores> 3.52712969605164E-5
<2373,admissions0-1,application1-4,read> 1.71114461063699E-5
<2374,admissions0-1,application1-0,read> 2.3667936341611768E-5
<2375,admissions0-1,application1-1,read> 2.4860025475292112E-5
<2376,admissions0-1,application1-2,read> 2.6052114608972453E-5
<2377,registrar0-1,transcript5-6,read> 3.0776497196103274E-4
<2378,admissions4-1,stu0-6application0-6,read> 5.6800441422313725E-5
<2379,admissions0-1,application1-3,read> 2.6648159175812623E-5
<2380,admissions2-1,stu5-0application5-0,read> 1.1911897540389502E-4
<2381,admissions0-0,stu2-11application2-11,read> 8.176094611398813E-5
<2382,admissions2-1,stu0-16application0-16,read> 1.1667509148382879E-4
<2383,admissions4-1,stu5-15application5-15,read> 4.140852654686552E-5
<2384,admissions0-0,stu0-12application0-12,read> 6.02304805722369E-5
<2385,registrar4-1,roster1-7,read> 2.5872262299091945E-4
<2386,registrar0-0,roster3-8,read> 1.3430271383973777E-4
<2387,admissions0-0,stu1-8application1-8,setStatus> 1.7378533647638788E-4
<2388,registrar0-0,transcript2-5,read> 1.9702676776796392E-4
<2389,admissions4-0,stu3-12application3-12,read> 7.16227913565567E-5
<2390,stu5-2,gradebook5-9,readMyScores> 5.67470711052796E-5
<2391,stu5-2,gradebook5-8,readMyScores> 2.6811344765765942E-5
<2392,stu5-2,gradebook5-7,readMyScores> 3.581920060262151E-5
<2393,admissions2-0,stu1-17application1-17,read> 6.044889531871627E-5
<2394,stu1-17,gradebook1-6,addScore> 7.042014705792615E-5
<2395,admissions4-0,stu5-15application5-15,setStatus> 4.668390006516352E-5
<2396,admissions4-0,stu3-19application3-19,read> 1.5408338146443129E-4
<2397,admissions2-1,stu4-18application4-18,setStatus> 1.0946563391963341E-5
<2398,admissions2-1,stu3-3application3-3,read> 1.8168240375759058E-4
<2399,registrar4-1,transcript1-1,read> 3.295433142216685E-4
<2400,admissions2-0,application2-4,read> 5.8429022728880985E-5
<2401,fac3-3,gradebook3-7,assignGrade> 1.7941056625184266E-4
<2402,admissions2-1,stu4-5application4-5,read> 7.561784162671605E-5
<2403,admissions2-0,application2-1,read> 5.236940495937514E-5
<2404,admissions0-1,stu2-18application2-18,setStatus> 2.0435410551560958E-4
<2405,registrar4-1,transcript1-7,read> 3.8452794683631255E-4
<2406,admissions2-0,application2-0,read> 5.186443681191632E-5
<2407,admissions4-1,stu5-4application5-4,read> 6.398333503085623E-5
<2408,admissions2-0,application2-3,read> 5.7419086433963347E-5
<2409,admissions4-1,stu5-4application5-4,setStatus> 7.270833526233663E-5
<2410,admissions4-1,stu2-1application2-1,read> 1.1528971794901689E-4
<2411,registrar4-1,transcript1-9,read> 3.8202864535382867E-4
<2412,app0-3,application0-3,checkStatus> 7.66573711075917E-4
<2413,admissions2-0,application2-2,read> 5.2874373106833964E-5
<2414,registrar4-0,transcript1-4,read> 3.7985394924622913E-4
<2415,registrar4-0,transcript1-2,read> 3.823148737385789E-4
<2416,admissions4-1,stu5-5application5-5,setStatus> 1.0244271627172518E-4
<2417,admissions2-0,stu5-12application5-12,setStatus> 9.910478083412924E-5
<2418,admissions2-1,application2-4,read> 5.6555547050199434E-5
<2419,registrar4-0,transcript1-8,read> 3.749321002615298E-4
<2420,admissions2-1,application2-3,read> 5.5577993482172946E-5
<2421,registrar4-0,transcript1-7,read> 3.7862348700005435E-4
<2422,admissions2-1,application2-2,read> 5.117900242605372E-5
<2423,registrar4-0,transcript1-6,read> 3.773930247538795E-4
<2424,admissions4-0,stu1-11application1-11,read> 1.6019157332427386E-4
<2425,admissions4-0,stu4-3application4-3,setStatus> 2.2599635049614785E-4
<2426,admissions2-1,application2-1,read> 5.069022564204047E-5
<2427,admissions2-1,stu5-17application5-17,read> 1.2302918967600098E-4
<2428,admissions0-0,stu1-0application1-0,read> 2.205128351608293E-4
<2429,admissions4-0,stu3-17application3-17,read> 1.4441207768634722E-4
<2430,stu3-8,gradebook3-9,readMyScores> 4.477061594573287E-5
<2431,admissions4-0,stu5-5application5-5,setStatus> 1.0163448971336838E-4
<2432,stu3-8,gradebook3-6,readMyScores> 5.421336512376067E-5
<2433,admissions4-0,stu2-13application2-13,read> 1.0318178263240994E-4
<2434,stu3-5,transcript3-5,read> 3.918650745470723E-4
<2435,admissions2-0,stu5-17application5-17,read> 1.2710469078328052E-4
<2436,registrar2-0,transcript0-13,read> 3.5400384830839595E-4
<2437,admissions0-0,stu0-19application0-19,setStatus> 1.343671861789898E-4
<2438,admissions0-0,stu3-14application3-14,setStatus> 1.581540010136266E-4
<2439,admissions4-0,stu3-9application3-9,read> 8.33301590879216E-5
<2440,registrar0-0,transcript2-7,read> 1.9910392235897252E-4
<2441,stu3-9,gradebook3-2,readMyScores> 2.9403729288402783E-5
<2442,registrar4-0,transcript1-19,read> 4.0246369301969214E-5
<2443,admissions2-0,stu4-18application4-18,setStatus> 1.1309182469129825E-5
<2444,admissions4-0,stu5-4application5-4,read> 6.34785355434333E-5
<2445,admissions0-1,stu2-8application2-8,setStatus> 2.666678556852638E-4
<2446,admissions0-1,application4-3,read> 1.7089094435113387E-4
<2447,stu3-6,gradebook3-2,readMyScores> 2.895567246115093E-5
<2448,admissions4-1,application4-0,read> 1.383775902621892E-4
<2449,stu3-6,gradebook3-5,readMyScores> 7.557414165246179E-5
<2450,admissions2-1,stu1-11application1-11,setStatus> 1.7479787166913133E-4
<2451,registrar0-0,transcript2-6,read> 1.9598819047245963E-4
<2452,registrar4-1,transcript5-13,read> 3.3376088547335995E-5
<2453,stu3-6,gradebook3-9,readMyScores> 4.359022305827474E-5
<2454,admissions2-1,stu5-10application5-10,read> 1.753283055654184E-4
<2455,registrar0-0,transcript2-8,read> 1.9806534506346823E-4
<2456,registrar4-1,transcript5-10,read> 3.9624342253545544E-5
<2457,registrar4-1,transcript5-11,read> 3.46257392885779E-5
<2458,registrar0-0,transcript2-2,read> 2.001424996544769E-4
<2459,admissions4-0,stu2-5application2-5,setStatus> 1.565850793615733E-4
<2460,registrar4-1,transcript5-16,read> 2.837748558236835E-5
<2461,registrar2-1,roster1-3,read> 2.165429828564923E-4
<2462,stu5-12,transcript5-12,read> 1.5176523528085962E-4
<2463,registrar4-1,transcript5-17,read> 2.712783484112645E-5
<2464,admissions0-0,stu2-19application2-19,setStatus> 1.5747437773263695E-4
<2465,registrar0-0,transcript2-4,read> 2.0221965424548552E-4
<2466,registrar4-1,transcript5-14,read> 3.212643780609408E-5
<2467,registrar0-0,transcript2-3,read> 2.032582315409898E-4
<2468,registrar4-1,transcript5-15,read> 3.0876787064852176E-5
<2469,registrar4-0,transcript5-19,read> 2.3019897855521245E-5
<2470,registrar4-0,transcript5-18,read> 2.5480822347870955E-5
<2471,admissions4-0,stu2-18application2-18,read> 1.5357436547611106E-4
<2472,registrar0-0,transcript2-0,read> 2.4272416877015368E-4
<2473,admissions0-0,application3-3,read> 1.4874461668832524E-4
<2474,registrar4-0,transcript5-17,read> 2.6711284594045808E-5
<2475,admissions4-1,application4-3,read> 1.470996753582765E-4
<2476,registrar0-0,transcript2-19,read> 3.6112198045764525E-4
<2477,admissions2-0,stu1-10application1-10,setStatus> 1.2435318820707024E-4
<2478,admissions4-0,stu3-11application3-11,setStatus> 1.4270282513465836E-4
<2479,admissions2-1,stu2-7application2-7,read> 9.028114514711346E-5
<2480,admissions0-1,stu4-16application4-16,setStatus> 2.0367678214420034E-4
<2481,admissions2-1,stu3-15application3-15,setStatus> 1.5646874226863454E-4
<2482,admissions4-1,application3-2,setStatus> 1.4558672008926942E-4
<2483,registrar4-1,transcript0-19,read> 3.970244542487316E-4
<2484,stu1-13,gradebook1-8,readMyScores> 2.91351785961693E-5
<2485,registrar0-1,transcript2-3,read> 2.0231939444380275E-4
<2486,admissions4-1,application4-4,read> 1.465866115290949E-4
<2487,registrar0-0,transcript3-8,read> 7.135891501194213E-5
<2488,admissions4-1,application4-1,read> 1.4504742004155008E-4
<2489,admissions4-1,stu4-9application4-9,read> 1.22985675386741E-4
<2490,admissions4-1,application4-2,read> 1.440212923831869E-4
<2491,registrar4-1,roster2-9,read> 1.7778501359029444E-4
<2492,admissions2-0,stu0-7application0-7,read> 1.0892583747476299E-4
<2493,registrar0-1,roster0-1,read> 1.9748756894179243E-4
<2494,stu3-7,gradebook3-1,readMyScores> 4.67634737202494E-5
<2495,registrar4-1,transcript0-10,read> 4.0577200943742495E-4
<2496,admissions0-0,stu4-12application4-12,read> 1.9479589020818204E-4
<2497,admissions4-1,stu1-11application1-11,setStatus> 1.834834801992745E-4
<2498,admissions0-1,application3-0,read> 1.464531171106869E-4
<2499,stu3-7,gradebook3-5,readMyScores> 7.440471586286858E-5
<2500,registrar0-1,transcript2-9,read> 2.054207349590154E-4
<2501,registrar0-1,transcript2-8,read> 1.9715049358511502E-4
<2502,registrar4-0,transcript5-10,read> 3.901590705579436E-5
<2503,registrar0-1,transcript2-7,read> 1.9818427375685257E-4
<2504,registrar4-0,transcript5-11,read> 3.4094058071094946E-5
<2505,stu2-11,gradebook2-1,readMyScores> 1.056137389131531E-4
<2506,admissions2-0,stu5-10application5-10,read> 1.8113628256137432E-4
<2507,registrar4-0,transcript5-12,read> 3.6554982563444645E-5
<2508,admissions0-0,stu1-14application1-14,read> 2.031688490299741E-4
<2509,stu2-11,gradebook2-2,readMyScores> 1.1448665387505793E-4
<2510,registrar0-1,transcript2-5,read> 1.9611671341337748E-4
<2511,registrar4-0,transcript5-13,read> 3.286359582492008E-5
<2512,registrar0-1,transcript2-4,read> 2.0128561427206523E-4
<2513,registrar4-0,transcript5-14,read> 3.163313357874523E-5
<2514,stu2-11,gradebook2-4,readMyScores> 1.0826526825072188E-4
<2515,registrar4-0,transcript5-15,read> 3.0402671332570377E-5
<2516,fac5-3,roster5-7,read> 0.0017331268020651883
<2517,registrar0-1,transcript2-2,read> 1.992180539285901E-4
<2518,registrar2-1,transcript1-2,read> 3.361091774972692E-4
<2519,admissions4-0,stu4-1application4-1,read> 1.8462434076364412E-4
<2520,admissions0-1,stu0-13application0-13,read> 1.965208607252612E-4
<2521,registrar4-0,transcript5-16,read> 2.7941746840220664E-5
<2522,stu2-2,gradebook2-3,readMyScores> 1.788487046984177E-4
<2523,admissions4-1,stu3-19application3-19,setStatus> 1.7648715525588892E-4
<2524,registrar0-1,transcript2-1,read> 2.0025183410032763E-4
<2525,admissions4-0,application4-0,read> 1.3728585384986422E-4
<2526,admissions4-0,stu4-9application4-9,read> 1.2201537420025783E-4
<2527,admissions4-0,application4-2,read> 1.428850297213866E-4
<2528,admissions4-0,application4-3,read> 1.4593912565130784E-4
<2529,admissions4-0,application4-4,read> 1.4543010966298764E-4
<2530,registrar4-0,transcript2-2,read> 2.37120328689946E-4
<2531,admissions2-1,stu0-10application0-10,read> 1.9048038586982907E-4
<2532,registrar2-0,roster0-8,write> 1.645459735462566E-4
<2533,registrar2-0,transcript0-16,read> 3.4538821402328853E-4
<2534,stu3-4,gradebook3-2,readMyScores> 3.108394239059723E-5
<2535,admissions2-0,stu0-5application0-5,setStatus> 1.8517889687824635E-4
<2536,registrar2-0,roster0-6,write> 1.5499698550911552E-4
<2537,admissions0-1,stu4-3application4-3,setStatus> 2.64635885571036E-4
<2538,stu3-16,stu3-16application3-16,checkStatus> 4.319561531256346E-4
<2539,registrar2-0,roster0-5,write> 1.5320655025215157E-4
<2540,registrar2-0,roster0-1,write> 1.4962567973822368E-4
<2541,admissions2-1,stu5-18application5-18,setStatus> 1.2647562143145805E-4
<2542,admissions2-0,stu1-18application1-18,read> 1.1296558265443356E-4
<2543,admissions0-1,application3-2,read> 1.4883729537804757E-4
<2544,stu3-4,gradebook3-9,readMyScores> 4.679414660994678E-5
<2545,admissions2-1,stu4-16application4-16,setStatus> 1.6702187737801147E-4
<2546,admissions4-0,stu3-19application3-19,setStatus> 1.7509475166412646E-4
<2547,registrar4-0,transcript2-9,read> 2.445031021669951E-4
<2548,admissions0-1,stu5-6application5-6,setStatus> 4.0441849634562705E-5
<2549,registrar4-0,transcript2-5,read> 2.3342894195142145E-4
<2550,registrar4-0,transcript2-6,read> 2.321984797052466E-4
<2551,registrar4-0,transcript2-7,read> 2.3588986644377115E-4
<2552,registrar4-0,transcript2-8,read> 2.346594041975963E-4
<2553,registrar4-1,transcript2-5,read> 2.370691593697672E-4
<2554,registrar4-1,transcript2-4,read> 2.433174130759768E-4
<2555,registrar2-0,transcript1-12,read> 4.599492261580756E-5
<2556,registrar0-1,transcript0-12,read> 3.418797176283719E-4
<2557,registrar4-1,transcript2-3,read> 2.4456706381721866E-4
<2558,registrar4-1,transcript2-1,read> 2.420677623347348E-4
<2559,registrar4-1,transcript2-0,read> 2.9205379198441123E-4
<2560,admissions4-0,stu1-15application1-15,setStatus> 1.6121249743721155E-4
<2561,fac0-2,gradebook0-4,changeScore> 3.4031746434670077E-4
<2562,admissions2-0,stu5-18application5-18,setStatus> 1.306652900503055E-4
<2563,stu3-5,gradebook3-7,readMyScores> 5.0643314715924765E-5
<2564,stu3-5,gradebook3-8,readMyScores> 6.147755675147441E-5
<2565,registrar4-1,transcript2-8,read> 2.3831881011100912E-4
<2566,registrar4-1,transcript2-7,read> 2.39568460852251E-4
<2567,admissions2-0,stu4-5application4-5,read> 7.812278047977497E-5
<2568,admissions2-0,application2-0,setStatus> 5.893686001354128E-5
<2569,admissions0-1,stu3-2application3-2,read> 5.9430610352022E-5
<2570,admissions2-0,application2-1,setStatus> 5.95106874538354E-5
<2571,stu5-9,stu5-9application5-9,checkStatus> 3.2041696714220716E-4
<2572,admissions0-0,stu5-11application5-11,read> 1.2721415114657402E-4
<2573,stu3-2,gradebook3-4,readMyScores> 6.10850055033916E-5
<2574,admissions0-1,stu3-3application3-3,setStatus> 2.517667415142595E-4
<2575,stu2-14,gradebook2-4,readMyScores> 9.592734594294731E-5
<2576,stu2-14,gradebook2-7,readMyScores> 1.5606104812921888E-4
<2577,admissions2-1,stu2-9application2-9,read> 1.7435075199739188E-4
<2578,admissions2-0,application2-4,setStatus> 6.639661673736477E-5
<2579,admissions2-0,application2-3,setStatus> 6.524896185677654E-5
<2580,admissions2-0,application2-2,setStatus> 6.008451489412951E-5
<2581,admissions0-0,stu2-9application2-9,read> 2.133360133135789E-4
<2582,stu2-14,gradebook2-1,readMyScores> 9.357798519085646E-5
<2583,stu3-2,gradebook3-2,readMyScores> 3.041185714971945E-5
<2584,registrar2-1,roster0-1,write> 1.5029216383505317E-4
<2585,admissions2-1,application2-0,setStatus> 5.704710097503094E-5
<2586,admissions2-1,application2-1,setStatus> 5.7602529138682355E-5
<2587,admissions2-1,application2-2,setStatus> 5.815795730233377E-5

