<0,chair3,transcript3-6,read> 3.794152781856541E-4
<1,fac2-2,gradebook2-5,changeScore> 0.001864367892007704
<2,registrar4-1,transcript4-14,read> 3.6608096080820754E-4
<3,admissions2-1,stu2-16application2-16,setStatus> 9.157958254700529E-5
<4,fac0-2,roster0-4,read> 0.002252508626619776
<5,registrar4-1,transcript2-8,read> 1.9195240664671398E-4
<6,admissions4-0,application5-3,read> 1.560842373686437E-4
<7,chair5,transcript5-6,read> 0.0014171051555862514
<8,admissions0-0,stu0-12application0-12,read> 4.851226679901482E-5
<9,admissions2-0,stu5-8application5-8,read> 1.556564577502187E-4
<10,stu3-8,stu3-8application3-8,checkStatus> 0.0015807008837284615
<11,fac2-1,gradebook2-2,changeScore> 0.0017870299563340559
<12,registrar2-1,transcript0-18,read> 2.7768737086784277E-4
<13,admissions4-0,stu5-5application5-5,read> 7.203756473498637E-5
<14,admissions2-1,stu1-16application1-16,setStatus> 9.918480739519949E-5
<15,stu1-19,gradebook1-8,readMyScores> 2.5597011588037217E-5
<16,chair0,transcript0-18,read> 0.0015170661070789695
<17,fac5-1,roster5-2,read> 0.001553265851662626
<18,admissions2-0,stu2-16application2-16,read> 8.325968175577839E-5
<19,admissions2-1,stu0-7application0-7,read> 8.492053714315993E-5
<20,registrar0-0,transcript2-3,read> 1.637130812161842E-4
<21,fac5-0,roster5-1,read> 0.001544525316975662
<22,fac2-4,roster2-9,read> 0.0016319306638453055
<23,admissions2-0,stu4-16application4-16,setStatus> 1.389831067926125E-4
<24,registrar4-1,transcript5-0,read> 2.936112735271236E-4
<25,fac1-2,gradebook1-4,assignGrade> 2.3945125358777318E-4
<26,stu1-13,stu1-13application1-13,checkStatus> 0.0012013825819364983
<27,fac2-3,gradebook2-7,changeScore> 0.001845033408089292
<28,stu1-1,stu1-1application1-1,checkStatus> 0.001960019185520425
<29,chair4,transcript4-6,read> 9.934611230694938E-4
<30,chair0,transcript0-4,read> 5.079365015334345E-4
<31,stu2-12,stu2-12application2-12,checkStatus> 5.275934932270895E-4
<32,registrar2-0,roster0-5,read> 1.696739895571349E-4
<33,fac5-1,roster5-3,read> 0.0012997903457406597
<34,registrar0-1,transcript5-4,read> 2.462220830925114E-4
<35,registrar0-1,transcript2-19,read> 2.8951997793532584E-4
<36,app5-0,application5-0,checkStatus> 0.0018751716706459068
<37,fac0-3,roster0-6,read> 0.0022699896959937045
<38,admissions0-1,stu5-0application5-0,read> 1.1699959352421253E-4
<39,admissions2-0,stu3-11application3-11,setStatus> 1.1402507625316044E-4
<40,stu5-8,gradebook5-4,readMyScores> 3.790809329927791E-5
<41,admissions0-1,stu0-5application0-5,setStatus> 1.7605221013790746E-4
<42,chair0,transcript0-17,read> 0.0015218261523881462
<43,stu2-19,stu2-19application2-19,checkStatus> 0.001156463309355871
<44,registrar2-0,transcript2-11,read> 2.8859990732944997E-4
<45,registrar2-1,roster1-7,read> 1.8038834074886483E-4
<46,admissions2-1,application5-2,setStatus> 1.6942129569911074E-4
<47,fac3-1,roster3-3,read> 0.0014396389007320894
<48,admissions0-1,application5-3,setStatus> 2.0769387269594058E-4
<49,app3-0,application3-0,checkStatus> 0.00122633773337018
<50,registrar4-0,transcript1-10,read> 4.530007473607351E-5
<51,stu1-7,transcript1-7,read> 0.001266101458348799
<52,registrar4-0,roster1-7,read> 2.0518673792498373E-4
<53,stu3-0,gradebook3-1,readMyScores> 3.9132718174567515E-5
<54,registrar4-0,roster3-2,read> 1.1985221358016608E-4
<55,registrar0-0,transcript2-18,read> 2.8919042683642334E-4
<56,stu5-0,transcript5-0,read> 0.0012002676113608585
<57,registrar0-0,transcript1-9,read> 2.5572980133769293E-4
<58,stu2-13,transcript2-13,read> 0.0013771960751409477
<59,chair4,transcript4-5,read> 9.887010777603167E-4
<60,registrar4-1,roster0-7,read> 1.9841618948869425E-4
<61,fac2-3,roster2-7,read> 0.0016057090597844123
<62,stu4-14,stu4-14application4-14,checkStatus> 0.0015657277928682524
<63,stu3-6,stu3-6application3-6,checkStatus> 0.0018701806403591706
<64,admissions2-1,stu3-3application3-3,read> 1.4633496462316585E-4
<65,admissions4-1,stu0-18application0-18,read> 1.6187114875806517E-4
<66,chair4,transcript4-14,read> 0.0017312681459919366
<67,admissions0-0,stu1-3application1-3,read> 1.3329332387764065E-4
<68,stu4-4,gradebook4-8,addScore> 4.237081207011918E-4
<69,admissions2-1,application2-1,setStatus> 4.6395599625380855E-5
<70,stu5-6,gradebook5-5,readMyScores> 3.848088574994213E-5
<71,fac1-3,roster1-6,read> 0.002313692369428526
<72,stu2-19,gradebook2-3,readMyScores> 1.3135158375975363E-4
<73,registrar2-1,roster5-7,write> 7.711349459401363E-5
<74,chair3,transcript3-4,read> 3.6989518756730004E-4
<75,registrar0-0,transcript2-9,read> 1.6622262812858899E-4
<76,registrar0-1,transcript2-5,read> 1.5796098975908192E-4
<77,stu4-1,transcript4-1,read> 8.669837609844109E-4
<78,registrar2-0,transcript1-7,read> 2.669142536791469E-4
<79,stu3-18,stu3-18application3-18,checkStatus> 0.0015757098534417257
<80,stu4-11,transcript4-11,read> 0.0014059983831981719
<81,registrar2-1,roster5-2,read> 1.1798133312281986E-4
<82,stu3-5,stu3-5application3-5,checkStatus> 0.0010865888853415617
<83,admissions0-1,stu1-4application1-4,read> 1.8661125115188555E-4
<84,stu5-9,transcript5-9,read> 0.0012290699194180822
<85,admissions4-1,stu1-9application1-9,read> 1.2550566996038048E-4
<86,admissions2-0,stu3-7application3-7,setStatus> 1.3297469203311476E-4
<87,stu2-5,stu2-5application2-5,checkStatus> 0.001351113490538589
<88,registrar2-1,transcript4-1,read> 1.8358805523319138E-4
<89,fac2-3,gradebook2-7,addScore> 6.027786103458621E-4
<90,app4-3,application4-3,checkStatus> 0.0014309699751263705
<91,admissions4-0,stu3-0application3-0,setStatus> 6.97477122073011E-5
<92,fac4-1,gradebook4-2,changeScore> 0.0010668204303732102
<93,chair1,transcript1-1,read> 0.0012552636150742315
<94,app5-4,application5-4,checkStatus> 0.0019150999129397975
<95,chair0,transcript0-16,read> 0.0015265861976973233
<96,admissions4-0,stu4-13application4-13,read> 1.4665461068291634E-4
<97,stu3-11,transcript3-11,read> 0.001455373768439127
<98,chair0,transcript0-8,read> 5.364967733884968E-4
<99,admissions4-1,stu4-3application4-3,read> 1.6145790468081878E-4
<100,stu1-9,stu1-9application1-9,checkStatus> 0.001515817490000889
<101,app2-2,application2-2,checkStatus> 5.226024629403531E-4
<102,chair5,transcript5-2,read> 0.0013980649743495432
<103,app5-3,application5-3,checkStatus> 0.0019001268220795887
<104,admissions0-1,application4-4,setStatus> 1.5586701160950694E-4
<105,fac1-3,gradebook1-6,addScore> 4.84786146408159E-4
<106,chair2,transcript2-15,read> 0.0016075069679533335
<107,admissions2-0,stu0-18application0-18,read> 1.59316968896005E-4
<108,stu0-4,transcript0-4,read> 4.3906375556279945E-4
<109,stu5-12,stu5-12application5-12,checkStatus> 8.619925224384255E-4
<110,fac4-2,roster4-4,read> 0.0012211255335579803
<111,stu2-9,gradebook2-3,readMyScores> 1.8991080376410202E-4
<112,chair4,transcript4-2,read> 0.001007741258997025
<113,registrar4-1,roster0-1,read> 1.9228059464542973E-4
<114,stu1-9,transcript1-9,read> 0.0012578722274753061
<115,registrar0-0,transcript5-4,read> 2.473646449630103E-4
<116,fac4-3,gradebook4-7,changeScore> 0.0011103230191896372
<117,fac0-4,roster0-8,read> 0.0024098382509851342
<118,stu3-17,transcript3-17,read> 0.0014265714603819031
<119,registrar2-1,transcript3-14,read> 3.055686495744062E-4
<120,registrar2-1,transcript4-2,read> 1.8445934519277147E-4
<121,registrar4-0,transcript4-16,read> 3.624418923960959E-4
<122,registrar0-0,transcript5-5,read> 2.46528129325542E-4
<123,registrar2-0,transcript3-12,read> 3.0594843024969243E-4
<124,admissions2-1,stu1-14application1-14,read> 1.337371333452159E-4
<125,registrar0-0,transcript3-2,read> 6.333120471999292E-5
<126,fac3-2,gradebook3-4,changeScore> 4.336160820452183E-4
<127,fac1-4,gradebook1-8,changeScore> 6.26960921229338E-4
<128,registrar4-1,transcript1-1,read> 2.6542861736225757E-4
<129,chair1,transcript1-4,read> 0.0014694656539871987
<130,registrar2-0,transcript3-5,read> 6.653881395034657E-5
<131,stu1-4,transcript1-4,read> 0.0012702160737855447
<132,stu2-13,gradebook2-5,readMyScores> 9.97473738372922E-5
<133,stu1-0,transcript1-0,read> 0.0010932876100054555
<134,registrar2-0,transcript1-5,read> 2.686491059711711E-4
<135,stu5-2,gradebook5-2,readMyScores> 6.426898468404157E-5
<136,fac4-1,roster4-3,read> 0.0015882279904104834
<137,registrar4-0,transcript0-12,read> 3.2775450608953094E-4
<138,registrar2-1,roster5-8,read> 1.0470324639387417E-4
<139,registrar4-0,transcript4-10,read> 3.356830515310315E-4
<140,stu2-18,gradebook2-4,readMyScores> 1.1388138102765825E-4
<141,stu2-14,gradebook2-8,addScore> 3.7759506178441964E-4
<142,admissions4-0,stu3-4application3-4,read> 4.046881452624679E-5
<143,admissions0-0,stu0-18application0-18,setStatus> 2.144204969428378E-4
<144,registrar4-1,transcript3-13,read> 3.5400267959469363E-4
<145,stu2-0,stu2-0application2-0,checkStatus> 9.967503401803073E-4
<146,registrar0-1,transcript2-11,read> 2.7703020057682164E-4
<147,chair0,transcript0-15,read> 0.0015551464695523858
<148,fac1-3,roster1-7,read> 0.002374876112237277
<149,admissions2-0,application4-2,read> 1.1417066476464054E-4
<150,admissions0-1,stu3-18application3-18,setStatus> 1.7223338879469654E-4
<151,admissions2-1,stu0-17application0-17,setStatus> 1.667370986938657E-4
<152,admissions0-0,stu2-6application2-6,setStatus> 1.5311188128680676E-4
<153,stu0-7,transcript0-7,read> 4.719806790567695E-4
<154,stu0-10,stu0-10application0-10,checkStatus> 0.0019450460946602163
<155,registrar2-0,transcript3-15,read> 3.033461518116561E-4
<156,admissions0-1,stu1-0application1-0,setStatus> 2.0114732182186477E-4
<157,fac2-0,roster2-1,read> 0.0012648282069928022
<158,admissions2-0,application4-1,read> 1.1498411168592637E-4
<159,admissions4-0,stu2-13application2-13,setStatus> 9.443991647328689E-5
<160,admissions0-1,stu4-3application4-3,read> 1.8757141194675005E-4
<161,admissions4-0,stu1-10application1-10,setStatus> 1.0096238552467937E-4
<162,admissions4-0,stu5-9application5-9,setStatus> 2.409042884755376E-5
<163,registrar4-1,transcript4-6,read> 2.1006982846698502E-4
<164,fac2-3,gradebook2-6,assignGrade> 6.64119382510036E-4
<165,chair2,transcript2-18,read> 0.00164558733042675
<166,chair2,transcript2-17,read> 0.0016360672398083953
<167,chair0,transcript0-6,read> 5.222166374609658E-4
<168,registrar2-1,transcript0-11,read> 2.820438206657433E-4
<169,admissions2-1,stu1-11application1-11,setStatus> 1.4078986097649726E-4
<170,registrar2-1,transcript4-11,read> 2.977270399381852E-4
<171,stu4-17,stu4-17application4-17,checkStatus> 8.66983552725162E-4
<172,stu4-18,transcript4-18,read> 0.0015129783845535744
<173,admissions4-0,stu2-14application2-14,setStatus> 5.06461956996517E-5
<174,stu2-12,gradebook2-5,addScore> 3.2684382722163033E-4
<175,admissions0-0,stu1-2application1-2,read> 1.506349037346323E-4
<176,stu3-13,gradebook3-8,readScore> 5.743957040228583E-5
<177,registrar0-0,transcript4-19,read> 3.067572552232568E-4
<178,stu0-1,transcript0-1,read> 7.065137589513065E-4
<179,fac2-0,gradebook2-1,addScore> 0.0012505486647124936
<180,fac2-1,roster2-3,read> 0.001142460721375301
<181,stu5-10,stu5-10application5-10,checkStatus> 0.0017903241557713887
<182,stu0-13,stu0-13application0-13,checkStatus> 0.0016455842774560343
<183,admissions0-0,stu0-3application0-3,read> 7.548805768766849E-5
<184,fac4-0,gradebook4-1,changeScore> 0.001061986809393607
<185,registrar4-0,transcript3-18,read> 3.416294606121569E-4
<186,chair5,transcript5-4,read> 0.0014075850649678972
<187,chair5,transcript5-1,read> 0.0013742647478036578
<188,fac5-2,roster5-4,read> 0.0012910498110536954
<189,fac1-4,roster1-9,read> 0.0023923571816112056
<190,stu0-1,gradebook0-4,readMyScores> 4.353050353762061E-5
<191,admissions4-0,stu2-12application2-12,read> 4.333870090885948E-5
<192,stu3-3,stu3-3application3-3,checkStatus> 0.0018552075494989613
<193,registrar2-1,roster5-4,read> 9.80642030294013E-5
<194,chair0,transcript0-13,read> 0.0015646665601707398
<195,stu4-8,transcript4-8,read> 8.299522220536945E-4
<196,admissions0-0,stu3-0application3-0,setStatus> 8.195009525748499E-5
<197,chair4,transcript4-15,read> 0.0017217480553735828
<198,fac2-3,gradebook2-6,changeScore> 0.0018595342710281007
<199,admissions0-1,stu3-1application3-1,read> 1.5444586452392629E-4
<200,admissions2-0,stu5-10application5-10,setStatus> 1.65789880334987E-4
<201,registrar4-1,transcript3-16,read> 3.509831092913151E-4
<202,fac4-4,roster4-9,read> 0.0011249796520013723
<203,registrar4-0,transcript4-18,read> 3.6442402875647097E-4
<204,fac4-1,gradebook4-3,changeScore> 0.0010764876723324162
<205,fac5-4,gradebook5-9,changeScore> 3.224427995143495E-4
<206,stu4-19,transcript4-19,read> 0.0015088637691168284
<207,registrar4-1,roster5-5,write> 8.57356415787983E-5
<208,registrar0-0,transcript4-1,read> 1.7626081577820814E-4
<209,registrar0-1,roster3-7,read> 1.0703917883560164E-4
<210,chair0,transcript0-19,read> 0.0015123060617697923
<211,registrar2-0,transcript5-3,read> 2.5390286148896504E-4
<212,registrar2-1,transcript2-11,read> 2.8988543030196423E-4
<213,stu2-7,transcript2-7,read> 7.888060676862318E-4
<214,registrar0-0,roster3-1,write> 7.449936290520868E-5
<215,stu0-18,transcript0-18,read> 0.0013113622281530077
<216,registrar0-0,transcript1-7,read> 2.5740283261262945E-4
<217,registrar0-1,transcript3-16,read> 2.903526297592262E-4
<218,fac0-3,gradebook0-6,readScore> 5.805064611962006E-5
<219,stu2-12,transcript2-12,read> 0.0013730814597042015
<220,fac1-4,roster1-8,read> 0.0023836166469242415
<221,stu2-13,gradebook2-7,addScore> 6.848774891743307E-4
<222,chair3,transcript3-17,read> 0.001650347375735927
<223,fac0-4,gradebook0-8,assignGrade> 8.408486495767705E-5
<224,registrar2-1,transcript3-15,read> 3.04697359614826E-4
<225,stu0-7,stu0-7application0-7,checkStatus> 0.001076606824768089
<226,registrar0-1,roster3-4,read> 1.0259793851839221E-4
<227,fac2-1,gradebook2-3,assignGrade> 6.692982621310392E-4
<228,admissions2-1,application3-4,read> 9.751836842110986E-5
<229,admissions2-1,stu1-3application1-3,read> 1.0893515301675202E-4
<230,fac5-4,gradebook5-8,addScore> 2.216606995899294E-4
<231,registrar2-0,transcript2-4,read> 1.6889509917977706E-4
<232,stu2-8,gradebook2-6,readMyScores> 2.942125179112239E-4
<233,admissions2-1,stu0-13application0-13,setStatus> 1.4750035348960977E-4
<234,fac2-2,gradebook2-4,assignGrade> 6.675719689240383E-4
<235,stu2-14,transcript2-14,read> 0.0013854253060144404
<236,registrar2-0,transcript4-17,read> 3.163575440018379E-4
<237,stu3-1,transcript3-1,read> 2.9505221527668013E-4
<238,chair3,transcript3-12,read> 0.0016789076475909892
<239,admissions0-1,stu4-4application4-4,read> 1.3188208584461158E-4
<240,chair4,transcript4-10,read> 0.0016122670132625104
<241,stu2-17,transcript2-17,read> 0.001414227614071664
<242,admissions0-1,stu5-8application5-8,read> 1.8373076876729223E-4
<243,fac2-1,gradebook2-2,assignGrade> 6.3822498440502E-4
<244,fac4-4,gradebook4-9,addScore> 2.420490014276508E-4
<245,stu4-16,stu4-16application4-16,checkStatus> 0.0015008443991406798
<246,stu4-19,stu4-19application4-19,checkStatus> 6.324051292485531E-4
<247,chair4,transcript4-18,read> 0.0017503083272286447
<248,admissions4-0,stu1-15application1-15,setStatus> 1.2984760560941748E-4
<249,stu4-4,stu4-4application4-4,checkStatus> 0.0013710776116855343
<250,admissions2-1,stu2-9application2-9,setStatus> 1.5957924001321232E-4
<251,admissions4-0,application1-1,setStatus> 1.9431522382273418E-5
<252,registrar2-1,transcript4-16,read> 3.1863799896810776E-4
<253,admissions4-1,application5-4,setStatus> 1.8018772288647028E-4
<254,chair1,transcript1-6,read> 0.0014599455633688449
<255,registrar4-1,roster4-5,write> 7.68111399885954E-5
<256,admissions0-0,stu5-8application5-8,setStatus> 2.0949391175619254E-4
<257,admissions4-0,stu5-4application5-4,read> 5.112839251880821E-5
<258,registrar0-1,transcript3-13,read> 2.9285058523092697E-4
<259,registrar2-1,transcript4-14,read> 3.168954190489475E-4
<260,registrar4-0,transcript5-0,read> 2.891028470622157E-4
<261,stu4-5,gradebook4-5,addScore> 4.244443400521365E-4
<262,chair3,transcript3-15,read> 0.001664627511663458
<263,registrar2-0,roster1-8,read> 1.8024935264590938E-4
<264,admissions2-1,application0-2,read> 4.752072553674606E-5
<265,admissions2-0,stu1-4application1-4,setStatus> 1.796554528569048E-4
<266,registrar2-1,transcript2-8,read> 1.6616225604158927E-4
<267,admissions2-1,stu0-7application0-7,setStatus> 9.650061038995447E-5
<268,admissions0-1,stu3-3application3-3,read> 1.7844988439553766E-4
<269,stu1-11,stu1-11application1-11,checkStatus> 0.001570718823154989
<270,admissions0-0,stu0-0application0-0,read> 1.164334545722321E-4
<271,registrar2-1,roster2-2,read> 8.876954231913928E-5
<272,stu0-16,stu0-16application0-16,checkStatus> 0.0011914005213630255
<273,registrar2-1,roster5-3,read> 9.87281073658486E-5
<274,chair0,transcript0-11,read> 0.0015408663336248546
<275,admissions0-0,stu3-8application3-8,read> 1.525617459409647E-4
<276,registrar2-1,roster0-2,read> 1.6910196702926098E-4
<277,registrar0-1,roster3-6,read> 1.0640471593314317E-4
<278,admissions0-0,stu0-7application0-7,read> 1.0390898023107146E-4
<279,registrar0-1,transcript3-19,read> 2.853567188158245E-4
<280,admissions4-1,application3-4,setStatus> 1.1632272913020587E-4
<281,admissions2-0,stu0-17application0-17,read> 1.5158922314378946E-4
<282,chair4,transcript4-19,read> 0.0017455482819194678
<283,chair5,transcript5-3,read> 0.0013933049290403658
<284,registrar0-0,transcript3-15,read> 2.9253648938629644E-4
<285,admissions4-0,stu4-14application4-14,setStatus> 1.4615377823789865E-4
<286,admissions0-0,stu5-11application5-11,setStatus> 1.1643619156400243E-4
<287,stu3-17,gradebook3-9,readMyScores> 2.929938528891562E-5
<288,fac1-1,roster1-3,read> 0.0022962113000545973
<289,fac4-3,roster4-6,read> 0.0012735687416797665
<290,registrar4-1,transcript2-5,read> 1.9094588321225448E-4
<291,stu4-3,stu4-3application4-3,checkStatus> 0.0019500371249469525
<292,fac4-3,gradebook4-6,assignGrade> 3.9481764221786943E-4
<293,fac3-2,roster3-5,read> 0.001457119970106018
<294,stu5-0,stu5-0application5-0,checkStatus> 0.0012163556727967071
<295,app4-0,application4-0,checkStatus> 0.0013461224602518524
<296,registrar2-0,roster5-1,read> 1.167971741132623E-4
<297,registrar0-1,roster3-5,read> 1.0577025303068466E-4
<298,registrar2-0,roster2-9,write> 8.975038257727009E-5
<299,admissions4-0,stu5-0application5-0,read> 9.991646102322393E-5
<300,registrar0-1,roster2-1,read> 9.181206917659782E-5
<301,admissions2-0,stu2-14application2-14,setStatus> 5.0243442652338374E-5
<302,chair0,transcript0-10,read> 0.0015456263789340315
<303,admissions0-0,stu3-15application3-15,setStatus> 1.542066779949502E-4
<304,registrar2-0,roster2-6,write> 8.782758928840201E-5
<305,stu5-15,stu5-15application5-15,checkStatus> 4.0281773605868045E-4
<306,stu1-16,gradebook1-5,readMyScores> 2.776050911560757E-5
<307,registrar2-1,roster0-1,write> 1.210518906788886E-4
<308,registrar4-1,transcript0-4,read> 1.0740443815211591E-4
<309,fac2-1,gradebook2-3,changeScore> 0.0018740351339669096
<310,fac2-1,gradebook2-2,addScore> 0.0012471752615481572
<311,registrar2-0,roster4-9,read> 8.507108484693876E-5
<312,registrar2-1,transcript0-19,read> 2.7681608090826266E-4
<313,admissions2-0,stu1-13application1-13,read> 9.790172633892363E-5
<314,chair1,transcript1-2,read> 0.0014789857446055531
<315,fac1-2,roster1-4,read> 0.002287470765367633
<316,stu3-19,gradebook3-2,readMyScores> 1.693618123063172E-5
<317,admissions4-1,stu1-13application1-13,setStatus> 1.1303556033392758E-4
<318,registrar0-1,transcript3-18,read> 2.87022022463625E-4
<319,admissions0-0,stu1-2application1-2,setStatus> 1.7117602697117309E-4
<320,admissions0-1,stu2-5application2-5,read> 1.2996176425488268E-4
<321,admissions0-0,stu4-12application4-12,read> 1.568971409052126E-4
<322,admissions0-1,stu4-17application4-17,setStatus> 9.476587011813246E-5
<323,registrar2-1,roster0-8,read> 1.83043958094654E-4
<324,stu3-10,transcript3-10,read> 0.0014636029993126195
<325,registrar4-0,transcript2-17,read> 3.4063839243196934E-4
<326,chair1,transcript1-9,read> 0.0014551855180596678
<327,registrar2-0,transcript4-4,read> 1.793042129319225E-4
<328,stu2-18,gradebook2-7,readMyScores> 1.676578406247818E-4
<329,registrar0-1,roster1-1,write> 1.239894320592371E-4
<330,registrar2-0,roster5-5,write> 7.388733794410833E-5
<331,registrar0-0,roster1-2,write> 1.2410122029192787E-4
<332,admissions4-1,stu4-3application4-3,setStatus> 1.8347489168274862E-4
<333,stu0-11,gradebook0-6,readMyScores> 1.7136079800646055E-5
<334,registrar0-0,transcript0-19,read> 2.6576798898731205E-4
<335,stu0-5,gradebook0-5,addScore> 7.354691182624822E-5
<336,stu5-18,stu5-18application5-18,checkStatus> 0.0011364991882089255
<337,admissions4-0,stu0-6application0-6,setStatus> 5.157797699270777E-5
<338,fac2-4,roster2-8,read> 0.0016231901291583408
<339,admissions4-0,stu4-5application4-5,read> 6.342790558714831E-5
<340,fac0-1,roster0-3,read> 0.002208805953184954
<341,registrar0-1,roster0-8,read> 1.7492670939866045E-4
<342,stu5-16,stu5-16application5-16,checkStatus> 0.0013012031876712255
<343,registrar4-0,roster1-2,read> 2.021660467977335E-4
<344,registrar2-0,transcript5-5,read> 2.556377137809893E-4
<345,admissions2-0,stu0-4application0-4,setStatus> 1.1726037650827458E-4
<346,chair5,transcript5-16,read> 1.080926955625622E-4
<347,registrar2-0,roster3-6,read> 1.1084853237582662E-4
<348,admissions0-1,stu0-18application0-18,read> 1.8805149234418222E-4
<349,fac3-3,gradebook3-6,addScore> 8.349891013671162E-5
<350,registrar0-1,transcript0-19,read> 2.645404232183175E-4
<351,fac2-4,gradebook2-9,changeScore> 0.0018256989241708797
<352,chair2,transcript2-3,read> 9.31580534050192E-4
<353,stu3-11,stu3-11application3-11,checkStatus> 0.0012313287636569164
<354,admissions4-0,stu0-4application0-4,setStatus> 1.1820033944621663E-4
<355,admissions2-0,stu4-13application4-13,setStatus> 1.653276945842564E-4
<356,stu4-0,stu4-0application4-0,checkStatus> 5.924768869546622E-4
<357,admissions0-0,stu0-4application0-4,setStatus> 1.3887952408094242E-4
<358,fac4-1,roster4-2,read> 0.0015794874557235193
<359,fac5-1,gradebook5-2,changeScore> 4.7228504988204226E-4
<360,stu3-0,gradebook3-4,addScore> 1.2247458024823555E-4
<361,registrar0-1,transcript2-13,read> 2.786955042246222E-4
<362,registrar2-0,transcript4-2,read> 1.836413436619831E-4
<363,stu2-19,transcript2-19,read> 0.0014306860758186491
<364,chair1,transcript1-15,read> 1.6997328458186387E-4
<365,admissions0-1,stu2-1application2-1,read> 1.0787806597300019E-4
<366,admissions2-0,stu2-13application2-13,setStatus> 9.368890322101426E-5
<367,stu0-11,transcript0-11,read> 0.0013319353053367388
<368,stu2-18,transcript2-18,read> 0.001422456844945157
<369,admissions4-1,stu0-5application0-5,setStatus> 1.5154239480461642E-4
<370,registrar2-0,roster5-7,read> 1.0556085083143939E-4
<371,stu1-16,stu1-16application1-16,checkStatus> 0.0011065530064885074
<372,chair0,transcript0-14,read> 0.0015599065148615627
<373,admissions2-1,stu1-17application1-17,setStatus> 5.355345830603423E-5
<374,stu1-3,transcript1-3,read> 0.0012825599200957838
<375,admissions2-0,stu5-12application5-12,setStatus> 7.982333069909641E-5
<376,registrar4-0,roster4-3,read> 1.372211875618546E-4
<377,registrar4-0,roster1-3,write> 1.442837693735788E-4
<378,registrar0-0,roster1-1,write> 1.245647890525514E-4
<379,admissions4-0,stu4-0application4-0,setStatus> 5.530510216493204E-5
<380,admissions0-1,stu3-11application3-11,setStatus> 1.3459072126876048E-4
<381,registrar4-1,transcript2-13,read> 3.3689178120888206E-4
<382,registrar0-0,roster1-5,write> 1.2363765153130434E-4
<383,registrar0-1,roster4-2,read> 1.1465273366510358E-4
<384,chair4,transcript4-17,read> 0.0017360281913011138
<385,fac3-2,roster3-4,read> 0.0014134172966711964
<386,registrar0-0,roster1-4,write> 1.2131980772818663E-4
<387,fac4-4,gradebook4-8,assignGrade> 3.982702286318715E-4
<388,app5-1,application5-1,checkStatus> 0.0018801627009326434
<389,registrar4-0,roster1-9,read> 2.066970834886088E-4
<390,registrar4-0,transcript0-8,read> 1.1170164280864069E-4
<391,fac2-3,gradebook2-7,readScore> 2.2207633012742277E-4
<392,stu4-17,gradebook4-8,readMyScores> 5.9935837510559223E-5
<393,stu2-3,stu2-3application2-3,checkStatus> 6.373961595352894E-4
<394,admissions2-1,stu4-14application4-14,setStatus> 1.403424948089564E-4
<395,registrar4-1,transcript3-11,read> 3.560157264636126E-4
<396,registrar0-0,roster1-3,write> 1.2178337648881016E-4
<397,stu2-8,stu2-8application2-8,checkStatus> 0.0019650102158071613
<398,admissions4-0,application4-3,read> 1.1754576308784472E-4
<399,stu4-11,stu4-11application4-11,checkStatus> 0.0017703600346244436
<400,admissions2-1,stu3-7application3-7,setStatus> 1.2871097445289468E-4
<401,app4-4,application4-4,checkStatus> 0.0014259789448396343
<402,stu2-2,transcript2-2,read> 7.929206831229782E-4
<403,app5-2,application5-2,checkStatus> 0.0018901447615061163
<404,stu4-12,gradebook4-7,addScore> 2.8168017398116793E-4
<405,admissions0-0,stu1-18application1-18,read> 1.0776266464373625E-4
<406,admissions4-1,stu0-7application0-7,read> 8.914019116269582E-5
<407,stu5-17,stu5-17application5-17,checkStatus> 0.0012562839150905983
<408,chair5,transcript5-9,read> 0.0014218652008954284
<409,admissions0-1,stu2-12application2-12,setStatus> 5.766874849836942E-5
<410,fac3-1,roster3-2,read> 0.001387195692610303
<411,admissions2-0,stu2-18application2-18,setStatus> 1.3944529254334307E-4
<412,registrar4-1,transcript0-8,read> 1.134435787588729E-4
<413,stu0-6,transcript0-6,read> 4.5140760187303825E-4
<414,stu4-4,transcript4-4,read> 8.505252992374259E-4
<415,stu1-8,transcript1-8,read> 0.00125375761203856
<416,registrar2-0,transcript4-16,read> 3.1722497014785003E-4
<417,fac4-0,roster4-1,read> 0.0015707469210365548
<418,stu2-3,transcript2-3,read> 8.05264529433217E-4
<419,registrar0-0,roster1-9,write> 1.2688263285566916E-4
<420,chair2,transcript2-5,read> 9.030202621951297E-4
<421,admissions4-0,stu4-12application4-12,read> 1.3353513007668686E-4
<422,registrar4-1,transcript2-12,read> 3.358852577744226E-4
<423,admissions4-0,stu1-1application1-1,setStatus> 1.8295913931361333E-4
<424,registrar0-0,transcript2-12,read> 2.791522391868042E-4
<425,registrar2-1,roster4-1,read> 1.1930914179571447E-4
<426,admissions4-0,stu3-13application3-13,read> 9.74565584095559E-5
<427,registrar2-0,roster1-5,read> 1.7628359148761893E-4
<428,registrar0-0,roster3-2,write> 7.35722253839616E-5
<429,registrar0-0,roster1-8,write> 1.264190640950456E-4
<430,fac1-1,gradebook1-2,changeScore> 7.381342037602068E-4
<431,admissions2-0,application4-1,setStatus> 1.306637632794618E-4
<432,admissions4-1,stu3-6application3-6,setStatus> 1.7596136300554105E-4
<433,stu5-3,transcript5-3,read> 0.0012043822267976047
<434,admissions4-1,stu1-4application1-4,read> 1.606314165263259E-4
<435,stu5-13,stu5-13application5-13,checkStatus> 0.0018651896100724344
<436,stu2-15,gradebook2-5,addScore> 3.247686283186358E-4
<437,stu5-1,transcript5-1,read> 0.0011879237650506194
<438,admissions4-1,stu2-6application2-6,read> 1.1558781210646651E-4
<439,admissions0-1,stu2-6application2-6,read> 1.3428248783177273E-4
<440,admissions2-0,stu3-5application3-5,read> 8.854708674413637E-5
<441,stu1-17,transcript1-17,read> 1.3869682868032204E-4
<442,registrar0-0,transcript3-12,read> 2.9504603629870117E-4
<443,registrar0-0,roster1-7,write> 1.2595549533442208E-4
<444,chair1,transcript1-3,read> 0.00148374578991473
<445,registrar0-0,roster1-6,write> 1.2271051401005725E-4
<446,fac4-3,gradebook4-6,changeScore> 0.0011054893982100343
<447,admissions0-0,stu5-13application5-13,setStatus> 2.0456732656954716E-4
<448,registrar2-1,roster2-1,read> 9.607249002005944E-5
<449,registrar4-0,roster2-2,read> 1.0097289403485244E-4
<450,app3-4,application3-4,checkStatus> 0.0012363197939436526
<451,fac3-3,roster3-7,read> 0.0014746010394799467
<452,admissions2-1,stu5-3application5-3,setStatus> 1.3005307295551715E-4
<453,stu0-5,stu0-5application0-5,checkStatus> 0.0016106470654488798
<454,admissions2-0,stu3-19application3-19,setStatus> 1.399074782940737E-4
<455,admissions0-0,stu1-13application1-13,setStatus> 1.3176334547801026E-4
<456,stu2-17,stu2-17application2-17,checkStatus> 0.0010666247641946164
<457,admissions0-1,stu1-0application1-0,read> 1.77009643203241E-4
<458,admissions0-0,stu0-3application0-3,setStatus> 8.578188373598692E-5
<459,admissions0-1,application4-3,read> 1.3764305061379832E-4
<460,stu5-5,transcript5-5,read> 0.0012126114576710971
<461,admissions0-0,stu1-4application1-4,read> 1.87244905654948E-4
<462,registrar2-1,transcript4-12,read> 3.1428154917020716E-4
<463,stu0-5,transcript0-5,read> 4.596368327465307E-4
<464,stu2-0,transcript2-0,read> 9.61619916029575E-4
<465,chair1,transcript1-12,read> 2.0329360174610323E-4
<466,admissions4-0,stu1-2application1-2,setStatus> 1.4568788759137066E-4
<467,admissions0-0,application4-2,setStatus> 1.5365927964087846E-4
<468,stu2-9,stu2-9application2-9,checkStatus> 0.001780342095197916
<469,registrar2-0,transcript5-4,read> 2.5650513992700143E-4
<470,stu2-15,transcript2-15,read> 0.0013895399214511866
<471,registrar0-0,transcript4-13,read> 3.0090164576097894E-4
<472,stu3-13,transcript3-13,read> 0.0014471445375656342
<473,stu3-19,transcript3-19,read> 0.0014101129986349179
<474,admissions2-1,application2-3,read> 4.4764949944694514E-5
<475,admissions2-1,stu5-17application5-17,read> 9.90930973308536E-5
<476,chair2,transcript2-7,read> 9.125403528134838E-4
<477,admissions2-1,stu2-10application2-10,setStatus> 1.0857949691355706E-4
<478,stu5-9,stu5-9application5-9,checkStatus> 2.58077857743326E-4
<479,stu4-9,stu4-9application4-9,checkStatus> 0.0011963915516497617
<480,admissions2-0,stu1-10application1-10,read> 8.814036328349345E-5
<481,registrar4-1,transcript2-18,read> 3.479635389879366E-4
<482,admissions0-0,stu0-17application0-17,read> 1.7953753682961837E-4
<483,admissions2-1,application3-0,setStatus> 1.0992159541617957E-4
<484,app0-3,application0-3,checkStatus> 6.17432038388344E-4
<485,stu3-15,stu3-15application3-15,checkStatus> 0.0014060148236926888
<486,stu4-17,transcript4-17,read> 0.0015006345382433358
<487,admissions4-1,stu4-14application4-14,read> 1.2963811073284467E-4
<488,registrar0-1,transcript4-3,read> 1.7128341894148637E-4
<489,admissions2-0,stu2-6application2-6,setStatus> 1.2927720602727002E-4
<490,stu1-8,stu1-8application1-8,checkStatus> 0.0012762480362375436
<491,stu5-18,gradebook5-5,readMyScores> 1.6954101399883096E-5
<492,chair0,transcript0-9,read> 5.555369546252051E-4
<493,admissions2-1,stu4-13application4-13,setStatus> 1.600266061807532E-4
<494,registrar4-0,roster3-3,read> 1.2438325027104135E-4
<495,stu2-8,transcript2-8,read> 7.846914522494857E-4
<496,admissions0-0,stu2-7application2-7,setStatus> 1.0110903764999469E-4
<497,registrar0-1,roster4-7,read> 9.054314337168082E-5
<498,registrar2-1,transcript2-12,read> 2.9075672026154434E-4
<499,stu2-1,stu2-1application2-1,checkStatus> 0.0011215260973487164
<500,stu3-15,transcript3-15,read> 0.0014389153066921418
<501,admissions0-0,stu4-18application4-18,read> 9.49371212078362E-6
<502,stu0-17,transcript0-17,read> 0.0013154768435897537
<503,admissions4-1,application0-2,setStatus> 5.668409525487072E-5
<504,chair4,transcript4-11,read> 0.0016265471491900415
<505,registrar0-1,transcript2-17,read> 2.861893706397247E-4
<506,stu0-18,stu0-18application0-18,checkStatus> 0.0019550281552336885
<507,admissions4-1,stu0-4application0-4,read> 1.0484346609805967E-4
<508,stu2-1,transcript2-1,read> 7.970352985597243E-4
<509,stu0-19,transcript0-19,read> 0.0013072476127162613
<510,registrar4-0,transcript4-3,read> 2.0387098356608468E-4
<511,admissions2-0,stu0-19application0-19,setStatus> 9.137797446736127E-5
<512,registrar2-1,roster3-7,write> 8.14590502507595E-5
<513,fac4-1,gradebook4-2,assignGrade> 3.8100729656186084E-4
<514,fac2-3,gradebook2-7,assignGrade> 6.589405028890329E-4
<515,admissions2-0,stu5-17application5-17,read> 1.0237568440599577E-4
<516,registrar2-0,roster1-1,read> 1.7760551187371575E-4
<517,admissions0-0,stu2-13application2-13,read> 9.764674306049116E-5
<518,stu0-16,gradebook0-7,readMyScores> 1.2292741972853267E-5
<519,fac0-2,roster0-5,read> 0.0022437680919328113
<520,admissions0-1,stu1-13application1-13,setStatus> 1.3131744583172258E-4
<521,registrar4-1,roster4-7,write> 7.96000467355338E-5
<522,admissions2-1,stu2-17application2-17,setStatus> 9.560587805487279E-5
<523,admissions0-1,stu4-7application4-7,setStatus> 4.0756825407006844E-5
<524,admissions4-0,stu2-19application2-19,setStatus> 1.0795074522259988E-4
<525,admissions2-1,application1-2,read> 1.7207194024179017E-5
<526,stu0-11,stu0-11application0-11,checkStatus> 0.0016755304591764524
<527,fac1-3,gradebook1-6,changeScore> 6.9463161494378E-4
<528,registrar2-0,transcript1-12,read> 3.704632498593441E-5
<529,stu2-5,transcript2-5,read> 7.805768368127394E-4
<530,admissions4-0,stu1-3application1-3,setStatus> 1.2891582431636143E-4
<531,admissions4-1,application3-3,read> 1.027772457118276E-4
<532,chair5,transcript5-8,read> 0.0014266252462046055
<533,registrar2-0,transcript1-3,read> 2.703839582631955E-4
<534,admissions4-1,stu2-1application2-1,read> 9.285938785791356E-5
<535,admissions0-1,stu4-18application4-18,read> 9.46158449939349E-6
<536,admissions4-0,stu0-13application0-13,read> 1.3517506515246555E-4
<537,admissions4-1,application5-1,setStatus> 1.7690055409019199E-4
<538,fac5-1,gradebook5-2,addScore> 2.11688924682995E-4
<539,registrar2-0,roster0-7,read> 1.7099590994323172E-4
<540,registrar4-1,roster0-9,read> 2.1298822724144742E-4
<541,fac5-1,gradebook5-3,addScore> 1.1675546866685846E-4
<542,registrar2-1,transcript1-16,read> 3.198360226625304E-5
<543,fac5-2,gradebook5-4,changeScore> 4.4811694498402726E-4
<544,registrar4-1,roster1-9,write> 1.5266940350532017E-4
<545,admissions0-1,stu1-18application1-18,setStatus> 1.2204316542678178E-4
<546,fac2-4,gradebook2-8,changeScore> 0.0018353661661300858
<547,admissions2-0,stu1-1application1-1,read> 1.597236923566479E-4
<548,registrar2-1,transcript1-5,read> 2.698457612316218E-4
<549,stu4-10,gradebook4-6,readMyScores> 5.3907928560584696E-5
<550,admissions2-1,stu1-13application1-13,read> 9.476259282905833E-5
<551,stu0-2,transcript0-2,read> 7.188576052615454E-4
<552,stu2-2,gradebook2-1,readMyScores> 1.672409291717936E-4
<553,registrar2-1,transcript4-10,read> 2.951131700594449E-4
<554,registrar0-0,transcript1-6,read> 2.565663169751612E-4
<555,admissions4-1,stu5-0application5-0,read> 1.0071102532559548E-4
<556,stu5-2,transcript5-2,read> 0.001208496842234351
<557,admissions4-0,stu1-9application1-9,read> 1.245154871599041E-4
<558,registrar4-0,transcript2-12,read> 3.307277106300936E-4
<559,fac4-3,roster4-7,read> 0.0012473471376188733
<560,chair3,transcript3-11,read> 0.0016836676929001663
<561,stu4-1,stu4-1application4-1,checkStatus> 0.0018102882769183344
<562,registrar4-0,transcript2-14,read> 3.3370091517065636E-4
<563,stu2-4,gradebook2-3,readMyScores> 2.004839962648871E-4
<564,admissions0-0,stu5-8application5-8,read> 1.8435464234544942E-4
<565,admissions4-1,stu0-2application0-2,read> 6.90461979065888E-6
<566,registrar0-1,transcript4-5,read> 1.7294872258928688E-4
<567,stu0-12,gradebook0-4,readMyScores> 3.179022762729912E-5
<568,stu3-1,gradebook3-5,addScore> 2.0315521628203222E-4
<569,fac3-4,roster3-8,read> 0.001483341574166911
<570,admissions4-1,stu5-8application5-8,read> 1.5815195206284746E-4
<571,chair3,transcript3-18,read> 0.0016408272851175729
<572,admissions0-0,stu2-1application2-1,read> 1.0824437519531935E-4
<573,admissions0-0,stu4-7application4-7,setStatus> 4.089521870210704E-5
<574,stu5-8,stu5-8application5-8,checkStatus> 0.0019101088826530617
<575,app0-2,application0-2,checkStatus> 6.024589475281349E-4
<576,registrar4-0,transcript2-13,read> 3.3171877881028124E-4
<577,fac5-2,gradebook5-5,assignGrade> 1.5831547285872298E-4
<578,fac5-3,roster5-7,read> 0.0013959362272972676
<579,fac2-2,gradebook2-5,assignGrade> 6.658456757170372E-4
<580,fac4-2,gradebook4-4,addScore> 7.614052058837335E-4
<581,stu5-7,transcript5-7,read> 0.0012208406885445898
<582,registrar2-1,roster1-4,read> 1.73749297384392E-4
<583,admissions0-1,application3-1,setStatus> 1.334996294564145E-4
<584,stu2-6,transcript2-6,read> 7.764622213759932E-4
<585,admissions4-1,stu3-4application3-4,read> 4.079063412486506E-5
<586,fac3-0,roster3-1,read> 0.0014046767619842319
<587,stu1-14,stu1-14application1-14,checkStatus> 0.0016954945803233975
<588,registrar2-1,roster4-9,read> 8.545002063690286E-5
<589,registrar0-1,transcript1-1,read> 2.195772247277025E-4
<590,chair0,transcript0-0,read> 8.506597637941821E-4
<591,admissions4-1,stu0-17application0-17,setStatus> 1.750221719208901E-4
<592,stu4-15,transcript4-15,read> 0.0014882906919330972
<593,admissions0-1,stu2-8application2-8,read> 1.890116531390467E-4
<594,stu0-3,transcript0-3,read> 4.431783709995457E-4
<595,admissions0-0,stu3-13application3-13,read> 1.145066123658997E-4
<596,fac4-4,gradebook4-9,assignGrade> 3.3957625959383516E-4
<597,stu4-16,transcript4-16,read> 0.001504749153680082
<598,registrar4-1,transcript5-1,read> 2.9059170322374506E-4
<599,registrar0-0,roster4-5,write> 6.383728141086719E-5
<600,stu1-2,stu1-2application1-2,checkStatus> 0.0015607367625815162
<601,registrar4-1,transcript2-14,read> 3.3890482807780116E-4
<602,registrar4-0,roster4-2,read> 1.364660147800421E-4
<603,stu2-1,gradebook2-5,readMyScores> 1.5261033536620414E-4
<604,admissions4-1,stu4-4application4-4,setStatus> 1.2900180877299365E-4
<605,fac2-2,roster2-4,read> 0.001186163394810123
<606,fac4-2,gradebook4-4,changeScore> 0.0010909885352712251
<607,stu0-17,gradebook0-5,readMyScores> 1.4347933853097277E-5
<608,chair5,transcript5-5,read> 0.00140282501965872
<609,admissions4-1,stu4-5application4-5,read> 6.393230245066439E-5
<610,stu0-3,stu0-3application0-3,checkStatus> 7.821360378506439E-4
<611,registrar0-0,roster5-8,write> 7.310865662333806E-5
<612,admissions2-1,stu2-19application2-19,read> 9.12194527821349E-5
<613,admissions0-1,stu3-15application3-15,setStatus> 1.5368482798481498E-4
<614,app2-0,application2-0,checkStatus> 5.126204023668805E-4
<615,stu1-19,gradebook1-7,readMyScores> 4.2636726064149473E-5
<616,admissions0-0,stu4-5application4-5,setStatus> 8.46870870278435E-5
<617,stu2-19,gradebook2-6,readMyScores> 2.0524976951474146E-4
<618,stu0-13,transcript0-13,read> 0.0013525083825204703
<619,registrar0-0,transcript5-9,read> 2.498741918754151E-4
<620,admissions0-1,stu3-13application3-13,setStatus> 1.296808081132036E-4
<621,admissions4-1,stu4-13application4-13,read> 1.4782085013168706E-4
<622,registrar0-1,roster1-9,write> 1.2629656988635889E-4
<623,fac1-1,roster1-2,read> 0.002339913973489419
<624,admissions0-0,stu1-10application1-10,setStatus> 1.1862578498028928E-4
<625,admissions4-1,stu5-18application5-18,read> 9.409912008965283E-5
<626,admissions2-0,stu2-17application2-17,setStatus> 9.877294647905078E-5
<627,registrar4-1,transcript4-12,read> 3.630613905048291E-4
<628,stu3-14,stu3-14application3-14,checkStatus> 0.0011614543396426074
<629,fac1-2,roster1-5,read> 0.002331173438802455
<630,admissions0-0,stu3-4application3-4,setStatus> 5.403277919982798E-5
<631,admissions0-0,application0-4,setStatus> 6.717033969754892E-5
<632,admissions0-0,stu3-18application3-18,read> 1.5208003538938163E-4
<633,admissions4-1,stu4-0application4-0,setStatus> 5.574490417021977E-5
<634,admissions4-1,stu2-19application2-19,setStatus> 1.0880920045299828E-4
<635,admissions4-1,stu3-13application3-13,read> 9.823156086211699E-5
<636,registrar4-0,transcript4-0,read> 2.0783525628683495E-4
<637,fac5-0,gradebook5-1,addScore> 9.868882990389208E-5
<638,admissions4-1,stu0-3application0-3,read> 6.475879060515723E-5
<639,chair3,transcript3-13,read> 0.0016741476022818118
<640,fac2-2,gradebook2-4,addScore> 0.0013045231153418738
<641,stu5-3,stu5-3application5-3,checkStatus> 0.0014509340962733162
<642,fac4-4,gradebook4-9,changeScore> 9.508135268627384E-4
<643,chair3,transcript3-9,read> 3.222947344755295E-4
<644,registrar4-1,transcript3-12,read> 3.5500920302915316E-4
<645,app1-0,application1-0,checkStatus> 1.9818549430248965E-4
<646,chair1,transcript1-17,read> 1.6045319396350977E-4
<647,registrar2-1,transcript2-5,read> 1.6529096608200916E-4
<648,registrar2-1,transcript2-4,read> 1.696474158799097E-4
<649,registrar2-1,transcript2-7,read> 1.6703354600116935E-4
<650,stu1-19,transcript1-19,read> 1.3458221324357574E-4
<651,app1-2,application1-2,checkStatus> 2.1814961544943512E-4
<652,admissions2-0,stu4-3application4-3,read> 1.5891024543536212E-4
<653,stu4-13,stu4-13application4-13,checkStatus> 0.0017853331254846525
<654,admissions0-1,stu2-19application2-19,read> 1.1123862875502578E-4
<655,admissions0-0,stu0-11application0-11,setStatus> 1.8376618911482227E-4
<656,registrar4-0,transcript2-19,read> 3.4460266515271953E-4
<657,registrar2-1,transcript2-6,read> 1.6441967612242908E-4
<658,admissions2-1,stu1-15application1-15,read> 1.0972251747162388E-4
<659,admissions0-1,stu2-19application2-19,setStatus> 1.2640753267616567E-4
<660,chair2,transcript2-9,read> 9.458606699777233E-4
<661,stu4-12,transcript4-12,read> 0.0014841760764963507
<662,registrar2-1,transcript2-9,read> 1.731325757182301E-4
<663,admissions4-0,stu0-2application0-2,read> 6.85014547278386E-6
<664,admissions2-0,stu1-12application1-12,setStatus> 1.0940321874585446E-4
<665,admissions4-1,stu2-17application2-17,setStatus> 1.0035648069113976E-4
<666,registrar4-0,transcript2-11,read> 3.2973664244990606E-4
<667,fac0-3,gradebook0-6,addScore> 1.575660394675402E-4
<668,stu3-4,gradebook3-1,addScore> 8.832419651946708E-5
<669,admissions4-1,stu5-4application5-4,setStatus> 5.8562477424172624E-5
<670,admissions0-0,stu3-6application3-6,setStatus> 2.0511472492361886E-4
<671,admissions4-0,stu1-11application1-11,setStatus> 1.4661966888442673E-4
<672,app1-1,application1-1,checkStatus> 2.0816755487596238E-4
<673,admissions0-0,application4-0,read> 1.2992135001655891E-4
<674,stu2-17,gradebook2-6,readMyScores> 2.1033335513739765E-4
<675,admissions0-0,stu3-7application3-7,read> 1.3859213994505478E-4
<676,admissions0-1,stu0-0application0-0,read> 1.1603943272934807E-4
<677,stu2-8,gradebook2-4,readMyScores> 1.652886502062877E-4
<678,admissions2-0,stu4-3application4-3,setStatus> 1.8057982435836604E-4
<679,admissions2-0,stu2-10application2-10,setStatus> 1.1217633325023802E-4
<680,admissions0-0,stu5-10application5-10,read> 1.7279358910745495E-4
<681,fac5-3,gradebook5-7,addScore> 9.32163153772275E-5
<682,admissions2-0,stu3-14application3-14,setStatus> 1.075544757429321E-4
<683,registrar2-1,transcript5-12,read> 2.5884572549192297E-5
<684,stu3-7,stu3-7application3-7,checkStatus> 0.0014359610054131072
<685,registrar0-1,roster4-4,read> 8.863975466430537E-5
<686,registrar4-1,roster2-9,read> 1.431958358993137E-4
<687,fac2-0,gradebook2-1,changeScore> 0.001791863577313659
<688,fac4-4,gradebook4-8,changeScore> 0.0011151566401692403
<689,fac5-3,gradebook5-6,addScore> 1.4986358048127326E-4
<690,stu0-17,stu0-17application0-17,checkStatus> 0.0018601985797856977
<691,stu4-16,gradebook4-3,addScore> 1.5806889850950262E-4
<692,registrar0-1,transcript0-13,read> 2.7369959328122056E-4
<693,fac2-3,roster2-6,read> 0.001596968525097448
<694,admissions0-1,stu2-3application2-3,setStatus> 6.967075843417511E-5
<695,admissions2-0,stu3-13application3-13,read> 9.668155595699484E-5
<696,registrar4-1,transcript3-10,read> 3.5802877333253157E-4
<697,registrar2-0,roster4-2,read> 1.1944101488545594E-4
<698,admissions0-0,stu4-2application4-2,setStatus> 1.0275123271220979E-4
<699,registrar2-0,roster1-3,write> 1.262834550657639E-4
<700,registrar0-0,transcript2-1,read> 1.6204004994124768E-4
<701,stu4-5,stu4-5application4-5,checkStatus> 7.721539772771711E-4
<702,registrar2-0,transcript5-1,read> 2.5043315690491657E-4
<703,stu3-18,transcript3-18,read> 0.0014183422295084105
<704,registrar4-0,roster1-8,read> 2.0594191070679626E-4
<705,stu2-7,stu2-7application2-7,checkStatus> 9.21884885879262E-4
<706,admissions0-1,stu5-3application5-3,setStatus> 1.5859474114037186E-4
<707,registrar2-1,transcript2-0,read> 2.036277243035338E-4
<708,stu1-3,stu1-3application1-3,checkStatus> 0.0013810596722590072
<709,registrar0-1,roster1-3,write> 1.2122086666669095E-4
<710,registrar0-1,transcript4-9,read> 1.696181152936858E-4
<711,registrar2-1,transcript2-1,read> 1.6877612592032957E-4
<712,fac3-3,roster3-6,read> 0.0014658605047929824
<713,admissions4-0,stu5-8application5-8,read> 1.5690420490653307E-4
<714,fac5-4,gradebook5-9,addScore> 2.2503410275426572E-4
<715,registrar2-0,roster1-3,read> 1.7363975071542535E-4
<716,admissions0-1,stu3-6application3-6,read> 1.798901255878344E-4
<717,registrar2-1,transcript2-2,read> 1.679048359607495E-4
<718,registrar2-1,transcript2-3,read> 1.7051870583948978E-4
<719,stu0-15,stu0-15application0-15,checkStatus> 0.0011764274305028162
<720,registrar2-0,transcript2-6,read> 1.6369054230370433E-4
<721,stu1-4,stu1-4application1-4,checkStatus> 0.0019400550643734796
<722,registrar4-0,transcript0-11,read> 3.2081702882821796E-4
<723,registrar2-0,transcript2-5,read> 1.6455796844971643E-4
<724,registrar4-0,transcript3-19,read> 3.3964732425178183E-4
<725,fac4-2,gradebook4-5,changeScore> 0.0010958221562508282
<726,stu4-14,transcript4-14,read> 0.0014965199228065894
<727,admissions4-0,stu3-7application3-7,read> 1.179557468567894E-4
<728,admissions0-0,stu0-8application0-8,setStatus> 1.5858586482752382E-4
<729,admissions4-0,stu3-11application3-11,setStatus> 1.149391049205204E-4
<730,admissions2-1,stu5-13application5-13,read> 1.4712232907803776E-4
<731,admissions0-0,stu2-19application2-19,read> 1.1161634905640109E-4
<732,registrar2-0,transcript2-3,read> 1.6976252532578917E-4
<733,registrar2-0,transcript2-9,read> 1.723648037638255E-4
<734,fac3-1,gradebook3-3,changeScore> 4.239488400860124E-4
<735,fac1-4,gradebook1-9,changeScore> 6.414617841681469E-4
<736,stu3-17,stu3-17application3-17,checkStatus> 0.0014159968842661617
<737,admissions4-1,stu1-13application1-13,read> 9.947129309385626E-5
<738,admissions4-0,stu2-6application2-6,read> 1.1467587670523203E-4
<739,registrar2-0,transcript2-8,read> 1.6542539459572854E-4
<740,chair5,transcript5-7,read> 0.0014123451102770741
<741,chair2,transcript2-11,read> 0.001583706741407448
<742,admissions0-0,stu5-17application5-17,read> 1.212505600880631E-4
<743,stu4-6,transcript4-6,read> 8.587545301109184E-4
<744,admissions2-0,application5-1,setStatus> 1.7410922384813768E-4
<745,registrar4-0,transcript4-7,read> 1.9891564266514682E-4
<746,registrar2-0,transcript2-7,read> 1.6629282074174067E-4
<747,stu0-12,transcript0-12,read> 0.001360737613393963
<748,admissions0-1,stu5-10application5-10,read> 1.7220883922891876E-4
<749,admissions2-1,stu2-19application2-19,setStatus> 1.0365846907060785E-4
<750,admissions0-1,stu1-4application1-4,setStatus> 2.120582399453245E-4
<751,fac5-2,gradebook5-4,addScore> 2.077374438333475E-4
<752,fac5-2,gradebook5-5,addScore> 3.093691818626726E-4
<753,chair1,transcript1-7,read> 0.001464705608678022
<754,chair1,transcript1-8,read> 0.0014504254727504904
<755,admissions0-1,stu2-13application2-13,read> 9.73162972294912E-5
<756,stu1-15,stu1-15application1-15,checkStatus> 0.0013910417328324798
<757,fac4-1,gradebook4-2,readScore> 1.256985967509442E-4
<758,admissions2-1,stu3-14application3-14,setStatus> 1.041058352381487E-4
<759,stu0-6,stu0-6application0-6,checkStatus> 5.525486446607713E-4
<760,registrar2-0,transcript2-1,read> 1.680276730337649E-4
<761,stu0-14,stu0-14application0-14,checkStatus> 0.0011714364002160802
<762,stu5-4,gradebook5-7,addScore> 1.1452290174916523E-4
<763,admissions2-0,stu5-16application5-16,read> 1.0603619555178206E-4
<764,registrar2-0,transcript2-2,read> 1.6716024688775277E-4
<765,fac1-2,gradebook1-5,changeScore> 6.849643729845739E-4
<766,chair2,transcript2-13,read> 0.0015932268320258023
<767,admissions4-1,stu0-16application0-16,setStatus> 1.1209636924927661E-4
<768,registrar2-0,transcript2-0,read> 2.027247188742498E-4
<769,admissions4-1,stu3-7application3-7,setStatus> 1.3510655082322483E-4
<770,admissions0-1,stu0-3application0-3,setStatus> 8.54915897131917E-5
<771,admissions0-1,stu4-1application4-1,read> 1.7412916081864765E-4
<772,registrar2-1,transcript5-6,read> 2.5939028171666055E-4
<773,app1-3,application1-3,checkStatus> 2.2314064573617147E-4
<774,admissions2-1,stu3-19application3-19,setStatus> 1.354214669660072E-4
<775,admissions2-0,stu0-13application0-13,setStatus> 1.5238649356379974E-4
<776,stu4-19,gradebook4-8,readMyScores> 6.177295130398633E-5
<777,stu3-6,gradebook3-1,addScore> 8.227677405507112E-5
<778,admissions4-1,stu1-5application1-5,read> 8.872694708544939E-5
<779,admissions0-0,application4-1,read> 1.3618358718713922E-4
<780,admissions4-0,stu3-16application3-16,read> 2.8579285226851366E-5
<781,fac3-1,gradebook3-2,changeScore> 4.1911521910640935E-4
<782,admissions0-0,application3-0,setStatus> 1.3450033724836876E-4
<783,admissions0-0,stu3-8application3-8,setStatus> 1.7336562038745991E-4
<784,admissions0-0,application3-2,setStatus> 1.366899306646556E-4
<785,chair5,transcript5-0,read> 0.001388544883731189
<786,fac0-4,gradebook0-9,changeScore> 2.5477210579990774E-4
<787,stu2-16,transcript2-16,read> 0.0014018837677614254
<788,admissions0-0,application3-1,setStatus> 1.3395293889429706E-4
<789,registrar4-1,roster2-3,read> 1.0024667199646221E-4
<790,admissions0-0,application3-4,setStatus> 1.3559513395651216E-4
<791,admissions0-0,stu1-13application1-13,read> 1.1595174402064902E-4
<792,registrar0-1,transcript1-5,read> 2.5787920862711523E-4
<793,admissions0-0,application3-3,setStatus> 1.361425323105839E-4
<794,stu3-19,stu3-19application3-19,checkStatus> 0.0015108264597141526
<795,admissions0-1,stu1-6application1-6,setStatus> 2.7663723658855176E-5
<796,registrar0-1,transcript4-12,read> 3.003444516460294E-4
<797,admissions0-1,stu2-11application2-11,read> 6.563099099896416E-5
<798,admissions4-0,stu2-12application2-12,setStatus> 4.92485237600676E-5
<799,admissions0-0,stu4-14application4-14,read> 1.5111661428621537E-4
<800,registrar4-1,transcript2-7,read> 1.9295893008117347E-4
<801,stu4-12,stu4-12application4-12,checkStatus> 0.0016256201563090889
<802,fac4-2,roster4-5,read> 0.0012036444641840517
<803,stu3-16,transcript3-16,read> 0.0014348006912553956
<804,registrar4-0,roster0-8,read> 2.082074290522339E-4
<805,registrar4-0,transcript2-3,read> 1.9396030176420896E-4
<806,stu3-5,gradebook3-4,addScore> 1.1858649833559317E-4
<807,admissions2-1,stu4-3application4-3,setStatus> 1.7478968970960078E-4
<808,admissions0-1,stu5-17application5-17,read> 1.2084023670367035E-4
<809,registrar2-1,transcript3-18,read> 3.003409098169255E-4
<810,registrar0-1,transcript3-10,read> 2.9618119252652805E-4
<811,fac1-0,roster1-1,read> 0.0023486545081763837
<812,admissions0-1,application3-3,setStatus> 1.3568181308110648E-4
<813,admissions0-1,application3-2,setStatus> 1.3622735898727943E-4
<814,admissions2-0,stu3-18application3-18,read> 1.2840598588714287E-4
<815,admissions4-0,stu2-16application2-16,setStatus> 9.537169776634296E-5
<816,admissions4-1,stu3-16application3-16,read> 2.880655588471897E-5
<817,chair4,transcript4-13,read> 0.0017122279647552282
<818,admissions2-1,stu4-19application4-19,setStatus> 5.6685021478820096E-5
<819,admissions0-1,application3-0,setStatus> 1.3404517536258747E-4
<820,admissions0-1,application3-4,setStatus> 1.3513626717493346E-4
<821,registrar4-0,roster5-4,read> 1.1154531298022808E-4
<822,admissions2-0,stu3-3application3-3,setStatus> 1.7179829509448468E-4
<823,registrar4-0,transcript0-16,read> 3.178438242876552E-4
<824,registrar0-1,roster0-3,read> 1.603340626421151E-4
<825,admissions0-0,stu0-16application0-16,setStatus> 1.3066854876986683E-4
<826,stu4-11,gradebook4-5,readMyScores> 1.9884456503233805E-4
<827,admissions2-0,application5-0,read> 1.528093935257182E-4
<828,chair0,transcript0-1,read> 8.173394466299427E-4
<829,admissions2-0,stu0-15application0-15,setStatus> 1.0894103299512386E-4
<830,fac4-4,gradebook4-8,addScore> 3.5456410100422314E-4
<831,chair4,transcript4-7,read> 9.553807605960774E-4
<832,admissions2-0,stu2-15application2-15,read> 2.8758738029626685E-5
<833,admissions4-0,stu0-17application0-17,setStatus> 1.7364132638305268E-4
<834,admissions4-1,stu4-2application4-2,setStatus> 8.814699659067745E-5
<835,fac2-3,gradebook2-6,addScore> 4.7268876007138796E-4
<836,admissions2-1,stu0-17application0-17,read> 1.467286468506018E-4
<837,stu2-9,transcript2-9,read> 8.176083757434558E-4
<838,stu2-5,gradebook2-9,addScore> 8.139572698853922E-4
<839,registrar4-0,transcript3-16,read> 3.4559373333290725E-4
<840,fac1-0,gradebook1-1,changeScore> 7.284669618010009E-4
<841,fac0-4,roster0-9,read> 0.002427319320359063
<842,registrar0-1,roster4-8,write> 6.077385559609994E-5
<843,admissions4-0,stu5-12application5-12,read> 7.080761342815236E-5
<844,admissions2-1,stu2-15application2-15,read> 2.783661416494928E-5
<845,admissions4-0,stu2-15application2-15,read> 2.8989268995796036E-5
<846,admissions0-0,stu5-12application5-12,setStatus> 9.454025740113422E-5
<847,registrar4-0,transcript2-6,read> 1.87022824502896E-4
<848,fac2-0,gradebook2-1,readScore> 4.6072845542039235E-4
<849,admissions4-0,stu0-5application0-5,read> 1.3230517876985286E-4
<850,admissions4-0,stu2-7application2-7,read> 7.57274186554884E-5
<851,registrar2-1,roster5-1,read> 1.1731742878637263E-4
<852,registrar2-1,transcript5-1,read> 2.5154867208043957E-4
<853,admissions2-1,stu5-15application5-15,read> 3.177343643930863E-5
<854,registrar0-1,transcript3-1,read> 5.9708074538849104E-5
<855,admissions4-0,stu3-0application3-0,read> 6.137798674242497E-5
<856,stu2-11,gradebook2-8,readMyScores> 1.2564096430777127E-4
<857,admissions2-1,stu0-6application0-6,read> 4.35839032623867E-5
<858,registrar2-0,transcript0-15,read> 2.833953504533772E-4
<859,admissions0-1,stu1-10application1-10,setStatus> 1.1822434408357087E-4
<860,admissions4-1,stu2-7application2-7,setStatus> 8.673820996370103E-5
<861,admissions2-1,stu2-8application2-8,read> 1.5499597362675645E-4
<862,registrar0-0,transcript4-9,read> 1.704052063159303E-4
<863,admissions0-1,stu1-16application1-16,read> 1.064378247807035E-4
<864,registrar0-0,transcript0-15,read> 2.732966297245264E-4
<865,registrar0-0,transcript2-5,read> 1.5869398739137464E-4
<866,admissions2-1,stu0-16application0-16,setStatus> 1.067900322433937E-4
<867,chair5,transcript5-12,read> 1.4141301272680156E-4
<868,admissions2-1,stu2-5application2-5,read> 1.065730596521364E-4
<869,admissions4-1,stu3-19application3-19,read> 1.2509242588313408E-4
<870,admissions2-0,stu1-6application1-6,read> 2.0624268816768227E-5
<871,admissions0-0,stu3-12application3-12,read> 6.778068886233888E-5
<872,stu4-6,gradebook4-1,readScore> 9.588255583627916E-5
<873,admissions0-0,stu1-17application1-17,setStatus> 6.552814463533381E-5
<874,stu2-2,gradebook2-6,addScore> 8.250875489418132E-4
<875,admissions0-0,application5-0,setStatus> 2.0566212327769053E-4
<876,stu2-2,gradebook2-6,readScore> 3.0397962329435223E-4
<877,registrar2-1,transcript5-2,read> 2.559051218783401E-4
<878,stu4-15,stu4-15application4-15,checkStatus> 1.1832900971470789E-4
<879,admissions4-1,stu2-7application2-7,read> 7.632962476805689E-5
<880,chair2,transcript2-4,read> 9.268204887410151E-4
<881,registrar2-1,transcript5-8,read> 2.6113286163582076E-4
<882,stu1-18,stu1-18application1-18,checkStatus> 0.00111653506706198
<883,fac0-1,roster0-2,read> 0.0022262870225588827
<884,admissions4-0,stu1-0application1-0,setStatus> 1.7177776379694054E-4
<885,stu0-15,transcript0-15,read> 0.0013442791516469776
<886,admissions2-0,stu4-1application4-1,setStatus> 1.6763862333790938E-4
<887,registrar4-1,roster0-9,write> 1.5490052890287085E-4
<888,stu5-12,transcript5-12,read> 1.2223836693333698E-4
<889,admissions2-0,stu2-17application2-17,read> 8.692019290156468E-5
<890,app4-2,application4-2,checkStatus> 0.0014010237934059526
<891,registrar4-1,roster4-6,read> 1.1175091232758316E-4
<892,chair2,transcript2-16,read> 0.0016217871038808644
<893,admissions2-0,stu0-6application0-6,read> 4.502767645534362E-5
<894,registrar2-0,roster2-7,write> 8.8308287610619E-5
<895,chair2,transcript2-14,read> 0.0016027469226441563
<896,stu3-13,stu3-13application3-13,checkStatus> 0.001186409491076289
<897,stu4-0,gradebook4-6,addScore> 4.109919143093407E-4
<898,admissions2-0,stu1-9application1-9,setStatus> 1.403696640448043E-4
<899,admissions4-1,application4-0,setStatus> 1.266538310613663E-4
<900,stu2-7,gradebook2-4,readMyScores> 1.6386067050688132E-4
<901,admissions2-1,stu5-12application5-12,read> 6.799220136341471E-5
<902,registrar4-1,transcript5-2,read> 2.9562432039604257E-4
<903,chair4,transcript4-16,read> 0.0017407882366102907
<904,stu2-8,gradebook2-8,addScore> 5.621431305665154E-4
<905,admissions4-1,stu3-0application3-0,read> 6.186608206443232E-5
<906,registrar0-0,roster0-9,write> 1.2873690789816334E-4
<907,admissions4-1,stu1-17application1-17,read> 4.946875974703981E-5
<908,stu2-6,stu2-6application2-6,checkStatus> 0.0013960327631192164
<909,registrar4-1,roster5-9,write> 9.075567372328744E-5
<910,admissions2-1,stu1-0application1-0,setStatus> 1.6494763402370233E-4
<911,registrar0-1,transcript4-1,read> 1.7544667806098776E-4
<912,registrar2-1,transcript4-18,read> 3.203805788872679E-4
<913,fac5-3,roster5-6,read> 0.0013260119498015527
<914,stu3-0,stu3-0application3-0,checkStatus> 7.471988258434894E-4
<915,stu5-18,gradebook5-2,readMyScores> 2.9615344758803093E-5
<916,registrar4-1,roster5-8,write> 8.796676697634901E-5
<917,registrar2-0,transcript3-17,read> 3.0074387337361975E-4
<918,registrar4-1,roster5-7,write> 8.908232967512438E-5
<919,admissions0-0,stu1-16application1-16,read> 1.0679924354057005E-4
<920,registrar4-1,transcript2-4,read> 1.95978500384552E-4
<921,registrar4-1,roster5-2,write> 9.912239396410265E-5
<922,registrar4-1,roster5-1,write> 9.856461261471498E-5
<923,admissions0-1,stu0-16application0-16,setStatus> 1.3022635401937658E-4
<924,stu2-3,gradebook2-3,readMyScores> 1.9885735126476634E-4
<925,registrar4-1,transcript0-13,read> 3.308526406021251E-4
<926,stu4-5,gradebook4-5,readScore> 1.5637423054552397E-4
<927,admissions2-1,application2-0,setStatus> 4.594823345784002E-5
<928,fac5-4,roster5-8,read> 0.001378455157923339
<929,stu1-5,transcript1-5,read> 0.0012743306892222914
<930,registrar4-1,roster5-6,write> 8.462007888002294E-5
<931,registrar4-1,transcript5-12,read> 2.9902133698734334E-5
<932,chair3,transcript3-16,read> 0.001659867466354281
<933,registrar4-1,roster5-4,write> 8.238895348247221E-5
<934,admissions0-1,stu3-12application3-12,read> 6.755131258869308E-5
<935,stu2-14,gradebook2-9,readMyScores> 1.7827263305208234E-4
<936,registrar2-0,transcript1-8,read> 2.643119752411105E-4
<937,registrar4-1,roster5-3,write> 8.29467348318599E-5
<938,registrar0-1,roster0-5,read> 1.628719142519491E-4
<939,stu0-16,transcript0-16,read> 0.0013195914590265
<940,admissions0-0,stu1-11application1-11,setStatus> 1.722708236793165E-4
<941,admissions2-1,stu2-17application2-17,read> 8.413317268828806E-5
<942,admissions4-0,stu4-2application4-2,setStatus> 8.745155677536637E-5
<943,registrar4-0,roster5-2,write> 9.760036104334867E-5
<944,admissions2-1,stu1-8application1-8,setStatus> 1.143952570915879E-4
<945,registrar4-0,transcript5-1,read> 2.86129642521653E-4
<946,registrar4-0,roster5-3,write> 8.167308055421137E-5
<947,registrar4-0,roster5-4,write> 8.112386398562044E-5
<948,registrar4-0,roster5-5,write> 8.441916339716608E-5
<949,admissions0-0,stu2-10application2-10,read> 1.1691516512381522E-4
<950,admissions0-0,stu0-15application0-15,setStatus> 1.290263537076517E-4
<951,admissions0-0,stu1-19application1-19,read> 4.273174018001761E-5
<952,registrar4-0,roster5-1,write> 9.705114447475774E-5
<953,registrar2-0,transcript4-14,read> 3.154901178558257E-4
<954,stu1-10,stu1-10application1-10,checkStatus> 0.0010815978550548255
<955,registrar4-0,roster5-6,write> 8.332073025998419E-5
<956,registrar2-0,roster5-2,write> 8.542409767731686E-5
<957,registrar2-1,roster3-9,read> 1.1333400276768888E-4
<958,registrar4-0,roster5-7,write> 8.771446280871173E-5
<959,registrar4-0,roster5-8,write> 8.661602967152985E-5
<960,admissions0-1,stu3-4application3-4,setStatus> 5.3849927155158514E-5
<961,registrar4-0,roster5-9,write> 8.936211251448453E-5
<962,admissions2-1,stu1-6application1-6,read> 1.9962969616230567E-5
<963,stu3-14,transcript3-14,read> 0.0014430299221288882
<964,admissions0-0,application0-2,read> 5.814647783067684E-5
<965,chair1,transcript1-0,read> 0.0012647837056925855
<966,admissions2-0,stu0-16application0-16,setStatus> 1.1032759024731567E-4
<967,admissions2-0,stu5-19application5-19,setStatus> 2.8982898118731025E-5
<968,admissions2-1,stu1-9application1-9,setStatus> 1.3586883313354803E-4
<969,admissions4-1,stu0-12application0-12,setStatus> 4.729218440836125E-5
<970,fac1-1,gradebook1-3,addScore> 3.041565739592825E-4
<971,fac1-1,gradebook1-2,addScore> 7.906652961861985E-5
<972,admissions2-1,stu5-19application5-19,setStatus> 2.8053586756206587E-5
<973,admissions4-1,stu4-17application4-17,read> 7.178393991834631E-5
<974,chair2,transcript2-1,read> 9.220604434318378E-4
<975,admissions2-1,stu4-13application4-13,read> 1.4082341343906281E-4
<976,admissions4-0,stu0-12application0-12,setStatus> 4.691907052742743E-5
<977,admissions2-0,stu5-3application5-3,setStatus> 1.3436124928530656E-4
<978,registrar4-0,transcript3-13,read> 3.485669378734699E-4
<979,registrar4-1,roster0-8,write> 1.537849662040955E-4
<980,fac4-2,gradebook4-4,assignGrade> 3.896387625968662E-4
<981,admissions2-0,stu1-8application1-8,setStatus> 1.1818474800973574E-4
<982,fac1-0,gradebook1-1,addScore> 5.083999685585129E-4
<983,registrar2-0,transcript5-7,read> 2.573725660730135E-4
<984,stu4-6,stu4-6application4-6,checkStatus> 5.874858566679258E-4
<985,admissions2-1,stu3-3application3-3,setStatus> 1.6628973252632483E-4
<986,stu4-0,transcript4-0,read> 8.628691455476646E-4
<987,admissions4-0,stu4-17application4-17,read> 7.121759719709702E-5
<988,registrar4-0,transcript4-11,read> 3.386562560715942E-4
<989,stu1-6,transcript1-6,read> 0.0012619868429120525
<990,admissions2-1,application5-4,setStatus> 1.716581265368149E-4
<991,admissions0-1,stu5-11application5-11,setStatus> 1.1604216045887893E-4
<992,stu1-0,stu1-0application1-0,checkStatus> 0.0018402344586387522
<993,stu2-8,gradebook2-8,readScore> 2.071053638929267E-4
<994,admissions4-1,application3-0,read> 1.0153751348008832E-4
<995,stu0-10,transcript0-10,read> 0.0013360499207734852
<996,admissions0-1,stu2-1application2-1,setStatus> 1.2258871133295478E-4
<997,admissions2-0,stu0-1application0-1,setStatus> 1.4192954095352004E-5
<998,stu5-19,stu5-19application5-19,checkStatus> 3.1297919089742597E-4
<999,registrar2-1,transcript5-7,read> 2.585189917570804E-4
<1000,registrar4-0,transcript4-2,read> 2.098173926472101E-4
<1001,admissions4-0,stu3-18application3-18,read> 1.294352923872402E-4
<1002,fac1-1,gradebook1-3,changeScore> 7.52635066699016E-4
<1003,registrar4-1,transcript3-2,read> 7.620221168387139E-5
<1004,registrar4-1,transcript5-8,read> 3.016634610027996E-4
<1005,chair0,transcript0-12,read> 0.001574186650789094
<1006,registrar0-1,transcript2-1,read> 1.61291597054683E-4
<1007,admissions0-1,stu1-17application1-17,setStatus> 6.530639118479123E-5
<1008,registrar0-0,transcript5-3,read> 2.448550980506055E-4
<1009,fac3-4,gradebook3-9,changeScore> 4.142815981268064E-4
<1010,stu4-13,transcript4-13,read> 0.0014800614610596043
<1011,admissions2-1,stu3-5application3-5,setStatus> 9.739534272503613E-5
<1012,stu3-16,stu3-16application3-16,checkStatus> 3.479164029045805E-4
<1013,registrar2-1,roster1-8,write> 1.316743600620452E-4
<1014,registrar2-1,roster2-1,write> 6.987090183277051E-5
<1015,registrar2-0,roster1-2,write> 1.2868694667684898E-4
<1016,registrar2-1,roster2-3,write> 6.311114858894358E-5
<1017,stu2-7,gradebook2-2,readMyScores> 1.0904608653960258E-4
<1018,registrar2-1,roster2-2,write> 6.45596671411922E-5
<1019,registrar2-0,transcript3-18,read> 2.9900902108159544E-4
<1020,admissions0-1,stu5-13application5-13,read> 1.7941004519040214E-4
<1021,admissions4-1,stu3-11application3-11,read> 1.0195075755733475E-4
<1022,admissions4-0,stu2-18application2-18,setStatus> 1.4056309047956225E-4
<1023,registrar2-1,roster1-3,read> 1.7441320172083928E-4
<1024,registrar2-1,roster2-5,write> 6.504250665860841E-5
<1025,admissions4-1,stu3-18application3-18,read> 1.304645988873375E-4
<1026,admissions2-0,stu0-5application0-5,read> 1.312530501116433E-4
<1027,registrar0-0,roster5-4,write> 6.847296901710263E-5
<1028,stu5-4,transcript5-4,read> 0.0012167260731078436
<1029,admissions2-0,stu0-18application0-18,setStatus> 1.8104201010909658E-4
<1030,registrar2-1,roster2-4,write> 6.552534617602463E-5
<1031,registrar2-1,roster2-7,write> 8.870164301200261E-5
<1032,stu0-19,stu0-19application0-19,checkStatus> 9.867682796068345E-4
<1033,admissions2-1,stu5-2application5-2,setStatus> 1.2736887595027216E-4
<1034,admissions4-0,application5-1,read> 1.5444430229286503E-4
<1035,registrar2-1,roster2-6,write> 8.821880349458643E-5
<1036,registrar4-0,roster2-4,read> 1.0248323959847753E-4
<1037,admissions4-0,stu3-6application3-6,read> 1.536243347549757E-4
<1038,registrar2-0,transcript2-12,read> 2.894673334754621E-4
<1039,registrar2-1,roster2-9,write> 9.015016156425127E-5
<1040,fac3-4,gradebook3-8,changeScore> 4.094479771472034E-4
<1041,registrar4-0,transcript0-0,read> 1.7711214270102032E-4
<1042,registrar2-1,roster2-8,write> 8.966732204683505E-5
<1043,registrar4-1,transcript4-15,read> 3.6406791393928865E-4
<1044,admissions2-0,application3-3,setStatus> 1.149494477546216E-4
<1045,admissions2-1,stu3-17application3-17,setStatus> 1.2692150978273133E-4
<1046,fac2-2,roster2-5,read> 0.0011774228601231585
<1047,registrar2-0,transcript4-8,read> 1.7496708220186185E-4
<1048,registrar0-0,transcript5-1,read> 2.4150903550073248E-4
<1049,admissions4-0,stu4-4application4-4,read> 1.126259578605087E-4
<1050,fac1-2,gradebook1-4,changeScore> 6.704635100457648E-4
<1051,registrar0-0,roster5-2,write> 8.238003183580893E-5
<1052,admissions4-0,stu0-2application0-2,setStatus> 7.78425621907257E-6
<1053,admissions4-0,stu4-4application4-4,setStatus> 1.2798404302330534E-4
<1054,stu2-10,stu2-10application2-10,checkStatus> 0.0012113646425099712
<1055,registrar4-0,roster0-9,write> 1.525220179024429E-4
<1056,admissions0-0,stu5-18application5-18,setStatus> 1.2464716687507805E-4
<1057,admissions2-1,stu4-9application4-9,setStatus> 1.0723739841093454E-4
<1058,chair2,transcript2-6,read> 8.982602168859527E-4
<1059,app2-1,application2-1,checkStatus> 5.176114326536168E-4
<1060,admissions4-0,stu1-10application1-10,read> 8.884689926171783E-5
<1061,admissions0-1,application3-0,read> 1.1795975431907698E-4
<1062,stu1-2,transcript1-2,read> 0.0012784453046590376
<1063,admissions0-0,stu4-10application4-10,setStatus> 3.213684503695974E-5
<1064,chair4,transcript4-8,read> 9.601408059052543E-4
<1065,admissions2-1,stu0-18application0-18,read> 1.5420860917188456E-4
<1066,chair4,transcript4-3,read> 9.791809871419626E-4
<1067,admissions4-1,stu0-2application0-2,setStatus> 7.846158853021455E-6
<1068,stu5-2,stu5-2application5-2,checkStatus> 0.001420987914552898
<1069,admissions4-1,stu5-14application5-14,setStatus> 3.0386744884644194E-5
<1070,admissions4-1,stu3-18application3-18,setStatus> 1.482552260083381E-4
<1071,admissions2-1,application3-0,read> 9.673100396623802E-5
<1072,admissions4-0,stu1-1application1-1,read> 1.6100404259597974E-4
<1073,admissions2-1,stu3-17application3-17,read> 1.1169092860880355E-4
<1074,registrar4-1,roster1-5,write> 1.4876493405960634E-4
<1075,admissions4-0,stu0-11application0-11,setStatus> 1.5640337246151538E-4
<1076,admissions0-0,stu4-11application4-11,setStatus> 1.9416675784218474E-4
<1077,admissions2-1,stu0-1application0-1,setStatus> 1.3737869394899836E-5
<1078,stu5-13,transcript5-13,read> 1.0989452062309816E-4
<1079,admissions4-1,stu2-16application2-16,setStatus> 9.613012081021053E-5
<1080,registrar0-0,transcript4-14,read> 3.04247708310852E-4
<1081,admissions0-1,stu5-3application5-3,read> 1.3956337220352724E-4
<1082,stu2-12,gradebook2-1,readMyScores> 1.0817431763678646E-4
<1083,admissions0-0,stu2-17application2-17,setStatus> 1.1698358991807415E-4
<1084,fac2-1,roster2-2,read> 0.0011686823254361941
<1085,admissions2-0,stu4-9application4-9,setStatus> 1.1078977599804624E-4
<1086,admissions4-1,stu1-10application1-10,read> 8.955343523994223E-5
<1087,fac0-3,roster0-7,read> 0.00226124916130674
<1088,admissions4-0,stu5-14application5-14,setStatus> 3.01470072524182E-5
<1089,admissions2-0,stu0-17application0-17,setStatus> 1.7226048084521532E-4
<1090,registrar2-1,roster1-1,write> 1.2974300199238036E-4
<1091,admissions0-1,stu1-15application1-15,setStatus> 1.5204819026629602E-4
<1092,registrar4-1,transcript1-5,read> 3.1172869534739457E-4
<1093,admissions4-1,application2-4,read> 4.7815783438054145E-5
<1094,admissions4-1,application2-3,read> 4.6989295283561315E-5
<1095,fac3-2,gradebook3-5,assignGrade> 1.565891796517219E-4
<1096,registrar4-0,transcript2-7,read> 1.899960290434587E-4
<1097,admissions2-1,stu0-4application0-4,setStatus> 1.1350052475650623E-4
<1098,chair3,transcript3-19,read> 0.0016313071944992186
<1099,admissions4-0,stu3-15application3-15,setStatus> 1.3124527754900157E-4
<1100,stu3-1,stu3-1application3-1,checkStatus> 0.0016056560351621432
<1101,admissions0-0,stu4-1application4-1,setStatus> 1.985459446747584E-4
<1102,admissions2-0,stu3-17application3-17,read> 1.1539083514656931E-4
<1103,admissions2-0,stu5-2application5-2,setStatus> 1.31588134780923E-4
<1104,registrar0-1,transcript1-7,read> 2.562139049793147E-4
<1105,admissions4-1,stu0-15application0-15,read> 9.740507270762415E-5
<1106,admissions2-0,stu0-11application0-11,setStatus> 1.551596080681833E-4
<1107,fac0-2,gradebook0-5,changeScore> 2.306040009018927E-4
<1108,chair1,transcript1-5,read> 0.001474225699296376
<1109,admissions4-1,stu1-0application1-0,setStatus> 1.731437897515882E-4
<1110,stu0-14,transcript0-14,read> 0.001348393767083724
<1111,admissions2-0,application5-0,setStatus> 1.7364703809740706E-4
<1112,chair3,transcript3-14,read> 0.0016693875569726352
<1113,admissions0-0,stu4-11application4-11,read> 1.7086674690112256E-4
<1114,admissions2-0,stu4-17application4-17,setStatus> 8.0285516449827E-5
<1115,admissions4-1,application2-1,read> 4.285685451109714E-5
<1116,chair3,transcript3-10,read> 0.00169318778351852
<1117,admissions4-1,application2-2,read> 4.327009858834356E-5
<1118,registrar4-0,transcript5-7,read> 2.9405818796315354E-4
<1119,admissions4-1,application2-0,read> 4.2443610433850725E-5
<1120,registrar0-1,transcript1-8,read> 2.5371594950761387E-4
<1121,admissions4-0,application2-3,read> 4.661857106041684E-5
<1122,admissions4-0,application2-2,read> 4.292871713991481E-5
<1123,admissions0-1,stu0-16application0-16,read> 1.1459919153705137E-4
<1124,admissions4-1,stu3-19application3-19,setStatus> 1.4215048395810695E-4
<1125,admissions4-0,application2-4,read> 4.7438538598306175E-5
<1126,admissions0-1,stu1-2application1-2,setStatus> 1.705967510761776E-4
<1127,admissions0-1,stu0-10application0-10,read> 1.870913315493178E-4
<1128,admissions0-0,stu3-18application3-18,setStatus> 1.7281822203338821E-4
<1129,admissions4-0,stu0-15application0-15,read> 9.663659087166658E-5
<1130,admissions2-0,application1-1,setStatus> 1.9276997353388543E-5
<1131,registrar4-0,roster1-6,write> 1.4538220251076063E-4
<1132,admissions0-1,stu3-7application3-7,read> 1.3812313101123054E-4
<1133,admissions2-0,stu2-1application2-1,setStatus> 1.0385698973708732E-4
<1134,admissions2-0,stu2-4application2-4,setStatus> 2.944508386946162E-5
<1135,admissions0-1,stu4-11application4-11,read> 1.7028851763918983E-4
<1136,stu2-8,gradebook2-5,readMyScores> 1.45687804689799E-4
<1137,admissions2-1,stu4-17application4-17,setStatus> 7.771123135323934E-5
<1138,admissions4-0,stu0-5application0-5,setStatus> 1.50346794056651E-4
<1139,registrar0-1,transcript0-12,read> 2.7536489692902113E-4
<1140,admissions4-0,application2-0,read> 4.2108749602025475E-5
<1141,stu5-6,stu5-6application5-6,checkStatus> 2.9800610003721687E-4
<1142,stu5-11,stu5-11application5-11,checkStatus> 0.00106163373390788
<1143,chair3,transcript3-2,read> 3.603750969489459E-4
<1144,stu4-9,gradebook4-4,readMyScores> 1.1463604154300903E-4
<1145,admissions4-0,application2-1,read> 4.251873337097014E-5
<1146,registrar0-0,transcript4-3,read> 1.720782375908668E-4
<1147,registrar0-1,roster2-2,read> 8.483297724955437E-5
<1148,registrar2-0,transcript5-2,read> 2.5477028763497717E-4
<1149,registrar0-1,roster2-6,read> 1.1592165947002056E-4
<1150,admissions2-1,stu1-14application1-14,setStatus> 1.519740151650181E-4
<1151,admissions0-0,stu2-16application2-16,read> 9.861016416365735E-5
<1152,admissions2-1,stu0-9application0-9,read> 8.610158382546773E-5
<1153,registrar2-1,roster0-4,read> 1.7109368003860283E-4
<1154,registrar0-1,roster2-5,read> 8.546744015201287E-5
<1155,registrar0-1,roster2-4,read> 8.610190305447139E-5
<1156,registrar0-1,transcript2-12,read> 2.778628524007219E-4
<1157,registrar2-1,roster3-3,write> 7.952769218109465E-5
<1158,registrar4-0,transcript2-4,read> 1.9296923358402143E-4
<1159,registrar0-1,roster2-3,read> 8.292958854217892E-5
<1160,stu2-13,gradebook2-3,readMyScores> 1.2891161625957245E-4
<1161,admissions0-0,stu0-9application0-9,setStatus> 1.1972058168843269E-4
<1162,registrar2-1,transcript5-3,read> 2.5503383191876E-4
<1163,admissions0-0,stu0-10application0-10,read> 1.8772661620653107E-4
<1164,fac1-3,gradebook1-7,changeScore> 7.091324778825889E-4
<1165,admissions2-1,stu2-1application2-1,setStatus> 1.00526905897822E-4
<1166,registrar2-0,roster2-8,write> 8.926968425505305E-5
<1167,registrar2-0,roster2-5,write> 6.475406982198487E-5
<1168,registrar4-0,transcript5-8,read> 2.970313925037162E-4
<1169,admissions4-1,stu2-11application2-11,setStatus> 6.419762393207831E-5
<1170,stu4-7,transcript4-7,read> 8.258376066169484E-4
<1171,stu5-15,gradebook5-1,readMyScores> 4.008829381597068E-5
<1172,chair4,transcript4-12,read> 0.0017169880100644057
<1173,registrar0-0,roster2-8,read> 1.1837180014109625E-4
<1174,admissions2-0,stu4-9application4-9,read> 9.749500287828068E-5
<1175,registrar4-1,transcript4-13,read> 3.6205486707036955E-4
<1176,registrar0-0,roster2-9,read> 1.1900920718695363E-4
<1177,fac5-1,gradebook5-3,readScore> 4.301517266673733E-5
<1178,registrar2-0,roster2-3,write> 6.283127653311678E-5
<1179,fac5-4,roster5-9,read> 0.0014221578313581605
<1180,registrar0-0,roster2-6,read> 1.1645957900352417E-4
<1181,registrar4-0,roster0-1,write> 1.3769317055048745E-4
<1182,admissions2-1,stu0-5application0-5,read> 1.2704453547880505E-4
<1183,admissions4-0,application5-2,setStatus> 1.7643667026222092E-4
<1184,chair0,transcript0-3,read> 5.126965468426117E-4
<1185,registrar2-0,roster2-4,write> 6.52347681442019E-5
<1186,registrar0-0,roster2-7,read> 1.170969860493815E-4
<1187,registrar2-0,roster2-1,write> 6.956105304415511E-5
<1188,fac4-3,gradebook4-7,addScore> 4.932186445599107E-4
<1189,admissions0-1,stu5-5application5-5,read> 8.435412649882102E-5
<1190,admissions4-0,stu1-7application1-7,setStatus> 2.8749335312834097E-5
<1191,chair4,transcript4-9,read> 9.696608965236084E-4
<1192,registrar2-0,roster2-2,write> 6.427337149976784E-5
<1193,fac0-3,gradebook0-7,changeScore> 2.4027124286109868E-4
<1194,admissions4-1,stu3-15application3-15,setStatus> 1.3228897756927197E-4
<1195,registrar0-0,roster2-1,read> 9.223811126094399E-5
<1196,registrar0-0,roster2-3,read> 8.331441261894077E-5
<1197,registrar4-1,transcript4-5,read> 2.0906330503252544E-4
<1198,admissions0-1,stu2-8application2-8,setStatus> 2.1478596947618943E-4
<1199,registrar0-0,roster2-2,read> 8.522663375651287E-5
<1200,admissions2-0,stu2-15application2-15,setStatus> 3.268038412457578E-5
<1201,registrar0-0,roster2-5,read> 8.586404080237025E-5
<1202,admissions0-1,stu3-16application3-16,read> 3.346560437100488E-5
<1203,admissions0-0,stu2-1application2-1,setStatus> 1.2300497181286292E-4
<1204,registrar2-1,transcript0-12,read> 2.8814285038280407E-4
<1205,stu4-2,gradebook4-9,addScore> 2.8046947784473827E-4
<1206,registrar0-0,roster2-4,read> 8.650144784822765E-5
<1207,fac0-1,gradebook0-3,changeScore> 2.789402106979226E-4
<1208,fac3-0,gradebook3-1,changeScore> 3.9494711420839446E-4
<1209,stu4-10,transcript4-10,read> 0.001393654536887933
<1210,stu1-0,gradebook1-2,addScore> 1.27639824264871E-4
<1211,registrar0-0,transcript1-10,read> 3.823573559594509E-5
<1212,admissions0-0,stu5-5application5-5,read> 8.464055816774739E-5
<1213,admissions2-0,application0-1,read> 4.950163452241577E-5
<1214,app3-3,application3-3,checkStatus> 0.0012413108242303893
<1215,admissions2-1,stu2-12application2-12,setStatus> 4.7290331960462526E-5
<1216,admissions0-1,stu5-16application5-16,read> 1.251609602805604E-4
<1217,admissions2-0,application0-0,read> 5.112852836498746E-5
<1218,registrar2-1,transcript1-0,read> 2.3150900301009716E-4
<1219,admissions2-0,application0-4,setStatus> 5.671404316256671E-5
<1220,admissions0-1,stu5-13application5-13,setStatus> 2.0387505135272972E-4
<1221,registrar4-1,transcript2-0,read> 2.352329143284725E-4
<1222,admissions0-1,stu0-2application0-2,setStatus> 9.115162848973644E-6
<1223,stu4-5,gradebook4-8,readMyScores> 1.251533771772214E-4
<1224,fac3-4,gradebook3-9,addScore> 2.8912876287665495E-4
<1225,admissions4-1,stu0-10application0-10,setStatus> 1.8300529614042317E-4
<1226,stu4-16,gradebook4-8,readMyScores> 5.947655906220246E-5
<1227,admissions0-1,stu5-6application5-6,read> 2.8664800396682602E-5
<1228,registrar2-1,roster5-4,write> 7.131942038501914E-5
<1229,registrar0-1,transcript2-8,read> 1.587936415829822E-4
<1230,admissions2-0,stu2-5application2-5,read> 1.1010343015821132E-4
<1231,stu2-11,transcript2-11,read> 0.0013689668442674553
<1232,admissions4-1,stu1-10application1-10,setStatus> 1.0176526731811618E-4
<1233,admissions4-1,stu3-3application3-3,setStatus> 1.745525763785646E-4
<1234,admissions0-1,application0-2,read> 5.7949704640048496E-5
<1235,stu0-8,transcript0-8,read> 4.63751448183277E-4
<1236,registrar2-1,transcript3-13,read> 3.0643993953398624E-4
<1237,registrar0-1,transcript2-15,read> 2.811934596963231E-4
<1238,admissions2-0,stu0-12application0-12,read> 4.096044184891438E-5
<1239,registrar2-0,roster5-9,write> 7.821362284406153E-5
<1240,stu2-10,transcript2-10,read> 0.0013648522288307089
<1241,admissions4-0,stu1-5application1-5,read> 8.80269317238285E-5
<1242,app1-4,application1-4,checkStatus> 1.432841611483897E-4
<1243,fac2-2,gradebook2-4,changeScore> 0.001869201512987307
<1244,registrar2-1,transcript0-0,read> 1.55706776526628E-4
<1245,stu3-7,gradebook3-2,addScore> 1.8380691668501797E-4
<1246,admissions0-0,stu4-3application4-3,setStatus> 2.1387309858876614E-4
<1247,stu1-1,gradebook1-2,addScore> 1.2817952753871821E-4
<1248,admissions0-1,stu4-0application4-0,read> 5.6989543845184055E-5
<1249,admissions0-1,stu5-17application5-17,setStatus> 1.373184507996254E-4
<1250,admissions2-1,stu3-14application3-14,read> 9.161313500957084E-5
<1251,admissions2-0,stu0-0application0-0,setStatus> 1.1171414749950743E-4
<1252,registrar2-0,roster2-8,read> 1.2274581585069793E-4
<1253,stu4-17,gradebook4-6,readMyScores> 5.474696246814243E-5
<1254,fac3-1,gradebook3-3,addScore> 7.737493165143666E-5
<1255,registrar0-0,roster4-3,write> 8.42343068783031E-5
<1256,stu0-8,stu0-8application0-8,checkStatus> 0.0014459430659865798
<1257,stu4-17,gradebook4-2,readMyScores> 3.855555930313779E-5
<1258,admissions2-0,stu4-1application4-1,read> 1.4752198853736024E-4
<1259,admissions2-0,application0-4,read> 4.9908357983058694E-5
<1260,registrar4-0,transcript0-2,read> 1.7314786998027002E-4
<1261,admissions2-0,application0-3,setStatus> 5.717622891329729E-5
<1262,registrar2-1,transcript4-9,read> 1.7748902551613063E-4
<1263,admissions2-0,application0-2,setStatus> 5.5789671661105515E-5
<1264,stu4-9,gradebook4-2,readMyScores> 8.287229413433064E-5
<1265,admissions0-0,stu4-1application4-1,read> 1.7472043131378737E-4
<1266,admissions2-0,application0-2,read> 4.9094911061772846E-5
<1267,admissions2-0,application0-1,setStatus> 5.62518574118361E-5
<1268,admissions4-1,stu3-8application3-8,read> 1.3087784296458393E-4
<1269,admissions4-0,stu3-2application3-2,setStatus> 4.64531798808994E-5
<1270,stu4-17,gradebook4-3,readMyScores> 4.589288726177656E-5
<1271,stu4-14,gradebook4-1,readMyScores> 9.633760269590154E-5
<1272,admissions2-0,application0-3,read> 5.0315081443701604E-5
<1273,chair2,transcript2-19,read> 0.0016551074210451038
<1274,registrar4-0,roster3-1,read> 1.2136255914379116E-4
<1275,admissions2-0,application0-0,setStatus> 5.810060041475849E-5
<1276,admissions2-1,stu3-13application3-13,setStatus> 1.0634266607585286E-4
<1277,admissions4-0,stu0-18application0-18,read> 1.6059405882703505E-4
<1278,admissions2-1,application0-0,read> 4.948913667392573E-5
<1279,admissions2-1,application0-1,read> 4.7914407764181994E-5
<1280,chair0,transcript0-5,read> 5.317367280793198E-4
<1281,fac0-0,roster0-1,read> 0.002191324883811025
<1282,fac3-0,gradebook3-1,assignGrade> 1.410525407887123E-4
<1283,registrar4-0,transcript4-12,read> 3.57486551495158E-4
<1284,registrar0-1,transcript0-1,read> 1.4297325692887687E-4
<1285,registrar2-0,transcript0-7,read> 9.950100749880725E-5
<1286,registrar2-1,transcript3-17,read> 3.0208348973608575E-4
<1287,chair2,transcript2-8,read> 9.077803075043069E-4
<1288,registrar0-1,transcript2-14,read> 2.803608078724228E-4
<1289,registrar0-0,roster0-6,write> 1.2039267020693954E-4
<1290,registrar0-0,transcript4-5,read> 1.737512688658033E-4
<1291,registrar0-1,roster2-9,read> 1.1845951107985456E-4
<1292,stu5-10,transcript5-10,read> 1.3046759780682948E-4
<1293,admissions0-0,stu5-6application5-6,read> 2.876213418410767E-5
<1294,stu4-15,gradebook4-7,readMyScores> 5.132044833159585E-5
<1295,registrar2-1,transcript0-10,read> 2.8291511062532337E-4
<1296,registrar0-1,roster2-8,read> 1.1782504817739602E-4
<1297,registrar0-1,roster2-7,read> 1.1655612237247903E-4
<1298,admissions4-0,stu3-7application3-7,setStatus> 1.3404062142816978E-4
<1299,admissions2-0,stu3-14application3-14,read> 9.464793865378024E-5
<1300,stu4-16,gradebook4-5,readMyScores> 2.0196369546421786E-4
<1301,admissions2-1,application0-0,setStatus> 5.623765531127925E-5
<1302,admissions0-0,stu0-4application0-4,read> 1.2221398119122932E-4
<1303,admissions0-0,stu1-6application1-6,setStatus> 2.7757658204386094E-5
<1304,chair2,transcript2-0,read> 0.00111246225579892
<1305,admissions2-1,application0-2,setStatus> 5.400082447357507E-5
<1306,admissions2-0,stu2-19application2-19,setStatus> 1.0709228999220149E-4
<1307,admissions2-1,application0-3,read> 4.8701772219053866E-5
<1308,admissions2-1,application0-1,setStatus> 5.444819064111591E-5
<1309,admissions2-1,application0-4,read> 4.830808999161793E-5
<1310,chair2,transcript2-2,read> 9.173003981226609E-4
<1311,admissions2-1,application0-4,setStatus> 5.489555680865675E-5
<1312,admissions2-1,application0-3,setStatus> 5.5342922976197586E-5
<1313,admissions4-1,stu4-0application4-0,read> 4.905551566979339E-5
<1314,registrar0-1,transcript4-19,read> 3.053403625894311E-4
<1315,stu4-9,gradebook4-1,addScore> 2.708752087619665E-4
<1316,stu3-9,gradebook3-3,addScore> 1.3495627613622672E-4
<1317,admissions2-0,stu0-5application0-5,setStatus> 1.491511933086856E-4
<1318,admissions4-1,stu4-14application4-14,setStatus> 1.4731603492368714E-4
<1319,stu2-14,stu2-14application2-14,checkStatus> 5.425665840872986E-4
<1320,admissions2-1,stu2-11application2-11,read> 5.3819641175721025E-5
<1321,fac3-4,roster3-9,read> 0.0014920821088538754
<1322,registrar2-1,transcript3-8,read> 5.98648809728164E-5
<1323,admissions4-1,application1-4,read> 1.1863548717615885E-5
<1324,registrar0-1,roster5-2,read> 1.127493449577281E-4
<1325,admissions2-0,stu1-15application1-15,read> 1.1335721784335468E-4
<1326,stu4-19,gradebook4-7,readMyScores> 5.209509660829919E-5
<1327,stu4-19,gradebook4-9,readMyScores> 7.49031579199035E-5
<1328,admissions4-0,stu1-7application1-7,read> 2.5299415075294004E-5
<1329,admissions0-0,stu0-2application0-2,setStatus> 9.146114165948088E-6
<1330,admissions2-1,stu0-12application0-12,read> 3.964708098802734E-5
<1331,admissions0-0,stu2-18application2-18,setStatus> 1.651546450763843E-4
<1332,admissions4-0,stu3-3application3-3,setStatus> 1.7317543573652463E-4
<1333,registrar4-1,transcript2-19,read> 3.4997658585685554E-4
<1334,registrar4-0,transcript1-1,read> 2.6135293801696376E-4
<1335,registrar4-0,transcript5-2,read> 2.9108498342259086E-4
<1336,registrar2-0,transcript2-10,read> 2.877324811834378E-4
<1337,admissions4-1,stu3-3application3-3,read> 1.5360626721313682E-4
<1338,admissions0-1,stu4-12application4-12,read> 1.563661861136552E-4
<1339,admissions2-0,stu2-11application2-11,read> 5.560248643205961E-5
<1340,registrar2-1,transcript3-19,read> 2.985983298977653E-4
<1341,stu4-18,gradebook4-1,readMyScores> 9.780281338329167E-5
<1342,admissions2-1,stu2-12application2-12,read> 4.161549212520702E-5
<1343,registrar2-0,transcript1-1,read> 2.287475032546135E-4
<1344,stu4-18,gradebook4-7,readMyScores> 5.1707772469947516E-5
<1345,registrar2-1,roster4-3,read> 1.2063695046860903E-4
<1346,admissions0-0,stu3-10application3-10,setStatus> 5.56749742620431E-5
<1347,admissions0-1,application5-0,setStatus> 2.049661431650757E-4
<1348,admissions2-1,stu3-13application3-13,read> 9.35815461467505E-5
<1349,registrar2-1,roster4-4,read> 9.275296833782303E-5
<1350,fac4-3,gradebook4-6,addScore> 3.605335010674018E-4
<1351,stu5-8,transcript5-8,read> 0.0012331845348548286
<1352,admissions2-1,stu1-2application1-2,setStatus> 1.3989512864141557E-4
<1353,registrar2-1,roster4-5,read> 9.142515966492845E-5
<1354,registrar2-1,roster4-6,read> 9.673639435650674E-5
<1355,registrar0-1,roster0-8,write> 1.272194250172076E-4
<1356,registrar2-1,roster4-2,read> 1.1997304613216178E-4
<1357,registrar0-1,roster0-9,write> 1.2814228014805632E-4
<1358,registrar0-1,roster0-6,write> 1.1983658397041786E-4
<1359,registrar0-1,roster4-5,write> 6.354242098864608E-5
<1360,registrar0-0,transcript0-2,read> 1.4614625282935074E-4
<1361,registrar4-1,transcript5-9,read> 3.0065693756834E-4
<1362,stu2-16,stu2-16application2-16,checkStatus> 0.0010217054916139892
<1363,registrar0-1,roster0-7,write> 1.193751564049935E-4
<1364,registrar0-1,roster0-4,write> 1.1891372883956915E-4
<1365,admissions2-1,stu0-18application0-18,setStatus> 1.7523705587714158E-4
<1366,registrar0-1,roster0-5,write> 1.1845230127414479E-4
<1367,admissions4-0,stu0-7application0-7,read> 8.843691549277316E-5
<1368,registrar0-1,roster0-2,write> 1.1752944614329606E-4
<1369,registrar0-1,transcript4-8,read> 1.6795281164588523E-4
<1370,admissions0-0,stu5-3application5-3,read> 1.4003727159980406E-4
<1371,registrar0-1,roster0-3,write> 1.1660659101244736E-4
<1372,fac3-3,gradebook3-7,assignGrade> 1.4450512720271444E-4
<1373,admissions4-1,stu1-7application1-7,read> 2.5500603266747635E-5
<1374,registrar0-1,roster0-1,write> 1.1568373588159864E-4
<1375,admissions2-0,stu0-0application0-0,read> 9.830844979956654E-5
<1376,admissions0-0,stu3-7application3-7,setStatus> 1.5749106811938042E-4
<1377,admissions2-1,application4-3,setStatus> 1.2826360828535382E-4
<1378,registrar2-0,roster4-7,read> 9.432452754961646E-5
<1379,admissions0-1,application5-1,read> 1.8085028638269884E-4
<1380,registrar2-0,roster4-6,read> 9.630740812876169E-5
<1381,registrar2-0,roster4-8,read> 8.705396542608397E-5
<1382,registrar4-0,transcript4-8,read> 1.9990671084533438E-4
<1383,registrar2-0,roster4-4,read> 9.234164697047124E-5
<1384,registrar2-0,roster4-5,read> 9.101972658437444E-5
<1385,registrar2-0,roster4-3,read> 1.2010197507850433E-4
<1386,admissions0-1,stu4-16application4-16,setStatus> 1.6405020020210175E-4
<1387,admissions0-1,application3-2,read> 1.1988007590880589E-4
<1388,admissions0-1,stu3-10application3-10,setStatus> 5.5486564873677466E-5
<1389,admissions0-1,stu4-10application4-10,setStatus> 3.2028090908239065E-5
<1390,stu0-9,stu0-9application0-9,checkStatus> 0.001091579915628298
<1391,registrar2-0,roster4-1,read> 1.187800546924075E-4
<1392,admissions2-1,stu0-15application0-15,setStatus> 1.054479337407712E-4
<1393,registrar4-0,roster1-1,write> 1.475790687851244E-4
<1394,admissions0-1,stu3-7application3-7,setStatus> 1.569581034218529E-4
<1395,stu4-5,gradebook4-3,readMyScores> 9.582997531673649E-5
<1396,admissions2-0,stu2-6application2-6,read> 1.1376394130399761E-4
<1397,registrar4-1,transcript3-19,read> 3.4494396868455814E-4
<1398,admissions0-1,stu1-3application1-3,setStatus> 1.5095709845395006E-4
<1399,registrar2-1,roster2-8,read> 1.232925678143982E-4
<1400,registrar0-0,roster4-9,read> 8.203959852722602E-5
<1401,stu1-6,gradebook1-2,addScore> 1.265604177171765E-4
<1402,registrar0-0,transcript1-0,read> 2.2226917583896249E-4
<1403,registrar4-1,transcript2-10,read> 3.338722109055036E-4
<1404,admissions4-1,stu3-1application3-1,setStatus> 1.510727992622909E-4
<1405,registrar0-1,roster4-1,write> 8.292237873646914E-5
<1406,stu4-7,gradebook4-7,readMyScores> 1.0786977253093921E-4
<1407,admissions4-1,stu4-4application4-4,read> 1.135215917202344E-4
<1408,admissions0-0,stu3-9application3-9,read> 7.886003154875019E-5
<1409,registrar4-0,transcript4-1,read> 2.0882632446702254E-4
<1410,admissions0-0,stu5-18application5-18,read> 1.0968950685006867E-4
<1411,registrar4-0,transcript4-9,read> 2.0188884720570953E-4
<1412,stu2-13,stu2-13application2-13,checkStatus> 0.0010117234310405164
<1413,registrar0-0,transcript2-15,read> 2.824983017366773E-4
<1414,registrar2-1,transcript0-2,read> 1.5222161668830756E-4
<1415,admissions0-0,stu4-15application4-15,setStatus> 1.297790264445003E-5
<1416,admissions0-0,stu5-10application5-10,setStatus> 1.9635635125847154E-4
<1417,registrar4-0,transcript4-6,read> 2.068441881066474E-4
<1418,stu2-4,transcript2-4,read> 8.011499139964708E-4
<1419,stu2-5,gradebook2-7,readMyScores> 2.6120986454707384E-4
<1420,stu1-12,stu1-12application1-12,checkStatus> 0.0011814184607895528
<1421,registrar4-0,roster5-5,read> 1.1607634967110334E-4
<1422,registrar4-0,transcript4-5,read> 2.058531199264598E-4
<1423,admissions2-0,stu5-13application5-13,read> 1.5199594660443238E-4
<1424,registrar4-0,transcript4-4,read> 2.0486205174627224E-4
<1425,admissions4-0,stu3-1application3-1,setStatus> 1.4988090341012294E-4
<1426,registrar4-0,roster4-2,write> 9.924801074912152E-5
<1427,registrar4-1,transcript4-2,read> 2.1308939877036346E-4
<1428,registrar0-0,transcript4-10,read> 2.8333481737414547E-4
<1429,admissions4-0,stu2-16application2-16,read> 8.39270940343818E-5
<1430,fac1-3,gradebook1-7,assignGrade> 2.532615992437817E-4
<1431,admissions0-1,stu4-16application4-16,read> 1.4436417617784953E-4
<1432,admissions0-0,stu1-3application1-3,setStatus> 1.5146968622459166E-4
<1433,registrar2-1,transcript1-4,read> 2.689744712720417E-4
<1434,registrar4-0,transcript2-18,read> 3.4262052879234446E-4
<1435,registrar2-0,roster3-2,read> 1.0489989063839096E-4
<1436,admissions2-1,stu2-6application2-6,read> 1.1011619969905983E-4
<1437,registrar0-0,roster0-7,write> 1.19929101446316E-4
<1438,admissions0-0,stu1-14application1-14,setStatus> 1.859557825311091E-4
<1439,registrar0-0,roster0-8,write> 1.2780977037691625E-4
<1440,admissions0-1,stu3-9application3-9,read> 7.85931617296343E-5
<1441,stu5-4,stu5-4application5-4,checkStatus> 6.224230686750804E-4
<1442,chair2,transcript2-12,read> 0.0015884667867166252
<1443,admissions0-0,stu4-4application4-4,read> 1.323299027744744E-4
<1444,registrar4-1,transcript4-0,read> 2.110763519014445E-4
<1445,registrar2-0,transcript1-0,read> 2.3048235554663777E-4
<1446,registrar4-1,transcript4-1,read> 2.12082875335904E-4
<1447,registrar4-1,transcript1-14,read> 3.896084460886984E-5
<1448,registrar2-0,roster2-6,read> 1.2076293527155276E-4
<1449,registrar0-0,roster0-1,write> 1.1622055136132764E-4
<1450,fac5-0,gradebook5-1,assignGrade> 1.6522064568672725E-4
<1451,admissions0-1,stu2-18application2-18,setStatus> 1.645957461082747E-4
<1452,registrar4-1,transcript4-3,read> 2.0705025816360648E-4
<1453,registrar0-0,roster0-2,write> 1.1807482640382182E-4
<1454,registrar0-0,roster0-3,write> 1.1714768888257473E-4
<1455,registrar0-0,roster0-4,write> 1.1946553268569244E-4
<1456,registrar0-0,roster0-5,write> 1.1900196392506891E-4
<1457,admissions0-1,stu5-18application5-18,read> 1.0931830716529687E-4
<1458,registrar4-1,transcript4-9,read> 2.0503721129468746E-4
<1459,registrar4-1,transcript0-17,read> 3.217939296919896E-4
<1460,registrar4-0,transcript5-6,read> 2.9504925614334116E-4
<1461,admissions4-1,stu5-2application5-2,read> 1.1765403249269859E-4
<1462,registrar4-1,transcript4-8,read> 2.0302416442576846E-4
<1463,admissions2-1,stu0-0application0-0,read> 9.515627505649426E-5
<1464,registrar4-1,transcript4-4,read> 2.0805678159806595E-4
<1465,admissions0-1,stu1-1application1-1,read> 1.8853157274161447E-4
<1466,admissions2-0,stu2-16application2-16,setStatus> 9.461327472247544E-5
<1467,stu4-3,transcript4-3,read> 8.464106838006796E-4
<1468,admissions4-1,stu1-2application1-2,read> 1.2922486665559827E-4
<1469,registrar4-1,transcript4-7,read> 2.0201764099130897E-4
<1470,admissions0-1,stu4-15application4-15,setStatus> 1.293398419218455E-5
<1471,admissions2-1,stu1-1application1-1,read> 1.5460229139932052E-4
<1472,admissions0-1,stu2-7application2-7,setStatus> 1.0076687508603532E-4
<1473,admissions4-0,stu2-11application2-11,setStatus> 6.369113380243666E-5
<1474,stu3-10,stu3-10application3-10,checkStatus> 5.07629372080144E-4
<1475,stu3-15,gradebook3-6,addScore> 9.979138040728948E-5
<1476,admissions0-0,application5-3,setStatus> 2.0839911504804909E-4
<1477,registrar2-0,transcript4-12,read> 3.128878394177894E-4
<1478,admissions2-1,stu0-0application0-0,setStatus> 1.0813213074601621E-4
<1479,stu3-9,stu3-9application3-9,checkStatus> 8.170732498577984E-4
<1480,registrar2-1,roster4-8,read> 8.744173364624473E-5
<1481,registrar2-1,roster4-7,read> 9.474468134716487E-5
<1482,admissions0-0,stu4-0application4-0,read> 5.7183056727510647E-5
<1483,registrar2-1,transcript3-7,read> 6.857778056861746E-5
<1484,registrar0-1,transcript1-18,read> 2.8899957054538815E-5
<1485,registrar2-1,transcript3-9,read> 5.89935910132363E-5
<1486,admissions0-0,stu0-1application0-1,setStatus> 1.680969112295197E-5
<1487,admissions2-0,stu2-11application2-11,setStatus> 6.318464367279502E-5
<1488,fac4-0,gradebook4-1,readScore> 7.738202558215479E-5
<1489,registrar2-1,transcript3-3,read> 6.422133077071694E-5
<1490,admissions4-0,stu0-11application0-11,read> 1.3763496776613354E-4
<1491,registrar2-1,transcript3-4,read> 6.770649060903736E-5
<1492,admissions2-0,stu1-16application1-16,read> 9.017398058670806E-5
<1493,admissions2-0,application2-2,setStatus> 4.8394699649415997E-5
<1494,admissions2-1,application4-0,setStatus> 1.2065838343715961E-4
<1495,registrar2-1,transcript3-5,read> 6.683520064945725E-5
<1496,registrar4-0,roster5-7,read> 1.2060738636197863E-4
<1497,admissions4-0,stu2-10application2-10,setStatus> 1.1307554233440827E-4
<1498,registrar2-1,transcript3-6,read> 6.944907052819756E-5
<1499,admissions2-0,stu1-14application1-14,setStatus> 1.5700835107110566E-4
<1500,stu5-6,transcript5-6,read> 0.001224955303981336
<1501,fac3-3,gradebook3-7,readScore> 3.04364692690003E-5
<1502,fac3-3,gradebook3-6,readScore> 3.076275636615691E-5
<1503,registrar4-1,roster5-8,read> 1.209543045924799E-4
<1504,registrar4-1,roster5-9,read> 1.2478905136952022E-4
<1505,stu5-10,gradebook5-4,addScore> 1.050051411936614E-4
<1506,admissions4-0,stu0-12application0-12,read> 4.1288782064136136E-5
<1507,stu0-0,transcript0-0,read> 7.353160670085304E-4
<1508,registrar0-0,roster2-9,write> 8.655215068142083E-5
<1509,registrar0-0,roster2-8,write> 8.608858192079727E-5
<1510,registrar0-0,roster2-7,write> 8.516144439955019E-5
<1511,registrar0-0,roster2-6,write> 8.469787563892666E-5
<1512,admissions0-1,stu3-14application3-14,read> 1.1171870915245803E-4
<1513,registrar0-0,roster2-5,write> 6.244657512899654E-5
<1514,registrar0-1,transcript5-14,read> 2.1406090639436313E-5
<1515,admissions2-1,application5-4,read> 1.5105915135239708E-4
<1516,registrar2-1,transcript3-0,read> 6.335004081113684E-5
<1517,registrar0-1,transcript5-10,read> 2.640200158283798E-5
<1518,registrar0-0,roster2-4,write> 6.291014388962011E-5
<1519,registrar0-0,roster2-3,write> 6.0592300086502385E-5
<1520,admissions2-0,stu5-19application5-19,read> 2.55049503444833E-5
<1521,fac4-1,gradebook4-3,assignGrade> 3.8445988297586297E-4
<1522,registrar2-1,transcript3-2,read> 6.596391068987715E-5
<1523,registrar0-0,roster2-2,write> 6.1983006368373E-5
<1524,admissions4-1,stu5-19application5-19,read> 2.5913847343994057E-5
<1525,admissions0-1,stu0-19application0-19,read> 9.491589524233004E-5
<1526,registrar4-1,roster1-4,read> 2.0071703755491845E-4
<1527,stu0-17,gradebook0-7,readScore> 3.74392235840888E-5
<1528,admissions0-1,stu0-13application0-13,read> 1.582865077033841E-4
<1529,registrar2-1,transcript3-1,read> 6.247875085155672E-5
<1530,registrar0-0,roster3-1,read> 1.0243662399466194E-4
<1531,registrar0-0,roster2-1,write> 6.708226273523199E-5
<1532,admissions2-1,stu0-9application0-9,setStatus> 9.784270889257698E-5
<1533,registrar2-0,transcript3-8,read> 5.959940478224958E-5
<1534,registrar2-0,transcript3-9,read> 5.873197863623746E-5
<1535,chair0,transcript0-2,read> 8.31619582557474E-4
<1536,admissions4-1,stu2-18application2-18,read> 1.2467918180588766E-4
<1537,registrar2-0,transcript3-6,read> 6.914109238838294E-5
<1538,registrar2-0,transcript3-7,read> 6.827366624237082E-5
<1539,stu1-10,gradebook1-4,readMyScores> 6.115571610661456E-5
<1540,stu4-9,gradebook4-8,readMyScores> 1.2882760476407557E-4
<1541,registrar2-0,transcript3-4,read> 6.740624009635869E-5
<1542,fac3-4,gradebook3-9,readScore> 1.0652112316508339E-4
<1543,admissions4-0,stu5-11application5-11,read> 8.720696418593916E-5
<1544,fac3-4,gradebook3-8,readScore> 4.78387200180421E-5
<1545,registrar2-0,transcript3-2,read> 6.567138780433445E-5
<1546,registrar2-0,transcript3-3,read> 6.39365355123102E-5
<1547,admissions4-1,stu0-11application0-11,read> 1.387294804322658E-4
<1548,admissions2-1,stu3-1application3-1,read> 1.2665085325136912E-4
<1549,admissions4-0,stu5-2application5-2,setStatus> 1.326429494885857E-4
<1550,fac2-1,gradebook2-3,readScore> 1.502459062897091E-4
<1551,fac2-1,gradebook2-2,readScore> 4.594856226756368E-4
<1552,admissions0-0,stu3-14application3-14,read> 1.1209805960798421E-4
<1553,stu3-12,transcript3-12,read> 0.0014512591530023806
<1554,registrar2-0,transcript3-1,read> 6.220168322028595E-5
<1555,registrar2-0,transcript3-0,read> 6.306910936629808E-5
<1556,stu4-10,gradebook4-4,readMyScores> 5.2515976250540675E-5
<1557,stu4-10,gradebook4-3,readMyScores> 4.518954799339684E-5
<1558,stu2-0,gradebook2-7,readMyScores> 2.528006938574296E-4
<1559,admissions2-1,stu3-4application3-4,read> 3.885971653315547E-5
<1560,registrar0-1,transcript1-11,read> 3.389586799794049E-5
<1561,registrar4-1,roster3-4,read> 1.2402210201411216E-4
<1562,admissions4-1,stu1-16application1-16,read> 9.161965562617433E-5
<1563,admissions4-0,stu0-19application0-19,read> 8.10572076517691E-5
<1564,fac3-1,gradebook3-3,readScore> 2.850655376631876E-5
<1565,registrar0-0,transcript2-11,read> 2.7831572354933596E-4
<1566,registrar0-0,roster3-7,write> 7.820791299019704E-5
<1567,fac3-1,gradebook3-2,readScore> 4.0045618183779625E-5
<1568,registrar4-0,roster5-6,read> 1.1456600410747826E-4
<1569,admissions4-1,stu1-11application1-11,read> 1.300513548100911E-4
<1570,admissions4-0,stu4-5application4-5,setStatus> 7.207716543994125E-5
<1571,admissions0-0,application0-4,read> 5.910989893384305E-5
<1572,registrar4-0,roster5-3,read> 1.1230048576204064E-4
<1573,registrar4-0,roster5-2,read> 1.342004964346044E-4
<1574,registrar4-0,roster5-1,read> 1.3344532365279187E-4
<1575,admissions0-0,stu2-18application2-18,read> 1.4533608766721816E-4
<1576,registrar2-1,transcript5-4,read> 2.5764770179750033E-4
<1577,admissions2-1,stu2-3application2-3,read> 5.027650112879761E-5
<1578,admissions0-0,stu3-2application3-2,setStatus> 5.4580177553899686E-5
<1579,admissions4-0,stu5-16application5-16,read> 1.068861850952833E-4
<1580,admissions4-1,stu0-19application0-19,read> 8.170179777226032E-5
<1581,registrar4-0,roster5-8,read> 1.1909704079835355E-4
<1582,fac3-2,gradebook3-5,readScore> 3.788862825863834E-5
<1583,registrar4-0,roster5-9,read> 1.2287290470741624E-4
<1584,admissions4-0,application3-2,setStatus> 1.1633677686010449E-4
<1585,registrar4-0,roster0-4,read> 1.946143189796081E-4
<1586,fac2-2,gradebook2-4,readScore> 4.806137793364798E-4
<1587,registrar2-0,transcript4-0,read> 1.8190649136995887E-4
<1588,fac3-2,gradebook3-4,readScore> 2.2680477823747325E-5
<1589,registrar2-0,transcript0-8,read> 9.7766155206783E-5
<1590,admissions2-1,application4-3,read> 1.1287197529111136E-4
<1591,registrar4-1,roster5-5,read> 1.1788650717084767E-4
<1592,registrar2-0,transcript4-19,read> 3.180923962938621E-4
<1593,registrar0-1,roster2-7,write> 8.476808899816657E-5
<1594,registrar4-1,roster5-4,read> 1.1328481103839929E-4
<1595,admissions0-0,stu3-1application3-1,read> 1.5497029869888018E-4
<1596,registrar0-1,roster2-6,write> 8.430666143274224E-5
<1597,registrar4-1,roster5-7,read> 1.2248820330329602E-4
<1598,fac2-0,gradebook2-1,assignGrade> 6.399512776120211E-4
<1599,admissions0-1,stu2-6application2-6,setStatus> 1.5259373617246903E-4
<1600,admissions2-1,application4-4,setStatus> 1.27816242117813E-4
<1601,registrar0-1,roster2-9,write> 8.615237169443967E-5
<1602,registrar4-1,roster5-6,read> 1.1635260846003155E-4
<1603,registrar0-1,roster2-8,write> 8.569094412901528E-5
<1604,registrar4-1,roster5-1,read> 1.355263423452331E-4
<1605,stu4-14,gradebook4-3,readMyScores> 4.624455689596642E-5
<1606,registrar4-1,roster5-3,read> 1.1405176039380735E-4
<1607,registrar4-1,roster5-2,read> 1.3629329170064113E-4
<1608,registrar2-1,roster0-7,read> 1.7175758437505012E-4
<1609,registrar2-0,roster0-9,write> 1.3349392989901921E-4
<1610,admissions4-1,stu3-12application3-12,read> 5.814688536921457E-5
<1611,stu5-8,gradebook5-3,addScore> 1.486216144774999E-4
<1612,registrar0-1,roster2-1,write> 6.67724139466166E-5
<1613,admissions4-0,stu5-19application5-19,read> 2.5709398844238676E-5
<1614,registrar0-1,transcript3-12,read> 2.9368323705482725E-4
<1615,registrar0-1,roster2-3,write> 6.031242803067558E-5
<1616,registrar0-1,roster2-2,write> 6.169671072694863E-5
<1617,registrar0-1,roster2-5,write> 6.2158138292373E-5
<1618,stu0-0,stu0-0application0-0,checkStatus> 0.0012063736122232345
<1619,registrar0-1,roster2-4,write> 6.261956585779738E-5
<1620,registrar0-0,transcript3-16,read> 2.916999737488281E-4
<1621,admissions0-0,stu3-19application3-19,setStatus> 1.65702043430456E-4
<1622,admissions4-0,stu1-13application1-13,read> 9.868650971638992E-5
<1623,fac1-0,gradebook1-1,readScore> 1.873052515741889E-4
<1624,registrar4-0,transcript4-17,read> 3.6145082421590834E-4
<1625,admissions2-0,stu2-3application2-3,read> 5.19419752862733E-5
<1626,stu4-14,gradebook4-5,readMyScores> 2.0508282589609767E-4
<1627,admissions4-0,stu1-16application1-16,read> 9.089681810644119E-5
<1628,admissions4-0,stu4-17application4-17,setStatus> 8.09290877239739E-5
<1629,admissions4-1,stu0-11application0-11,setStatus> 1.5764713685484754E-4
<1630,app0-0,application0-0,checkStatus> 6.274140989618167E-4
<1631,stu4-13,gradebook4-8,readMyScores> 5.7639445268775344E-5
<1632,admissions4-1,stu2-4application2-4,setStatus> 2.9917149342318722E-5
<1633,admissions0-0,stu2-14application2-14,setStatus> 5.950676274054504E-5
<1634,admissions4-0,stu1-4application1-4,setStatus> 1.810955767275012E-4
<1635,stu3-2,stu3-2application3-2,checkStatus> 4.976473115066713E-4
<1636,registrar4-0,transcript3-8,read> 6.80946428803876E-5
<1637,registrar4-1,roster4-4,write> 7.792670268737076E-5
<1638,registrar2-0,roster3-7,write> 8.109781277736367E-5
<1639,registrar2-1,transcript1-11,read> 3.5468762104573466E-5
<1640,admissions2-0,stu2-10application2-10,read> 9.871517326020946E-5
<1641,fac0-4,gradebook0-9,readScore> 2.584845726056745E-5
<1642,stu4-15,gradebook4-6,readMyScores> 5.558599637570017E-5
<1643,registrar2-0,transcript3-13,read> 3.050810041036803E-4
<1644,fac0-4,gradebook0-8,readScore> 6.0536311609131007E-5
<1645,stu4-15,gradebook4-1,readMyScores> 9.707020803959661E-5
<1646,registrar0-1,transcript4-16,read> 3.045077107655309E-4
<1647,registrar2-0,roster0-7,write> 1.243606617768958E-4
<1648,admissions2-0,stu3-4application3-4,read> 4.014699492762853E-5
<1649,registrar2-1,transcript4-8,read> 1.7574644559697038E-4
<1650,stu4-14,gradebook4-7,readMyScores> 5.0933124193244185E-5
<1651,admissions4-1,stu4-17application4-17,setStatus> 8.157265899812081E-5
<1652,admissions2-1,stu1-11application1-11,read> 1.2389507765931757E-4
<1653,admissions0-0,stu1-9application1-9,read> 1.4629950877038437E-4
<1654,admissions2-1,stu4-5application4-5,setStatus> 6.921127416996348E-5
<1655,admissions2-1,stu2-10application2-10,read> 9.554995728393019E-5
<1656,fac1-2,gradebook1-4,readScore> 1.7239125863712326E-4
<1657,fac1-2,gradebook1-5,readScore> 7.107432048845413E-5
<1658,stu4-12,gradebook4-2,readMyScores> 3.737377970763932E-5
<1659,registrar0-0,transcript4-15,read> 3.0257467703591556E-4
<1660,stu4-10,stu4-10application4-10,checkStatus> 2.930150697504805E-4
<1661,stu4-12,gradebook4-3,readMyScores> 4.4486208725017116E-5
<1662,registrar0-1,roster3-9,read> 1.0830810464051864E-4
<1663,stu4-11,gradebook4-3,readMyScores> 4.483787835920698E-5
<1664,stu4-11,gradebook4-6,readMyScores> 5.348841160680583E-5
<1665,admissions2-0,stu4-5application4-5,setStatus> 7.150398718594572E-5
<1666,registrar4-1,roster0-8,read> 2.1145432853063133E-4
<1667,fac1-1,gradebook1-3,readScore> 1.1205768514289351E-4
<1668,registrar2-0,roster3-9,read> 1.1283141295497184E-4
<1669,admissions0-0,stu4-12application4-12,setStatus> 1.7829220557410524E-4
<1670,registrar2-0,roster4-4,write> 6.715756143307E-5
<1671,stu5-13,gradebook5-3,addScore> 6.085911453999558E-5
<1672,fac1-1,gradebook1-2,readScore> 2.9129774070017843E-5
<1673,admissions4-0,stu4-11application4-11,read> 1.454246593760823E-4
<1674,admissions0-1,application4-0,read> 1.2948168385745043E-4
<1675,admissions0-1,stu3-19application3-19,setStatus> 1.6514129201444772E-4
<1676,stu4-13,gradebook4-1,readMyScores> 9.194197063373111E-5
<1677,stu4-13,gradebook4-2,readMyScores> 3.707833480876469E-5
<1678,stu4-12,gradebook4-6,readMyScores> 5.3068894653026955E-5
<1679,admissions2-1,stu5-19application5-19,read> 2.4687156345461797E-5
<1680,admissions4-1,stu0-12application0-12,read> 4.161712227935789E-5
<1681,admissions0-0,stu3-0application3-0,read> 7.211608382658678E-5
<1682,admissions0-1,stu2-14application2-14,setStatus> 5.930538621688839E-5
<1683,registrar2-0,roster0-2,read> 1.6835206917103807E-4
<1684,admissions4-0,stu2-4application2-4,setStatus> 2.9681116605890165E-5
<1685,admissions4-1,stu5-0application5-0,setStatus> 1.1444434696090397E-4
<1686,admissions0-0,stu5-17application5-17,setStatus> 1.37784727372799E-4
<1687,admissions4-0,stu1-2application1-2,read> 1.2820534108040616E-4
<1688,admissions4-0,stu5-0application5-0,setStatus> 1.1354143298093629E-4
<1689,stu4-3,gradebook4-3,addScore> 3.252923664307525E-4
<1690,registrar4-0,roster4-1,write> 9.869879418053055E-5
<1691,registrar4-0,roster4-4,write> 7.67301314368929E-5
<1692,registrar4-0,roster4-3,write> 9.979722731771243E-5
<1693,admissions4-1,stu5-15application5-15,setStatus> 3.790027356185177E-5
<1694,admissions0-0,stu5-19application5-19,setStatus> 3.4326438453246566E-5
<1695,registrar4-0,roster4-6,write> 8.002543084843854E-5
<1696,registrar4-0,transcript2-0,read> 2.3162089261133663E-4
<1697,registrar4-0,roster0-5,read> 1.9385914619779554E-4
<1698,registrar4-0,roster4-5,write> 7.5631698299711E-5
<1699,registrar4-0,roster4-8,write> 7.233639888816536E-5
<1700,registrar4-0,roster4-7,write> 7.837778114266571E-5
<1701,registrar0-0,transcript3-11,read> 2.9588255193616943E-4
<1702,registrar4-0,roster4-9,write> 7.068874918239251E-5
<1703,fac3-3,gradebook3-7,addScore> 8.261327373014368E-5
<1704,admissions4-0,stu0-15application0-15,setStatus> 1.0981430780871202E-4
<1705,fac1-4,gradebook1-9,readScore> 1.6493426216859048E-4
<1706,admissions4-0,stu2-1application2-1,read> 9.212676941327519E-5
<1707,registrar4-1,transcript5-3,read> 2.9461779696158305E-4
<1708,stu0-2,gradebook0-6,readMyScores> 2.3890447021338657E-5
<1709,stu2-10,gradebook2-3,addScore> 4.685199435617605E-4
<1710,registrar0-0,roster3-3,write> 7.635363794770286E-5
<1711,admissions0-0,application5-2,setStatus> 2.0730431833990568E-4
<1712,app3-2,application3-2,checkStatus> 0.0012463018545171255
<1713,fac1-4,gradebook1-8,readScore> 9.233816746429673E-5
<1714,admissions0-1,stu3-17application3-17,setStatus> 1.5477591979716097E-4
<1715,stu5-5,stu5-5application5-5,checkStatus> 8.769656132986347E-4
<1716,fac0-1,gradebook0-2,readScore> 2.6323123555781277E-5
<1717,stu5-7,gradebook5-5,readMyScores> 3.805879193915666E-5
<1718,fac0-1,gradebook0-3,readScore> 2.8087585997880195E-5
<1719,registrar2-0,roster4-6,write> 7.004175136637213E-5
<1720,registrar2-0,transcript0-19,read> 2.7558851513926816E-4
<1721,registrar2-0,roster4-5,write> 6.619616478863596E-5
<1722,registrar2-0,roster4-8,write> 6.33119748553338E-5
<1723,fac2-4,gradebook2-8,assignGrade> 6.554879164750307E-4
<1724,stu3-16,gradebook3-7,readScore> 3.6587393372143216E-5
<1725,registrar2-0,roster4-7,write> 6.859965639972106E-5
<1726,admissions4-1,stu1-6application1-6,read> 2.0954918417037055E-5
<1727,stu4-9,transcript4-9,read> 8.381814529271871E-4
<1728,registrar2-0,roster4-9,write> 6.186987988868273E-5
<1729,registrar4-1,roster3-5,write> 9.298679912083815E-5
<1730,fac3-2,gradebook3-5,addScore> 1.0284056241630406E-4
<1731,stu2-16,gradebook2-3,readScore> 1.5899809500561442E-4
<1732,admissions0-0,stu2-6application2-6,read> 1.3473845553238994E-4
<1733,admissions4-0,application5-1,setStatus> 1.7550488896916482E-4
<1734,admissions0-0,stu2-4application2-4,setStatus> 3.487383680731827E-5
<1735,admissions2-1,stu2-5application2-5,setStatus> 1.2110574960470047E-4
<1736,admissions2-1,stu0-4application0-4,read> 9.988046178572548E-5
<1737,registrar0-1,transcript0-2,read> 1.4547121240057775E-4
<1738,registrar0-1,roster3-4,write> 7.461668255883071E-5
<1739,registrar2-0,roster4-2,write> 8.686619264396796E-5
<1740,registrar2-0,roster4-1,write> 8.638549432175091E-5
<1741,fac3-2,gradebook3-4,addScore> 6.156129695017132E-5
<1742,registrar2-0,roster4-3,write> 8.734689096618497E-5
<1743,admissions4-1,stu0-15application0-15,setStatus> 1.1068758262230017E-4
<1744,chair5,transcript5-13,read> 1.271328767992704E-4
<1745,admissions2-1,application4-1,read> 1.1129724638136762E-4
<1746,registrar4-0,transcript4-13,read> 3.564954833149704E-4
<1747,admissions4-1,stu4-13application4-13,setStatus> 1.6797823878600803E-4
<1748,admissions2-0,stu5-2application5-2,read> 1.1579755860721223E-4
<1749,registrar0-1,transcript5-9,read> 2.4872003856421217E-4
<1750,fac1-3,gradebook1-7,readScore> 1.0454280775437183E-4
<1751,fac1-3,gradebook1-6,readScore> 1.7860542236090065E-4
<1752,admissions0-1,stu3-6application3-6,setStatus> 2.044205972589027E-4
<1753,admissions0-1,stu5-2application5-2,setStatus> 1.5532146570333398E-4
<1754,stu0-12,stu0-12application0-12,checkStatus> 5.026383417934077E-4
<1755,fac0-0,gradebook0-1,readScore> 2.7991182646778083E-5
<1756,admissions2-0,stu4-2application4-2,setStatus> 8.675611696005531E-5
<1757,admissions4-0,stu1-6application1-6,read> 2.078959361690264E-5
<1758,admissions4-1,stu0-18application0-18,setStatus> 1.8394448722507407E-4
<1759,admissions4-0,stu0-7application0-7,setStatus> 1.0049649487815132E-4
<1760,registrar4-0,roster3-4,write> 8.881289594589362E-5
<1761,fac3-1,gradebook3-2,addScore> 1.0869524935597329E-4
<1762,admissions0-0,application4-4,setStatus> 1.56396271411237E-4
<1763,admissions0-0,application4-3,setStatus> 1.569436697653087E-4
<1764,registrar0-0,roster3-8,read> 1.0817328740737832E-4
<1765,stu2-18,stu2-18application2-18,checkStatus> 0.001505835429427416
<1766,admissions0-0,application4-0,setStatus> 1.476378977460897E-4
<1767,registrar0-1,roster4-3,read> 1.1528719656756204E-4
<1768,registrar4-1,roster0-5,read> 1.9688229077787812E-4
<1769,admissions4-1,application5-3,setStatus> 1.7877893625949386E-4
<1770,admissions0-0,application4-1,setStatus> 1.547540763490219E-4
<1771,admissions0-1,stu2-4application2-4,setStatus> 3.4755820439104E-5
<1772,admissions2-0,stu0-4application0-4,read> 1.0318913132728163E-4
<1773,fac0-3,gradebook0-7,readScore> 2.4339920769797686E-5
<1774,registrar4-1,roster4-6,write> 8.127339078369684E-5
<1775,registrar4-1,roster4-3,write> 1.0135351936165338E-4
<1776,registrar4-1,roster4-2,write> 1.0079573801226572E-4
<1777,fac1-2,gradebook1-5,assignGrade> 2.446301332087764E-4
<1778,registrar2-1,transcript0-17,read> 2.785586608274228E-4
<1779,stu1-5,stu1-5application1-5,checkStatus> 0.0010716157944813528
<1780,admissions4-1,stu0-19application0-19,setStatus> 9.284295201393218E-5
<1781,registrar4-1,roster3-7,write> 9.410236181961352E-5
<1782,registrar4-1,roster4-1,write> 1.0023795666287802E-4
<1783,admissions0-1,application4-3,setStatus> 1.564125575156799E-4
<1784,admissions0-0,stu1-0application1-0,setStatus> 2.018303347991886E-4
<1785,fac3-0,gradebook3-1,addScore> 4.822023701873608E-5
<1786,admissions0-1,application4-0,setStatus> 1.4713827711073914E-4
<1787,admissions2-1,stu1-9application1-9,read> 1.1956457315752227E-4
<1788,registrar4-1,roster4-9,write> 7.179110784410624E-5
<1789,registrar2-0,transcript0-2,read> 1.515465762595346E-4
<1790,registrar4-0,transcript3-17,read> 3.4361159697253213E-4
<1791,admissions4-0,stu5-2application5-2,read> 1.167257955499554E-4
<1792,admissions0-1,application4-1,setStatus> 1.54230373890988E-4
<1793,registrar4-1,roster4-8,write> 7.34644518922693E-5
<1794,admissions0-1,application4-2,setStatus> 1.53139282078642E-4
<1795,admissions4-0,stu2-4application2-4,read> 2.6119382613183346E-5
<1796,admissions0-1,stu4-4application4-4,setStatus> 1.4986600664160406E-4
<1797,fac0-2,gradebook0-4,readScore> 2.80477547869369E-5
<1798,admissions2-0,stu2-0application2-0,setStatus> 9.230234596882245E-5
<1799,fac0-2,gradebook0-5,readScore> 1.2775942959727329E-5
<1800,registrar0-1,transcript2-9,read> 1.654548561741844E-4
<1801,admissions0-0,stu1-12application1-12,setStatus> 1.2957375206172343E-4
<1802,admissions4-1,stu1-8application1-8,setStatus> 1.2007949346880965E-4
<1803,admissions4-0,application0-0,setStatus> 5.856633669062828E-5
<1804,registrar4-0,transcript4-15,read> 3.5847761967534565E-4
<1805,admissions4-0,application0-1,setStatus> 5.670277410451615E-5
<1806,registrar0-0,roster5-1,read> 1.1263513672837991E-4
<1807,stu3-2,transcript3-2,read> 3.1151067702366513E-4
<1808,admissions4-1,stu2-4application2-4,read> 2.632709142124047E-5
<1809,admissions4-0,application0-4,setStatus> 5.716866475104418E-5
<1810,fac2-4,gradebook2-9,readScore> 1.695492904653782E-4
<1811,admissions4-0,application0-2,setStatus> 5.623688345798811E-5
<1812,fac2-4,gradebook2-8,readScore> 1.2569461609916285E-4
<1813,admissions4-0,application0-3,setStatus> 5.763455539757222E-5
<1814,admissions2-1,stu0-19application0-19,setStatus> 8.844801937421942E-5
<1815,admissions0-1,stu1-12application1-12,setStatus> 1.291352622070306E-4
<1816,admissions2-0,stu4-4application4-4,read> 1.1173032400078298E-4
<1817,admissions2-0,stu1-0application1-0,setStatus> 1.704117378422929E-4
<1818,fac3-0,gradebook3-1,readScore> 1.7765350480586973E-5
<1819,admissions2-0,stu3-5application3-5,setStatus> 1.0062168948197315E-4
<1820,admissions4-1,application0-0,setStatus> 5.9032072966498085E-5
<1821,fac1-4,gradebook1-9,addScore> 4.4767871160045995E-4
<1822,admissions4-1,application0-1,setStatus> 5.715369079719619E-5
<1823,admissions4-1,application0-3,setStatus> 5.809288188184714E-5
<1824,admissions2-0,application4-2,setStatus> 1.297393917780006E-4
<1825,registrar2-0,roster1-7,read> 1.79588392452861E-4
<1826,admissions4-1,application0-4,setStatus> 5.762328633952167E-5
<1827,admissions2-1,stu4-4application4-4,read> 1.0814778856188012E-4
<1828,registrar4-1,roster2-8,read> 1.4242888654390561E-4
<1829,admissions4-0,stu0-4application0-4,read> 1.0401629871267062E-4
<1830,admissions4-1,stu3-5application3-5,setStatus> 1.0223486286044166E-4
<1831,admissions2-0,stu0-10application0-10,read> 1.5850352197471917E-4
<1832,admissions0-1,stu0-18application0-18,setStatus> 2.1369487766384346E-4
<1833,stu3-12,stu3-12application3-12,checkStatus> 7.022795532628622E-4
<1834,fac2-2,gradebook2-5,readScore> 1.1735795901408243E-4
<1835,admissions4-1,stu4-15application4-15,read> 9.797328331383799E-6
<1836,stu2-0,gradebook2-2,readMyScores> 1.1427269635195827E-4
<1837,admissions0-0,stu4-8application4-8,read> 7.982345265191641E-5
<1838,stu1-9,gradebook1-7,readMyScores> 1.0605617789826123E-4
<1839,registrar2-1,transcript5-15,read> 2.152812275129177E-5
<1840,registrar4-1,transcript4-17,read> 3.670874842426671E-4
<1841,registrar0-1,transcript3-15,read> 2.911852815831264E-4
<1842,admissions0-1,stu5-4application5-4,read> 5.987002622977742E-5
<1843,fac3-4,gradebook3-8,addScore> 1.298479543346857E-4
<1844,admissions0-1,stu0-17application0-17,read> 1.7892996479296992E-4
<1845,registrar4-1,transcript1-2,read> 3.127352187818541E-4
<1846,fac2-3,gradebook2-6,readScore> 1.7414849055261657E-4
<1847,stu2-13,gradebook2-7,readScore> 2.523232854852797E-4
<1848,admissions0-1,stu0-1application0-1,setStatus> 1.6752805535395452E-5
<1849,registrar2-0,transcript3-16,read> 3.0247872566564396E-4
<1850,registrar2-0,transcript5-9,read> 2.591074183650378E-4
<1851,admissions4-0,stu4-15application4-15,read> 9.72003185539655E-6
<1852,registrar2-0,transcript0-18,read> 2.764559412852803E-4
<1853,admissions0-1,stu4-8application4-8,read> 7.955332252449874E-5
<1854,admissions4-1,application3-4,read> 1.0236400163458114E-4
<1855,admissions4-1,application3-2,read> 1.03190489789074E-4
<1856,admissions4-1,stu4-11application4-11,read> 1.465811178999478E-4
<1857,admissions0-1,stu3-0application3-0,setStatus> 8.167276836998081E-5
<1858,admissions0-1,stu4-18application4-18,setStatus> 1.0751800567492602E-5
<1859,admissions0-1,stu4-6application4-6,read> 5.6509463447751825E-5
<1860,admissions2-1,stu4-2application4-2,setStatus> 8.397435769881106E-5
<1861,admissions4-1,application3-1,read> 1.0112426940284193E-4
<1862,admissions0-1,application0-1,setStatus> 6.639748299713721E-5
<1863,fac1-4,gradebook1-8,addScore> 2.506321688316626E-4
<1864,admissions4-0,application3-1,read> 1.003264447921686E-4
<1865,registrar2-1,roster4-1,write> 8.67702849423378E-5
<1866,admissions4-0,application3-2,read> 1.0237636363689196E-4
<1867,admissions4-0,application3-3,read> 1.0196637986794728E-4
<1868,admissions4-0,application3-4,read> 1.015563960990026E-4
<1869,admissions0-0,stu0-11application0-11,read> 1.6171424642104357E-4
<1870,admissions4-1,stu3-2application3-2,read> 4.1203878202111474E-5
<1871,admissions0-0,stu4-6application4-6,read> 5.670134617592755E-5
<1872,admissions2-0,stu0-2application0-2,setStatus> 7.722353585123683E-6
<1873,admissions4-0,application3-0,read> 1.0073642856111328E-4
<1874,admissions4-0,stu1-0application1-0,read> 1.5116443214130767E-4
<1875,admissions4-0,stu3-2application3-2,read> 4.0878798295191463E-5
<1876,stu5-0,gradebook5-9,readMyScores> 2.2645013759940725E-5
<1877,stu3-9,transcript3-9,read> 2.78593753529695E-4
<1878,admissions4-0,stu0-3application0-3,read> 6.424787312503764E-5
<1879,admissions4-1,stu1-0application1-0,read> 1.5236653498139759E-4
<1880,admissions4-1,stu1-19application1-19,setStatus> 4.1657037900455565E-5
<1881,fac1-2,gradebook1-4,addScore> 4.679191305864775E-4
<1882,registrar2-0,roster1-9,read> 1.809103128389578E-4
<1883,fac1-2,gradebook1-5,addScore> 1.9291601275437553E-4
<1884,chair5,transcript5-17,read> 1.0333265025338515E-4
<1885,chair5,transcript5-18,read> 9.857260494420811E-5
<1886,registrar4-0,transcript4-19,read> 3.6343296057628346E-4
<1887,chair5,transcript5-15,read> 1.176127861809163E-4
<1888,registrar4-1,transcript5-5,read> 2.9663084383050204E-4
<1889,chair5,transcript5-19,read> 8.9052514325854E-5
<1890,registrar0-1,transcript0-15,read> 2.7203428963342E-4
<1891,chair5,transcript5-10,read> 1.5093310334515566E-4
<1892,chair5,transcript5-14,read> 1.2237283149009334E-4
<1893,admissions4-0,application5-0,read> 1.5403431852392034E-4
<1894,admissions4-0,stu0-14application0-14,setStatus> 1.0934841716218401E-4
<1895,chair5,transcript5-11,read> 1.3189292210844748E-4
<1896,registrar2-1,transcript4-4,read> 1.8010289539487092E-4
<1897,admissions0-0,stu0-14application0-14,read> 1.130614807111504E-4
<1898,admissions4-1,stu5-16application5-16,read> 1.0773617463878458E-4
<1899,fac1-3,gradebook1-7,addScore> 2.8375904961900933E-4
<1900,admissions2-1,stu3-18application3-18,read> 1.242887598867535E-4
<1901,admissions4-1,stu0-14application0-14,setStatus> 1.1021798707997471E-4
<1902,admissions0-1,stu0-17application0-17,setStatus> 2.0332950544655674E-4
<1903,admissions0-1,stu0-3application0-3,read> 7.52325989476087E-5
<1904,stu5-11,gradebook5-6,readMyScores> 4.0504992929593503E-5
<1905,registrar0-0,transcript4-11,read> 2.858443642865503E-4
<1906,registrar2-0,transcript1-9,read> 2.6517940138712264E-4
<1907,stu5-11,gradebook5-2,readMyScores> 2.9123803766955742E-5
<1908,admissions0-0,stu5-2application5-2,setStatus> 1.5584887305716532E-4
<1909,registrar0-1,transcript5-0,read> 2.4289147579691027E-4
<1910,stu5-11,gradebook5-4,readMyScores> 1.5789487015692207E-5
<1911,admissions0-1,stu0-11application0-11,read> 1.6116699008797745E-4
<1912,stu3-7,transcript3-7,read> 3.23854523333904E-4
<1913,admissions4-1,stu0-3application0-3,setStatus> 7.358953477858776E-5
<1914,admissions4-1,stu2-19application2-19,read> 9.575209639863848E-5
<1915,admissions2-0,stu5-15application5-15,read> 3.282597263605592E-5
<1916,admissions0-0,stu0-17application0-17,setStatus> 2.040199282154754E-4
<1917,registrar4-1,roster1-2,write> 1.4932271540899405E-4
<1918,registrar0-0,transcript1-8,read> 2.548932857002246E-4
<1919,stu5-0,gradebook5-5,readMyScores> 3.763669812837119E-5
<1920,admissions4-0,stu3-11application3-11,read> 1.0114641233005795E-4
<1921,stu5-12,gradebook5-8,readMyScores> 1.4888479795068912E-5
<1922,admissions4-1,stu5-10application5-10,read> 1.4823409420893345E-4
<1923,admissions2-1,stu4-3application4-3,read> 1.5381492694444866E-4
<1924,registrar2-1,roster3-4,write> 7.807917362884605E-5
<1925,registrar2-1,roster3-5,write> 8.049337121592707E-5
<1926,stu5-12,gradebook5-7,readMyScores> 2.8461902145900536E-5
<1927,registrar2-1,roster3-6,write> 8.097621073334328E-5
<1928,registrar2-1,roster3-1,write> 7.759633411142983E-5
<1929,registrar2-1,roster3-2,write> 7.663065507659741E-5
<1930,admissions4-1,stu0-14application0-14,read> 9.699182863037774E-5
<1931,registrar2-1,roster3-8,write> 8.19418897681757E-5
<1932,registrar4-1,roster1-8,write> 1.5211162215593245E-4
<1933,registrar2-1,roster3-9,write> 8.242472928559191E-5
<1934,admissions0-1,stu1-8application1-8,read> 1.2276055829339925E-4
<1935,admissions4-0,stu4-7application4-7,read> 3.062920407157472E-5
<1936,admissions0-0,stu3-17application3-17,setStatus> 1.5530147470309362E-4
<1937,registrar2-0,roster3-1,write> 7.725222619962748E-5
<1938,registrar2-0,roster3-4,write> 7.77329245218445E-5
<1939,registrar2-0,roster3-5,write> 8.013641613292962E-5
<1940,registrar4-1,roster3-6,read> 1.2862379814656053E-4
<1941,registrar2-0,roster3-2,write> 7.629082955519343E-5
<1942,admissions2-1,stu0-13application0-13,read> 1.2980031107085658E-4
<1943,registrar2-0,roster3-3,write> 7.917501948849556E-5
<1944,stu1-16,gradebook1-7,addScore> 2.1114730628215848E-4
<1945,admissions4-0,stu1-12application1-12,read> 9.704657464061125E-5
<1946,stu2-12,gradebook2-9,readMyScores> 1.805655286540384E-4
<1947,registrar2-0,roster3-8,write> 8.157851109958068E-5
<1948,registrar2-0,roster3-9,write> 8.205920942179771E-5
<1949,admissions0-1,stu2-7application2-7,read> 8.867485007571107E-5
<1950,registrar2-1,transcript2-14,read> 2.9337059014028467E-4
<1951,registrar2-0,roster3-6,write> 8.061711445514663E-5
<1952,admissions0-0,application2-3,setStatus> 6.224375451090358E-5
<1953,admissions4-1,stu0-4application0-4,setStatus> 1.1914030238415873E-4
<1954,app3-1,application3-1,checkStatus> 0.0012213467030834438
<1955,admissions4-0,stu0-14application0-14,read> 9.622660710272192E-5
<1956,admissions0-1,stu0-7application0-7,setStatus> 1.176787981773979E-4
<1957,admissions2-0,stu4-12application4-12,setStatus> 1.5053775056087735E-4
<1958,admissions0-1,stu5-19application5-19,setStatus> 3.421027453293101E-5
<1959,admissions4-0,stu5-8application5-8,setStatus> 1.7830023284833306E-4
<1960,admissions4-1,stu2-8application2-8,read> 1.6269763691255804E-4
<1961,admissions4-0,stu5-18application5-18,setStatus> 1.0608718263648774E-4
<1962,admissions0-0,stu1-8application1-8,read> 1.231774022943955E-4
<1963,stu1-11,transcript1-11,read> 1.674991367375459E-4
<1964,admissions0-0,stu2-14application2-14,read> 5.236595121167963E-5
<1965,admissions0-1,stu0-6application0-6,read> 5.3148900665726225E-5
<1966,admissions2-0,stu3-17application3-17,setStatus> 1.311259490301924E-4
<1967,admissions4-1,stu4-7application4-7,read> 3.0872776270951055E-5
<1968,admissions0-0,stu3-3application3-3,read> 1.7905582627803524E-4
<1969,stu5-10,gradebook5-6,readMyScores> 3.947955007061645E-5
<1970,stu5-10,gradebook5-7,readMyScores> 2.7509202492481266E-5
<1971,registrar4-1,roster3-7,read> 1.293907475019686E-4
<1972,registrar2-0,transcript3-11,read> 3.0681585639570456E-4
<1973,admissions0-0,stu0-15application0-15,read> 1.1354319126273348E-4
<1974,admissions2-0,stu0-13application0-13,read> 1.3410011433614375E-4
<1975,admissions0-1,stu3-8application3-8,setStatus> 1.7277893470086952E-4
<1976,registrar0-1,roster4-9,write> 5.938957289982685E-5
<1977,stu5-10,gradebook5-8,readMyScores> 1.4390120638748612E-5
<1978,registrar2-1,roster3-1,read> 1.06694959403216E-4
<1979,admissions0-0,stu2-7application2-7,read> 8.897595313199533E-5
<1980,admissions4-1,stu1-12application1-12,read> 9.781831678487058E-5
<1981,stu4-7,gradebook4-1,readMyScores> 2.0403058821907667E-4
<1982,admissions4-1,stu5-8application5-8,setStatus> 1.7971812734414485E-4
<1983,admissions4-1,stu5-18application5-18,setStatus> 1.0693081828369641E-4
<1984,fac4-2,gradebook4-4,readScore> 2.8051770743084913E-4
<1985,admissions2-0,stu4-7application4-7,read> 3.038563187219838E-5
<1986,admissions4-0,stu5-10application5-10,setStatus> 1.6711885733166024E-4
<1987,admissions4-0,stu5-1application5-1,setStatus> 2.828344466630607E-5
<1988,admissions0-0,stu5-4application5-4,read> 6.007332003700926E-5
<1989,admissions2-0,application1-0,read> 1.615031074969607E-5
<1990,admissions0-0,application5-4,read> 1.8483635289703244E-4
<1991,admissions2-0,stu5-15application5-15,setStatus> 3.7302241631881736E-5
<1992,fac0-0,gradebook0-1,addScore> 7.597606718411194E-5
<1993,admissions4-0,stu2-18application2-18,read> 1.2369551962201477E-4
<1994,stu5-15,gradebook5-5,readMyScores> 1.737619521066857E-5
<1995,registrar2-1,roster0-5,write> 1.2394892778338584E-4
<1996,admissions2-0,application1-3,read> 1.8183928052910686E-5
<1997,stu5-19,gradebook5-2,addScore> 1.1792067616569521E-4
<1998,registrar4-0,roster0-8,write> 1.5142358476526104E-4
<1999,admissions0-0,stu0-6application0-6,read> 5.3329372314845834E-5
<2000,admissions2-0,application1-4,read> 1.1676352682623917E-5
<2001,admissions2-1,stu3-16application3-16,setStatus> 3.118514992899244E-5
<2002,stu5-16,gradebook5-5,readMyScores> 1.7235497273740076E-5
<2003,admissions4-0,stu0-16application0-16,read> 9.78665421785006E-5
<2004,admissions2-0,application1-1,read> 1.6963757670981917E-5
<2005,registrar0-0,transcript1-17,read> 2.8197547946325962E-5
<2006,admissions2-0,application1-2,read> 1.7777204592267762E-5
<2007,stu1-14,gradebook1-5,readMyScores> 2.7258056461931416E-5
<2008,stu5-16,gradebook5-3,readMyScores> 2.0089579822460417E-5
<2009,admissions0-1,stu2-14application2-14,read> 5.218873987086177E-5
<2010,admissions4-0,stu3-14application3-14,read> 9.540663956483257E-5
<2011,admissions2-1,stu4-7application4-7,read> 2.9411343074693024E-5
<2012,admissions2-0,stu0-10application0-10,setStatus> 1.801176386076354E-4
<2013,stu2-7,gradebook2-3,readMyScores> 1.8665751376386046E-4
<2014,registrar0-1,roster1-9,read> 1.7365778359374346E-4
<2015,admissions4-1,stu5-11application5-11,read> 8.790045893095656E-5
<2016,registrar0-1,roster1-8,read> 1.7302332069128496E-4
<2017,stu5-16,gradebook5-6,readMyScores> 4.187225007489624E-5
<2018,stu5-7,gradebook5-8,readMyScores> 3.370153794616017E-5
<2019,admissions2-1,application1-1,read> 1.6419829569307145E-5
<2020,stu5-16,gradebook5-9,readMyScores> 1.0370146488197153E-5
<2021,admissions2-1,stu2-11application2-11,setStatus> 6.115868315422844E-5
<2022,fac2-4,gradebook2-9,assignGrade> 6.520353300610286E-4
<2023,admissions2-1,application1-0,read> 1.5632465114435273E-5
<2024,admissions2-1,application1-3,read> 1.7600876251614953E-5
<2025,admissions2-1,application1-4,read> 1.1301960612639984E-5
<2026,stu5-14,gradebook5-1,readMyScores> 3.814068439981016E-5
<2027,admissions4-0,stu3-8application3-8,setStatus> 1.475514501774828E-4
<2028,stu4-1,gradebook4-2,readScore> 1.4860494695612762E-4
<2029,registrar0-1,transcript5-6,read> 2.4788738674031194E-4
<2030,app4-1,application4-1,checkStatus> 0.0014110058539794253
<2031,registrar4-0,transcript3-14,read> 3.475758696932824E-4
<2032,admissions4-1,stu0-13application0-13,setStatus> 1.548295636008947E-4
<2033,admissions4-1,stu3-14application3-14,read> 9.616534047588492E-5
<2034,registrar0-1,transcript0-10,read> 2.703689859856194E-4
<2035,registrar2-0,transcript0-1,read> 1.4894429782149818E-4
<2036,admissions2-1,stu0-10application0-10,setStatus> 1.7434232354205994E-4
<2037,registrar0-1,transcript2-10,read> 2.7619754875292136E-4
<2038,admissions0-0,stu4-14application4-14,setStatus> 1.717234253252448E-4
<2039,stu3-0,gradebook3-3,readMyScores> 3.3427555675795996E-5
<2040,admissions0-1,stu2-13application2-13,setStatus> 1.105867013971491E-4
<2041,stu5-13,gradebook5-6,readMyScores> 3.9821364356942136E-5
<2042,admissions0-1,stu1-16application1-16,setStatus> 1.2095207361443581E-4
<2043,registrar2-0,roster5-9,read> 1.0754373141058459E-4
<2044,stu5-9,gradebook5-7,readMyScores> 6.728441302273556E-5
<2045,registrar0-0,roster1-8,read> 1.7382621313068769E-4
<2046,stu5-13,gradebook5-9,readMyScores> 9.86222094591811E-6
<2047,registrar0-0,roster1-7,read> 1.7318880608483032E-4
<2048,chair3,transcript3-8,read> 3.2705477978470655E-4
<2049,registrar0-0,roster1-9,read> 1.7446362017654507E-4
<2050,registrar0-1,roster1-4,read> 1.6604422876424156E-4
<2051,admissions2-0,stu2-5application2-5,setStatus> 1.251175342706947E-4
<2052,fac5-1,gradebook5-3,changeScore> 4.674514289024393E-4
<2053,chair3,transcript3-7,read> 3.7465523287647705E-4
<2054,registrar0-1,roster1-5,read> 1.6921654327653398E-4
<2055,admissions0-1,stu1-13application1-13,read> 1.1555935233191586E-4
<2056,registrar0-1,roster1-6,read> 1.67947617471617E-4
<2057,chair3,transcript3-5,read> 3.6513514225812297E-4
<2058,registrar2-1,roster5-8,write> 7.614781555918123E-5
<2059,registrar0-1,roster1-7,read> 1.7238885778882645E-4
<2060,chair3,transcript3-3,read> 3.508550063305918E-4
<2061,registrar0-1,roster1-1,read> 1.7048546908145101E-4
<2062,stu1-18,gradebook1-5,readScore> 5.420922749119383E-5
<2063,chair3,transcript3-0,read> 3.4609496102141476E-4
<2064,registrar0-1,roster1-2,read> 1.698510061789925E-4
<2065,chair3,transcript3-1,read> 3.4133491571223775E-4
<2066,registrar0-1,roster1-3,read> 1.6667869166670006E-4
<2067,stu5-17,gradebook5-1,addScore> 5.293904120672356E-5
<2068,admissions4-0,stu0-3application0-3,setStatus> 7.300894673299733E-5
<2069,fac1-4,gradebook1-8,assignGrade> 2.2391461472476358E-4
<2070,stu5-14,gradebook5-4,readMyScores> 1.565624239952603E-5
<2071,admissions2-1,stu5-15application5-15,setStatus> 3.6106177771941634E-5
<2072,admissions0-0,stu1-16application1-16,setStatus> 1.213627767506478E-4
<2073,admissions2-1,stu5-17application5-17,setStatus> 1.1260579242142458E-4
<2074,stu5-14,gradebook5-9,readMyScores> 9.946875202964616E-6
<2075,stu5-14,gradebook5-8,readMyScores> 1.4639300216908762E-5
<2076,admissions4-1,stu5-1application5-1,setStatus> 2.8508362715342298E-5
<2077,registrar0-0,roster1-5,read> 1.7000177085554346E-4
<2078,registrar0-0,roster1-6,read> 1.687269567638287E-4
<2079,registrar0-0,roster1-3,read> 1.6745214267211399E-4
<2080,registrar0-0,roster1-4,read> 1.6681473562625662E-4
<2081,registrar0-0,roster1-1,read> 1.712765849472582E-4
<2082,registrar0-0,roster1-2,read> 1.7063917790140082E-4
<2083,stu5-15,gradebook5-3,readMyScores> 2.0253576392439685E-5
<2084,stu5-15,gradebook5-4,readMyScores> 1.64557100965231E-5
<2085,admissions4-0,stu2-1application2-1,setStatus> 1.0468951069690363E-4
<2086,stu5-16,gradebook5-1,addScore> 5.337475348002993E-5
<2087,admissions4-1,stu2-12application2-12,setStatus> 4.9640162119988616E-5
<2088,admissions0-0,stu2-5application2-5,read> 1.3040306056814205E-4
<2089,admissions2-0,stu2-12application2-12,setStatus> 4.8856885400146586E-5
<2090,registrar2-1,roster3-8,read> 1.126700984312416E-4
<2091,registrar0-1,roster1-2,write> 1.2352800449381274E-4
<2092,registrar0-1,roster1-5,write> 1.2306657692838835E-4
<2093,registrar0-1,roster1-6,write> 1.2214372179753967E-4
<2094,registrar0-1,roster1-4,write> 1.2075943910126659E-4
<2095,registrar2-1,roster3-2,read> 1.0536715073032144E-4
<2096,registrar0-1,roster1-7,write> 1.2537371475551017E-4
<2097,admissions0-1,stu5-12application5-12,read> 8.291388530652435E-5
<2098,registrar2-1,roster3-3,read> 1.0935057674900516E-4
<2099,registrar0-1,roster1-8,write> 1.2583514232093453E-4
<2100,registrar2-1,roster3-4,read> 1.0735886373966331E-4
<2101,registrar2-1,roster3-5,read> 1.1067838542189973E-4
<2102,registrar2-1,roster3-6,read> 1.1134228975834701E-4
<2103,admissions0-0,stu4-13application4-13,read> 1.7231187855587188E-4
<2104,registrar2-1,roster3-7,read> 1.1200619409479431E-4
<2105,registrar2-0,roster3-8,read> 1.1217045276192343E-4
<2106,registrar2-0,roster3-7,read> 1.1150949256887503E-4
<2107,admissions0-1,stu0-15application0-15,setStatus> 1.2858971630085763E-4
<2108,registrar2-1,transcript1-9,read> 2.6636060139330136E-4
<2109,admissions4-0,stu1-19application1-19,setStatus> 4.132838276909102E-5
<2110,admissions4-0,stu1-13application1-13,setStatus> 1.1214376104135218E-4
<2111,registrar2-0,roster3-1,read> 1.0622181102448777E-4
<2112,admissions0-0,application5-1,read> 1.8146437903595076E-4
<2113,registrar0-1,transcript0-17,read> 2.6620572686611807E-4
<2114,registrar2-0,transcript2-17,read> 2.981415949355833E-4
<2115,registrar4-1,transcript2-16,read> 3.429309218156391E-4
<2116,admissions0-0,stu5-12application5-12,read> 8.319542651299812E-5
<2117,registrar0-0,transcript0-1,read> 1.4363670591694593E-4
<2118,admissions0-1,stu4-14application4-14,setStatus> 1.7114229698235055E-4
<2119,registrar2-0,roster3-5,read> 1.101875721827782E-4
<2120,registrar2-0,roster3-3,read> 1.0886565179668139E-4
<2121,registrar2-0,roster3-4,read> 1.068827712175362E-4
<2122,admissions2-1,stu2-18application2-18,read> 1.1877720870265038E-4
<2123,stu5-17,gradebook5-9,readMyScores> 1.0285492231150646E-5
<2124,admissions2-0,stu2-18application2-18,read> 1.227118574381419E-4
<2125,admissions0-1,stu1-19application1-19,read> 4.2587131922217214E-5
<2126,admissions4-1,stu3-8application3-8,setStatus> 1.4872482155066358E-4
<2127,registrar4-0,transcript5-5,read> 2.9207605160277837E-4
<2128,stu5-18,gradebook5-3,readMyScores> 1.976158668250188E-5
<2129,registrar4-0,transcript5-4,read> 2.93067119782966E-4
<2130,registrar4-0,transcript5-3,read> 2.9009391524240324E-4
<2131,registrar4-0,transcript5-9,read> 2.960403243235287E-4
<2132,stu0-2,stu0-2application0-2,checkStatus> 8.339179770755336E-5
<2133,stu5-16,transcript5-16,read> 9.34360588761131E-5
<2134,registrar4-1,transcript0-15,read> 3.288395937332061E-4
<2135,registrar4-1,transcript5-4,read> 2.9763736726496156E-4
<2136,registrar4-1,transcript5-6,read> 2.9965041413388056E-4
<2137,stu4-2,stu4-2application4-2,checkStatus> 9.36857976739471E-4
<2138,stu5-19,gradebook5-4,readMyScores> 1.658895471268928E-5
<2139,stu5-19,gradebook5-3,readMyScores> 2.041757296241895E-5
<2140,stu4-8,stu4-8application4-8,checkStatus> 8.270553104312712E-4
<2141,registrar4-1,transcript5-7,read> 2.9864389069942103E-4
<2142,registrar4-1,roster1-9,read> 2.099204298198152E-4
<2143,stu5-1,gradebook5-4,readMyScores> 3.524320097595433E-5
<2144,admissions0-0,stu2-15application2-15,read> 3.4060950251521786E-5
<2145,stu5-1,gradebook5-9,readMyScores> 2.23910509888012E-5
<2146,stu5-1,gradebook5-1,readMyScores> 8.585711509574287E-5
<2147,admissions2-1,stu1-1application1-1,setStatus> 1.7568442204468244E-4
<2148,admissions0-1,stu0-12application0-12,read> 4.8348096691403946E-5
<2149,fac2-4,gradebook2-9,addScore> 4.6020521697745514E-4
<2150,admissions4-0,stu0-1application0-1,setStatus> 1.4306725270465043E-5
<2151,registrar4-1,transcript4-19,read> 3.6910053111158616E-4
<2152,admissions2-0,stu5-0application5-0,read> 9.912189672085236E-5
<2153,stu3-14,gradebook3-1,readMyScores> 2.408698173355214E-5
<2154,stu3-15,gradebook3-7,readMyScores> 2.309884508167991E-5
<2155,registrar2-0,roster1-5,write> 1.2820624835463196E-4
<2156,stu3-14,gradebook3-2,readMyScores> 1.6744269828584905E-5
<2157,admissions0-1,stu4-12application4-12,setStatus> 1.7768884785642638E-4
<2158,admissions2-1,stu1-8application1-8,read> 1.0066782624059736E-4
<2159,stu5-0,gradebook5-6,readMyScores> 9.143532159212035E-5
<2160,admissions2-0,stu1-3application1-3,setStatus> 1.2789064877507825E-4
<2161,stu5-0,gradebook5-8,readMyScores> 3.332776857891996E-5
<2162,stu3-14,gradebook3-9,readMyScores> 2.86428164309007E-5
<2163,registrar4-0,transcript3-11,read> 3.5054907423384506E-4
<2164,admissions2-1,stu2-6application2-6,setStatus> 1.25132045112568E-4
<2165,registrar0-0,transcript5-2,read> 2.456916136880738E-4
<2166,admissions4-1,stu4-6application4-6,read> 4.864227159254698E-5
<2167,stu3-15,gradebook3-3,readMyScores> 2.0221607754493878E-5
<2168,stu3-15,gradebook3-1,readMyScores> 2.367287889572603E-5
<2169,stu2-0,gradebook2-9,readMyScores> 2.7572069613521417E-4
<2170,admissions0-1,stu3-8application3-8,read> 1.5204546253676517E-4
<2171,registrar0-0,transcript4-6,read> 1.7458778450327162E-4
<2172,admissions0-1,stu1-14application1-14,setStatus> 1.8532649054284816E-4
<2173,admissions4-1,stu5-13application5-13,read> 1.544327553676297E-4
<2174,stu1-12,gradebook1-3,addScore> 2.2111041042091183E-4
<2175,admissions4-0,stu4-10application4-10,setStatus> 2.735166337324999E-5
<2176,admissions4-0,stu2-17application2-17,setStatus> 9.956471358509525E-5
<2177,stu3-16,gradebook3-2,readMyScores> 1.655235842653809E-5
<2178,admissions2-0,stu1-17application1-17,setStatus> 5.532748591037492E-5
<2179,admissions4-0,stu0-9application0-9,setStatus> 1.0189416681773543E-4
<2180,registrar4-1,roster3-1,write> 8.964011102451206E-5
<2181,registrar4-1,roster3-2,write> 8.852454832573671E-5
<2182,admissions0-0,stu3-16application3-16,read> 3.357923969993869E-5
<2183,registrar4-1,roster3-3,write> 9.187123642206278E-5
<2184,registrar4-1,roster3-4,write> 9.019789237389975E-5
<2185,registrar2-1,transcript1-17,read> 2.936973238751272E-5
<2186,registrar4-1,roster3-6,write> 9.354458047022584E-5
<2187,registrar4-1,roster3-8,write> 9.46601431690012E-5
<2188,registrar4-1,roster3-9,write> 9.521792451838888E-5
<2189,admissions4-1,stu1-3application1-3,read> 1.1434807987472726E-4
<2190,admissions0-1,stu1-9application1-9,read> 1.4580441737014618E-4
<2191,registrar0-0,transcript4-18,read> 3.0759377086072507E-4
<2192,stu3-17,gradebook3-5,readMyScores> 3.079896786965579E-5
<2193,stu3-17,gradebook3-8,readMyScores> 3.452391339892767E-5
<2194,admissions2-0,stu4-13application4-13,read> 1.4548837123414565E-4
<2195,admissions0-0,stu2-8application2-8,read> 1.896534584128635E-4
<2196,stu3-10,gradebook3-1,readMyScores> 2.270663894079844E-5
<2197,admissions0-1,application2-0,read> 4.93082574862684E-5
<2198,admissions4-1,stu2-10application2-10,setStatus> 1.139747514185785E-4
<2199,admissions2-1,stu0-3application0-3,setStatus> 7.010600650504516E-5
<2200,admissions4-0,stu5-18application5-18,read> 9.33567207201092E-5
<2201,stu1-11,gradebook1-5,addScore> 1.379839955632991E-4
<2202,admissions4-1,stu4-10application4-10,setStatus> 2.7569171630691352E-5
<2203,stu3-10,gradebook3-9,readMyScores> 2.700139428586341E-5
<2204,stu3-10,gradebook3-7,readMyScores> 2.2156035078346033E-5
<2205,stu4-1,gradebook4-2,addScore> 4.033562845952036E-4
<2206,admissions2-0,stu4-10application4-10,setStatus> 2.713415511580865E-5
<2207,admissions0-0,stu2-10application2-10,setStatus> 1.3285814218615366E-4
<2208,admissions0-1,stu2-12application2-12,read> 5.0748498678565085E-5
<2209,registrar4-0,transcript2-16,read> 3.3766518789140666E-4
<2210,admissions4-1,stu0-9application0-9,setStatus> 1.0270445840276713E-4
<2211,stu1-7,stu1-7application1-7,checkStatus> 3.0798816061068955E-4
<2212,admissions4-0,stu0-8application0-8,setStatus> 1.3497240272122583E-4
<2213,registrar2-0,transcript2-13,read> 2.903347596214742E-4
<2214,admissions2-1,stu5-16application5-16,read> 1.0263623737777703E-4
<2215,admissions0-0,application1-1,setStatus> 2.2831073017740738E-5
<2216,registrar2-0,roster0-3,write> 1.2147647184359364E-4
<2217,admissions0-0,application1-2,setStatus> 2.392586972588415E-5
<2218,admissions0-0,application1-3,setStatus> 2.4473268079955855E-5
<2219,admissions0-0,application1-4,setStatus> 1.571489441480856E-5
<2220,admissions0-1,stu2-10application2-10,setStatus> 1.3240853764406854E-4
<2221,stu3-11,gradebook3-5,readMyScores> 2.8038276071815495E-5
<2222,stu1-7,gradebook1-2,readMyScores> 2.8185539296168675E-4
<2223,admissions2-1,stu4-10application4-10,setStatus> 2.626412208604324E-5
<2224,stu3-11,gradebook3-8,readMyScores> 3.142933292619465E-5
<2225,registrar4-0,roster4-1,read> 1.357108419982295E-4
<2226,registrar4-0,roster4-7,read> 1.0776944907116535E-4
<2227,stu3-11,gradebook3-9,readMyScores> 2.667310985685595E-5
<2228,registrar4-0,roster4-6,read> 1.10034967416603E-4
<2229,registrar4-1,transcript0-11,read> 3.2582002342982757E-4
<2230,registrar4-0,roster4-5,read> 1.0399358516210264E-4
<2231,admissions2-0,stu3-2application3-2,setStatus> 4.608377089576302E-5
<2232,registrar4-0,roster4-4,read> 1.0550393072572774E-4
<2233,stu3-12,gradebook3-1,readMyScores> 2.215450182369695E-5
<2234,admissions0-0,stu2-12application2-12,read> 5.092081955693032E-5
<2235,admissions4-0,stu4-6application4-6,read> 4.825850613619552E-5
<2236,admissions4-0,stu4-13application4-13,setStatus> 1.666529666851322E-4
<2237,admissions0-0,application1-0,setStatus> 2.1736276309597327E-5
<2238,admissions0-1,application1-4,setStatus> 1.566171372304948E-5
<2239,admissions2-1,application4-0,read> 1.0617937742470045E-4
<2240,admissions0-1,application1-2,setStatus> 2.3844902315644275E-5
<2241,admissions0-1,application1-3,setStatus> 2.439044822181726E-5
<2242,stu2-15,stu2-15application2-15,checkStatus> 3.529074331913168E-4
<2243,registrar4-1,roster4-2,read> 1.3859413976686534E-4
<2244,registrar4-1,roster4-1,read> 1.3782719041145725E-4
<2245,stu3-12,gradebook3-7,readMyScores> 2.161728650501239E-5
<2246,registrar2-0,transcript4-15,read> 3.1375526556380156E-4
<2247,registrar4-1,roster4-4,read> 1.0714921619513478E-4
<2248,admissions4-1,stu1-1application1-1,read> 1.6228439283531157E-4
<2249,stu3-12,gradebook3-6,readMyScores> 4.0315190210178496E-5
<2250,registrar4-1,roster4-3,read> 1.393610891222734E-4
<2251,registrar4-1,roster4-5,read> 1.0561531748431867E-4
<2252,stu2-14,gradebook2-8,readScore> 1.3911397013110195E-4
<2253,registrar4-1,roster4-8,read> 1.0101362135187028E-4
<2254,registrar4-1,roster4-7,read> 1.0945006426135897E-4
<2255,fac5-2,roster5-5,read> 0.0013434930191754816
<2256,registrar4-0,roster4-8,read> 9.946254847122736E-5
<2257,registrar4-0,roster4-9,read> 9.71970301257897E-5
<2258,admissions4-0,stu3-6application3-6,setStatus> 1.7457310767610878E-4
<2259,stu3-13,gradebook3-6,readMyScores> 4.358059502471009E-5
<2260,registrar4-1,transcript1-7,read> 3.0971564847847563E-4
<2261,stu3-13,gradebook3-4,readMyScores> 6.555830554026493E-5
<2262,admissions0-0,stu0-8application0-8,read> 1.3955556104822096E-4
<2263,admissions2-0,stu0-3application0-3,setStatus> 7.24283586874069E-5
<2264,admissions0-1,application1-1,setStatus> 2.27538105032983E-5
<2265,admissions2-1,stu2-16application2-16,read> 8.059003264136465E-5
<2266,registrar4-0,roster0-3,write> 1.3879160368766936E-4
<2267,admissions0-1,application1-0,setStatus> 2.1662718690952325E-5
<2268,admissions4-1,stu0-1application0-1,setStatus> 1.4420496445578086E-5
<2269,registrar2-0,transcript4-18,read> 3.1895982243987424E-4
<2270,registrar4-0,transcript2-15,read> 3.346919833508439E-4
<2271,admissions4-0,stu0-6application0-6,read> 4.538861975358283E-5
<2272,admissions0-1,stu0-0application0-0,setStatus> 1.3186299173789556E-4
<2273,admissions0-1,stu1-9application1-9,setStatus> 1.6568683792062065E-4
<2274,app2-3,application2-3,checkStatus> 5.675217355209805E-4
<2275,admissions2-0,stu4-0application4-0,read> 4.828146414048699E-5
<2276,stu1-16,gradebook1-7,readScore> 7.779111284079521E-5
<2277,admissions2-1,stu5-16application5-16,setStatus> 1.1663208792929209E-4
<2278,admissions2-0,stu4-19application4-19,setStatus> 5.8562786165489085E-5
<2279,admissions0-0,stu4-9application4-9,setStatus> 1.3121594712393853E-4
<2280,admissions2-1,stu1-10application1-10,read> 8.531421937059586E-5
<2281,admissions2-1,stu5-18application5-18,read> 8.964472387239116E-5
<2282,admissions0-1,stu1-8application1-8,setStatus> 1.3950063442431734E-4
<2283,registrar2-1,transcript4-13,read> 3.1341025921062705E-4
<2284,admissions2-0,stu1-11application1-11,read> 1.2799926242649992E-4
<2285,stu5-9,gradebook5-2,readMyScores> 6.943016509843878E-5
<2286,registrar4-1,transcript2-11,read> 3.3487873433996307E-4
<2287,admissions2-1,stu5-3application5-3,read> 1.1444670420085508E-4
<2288,registrar2-1,transcript4-19,read> 3.195092889276878E-4
<2289,stu5-9,gradebook5-1,readMyScores> 9.169994334422442E-5
<2290,admissions4-1,stu5-17application5-17,setStatus> 1.1820111129950775E-4
<2291,registrar2-1,transcript4-15,read> 3.151528391297873E-4
<2292,registrar4-1,transcript2-15,read> 3.3991135151226063E-4
<2293,registrar2-1,transcript4-17,read> 3.1776670900852765E-4
<2294,registrar4-1,transcript2-17,read> 3.4595049211901755E-4
<2295,admissions4-0,stu3-5application3-5,setStatus> 1.0142827617120738E-4
<2296,admissions2-0,stu5-16application5-16,setStatus> 1.2049567676338871E-4
<2297,stu1-18,transcript1-18,read> 1.428114441170683E-4
<2298,stu5-8,gradebook5-9,readMyScores> 2.4084136129731346E-5
<2299,fac1-1,gradebook1-2,assignGrade> 2.636193584857882E-4
<2300,admissions2-0,stu5-11application5-11,read> 8.651346944092175E-5
<2301,admissions2-0,stu5-18application5-18,read> 9.26143213505656E-5
<2302,admissions2-1,stu0-2application0-2,setStatus> 7.4747430493281325E-6
<2303,admissions0-1,stu4-9application4-9,setStatus> 1.3077189992554954E-4
<2304,stu3-0,transcript3-0,read> 2.9916683071342634E-4
<2305,stu5-8,gradebook5-5,readMyScores> 4.0028563056155523E-5
<2306,registrar0-1,transcript1-0,read> 2.2124252837550304E-4
<2307,registrar0-1,transcript1-2,read> 2.5871186045101557E-4
<2308,registrar0-1,transcript1-9,read> 2.5454860133151415E-4
<2309,admissions4-1,stu1-18application1-18,read> 9.244614378066716E-5
<2310,registrar0-1,transcript1-3,read> 2.595445122749159E-4
<2311,registrar0-1,transcript1-4,read> 2.57046556803215E-4
<2312,registrar0-1,transcript1-6,read> 2.553812531554145E-4
<2313,stu5-7,gradebook5-4,readMyScores> 3.6042668672951406E-5
<2314,stu5-7,gradebook5-3,readMyScores> 4.436107217939218E-5
<2315,admissions2-0,stu4-12application4-12,read> 1.3247322049357208E-4
<2316,registrar0-0,transcript1-1,read> 2.2059614456402597E-4
<2317,admissions2-1,stu5-13application5-13,setStatus> 1.6718446486140655E-4
<2318,registrar0-0,roster3-8,write> 7.867148175082058E-5
<2319,registrar2-1,transcript0-13,read> 2.864002704636438E-4
<2320,registrar4-1,transcript1-8,read> 3.0669607817509706E-4
<2321,admissions0-0,stu0-0application0-0,setStatus> 1.3231074383208193E-4
<2322,admissions2-1,stu4-0application4-0,read> 4.6733361081874187E-5
<2323,stu4-5,transcript4-5,read> 8.54639914674172E-4
<2324,registrar0-0,transcript1-4,read> 2.5823934825009766E-4
<2325,registrar2-0,transcript2-19,read> 3.016112995196318E-4
<2326,stu5-6,gradebook5-9,readMyScores> 2.315293930221977E-5
<2327,admissions0-1,stu2-9application2-9,read> 1.7124867843405425E-4
<2328,admissions4-0,stu4-1application4-1,read> 1.4870452952763966E-4
<2329,stu2-5,gradebook2-8,readMyScores> 1.779018782363599E-4
<2330,admissions4-0,application5-2,read> 1.5526426983075438E-4
<2331,stu4-4,gradebook4-4,readMyScores> 1.0768840266161456E-4
<2332,stu3-4,stu3-4application3-4,checkStatus> 4.92656281219935E-4
<2333,registrar0-0,transcript1-5,read> 2.590758638875659E-4
<2334,registrar0-0,transcript1-2,read> 2.5991237952503423E-4
<2335,admissions2-0,application2-3,read> 4.6247846837272384E-5
<2336,registrar0-0,transcript1-3,read> 2.6074889516250255E-4
<2337,admissions2-0,stu5-3application5-3,read> 1.1823789937106976E-4
<2338,stu5-6,gradebook5-3,readMyScores> 4.485306188932999E-5
<2339,registrar2-0,transcript4-10,read> 2.9380446420552265E-4
<2340,registrar4-0,transcript2-10,read> 3.2874557426971845E-4
<2341,admissions0-1,stu2-9application2-9,setStatus> 1.9460077094778894E-4
<2342,registrar2-0,transcript4-11,read> 2.964067426435591E-4
<2343,registrar2-0,transcript4-13,read> 3.1202041327177724E-4
<2344,registrar4-1,roster1-5,read> 2.0455178433195876E-4
<2345,registrar2-0,roster0-6,read> 1.7165687013628012E-4
<2346,stu1-19,gradebook1-2,addScore> 5.370047574779985E-5
<2347,admissions4-0,stu3-16application3-16,setStatus> 3.2476460485058375E-5
<2348,stu3-18,gradebook3-9,readMyScores> 2.9463527503419345E-5
<2349,stu1-12,gradebook1-3,readScore> 8.146173015507277E-5
<2350,stu3-18,gradebook3-7,readMyScores> 2.4176342228347197E-5
<2351,stu3-18,gradebook3-4,readMyScores> 6.782545155318476E-5
<2352,admissions4-0,stu4-11application4-11,setStatus> 1.652552947455481E-4
<2353,admissions2-0,stu0-16application0-16,read> 9.708827941763778E-5
<2354,registrar2-1,transcript0-8,read> 9.820163919434106E-5
<2355,registrar2-1,transcript0-9,read> 1.0168679903266146E-4
<2356,registrar2-1,transcript0-6,read> 9.558776931560074E-5
<2357,registrar2-1,transcript0-7,read> 9.994421911350127E-5
<2358,stu3-18,gradebook3-1,readMyScores> 2.4777153129928995E-5
<2359,registrar2-1,transcript0-1,read> 1.4960774680956724E-4
<2360,registrar2-0,transcript2-18,read> 2.9987644722760757E-4
<2361,registrar2-1,transcript0-5,read> 9.733034923476095E-5
<2362,registrar4-0,roster3-9,write> 9.375584506321209E-5
<2363,admissions2-0,stu1-9application1-9,read> 1.2352530435942778E-4
<2364,registrar2-1,transcript0-4,read> 9.297389943686043E-5
<2365,registrar4-0,roster3-8,write> 9.320662849462115E-5
<2366,registrar2-1,transcript0-3,read> 9.384518939644054E-5
<2367,admissions4-0,stu5-15application5-15,read> 3.3089106685242734E-5
<2368,stu0-4,stu0-4application0-4,checkStatus> 0.001266265975664071
<2369,registrar4-1,transcript2-9,read> 2.0000459412238998E-4
<2370,stu5-5,gradebook5-4,readMyScores> 3.6842136369948486E-5
<2371,stu5-5,gradebook5-7,readMyScores> 6.585536354260668E-5
<2372,registrar4-0,roster3-5,write> 9.15589787888483E-5
<2373,stu5-5,gradebook5-9,readMyScores> 2.340690207335929E-5
<2374,admissions0-0,stu1-11application1-11,read> 1.515983248377985E-4
<2375,admissions2-1,stu3-1application3-1,setStatus> 1.4392142414928309E-4
<2376,registrar4-0,roster3-7,write> 9.26574119260302E-5
<2377,registrar4-0,roster3-6,write> 9.210819535743926E-5
<2378,admissions2-1,stu1-17application1-17,read> 4.712704330931012E-5
<2379,registrar4-0,roster3-1,write> 8.826367937730266E-5
<2380,admissions4-1,stu0-8application0-8,read> 1.1972025287893066E-4
<2381,registrar4-0,roster3-3,write> 9.046054565166643E-5
<2382,stu1-18,gradebook1-5,addScore> 1.4713933176181186E-4
<2383,registrar4-0,roster3-2,write> 8.716524624012078E-5
<2384,admissions4-1,stu3-16application3-16,setStatus> 3.2734722596271564E-5
<2385,stu1-11,gradebook1-5,readScore> 5.083620889174177E-5
<2386,registrar4-0,roster3-4,read> 1.2211773192560374E-4
<2387,admissions0-1,application5-1,setStatus> 2.0551168907124867E-4
<2388,admissions0-0,stu4-10application4-10,read> 2.8280423632524568E-5
<2389,fac2-1,gradebook2-3,addScore> 4.078103170720676E-4
<2390,stu3-19,gradebook3-7,readMyScores> 2.3772280798346962E-5
<2391,admissions4-0,stu1-3application1-3,read> 1.1344592539839804E-4
<2392,registrar2-0,transcript0-5,read> 9.689872906077087E-5
<2393,stu3-19,gradebook3-1,readMyScores> 2.4363050292102883E-5
<2394,registrar0-0,transcript4-16,read> 3.059207395857886E-4
<2395,admissions0-1,stu3-18application3-18,read> 1.5156538213933294E-4
<2396,registrar2-0,transcript0-6,read> 9.516387676874662E-5
<2397,admissions4-1,stu0-6application0-6,setStatus> 5.198813983161598E-5
<2398,admissions0-1,stu1-11application1-11,read> 1.5108530174190072E-4
<2399,stu3-19,gradebook3-3,readMyScores> 2.081115900098058E-5
<2400,registrar2-0,transcript0-9,read> 1.0123585979083147E-4
<2401,registrar2-0,transcript0-0,read> 1.550162808435831E-4
<2402,registrar0-0,transcript2-13,read> 2.799887548242725E-4
<2403,stu5-4,gradebook5-4,readMyScores> 3.7241870218447023E-5
<2404,stu5-4,gradebook5-3,readMyScores> 4.583704130920561E-5
<2405,registrar2-0,transcript0-4,read> 9.256159833071026E-5
<2406,stu5-4,gradebook5-2,readMyScores> 6.869285361066776E-5
<2407,admissions0-1,stu2-18application2-18,read> 1.4484425657528173E-4
<2408,registrar2-1,transcript1-7,read> 2.6810318131246163E-4
<2409,registrar2-0,transcript0-3,read> 9.342902447672238E-5
<2410,stu5-4,gradebook5-5,readMyScores> 3.9325073371513076E-5
<2411,stu4-1,gradebook4-9,readMyScores> 1.4451575821721157E-4
<2412,admissions0-0,application1-3,read> 2.1536475910361153E-5
<2413,admissions0-0,application1-4,read> 1.382910708503153E-5
<2414,admissions0-0,application1-1,read> 2.009134425561185E-5
<2415,admissions0-0,application1-2,read> 2.1054765358778052E-5
<2416,registrar4-1,transcript3-18,read> 3.469570155534771E-4
<2417,admissions0-0,application1-0,read> 1.9127923152445646E-5
<2418,admissions0-0,application0-2,setStatus> 6.607554298940552E-5
<2419,admissions4-0,stu5-4application5-4,setStatus> 5.810044604410024E-5
<2420,admissions4-1,stu4-11application4-11,setStatus> 1.6656945215903158E-4
<2421,stu4-10,gradebook4-9,addScore> 1.4105803484559243E-4
<2422,registrar0-1,transcript4-4,read> 1.7211607076538662E-4
<2423,stu5-3,gradebook5-8,readMyScores> 3.2081870688119205E-5
<2424,admissions2-1,stu5-11application5-11,read> 8.373949046085211E-5
<2425,stu5-3,gradebook5-7,readMyScores> 6.133004018886517E-5
<2426,admissions0-1,application1-4,read> 1.3782308076283544E-5
<2427,admissions2-0,stu5-11application5-11,setStatus> 9.831076072832018E-5
<2428,admissions0-1,application1-0,read> 1.9063192448038046E-5
<2429,admissions0-1,application1-1,read> 2.0023353242902503E-5
<2430,admissions4-0,stu1-18application1-18,setStatus> 1.0422362005037561E-4
<2431,registrar0-1,transcript0-7,read> 9.551210296656108E-5
<2432,admissions0-1,application1-2,read> 2.098351403776696E-5
<2433,admissions4-1,stu0-6application0-6,read> 4.5749563051822064E-5
<2434,admissions0-1,application1-3,read> 2.1463594435199188E-5
<2435,admissions2-1,stu5-0application5-0,read> 9.594363951136613E-5
<2436,admissions0-0,stu2-11application2-11,read> 6.585384665600647E-5
<2437,admissions2-1,stu0-16application0-16,read> 9.397522837418646E-5
<2438,registrar4-1,roster1-1,read> 2.0608568304277488E-4
<2439,admissions4-1,stu5-15application5-15,read> 3.335224073442956E-5
<2440,admissions0-0,stu1-8application1-8,setStatus> 1.3997432078908582E-4
<2441,admissions4-0,stu4-3application4-3,setStatus> 1.8202735802055732E-4
<2442,admissions4-0,stu3-12application3-12,read> 5.768813282192293E-5
<2443,stu5-2,gradebook5-9,readMyScores> 2.2137088217661676E-5
<2444,stu5-2,gradebook5-8,readMyScores> 3.2580229844439505E-5
<2445,admissions2-0,stu1-17application1-17,read> 4.868818760112992E-5
<2446,stu1-17,gradebook1-8,addScore> 1.869263332757885E-4
<2447,stu5-2,gradebook5-3,readMyScores> 4.288510304957876E-5
<2448,registrar4-0,roster0-7,write> 1.4208690309921502E-4
<2449,admissions2-0,application3-1,setStatus> 1.1310070475169924E-4
<2450,admissions4-0,stu5-15application5-15,setStatus> 3.7601257596866744E-5
<2451,registrar4-1,transcript1-3,read> 3.1374174221631367E-4
<2452,registrar4-1,transcript1-4,read> 3.1072217191293504E-4
<2453,admissions4-0,stu3-19application3-19,read> 1.2410550339095946E-4
<2454,admissions2-1,stu4-18application4-18,setStatus> 8.816841551950642E-6
<2455,registrar4-1,transcript1-6,read> 3.087091250440161E-4
<2456,registrar4-1,transcript1-0,read> 2.674416642311765E-4
<2457,admissions2-0,application2-4,read> 4.7061293758558225E-5
<2458,admissions2-1,stu4-5application4-5,read> 6.0905921269567856E-5
<2459,admissions2-0,application2-1,read> 4.218061223084315E-5
<2460,admissions2-0,application2-0,read> 4.1773888770200226E-5
<2461,registrar4-0,transcript0-19,read> 3.1487061974709254E-4
<2462,admissions4-1,stu5-4application5-4,read> 5.153498013327191E-5
<2463,registrar4-1,transcript1-9,read> 3.077026016095566E-4
<2464,registrar4-1,roster2-1,read> 1.109839629721751E-4
<2465,registrar0-1,transcript4-15,read> 3.011771034699298E-4
<2466,admissions2-0,application2-2,read> 4.258733569148607E-5
<2467,stu5-14,stu5-14application5-14,checkStatus> 3.229612514708987E-4
<2468,registrar4-0,transcript1-4,read> 3.0595100612540433E-4
<2469,admissions4-0,stu0-10application0-10,setStatus> 1.8156146737402927E-4
<2470,registrar4-0,roster1-2,write> 1.4702985221653347E-4
<2471,registrar4-0,transcript1-5,read> 3.0694207430559194E-4
<2472,admissions2-1,application2-0,read> 4.043444544289921E-5
<2473,registrar4-0,transcript1-2,read> 3.0793314248577956E-4
<2474,registrar4-0,transcript1-3,read> 3.0892421066596717E-4
<2475,registrar4-0,transcript1-0,read> 2.633350743773389E-4
<2476,admissions4-1,stu5-5application5-5,setStatus> 8.251185008277176E-5
<2477,registrar0-0,transcript2-4,read> 1.6287656557871597E-4
<2478,registrar4-0,transcript1-9,read> 3.029778015848417E-4
<2479,admissions2-1,application2-4,read> 4.555231439956638E-5
<2480,registrar4-0,transcript1-8,read> 3.0198673340465414E-4
<2481,registrar4-0,transcript1-7,read> 3.049599379452168E-4
<2482,admissions2-1,application2-2,read> 4.122180989777109E-5
<2483,registrar4-0,transcript1-6,read> 3.0396886976502926E-4
<2484,admissions2-1,application2-1,read> 4.0828127670335156E-5
<2485,admissions4-0,stu3-17application3-17,read> 1.1631581178101073E-4
<2486,admissions4-1,stu3-12application3-12,setStatus> 6.60760061013802E-5
<2487,admissions0-1,stu3-14application3-14,setStatus> 1.2695307858233868E-4
<2488,admissions0-1,stu0-19application0-19,setStatus> 1.0785897186628414E-4
<2489,admissions4-1,stu3-9application3-9,read> 6.765149914588214E-5
<2490,admissions4-0,stu0-13application0-13,setStatus> 1.5360802858234722E-4
<2491,stu3-8,gradebook3-7,readMyScores> 3.57594365550205E-5
<2492,admissions4-0,stu5-5application5-5,setStatus> 8.186086901702997E-5
<2493,stu3-8,gradebook3-5,readMyScores> 4.58102295204124E-5
<2494,stu3-8,gradebook3-2,readMyScores> 2.5476238621715145E-5
<2495,admissions4-0,application4-1,setStatus> 1.317111681955296E-4
<2496,admissions4-0,stu2-13application2-13,read> 8.310712649649247E-5
<2497,admissions4-1,stu3-17application3-17,read> 1.1724078841545217E-4
<2498,admissions0-0,stu0-5application0-5,setStatus> 1.7665001051189012E-4
<2499,admissions0-0,stu2-8application2-8,setStatus> 2.1551529365098124E-4
<2500,admissions0-0,stu0-19application0-19,setStatus> 1.0822521625292686E-4
<2501,admissions0-0,stu3-14application3-14,setStatus> 1.273841586454366E-4
<2502,admissions4-0,stu3-9application3-9,read> 6.711775950765032E-5
<2503,admissions2-0,stu3-3application3-3,read> 1.511824996831465E-4
<2504,admissions0-0,stu4-16application4-16,read> 1.4485437711563509E-4
<2505,admissions0-1,application5-3,read> 1.827706079724277E-4
<2506,registrar0-0,transcript0-13,read> 2.749696609994629E-4
<2507,stu3-9,gradebook3-2,readMyScores> 2.5188371518644916E-5
<2508,admissions2-0,stu4-18application4-18,setStatus> 9.108910837315464E-6
<2509,admissions0-1,application5-4,read> 1.8421084916472438E-4
<2510,admissions4-1,stu2-13application2-13,read> 8.376801815849241E-5
<2511,stu3-6,gradebook3-2,readMyScores> 2.4804548714551276E-5
<2512,admissions4-1,application4-0,read> 1.1145537133400232E-4
<2513,registrar4-1,roster0-1,write> 1.3984043246940346E-4
<2514,stu3-6,gradebook3-5,readMyScores> 4.460242685885726E-5
<2515,registrar0-0,transcript2-6,read> 1.578574717539064E-4
<2516,registrar4-1,transcript5-13,read> 2.6882563395355835E-5
<2517,admissions2-1,stu5-10application5-10,read> 1.4121709566649872E-4
<2518,registrar0-0,transcript2-8,read> 1.595305030288429E-4
<2519,registrar4-1,transcript5-10,read> 3.191518056765334E-5
<2520,admissions0-1,stu0-7application0-7,read> 1.0355734239611015E-4
<2521,registrar0-0,transcript2-7,read> 1.6036701866631114E-4
<2522,registrar4-1,transcript5-11,read> 2.7889086829815334E-5
<2523,admissions2-0,application3-4,read> 1.0074879056342407E-4
<2524,registrar0-0,transcript2-2,read> 1.6120353430377942E-4
<2525,registrar0-1,transcript5-5,read> 2.453894312686111E-4
<2526,registrar4-1,transcript5-16,read> 2.285646965751783E-5
<2527,admissions0-1,stu1-11application1-11,setStatus> 1.7168784288852356E-4
<2528,registrar4-1,transcript5-17,read> 2.1849946223058332E-5
<2529,admissions4-1,stu3-17application3-17,setStatus> 1.3322816865392293E-4
<2530,stu2-10,gradebook2-5,readMyScores> 1.117044722783556E-4
<2531,registrar4-1,transcript5-14,read> 2.5876039960896335E-5
<2532,stu2-10,gradebook2-2,readMyScores> 8.433847651755755E-5
<2533,registrar4-1,transcript5-15,read> 2.4869516526436835E-5
<2534,chair4,transcript4-0,read> 9.982211683786707E-4
<2535,registrar4-0,transcript5-19,read> 1.8541233871009118E-5
<2536,registrar4-0,transcript5-18,read> 2.052337023138426E-5
<2537,registrar0-0,transcript2-0,read> 1.9550067543997813E-4
<2538,registrar0-1,roster5-1,write> 8.153809604019608E-5
<2539,registrar4-0,transcript5-17,read> 2.1514438411571828E-5
<2540,admissions4-1,application4-3,read> 1.184805206471914E-4
<2541,admissions2-1,stu3-15application3-15,setStatus> 1.2602677744764964E-4
<2542,admissions4-1,application4-4,read> 1.1806727656994499E-4
<2543,admissions4-1,application4-1,read> 1.1682754433820573E-4
<2544,admissions4-1,stu4-9application4-9,read> 9.905804901660982E-5
<2545,admissions4-1,application4-2,read> 1.1600105618371293E-4
<2546,fac2-2,gradebook2-5,addScore> 3.1854303160965236E-4
<2547,stu3-7,gradebook3-3,readMyScores> 3.000815844617312E-5
<2548,admissions4-1,stu1-11application1-11,setStatus> 1.4778563046601262E-4
<2549,stu3-7,gradebook3-9,readMyScores> 4.177419359119902E-5
<2550,registrar4-0,transcript5-10,read> 3.1425120213447525E-5
<2551,registrar2-1,roster0-2,write> 1.2298324874855342E-4
<2552,registrar0-1,transcript2-7,read> 1.5962629340688246E-4
<2553,registrar4-1,roster2-4,read> 1.0408141877350252E-4
<2554,admissions2-0,application3-2,read> 1.015622374847099E-4
<2555,registrar4-0,transcript5-11,read> 2.746084749269725E-5
<2556,admissions2-0,stu5-10application5-10,read> 1.4589509469478855E-4
<2557,registrar0-1,transcript2-6,read> 1.5712833793518166E-4
<2558,stu4-8,gradebook4-6,readMyScores> 1.1557692076607849E-4
<2559,fac5-2,gradebook5-5,changeScore> 4.4328332400442425E-4
<2560,registrar4-0,transcript5-12,read> 2.9442983853072386E-5
<2561,registrar4-0,transcript5-13,read> 2.6469779312509676E-5
<2562,registrar2-0,transcript4-6,read> 1.8103906522394677E-4
<2563,registrar0-1,transcript2-4,read> 1.621242488785833E-4
<2564,registrar4-0,transcript5-14,read> 2.547871113232211E-5
<2565,fac5-1,gradebook5-2,readScore> 7.799065646215605E-5
<2566,stu2-11,gradebook2-4,readMyScores> 1.2530521862290923E-4
<2567,registrar0-1,transcript2-3,read> 1.6295690070248356E-4
<2568,registrar2-1,roster0-1,read> 1.6644634968347182E-4
<2569,registrar4-0,transcript5-15,read> 2.448764295213454E-5
<2570,stu2-11,gradebook2-5,readMyScores> 1.1044583033719104E-4
<2571,registrar0-1,transcript2-2,read> 1.6045894523078274E-4
<2572,registrar4-0,transcript5-16,read> 2.25055065917594E-5
<2573,registrar0-1,transcript2-0,read> 1.9459767001069416E-4
<2574,admissions2-1,stu1-4application1-4,read> 1.5302756248957678E-4
<2575,admissions4-1,stu1-14application1-14,setStatus> 1.5952551902414944E-4
<2576,stu2-10,gradebook2-8,readMyScores> 1.270727701688285E-4
<2577,admissions4-0,application4-0,read> 1.1057603901578535E-4
<2578,admissions0-0,application0-1,read> 5.862818838225995E-5
<2579,admissions4-0,stu4-9application4-9,read> 9.827652594744524E-5
<2580,admissions4-0,application4-1,read> 1.1590582801206604E-4
<2581,admissions4-0,application4-2,read> 1.1508586047417672E-4
<2582,stu2-18,gradebook2-5,readScore> 1.2194524079964918E-4
<2583,admissions4-0,application4-4,read> 1.1713577931890006E-4
<2584,registrar4-0,transcript2-2,read> 1.9098709722364628E-4
<2585,registrar2-0,roster0-8,write> 1.325325332545852E-4
<2586,registrar4-0,transcript2-1,read> 1.9197816540383382E-4
<2587,stu3-4,gradebook3-3,readMyScores> 3.272009418001196E-5
<2588,admissions4-0,application0-2,read> 4.948845744302953E-5
<2589,stu3-4,gradebook3-2,readMyScores> 2.6627707033996055E-5
<2590,registrar2-0,roster0-6,write> 1.2484136009911282E-4
<2591,registrar2-0,roster0-5,write> 1.2339926513246172E-4
<2592,registrar2-0,roster0-4,write> 1.2387996345467875E-4
<2593,chair1,transcript1-11,read> 1.9377351112774915E-4
<2594,registrar2-0,roster0-2,write> 1.224378684880277E-4
<2595,registrar2-0,roster0-1,write> 1.205150751991596E-4
<2596,registrar2-1,roster5-6,read> 1.0071982037519045E-4
<2597,admissions2-1,stu0-10application0-10,read> 1.5342124471701273E-4
<2598,admissions2-1,stu5-18application5-18,setStatus> 1.0186900440044451E-4
<2599,stu3-4,gradebook3-8,readMyScores> 5.367163007396317E-5
<2600,admissions2-1,stu4-16application4-16,setStatus> 1.3452673463092553E-4
<2601,admissions4-0,stu3-19application3-19,setStatus> 1.410289811260903E-4
<2602,registrar4-0,transcript2-9,read> 1.969335063047717E-4
<2603,admissions0-0,stu1-5application1-5,setStatus> 1.1753098827214585E-4
<2604,stu2-15,gradebook2-5,readScore> 1.1965159990686581E-4
<2605,registrar4-0,transcript2-5,read> 1.8801389268308357E-4
<2606,admissions0-1,application3-4,read> 1.1891991511394142E-4
<2607,registrar4-0,transcript2-8,read> 1.8900496086327116E-4
<2608,stu3-5,gradebook3-3,readMyScores> 3.236636343211994E-5
<2609,stu3-5,gradebook3-2,readMyScores> 2.6339839930925823E-5
<2610,registrar4-1,transcript2-3,read> 1.9698502381901146E-4
<2611,admissions4-1,stu3-7application3-7,read> 1.1889376472443784E-4
<2612,registrar4-1,transcript2-2,read> 1.9396545351563297E-4
<2613,registrar4-1,transcript2-1,read> 1.9497197695009244E-4
<2614,admissions2-0,stu5-18application5-18,setStatus> 1.052435469892791E-4
<2615,admissions4-0,stu5-17application5-17,read> 1.0319633117478128E-4
<2616,stu3-5,gradebook3-7,readMyScores> 3.6971620845021195E-5
<2617,stu3-5,gradebook3-6,readMyScores> 6.895027858376324E-5
<2618,admissions4-1,application4-1,setStatus> 1.3275857311159742E-4
<2619,registrar4-1,transcript2-6,read> 1.8993935977779498E-4
<2620,registrar2-1,transcript3-16,read> 3.0382606965524597E-4
<2621,admissions0-0,stu4-16application4-16,setStatus> 1.646072467223126E-4
<2622,registrar0-1,roster5-2,write> 8.199952360562044E-5
<2623,admissions2-0,stu4-5application4-5,read> 6.292350872363222E-5
<2624,admissions2-0,application2-0,setStatus> 4.74703281479548E-5
<2625,admissions0-1,stu3-2application3-2,read> 4.7868016293971716E-5
<2626,registrar2-0,roster1-1,write> 1.29167644999066E-4
<2627,admissions2-0,application2-1,setStatus> 4.79325138986854E-5
<2628,admissions0-0,stu5-11application5-11,read> 1.0246384857632215E-4
<2629,admissions0-1,stu5-6application5-6,setStatus> 3.257363681441205E-5
<2630,stu2-14,gradebook2-2,readMyScores> 7.388525689284619E-5
<2631,admissions0-1,stu3-3application3-3,setStatus> 2.027839595403837E-4
<2632,registrar4-1,transcript0-14,read> 3.2984611716766556E-4
<2633,stu2-14,gradebook2-5,readMyScores> 9.785941092554534E-5
<2634,stu3-2,gradebook3-5,readMyScores> 4.684548894460251E-5
<2635,admissions4-1,stu2-9application2-9,setStatus> 1.675086432436825E-4
<2636,stu3-2,gradebook3-6,readMyScores> 6.819672362656364E-5
<2637,admissions2-1,stu2-9application2-9,read> 1.4042973121162683E-4
<2638,stu1-1,transcript1-1,read> 0.001085058379131963
<2639,admissions2-0,application2-4,setStatus> 5.347874290745254E-5
<2640,registrar2-1,transcript5-5,read> 2.567764118379202E-4
<2641,admissions2-0,application2-3,setStatus> 5.255437140599135E-5
<2642,admissions0-0,stu2-9application2-9,read> 1.7183016800428874E-4
<2643,stu2-14,gradebook2-1,readMyScores> 1.0680067550806534E-4
<2644,stu3-2,gradebook3-1,readMyScores> 3.747630682326308E-5
<2645,stu3-2,gradebook3-2,readMyScores> 2.6051972827855597E-5
<2646,admissions2-1,application2-2,setStatus> 4.6842965792921694E-5
<2647,registrar4-1,roster4-9,read> 9.871277328564609E-5
<2648,stu3-3,gradebook3-7,readMyScores> 3.616349798502073E-5
<2649,admissions0-0,stu5-6application5-6,setStatus> 3.2684243391031444E-5
<2650,registrar0-0,roster0-5,read> 1.6362770039696973E-4
<2651,stu2-15,gradebook2-4,readMyScores> 1.117394114785487E-4
<2652,stu3-3,gradebook3-5,readMyScores> 4.632785923250745E-5
<2653,admissions2-0,stu2-9application2-9,read> 1.4508164777350267E-4
<2654,stu3-3,gradebook3-8,readMyScores> 5.193092855805086E-5
<2655,stu2-15,gradebook2-7,readMyScores> 1.645044016161652E-4
<2656,registrar2-1,roster0-4,write> 1.2443176730080207E-4
<2657,admissions4-0,stu1-14application1-14,setStatus> 1.5826693504762752E-4
<2658,admissions2-1,application2-4,setStatus> 5.1763993635870895E-5
<2659,fac4-1,gradebook4-3,addScore> 2.679237314504697E-4
<2660,admissions2-1,application2-3,setStatus> 5.086926130078922E-5
<2661,registrar2-1,roster0-3,write> 1.2201756971372102E-4
<2662,stu2-15,gradebook2-2,readMyScores> 7.436040323942397E-5
<2663,registrar0-1,roster5-7,read> 1.0132901271347522E-4
<2664,registrar2-1,roster0-8,write> 1.3312287861429382E-4
<2665,stu3-3,gradebook3-3,readMyScores> 3.1658901936335894E-5
<2666,registrar2-1,roster0-9,write> 1.3408855764912624E-4
<2667,registrar2-1,roster0-6,write> 1.253974463356345E-4
<2668,registrar0-1,roster0-9,read> 1.7619563520357743E-4
<2669,registrar0-1,transcript0-14,read> 2.728669414573203E-4
<2670,registrar2-1,roster0-7,write> 1.2491460681821826E-4
<2671,admissions4-0,stu3-13application3-13,setStatus> 1.1074608910176808E-4
<2672,admissions2-0,stu1-4application1-4,read> 1.5809679851407622E-4
<2673,admissions0-0,stu2-15application2-15,setStatus> 3.8705625285820215E-5
<2674,admissions2-0,stu1-10application1-10,setStatus> 1.0015950373124256E-4
<2675,stu3-0,gradebook3-8,readMyScores> 5.483209775123804E-5
<2676,admissions4-1,application5-0,setStatus> 1.7643095854786648E-4
<2677,admissions4-0,stu0-16application0-16,setStatus> 1.1121197974829613E-4
<2678,stu2-12,gradebook2-2,readMyScores> 7.483554958600176E-5
<2679,admissions4-1,stu1-15application1-15,setStatus> 1.3088019094229555E-4
<2680,admissions0-0,stu3-2application3-2,read> 4.803055624743172E-5
<2681,stu2-12,gradebook2-5,readScore> 1.2041614687112693E-4
<2682,admissions2-0,stu3-15application3-15,setStatus> 1.302015775287312E-4
<2683,admissions4-0,application4-0,setStatus> 1.2565458979066515E-4
<2684,chair0,transcript0-7,read> 5.46016864006851E-4
<2685,admissions2-0,stu2-9application2-9,setStatus> 1.6486550883352576E-4
<2686,admissions0-1,stu5-11application5-11,read> 1.0211710120381346E-4
<2687,admissions0-1,stu2-15application2-15,setStatus> 3.85746417823149E-5
<2688,registrar4-0,roster1-8,write> 1.4977593505948817E-4
<2689,admissions2-1,stu1-10application1-10,setStatus> 9.69479765574953E-5
<2690,registrar4-1,transcript5-18,read> 2.0843422788598832E-5
<2691,registrar4-1,transcript5-19,read> 1.8830375919679826E-5
<2692,registrar2-1,transcript0-14,read> 2.855289805040637E-4
<2693,stu3-1,gradebook3-9,readMyScores> 4.6206033382799696E-5
<2694,stu3-1,gradebook3-4,readMyScores> 1.0636693377282178E-4
<2695,stu3-1,gradebook3-2,readMyScores> 2.7011529838089685E-5
<2696,admissions0-0,stu0-13application0-13,setStatus> 1.8048179899039207E-4
<2697,admissions0-0,stu3-3application3-3,setStatus> 2.034725298614037E-4
<2698,stu3-1,gradebook3-3,readMyScores> 3.319173517720132E-5
<2699,admissions4-1,stu3-4application3-4,setStatus> 4.63529933237103E-5
<2700,registrar2-0,roster2-9,read> 1.2340677604374639E-4
<2701,admissions2-1,stu1-6application1-6,setStatus> 2.2685192745716557E-5
<2702,admissions0-0,stu0-9application0-9,read> 1.0535411188582077E-4
<2703,stu2-18,gradebook2-2,readMyScores> 7.578584227915736E-5
<2704,registrar2-1,roster2-6,read> 1.2130085480505634E-4
<2705,admissions2-0,stu5-0application5-0,setStatus> 1.126385190009686E-4
<2706,chair1,transcript1-14,read> 1.8425342050939502E-4
<2707,stu3-4,transcript3-4,read> 3.1973990789715766E-4
<2708,stu3-5,transcript3-5,read> 3.156252924604114E-4
<2709,admissions0-1,stu1-5application1-5,setStatus> 1.1713325227122491E-4
<2710,registrar2-1,roster2-5,read> 8.943344665558658E-5
<2711,admissions4-0,stu3-4application3-4,setStatus> 4.5987289234371356E-5
<2712,registrar2-1,roster2-7,read> 1.2196475914150359E-4
<2713,admissions0-1,stu5-2application5-2,read> 1.366828898189339E-4
<2714,registrar2-1,roster2-4,read> 9.009735099203389E-5
<2715,registrar0-1,transcript2-18,read> 2.8785467428752527E-4
<2716,registrar2-1,roster2-3,read> 8.677782930979743E-5
<2717,stu2-10,gradebook2-3,readScore> 1.7261261078591172E-4
<2718,registrar0-0,roster0-9,read> 1.7701324835997458E-4
<2719,stu2-19,gradebook2-2,readMyScores> 7.673613497231291E-5
<2720,registrar2-1,transcript2-10,read> 2.8901414034238407E-4
<2721,admissions4-1,stu5-13application5-13,setStatus> 1.754917674632156E-4
<2722,stu2-19,gradebook2-9,readMyScores> 1.8515131985795042E-4
<2723,registrar2-0,roster2-7,read> 1.2142389546460112E-4
<2724,registrar2-0,transcript1-4,read> 2.67781679825159E-4
<2725,registrar2-0,roster2-5,read> 8.903684600522919E-5
<2726,registrar2-0,roster2-4,read> 8.969780619827762E-5
<2727,registrar2-0,roster2-3,read> 8.639300523303557E-5
<2728,admissions2-1,application4-1,setStatus> 1.2647414361519047E-4
<2729,registrar2-0,roster2-2,read> 8.837588581218077E-5
<2730,chair2,transcript2-10,read> 0.001578946696098271
<2731,registrar2-0,roster2-1,read> 9.564644793571329E-5
<2732,admissions2-1,stu3-10application3-10,read> 4.004076321546328E-5
<2733,registrar0-1,roster0-1,read> 1.5906513683719813E-4
<2734,registrar0-1,transcript0-8,read> 9.384679931876051E-5
<2735,registrar0-1,roster0-2,read> 1.6160298844703207E-4
<2736,registrar0-1,roster0-4,read> 1.635063771544076E-4
<2737,registrar0-1,roster0-6,read> 1.6477530295932455E-4
<2738,stu2-3,gradebook2-4,readMyScores> 1.7457051825242907E-4
<2739,admissions2-1,stu4-6application4-6,setStatus> 5.2658725970952566E-5
<2740,registrar0-1,roster0-7,read> 1.6414084005686607E-4
<2741,admissions4-0,stu5-13application5-13,setStatus> 1.7410721702958073E-4
<2742,admissions2-1,stu5-6application5-6,read> 2.3506109663153986E-5
<2743,registrar4-0,transcript0-9,read> 1.1566591552939099E-4
<2744,stu2-16,gradebook2-1,readMyScores> 1.1229524402294972E-4
<2745,admissions4-0,application4-3,setStatus> 1.3357473078164174E-4
<2746,registrar0-0,roster0-8,read> 1.7573843426825982E-4
<2747,stu2-16,gradebook2-2,readMyScores> 7.76864276654685E-5
<2748,admissions2-0,stu2-8application2-8,setStatus> 1.8196638161055778E-4
<2749,stu2-16,gradebook2-8,readMyScores> 1.1705012914142792E-4
<2750,stu1-6,gradebook1-2,readScore> 4.66275223168545E-5
<2751,registrar2-1,roster2-9,read> 1.2395647215084548E-4
<2752,admissions2-0,stu3-10application3-10,read> 4.13671653095573E-5
<2753,admissions4-0,stu1-8application1-8,read> 1.0483626625055995E-4
<2754,registrar0-0,roster0-2,read> 1.6235288630525498E-4
<2755,registrar0-0,roster0-3,read> 1.6107807221354023E-4
<2756,admissions2-0,stu1-6application1-6,setStatus> 2.3436669109963895E-5
<2757,registrar0-0,roster0-1,read> 1.5980325812182548E-4
<2758,registrar0-0,roster0-6,read> 1.6553992153454187E-4
<2759,registrar0-0,roster0-7,read> 1.6490251448868449E-4
<2760,registrar0-0,roster0-4,read> 1.6426510744282712E-4
<2761,admissions2-0,stu5-6application5-6,read> 2.428477996255453E-5
<2762,admissions4-1,stu2-18application2-18,setStatus> 1.4168088841578144E-4
<2763,stu2-17,gradebook2-9,readMyScores> 1.8973711106186252E-4
<2764,admissions0-0,stu5-2application5-2,read> 1.3714700829030546E-4
<2765,stu2-17,gradebook2-7,readMyScores> 1.7396471864201493E-4
<2766,stu2-17,gradebook2-8,readMyScores> 1.1848193500248514E-4
<2767,registrar2-1,transcript1-1,read> 2.2976642309093697E-4
<2768,admissions4-0,stu0-18application0-18,setStatus> 1.824932486670853E-4
<2769,registrar2-1,transcript1-2,read> 2.707170511912019E-4
<2770,stu5-7,gradebook5-1,readScore> 4.342216786871607E-5
<2771,registrar2-1,transcript1-3,read> 2.7158834115078206E-4
<2772,registrar4-0,roster2-9,write> 1.0254331016066715E-4
<2773,admissions0-0,stu4-0application4-0,setStatus> 6.49807462812621E-5
<2774,registrar0-0,roster5-2,read> 1.1327254377423728E-4
<2775,registrar2-1,roster5-6,write> 7.325077845468397E-5
<2776,registrar4-0,roster2-3,write> 7.17871823195744E-5
<2777,stu3-0,gradebook3-4,readScore> 4.512221377566572E-5
<2778,registrar4-0,roster2-4,write> 7.453326516252913E-5
<2779,registrar4-0,roster2-1,write> 7.94762142798476E-5
<2780,registrar4-0,roster2-2,write> 7.343483202534722E-5
<2781,fac5-3,gradebook5-7,changeScore> 4.529505659636303E-4
<2782,registrar4-0,roster2-7,write> 1.0089566045489431E-4
<2783,admissions2-1,stu5-8application5-8,setStatus> 1.712107603692741E-4
<2784,registrar4-0,roster2-8,write> 1.019940935920762E-4
<2785,app2-4,application2-4,checkStatus> 5.775037960944531E-4
<2786,admissions0-0,stu0-13application0-13,read> 1.58823983111545E-4
<2787,registrar4-0,roster2-5,write> 7.398404859393816E-5
<2788,stu1-3,gradebook1-6,readMyScores> 7.205991250426072E-5
<2789,registrar0-1,transcript3-9,read> 5.637746724324799E-5
<2790,registrar4-0,roster2-6,write> 1.003464438863034E-4
<2791,registrar2-1,transcript1-6,read> 2.672318913528815E-4
<2792,registrar2-1,transcript1-8,read> 2.654893114337213E-4
<2793,registrar2-0,transcript1-2,read> 2.695165321171833E-4
<2794,admissions0-1,stu3-5application3-5,read> 1.045175031909746E-4
<2795,admissions2-0,stu5-8application5-8,setStatus> 1.7688233835252127E-4
<2796,admissions4-0,stu2-5application2-5,setStatus> 1.2612048043719322E-4
<2797,registrar2-0,transcript1-6,read> 2.660468275331348E-4
<2798,admissions4-1,stu2-3application2-3,setStatus> 5.9971264051149034E-5
<2799,admissions0-0,application2-4,setStatus> 6.333855121904698E-5
<2800,admissions0-0,application2-1,setStatus> 5.676977097018651E-5
<2801,admissions2-0,stu1-18application1-18,setStatus> 1.0339480398635672E-4
<2802,admissions0-0,application2-0,setStatus> 5.62223726161148E-5
<2803,registrar4-0,transcript0-10,read> 3.2180809700840547E-4
<2804,admissions0-0,application2-2,setStatus> 5.7317169324258215E-5
<2805,admissions0-1,stu0-11application0-11,setStatus> 1.831443069181562E-4
<2806,admissions4-1,stu3-11application3-11,setStatus> 1.158531335878804E-4
<2807,admissions0-0,stu5-0application5-0,setStatus> 1.3340554054022533E-4
<2808,admissions2-1,stu5-0application5-0,setStatus> 1.0902686308109789E-4
<2809,admissions2-0,stu4-14application4-14,read> 1.27592538965857E-4
<2810,admissions4-1,stu5-7application5-7,read> 7.317863867905297E-6
<2811,admissions2-1,stu5-11application5-11,setStatus> 9.515851188733196E-5
<2812,admissions4-1,stu4-7application4-7,setStatus> 3.508270030789893E-5
<2813,registrar2-1,roster1-7,write> 1.3119152054462898E-4
<2814,admissions2-1,stu4-11application4-11,read> 1.3964236675675497E-4
<2815,stu3-6,transcript3-6,read> 3.279691387706502E-4
<2816,admissions0-1,stu4-0application4-0,setStatus> 6.476084527861824E-5
<2817,admissions0-1,application2-4,setStatus> 6.312420756009928E-5
<2818,admissions0-1,application2-3,setStatus> 6.203311574775332E-5
<2819,admissions0-0,stu3-6application3-6,read> 1.805009579327846E-4
<2820,stu5-8,gradebook5-3,readScore> 5.475533164960522E-5
<2821,admissions0-1,application2-2,setStatus> 5.712320259219643E-5
<2822,admissions0-1,application2-1,setStatus> 5.657765668602345E-5
<2823,stu3-3,transcript3-3,read> 3.0328144615017266E-4
<2824,registrar4-1,roster2-6,write> 1.0191130071104108E-4
<2825,registrar0-1,roster3-2,read> 1.0069454981101671E-4
<2826,registrar4-1,roster2-7,write> 1.0246908206042874E-4
<2827,admissions4-1,stu4-5application4-5,setStatus> 7.265034369393681E-5
<2828,registrar4-1,roster2-8,write> 1.0358464475920409E-4
<2829,registrar4-1,roster2-9,write> 1.0414242610859179E-4
<2830,registrar4-1,roster2-2,write> 7.458001459104465E-5
<2831,admissions4-0,stu5-7application5-7,read> 7.26012924172853E-6
<2832,registrar4-1,roster2-3,write> 7.290667054288162E-5
<2833,registrar4-1,roster2-4,write> 7.569557728982003E-5
<2834,registrar4-1,roster2-5,write> 7.513779594043233E-5
<2835,registrar4-1,roster2-1,write> 8.071560943430917E-5
<2836,admissions0-1,application2-0,setStatus> 5.603211077985046E-5
<2837,admissions4-1,stu5-11application5-11,setStatus> 9.988688514881428E-5
<2838,registrar4-0,transcript1-15,read> 3.538939293419781E-5
<2839,admissions4-0,stu2-9application2-9,setStatus> 1.661870760386041E-4
<2840,admissions2-1,stu0-11application0-11,setStatus> 1.5018455049485476E-4
<2841,admissions0-1,stu4-13application4-13,read> 1.7172875883148653E-4
<2842,admissions4-0,stu5-11application5-11,setStatus> 9.909882293856723E-5
<2843,fac4-4,roster4-8,read> 0.0011512012560622653
<2844,admissions0-1,stu5-0application5-0,setStatus> 1.3295408355024153E-4
<2845,admissions4-1,stu2-0application2-0,setStatus> 9.378214309858313E-5
<2846,admissions4-0,stu2-3application2-3,setStatus> 5.9498117983684344E-5
<2847,admissions4-0,stu1-17application1-17,read> 4.9078473674084866E-5
<2848,registrar2-1,roster4-2,write> 8.725312445975401E-5
<2849,admissions0-1,stu2-3application2-3,read> 6.13102674220741E-5
<2850,admissions4-0,stu2-0application2-0,setStatus> 9.304224453370277E-5
<2851,admissions0-1,stu1-18application1-18,read> 1.0739798557556796E-4
<2852,admissions0-1,stu4-2application4-2,read> 9.011509126800776E-5
<2853,admissions2-0,stu0-9application0-9,setStatus> 1.0108387523270376E-4
<2854,stu1-1,gradebook1-2,readScore> 4.722403646163302E-5
<2855,admissions0-0,stu2-3application2-3,read> 6.151845169175856E-5
<2856,admissions2-0,stu1-7application1-7,setStatus> 2.852071236800043E-5
<2857,stu1-0,gradebook1-2,readScore> 4.702519841337351E-5
<2858,stu0-16,gradebook0-9,readScore> 3.965918532758544E-5
<2859,admissions2-0,stu3-6application3-6,setStatus> 1.731848523466765E-4
<2860,admissions2-1,stu0-8application0-8,setStatus> 1.2960570678797632E-4
<2861,admissions4-1,stu5-3application5-3,setStatus> 1.3651533745020122E-4
<2862,admissions2-1,stu2-13application2-13,setStatus> 9.068485021192361E-5
<2863,admissions2-1,stu3-8application3-8,setStatus> 1.416845933115789E-4
<2864,admissions2-0,stu4-0application4-0,setStatus> 5.486530015964431E-5
<2865,stu1-19,stu1-19application1-19,checkStatus> 4.4274597835257135E-4
<2866,registrar4-1,transcript4-16,read> 3.6809400767712664E-4
<2867,admissions2-1,stu1-7application1-7,setStatus> 2.7606220588665745E-5
<2868,admissions0-0,stu4-2application4-2,read> 9.042108478674461E-5
<2869,admissions2-0,stu0-8application0-8,setStatus> 1.3389906353457597E-4
<2870,admissions2-1,stu5-1application5-1,read> 2.389979189058992E-5
<2871,admissions0-1,stu3-17application3-17,read> 1.3620280942150165E-4
<2872,admissions2-0,stu1-16application1-16,setStatus> 1.0247043248489553E-4
<2873,admissions2-1,stu1-7application1-7,read> 2.429347411802585E-5
<2874,admissions2-0,stu3-8application3-8,setStatus> 1.4637807880430202E-4
<2875,fac1-0,gradebook1-1,assignGrade> 2.6016677207178605E-4
<2876,admissions4-0,stu4-12application4-12,setStatus> 1.5174446599623508E-4
<2877,admissions0-0,application0-3,read> 5.9591609485426164E-5
<2878,admissions0-0,application0-0,read> 6.055503058859236E-5
<2879,registrar0-1,transcript0-0,read> 1.4880181969617885E-4
<2880,registrar0-1,transcript0-3,read> 8.968354019925913E-5
<2881,admissions2-1,stu3-2application3-2,read> 3.9253398760591406E-5
<2882,stu5-1,gradebook5-7,readScore> 3.992828407656141E-5
<2883,admissions2-1,stu1-16application1-16,read> 8.728263050777553E-5
<2884,admissions2-0,stu5-1application5-1,read> 2.469150342319745E-5
<2885,registrar0-1,transcript0-4,read> 8.885088837535886E-5
<2886,registrar4-0,roster0-6,write> 1.4263611966780596E-4
<2887,registrar0-1,transcript0-5,read> 9.301414749486023E-5
<2888,registrar0-1,transcript0-6,read> 9.134884384705967E-5
<2889,admissions2-0,stu1-7application1-7,read> 2.5098226883840375E-5
<2890,registrar0-1,transcript0-9,read> 9.717740661436161E-5
<2891,admissions2-0,stu4-6application4-6,read> 4.787474067984407E-5
<2892,admissions0-1,application0-1,read> 5.842978503748074E-5
<2893,registrar4-1,transcript3-17,read> 3.489700624223962E-4
<2894,admissions0-1,application0-4,read> 5.8909865434912964E-5
<2895,registrar0-0,transcript2-19,read> 2.908634581113598E-4
<2896,admissions2-1,stu1-4application1-4,setStatus> 1.7389495737451908E-4
<2897,admissions0-1,application0-3,read> 5.938994583234519E-5
<2898,registrar0-0,transcript0-0,read> 1.4949231537922378E-4
<2899,admissions2-1,stu3-6application3-6,setStatus> 1.676318310289474E-4
<2900,stu2-4,stu2-4application2-4,checkStatus> 3.1797022118416234E-4
<2901,admissions4-0,stu5-3application5-3,setStatus> 1.3543829336775388E-4
<2902,admissions2-1,stu0-1application0-1,read> 1.2089325067511854E-5
<2903,registrar0-0,transcript0-5,read> 9.34457676688503E-5
<2904,registrar0-0,transcript0-6,read> 9.177273639391378E-5
<2905,registrar0-1,transcript4-14,read> 3.028424071177302E-4
<2906,registrar0-0,transcript0-3,read> 9.009970511897726E-5
<2907,admissions0-1,stu3-13application3-13,read> 1.1411911113961916E-4
<2908,registrar0-0,transcript0-4,read> 8.926318948150902E-5
<2909,registrar0-0,transcript0-9,read> 9.762834585619162E-5
<2910,registrar0-0,transcript0-7,read> 9.59553145812551E-5
<2911,admissions2-1,stu4-6application4-6,read> 4.633967885443825E-5
<2912,admissions2-0,stu1-1application1-1,setStatus> 1.815041958598272E-4
<2913,registrar0-0,transcript0-8,read> 9.428228330631858E-5
<2914,admissions0-1,application0-0,read> 6.035010662720964E-5
<2915,registrar2-1,transcript2-19,read> 3.0295477969566575E-4
<2916,registrar4-1,transcript0-19,read> 3.197808828230706E-4
<2917,registrar2-0,transcript0-16,read> 2.7819079357730445E-4
<2918,registrar0-1,transcript4-17,read> 3.0367505894163054E-4
<2919,registrar2-1,transcript2-17,read> 2.9946961985734537E-4
<2920,stu4-2,transcript4-2,read> 8.71098376421157E-4
<2921,stu5-3,gradebook5-6,readScore> 6.249371979583458E-5
<2922,registrar0-1,transcript4-18,read> 3.061730144133314E-4
<2923,registrar2-1,transcript2-18,read> 3.012121997765056E-4
<2924,registrar4-1,transcript0-18,read> 3.207874062575301E-4
<2925,registrar2-1,transcript2-15,read> 2.942418800998648E-4
<2926,admissions0-1,stu1-12application1-12,read> 1.1363903074218694E-4
<2927,registrar2-1,transcript2-16,read> 2.9685574997860505E-4
<2928,admissions2-1,stu4-1application4-1,read> 1.427918245762425E-4
<2929,registrar4-1,transcript0-16,read> 3.2280045312644905E-4
<2930,admissions2-1,stu2-4application2-4,read> 2.5080838572897726E-5
<2931,registrar0-1,transcript4-13,read> 2.995117998221291E-4
<2932,registrar2-1,transcript2-13,read> 2.9162801022112445E-4
<2933,registrar0-1,transcript3-7,read> 6.553663730615105E-5
<2934,admissions2-0,stu0-1application0-1,read> 1.2489799603909764E-5
<2935,admissions4-0,stu4-7application4-7,setStatus> 3.4805913717698545E-5
<2936,registrar2-0,transcript2-16,read> 2.9553931649754697E-4
<2937,registrar0-0,transcript4-17,read> 3.050842239483203E-4
<2938,admissions0-1,stu5-18application5-18,setStatus> 1.2422534905147373E-4
<2939,registrar4-0,transcript0-17,read> 3.1685275610746766E-4
<2940,registrar4-0,transcript0-18,read> 3.158616879272801E-4
<2941,registrar0-0,transcript4-12,read> 3.0173816139844725E-4
<2942,registrar2-0,roster1-4,read> 1.7297879052237693E-4
<2943,registrar4-0,transcript0-13,read> 3.257723697291558E-4
<2944,registrar2-0,transcript2-14,read> 2.920696119134985E-4
<2945,admissions2-1,stu2-8application2-8,setStatus> 1.7613178821222327E-4
<2946,registrar4-0,transcript0-14,read> 3.247813015489682E-4
<2947,stu4-6,gradebook4-6,readMyScores> 1.1305981904340527E-4
<2948,registrar2-0,transcript2-15,read> 2.929370380595106E-4
<2949,registrar4-0,transcript0-15,read> 3.2379023336878064E-4
<2950,registrar0-1,transcript4-10,read> 2.8202611152022334E-4
<2951,registrar4-1,transcript0-10,read> 3.2682654686428704E-4
<2952,registrar4-1,transcript0-12,read> 3.3286568747104413E-4
<2953,registrar0-1,transcript4-11,read> 2.845240669919242E-4
<2954,admissions4-1,stu2-5application2-5,setStatus> 1.2712342660369178E-4
<2955,admissions2-0,stu2-4application2-4,read> 2.5911673805126227E-5
<2956,stu2-1,gradebook2-1,readMyScores> 1.6655410810743304E-4
<2957,stu5-4,gradebook5-7,readScore> 4.2192648012850335E-5
<2958,admissions2-0,stu2-8application2-8,read> 1.6013041581729084E-4
<2959,stu4-18,stu4-18application4-18,checkStatus> 9.836488856776243E-5
<2960,stu1-17,stu1-17application1-17,checkStatus> 5.974679172413986E-4
<2961,registrar4-1,transcript0-0,read> 1.7987412543319997E-4
<2962,admissions2-0,stu3-7application3-7,read> 1.1701772898914099E-4
<2963,registrar4-1,transcript0-1,read> 1.728284613919834E-4
<2964,registrar4-1,transcript0-2,read> 1.7584803169536195E-4
<2965,stu1-2,gradebook1-9,readMyScores> 5.705831673677478E-5
<2966,admissions4-0,stu3-1application3-1,read> 1.3189519500090817E-4
<2967,admissions4-1,stu4-1application4-1,read> 1.498870705179191E-4
<2968,registrar4-1,transcript0-3,read> 1.0841096158657542E-4
<2969,registrar4-1,transcript4-10,read> 3.409178749467201E-4
<2970,admissions0-0,stu4-3application4-3,read> 1.882083267581142E-4
<2971,stu1-2,gradebook1-3,readMyScores> 7.675890908762381E-5
<2972,registrar4-1,transcript0-5,read> 1.1243705532441342E-4
<2973,registrar4-1,transcript0-6,read> 1.1042400845549441E-4
<2974,registrar4-1,transcript0-7,read> 1.1545662562779192E-4
<2975,admissions2-0,stu1-12application1-12,read> 9.627483249635192E-5
<2976,stu1-2,gradebook1-1,readMyScores> 4.812737699130216E-5
<2977,admissions0-1,stu5-19application5-19,read> 3.0105041588979284E-5
<2978,admissions2-0,application3-0,read> 9.993534364213822E-5
<2979,registrar4-1,transcript0-9,read> 1.174696724967109E-4
<2980,admissions0-1,stu2-10application2-10,read> 1.1651951312678031E-4
<2981,admissions0-1,stu5-14application5-14,read> 3.106520238384374E-5
<2982,admissions0-0,stu3-1application3-1,setStatus> 1.761026121578184E-4
<2983,admissions2-0,application3-1,read> 9.952862018149531E-5
<2984,admissions2-0,application3-3,read> 1.0115551402406701E-4
<2985,admissions4-1,stu1-19application1-19,read> 3.66581933524009E-5
<2986,admissions0-1,stu0-9application0-9,read> 1.0499758358840683E-4
<2987,admissions0-0,application3-1,read> 1.1787858622698141E-4
<2988,stu4-10,gradebook4-9,readScore> 5.1968749679955106E-5
<2989,registrar4-0,transcript0-1,read> 1.7017466543970726E-4
<2990,stu1-3,gradebook1-9,readMyScores> 5.72975549620862E-5
<2991,registrar4-0,transcript0-5,read> 1.1071057462845313E-4
<2992,registrar4-0,transcript0-6,read> 1.0872843826807799E-4
<2993,registrar4-0,transcript0-3,read> 1.0674630190770286E-4
<2994,registrar4-0,transcript0-4,read> 1.057552337275153E-4
<2995,stu1-3,gradebook1-3,readMyScores> 7.708074937729938E-5
<2996,admissions2-0,stu1-19application1-19,setStatus> 4.099972763772649E-5
<2997,admissions2-1,stu1-12application1-12,read> 9.318786391931459E-5
<2998,admissions0-0,stu5-14application5-14,read> 3.1170686942023184E-5
<2999,admissions2-1,application3-3,read> 9.791205064854582E-5
<3000,admissions2-1,application3-2,read> 9.830573287598173E-5
<3001,admissions2-1,application3-1,read> 9.633732173880206E-5
<3002,registrar4-0,transcript0-7,read> 1.1368377916901585E-4
<3003,stu3-1,gradebook3-5,readScore> 7.484665863022239E-5
<3004,stu1-4,gradebook1-9,readMyScores> 5.5144410934283386E-5
<3005,stu1-4,gradebook1-3,readMyScores> 7.418418677021925E-5
<3006,admissions2-1,stu1-19application1-19,setStatus> 3.9685107112268325E-5
<3007,registrar4-1,transcript4-11,read> 3.439374452500986E-4
<3008,stu1-4,gradebook1-4,readMyScores> 1.2419729130021725E-4
<3009,admissions2-0,stu0-15application0-15,read> 9.5868109035709E-5
<3010,admissions4-1,stu5-10application5-10,setStatus> 1.6844783432833348E-4
<3011,admissions2-1,stu0-14application0-14,read> 9.240049946444271E-5
<3012,stu1-5,gradebook1-8,readMyScores> 5.981211250471007E-5
<3013,registrar2-1,transcript5-17,read> 1.8914252872551453E-5
<3014,admissions4-1,stu4-18application4-18,setStatus> 9.254945479997877E-6
<3015,stu1-5,gradebook1-1,readMyScores> 4.691662536887946E-5
<3016,admissions0-0,stu5-19application5-19,read> 3.0207265838856978E-5
<3017,registrar4-0,transcript3-12,read> 3.4955800605365744E-4
<3018,stu1-5,gradebook1-4,readMyScores> 1.2527492506421043E-4
<3019,stu1-5,gradebook1-5,readMyScores> 5.8410120989853036E-5
<3020,admissions0-0,stu0-7application0-7,setStatus> 1.1807838662621758E-4
<3021,admissions4-0,stu1-19application1-19,read> 3.6368976836800096E-5
<3022,registrar0-1,roster4-5,read> 8.737082885938836E-5
<3023,admissions4-1,stu0-0application0-0,read> 9.988453717110266E-5
<3024,admissions2-1,stu0-15application0-15,read> 9.279418169187863E-5
<3025,admissions2-0,stu2-19application2-19,read> 9.42412151931373E-5
<3026,admissions4-0,stu4-16application4-16,read> 1.2328553585307014E-4
<3027,fac5-4,gradebook5-8,changeScore> 3.1760917853474656E-4
<3028,admissions4-0,stu4-18application4-18,setStatus> 9.181928158656668E-6
<3029,stu3-4,gradebook3-1,readScore> 3.25404934545405E-5
<3030,admissions4-1,stu4-16application4-16,read> 1.2426593772864127E-4
<3031,admissions2-0,stu3-2application3-2,read> 4.055371838827146E-5
<3032,registrar2-1,roster1-9,write> 1.321571995794614E-4
<3033,fac5-3,gradebook5-6,changeScore> 4.5778418694323333E-4
<3034,registrar2-1,roster1-6,write> 1.2781164392271552E-4
<3035,registrar2-1,roster1-5,write> 1.2877732295754794E-4
<3036,registrar2-1,roster1-2,write> 1.2926016247496414E-4
<3037,registrar2-1,roster1-4,write> 1.263631253704669E-4
<3038,stu3-5,gradebook3-4,readScore> 4.368976254469221E-5
<3039,registrar2-1,roster1-3,write> 1.268459648878831E-4
<3040,admissions4-1,stu4-12application4-12,read> 1.3459703965980167E-4
<3041,admissions2-0,stu0-14application0-14,read> 9.546138557506608E-5
<3042,admissions0-1,stu5-10application5-10,setStatus> 1.9569186276013496E-4
<3043,registrar2-0,roster1-9,write> 1.3157113661015115E-4
<3044,registrar2-0,roster1-8,write> 1.310904382879341E-4
<3045,fac3-3,gradebook3-7,changeScore> 4.0461435616760043E-4
<3046,admissions0-1,stu3-15application3-15,read> 1.3524264862663717E-4
<3047,stu1-0,gradebook1-1,readMyScores> 4.772379311716126E-5
<3048,registrar4-1,roster2-2,read> 1.025475200626864E-4
<3049,admissions2-0,stu1-11application1-11,setStatus> 1.4545370730284084E-4
<3050,stu1-0,gradebook1-3,readMyScores> 7.611522850827267E-5
<3051,registrar4-0,transcript3-1,read> 7.106784742095032E-5
<3052,registrar0-0,roster3-6,read> 1.0689847331566356E-4
<3053,registrar2-0,roster1-7,write> 1.3060973996571707E-4
<3054,registrar4-0,transcript3-0,read> 7.20589156011379E-5
<3055,stu3-6,gradebook3-1,readScore> 3.0312495704499882E-5
<3056,registrar0-0,transcript3-5,read> 6.416772035746118E-5
<3057,registrar2-0,roster1-6,write> 1.272448517101979E-4
<3058,registrar4-0,transcript3-3,read> 7.304998378132546E-5
<3059,registrar4-0,transcript3-2,read> 7.50321201417006E-5
<3060,stu1-0,gradebook1-7,readMyScores> 1.0134256999167186E-4
<3061,registrar0-0,transcript0-12,read> 2.7664269227439944E-4
<3062,registrar2-0,roster1-4,write> 1.2580275674354687E-4
<3063,registrar4-0,transcript3-4,read> 7.701425650207573E-5
<3064,registrar4-0,transcript3-5,read> 7.602318832188817E-5
<3065,stu5-7,stu5-7application5-7,checkStatus> 8.838282799428973E-5
<3066,registrar4-0,transcript3-6,read> 7.899639286245088E-5
<3067,registrar4-0,transcript3-7,read> 7.800532468226332E-5
<3068,registrar4-0,transcript3-9,read> 6.710357470020004E-5
<3069,admissions4-0,stu3-10application3-10,read> 4.16987658330808E-5
<3070,stu1-1,gradebook1-1,readMyScores> 4.792558505423171E-5
<3071,registrar2-0,transcript1-14,read> 3.357662040188591E-5
<3072,admissions2-0,stu1-3application1-3,read> 1.1254377092206884E-4
<3073,registrar4-1,transcript3-0,read> 7.318264138049287E-5
<3074,stu1-1,gradebook1-5,readMyScores> 5.966625262404343E-5
<3075,registrar4-1,transcript3-4,read> 7.821525855279037E-5
<3076,admissions4-0,stu2-8application2-8,setStatus> 1.834250299601414E-4
<3077,registrar4-1,transcript3-3,read> 7.418916481495237E-5
<3078,registrar4-1,transcript3-1,read> 7.217611794603337E-5
<3079,registrar0-1,roster5-8,read> 1.0006008690855825E-4
<3080,stu3-7,gradebook3-2,readScore> 6.771833772605924E-5
<3081,stu1-1,gradebook1-6,readMyScores> 7.145815958146941E-5
<3082,admissions4-0,stu0-19application0-19,setStatus> 9.211046324064671E-5
<3083,registrar4-1,transcript3-7,read> 7.922178198724989E-5
<3084,registrar4-1,transcript3-8,read> 6.915654764265486E-5
<3085,registrar4-1,transcript3-5,read> 7.720873511833087E-5
<3086,registrar4-1,transcript3-6,read> 8.022830542170939E-5
<3087,registrar4-1,transcript3-9,read> 6.815002420819536E-5
<3088,admissions4-1,stu3-10application3-10,read> 4.203036635660431E-5
<3089,admissions0-0,stu4-15application4-15,read> 1.1420554327116024E-5
<3090,admissions2-0,application1-2,setStatus> 2.0201368854849732E-5
<3091,admissions4-1,application5-4,read> 1.5856519614009383E-4
<3092,admissions0-0,stu2-17application2-17,read> 1.0294555912790524E-4
<3093,admissions2-0,application1-0,setStatus> 1.8352625851927354E-5
<3094,admissions4-1,application5-1,read> 1.556724875993689E-4
<3095,admissions4-1,application5-0,read> 1.5525924352212248E-4
<3096,stu1-6,gradebook1-3,readMyScores> 7.547154792892152E-5
<3097,admissions0-1,stu0-15application0-15,read> 1.1315895034475469E-4
<3098,admissions4-1,application5-3,read> 1.5732546390835456E-4
<3099,admissions4-1,application5-2,read> 1.5649897575386177E-4
<3100,admissions0-0,stu5-16application5-16,read> 1.2558595505231105E-4
<3101,admissions0-0,stu5-1application5-1,setStatus> 3.323164174510315E-5
<3102,registrar2-1,transcript3-12,read> 3.0731122949356635E-4
<3103,admissions0-1,stu1-17application1-17,read> 5.746962424261628E-5
<3104,admissions2-0,application1-4,setStatus> 1.3268582593890816E-5
<3105,admissions2-0,application1-3,setStatus> 2.0663554605580328E-5
<3106,admissions0-1,stu4-15application4-15,read> 1.1381906089122401E-5
<3107,admissions2-1,stu1-3application1-3,setStatus> 1.2378994660994548E-4
<3108,admissions2-1,application1-0,setStatus> 1.776416490276736E-5
<3109,admissions2-1,application1-1,setStatus> 1.865889723784903E-5
<3110,admissions0-1,stu2-17application2-17,read> 1.0259718160124569E-4
<3111,admissions2-1,application1-2,setStatus> 1.95536295729307E-5
<3112,admissions4-0,application5-4,read> 1.573141886754777E-4
<3113,admissions2-1,application1-3,setStatus> 2.000099574047154E-5
<3114,stu3-9,gradebook3-3,readScore> 4.9720733313346676E-5
<3115,admissions2-1,application1-4,setStatus> 1.2843137059818165E-5
<3116,admissions0-0,stu3-15application3-15,read> 1.3570187663555615E-4
<3117,registrar4-0,roster3-8,read> 1.2815911418010407E-4
<3118,registrar4-0,roster3-9,read> 1.2891428696191662E-4
<3119,admissions4-1,stu4-1application4-1,setStatus> 1.7032621649763535E-4
<3120,admissions0-0,stu4-19application4-19,setStatus> 6.935993311383576E-5
<3121,admissions0-1,stu3-11application3-11,read> 1.1843983471650922E-4
<3122,registrar4-1,roster3-1,read> 1.2325515265870408E-4
<3123,registrar4-1,roster3-5,read> 1.2785684879115247E-4
<3124,registrar4-1,roster3-2,read> 1.2172125394788796E-4
<3125,registrar4-1,roster3-3,read> 1.2632295008033632E-4
<3126,registrar4-1,roster3-8,read> 1.3015769685737665E-4
<3127,registrar4-1,roster3-9,read> 1.309246462127847E-4
<3128,stu0-1,stu0-1application0-1,checkStatus> 1.532662217218624E-4
<3129,admissions0-1,stu4-19application4-19,setStatus> 6.912521252800214E-5
<3130,admissions2-1,stu4-1application4-1,setStatus> 1.622634370184574E-4
<3131,admissions0-0,stu1-9application1-9,setStatus> 1.662494417845277E-4
<3132,registrar4-0,roster3-5,read> 1.258935958346664E-4
<3133,registrar4-0,roster3-6,read> 1.2664876861647896E-4
<3134,registrar4-0,roster3-7,read> 1.274039413982915E-4
<3135,admissions2-0,stu3-11application3-11,read> 1.0034206710278117E-4
<3136,admissions4-0,stu5-7application5-7,setStatus> 8.250146865600602E-6
<3137,admissions4-1,stu1-14application1-14,read> 1.403824567412515E-4
<3138,registrar2-1,roster1-2,read> 1.777327234030757E-4
<3139,registrar2-1,roster1-5,read> 1.7706881906662838E-4
<3140,admissions0-0,stu4-17application4-17,setStatus> 9.508765575520592E-5
<3141,registrar2-1,roster1-6,read> 1.7574101039373382E-4
<3142,registrar2-1,roster1-9,read> 1.817161494217594E-4
<3143,registrar2-1,roster1-8,read> 1.8105224508531214E-4
<3144,registrar4-0,roster2-8,read> 1.4024187868910478E-4
<3145,stu1-6,gradebook1-9,readMyScores> 5.610136383552908E-5
<3146,admissions4-0,stu1-4application1-4,read> 1.5936410752020105E-4
<3147,stu1-6,gradebook1-8,readMyScores> 6.032662530044952E-5
<3148,registrar2-1,roster1-1,read> 1.78396627739523E-4
<3149,admissions0-0,stu3-5application3-5,read> 1.0487240133423766E-4
<3150,admissions4-0,stu3-9application3-9,setStatus> 7.627018125869356E-5
<3151,admissions0-0,stu3-11application3-11,read> 1.1884200733014761E-4
<3152,admissions4-1,stu5-7application5-7,setStatus> 8.31575439534693E-6
<3153,admissions4-0,stu1-14application1-14,read> 1.392749028419122E-4
<3154,admissions2-0,stu4-14application4-14,setStatus> 1.4499152155211022E-4
<3155,registrar2-0,roster1-2,read> 1.7694455168066735E-4
<3156,stu1-7,gradebook1-6,readMyScores> 7.085640665867809E-5
<3157,admissions0-0,application4-2,read> 1.3522016608397304E-4
<3158,admissions2-0,stu1-8application1-8,read> 1.0400257824856745E-4
<3159,stu1-7,gradebook1-1,readMyScores> 4.752200118009081E-5
<3160,admissions4-1,stu1-8application1-8,read> 1.0566995425255247E-4
<3161,admissions4-1,stu5-12application5-12,read> 7.137069584109989E-5
<3162,registrar2-0,roster1-6,read> 1.7496167110152213E-4
<3163,stu1-7,gradebook1-8,readMyScores> 6.0583881698319246E-5
<3164,admissions4-1,stu3-9application3-9,setStatus> 7.687670357486608E-5
<3165,admissions0-0,stu2-12application2-12,setStatus> 5.7864567678329915E-5
<3166,stu1-9,gradebook1-1,readMyScores> 4.99435044249362E-5
<3167,stu1-8,gradebook1-1,readMyScores> 4.95399205507953E-5
<3168,stu1-8,gradebook1-6,readMyScores> 7.386517127263469E-5
<3169,stu1-8,gradebook1-5,readMyScores> 6.167606323874804E-5
<3170,admissions4-1,stu1-1application1-1,setStatus> 1.8441408276739956E-4
<3171,admissions2-1,stu3-11application3-11,read> 9.712468619367394E-5
<3172,stu1-9,gradebook1-5,readMyScores> 6.21785158924242E-5
<3173,admissions4-1,stu1-6application1-6,setStatus> 2.3812407292087564E-5
<3174,admissions0-0,stu1-17application1-17,read> 5.7664767279093745E-5
<3175,admissions4-1,stu3-0application3-0,setStatus> 7.030236598230946E-5
<3176,stu1-19,gradebook1-9,readMyScores> 2.3804203418486754E-5
<3177,admissions2-1,stu3-5application3-5,read> 8.570790159803179E-5
<3178,admissions2-1,stu1-0application1-0,read> 1.4515391794085806E-4
<3179,stu1-19,gradebook1-6,readMyScores> 2.9937207908868237E-5
<3180,admissions2-0,stu5-13application5-13,setStatus> 1.727226665959459E-4
<3181,admissions2-0,stu1-14application1-14,read> 1.3816734894257296E-4
<3182,admissions0-0,stu5-0application5-0,read> 1.173968756753983E-4
<3183,stu1-18,gradebook1-9,readMyScores> 2.691430034753527E-5
<3184,registrar0-0,roster5-1,write> 8.19164630751854E-5
<3185,admissions2-1,stu4-16application4-16,read> 1.1838352647521445E-4
<3186,registrar0-0,roster5-3,write> 6.893653777772618E-5
<3187,registrar0-0,roster5-5,write> 7.125438158084389E-5
<3188,registrar0-0,roster5-6,write> 7.03272440595968E-5
<3189,stu1-18,gradebook1-7,readMyScores> 4.820735359011875E-5
<3190,registrar0-0,roster5-7,write> 7.403579414458514E-5
<3191,registrar0-0,roster5-9,write> 7.542650042645579E-5
<3192,admissions0-1,stu4-14application4-14,read> 1.5060522134446847E-4
<3193,stu0-18,gradebook0-2,readScore> 4.167018452188254E-5
<3194,admissions0-1,stu1-1application1-1,setStatus> 2.1424042357001645E-4
<3195,stu5-1,stu5-1application5-1,checkStatus> 3.0299713032395323E-4
<3196,registrar2-0,roster5-3,read> 9.829028870790692E-5
<3197,registrar2-0,roster5-4,read> 9.76293285148585E-5
<3198,registrar2-0,roster5-2,read> 1.1745813430631069E-4
<3199,fac3-2,gradebook3-5,changeScore> 4.384497030248213E-4
<3200,admissions2-1,stu2-2application2-2,setStatus> 2.4027291248339057E-5
<3201,admissions0-0,application5-3,read> 1.8339122124228318E-4
<3202,admissions0-0,stu1-7application1-7,read> 2.972555528727387E-5
<3203,admissions4-1,application0-0,read> 5.1948224210518313E-5
<3204,admissions0-0,stu4-5application4-5,read> 7.45246365845023E-5
<3205,admissions0-1,stu0-14application0-14,setStatus> 1.2804417039468465E-4
<3206,admissions0-0,stu1-1application1-1,setStatus> 2.1496789529690954E-4
<3207,admissions2-1,stu5-8application5-8,read> 1.506654691249612E-4
<3208,admissions0-1,stu0-2application0-2,read> 8.021343307096806E-6
<3209,registrar2-1,roster5-5,read> 1.0204762904808502E-4
<3210,registrar2-0,roster5-6,read> 1.0027316928705212E-4
<3211,registrar2-0,roster5-5,read> 1.0159508967314893E-4
<3212,registrar2-0,roster5-8,read> 1.0423893044534257E-4
<3213,registrar2-1,transcript5-14,read> 2.2399412710871873E-5
<3214,admissions0-1,stu4-5application4-5,read> 7.427243815274424E-5
<3215,admissions0-1,stu0-13application0-13,setStatus> 1.7987103148111834E-4
<3216,registrar4-0,roster2-9,read> 1.4099705147091734E-4
<3217,registrar4-0,roster2-7,read> 1.3873153312547967E-4
<3218,registrar4-0,roster2-6,read> 1.3797636034366717E-4
<3219,registrar4-0,roster2-5,read> 1.0172806681666497E-4
<3220,stu1-15,gradebook1-1,readMyScores> 2.2096217109214202E-5
<3221,registrar4-0,roster2-3,read> 9.870737568941481E-5
<3222,stu4-6,gradebook4-1,addScore> 2.602526515556149E-4
<3223,registrar4-0,roster2-1,read> 1.0927979463479045E-4
<3224,stu1-15,gradebook1-9,readMyScores> 2.6196585671601E-5
<3225,admissions4-1,stu3-10application3-10,setStatus> 4.7761779950686724E-5
<3226,admissions4-1,stu4-19application4-19,setStatus> 5.950166850882357E-5
<3227,admissions0-0,application4-4,read> 1.3762871884188854E-4
<3228,admissions0-1,stu5-16application5-16,setStatus> 1.4222836395518228E-4
<3229,registrar4-1,transcript3-15,read> 3.5198963272577464E-4
<3230,admissions0-0,application4-3,read> 1.3811042939347164E-4
<3231,registrar4-1,roster2-7,read> 1.4089498783308952E-4
<3232,admissions2-0,stu2-2application2-2,setStatus> 2.4823226362155673E-5
<3233,stu0-13,gradebook0-5,readScore> 1.9421305231819928E-5
<3234,registrar4-1,roster2-6,read> 1.401280384776815E-4
<3235,registrar2-0,transcript5-12,read> 2.576978508777681E-5
<3236,registrar4-1,roster2-5,read> 1.0331446941809444E-4
<3237,stu1-14,gradebook1-6,readMyScores> 3.264509606142918E-5
<3238,admissions4-0,stu3-10application3-10,setStatus> 4.738496117395546E-5
<3239,stu1-14,gradebook1-8,readMyScores> 2.79123191688647E-5
<3240,admissions4-0,stu4-19application4-19,setStatus> 5.9032227337156316E-5
<3241,admissions0-0,stu5-16application5-16,setStatus> 1.4271131255944437E-4
<3242,admissions4-0,application4-2,setStatus> 1.3077938690247355E-4
<3243,stu0-14,gradebook0-3,readScore> 4.363422031405003E-5
<3244,admissions0-1,application4-1,read> 1.357227290240694E-4
<3245,admissions0-1,application4-2,read> 1.3476256822920495E-4
<3246,admissions0-1,application4-4,read> 1.371629702163661E-4
<3247,admissions0-0,stu3-10application3-10,read> 4.8993977350597924E-5
<3248,stu1-17,gradebook1-4,readMyScores> 6.007808234262136E-5
<3249,fac0-1,gradebook0-2,changeScore> 2.644393477591136E-4
<3250,stu1-17,gradebook1-5,readMyScores> 2.8011735442445655E-5
<3251,fac5-0,gradebook5-1,changeScore> 4.626178079228363E-4
<3252,stu1-17,gradebook1-9,readMyScores> 2.667506212222385E-5
<3253,stu1-16,gradebook1-8,readMyScores> 2.842683196460415E-5
<3254,stu1-16,gradebook1-6,readMyScores> 3.3246848984220504E-5
<3255,admissions4-1,stu0-7application0-7,setStatus> 1.0129567177579073E-4
<3256,stu0-12,gradebook0-1,readScore> 4.12449581756412E-5
<3257,admissions2-0,stu5-14application5-14,read> 2.631839726576915E-5
<3258,admissions4-1,application3-2,setStatus> 1.1726192021485683E-4
<3259,admissions2-1,stu5-14application5-14,setStatus> 2.894831909128825E-5
<3260,registrar4-1,roster1-7,read> 2.0838653110899903E-4
<3261,admissions4-1,application3-3,setStatus> 1.1679232467253138E-4
<3262,admissions4-1,application3-0,setStatus> 1.1538353804555493E-4
<3263,admissions4-1,application3-1,setStatus> 1.1491394250322948E-4
<3264,admissions4-1,stu5-12application5-12,setStatus> 8.110306345579535E-5
<3265,admissions2-0,application4-4,setStatus> 1.3205032053165359E-4
<3266,admissions2-0,application4-0,setStatus> 1.2465534851996405E-4
<3267,admissions2-0,application4-3,setStatus> 1.3251250628238417E-4
<3268,admissions2-0,stu1-2application1-2,read> 1.271858155052141E-4
<3269,admissions2-0,stu0-8application0-8,read> 1.1783117591042683E-4
<3270,admissions2-1,stu5-14application5-14,read> 2.5474520800333662E-5
<3271,admissions4-0,stu1-5application1-5,setStatus> 1.000306042316233E-4
<3272,admissions4-0,stu5-12application5-12,setStatus> 8.046319707744587E-5
<3273,admissions4-0,application3-0,setStatus> 1.1447321427399238E-4
<3274,admissions2-0,stu5-14application5-14,setStatus> 2.990726962019222E-5
<3275,admissions0-1,stu1-2application1-2,read> 1.5012514094703627E-4
<3276,admissions4-0,application3-1,setStatus> 1.1400732362746433E-4
<3277,admissions2-0,stu4-4application4-4,setStatus> 1.2696627727361702E-4
<3278,admissions4-0,application3-4,setStatus> 1.154049955670484E-4
<3279,admissions4-0,application3-3,setStatus> 1.1587088621357648E-4
<3280,chair4,transcript4-1,read> 0.0010029812136878478
<3281,stu5-7,gradebook5-1,addScore> 1.1786016992937222E-4
<3282,admissions2-1,application4-2,setStatus> 1.2557941128010883E-4
<3283,admissions4-1,stu1-5application1-5,setStatus> 1.0082607623346523E-4
<3284,admissions4-0,stu4-19application4-19,read> 5.1948360056697556E-5
<3285,admissions0-0,stu3-13application3-13,setStatus> 1.3012115041579513E-4
<3286,admissions4-1,stu2-14application2-14,read> 4.492307489732923E-5
<3287,admissions4-1,stu4-19application4-19,read> 5.236146828776474E-5
<3288,admissions2-1,stu0-8application0-8,read> 1.1405302197341915E-4
<3289,admissions4-0,stu2-14application2-14,read> 4.456865221569349E-5
<3290,registrar2-1,roster5-7,read> 1.0603105506676875E-4
<3291,admissions4-1,stu0-8application0-8,setStatus> 1.3604574190787577E-4
<3292,registrar2-1,roster5-9,read> 1.0802276807611058E-4
<3293,admissions4-1,stu2-6application2-6,setStatus> 1.3134978648462106E-4
<3294,app0-4,application0-4,checkStatus> 6.124410081016076E-4
<3295,stu4-1,gradebook4-3,readMyScores> 9.125827007226831E-5
<3296,registrar2-1,roster0-6,read> 1.7242148871149743E-4
<3297,registrar2-1,roster0-5,read> 1.7042977570215555E-4
<3298,registrar2-1,roster0-3,read> 1.677741583563664E-4
<3299,registrar2-1,roster0-9,read> 1.8437176676754856E-4
<3300,fac5-1,gradebook5-3,assignGrade> 1.6694693889372832E-4
<3301,registrar2-0,roster0-3,read> 1.6703014878494124E-4
<3302,admissions0-1,stu1-7application1-7,read> 2.9624961191547057E-5
<3303,registrar2-0,roster0-4,read> 1.703349497501833E-4
<3304,registrar2-0,roster0-9,read> 1.8355415361115144E-4
<3305,registrar2-0,roster0-8,read> 1.822322332250546E-4
<3306,registrar2-0,roster0-1,read> 1.6570822839884447E-4
<3307,admissions2-0,stu5-4application5-4,read> 5.072180490434453E-5
<3308,admissions2-1,stu4-4application4-4,setStatus> 1.2289521427486378E-4
<3309,registrar0-1,roster5-8,write> 7.277097229713326E-5
<3310,registrar0-1,roster5-7,write> 7.369382742798198E-5
<3311,stu5-15,transcript5-15,read> 1.0166528974960563E-4
<3312,registrar0-1,roster5-9,write> 7.507811012425505E-5
<3313,registrar0-1,roster5-4,write> 6.815669664288967E-5
<3314,registrar0-1,roster5-3,write> 6.861812420831404E-5
<3315,fac5-4,gradebook5-8,assignGrade> 1.134318494766952E-4
<3316,registrar0-1,roster5-6,write> 7.00024069045871E-5
<3317,registrar0-1,roster5-5,write> 7.092526203543582E-5
<3318,stu4-9,gradebook4-1,readScore> 9.979612954388238E-5
<3319,admissions2-0,stu5-7application5-7,read> 7.2023946155517635E-6
<3320,admissions4-0,stu2-6application2-6,setStatus> 1.3031349625594553E-4
<3321,admissions2-1,stu1-2application1-2,read> 1.2310771320444568E-4
<3322,admissions2-1,stu5-7application5-7,read> 6.971456110844691E-6
<3323,admissions2-1,stu3-2application3-2,setStatus> 4.460613495521751E-5
<3324,admissions2-0,stu1-15application1-15,setStatus> 1.288150202765394E-4
<3325,admissions2-1,stu5-4application5-4,read> 4.909545444648981E-5
<3326,admissions0-0,stu2-4application2-4,read> 3.068897639044008E-5
<3327,admissions2-0,stu5-12application5-12,read> 7.024453101520483E-5
<3328,admissions2-0,stu3-1application3-1,read> 1.3084632665100038E-4
<3329,registrar4-1,roster0-2,read> 1.95348392067062E-4
<3330,admissions0-0,stu2-3application2-3,setStatus> 6.990733146790746E-5
<3331,admissions0-0,stu1-12application1-12,read> 1.140249018143166E-4
<3332,admissions2-1,stu5-5application5-5,setStatus> 7.860596368832102E-5
<3333,admissions4-0,stu5-6application5-6,read> 2.4479447537404668E-5
<3334,app0-1,application0-1,checkStatus> 6.074499778148712E-4
<3335,admissions2-1,stu4-14application4-14,read> 1.235013954318816E-4
<3336,fac0-4,gradebook0-8,changeScore> 2.354376218814957E-4
<3337,admissions4-1,stu5-6application5-6,read> 2.4674115112254806E-5
<3338,admissions2-1,stu1-15application1-15,setStatus> 1.2468467894502714E-4
<3339,fac0-3,gradebook0-6,changeScore> 2.2577037992228973E-4
<3340,admissions4-0,stu3-12application3-12,setStatus> 6.555469638854879E-5
<3341,stu5-3,gradebook5-6,addScore> 1.6962581087440816E-4
<3342,admissions4-0,stu4-16application4-16,setStatus> 1.4009719983303426E-4
<3343,admissions2-0,stu3-19application3-19,read> 1.2311858089878485E-4
<3344,fac0-2,gradebook0-4,changeScore> 2.741065897183196E-4
<3345,admissions2-0,stu5-5application5-5,setStatus> 8.120988795128818E-5
<3346,admissions2-1,stu1-18application1-18,setStatus> 1.0007953973028117E-4
<3347,admissions4-1,stu4-16application4-16,setStatus> 1.4121129287345598E-4
<3348,admissions2-1,stu3-19application3-19,read> 1.1917089093008632E-4
<3349,admissions4-1,stu5-1application5-1,read> 2.508735918950122E-5
<3350,admissions4-1,stu1-2application1-2,setStatus> 1.4684643938136168E-4
<3351,admissions2-0,stu4-11application4-11,setStatus> 1.6394113733206463E-4
<3352,stu5-1,gradebook5-7,addScore> 1.0837677106495241E-4
<3353,fac0-0,gradebook0-1,changeScore> 2.6927296873871656E-4
<3354,stu1-12,transcript1-12,read> 1.7572836761103842E-4
<3355,admissions2-1,stu4-11application4-11,setStatus> 1.5868450767813068E-4
<3356,fac3-1,gradebook3-3,assignGrade> 1.5141030003071874E-4
<3357,admissions0-1,stu5-12application5-12,setStatus> 9.42203242119595E-5
<3358,admissions2-0,stu5-7application5-7,setStatus> 8.184539335854277E-6
<3359,admissions0-1,application2-2,read> 5.026841828113286E-5
<3360,admissions4-0,stu2-7application2-7,setStatus> 8.605388483578229E-5
<3361,admissions0-0,stu1-15application1-15,read> 1.342567449808068E-4
<3362,admissions4-0,stu4-9application4-9,setStatus> 1.1167787039482416E-4
<3363,admissions2-1,application4-4,read> 1.1247829306367542E-4
<3364,admissions4-1,stu1-3application1-3,setStatus> 1.2994099985764462E-4
<3365,admissions2-1,application4-2,read> 1.1050988192649576E-4
<3366,admissions4-0,stu2-15application2-15,setStatus> 3.294235113158641E-5
<3367,stu1-10,gradebook1-7,readMyScores> 4.863586339980869E-5
<3368,stu1-10,gradebook1-3,readMyScores> 3.652887287817737E-5
<3369,admissions4-1,stu2-9application2-9,read> 1.4740760605444058E-4
<3370,admissions0-0,stu1-5application1-5,read> 1.0342726967948835E-4
<3371,admissions4-0,stu0-17application0-17,read> 1.5280436721708634E-4
<3372,admissions2-1,stu5-7application5-7,setStatus> 7.922109216868967E-6
<3373,admissions4-0,stu3-14application3-14,setStatus> 1.0841663586912793E-4
<3374,admissions2-0,stu3-0application3-0,read> 6.088989142041762E-5
<3375,admissions2-0,application4-3,read> 1.1661100552849805E-4
<3376,admissions4-1,stu4-9application4-9,setStatus> 1.1256596479160207E-4
<3377,admissions2-0,application4-4,read> 1.1620428206785513E-4
<3378,admissions2-0,application4-0,read> 1.0969670669756836E-4
<3379,stu1-10,gradebook1-8,readMyScores> 2.919860115821331E-5
<3380,stu1-11,gradebook1-7,readMyScores> 4.520778492228913E-5
<3381,admissions4-1,stu2-15application2-15,setStatus> 3.320431813859704E-5
<3382,stu1-11,gradebook1-8,readMyScores> 2.714054997525554E-5
<3383,stu1-11,gradebook1-1,readMyScores> 2.1289049360932404E-5
<3384,stu1-11,gradebook1-2,readMyScores> 1.2626642869408895E-4
<3385,admissions4-0,stu2-9application2-9,read> 1.462446269139716E-4
<3386,admissions4-1,stu0-17application0-17,read> 1.5401951129038325E-4
<3387,admissions4-0,stu1-11application1-11,read> 1.290253086182955E-4
<3388,admissions4-1,stu5-5application5-5,read> 7.261042807283914E-5
<3389,stu1-12,gradebook1-5,readMyScores> 2.6755603808255264E-5
<3390,stu1-12,gradebook1-9,readMyScores> 2.5478870995666727E-5
<3391,admissions0-1,stu1-15application1-15,read> 1.338024074343405E-4
<3392,stu1-13,gradebook1-5,readMyScores> 2.7006830135093338E-5
<3393,stu1-13,gradebook1-8,readMyScores> 2.7655062770994984E-5
<3394,stu1-13,gradebook1-1,readMyScores> 2.1692633235073303E-5
<3395,admissions0-0,stu0-14application0-14,setStatus> 1.2847895535358E-4
<3396,registrar4-1,roster0-3,write> 1.4095599516817883E-4
<3397,registrar4-1,roster0-2,write> 1.420715578669542E-4
<3398,registrar0-1,transcript4-7,read> 1.6712015982198495E-4
<3399,registrar4-1,roster0-6,write> 1.448604646138926E-4
<3400,registrar0-1,transcript4-6,read> 1.7378137441318722E-4
<3401,registrar4-1,roster0-7,write> 1.443026832645049E-4
<3402,admissions0-0,stu4-17application4-17,read> 8.36771370645812E-5
<3403,registrar4-1,roster0-4,write> 1.4374490191511723E-4
<3404,registrar4-1,roster0-5,write> 1.4318712056572954E-4
<3405,admissions2-1,stu3-9application3-9,setStatus> 7.323756967783101E-5
<3406,fac3-3,gradebook3-6,changeScore> 3.997807351879974E-4
<3407,registrar0-1,transcript4-2,read> 1.76279329884888E-4
<3408,registrar0-1,transcript4-0,read> 1.7461402623708747E-4
<3409,registrar0-0,transcript4-4,read> 1.7291475322833507E-4
<3410,admissions2-0,stu3-9application3-9,setStatus> 7.566365894252107E-5
<3411,admissions0-1,stu4-17application4-17,read> 8.339396570395656E-5
<3412,registrar0-0,transcript4-0,read> 1.7542430014073985E-4
<3413,admissions4-0,stu5-10application5-10,read> 1.4706459445186097E-4
<3414,registrar0-0,transcript4-2,read> 1.7709733141567637E-4
<3415,registrar0-0,transcript4-8,read> 1.6873217504099377E-4
<3416,registrar2-0,transcript0-13,read> 2.8513020274540144E-4
<3417,admissions4-1,application5-2,setStatus> 1.7783974517484295E-4
<3418,registrar0-0,transcript4-7,read> 1.678956594035255E-4
<3419,admissions2-1,stu3-0application3-0,read> 5.89375101323882E-5
<3420,registrar4-0,roster0-2,write> 1.3989003682485124E-4
<3421,registrar4-0,roster0-4,write> 1.4153768653062408E-4
<3422,admissions0-1,stu1-5application1-5,read> 1.0307726199867791E-4
<3423,registrar4-0,roster0-5,write> 1.4098846996203312E-4
<3424,registrar4-0,roster1-5,read> 2.0141087401592098E-4
<3425,registrar4-0,roster1-6,read> 1.9990052845229587E-4
<3426,registrar4-0,roster1-3,read> 1.9839018288867082E-4
<3427,registrar4-0,roster1-4,read> 1.976350101068583E-4
<3428,admissions2-1,stu2-0application2-0,setStatus> 8.934275170930109E-5
<3429,registrar4-0,roster1-1,read> 2.0292121957954604E-4
<3430,admissions4-1,stu3-1application3-1,read> 1.32944063350816E-4
<3431,admissions2-0,stu4-2application4-2,read> 7.634538292484866E-5
<3432,admissions0-0,application5-2,read> 1.82427800139117E-4
<3433,admissions4-1,stu5-17application5-17,read> 1.0401697794356681E-4
<3434,admissions4-0,stu5-17application5-17,setStatus> 1.1726855815316055E-4
<3435,admissions0-0,application5-0,read> 1.8098266848436766E-4
<3436,registrar4-1,roster1-6,read> 2.030178856211426E-4
<3437,registrar4-1,roster1-8,read> 2.0915348046440712E-4
<3438,stu1-16,transcript1-16,read> 1.510406749905608E-4
<3439,admissions2-0,stu3-4application3-4,setStatus> 4.5621585145032426E-5
<3440,registrar4-1,roster1-2,read> 2.0531873368736682E-4
<3441,registrar4-1,roster1-3,read> 2.0148398691032651E-4
<3442,admissions2-0,stu3-16application3-16,setStatus> 3.221819837384519E-5
<3443,admissions0-1,application5-0,read> 1.8037020598526659E-4
<3444,admissions0-1,application5-2,read> 1.818104471775633E-4
<3445,admissions0-1,stu5-1application5-1,setStatus> 3.311918272058504E-5
<3446,admissions2-1,stu3-4application3-4,setStatus> 4.4158768787676674E-5
<3447,admissions0-0,stu5-5application5-5,setStatus> 9.618245246334932E-5
<3448,admissions4-0,stu3-18application3-18,setStatus> 1.4708555953095475E-4
<3449,admissions2-1,stu4-2application4-2,read> 7.389743477495372E-5
<3450,admissions0-1,stu5-5application5-5,setStatus> 9.585696193047844E-5
<3451,registrar0-1,roster3-1,read> 1.0196347561593371E-4
<3452,admissions0-1,stu3-2application3-2,setStatus> 5.4395473061331505E-5
<3453,admissions0-1,stu1-7application1-7,setStatus> 3.366472862675802E-5
<3454,admissions2-1,stu4-8application4-8,setStatus> 7.413230201291269E-5
<3455,admissions4-1,stu4-8application4-8,read> 6.847798730037499E-5
<3456,admissions0-0,stu0-16application0-16,read> 1.149883229174828E-4
<3457,registrar0-0,transcript3-0,read> 6.082165780758813E-5
<3458,admissions4-1,stu2-15application2-15,read> 2.921979996196539E-5
<3459,admissions2-0,stu4-8application4-8,setStatus> 7.658803044398225E-5
<3460,admissions2-1,stu4-12application4-12,read> 1.2822558216111284E-4
<3461,admissions4-0,stu4-8application4-8,read> 6.793772704553967E-5
<3462,admissions4-1,stu2-8application2-8,setStatus> 1.8488367830972506E-4
<3463,admissions2-1,stu1-12application1-12,setStatus> 1.0589529990831203E-4
<3464,admissions0-0,application5-4,setStatus> 2.1004131011026416E-4
<3465,admissions4-1,stu2-14application2-14,setStatus> 5.1048948746965034E-5
<3466,admissions0-0,stu1-7application1-7,setStatus> 3.377904009917486E-5
<3467,admissions2-0,application3-0,setStatus> 1.1356289050242982E-4
<3468,admissions4-0,stu4-15application4-15,setStatus> 1.1045490744768807E-5
<3469,admissions4-1,stu2-13application2-13,setStatus> 9.519092972555958E-5
<3470,admissions2-0,stu0-9application0-9,read> 8.895381020477928E-5
<3471,admissions2-0,application3-2,setStatus> 1.1541163350535218E-4
<3472,admissions0-0,stu0-18application0-18,read> 1.8869003730969725E-4
<3473,admissions2-0,application3-4,setStatus> 1.14487262003891E-4
<3474,admissions2-1,application3-1,setStatus> 1.0947422924863872E-4
<3475,admissions4-1,stu0-0application0-0,setStatus> 1.1350515587625305E-4
<3476,admissions4-1,stu4-15application4-15,setStatus> 1.1133327649299771E-5
<3477,admissions0-1,stu2-2application2-2,setStatus> 2.9300361377374132E-5
<3478,admissions0-1,stu3-5application3-5,setStatus> 1.1876988998974385E-4
<3479,admissions2-1,application3-4,setStatus> 1.1081632775126122E-4
<3480,admissions2-1,application3-3,setStatus> 1.1126369391880208E-4
<3481,admissions2-1,application3-2,setStatus> 1.117110600863429E-4
<3482,admissions4-0,stu0-0application0-0,setStatus> 1.1260965168788022E-4
<3483,admissions2-1,stu1-18application1-18,read> 8.806999496264741E-5
<3484,admissions2-0,stu3-9application3-9,read> 6.658401986941854E-5
<3485,stu1-19,gradebook1-2,readScore> 1.9784385801820994E-5
<3486,admissions4-0,stu5-1application5-1,read> 2.4889431306349337E-5
<3487,admissions0-0,stu2-2application2-2,setStatus> 2.939985326660121E-5
<3488,admissions4-0,stu2-0application2-0,read> 8.187717518965844E-5
<3489,admissions2-1,stu3-12application3-12,read> 5.539437008546478E-5
<3490,admissions2-1,stu3-16application3-16,read> 2.744293193751334E-5
<3491,admissions0-0,stu3-5application3-5,setStatus> 1.1917318333436099E-4
<3492,admissions4-1,stu3-13application3-13,setStatus> 1.1162677370695115E-4
<3493,admissions2-0,stu1-18application1-18,read> 9.09874275079939E-5
<3494,stu1-17,gradebook1-8,readScore> 6.886759647002733E-5
<3495,admissions0-1,stu1-19application1-19,setStatus> 4.8394468093428654E-5
<3496,admissions2-1,stu3-9application3-9,read> 6.444906131649129E-5
<3497,admissions2-0,stu3-16application3-16,read> 2.8352014568983768E-5
<3498,fac4-2,gradebook4-5,assignGrade> 3.913650558038673E-4
<3499,admissions2-0,stu3-12application3-12,read> 5.72293802746313E-5
<3500,admissions0-1,stu2-4application2-4,read> 3.058512198641152E-5
<3501,admissions4-1,application4-2,setStatus> 1.3181938202694651E-4
<3502,admissions4-1,application4-3,setStatus> 1.3463695528089932E-4
<3503,admissions4-1,application4-4,setStatus> 1.3416735973857387E-4
<3504,admissions0-0,stu1-19application1-19,setStatus> 4.855879565911093E-5
<3505,admissions0-0,stu0-5application0-5,read> 1.554520092504633E-4
<3506,admissions4-0,application4-4,setStatus> 1.331088401351137E-4
<3507,admissions4-1,stu2-0application2-0,read> 8.252828592675315E-5
<3508,admissions2-1,stu4-7application4-7,setStatus> 3.3421980766696614E-5
<3509,admissions4-0,application5-0,setStatus> 1.7503899832263674E-4
<3510,admissions4-0,application5-3,setStatus> 1.7736845155527696E-4
<3511,admissions4-0,application5-4,setStatus> 1.7876612349486103E-4
<3512,admissions2-1,stu4-9application4-9,read> 9.436891060162239E-5
<3513,fac4-0,gradebook4-1,addScore> 2.1003692658013443E-4
<3514,admissions2-0,stu4-7application4-7,setStatus> 3.4529127127498166E-5
<3515,admissions4-0,stu0-8application0-8,read> 1.1877571439467874E-4
<3516,admissions0-1,stu0-5application0-5,read> 1.5492594492135856E-4
<3517,admissions4-0,stu3-15application3-15,read> 1.1549584424312138E-4
<3518,admissions4-0,stu4-1application4-1,setStatus> 1.6898241991777235E-4
<3519,admissions2-0,stu4-6application4-6,setStatus> 5.4403114408913726E-5
<3520,admissions2-1,stu2-3application2-3,setStatus> 5.713238764636093E-5
<3521,admissions2-1,stu3-7application3-7,read> 1.132656575185473E-4
<3522,stu2-18,gradebook2-5,addScore> 3.3099422502761924E-4
<3523,admissions0-1,stu4-1application4-1,setStatus> 1.978740463848269E-4
<3524,admissions2-1,stu2-2application2-2,read> 2.114401629853837E-5
<3525,admissions2-1,stu0-5application0-5,setStatus> 1.4436879031682394E-4
<3526,admissions0-0,stu1-0application1-0,read> 1.7761069462328595E-4
<3527,admissions2-0,stu2-2application2-2,read> 2.1844439198696993E-5
<3528,registrar4-0,transcript4-14,read> 3.6045975603572067E-4
<3529,admissions2-1,stu2-18application2-18,setStatus> 1.3497410079846636E-4
<3530,admissions2-0,stu2-3application2-3,setStatus> 5.902497191621967E-5
<3531,registrar2-0,transcript5-11,read> 2.4034932795752563E-5
<3532,registrar2-0,transcript5-13,read> 2.3167506649740442E-5
<3533,fac2-4,gradebook2-8,addScore> 3.4117110084058494E-4
<3534,registrar2-0,transcript5-14,read> 2.2300080503728317E-5
<3535,registrar4-0,transcript3-10,read> 3.525312105942201E-4
<3536,registrar2-0,transcript5-10,read> 2.7504637379801055E-5
<3537,registrar0-1,transcript3-17,read> 2.8868732611142566E-4
<3538,admissions0-1,stu1-10application1-10,read> 1.0403742279354234E-4
<3539,admissions0-1,stu4-8application4-8,setStatus> 9.040150286874859E-5
<3540,registrar4-1,transcript3-14,read> 3.5299615616023416E-4
<3541,registrar0-0,transcript5-17,read> 1.8159360296706827E-5
<3542,admissions2-0,stu3-15application3-15,read> 1.1457738822528345E-4
<3543,registrar2-1,transcript5-13,read> 2.3270702670451985E-5
<3544,registrar2-1,transcript5-10,read> 2.762715246835251E-5
<3545,admissions4-0,stu2-8application2-8,read> 1.6141402636492443E-4
<3546,registrar2-1,transcript5-11,read> 2.4141992630032086E-5
<3547,admissions0-0,stu1-10application1-10,read> 1.0439069078265457E-4
<3548,admissions0-0,stu4-8application4-8,setStatus> 9.070846892263229E-5
<3549,admissions4-1,stu5-9application5-9,setStatus> 2.428200283441304E-5
<3550,admissions4-1,stu0-5application0-5,read> 1.3335730742806244E-4
<3551,admissions2-1,stu5-10application5-10,setStatus> 1.6047397234829404E-4
<3552,admissions0-0,stu1-4application1-4,setStatus> 2.1277830188062274E-4
<3553,registrar4-1,transcript4-18,read> 3.7010705454604563E-4
<3554,registrar2-0,transcript5-19,read> 1.6228097481643462E-5
<3555,registrar2-0,transcript5-18,read> 1.7962949773667705E-5
<3556,registrar2-0,transcript5-17,read> 1.8830375919679826E-5
<3557,admissions0-0,stu0-1application0-1,read> 1.4792528188197733E-5
<3558,registrar2-0,transcript5-16,read> 1.969780206569195E-5
<3559,registrar4-0,transcript3-15,read> 3.465848015130948E-4
<3560,registrar2-0,transcript5-15,read> 2.1432654357716196E-5
<3561,admissions2-1,stu3-15application3-15,read> 1.1090356415393168E-4
<3562,admissions4-1,stu1-18application1-18,setStatus> 1.0505243611439451E-4
<3563,admissions0-1,stu0-1application0-1,read> 1.4742468871147996E-5
<3564,registrar2-1,transcript5-16,read> 1.9785542832131558E-5
<3565,registrar2-1,transcript5-19,read> 1.630038299381114E-5
<3566,registrar2-1,transcript5-18,read> 1.804296291297135E-5
<3567,stu2-16,gradebook2-3,addScore> 4.3156625787238207E-4
<3568,admissions4-1,stu3-15application3-15,read> 1.1641430026095933E-4
<3569,registrar0-0,roster4-5,read> 8.777626193994239E-5
<3570,admissions2-1,stu0-6application0-6,setStatus> 4.952716279816671E-5
<3571,stu1-6,stu1-6application1-6,checkStatus> 2.5308682745658965E-4
<3572,admissions0-0,stu1-14application1-14,read> 1.63641088627376E-4
<3573,admissions2-1,application5-1,read> 1.4830337576034555E-4
<3574,admissions0-0,stu0-12application0-12,setStatus> 5.512757590797139E-5
<3575,admissions0-1,application0-0,setStatus> 6.857966662182914E-5
<3576,admissions2-1,application5-0,read> 1.479096935329096E-4
<3577,admissions0-1,application0-2,setStatus> 6.585193709096421E-5
<3578,admissions2-1,application5-3,read> 1.498781046700893E-4
<3579,admissions2-1,application5-2,read> 1.4909074021521746E-4
<3580,fac4-3,gradebook4-7,readScore> 1.8171213220628284E-4
<3581,registrar0-1,transcript3-0,read> 6.054072636274939E-5
<3582,registrar0-1,transcript3-3,read> 6.137337818664966E-5
<3583,registrar0-1,transcript3-4,read> 6.470398548225076E-5
<3584,registrar0-1,transcript3-2,read> 6.303868183445022E-5
<3585,admissions2-0,stu0-6application0-6,setStatus> 5.116781415379956E-5
<3586,registrar0-1,transcript3-8,read> 5.721011906714826E-5
<3587,registrar0-1,transcript3-5,read> 6.387133365835049E-5
<3588,registrar0-1,transcript3-6,read> 6.636928913005132E-5
<3589,registrar0-1,roster5-4,read> 9.37154578839733E-5
<3590,registrar0-1,roster5-5,read> 9.752223529872426E-5
<3591,registrar0-1,roster5-6,read> 9.625330949380727E-5
<3592,admissions0-1,application0-4,setStatus> 6.694302890331019E-5
<3593,registrar0-1,roster5-9,read> 1.0323240142085069E-4
<3594,admissions0-1,stu3-12application3-12,setStatus> 7.676285521442396E-5
<3595,stu3-14,gradebook3-7,readScore> 3.701159503442893E-5
<3596,admissions0-1,application0-3,setStatus> 6.748857480948318E-5
<3597,admissions0-0,application0-0,setStatus> 6.881253475976405E-5
<3598,admissions0-0,application0-1,setStatus> 6.662294134347722E-5
<3599,admissions2-0,application5-2,read> 1.54029563907647E-4
<3600,admissions2-0,application5-1,read> 1.5321611698636115E-4
<3601,admissions2-0,application5-4,read> 1.560631812108616E-4
<3602,admissions2-0,application5-3,read> 1.5484301082893282E-4
<3603,registrar0-0,transcript3-1,read> 5.998514217011987E-5
<3604,registrar0-0,transcript3-3,read> 6.165817344505638E-5
<3605,registrar2-0,transcript4-3,read> 1.784367867859104E-4
<3606,registrar0-0,transcript3-4,read> 6.500423599492943E-5
<3607,registrar0-0,transcript3-6,read> 6.667726726986596E-5
<3608,registrar0-0,transcript3-7,read> 6.58407516323977E-5
<3609,registrar0-0,transcript3-8,read> 5.747559525771508E-5
<3610,registrar0-0,transcript3-9,read> 5.663907962024683E-5
<3611,admissions0-0,application0-3,setStatus> 6.771773805162065E-5
<3612,registrar0-1,roster5-3,read> 9.434992078643182E-5
<3613,registrar0-1,roster5-1,read> 1.1211488205526961E-4
<3614,admissions0-1,stu0-12application0-12,setStatus> 5.494101896750448E-5
<3615,registrar4-0,roster1-5,write> 1.4648063564794253E-4
<3616,stu0-10,gradebook0-4,readScore> 4.2431218780237864E-5
<3617,fac4-0,gradebook4-1,assignGrade> 3.792810033548597E-4
<3618,registrar4-0,roster1-4,write> 1.4373455280498784E-4
<3619,fac4-2,gradebook4-5,readScore> 1.253863096300807E-4
<3620,registrar4-0,roster1-7,write> 1.4922671849089725E-4
<3621,registrar4-0,roster1-9,write> 1.5032515162807913E-4
<3622,registrar0-0,roster5-9,read> 1.0371143808637669E-4
<3623,admissions2-1,stu0-11application0-11,read> 1.3216240443547219E-4
<3624,registrar0-0,roster5-7,read> 1.0179921694880458E-4
<3625,registrar0-0,roster5-8,read> 1.0052440285708984E-4
<3626,registrar0-0,transcript2-14,read> 2.81661786099209E-4
<3627,registrar0-0,roster5-5,read> 9.797477467366034E-5
<3628,registrar0-0,roster5-6,read> 9.66999605819456E-5
<3629,registrar0-0,roster5-3,read> 9.47877394443735E-5
<3630,registrar0-0,roster5-4,read> 9.415033239851613E-5
<3631,registrar2-1,roster4-8,write> 6.35939881063598E-5
<3632,registrar4-1,roster1-1,write> 1.4988049675838174E-4
<3633,admissions0-1,stu5-8application5-8,setStatus> 2.087849645082866E-4
<3634,registrar4-1,roster1-7,write> 1.5155384080654477E-4
<3635,registrar4-1,roster1-6,write> 1.4764937136083097E-4
<3636,registrar4-1,roster1-3,write> 1.4653380866205565E-4
<3637,registrar4-1,roster1-4,write> 1.4597602731266797E-4
<3638,admissions2-1,stu2-0application2-0,read> 7.862162150418494E-5
<3639,admissions2-0,stu3-1application3-1,setStatus> 1.48689007557955E-4
<3640,admissions2-0,stu2-0application2-0,read> 8.122606445256375E-5
<3641,fac4-1,gradebook4-2,addScore> 3.411819054668486E-4
<3642,registrar0-1,roster3-2,write> 7.323239986255761E-5
<3643,admissions2-1,stu4-0application4-0,setStatus> 5.31060921384934E-5
<3644,fac4-2,gradebook4-5,addScore> 3.4033426899593335E-4
<3645,admissions0-0,stu0-2application0-2,read> 8.048580466034317E-6
<3646,registrar2-1,roster4-9,write> 6.214546955411116E-5
<3647,admissions4-0,stu0-0application0-0,read> 9.909649348533457E-5
<3648,admissions4-1,application1-3,setStatus> 2.099483403813472E-5
<3649,admissions4-1,application1-2,setStatus> 2.0525238495809247E-5
<3650,admissions4-1,application1-4,setStatus> 1.3481305360927142E-5
<3651,admissions4-1,application1-1,setStatus> 1.9586047411158297E-5
<3652,admissions0-1,stu4-10application4-10,read> 2.8184719999250375E-5
<3653,admissions4-1,application1-0,setStatus> 1.8646856326507348E-5
<3654,admissions4-1,stu1-17application1-17,setStatus> 5.621449971254524E-5
<3655,registrar2-1,transcript5-9,read> 2.6026157167624066E-4
<3656,admissions4-0,stu4-2application4-2,read> 7.69573699623224E-5
<3657,registrar2-1,transcript5-0,read> 2.541625419591799E-4
<3658,admissions4-0,application1-4,setStatus> 1.3374943977408977E-5
<3659,admissions4-0,application1-3,setStatus> 2.082919432185752E-5
<3660,admissions4-0,application1-2,setStatus> 2.0363303675329486E-5
<3661,registrar2-0,transcript5-0,read> 2.5303543534295296E-4
<3662,admissions4-0,application1-0,setStatus> 1.849974108921735E-5
<3663,admissions4-0,application0-4,read> 5.030842498091887E-5
<3664,registrar2-0,transcript5-6,read> 2.5823999221902564E-4
<3665,admissions0-0,stu5-13application5-13,read> 1.8001924738120147E-4
<3666,registrar2-0,transcript5-8,read> 2.599748445110499E-4
<3667,admissions0-1,stu2-5application2-5,setStatus> 1.4768382301691215E-4
<3668,admissions0-1,stu0-6application0-6,setStatus> 6.039647802923435E-5
<3669,admissions4-1,stu5-19application5-19,setStatus> 2.9447553799993247E-5
<3670,admissions4-0,stu1-16application1-16,setStatus> 1.0329183875731955E-4
<3671,registrar0-0,transcript2-17,read> 2.8751739556148677E-4
<3672,registrar2-0,transcript0-17,read> 2.773233674312923E-4
<3673,registrar0-0,transcript2-16,read> 2.8500784864908204E-4
<3674,admissions0-0,stu0-6application0-6,setStatus> 6.060155944868846E-5
<3675,registrar2-0,transcript0-14,read> 2.842627765993893E-4
<3676,admissions0-1,stu2-11application2-11,setStatus> 7.4580671589732E-5
<3677,registrar2-0,transcript0-12,read> 2.8686505503742576E-4
<3678,registrar2-0,transcript0-11,read> 2.8079307201534084E-4
<3679,registrar0-0,transcript2-10,read> 2.7747920791186764E-4
<3680,registrar2-0,transcript0-10,read> 2.8166049816135297E-4
<3681,admissions4-1,stu5-6application5-6,setStatus> 2.8038767173016827E-5
<3682,admissions4-0,stu1-17application1-17,setStatus> 5.577099281146008E-5
<3683,admissions4-1,stu1-16application1-16,setStatus> 1.0411324502974356E-4
<3684,admissions2-0,stu2-1application2-1,read> 9.139415096863683E-5
<3685,registrar0-1,transcript2-16,read> 2.836914151680239E-4
<3686,registrar2-1,transcript0-16,read> 2.79429950787003E-4
<3687,admissions0-0,stu2-11application2-11,setStatus> 7.483391665455282E-5
<3688,registrar2-1,transcript0-15,read> 2.846576905444836E-4
<3689,admissions0-1,stu5-4application5-4,setStatus> 6.803412071565616E-5
<3690,admissions4-0,stu4-10application4-10,read> 2.4069463768459992E-5
<3691,stu0-5,gradebook0-5,readScore> 2.709623067282828E-5
<3692,admissions4-0,stu2-10application2-10,read> 9.950647725427926E-5
<3693,registrar0-1,transcript3-14,read> 2.9201793340702674E-4
<3694,registrar2-1,transcript1-14,read> 3.372618218541325E-5
<3695,stu4-5,gradebook4-4,readMyScores> 1.1136656442235284E-4
<3696,registrar2-1,transcript1-15,read> 3.111231230667293E-5
<3697,admissions0-0,application3-3,read> 1.198054284333138E-4
<3698,registrar2-1,transcript1-12,read> 3.721134202373367E-5
<3699,stu0-19,gradebook0-7,readMyScores> 1.2350590170372576E-5
<3700,admissions4-1,stu0-16application0-16,read> 9.864480493936341E-5
<3701,registrar2-1,transcript1-13,read> 3.285489222583314E-5
<3702,registrar2-1,transcript1-18,read> 3.0241022347092825E-5
<3703,registrar2-1,transcript1-19,read> 2.849844242793261E-5
<3704,stu3-8,transcript3-8,read> 2.827083689664413E-4
<3705,stu0-19,gradebook0-3,readMyScores> 1.7140998834460324E-5
<3706,chair4,transcript4-4,read> 9.839410324511395E-4
<3707,fac5-2,gradebook5-5,readScore> 1.1397811963361622E-4
<3708,registrar4-0,roster0-2,read> 1.9234880063417043E-4
<3709,admissions0-1,stu1-6application1-6,read> 2.4344076819792555E-5
<3710,stu0-19,gradebook0-1,readMyScores> 1.7693669163547935E-5
<3711,registrar4-0,roster0-3,read> 1.9083845507054535E-4
<3712,registrar4-0,roster0-1,read> 1.8932810950692024E-4
<3713,admissions0-1,stu4-5application4-5,setStatus> 8.440049790084573E-5
<3714,admissions0-0,stu1-15application1-15,setStatus> 1.5256448293273503E-4
<3715,admissions0-0,stu3-11application3-11,setStatus> 1.350477356024405E-4
<3716,admissions0-0,stu5-4application5-4,setStatus> 6.826513640569235E-5
<3717,registrar4-0,roster0-9,read> 2.0971777461585898E-4
<3718,registrar4-0,roster0-6,read> 1.9612466454323318E-4
<3719,stu0-9,transcript0-9,read> 4.802099099302621E-4
<3720,registrar4-0,roster0-7,read> 1.9536949176142063E-4
<3721,admissions0-0,stu2-16application2-16,setStatus> 1.1205700473142882E-4
<3722,admissions4-0,stu5-19application5-19,setStatus> 2.9215225959362136E-5
<3723,admissions0-1,stu2-17application2-17,setStatus> 1.1658770636505193E-4
<3724,stu0-18,gradebook0-3,readMyScores> 1.7221284543286838E-5
<3725,stu0-18,gradebook0-5,readMyScores> 1.4551450645339794E-5
<3726,stu0-18,gradebook0-1,readMyScores> 1.7776543492182818E-5
<3727,registrar4-1,roster0-3,read> 1.9381449335624586E-4
<3728,registrar4-1,roster0-4,read> 1.9764924013328618E-4
<3729,admissions4-0,stu5-6application5-6,setStatus> 2.7817554019778033E-5
<3730,admissions0-1,stu2-15application2-15,read> 3.394568476843711E-5
<3731,registrar4-1,roster0-6,read> 1.9918313884410233E-4
<3732,admissions0-0,stu2-5application2-5,setStatus> 1.4818529610016143E-4
<3733,admissions0-1,stu1-3application1-3,read> 1.3284224663947605E-4
<3734,stu0-17,gradebook0-3,readMyScores> 1.6980427416807303E-5
<3735,registrar0-0,transcript3-10,read> 2.9755558321110595E-4
<3736,registrar2-0,transcript1-10,read> 3.9648603423970775E-5
<3737,admissions0-1,application5-2,setStatus> 2.066027808835947E-4
<3738,admissions0-1,application5-4,setStatus> 2.0933051041445956E-4
<3739,stu0-16,gradebook0-8,readMyScores> 1.615320493077191E-5
<3740,admissions4-1,stu4-10application4-10,read> 2.4260871035008387E-5
<3741,registrar0-0,transcript3-19,read> 2.866808799240186E-4
<3742,registrar2-0,transcript1-19,read> 2.8372063525813172E-5
<3743,admissions4-1,stu4-2application4-2,read> 7.756935699979614E-5
<3744,registrar2-0,transcript1-15,read> 3.097434196384955E-5
<3745,registrar2-0,transcript1-16,read> 3.184176810986167E-5
<3746,registrar0-0,transcript3-17,read> 2.9002694247389166E-4
<3747,registrar2-0,transcript1-17,read> 2.9239489671825304E-5
<3748,registrar0-0,transcript3-18,read> 2.883539111989551E-4
<3749,registrar2-0,transcript1-18,read> 3.010691581783742E-5
<3750,registrar2-0,transcript1-11,read> 3.531147269391016E-5
<3751,stu0-16,gradebook0-4,readMyScores> 3.240011209017297E-5
<3752,registrar0-0,transcript3-13,read> 2.942095206612329E-4
<3753,registrar2-0,transcript1-13,read> 3.2709194255873785E-5
<3754,registrar0-0,transcript3-14,read> 2.9337300502376465E-4
<3755,registrar0-1,transcript3-11,read> 2.9451588887872754E-4
<3756,registrar2-1,transcript1-10,read> 3.982521190247399E-5
<3757,admissions0-0,stu1-6application1-6,read> 2.442673921985976E-5
<3758,admissions0-0,application5-1,setStatus> 2.0620952163176226E-4
<3759,stu2-2,stu2-2application2-2,checkStatus> 2.680599183167987E-4
<3760,admissions4-0,stu3-8application3-8,read> 1.2984527615618485E-4
<3761,admissions0-0,stu5-14application5-14,setStatus> 3.542123516138998E-5
<3762,stu0-15,gradebook0-2,readMyScores> 1.721339752904057E-5
<3763,stu0-15,gradebook0-7,readMyScores> 1.2119197380295336E-5
<3764,stu0-15,gradebook0-9,readMyScores> 1.574363257151022E-5
<3765,registrar0-0,roster3-6,write> 7.77443442295735E-5
<3766,registrar0-0,roster3-5,write> 7.728077546894995E-5
<3767,registrar0-0,roster3-4,write> 7.496293166583224E-5
<3768,registrar0-0,roster3-9,write> 7.913505051144413E-5
<3769,admissions0-1,stu5-14application5-14,setStatus> 3.530136634527698E-5
<3770,admissions0-1,stu3-0application3-0,read> 7.187203616558311E-5
<3771,stu2-5,gradebook2-9,readScore> 2.998789941683023E-4
<3772,fac3-4,gradebook3-9,assignGrade> 1.4795771361671657E-4
<3773,admissions4-0,stu2-3application2-3,read> 5.235834382564222E-5
<3774,stu0-14,gradebook0-8,readMyScores> 1.6001174766717582E-5
<3775,stu0-14,gradebook0-7,readMyScores> 1.2177045577814647E-5
<3776,admissions0-0,stu3-9application3-9,setStatus> 8.961367221448886E-5
<3777,registrar2-1,roster4-7,write> 6.890522279793809E-5
<3778,registrar2-1,roster4-6,write> 7.035374135018672E-5
<3779,admissions2-1,stu2-14application2-14,setStatus> 4.8632430463085036E-5
<3780,registrar2-1,roster4-5,write> 6.649102521085705E-5
<3781,registrar2-1,roster4-4,write> 6.745670424568947E-5
<3782,registrar2-1,roster4-3,write> 8.773596397717021E-5
<3783,admissions2-1,stu5-9application5-9,read> 2.03566518436665E-5
<3784,stu0-13,gradebook0-2,readMyScores> 1.7049069151675026E-5
<3785,admissions2-1,stu4-12application4-12,setStatus> 1.4571088881944641E-4
<3786,admissions0-1,stu2-2application2-2,read> 2.5784318012089233E-5
<3787,stu0-13,gradebook0-3,readMyScores> 1.6659284581501252E-5
<3788,stu0-13,gradebook0-6,readMyScores> 1.7302854299922414E-5
<3789,admissions2-0,stu0-19application0-19,read> 8.04126175312779E-5
<3790,admissions4-1,stu2-3application2-3,read> 5.277471236501115E-5
<3791,admissions4-0,stu4-14application4-14,read> 1.2861532484935082E-4
<3792,admissions0-1,stu3-9application3-9,setStatus> 8.931041105640262E-5
<3793,stu4-2,gradebook4-9,readScore> 1.0333086025858776E-4
<3794,admissions2-0,stu5-9application5-9,read> 2.1030992277411148E-5
<3795,admissions4-1,stu2-10application2-10,read> 1.0029778124834909E-4
<3796,stu0-12,gradebook0-6,readMyScores> 1.7386241549560596E-5
<3797,admissions2-1,stu0-19application0-19,read> 7.783425704931308E-5
<3798,admissions4-1,stu2-1application2-1,setStatus> 1.0552203165671998E-4
<3799,stu0-12,gradebook0-9,readMyScores> 1.566848396735027E-5
<3800,admissions2-0,stu0-2application0-2,read> 6.79567115490884E-6
<3801,admissions2-1,stu5-5application5-5,read> 6.91732480457225E-5
<3802,admissions4-1,stu4-6application4-6,setStatus> 5.52753086278943E-5
<3803,fac0-4,gradebook0-8,addScore> 1.6431284579621275E-4
<3804,stu0-11,gradebook0-8,readMyScores> 1.5621099356581774E-5
<3805,fac0-4,gradebook0-9,addScore> 7.016009827868309E-5
<3806,stu0-11,gradebook0-1,readMyScores> 1.7030674534468853E-5
<3807,admissions2-1,stu2-13application2-13,read> 7.980266818649278E-5
<3808,admissions2-0,stu5-5application5-5,read> 7.146470139713359E-5
<3809,admissions0-0,stu4-4application4-4,setStatus> 1.503748895164482E-4
<3810,stu0-10,gradebook0-8,readMyScores> 1.5697114438608935E-5
<3811,fac0-3,gradebook0-7,addScore> 6.606549923230801E-5
<3812,registrar0-0,transcript5-10,read> 2.6524516671389438E-5
<3813,stu0-10,gradebook0-2,readMyScores> 1.6966904962992255E-5
<3814,stu0-10,gradebook0-3,readMyScores> 1.6578998872674738E-5
<3815,admissions0-0,stu2-2application2-2,read> 2.587187087460906E-5
<3816,admissions2-0,stu2-13application2-13,read> 8.244623483449253E-5
<3817,admissions0-0,stu2-19application2-19,setStatus> 1.2683676029136488E-4
<3818,registrar0-1,roster3-1,write> 7.415525499340632E-5
<3819,registrar0-1,roster3-3,write> 7.600096525510376E-5
<3820,registrar0-1,roster3-9,write> 7.876953064764992E-5
<3821,registrar0-1,roster3-5,write> 7.692382038595247E-5
<3822,registrar0-1,roster3-6,write> 7.738524795137684E-5
<3823,registrar0-1,roster3-7,write> 7.784667551680121E-5
<3824,admissions4-1,stu0-13application0-13,read> 1.3625001596878733E-4
<3825,registrar0-1,roster3-8,write> 7.830810308222556E-5
<3826,admissions0-0,stu1-18application1-18,setStatus> 1.2245757345879122E-4
<3827,admissions0-1,stu5-7application5-7,setStatus> 9.660708755146631E-6
<3828,admissions0-1,stu4-3application4-3,setStatus> 2.1314933175767053E-4
<3829,admissions4-0,stu4-6application4-6,setStatus> 5.4839211518404E-5
<3830,admissions2-1,stu0-2application0-2,read> 6.577773883408756E-6
<3831,admissions4-0,stu1-8application1-8,setStatus> 1.1913212073927269E-4
<3832,admissions0-0,stu5-7application5-7,setStatus> 9.693512520019794E-6
<3833,admissions0-1,stu0-4application0-4,setStatus> 1.384095426119714E-4
<3834,admissions4-1,stu3-6application3-6,read> 1.5484599944487612E-4
<3835,stu4-6,gradebook4-8,readMyScores> 1.2377554183215107E-4
<3836,stu4-6,gradebook4-9,readMyScores> 1.5008476624099623E-4
<3837,admissions2-1,stu3-18application3-18,setStatus> 1.412372271440381E-4
<3838,admissions0-0,stu2-13application2-13,setStatus> 1.109622080232854E-4
<3839,admissions0-0,stu3-19application3-19,read> 1.4581779821880127E-4
<3840,admissions2-0,stu5-1application5-1,setStatus> 2.8058526617269836E-5
<3841,admissions4-0,stu3-5application3-5,read> 8.92568830306625E-5
<3842,admissions0-0,stu5-15application5-15,setStatus> 4.417960882653727E-5
<3843,fac4-1,gradebook4-3,readScore> 9.87087431659625E-5
<3844,admissions2-0,stu3-18application3-18,setStatus> 1.4591589305357146E-4
<3845,admissions0-0,stu0-10application0-10,setStatus> 2.1332570023469444E-4
<3846,stu3-14,gradebook3-7,addScore> 1.0046004366487855E-4
<3847,stu4-5,gradebook4-2,readMyScores> 8.050873494333371E-5
<3848,admissions2-1,stu5-12application5-12,setStatus> 7.726386518569854E-5
<3849,admissions0-1,stu0-14application0-14,read> 1.126788699473225E-4
<3850,admissions4-1,stu1-4application1-4,setStatus> 1.8253570059809766E-4
<3851,admissions2-1,stu1-5application1-5,read> 8.452685491572398E-5
<3852,registrar0-0,transcript1-11,read> 3.405315740860379E-5
<3853,registrar0-0,transcript1-12,read> 3.5726188683540305E-5
<3854,stu3-13,gradebook3-8,addScore> 1.5590740537763302E-4
<3855,registrar0-0,transcript1-15,read> 2.9870579221262483E-5
<3856,registrar0-0,transcript1-16,read> 3.070709485873074E-5
<3857,stu2-0,gradebook2-8,readMyScores> 1.7217465479213103E-4
<3858,registrar0-0,transcript1-13,read> 3.1543610496199003E-5
<3859,registrar0-0,transcript5-0,read> 2.4401858241313726E-4
<3860,registrar0-0,transcript1-14,read> 3.2380126133667264E-5
<3861,registrar0-0,transcript1-19,read> 2.7361032308857698E-5
<3862,stu4-4,gradebook4-2,readMyScores> 7.784973085346213E-5
<3863,stu4-4,gradebook4-3,readMyScores> 9.266494860902776E-5
<3864,registrar0-0,transcript1-18,read> 2.9034063583794222E-5
<3865,admissions2-0,stu1-2application1-2,setStatus> 1.4452933580137963E-4
<3866,admissions2-0,stu0-7application0-7,setStatus> 9.969731798051198E-5
<3867,admissions0-1,stu0-8application0-8,setStatus> 1.5804919523419887E-4
<3868,fac4-3,gradebook4-6,readScore> 1.3282813197220062E-4
<3869,stu4-3,gradebook4-6,readMyScores> 1.1180126818206866E-4
<3870,stu4-3,gradebook4-7,readMyScores> 1.032218828707192E-4
<3871,stu4-3,gradebook4-2,readMyScores> 7.873606555008598E-5
<3872,admissions4-0,stu3-3application3-3,read> 1.5239438344814165E-4
<3873,admissions4-1,stu1-9application1-9,setStatus> 1.426200795004324E-4
<3874,fac4-4,gradebook4-9,readScore> 8.917594789439766E-5
<3875,fac4-4,gradebook4-8,readScore> 1.3062887931734535E-4
<3876,admissions2-0,stu5-9application5-9,setStatus> 2.389885486069449E-5
<3877,admissions4-0,stu2-5application2-5,read> 1.1098602278473002E-4
<3878,admissions2-1,stu3-10application3-10,setStatus> 4.5500867290299184E-5
<3879,admissions4-0,stu2-11application2-11,read> 5.604819774614425E-5
<3880,admissions2-1,stu3-0application3-0,setStatus> 6.697444333225932E-5
<3881,admissions2-1,stu5-9application5-9,setStatus> 2.313255891325739E-5
<3882,admissions0-0,stu3-12application3-12,setStatus> 7.702351007083965E-5
<3883,admissions0-1,stu3-1application3-1,setStatus> 1.7550666423173442E-4
<3884,admissions2-0,stu3-10application3-10,setStatus> 4.700814239722421E-5
<3885,stu4-9,gradebook4-9,readMyScores> 1.5621067506715931E-4
<3886,registrar2-1,roster5-1,write> 8.532176639008917E-5
<3887,registrar2-1,roster5-2,write> 8.580460590750537E-5
<3888,registrar2-1,roster5-3,write> 7.180225990243535E-5
<3889,admissions4-1,stu2-11application2-11,read> 5.6493909060228904E-5
<3890,registrar2-1,roster5-5,write> 7.421645748951639E-5
<3891,registrar2-1,roster5-9,write> 7.856201314626225E-5
<3892,admissions2-0,stu4-17application4-17,read> 7.065125447584775E-5
<3893,admissions2-1,stu1-19application1-19,read> 3.4922894258796125E-5
<3894,stu3-17,gradebook3-1,addScore> 5.6813942626035576E-5
<3895,registrar2-0,roster5-3,write> 7.148384633302321E-5
<3896,registrar2-0,roster5-1,write> 8.494339935509986E-5
<3897,stu4-8,gradebook4-4,readMyScores> 1.1259261834259891E-4
<3898,registrar2-0,roster5-8,write> 7.581013123297641E-5
<3899,registrar2-0,roster5-6,write> 7.292594129967427E-5
<3900,registrar2-0,roster5-7,write> 7.677152787741046E-5
<3901,admissions2-0,stu0-3application0-3,read> 6.373695564491806E-5
<3902,registrar2-0,roster5-4,write> 7.100314801080618E-5
<3903,admissions0-1,stu0-10application0-10,setStatus> 2.1260378585149755E-4
<3904,admissions2-1,stu4-17application4-17,read> 6.838588359085062E-5
<3905,admissions4-0,stu1-9application1-9,setStatus> 1.4149487177261832E-4
<3906,admissions4-1,stu3-5application3-5,read> 8.996667931718865E-5
<3907,admissions0-1,stu5-15application5-15,setStatus> 4.403010084404477E-5
<3908,admissions2-1,stu5-1application5-1,setStatus> 2.7158854421124913E-5
<3909,stu4-7,gradebook4-2,readMyScores> 8.228140433658142E-5
<3910,admissions4-1,stu2-5application2-5,read> 1.1186861541124876E-4
<3911,admissions0-1,stu3-19application3-19,read> 1.4532433697271398E-4
<3912,admissions4-0,stu4-3application4-3,read> 1.6018407505809042E-4
<3913,stu3-16,gradebook3-7,addScore> 9.930863915296018E-5
<3914,admissions2-0,stu3-0application3-0,setStatus> 6.919305843229275E-5
<3915,registrar0-1,roster4-9,read> 8.166066273726192E-5
<3916,registrar0-1,roster4-6,read> 9.244653207905633E-5
<3917,registrar0-1,roster4-8,read> 8.35640514446374E-5
<3918,admissions0-0,stu4-9application4-9,read> 1.154700334690659E-4
<3919,fac5-3,gradebook5-7,readScore> 3.43428530337154E-5
<3920,admissions0-0,stu3-4application3-4,read> 4.7548845695848616E-5
<3921,fac5-3,gradebook5-6,readScore> 5.5212898072048035E-5
<3922,admissions2-1,stu0-3application0-3,read> 6.169328572443973E-5
<3923,admissions2-0,stu1-19application1-19,read> 3.607976032119931E-5
<3924,admissions2-1,stu0-14application0-14,setStatus> 1.0500056757323038E-4
<3925,admissions0-1,stu4-9application4-9,read> 1.150792719344836E-4
<3926,fac5-4,gradebook5-9,readScore> 8.290730101472946E-5
<3927,fac5-4,gradebook5-8,readScore> 8.1664468269974E-5
<3928,admissions2-1,stu1-5application1-5,setStatus> 9.605324422241364E-5
<3929,admissions2-0,stu0-14application0-14,setStatus> 1.0847884724439328E-4
<3930,admissions0-1,stu3-4application3-4,read> 4.738793589653949E-5
<3931,admissions0-1,stu2-16application2-16,setStatus> 1.1167779320949506E-4
<3932,admissions2-1,stu2-15application2-15,setStatus> 3.163251609653328E-5
<3933,stu4-2,gradebook4-4,readMyScores> 1.0441892554095832E-4
<3934,stu3-11,gradebook3-3,addScore> 8.354436141766415E-5
<3935,stu4-2,gradebook4-7,readMyScores> 9.896131734885087E-5
<3936,admissions0-1,stu4-19application4-19,read> 6.083018702464187E-5
<3937,admissions2-1,stu2-14application2-14,read> 4.279653880751483E-5
<3938,admissions0-1,application2-4,read> 5.554930265288737E-5
<3939,admissions0-1,application2-3,read> 5.4589141858022916E-5
<3940,admissions0-0,stu3-17application3-17,read> 1.3666529773872236E-4
<3941,admissions0-0,stu5-9application5-9,setStatus> 2.8305056558457805E-5
<3942,admissions0-1,application2-1,read> 4.978833788370063E-5
<3943,admissions2-0,stu0-11application0-11,read> 1.365404551000013E-4
<3944,admissions2-0,stu3-13application3-13,setStatus> 1.0986540449658505E-4
<3945,admissions0-0,stu4-19application4-19,read> 6.103674114017547E-5
<3946,stu3-10,gradebook3-6,addScore> 9.571826283964501E-5
<3947,admissions0-0,application2-3,read> 5.477450396959514E-5
<3948,admissions0-0,application2-2,read> 5.0439109005347225E-5
<3949,fac5-0,gradebook5-1,readScore> 3.635904259617076E-5
<3950,admissions0-0,application2-4,read> 5.573792507276134E-5
<3951,admissions0-0,application2-1,read> 4.995739845376413E-5
<3952,admissions0-0,application2-0,read> 4.947568790218102E-5
<3953,admissions2-1,stu2-1application2-1,read> 8.846367719008336E-5
<3954,admissions2-0,stu4-19application4-19,read> 5.15352518256304E-5
<3955,admissions4-1,stu5-2application5-2,setStatus> 1.3369776419624841E-4
<3956,stu4-0,gradebook4-7,readMyScores> 9.779934493379587E-5
<3957,stu4-0,gradebook4-3,readMyScores> 8.87965826329393E-5
<3958,stu4-0,gradebook4-2,readMyScores> 7.459983696584131E-5
<3959,registrar2-0,transcript4-9,read> 1.7670193449388614E-4
<3960,admissions2-0,stu1-5application1-5,setStatus> 9.923513222978139E-5
<3961,registrar2-0,transcript4-1,read> 1.82773917515971E-4
<3962,registrar0-0,roster4-1,read> 1.1454735786595203E-4
<3963,registrar2-0,transcript4-5,read> 1.8017163907793458E-4
<3964,registrar0-0,roster4-3,read> 1.1582217195766675E-4
<3965,registrar2-0,transcript4-7,read> 1.7409965605584974E-4
<3966,registrar0-0,roster4-2,read> 1.1518476491180942E-4
<3967,registrar0-0,roster4-6,read> 9.287551830680136E-5
<3968,registrar0-0,roster4-7,read> 9.096329716922924E-5
<3969,registrar0-0,roster4-4,read> 8.905107603165712E-5
<3970,registrar2-1,transcript4-0,read> 1.8271676527361125E-4
<3971,admissions2-1,stu4-19application4-19,read> 4.988281890136168E-5
<3972,registrar0-0,roster4-8,read> 8.395181966479815E-5
<3973,fac5-2,gradebook5-4,readScore> 7.653484772807538E-5
<3974,admissions2-0,stu2-14application2-14,read> 4.421422953405776E-5
<3975,registrar2-1,transcript4-5,read> 1.8097418535445103E-4
<3976,registrar2-1,transcript4-3,read> 1.7923160543529087E-4
<3977,admissions4-0,stu2-19application2-19,read> 9.499665579588789E-5
<3978,registrar2-1,transcript4-7,read> 1.748751556373903E-4
<3979,registrar2-1,transcript4-6,read> 1.818454753140312E-4
<3980,registrar0-1,roster4-1,read> 1.1401827076264507E-4
<3981,admissions0-0,application3-4,read> 1.1932371788173069E-4
<3982,admissions0-0,application3-2,read> 1.2028713898489691E-4
<3983,admissions2-1,stu4-10application4-10,read> 2.311242743571805E-5
<3984,admissions0-0,application3-0,read> 1.1836029677856449E-4
<3985,admissions2-0,stu1-13application1-13,setStatus> 1.1125196174877686E-4
<3986,admissions4-0,stu5-14application5-14,read> 2.6529366382128012E-5
<3987,admissions2-1,stu3-12application3-12,setStatus> 6.29481478243918E-5
<3988,fac0-1,gradebook0-2,assignGrade> 9.444262419968344E-5
<3989,fac0-1,gradebook0-3,assignGrade> 9.962150382068664E-5
<3990,stu0-7,gradebook0-9,readMyScores> 2.1905818112626395E-5
<3991,stu0-7,gradebook0-5,readMyScores> 1.9775048312897668E-5
<3992,stu0-7,gradebook0-3,readMyScores> 2.340328412292826E-5
<3993,admissions0-0,stu0-19application0-19,read> 9.523819030257563E-5
<3994,admissions4-0,stu0-10application0-10,read> 1.5977409128914574E-4
<3995,admissions0-1,application3-3,read> 1.1939999551137368E-4
<3996,stu0-9,gradebook0-1,readMyScores> 2.432361545433873E-5
<3997,admissions0-1,stu4-11application4-11,setStatus> 1.9350967913544303E-4
<3998,admissions0-1,application3-1,read> 1.1747967392164476E-4
<3999,admissions2-1,stu5-4application5-4,setStatus> 5.5790289143738425E-5
<4000,admissions4-1,stu5-14application5-14,read> 2.6740335498486887E-5
<4001,admissions2-0,stu3-12application3-12,setStatus> 6.503338667571739E-5
<4002,stu0-8,gradebook0-9,readMyScores> 2.198096671678635E-5
<4003,admissions0-1,stu0-4application0-4,read> 1.2180039749853481E-4
<4004,fac0-0,gradebook0-1,assignGrade> 9.61689174066845E-5
<4005,stu0-8,gradebook0-5,readMyScores> 1.9842887243645172E-5
<4006,admissions4-1,stu3-14application3-14,setStatus> 1.0927879599532379E-4
<4007,stu0-8,gradebook0-6,readMyScores> 2.439077051916774E-5
<4008,admissions4-0,stu2-2application2-2,setStatus> 2.5022210140609827E-5
<4009,stu0-8,gradebook0-1,readMyScores> 2.4240741125703842E-5
<4010,admissions2-1,stu4-8application4-8,read> 6.523642577136316E-5
<4011,admissions2-0,stu0-7application0-7,read> 8.773363982285053E-5
<4012,admissions2-0,stu5-4application5-4,setStatus> 5.7638414664027886E-5
<4013,admissions0-1,stu0-9application0-9,setStatus> 1.1931543589591686E-4
<4014,fac1-3,gradebook1-6,assignGrade> 2.480827196227785E-4
<4015,admissions0-1,stu5-7application5-7,read> 8.501423704529035E-6
<4016,admissions4-1,stu1-7application1-7,setStatus> 2.8977958257667766E-5
<4017,stu0-9,gradebook0-5,readMyScores> 1.991072617439268E-5
<4018,stu0-9,gradebook0-8,readMyScores> 2.2310426574972026E-5
<4019,admissions4-1,stu2-2application2-2,setStatus> 2.522119391906398E-5
<4020,admissions2-1,stu3-8application3-8,read> 1.2468244211418943E-4
<4021,admissions2-0,stu4-8application4-8,read> 6.739746679070438E-5
<4022,admissions2-0,stu0-12application0-12,setStatus> 4.654595664649362E-5
<4023,admissions0-0,stu5-7application5-7,read> 8.530291017617419E-6
<4024,admissions4-1,stu0-10application0-10,read> 1.6104466060357239E-4
<4025,admissions2-0,stu3-8application3-8,read> 1.2881270934778576E-4
<4026,admissions2-0,stu4-16application4-16,read> 1.22305133977499E-4
<4027,admissions2-1,stu2-4application2-4,setStatus> 2.850095292374742E-5
<4028,admissions0-1,stu3-10application3-10,read> 4.882817708883617E-5
<4029,stu2-4,gradebook2-5,readMyScores> 1.5512761924853325E-4
<4030,stu2-4,gradebook2-8,readMyScores> 1.7647007237530266E-4
<4031,admissions0-1,stu1-14application1-14,read> 1.6308731167770637E-4
<4032,admissions4-0,stu1-15application1-15,read> 1.1426589293628737E-4
<4033,stu2-3,gradebook2-2,readMyScores> 1.1617328173826939E-4
<4034,admissions4-1,stu2-2application2-2,read> 2.21946506487763E-5
<4035,admissions0-1,stu2-0application2-0,read> 9.587605603719449E-5
<4036,admissions4-1,stu1-15application1-15,read> 1.1517456802922007E-4
<4037,registrar0-0,transcript0-14,read> 2.7413314536199466E-4
<4038,stu2-11,stu2-11application2-11,checkStatus> 6.823154321159167E-4
<4039,registrar0-0,transcript0-10,read> 2.716235984495898E-4
<4040,registrar0-0,transcript0-11,read> 2.707870828121216E-4
<4041,admissions4-1,application0-1,read> 5.029524790153265E-5
<4042,admissions4-1,application0-2,read> 4.9882003824286226E-5
<4043,admissions4-1,application0-3,read> 5.1121736056025484E-5
<4044,admissions4-1,application0-4,read> 5.070849197877906E-5
<4045,registrar0-0,transcript0-16,read> 2.682775358997168E-4
<4046,registrar0-0,transcript0-17,read> 2.674410202622486E-4
<4047,registrar0-0,transcript0-18,read> 2.666045046247803E-4
<4048,admissions4-0,stu1-18application1-18,read> 9.171678564433053E-5
<4049,admissions2-0,stu4-10application4-10,read> 2.387805650191161E-5
<4050,registrar0-1,transcript0-16,read> 2.670383786900183E-4
<4051,registrar0-1,transcript0-11,read> 2.695363341617192E-4
<4052,admissions4-0,application0-3,read> 5.0718408749863544E-5
<4053,admissions4-0,application0-0,read> 5.153837628775288E-5
<4054,admissions4-0,application0-1,read> 4.9898441211974205E-5
<4055,registrar0-1,transcript0-18,read> 2.653730750422178E-4
<4056,admissions2-0,application5-2,setStatus> 1.7503359534959891E-4
<4057,admissions2-0,application5-3,setStatus> 1.7595796685106007E-4
<4058,admissions2-0,application5-4,setStatus> 1.773445241032518E-4
<4059,admissions4-1,stu5-3application5-3,read> 1.2013349695617707E-4
<4060,stu2-8,gradebook2-1,readMyScores> 1.5899907639946705E-4
<4061,fac5-2,gradebook5-4,assignGrade> 1.6004176606572402E-4
<4062,admissions2-0,stu4-18application4-18,read> 8.015841536837607E-6
<4063,admissions0-1,stu4-13application4-13,setStatus> 1.95146316853962E-4
<4064,admissions0-0,stu4-6application4-6,setStatus> 6.44333479271904E-5
<4065,stu0-0,gradebook0-7,readMyScores> 1.7151990564475265E-5
<4066,registrar0-0,roster4-2,write> 8.377073811767957E-5
<4067,stu0-0,gradebook0-8,readMyScores> 2.2538471821053507E-5
<4068,registrar0-0,roster4-1,write> 8.330716935705603E-5
<4069,admissions2-1,application5-3,setStatus> 1.703160280341924E-4
<4070,admissions2-1,application5-0,setStatus> 1.6807919719648818E-4
<4071,admissions4-1,stu0-1application0-1,read> 1.2690036872108715E-5
<4072,stu0-0,gradebook0-6,readMyScores> 2.472431951772046E-5
<4073,admissions2-1,application5-1,setStatus> 1.6852656336402904E-4
<4074,admissions2-0,stu4-11application4-11,read> 1.4426820085221685E-4
<4075,registrar0-0,roster4-9,write> 5.9665162565255296E-5
<4076,registrar0-0,roster4-8,write> 6.105586884712594E-5
<4077,stu0-14,gradebook0-3,addScore> 1.1843574085242154E-4
<4078,registrar0-0,roster4-7,write> 6.615512521398491E-5
<4079,admissions2-0,stu1-0application1-0,read> 1.4996232930121774E-4
<4080,registrar0-0,roster4-6,write> 6.754583149585554E-5
<4081,fac5-1,gradebook5-2,assignGrade> 1.6867323210072939E-4
<4082,registrar0-0,roster4-4,write> 6.476441893211428E-5
<4083,admissions0-0,stu4-13application4-13,setStatus> 1.9580895290439987E-4
<4084,admissions0-0,stu2-0application2-0,read> 9.620161140574183E-5
<4085,admissions4-0,stu2-2application2-2,read> 2.2019544923736648E-5
<4086,admissions0-1,stu4-6application4-6,setStatus> 6.421529937244526E-5
<4087,stu0-0,gradebook0-9,readMyScores> 2.228156113342616E-5
<4088,stu3-17,gradebook3-1,readScore> 2.0931452546434158E-5
<4089,admissions4-0,stu0-1application0-1,read> 1.2589918238009237E-5
<4090,stu0-1,gradebook0-7,readMyScores> 1.6515660391762857E-5
<4091,registrar0-1,roster4-3,write> 8.384523386731785E-5
<4092,stu0-1,gradebook0-9,readMyScores> 2.1454926487666674E-5
<4093,registrar0-1,roster4-2,write> 8.338380630189352E-5
<4094,stu2-6,gradebook2-5,readMyScores> 1.576449031308624E-4
<4095,stu2-6,gradebook2-6,readMyScores> 3.183595496188405E-4
<4096,registrar0-1,roster4-4,write> 6.446527611949482E-5
<4097,registrar0-1,roster4-7,write> 6.584955881576788E-5
<4098,stu2-6,gradebook2-4,readMyScores> 1.7885445735064823E-4
<4099,stu0-17,gradebook0-7,addScore> 1.0162074972824104E-4
<4100,registrar0-1,roster4-6,write> 6.723384151204097E-5
<4101,fac5-4,gradebook5-9,assignGrade> 1.1515814268369626E-4
<4102,stu0-18,gradebook0-2,addScore> 1.1310478655939549E-4
<4103,admissions4-0,stu5-9application5-9,read> 2.119957738584731E-5
<4104,admissions2-0,stu2-12application2-12,read> 4.2994059152129E-5
<4105,stu0-2,gradebook0-3,readMyScores> 2.3001855578795703E-5
<4106,admissions0-1,stu5-1application5-1,read> 2.914488079411483E-5
<4107,admissions4-0,stu4-0application4-0,read> 4.866848990514019E-5
<4108,stu0-16,gradebook0-9,addScore> 1.0764636017487475E-4
<4109,fac5-3,gradebook5-6,assignGrade> 1.6349435247972618E-4
<4110,fac5-3,gradebook5-7,assignGrade> 1.6176805927272512E-4
<4111,stu0-2,gradebook0-1,readMyScores> 2.3743495153894533E-5
<4112,admissions0-0,stu5-3application5-3,setStatus> 1.5913326318159554E-4
<4113,stu2-5,gradebook2-1,readMyScores> 1.706750344935964E-4
<4114,admissions4-1,stu5-9application5-9,read> 2.136816249428347E-5
<4115,stu3-15,gradebook3-6,readScore> 3.676524541321191E-5
<4116,stu0-3,gradebook0-2,readMyScores> 2.3622204246296727E-5
<4117,admissions2-1,stu3-11application3-11,setStatus> 1.103689615837204E-4
<4118,stu0-3,gradebook0-8,readMyScores> 2.1854336082809048E-5
<4119,admissions0-0,stu5-1application5-1,read> 2.9243844735690768E-5
<4120,stu0-3,gradebook0-5,readMyScores> 1.950369258990765E-5
<4121,stu0-3,gradebook0-4,readMyScores> 4.383544576905754E-5
<4122,admissions4-1,application2-0,setStatus> 4.823137549301219E-5
<4123,admissions2-1,stu0-12application0-12,setStatus> 4.505350112275835E-5
<4124,admissions4-1,application2-3,setStatus> 5.33969264585924E-5
<4125,admissions4-1,application2-4,setStatus> 5.433611754324335E-5
<4126,admissions4-1,application2-1,setStatus> 4.8700971035337666E-5
<4127,admissions4-1,application2-2,setStatus> 4.917056657766314E-5
<4128,stu0-4,gradebook0-2,readMyScores> 2.3704368434979495E-5
<4129,fac0-4,gradebook0-9,assignGrade> 9.099003778568133E-5
<4130,stu0-10,gradebook0-4,addScore> 1.1517045097493136E-4
<4131,admissions4-0,application2-4,setStatus> 5.390743022534793E-5
<4132,stu0-4,gradebook0-7,readMyScores> 1.6689204984320786E-5
<4133,stu0-4,gradebook0-5,readMyScores> 1.9571531520655153E-5
<4134,admissions4-0,application2-0,setStatus> 4.78508518204835E-5
<4135,admissions4-0,application2-1,setStatus> 4.831674246701153E-5
<4136,admissions4-0,application2-2,setStatus> 4.878263311353956E-5
<4137,admissions4-0,application2-3,setStatus> 5.2975648932291875E-5
<4138,registrar0-1,transcript1-13,read> 3.139791252623965E-5
<4139,stu0-13,gradebook0-5,addScore> 5.271497134351125E-5
<4140,registrar0-1,transcript1-12,read> 3.5561171645741044E-5
<4141,registrar0-1,transcript1-10,read> 3.805912711744188E-5
<4142,registrar0-1,transcript1-17,read> 2.8067305230638542E-5
<4143,stu0-5,gradebook0-3,readMyScores> 2.324271270527524E-5
<4144,registrar0-1,transcript1-16,read> 3.056526070233938E-5
<4145,stu0-5,gradebook0-2,readMyScores> 2.378653262366227E-5
<4146,registrar0-1,transcript1-15,read> 2.97326088784391E-5
<4147,registrar0-1,transcript1-14,read> 3.2230564350139925E-5
<4148,fac0-3,gradebook0-6,assignGrade> 8.063227854367491E-5
<4149,stu0-5,gradebook0-7,readMyScores> 1.6747053181840097E-5
<4150,registrar0-1,transcript1-19,read> 2.723465340673826E-5
<4151,fac0-3,gradebook0-7,assignGrade> 8.581115816467811E-5
<4152,admissions4-1,stu4-12application4-12,setStatus> 1.529511814315928E-4
<4153,stu0-6,gradebook0-2,readMyScores> 2.386869681234504E-5
<4154,stu0-6,gradebook0-1,readMyScores> 2.4074992468434076E-5
<4155,admissions2-1,stu4-18application4-18,read> 7.758820565716564E-6
<4156,stu2-9,gradebook2-2,readMyScores> 1.1094667192591372E-4
<4157,stu0-12,gradebook0-1,addScore> 1.119506007624547E-4
<4158,stu0-6,gradebook0-9,readMyScores> 2.183066950846644E-5
<4159,admissions4-0,stu5-3application5-3,read> 1.191856981636234E-4
<4160,fac0-2,gradebook0-5,assignGrade> 8.235857175067598E-5
<4161,fac0-2,gradebook0-4,assignGrade> 9.789521061368559E-5
<4162,stu0-6,gradebook0-7,readMyScores> 1.6804901379359404E-5
<4163,admissions2-1,stu1-13application1-13,setStatus> 1.0768476457847538E-4
<4164,admissions0-0,stu2-9application2-9,setStatus> 1.9526155455032812E-4
<4165,fac0-1,gradebook0-2,addScore> 7.14484782228349E-5
<4166,fac0-1,gradebook0-3,addScore> 7.623773342281769E-5
<4167,stu4-4,gradebook4-8,readScore> 1.5610299183728115E-4
<4168,fac3-3,gradebook3-6,assignGrade> 1.4277883399571337E-4
<4169,fac0-2,gradebook0-5,addScore> 3.4677559462117035E-5
<4170,stu5-17,gradebook5-1,readScore> 1.9503857286687622E-5
<4171,fac0-2,gradebook0-4,addScore> 7.612962013597157E-5
<4172,stu4-3,gradebook4-3,readScore> 1.1984455605343512E-4
<4173,fac3-4,gradebook3-8,assignGrade> 1.462314204097155E-4
<4174,admissions2-0,stu5-17application5-17,setStatus> 1.1633600500681338E-4
<4175,admissions2-1,stu4-15application4-15,setStatus> 1.0606306222113984E-5
<4176,admissions2-0,stu4-15application4-15,read> 9.6427353794093E-6
<4177,admissions4-1,stu2-17application2-17,read> 8.831370300820298E-5
<4178,registrar4-0,transcript1-11,read> 4.034473383513567E-5
<4179,registrar0-0,transcript5-11,read> 2.3178454121516396E-5
<4180,registrar4-0,transcript1-12,read> 4.2326870195510804E-5
<4181,registrar0-0,transcript5-12,read> 2.4851485396452914E-5
<4182,registrar2-0,transcript3-10,read> 3.0855070868772877E-4
<4183,admissions2-0,stu4-15application4-15,setStatus> 1.0957653840237842E-5
<4184,stu5-19,gradebook5-2,readScore> 4.344445963999296E-5
<4185,registrar4-0,transcript1-18,read> 3.4398324754010235E-5
<4186,registrar0-0,transcript5-18,read> 1.7322844659238567E-5
<4187,admissions2-1,stu5-2application5-2,read> 1.1208461083623949E-4
<4188,registrar4-0,transcript1-17,read> 3.340725657382267E-5
<4189,admissions2-1,stu4-15application4-15,read> 9.333549475460305E-6
<4190,registrar2-0,transcript3-19,read> 2.9727416878957123E-4
<4191,registrar4-0,transcript1-19,read> 3.241618839363509E-5
<4192,registrar0-0,transcript5-19,read> 1.5649813384302046E-5
<4193,registrar2-0,transcript3-14,read> 3.042135779576682E-4
<4194,registrar4-0,transcript1-14,read> 3.836259747476052E-5
<4195,registrar0-0,transcript5-14,read> 2.1505422846579872E-5
<4196,registrar4-0,transcript1-13,read> 3.7371529294572945E-5
<4197,registrar0-0,transcript5-13,read> 2.2341938484048136E-5
<4198,registrar4-0,transcript1-16,read> 3.638046111438538E-5
<4199,registrar0-0,transcript5-16,read> 1.8995875934175087E-5
<4200,admissions2-1,stu3-6application3-6,read> 1.4751601130547372E-4
<4201,admissions4-0,stu2-17application2-17,read> 8.761694795488382E-5
<4202,registrar0-0,transcript5-15,read> 2.066890720911161E-5
<4203,registrar2-1,transcript3-10,read> 3.099250993723067E-4
<4204,registrar4-1,transcript1-10,read> 4.600650865008636E-5
<4205,registrar2-1,transcript3-11,read> 3.0818251945314646E-4
<4206,registrar4-1,transcript1-11,read> 4.0973891477788856E-5
<4207,registrar0-1,transcript5-11,read> 2.307139428723687E-5
<4208,registrar4-1,transcript1-12,read> 4.298693834670785E-5
<4209,registrar0-1,transcript5-12,read> 2.4736697935037422E-5
<4210,registrar4-1,transcript1-13,read> 3.7954321174410346E-5
<4211,registrar0-1,transcript5-13,read> 2.2238742463336596E-5
<4212,registrar4-1,transcript1-16,read> 3.694779773995085E-5
<4213,registrar0-1,transcript5-16,read> 1.890813516773548E-5
<4214,registrar4-1,transcript1-17,read> 3.392822743657234E-5
<4215,registrar0-1,transcript5-17,read> 1.80754833438352E-5
<4216,registrar4-1,transcript1-15,read> 3.5941274305491346E-5
<4217,registrar0-1,transcript5-15,read> 2.0573438815536036E-5
<4218,registrar4-1,transcript1-18,read> 3.493475087103184E-5
<4219,registrar0-1,transcript5-18,read> 1.7242831519934927E-5
<4220,registrar4-1,transcript1-19,read> 3.292170400211284E-5
<4221,registrar0-1,transcript5-19,read> 1.557752787213437E-5
<4222,stu4-0,gradebook4-6,readScore> 1.5141807369291495E-4
<4223,admissions0-0,stu2-0application2-0,setStatus> 1.0932001296107028E-4
<4224,admissions0-0,stu4-7application4-7,read> 3.598779245785419E-5
<4225,admissions2-1,stu5-6application5-6,setStatus> 2.671148825358408E-5
<4226,stu5-11,transcript5-11,read> 1.1400913605984443E-4
<4227,admissions4-0,stu1-6application1-6,setStatus> 2.3624538201025727E-5
<4228,admissions0-0,stu5-15application5-15,read> 3.88780557673528E-5
<4229,admissions0-1,stu5-9application5-9,setStatus> 2.820926956502816E-5
<4230,stu3-10,gradebook3-6,readScore> 3.526462315144815E-5
<4231,admissions0-1,stu4-7application4-7,read> 3.586600635816602E-5
<4232,admissions2-0,stu5-6application5-6,setStatus> 2.759634086653924E-5
<4233,admissions0-1,stu5-15application5-15,read> 3.874648874275939E-5
<4234,stu3-11,gradebook3-3,readScore> 3.0779501574928893E-5
<4235,fac3-1,gradebook3-2,assignGrade> 1.4968400682371764E-4
<4236,admissions4-0,stu4-8application4-8,setStatus> 7.720196255174963E-5
<4237,admissions0-1,stu2-0application2-0,setStatus> 1.0895006367863011E-4
<4238,fac3-2,gradebook3-4,assignGrade> 1.5486288644472084E-4
<4239,admissions4-1,stu4-8application4-8,setStatus> 7.781589465951703E-5
<4240,admissions4-1,stu3-2application3-2,setStatus> 4.6822588866035774E-5
<4241,admissions4-0,application1-0,read> 1.627977215851127E-5
<4242,admissions4-0,application1-2,read> 1.7919707234289946E-5
<4243,registrar0-1,transcript5-8,read> 2.495526903881125E-4
<4244,admissions4-0,application1-1,read> 1.7099739696400608E-5
<4245,registrar0-1,transcript5-7,read> 2.470547349164116E-4
<4246,registrar0-1,roster3-8,read> 1.0767364173806014E-4
<4247,registrar0-1,transcript5-2,read> 2.4455677944471086E-4
<4248,registrar0-1,transcript5-1,read> 2.403935203252094E-4
<4249,registrar0-1,transcript5-3,read> 2.4372412762081053E-4
<4250,admissions4-0,stu5-13application5-13,read> 1.5321435098603102E-4
<4251,admissions2-0,stu2-7application2-7,setStatus> 8.536955970786355E-5
<4252,stu5-10,gradebook5-4,readScore> 3.8686104650296304E-5
<4253,admissions4-0,application1-3,read> 1.8329691003234616E-5
<4254,admissions4-0,application1-4,read> 1.17699507001199E-5
<4255,stu1-14,transcript1-14,read> 1.5926990586405336E-4
<4256,admissions4-1,application1-3,read> 1.8475453953558553E-5
<4257,registrar0-0,transcript5-7,read> 2.482011606004786E-4
<4258,admissions4-1,application1-2,read> 1.8062209876312134E-5
<4259,registrar0-0,transcript5-6,read> 2.4903767623794685E-4
<4260,admissions4-1,application1-1,read> 1.7235721721819298E-5
<4261,fac1-4,gradebook1-9,assignGrade> 2.2909349434576678E-4
<4262,admissions4-1,application1-0,read> 1.6409233567326465E-5
<4263,registrar0-0,transcript5-8,read> 2.507107075128833E-4
<4264,stu5-14,transcript5-14,read> 1.0577990518635189E-4
<4265,stu4-12,gradebook4-7,readScore> 1.0377690620358817E-4
<4266,stu1-15,transcript1-15,read> 1.4692605955381454E-4
<4267,fac1-1,gradebook1-3,assignGrade> 2.6879823810679144E-4
<4268,admissions0-1,stu5-9application5-9,read> 2.482415721722478E-5
<4269,admissions4-1,stu2-12application2-12,read> 4.3683342665589976E-5
<4270,registrar0-0,roster3-2,read> 1.011618099029472E-4
<4271,registrar0-0,roster3-3,read> 1.0498625217809143E-4
<4272,registrar0-0,roster3-4,read> 1.0307403104051934E-4
<4273,admissions0-0,stu3-16application3-16,setStatus> 3.815822693174851E-5
<4274,admissions0-0,stu4-18application4-18,setStatus> 1.0788309228163204E-5
<4275,registrar0-0,roster3-9,read> 1.0881069445323568E-4
<4276,registrar0-0,roster3-7,read> 1.0753588036152093E-4
<4277,registrar0-0,roster3-5,read> 1.0626106626980618E-4
<4278,admissions0-0,stu5-9application5-9,read> 2.4908449771442864E-5
<4279,admissions2-1,stu2-7application2-7,read> 7.271638809264592E-5
<4280,registrar0-1,roster3-3,read> 1.0450132722576766E-4
<4281,stu1-13,transcript1-13,read> 1.5515529042730707E-4
<4282,admissions0-0,stu1-1application1-1,read> 1.8917174786128039E-4
<4283,admissions0-1,stu3-16application3-16,setStatus> 3.802909587614192E-5
<4284,admissions2-1,stu2-7application2-7,setStatus> 8.263225919618856E-5
<4285,admissions4-1,stu0-9application0-9,read> 9.037992339443506E-5
<4286,admissions0-1,stu4-2application4-2,setStatus> 1.0240351280455427E-4
<4287,stu5-19,transcript5-19,read> 7.697759712912805E-5
<4288,admissions2-0,stu1-5application1-5,read> 8.732691636220762E-5
<4289,admissions2-0,stu3-6application3-6,read> 1.524026700650753E-4
<4290,stu1-10,transcript1-10,read> 1.880722139212772E-4
<4291,admissions4-0,stu1-12application1-12,setStatus> 1.1028019845524007E-4
<4292,admissions4-0,stu5-16application5-16,setStatus> 1.2146157397191285E-4
<4293,admissions2-0,stu2-7application2-7,read> 7.512521254291992E-5
<4294,fac4-3,gradebook4-7,assignGrade> 3.9654393542487044E-4
<4295,admissions4-1,stu4-18application4-18,read> 8.144352022398131E-6
<4296,stu5-18,transcript5-18,read> 8.520682800262057E-5
<4297,admissions0-1,stu2-16application2-16,read> 9.827645802435564E-5
<4298,admissions4-1,stu1-12application1-12,setStatus> 1.1115717816462568E-4
<4299,stu5-13,gradebook5-3,readScore> 2.2421779041050996E-5
<4300,stu4-7,stu4-7application4-7,checkStatus> 3.728715543382623E-4
<4301,admissions4-1,stu5-16application5-16,setStatus> 1.2242747118043705E-4
<4302,stu4-16,gradebook4-3,readScore> 5.823590997718517E-5
<4303,chair1,transcript1-13,read> 1.7949337520021798E-4
<4304,admissions4-0,stu4-18application4-18,read> 8.080096779617868E-6
<4305,chair1,transcript1-10,read> 2.175737376736344E-4
<4306,stu5-17,transcript5-17,read> 8.932144343936683E-5
<4307,stu5-16,gradebook5-1,readScore> 1.966438286106366E-5
<4308,admissions4-0,stu0-9application0-9,read> 8.966686679960717E-5
<4309,admissions0-1,stu0-8application0-8,read> 1.39083291806095E-4
<4310,admissions4-0,stu3-17application3-17,setStatus> 1.3217705884205764E-4
<4311,admissions4-1,stu2-16application2-16,read> 8.459450631298524E-5
<4312,chair1,transcript1-19,read> 1.556931486543327E-4
<4313,chair1,transcript1-16,read> 1.747333298910409E-4
<4314,chair1,transcript1-18,read> 1.6521323927268683E-4

