<0,chair0,transcript0-2,read> 0.001030734973756381
<1,stu5-5,stu5-5application5-5,checkStatus> 0.0010869382436002777
<2,stu1-3,transcript1-3,read> 0.0015896443437700685
<3,stu4-8,transcript4-8,read> 0.001028668395694546
<4,fac2-3,gradebook2-6,addScore> 0.0016085040057602635
<5,stu4-11,transcript4-11,read> 0.0017426377841543016
<6,admissions2-1,stu5-4application5-4,read> 6.085042128858595E-5
<7,fac5-4,roster5-9,read> 0.001762666302871816
<8,registrar4-0,transcript2-9,read> 2.4408546492923932E-4
<9,chair1,transcript1-5,read> 0.001827200825168419
<10,registrar2-1,transcript3-15,read> 3.776513102305659E-4
<11,registrar4-1,roster0-5,read> 2.4402198682473605E-4
<12,chair4,transcript4-4,read> 0.0012195268792762714
<13,registrar2-0,transcript2-14,read> 3.620000900470506E-4
<14,fac2-1,gradebook2-2,addScore> 0.0015457875060230497
<15,registrar0-1,roster5-7,write> 9.133840384853935E-5
<16,stu2-15,gradebook2-6,readMyScores> 1.9203872726570958E-4
<17,stu5-9,transcript5-9,read> 0.0015233471862702338
<18,registrar4-0,transcript5-8,read> 3.6814987402726323E-4
<19,admissions0-1,stu4-5application4-5,read> 9.205555183628744E-5
<20,stu2-8,gradebook2-8,readScore> 1.8990945439776005E-4
<21,registrar0-1,roster3-3,read> 1.2952216979343975E-4
<22,stu2-8,stu2-8application2-8,checkStatus> 0.0024354943001610205
<23,stu3-18,gradebook3-1,readMyScores> 2.375093467672216E-5
<24,chair5,transcript5-5,read> 0.0017387046194559702
<25,registrar4-0,transcript2-1,read> 2.3794366249864403E-4
<26,admissions0-0,stu1-13application1-13,read> 1.4371416971998787E-4
<27,registrar4-1,roster1-4,read> 2.4877489031750803E-4
<28,stu5-3,transcript5-3,read> 0.0014927484981933873
<29,registrar2-1,transcript3-10,read> 3.841307322099775E-4
<30,stu3-17,transcript3-17,read> 0.0017681366908850072
<31,fac1-4,roster1-8,read> 0.0029543280287569872
<32,admissions4-1,stu4-11application4-11,setStatus> 2.0645131920987275E-4
<33,stu3-6,transcript3-6,read> 4.064950714653309E-4
<34,chair3,transcript3-7,read> 4.643592571967097E-4
<35,chair0,transcript0-11,read> 0.0019097972838333708
<36,registrar2-1,transcript5-10,read> 3.424194532175154E-5
<37,stu1-5,transcript1-5,read> 0.0015794447810777862
<38,stu1-6,transcript1-6,read> 0.0015641454370393629
<39,registrar0-0,transcript2-15,read> 3.501371128506976E-4
<40,stu0-4,stu0-4application0-4,checkStatus> 0.0015694491262229287
<41,registrar0-0,roster1-3,read> 2.0754535307093098E-4
<42,registrar4-0,transcript5-5,read> 3.62008071596668E-4
<43,registrar4-0,roster1-2,read> 2.5057083708835326E-4
<44,fac5-0,roster5-1,read> 0.001914332340711747
<45,registrar4-0,transcript2-7,read> 2.3548694152640597E-4
<46,registrar4-1,transcript4-10,read> 4.2254413466989694E-4
<47,chair3,transcript3-6,read> 4.702590042442063E-4
<48,stu5-2,stu5-2application5-2,checkStatus> 0.001761216271880649
<49,registrar2-1,roster0-4,read> 2.1205878685797311E-4
<50,admissions0-1,stu0-14application0-14,setStatus> 1.5870189613085696E-4
<51,admissions0-0,stu4-13application4-13,read> 2.135686596929368E-4
<52,registrar0-0,roster5-7,read> 1.2617309093114647E-4
<53,app2-0,application2-0,checkStatus> 6.353575457611299E-4
<54,registrar4-0,transcript4-12,read> 4.430798636805252E-4
<55,registrar4-1,roster0-1,read> 2.383185026334096E-4
<56,admissions2-0,application3-2,setStatus> 1.4304474007993778E-4
<57,admissions4-0,stu3-15application3-15,read> 1.4314911346700694E-4
<58,chair5,transcript5-4,read> 0.0017446043665034668
<59,admissions0-1,stu0-18application0-18,setStatus> 2.648600258345795E-4
<60,stu1-14,stu1-14application1-14,checkStatus> 0.0021014483044991847
<61,stu4-8,stu4-8application4-8,checkStatus> 0.0010250778740332712
<62,admissions4-0,stu2-6application2-6,read> 1.421328203969853E-4
<63,registrar4-0,transcript3-14,read> 4.3079625881933483E-4
<64,admissions2-1,stu5-5application5-5,setStatus> 9.742665711431478E-5
<65,stu1-12,stu1-12application1-12,checkStatus> 0.0014642864979590177
<66,admissions0-0,stu2-18application2-18,read> 1.8013403201357658E-4
<67,registrar2-1,transcript0-17,read> 3.452542003335079E-4
<68,fac0-4,roster0-9,read> 0.003008494470842677
<69,registrar2-1,transcript4-18,read> 3.9708957616880065E-4
<70,chair4,transcript4-9,read> 0.0012018276381337816
<71,stu2-16,gradebook2-9,readScore> 3.129217368564709E-4
<72,stu3-3,stu3-3application3-3,checkStatus> 0.002299401487113606
<73,registrar0-0,transcript3-18,read> 3.573947359178064E-4
<74,admissions0-1,stu1-14application1-14,setStatus> 2.2969937141041657E-4
<75,fac2-1,roster2-2,read> 0.0014485009387748163
<76,registrar4-0,roster1-7,write> 1.8495619991829097E-4
<77,admissions0-1,stu0-11application0-11,setStatus> 2.2699470568548092E-4
<78,fac0-2,roster0-4,read> 0.0027918287024999186
<79,app5-0,application5-0,checkStatus> 0.0023241456349404085
<80,chair0,transcript0-4,read> 6.295521745266139E-4
<81,fac2-0,roster2-1,read> 0.0015676671113633335
<82,registrar2-0,transcript4-15,read> 3.888779583836712E-4
<83,admissions0-0,stu5-8application5-8,read> 2.2849483276407974E-4
<84,stu1-18,transcript1-18,read> 1.7700491088898102E-4
<85,chair5,transcript5-3,read> 0.001726905125360977
<86,fac2-0,gradebook2-1,changeScore> 0.0022208910132413408
<87,registrar2-1,roster3-3,read> 1.355324792966156E-4
<88,stu4-12,transcript4-12,read> 0.0018395336297309824
<89,admissions0-0,stu4-12application4-12,setStatus> 2.209808615475839E-4
<90,stu3-18,stu3-18application3-18,checkStatus> 0.00195298341753837
<91,stu3-19,transcript3-19,read> 0.0017477375655004426
<92,app4-3,application4-3,checkStatus> 0.00177358834579405
<93,admissions2-1,stu2-12application2-12,setStatus> 5.8613096774725314E-5
<94,stu3-11,stu3-11application3-11,checkStatus> 0.0015261468675260245
<95,registrar2-0,roster0-1,write> 1.4937010320349107E-4
<96,fac4-4,gradebook4-8,changeScore> 0.0013821595526938638
<97,stu3-14,stu3-14application3-14,checkStatus> 0.0014395423501322151
<98,stu3-1,stu3-1application3-1,checkStatus> 0.001990099639278573
<99,stu2-18,transcript2-18,read> 0.001763036909538866
<100,admissions2-0,stu3-9application3-9,read> 8.252628895731463E-5
<101,stu0-10,stu0-10application0-10,checkStatus> 0.0024107501523342183
<102,stu3-17,stu3-17application3-17,checkStatus> 0.0017550302349239484
<103,registrar2-0,roster3-7,write> 1.0051513177180245E-4
<104,registrar2-0,transcript1-7,read> 3.308217627765708E-4
<105,stu0-13,stu0-13application0-13,checkStatus> 0.002039587934932179
<106,stu3-8,stu3-8application3-8,checkStatus> 0.00195916945449507
<107,registrar0-1,transcript1-4,read> 3.185914347590765E-4
<108,registrar0-0,transcript4-7,read> 2.0809506139442442E-4
<109,fac2-3,gradebook2-6,changeScore> 0.0023047641592960884
<110,registrar4-1,roster3-5,read> 1.5846972395483993E-4
<111,registrar0-0,transcript5-4,read> 3.065913744480445E-4
<112,admissions4-1,application4-1,read> 1.447996636600855E-4
<113,fac2-4,roster2-9,read> 0.002022665224883126
<114,admissions0-0,stu2-11application2-11,setStatus> 9.275146561821962E-5
<115,admissions0-1,stu5-12application5-12,setStatus> 1.1677957739435507E-4
<116,admissions4-1,application4-4,setStatus> 1.6629116596054237E-4
<117,admissions0-0,stu2-5application2-5,setStatus> 1.8366542886972655E-4
<118,fac1-2,roster1-5,read> 0.0028893282982541597
<119,stu2-0,transcript2-0,read> 0.0011918613987710617
<120,stu4-14,gradebook4-2,addScore> 3.4572271947376406E-4
<121,registrar4-0,roster1-1,write> 1.8291405202776543E-4
<122,stu5-1,transcript5-1,read> 0.0014723493728088226
<123,fac3-2,gradebook3-5,assignGrade> 1.9408146148085226E-4
<124,stu3-15,stu3-15application3-15,checkStatus> 0.001742658161010547
<125,admissions0-1,stu5-10application5-10,setStatus> 2.4254653360386078E-4
<126,chair4,transcript4-7,read> 0.001184128396991292
<127,chair1,transcript1-9,read> 0.0018036018369784327
<128,registrar4-0,roster2-5,write> 9.169811291762531E-5
<129,stu1-15,stu1-15application1-15,checkStatus> 0.001724100050140445
<130,fac2-4,gradebook2-9,addScore> 7.298773058439048E-4
<131,chair0,transcript0-7,read> 6.767501509065865E-4
<132,fac4-3,gradebook4-7,readScore> 1.2631173119229868E-4
<133,registrar2-0,roster1-5,read> 2.1849132326452153E-4
<134,admissions0-0,stu3-3application3-3,read> 2.2192731661277676E-4
<135,admissions2-0,application2-0,setStatus> 5.883618960404583E-5
<136,chair0,transcript0-1,read> 0.001013035732613891
<137,stu4-13,transcript4-13,read> 0.0018344338483848412
<138,registrar0-1,transcript5-6,read> 3.072392767382375E-4
<139,admissions4-1,stu1-18application1-18,setStatus> 1.3020523115679628E-4
<140,stu5-2,gradebook5-7,readMyScores> 5.6703248319968506E-5
<141,registrar4-1,transcript0-13,read> 4.100689726178886E-4
<142,registrar0-1,transcript2-10,read> 3.4232776516628533E-4
<143,stu3-0,transcript3-0,read> 3.707966020423431E-4
<144,chair5,transcript5-2,read> 0.0017328048724084737
<145,admissions0-0,application4-3,setStatus> 1.945208274669214E-4
<146,stu2-2,transcript2-2,read> 9.827703635792763E-4
<147,registrar2-0,roster4-5,write> 8.204556940128604E-5
<148,registrar2-1,transcript4-11,read> 3.690120809246838E-4
<149,admissions4-1,stu1-10application1-10,setStatus> 1.2613101271121202E-4
<150,stu4-9,transcript4-9,read> 0.0010388679583868284
<151,fac0-0,roster0-1,read> 0.0027159956835799528
<152,admissions0-0,stu4-12application4-12,read> 1.9446315816187381E-4
<153,registrar4-0,transcript3-18,read> 4.234260959026204E-4
<154,registrar2-1,transcript4-14,read> 3.9276996151585956E-4
<155,fac0-1,roster0-3,read> 0.002737662260414229
<156,registrar2-1,roster0-2,read> 2.095901962914777E-4
<157,fac1-1,roster1-3,read> 0.002845995144585608
<158,stu5-14,stu5-14application5-14,checkStatus> 4.0028814140650494E-4
<159,registrar4-1,roster2-8,read> 1.765307572273735E-4
<160,fac4-1,roster4-3,read> 0.001968498782797436
<161,chair2,transcript2-11,read> 0.00196289500726084
<162,stu2-10,gradebook2-1,addScore> 8.336952350484296E-4
<163,admissions0-1,application2-2,read> 6.23042288619958E-5
<164,admissions2-1,stu2-1application2-1,setStatus> 1.2459614935202745E-4
<165,stu1-9,transcript1-9,read> 0.0015590456556932215
<166,registrar0-1,transcript5-1,read> 2.979511474484601E-4
<167,fac2-2,gradebook2-5,changeScore> 0.0023107550982999995
<168,fac2-3,gradebook2-7,readScore> 2.1585258022523816E-4
<169,fac1-3,roster1-7,read> 0.0029434947403398494
<170,chair1,transcript1-4,read> 0.001821301078120922
<171,registrar0-0,roster2-1,read> 1.1432276149331377E-4
<172,admissions4-1,stu0-19application0-19,read> 1.0126372941298536E-4
<173,stu0-16,stu0-16application0-16,checkStatus> 0.001476658571872419
<174,registrar0-1,roster5-5,write> 8.790695846523916E-5
<175,admissions0-1,stu0-5application0-5,setStatus> 2.182045420794403E-4
<176,admissions0-0,stu5-2application5-2,setStatus> 1.9316390264227206E-4
<177,stu4-10,gradebook4-8,readMyScores> 4.9051435372726134E-5
<178,registrar2-0,transcript0-14,read> 3.523240574458672E-4
<179,registrar2-1,roster1-8,read> 2.2440173969045014E-4
<180,registrar4-0,transcript3-2,read> 9.299712513659632E-5
<181,admissions2-0,stu4-2application4-2,read> 9.462482355629989E-5
<182,stu5-0,transcript5-0,read> 0.0014876487168472461
<183,registrar4-0,transcript0-10,read> 3.988588861802394E-4
<184,stu2-16,gradebook2-9,addScore> 8.493590000389924E-4
<185,stu1-14,transcript1-14,read> 1.9740403627354543E-4
<186,stu2-10,transcript2-10,read> 0.0016916399706928902
<187,admissions4-1,stu1-1application1-1,setStatus> 2.2856850505733E-4
<188,registrar4-1,transcript2-16,read> 4.250391670802986E-4
<189,registrar4-0,transcript0-14,read> 4.025439676385966E-4
<190,stu5-16,transcript5-16,read> 1.1580753473528768E-4
<191,fac4-0,roster4-1,read> 0.0019468322059631603
<192,admissions4-0,application5-0,setStatus> 2.1694873608866383E-4
<193,registrar0-1,transcript5-2,read> 3.0311121927611425E-4
<194,registrar4-0,transcript2-10,read> 4.0745740958307277E-4
<195,admissions4-1,stu0-8application0-8,setStatus> 1.686192907865905E-4
<196,app4-4,application4-4,checkStatus> 0.0017674023088373497
<197,stu2-3,gradebook2-8,readMyScores> 2.1157450821910088E-4
<198,stu3-14,transcript3-14,read> 0.0017885358162695716
<199,admissions2-1,stu4-1application4-1,setStatus> 2.0111431116436103E-4
<200,admissions4-0,stu2-9application2-9,read> 1.8126010359281855E-4
<201,stu3-16,stu3-16application3-16,checkStatus> 4.312183261900082E-4
<202,chair5,transcript5-8,read> 0.001768203354693453
<203,stu1-8,transcript1-8,read> 0.0015539458743470804
<204,admissions4-1,stu3-3application3-3,read> 1.90384347754108E-4
<205,registrar4-1,transcript1-4,read> 3.8511864851387205E-4
<206,stu5-18,stu5-18application5-18,checkStatus> 0.0014086121653487118
<207,admissions2-0,stu2-19application2-19,setStatus> 1.3273348900125716E-4
<208,chair0,transcript0-12,read> 0.001951095513165847
<209,app5-2,application5-2,checkStatus> 0.002342703745810511
<210,registrar0-1,transcript3-14,read> 3.61936038111371E-4
<211,fac5-1,roster5-3,read> 0.0016110002650318851
<212,chair5,transcript5-1,read> 0.0017033061371709908
<213,registrar2-1,transcript0-10,read> 3.5065371864968423E-4
<214,registrar4-0,transcript0-15,read> 4.0131560715247756E-4
<215,stu2-18,gradebook2-2,readMyScores> 1.5841862327600734E-4
<216,chair2,transcript2-17,read> 0.0020277922247833023
<217,registrar4-1,transcript5-7,read> 3.701484540514621E-4
<218,chair4,transcript4-5,read> 0.001225426626323768
<219,registrar0-1,transcript0-19,read> 3.278795640488539E-4
<220,fac2-3,roster2-6,read> 0.0019793320712145745
<221,registrar4-0,transcript1-8,read> 3.742916764578585E-4
<222,fac5-4,gradebook5-9,assignGrade> 1.427305557330475E-4
<223,stu2-2,gradebook2-5,addScore> 9.891406127162678E-4
<224,chair1,transcript1-6,read> 0.0018095015840259292
<225,fac1-0,roster1-1,read> 0.0029109948750884354
<226,stu2-17,stu2-17application2-17,checkStatus> 0.0013220076479549024
<227,stu0-11,stu0-11application0-11,checkStatus> 0.0020767041566723825
<228,stu4-14,stu4-14application4-14,checkStatus> 0.0019406113436249682
<229,admissions0-0,stu3-3application3-3,setStatus> 2.5219013251451906E-4
<230,registrar4-0,roster0-3,write> 1.7202259661162932E-4
<231,admissions0-1,stu3-5application3-5,setStatus> 1.472070667998806E-4
<232,chair4,transcript4-19,read> 0.0021634864068757237
<233,chair2,transcript2-19,read> 0.002051391212973289
<234,fac3-4,roster3-9,read> 0.001849332610208919
<235,chair0,transcript0-17,read> 0.0018861982956433843
<236,stu4-16,stu4-16application4-16,checkStatus> 0.0018601928631878596
<237,registrar4-1,roster3-3,read> 1.565685625577311E-4
<238,admissions4-0,stu3-15application3-15,setStatus> 1.626694471215988E-4
<239,chair4,transcript4-10,read> 0.0019982934895458196
<240,fac1-4,roster1-9,read> 0.002965161317174125
<241,fac1-2,roster1-4,read> 0.00283516185616847
<242,registrar4-1,transcript2-4,read> 2.429018011209778E-4
<243,registrar4-1,roster2-3,read> 1.242488188068815E-4
<244,stu1-19,transcript1-19,read> 1.6680534819669875E-4
<245,chair5,transcript5-6,read> 0.00175640386059846
<246,registrar2-1,transcript0-12,read> 3.5713314062909586E-4
<247,registrar2-1,transcript2-11,read> 3.5929294795556635E-4
<248,stu5-13,gradebook5-1,readMyScores> 3.159443198254255E-5
<249,chair3,transcript3-10,read> 0.0020985891893532615
<250,fac4-4,roster4-9,read> 0.0013943344966891266
<251,stu3-4,stu3-4application3-4,checkStatus> 6.106133979343272E-4
<252,stu0-16,gradebook0-1,addScore> 8.783664365369788E-5
<253,admissions0-1,stu4-14application4-14,read> 1.8666475889453493E-4
<254,app1-0,application1-0,checkStatus> 2.456372174889885E-4
<255,fac2-1,gradebook2-3,addScore> 0.0016210473057077064
<256,stu3-0,gradebook3-2,addScore> 2.3681800878594294E-4
<257,fac3-2,roster3-4,read> 0.001751833014454678
<258,admissions4-0,application1-2,setStatus> 2.5238906970944706E-5
<259,registrar2-1,transcript3-11,read> 3.8197092488350694E-4
<260,registrar2-1,roster0-5,write> 1.536261260624058E-4
<261,admissions2-0,application4-0,read> 1.3596148343616632E-4
<262,registrar4-1,roster3-8,write> 1.1732470258218409E-4
<263,stu0-9,stu0-9application0-9,checkStatus> 0.0013529378327384058
<264,stu1-1,stu1-1application1-1,checkStatus> 0.0024293082632043197
<265,stu2-5,transcript2-5,read> 9.674710195408529E-4
<266,admissions2-1,stu3-6application3-6,read> 1.828358966415815E-4
<267,registrar0-0,transcript2-3,read> 2.029110449179181E-4
<268,registrar0-0,transcript3-19,read> 3.553211293272039E-4
<269,fac5-1,gradebook5-2,changeScore> 5.853646651737601E-4
<270,stu5-12,transcript5-12,read> 1.5150600415827546E-4
<271,chair0,transcript0-15,read> 0.0019274965249758609
<272,chair5,transcript5-12,read> 1.7527165186937744E-4
<273,stu0-13,transcript0-13,read> 0.0016763406266544672
<274,fac3-3,gradebook3-6,changeScore> 4.95500580115102E-4
<275,stu5-8,transcript5-8,read> 0.001528446967616375
<276,admissions0-1,stu4-3application4-3,setStatus> 2.641838594033456E-4
<277,registrar0-0,transcript0-10,read> 3.3665867001178107E-4
<278,admissions2-0,stu2-7application2-7,setStatus> 1.0580966674025769E-4
<279,admissions0-0,stu3-9application3-9,setStatus> 1.1106995075098593E-4
<280,fac0-3,gradebook0-7,changeScore> 2.9779959298605367E-4
<281,chair0,transcript0-19,read> 0.0018743988015483915
<282,admissions0-0,stu1-12application1-12,setStatus> 1.605977068506875E-4
<283,stu2-13,transcript2-13,read> 0.0017069393147313137
<284,admissions4-0,stu2-18application2-18,setStatus> 1.742182320082084E-4
<285,chair4,transcript4-18,read> 0.00216938615392322
<286,registrar0-0,transcript0-19,read> 3.294010469446723E-4
<287,registrar4-1,roster4-8,write> 9.105410873122613E-5
<288,chair3,transcript3-3,read> 4.3486052195922684E-4
<289,admissions0-0,stu5-13application5-13,read> 2.2312141045846825E-4
<290,registrar2-0,transcript3-17,read> 3.7275123738169893E-4
<291,registrar4-1,roster2-6,write> 1.2631201100488025E-4
<292,registrar4-1,roster5-8,write> 1.0902872557661841E-4
<293,admissions0-1,stu1-18application1-18,setStatus> 1.5126406538728401E-4
<294,fac1-2,gradebook1-4,changeScore> 8.309931643340927E-4
<295,stu4-4,stu4-4application4-4,checkStatus> 0.0016993559023136423
<296,stu3-7,transcript3-7,read> 4.013952901191898E-4
<297,stu2-16,stu2-16application2-16,checkStatus> 0.0012663333153445967
<298,stu1-0,transcript1-0,read> 0.001355054401847577
<299,admissions0-1,application2-3,setStatus> 7.688575795155489E-5
<300,stu0-10,transcript0-10,read> 0.0016559415012699025
<301,admissions2-0,stu2-18application2-18,read> 1.5209286290148005E-4
<302,fac3-1,gradebook3-3,changeScore> 5.254552751346547E-4
<303,stu4-2,transcript4-2,read> 0.001079666209155957
<304,admissions4-0,stu5-4application5-4,read> 6.33701074703079E-5
<305,stu4-6,transcript4-6,read> 0.0010643668651175338
<306,stu1-1,transcript1-1,read> 0.001344854839155295
<307,admissions2-0,stu0-17application0-17,setStatus> 2.135049557842556E-4
<308,admissions4-0,stu4-3application4-3,setStatus> 2.2561032475362108E-4
<309,registrar2-1,transcript5-1,read> 3.117771867732147E-4
<310,admissions0-0,stu5-11application5-11,setStatus> 1.4431460895489515E-4
<311,admissions2-0,stu0-18application0-18,read> 1.9746236764767492E-4
<312,stu2-16,gradebook2-1,readMyScores> 8.96496138463641E-5
<313,admissions0-1,stu4-3application4-3,read> 2.3248179627494413E-4
<314,fac3-4,roster3-8,read> 0.001838499321791781
<315,admissions4-1,application5-1,setStatus> 2.1925600575313747E-4
<316,stu2-14,stu2-14application2-14,checkStatus> 6.724737675013338E-4
<317,admissions2-0,application4-4,read> 1.440271731688232E-4
<318,registrar2-1,roster1-6,read> 2.1781883151312902E-4
<319,admissions0-0,stu3-10application3-10,read> 6.072464744443316E-5
<320,chair2,transcript2-16,read> 0.0020100929836408127
<321,chair3,transcript3-17,read> 0.0020454914659257923
<322,admissions0-1,stu1-16application1-16,setStatus> 1.4991173252481622E-4
<323,chair4,transcript4-17,read> 0.0021516869127807307
<324,stu0-3,stu0-3application0-3,checkStatus> 9.694035414229651E-4
<325,registrar2-1,roster2-1,read> 1.1907520885331296E-4
<326,registrar2-1,transcript4-2,read> 2.2862460470409927E-4
<327,fac4-1,gradebook4-2,addScore> 5.770808891596288E-4
<328,admissions4-1,stu0-10application0-10,setStatus> 2.2682241143779394E-4
<329,stu1-13,stu1-13application1-13,checkStatus> 0.0014890306457858203
<330,admissions0-1,stu1-15application1-15,read> 1.6583883281253076E-4
<331,registrar0-0,transcript4-14,read> 3.770939985285303E-4
<332,stu0-18,stu0-18application0-18,checkStatus> 0.002423122226247619
<333,stu0-3,transcript0-3,read> 5.492889491572821E-4
<334,admissions4-0,stu3-0application3-0,setStatus> 8.644746686997555E-5
<335,stu2-8,transcript2-8,read> 9.725708008869941E-4
<336,stu0-12,transcript0-12,read> 0.0016865401893467495
<337,stu2-18,stu2-18application2-18,checkStatus> 0.0018663789001445602
<338,admissions0-0,stu0-14application0-14,setStatus> 1.5924078202603814E-4
<339,admissions4-0,stu5-0application5-0,read> 1.238395451365957E-4
<340,registrar0-1,transcript4-16,read> 3.7741625359433324E-4
<341,fac0-3,gradebook0-7,assignGrade> 1.0635699749501918E-4
<342,stu2-5,gradebook2-6,readMyScores> 3.049305030385228E-4
<343,chair1,transcript1-0,read> 0.0015676119550785694
<344,stu5-8,stu5-8application5-8,checkStatus> 0.002367447893637314
<345,stu5-4,gradebook5-8,readMyScores> 5.021439442163352E-5
<346,chair1,transcript1-2,read> 0.0018331005722159155
<347,admissions4-1,stu0-5application0-5,read> 1.6528716212930913E-4
<348,registrar4-1,transcript5-4,read> 3.6890093784626134E-4
<349,admissions4-1,stu4-12application4-12,read> 1.6682372451450086E-4
<350,admissions0-0,stu5-3application5-3,read> 1.735665158622737E-4
<351,chair2,transcript2-8,read> 0.0011251309265163263
<352,admissions2-1,stu0-10application0-10,read> 1.901550251627612E-4
<353,admissions2-0,stu5-12application5-12,setStatus> 9.893549935447058E-5
<354,chair4,transcript4-1,read> 0.0012431258674662578
<355,registrar2-1,transcript2-17,read> 3.711718882511542E-4
<356,stu3-19,stu3-19application3-19,checkStatus> 0.001872564937101261
<357,admissions2-1,stu2-13application2-13,setStatus> 1.123976018167279E-4
<358,admissions4-1,stu4-7application4-7,setStatus> 4.348258138650321E-5
<359,fac4-2,gradebook4-4,readScore> 3.4768230314845164E-4
<360,admissions2-0,stu1-13application1-13,read> 1.213424207957258E-4
<361,stu1-8,stu1-8application1-8,checkStatus> 0.0015818212001363302
<362,fac1-1,roster1-2,read> 0.0029001615866712975
<363,stu2-3,stu2-3application2-3,checkStatus> 7.900084696786462E-4
<364,registrar0-0,transcript4-19,read> 3.802044084144342E-4
<365,chair0,transcript0-3,read> 6.354519215741105E-4
<366,admissions0-0,stu1-19application1-19,setStatus> 6.018526982663504E-5
<367,chair4,transcript4-3,read> 0.001213627132228775
<368,admissions0-0,stu3-15application3-15,setStatus> 1.9112851540529802E-4
<369,admissions4-0,stu4-5application4-5,read> 7.861450352063257E-5
<370,admissions0-1,stu1-1application1-1,setStatus> 2.655361922658134E-4
<371,admissions2-0,stu4-13application4-13,setStatus> 2.0491224655202174E-4
<372,admissions4-0,application5-4,setStatus> 2.215682500433077E-4
<373,stu4-3,stu4-3application4-3,checkStatus> 0.0024169361892909186
<374,registrar4-1,transcript4-15,read> 4.51237007389516E-4
<375,stu4-16,gradebook4-7,addScore> 2.0044502715166134E-4
<376,fac2-2,gradebook2-4,addScore> 7.879014685041974E-4
<377,registrar0-1,transcript4-4,read> 2.1332596947493297E-4
<378,chair2,transcript2-1,read> 0.001142830167658816
<379,chair3,transcript3-18,read> 0.0020336919718307992
<380,stu4-0,transcript4-0,read> 0.001069466646463675
<381,stu2-11,gradebook2-8,addScore> 3.907763503173903E-4
<382,stu1-2,stu1-2application1-2,checkStatus> 0.0019344253066682674
<383,chair2,transcript2-13,read> 0.0019746945013558335
<384,chair2,transcript2-12,read> 0.0019687947543083366
<385,admissions2-1,stu4-14application4-14,setStatus> 1.7394481892664835E-4
<386,admissions0-0,application4-0,read> 1.6102853048251362E-4
<387,stu3-11,gradebook3-3,addScore> 1.9038838029251592E-4
<388,stu0-5,stu0-5application0-5,checkStatus> 0.001996285676235274
<389,chair1,transcript1-10,read> 2.696676046293227E-4
<390,fac0-2,roster0-5,read> 0.0027809954140827807
<391,fac2-3,gradebook2-6,assignGrade> 8.231300568914602E-4
<392,admissions2-0,stu4-16application4-16,read> 1.5158875729318904E-4
<393,admissions2-0,stu5-11application5-11,setStatus> 1.2184939064042758E-4
<394,registrar4-0,transcript4-0,read> 2.5759743027654885E-4
<395,stu2-11,transcript2-11,read> 0.0016967397520390316
<396,app0-3,application0-3,checkStatus> 7.652643218518437E-4
<397,admissions2-0,stu4-9application4-9,read> 1.2083831518743473E-4
<398,registrar4-0,transcript1-4,read> 3.792051184023346E-4
<399,fac4-2,roster4-4,read> 0.0015135006692776438
<400,admissions2-1,stu2-5application2-5,read> 1.3208993889473534E-4
<401,admissions0-0,stu4-19application4-19,read> 7.56508205155761E-5
<402,admissions0-1,stu0-16application0-16,setStatus> 1.6140656185579256E-4
<403,registrar0-1,transcript4-17,read> 3.7638423922880236E-4
<404,stu2-10,stu2-10application2-10,checkStatus> 0.0015014027196992219
<405,stu3-9,stu3-9application3-9,checkStatus> 0.0010127058001198697
<406,chair5,transcript5-9,read> 0.0017623036076459566
<407,stu4-1,stu4-1application4-1,checkStatus> 0.0022437271545033004
<408,registrar2-1,roster5-2,read> 1.4622970508476233E-4
<409,admissions4-1,stu5-4application5-4,read> 6.387404470665233E-5
<410,chair4,transcript4-12,read> 0.0021280879245907445
<411,stu1-9,stu1-9application1-9,checkStatus> 0.0018787509740579617
<412,stu0-2,transcript0-2,read> 8.909742993487362E-4
<413,stu4-0,stu4-0application4-0,checkStatus> 7.343341370683403E-4
<414,registrar0-1,transcript0-8,read> 1.1631661911503603E-4
<415,registrar4-1,transcript0-18,read> 3.975938105658804E-4
<416,admissions4-0,application2-0,setStatus> 5.9307822386442995E-5
<417,registrar4-0,transcript3-13,read> 4.320246193054538E-4
<418,registrar2-0,transcript1-2,read> 3.340471069769653E-4
<419,stu1-13,transcript1-13,read> 1.9230425492740432E-4
<420,chair0,transcript0-13,read> 0.001939296019070854
<421,stu3-11,transcript3-11,read> 0.001803835160307995
<422,fac4-2,gradebook4-5,changeScore> 0.0013581957966782216
<423,app0-0,application0-0,checkStatus> 7.77636395765245E-4
<424,registrar2-0,roster1-3,read> 2.1521446542459123E-4
<425,stu2-8,gradebook2-7,readMyScores> 1.8896466556237877E-4
<426,chair4,transcript4-14,read> 0.0021457871657332337
<427,admissions4-0,stu3-18application3-18,read> 1.6042609565737492E-4
<428,admissions0-1,stu2-1application2-1,read> 1.3370740400029575E-4
<429,stu5-16,stu5-16application5-16,checkStatus> 0.0016127513849198334
<430,registrar2-0,transcript3-16,read> 3.7490146684862846E-4
<431,registrar4-0,transcript5-4,read> 3.6323643208278705E-4
<432,registrar0-0,transcript2-5,read> 1.966902251461105E-4
<433,stu4-7,transcript4-7,read> 0.0010235686143484051
<434,admissions4-0,stu4-1application4-1,setStatus> 2.094420259123677E-4
<435,registrar4-0,roster1-6,write> 1.8019118817373138E-4
<436,stu2-5,stu2-5application2-5,checkStatus> 0.00167461175448684
<437,stu3-10,transcript3-10,read> 0.001814034723000277
<438,admissions4-1,stu2-18application2-18,setStatus> 1.756036652647349E-4
<439,registrar0-0,roster1-1,write> 1.543894435244102E-4
<440,admissions4-0,stu4-0application4-0,setStatus> 6.854685029573067E-5
<441,registrar4-0,roster0-8,write> 1.8767906377232502E-4
<442,admissions0-1,stu1-6application1-6,read> 3.0172800049760797E-5
<443,registrar0-0,roster1-5,write> 1.5324032066983253E-4
<444,fac4-2,gradebook4-4,changeScore> 0.0013522048576743108
<445,registrar2-1,transcript2-14,read> 3.6361256260850744E-4
<446,admissions0-1,application0-2,read> 7.182465221376911E-5
<447,chair4,transcript4-6,read> 0.0012313263733712647
<448,registrar0-0,roster1-4,write> 1.5036751353338822E-4
<449,stu4-19,gradebook4-9,addScore> 3.116070270922336E-4
<450,admissions0-0,stu3-14application3-14,setStatus> 1.578838572013888E-4
<451,fac4-2,roster4-5,read> 0.001491834092443368
<452,registrar0-1,roster4-3,read> 1.4289050909921342E-4
<453,chair4,transcript4-11,read> 0.002015992730688309
<454,admissions2-0,stu3-6application3-6,setStatus> 2.1465065034855345E-4
<455,chair5,transcript5-7,read> 0.0017505041135509633
<456,registrar0-0,roster1-3,write> 1.5094207496067706E-4
<457,app2-3,application2-3,checkStatus> 7.03403952284837E-4
<458,registrar0-0,transcript1-7,read> 3.1903301399165964E-4
<459,admissions4-1,application4-2,read> 1.4377528873662433E-4
<460,registrar0-0,roster1-2,write> 1.5381488209712137E-4
<461,admissions2-0,stu3-1application3-1,read> 1.6217497506730116E-4
<462,admissions0-1,stu3-3application3-3,setStatus> 2.5133669720990136E-4
<463,registrar4-1,roster4-8,read> 1.251993995054359E-4
<464,stu4-9,stu4-9application4-9,checkStatus> 0.0014828446088291196
<465,registrar2-0,roster4-8,write> 7.84708153940893E-5
<466,registrar2-0,transcript3-18,read> 3.706010079147692E-4
<467,admissions4-1,stu0-7application0-7,read> 1.1048310372413599E-4
<468,stu0-0,stu0-0application0-0,checkStatus> 0.0014952166827425209
<469,chair3,transcript3-16,read> 0.0020572909600207853
<470,registrar4-1,roster4-2,read> 1.7177785373460156E-4
<471,stu2-3,transcript2-3,read> 9.980697076176995E-4
<472,registrar0-0,roster1-9,write> 1.572622506608545E-4
<473,admissions4-0,stu0-4application0-4,read> 1.2892101048670392E-4
<474,registrar2-1,transcript2-0,read> 2.523824852952751E-4
<475,admissions2-1,stu4-19application4-19,read> 6.182630509140991E-5
<476,app0-2,application0-2,checkStatus> 7.467062109817416E-4
<477,admissions4-0,stu3-13application3-13,read> 1.2079066592653077E-4
<478,admissions4-0,stu3-13application3-13,setStatus> 1.3726212037105771E-4
<479,admissions0-1,stu4-9application4-9,setStatus> 1.6208272828702644E-4
<480,registrar2-0,transcript0-13,read> 3.5339917217933205E-4
<481,stu2-14,transcript2-14,read> 0.001717138877423596
<482,admissions0-1,stu3-15application3-15,read> 1.6762391219098826E-4
<483,registrar2-1,transcript1-9,read> 3.301355490482142E-4
<484,registrar2-1,roster0-9,read> 2.285160573012758E-4
<485,registrar0-0,roster1-8,write> 1.5668768923356565E-4
<486,registrar0-0,roster1-7,write> 1.561131278062768E-4
<487,stu0-11,transcript0-11,read> 0.0016508417199237613
<488,admissions4-0,application4-4,read> 1.4518169960705022E-4
<489,registrar0-0,roster5-9,read> 1.28543156818713E-4
<490,admissions0-0,stu4-16application4-16,read> 1.7953698509073088E-4
<491,chair2,transcript2-2,read> 0.0011369304206113194
<492,stu2-4,transcript2-4,read> 9.929699262715584E-4
<493,registrar4-0,transcript2-19,read> 4.271111773609775E-4
<494,registrar2-0,transcript5-5,read> 3.168452712415281E-4
<495,registrar0-0,roster1-6,write> 1.520911978152548E-4
<496,registrar4-0,roster3-3,read> 1.5416443875646078E-4
<497,registrar0-0,transcript2-0,read> 2.4230957013936613E-4
<498,stu4-13,stu4-13application4-13,checkStatus> 0.002212796969719797
<499,stu5-0,stu5-0application5-0,checkStatus> 0.001507588756655922
<500,stu5-7,transcript5-7,read> 0.0015131476235779515
<501,stu4-15,transcript4-15,read> 0.0018446334110771238
<502,registrar2-0,roster3-8,write> 1.0111092410633522E-4
<503,stu0-7,stu0-7application0-7,checkStatus> 0.0013343797218683038
<504,admissions2-1,stu5-3application5-3,setStatus> 1.6119179195792606E-4
<505,app0-4,application0-4,checkStatus> 7.59078284895143E-4
<506,stu3-0,stu3-0application3-0,checkStatus> 9.261012827260607E-4
<507,stu1-9,gradebook1-5,addScore> 3.7124793855520654E-4
<508,registrar0-0,transcript4-17,read> 3.7813080182383163E-4
<509,registrar4-0,transcript0-11,read> 3.9763052569412045E-4
<510,admissions2-0,stu3-1application3-1,setStatus> 1.8428974439466044E-4
<511,admissions4-1,application4-4,read> 1.4633622604527725E-4
<512,admissions2-1,stu2-8application2-8,setStatus> 2.1830317360046494E-4
<513,registrar4-1,transcript0-17,read> 3.9884132677108115E-4
<514,registrar0-1,roster4-3,write> 1.039203702539734E-4
<515,admissions4-1,stu0-13application0-13,setStatus> 1.9190053904707185E-4
<516,admissions2-0,stu3-19application3-19,setStatus> 1.7340564603383088E-4
<517,admissions0-1,stu5-19application5-19,read> 3.7313117563590787E-5
<518,stu5-13,gradebook5-2,addScore> 1.0380272237040336E-4
<519,stu1-18,stu1-18application1-18,checkStatus> 0.001383868017521909
<520,stu2-17,transcript2-17,read> 0.0017528373468465835
<521,admissions0-0,stu1-13application1-13,setStatus> 1.6331155649998623E-4
<522,admissions4-1,stu5-3application5-3,setStatus> 1.6920132199310252E-4
<523,admissions0-0,stu0-3application0-3,setStatus> 1.0632071386471318E-4
<524,stu2-9,stu2-9application2-9,checkStatus> 0.0022066109327630963
<525,admissions4-1,stu3-6application3-6,setStatus> 2.1809194334011342E-4
<526,fac1-3,roster1-6,read> 0.002867661721419884
<527,admissions4-0,stu1-14application1-14,read> 1.7262161249763456E-4
<528,registrar0-0,transcript0-18,read> 3.3043785023997353E-4
<529,admissions2-1,stu4-13application4-13,setStatus> 1.9834191399724753E-4
<530,registrar4-1,transcript5-3,read> 3.6515838923065886E-4
<531,stu2-7,stu2-7application2-7,checkStatus> 0.0011426125762105837
<532,admissions2-1,stu0-6application0-6,setStatus> 6.138549394183886E-5
<533,admissions0-0,stu2-7application2-7,setStatus> 1.2531766140980418E-4
<534,stu2-13,stu2-13application2-13,checkStatus> 0.0012539612414311954
<535,stu1-16,stu1-16application1-16,checkStatus> 0.0013714959436085079
<536,stu4-7,stu4-7application4-7,checkStatus> 4.621485109735115E-4
<537,stu0-17,transcript0-17,read> 0.001630442594539197
<538,admissions4-1,stu4-4application4-4,read> 1.4070216396624077E-4
<539,admissions0-1,stu4-11application4-11,read> 2.110608437334541E-4
<540,registrar0-0,transcript4-1,read> 2.1846309434743707E-4
<541,fac0-4,roster0-8,read> 0.0029868278940084012
<542,stu4-11,stu4-11application4-11,checkStatus> 0.002194238858849695
<543,stu5-14,gradebook5-9,readMyScores> 4.147563155146509E-5
<544,registrar0-1,transcript3-11,read> 3.6503208120796337E-4
<545,admissions4-0,stu2-8application2-8,setStatus> 2.2734264248661253E-4
<546,registrar2-1,transcript4-0,read> 2.2646479737762875E-4
<547,app4-2,application4-2,checkStatus> 0.0017364721240538464
<548,stu3-7,stu3-7application3-7,checkStatus> 0.001779774382750751
<549,admissions0-0,stu4-18application4-18,read> 1.176679977108434E-5
<550,admissions0-1,stu1-13application1-13,setStatus> 1.627588947182604E-4
<551,chair2,transcript2-18,read> 0.0020395917188782958
<552,admissions2-1,stu2-17application2-17,setStatus> 1.1849687558437766E-4
<553,stu0-12,stu0-12application0-12,checkStatus> 6.229854718477286E-4
<554,registrar2-0,transcript1-3,read> 3.351222217104302E-4
<555,registrar2-1,transcript5-2,read> 3.17176705089391E-4
<556,chair4,transcript4-16,read> 0.002157586659828227
<557,registrar2-0,transcript2-0,read> 2.5126327250017406E-4
<558,admissions0-1,stu4-7application4-7,setStatus> 5.051526713343272E-5
<559,app3-2,application3-2,checkStatus> 0.0015447049783961263
<560,stu5-10,stu5-10application5-10,checkStatus> 0.002218983006676498
<561,admissions4-0,application1-1,setStatus> 2.4084028482283747E-5
<562,admissions0-0,application1-3,setStatus> 3.0332923684349175E-5
<563,admissions4-0,stu2-19application2-19,setStatus> 1.3379748490507484E-4
<564,fac0-3,gradebook0-6,addScore> 1.9529221168171292E-4
<565,stu2-12,transcript2-12,read> 0.0017018395333851725
<566,admissions0-0,stu1-15application1-15,read> 1.6640195278812506E-4
<567,registrar4-0,transcript1-1,read> 3.239288965269775E-4
<568,admissions0-0,application5-0,setStatus> 2.549039821638178E-4
<569,app2-4,application2-4,checkStatus> 7.157760261982383E-4
<570,registrar0-1,transcript3-8,read> 7.090798703168E-5
<571,stu3-15,transcript3-15,read> 0.0017834360349234305
<572,admissions0-1,stu4-18application4-18,read> 1.1726979805699963E-5
<573,registrar0-1,transcript3-1,read> 7.400403012827247E-5
<574,fac5-1,gradebook5-2,addScore> 1.9914084506253348E-4
<575,app3-3,application3-3,checkStatus> 0.0015385189414394258
<576,fac5-1,gradebook5-3,addScore> 1.2586574041098484E-4
<577,admissions2-1,stu1-13application1-13,read> 1.1745168185237587E-4
<578,admissions4-1,stu5-0application5-0,read> 1.2482435265259248E-4
<579,admissions4-1,stu4-14application4-14,setStatus> 1.825880397428793E-4
<580,registrar4-1,transcript4-11,read> 4.2628668328549937E-4
<581,admissions4-1,stu0-2application0-2,read> 8.557798839748605E-6
<582,app5-1,application5-1,checkStatus> 0.0023303316718971097
<583,registrar0-1,roster1-3,read> 2.0658671402672344E-4
<584,chair0,transcript0-18,read> 0.0018802985485958882
<585,admissions0-0,stu2-1application2-1,read> 1.3416141895445632E-4
<586,admissions2-0,stu4-1application4-1,setStatus> 2.0777648296276636E-4
<587,admissions0-0,stu4-13application4-13,setStatus> 2.4269165874197363E-4
<588,registrar2-1,transcript0-19,read> 3.430943930070374E-4
<589,registrar0-1,transcript4-12,read> 3.722561817666791E-4
<590,registrar4-0,transcript2-12,read> 4.099141305553109E-4
<591,stu2-3,gradebook2-7,readMyScores> 1.9957607226782551E-4
<592,stu5-5,transcript5-5,read> 0.0015029480608856692
<593,stu1-5,gradebook1-5,readMyScores> 7.983608227290087E-5
<594,admissions0-0,stu4-7application4-7,setStatus> 5.068679605408954E-5
<595,admissions2-1,stu5-17application5-17,setStatus> 1.3956709405444053E-4
<596,fac2-4,gradebook2-8,changeScore> 0.0022748094642765357
<597,admissions4-1,stu4-5application4-5,read> 7.923966855857E-5
<598,admissions4-1,application2-3,setStatus> 6.618179844047253E-5
<599,fac2-2,gradebook2-4,readScore> 2.9027948839628316E-4
<600,admissions0-1,stu3-15application3-15,setStatus> 1.904817183988503E-4
<601,fac5-2,roster5-4,read> 0.0016001669766147473
<602,admissions2-0,stu2-17application2-17,setStatus> 1.224222379225765E-4
<603,admissions0-0,stu3-4application3-4,setStatus> 6.696989394988183E-5
<604,registrar2-1,transcript2-18,read> 3.733316955776248E-4
<605,fac5-3,roster5-6,read> 0.001643500130283299
<606,admissions2-0,stu2-17application2-17,read> 1.0773156937186732E-4
<607,fac3-1,roster3-3,read> 0.0017843328797060916
<608,registrar0-0,transcript5-5,read> 3.055545711527432E-4
<609,registrar0-1,roster1-6,read> 2.0815945982740266E-4
<610,admissions4-1,stu1-2application1-2,read> 1.6016528751200323E-4
<611,registrar2-0,transcript4-4,read> 2.222351746966239E-4
<612,registrar0-1,roster2-7,write> 1.0506418538174013E-4
<613,stu0-18,transcript0-18,read> 0.0016253428131930562
<614,registrar4-1,transcript5-6,read> 3.71395970256663E-4
<615,registrar4-1,roster1-6,read> 2.516266324131712E-4
<616,fac1-2,gradebook1-5,changeScore> 8.489659813458245E-4
<617,admissions4-1,stu4-0application4-0,setStatus> 6.90919544730327E-5
<618,stu3-13,stu3-13application3-13,checkStatus> 0.001470472534915718
<619,admissions4-1,stu2-19application2-19,setStatus> 1.3486148080889252E-4
<620,chair1,transcript1-3,read> 0.0018390003192634123
<621,registrar4-1,transcript0-10,read> 4.050789077970853E-4
<622,admissions4-1,stu3-13application3-13,read> 1.2175122788220896E-4
<623,stu0-6,transcript0-6,read> 5.594885118495643E-4
<624,fac5-0,gradebook5-1,addScore> 4.00166110823278E-4
<625,stu1-3,stu1-3application1-3,checkStatus> 0.001711727976227044
<626,registrar2-0,transcript2-6,read> 2.028831094942572E-4
<627,admissions2-1,stu0-13application0-13,read> 1.6087851107804226E-4
<628,admissions2-1,stu2-10application2-10,setStatus> 1.345767791536362E-4
<629,registrar0-1,roster5-6,write> 8.676314333747242E-5
<630,chair3,transcript3-0,read> 4.2896077491173026E-4
<631,stu2-6,gradebook2-2,readMyScores> 2.4880166226106483E-4
<632,chair3,transcript3-19,read> 0.002021892477735806
<633,stu5-3,stu5-3application5-3,checkStatus> 0.0017983324936208529
<634,stu4-2,stu4-2application4-2,checkStatus> 0.0011611706870806855
<635,registrar2-1,transcript2-5,read> 2.0486672411292343E-4
<636,stu2-11,gradebook2-2,readMyScores> 1.7431014661403943E-4
<637,stu1-4,gradebook1-7,readMyScores> 8.823530516235376E-5
<638,app3-0,application3-0,checkStatus> 0.0015199608305693235
<639,registrar0-0,transcript4-6,read> 2.1638948775683456E-4
<640,admissions0-0,stu1-11application1-11,read> 1.8789564201057092E-4
<641,fac2-4,gradebook2-9,changeScore> 0.002262827586268715
<642,registrar0-1,transcript2-19,read> 3.5883999501477843E-4
<643,registrar2-1,transcript2-4,read> 2.102662424290998E-4
<644,registrar2-1,transcript2-7,read> 2.0702653143939395E-4
<645,admissions0-1,stu2-19application2-19,read> 1.378725892166966E-4
<646,fac2-3,gradebook2-6,readScore> 5.926067389643075E-4
<647,stu3-6,gradebook3-4,addScore> 2.41790657294238E-4
<648,registrar2-0,transcript2-19,read> 3.738263521151636E-4
<649,registrar2-0,transcript0-2,read> 1.8783150322574968E-4
<650,registrar2-1,transcript2-6,read> 2.0378682044968819E-4
<651,registrar2-1,transcript2-9,read> 2.1458585708204083E-4
<652,registrar0-1,roster1-5,read> 2.097322056280819E-4
<653,registrar2-1,transcript2-8,read> 2.0594662777615873E-4
<654,stu4-17,stu4-17application4-17,checkStatus> 0.0010745661696868762
<655,app4-0,application4-0,checkStatus> 0.0016684257175301391
<656,admissions2-0,application1-0,read> 2.0017193529223935E-5
<657,stu3-2,stu3-2application3-2,checkStatus> 6.167994348910279E-4
<658,chair1,transcript1-7,read> 0.001815401331073426
<659,admissions4-0,stu0-2application0-2,read> 8.490281689139149E-6
<660,stu3-4,gradebook3-1,addScore> 2.2098490051636658E-4
<661,app1-1,application1-1,checkStatus> 2.5800929140238986E-4
<662,stu5-12,stu5-12application5-12,checkStatus> 0.0010683801327301757
<663,admissions2-0,stu4-3application4-3,setStatus> 2.238162068629363E-4
<664,stu5-7,gradebook5-5,readMyScores> 4.822318201891357E-5
<665,chair3,transcript3-12,read> 0.002080889948210772
<666,admissions2-1,stu0-12application0-12,read> 4.913981565469836E-5
<667,registrar4-0,transcript4-16,read> 4.492216661111205E-4
<668,fac2-4,roster2-8,read> 0.0020118319364659876
<669,admissions2-0,stu2-10application2-10,setStatus> 1.3903480910489534E-4
<670,admissions0-0,stu5-10application5-10,read> 2.1416570661578248E-4
<671,registrar4-1,roster1-7,read> 2.58280697303052E-4
<672,fac5-3,gradebook5-7,addScore> 2.539469792600197E-4
<673,fac4-4,gradebook4-9,changeScore> 0.0011784676265609048
<674,admissions2-0,stu3-14application3-14,setStatus> 1.333063362834061E-4
<675,registrar4-1,roster1-7,write> 1.8784050712949236E-4
<676,stu4-4,gradebook4-3,readMyScores> 1.3112085410449818E-4
<677,stu3-16,transcript3-16,read> 0.0017783362535772893
<678,admissions0-1,stu2-11application2-11,read> 8.134507556554246E-5
<679,admissions0-0,stu5-0application5-0,read> 1.4550531048852498E-4
<680,fac5-3,gradebook5-6,addScore> 1.4588921452029366E-4
<681,stu2-0,stu2-0application2-0,checkStatus> 0.0012354031305610933
<682,fac3-0,roster3-1,read> 0.00174099972603754
<683,registrar2-1,transcript2-1,read> 2.0918633876586447E-4
<684,admissions4-0,stu1-2application1-2,setStatus> 1.805700636958437E-4
<685,fac3-1,gradebook3-3,readScore> 6.496329024717911E-5
<686,stu1-11,stu1-11application1-11,checkStatus> 0.001946797380581669
<687,admissions4-0,application0-4,setStatus> 7.085660727305259E-5
<688,registrar2-1,transcript2-2,read> 2.0810643510262925E-4
<689,stu5-11,transcript5-11,read> 1.4130644146599324E-4
<690,registrar4-1,transcript0-11,read> 4.0383139159188446E-4
<691,registrar2-1,transcript2-3,read> 2.11346146092335E-4
<692,registrar4-1,transcript1-2,read> 3.8761368092427376E-4
<693,registrar2-0,transcript2-5,read> 2.03958224227722E-4
<694,registrar4-0,roster2-9,read> 1.7475609665259316E-4
<695,admissions4-0,stu1-13application1-13,setStatus> 1.3899443810404916E-4
<696,admissions4-0,application0-0,read> 6.387825400531873E-5
<697,stu3-12,transcript3-12,read> 0.0017987353789618537
<698,admissions4-1,stu5-13application5-13,read> 1.9140872267756922E-4
<699,admissions0-0,stu2-19application2-19,read> 1.3834074741437638E-4
<700,fac5-3,roster5-7,read> 0.0017301664376204022
<701,admissions0-1,stu0-11application0-11,read> 1.9975534100322322E-4
<702,registrar0-0,transcript1-5,read> 3.2110662058226216E-4
<703,stu4-13,gradebook4-7,readMyScores> 5.5438392659833075E-5
<704,stu2-10,gradebook2-1,readScore> 3.07150876070474E-4
<705,stu2-6,transcript2-6,read> 9.623712381947118E-4
<706,stu0-14,transcript0-14,read> 0.001671240845308326
<707,admissions4-0,stu5-19application5-19,setStatus> 3.621025261322382E-5
<708,registrar2-0,transcript2-4,read> 2.0933379789504612E-4
<709,admissions2-0,stu1-4application1-4,setStatus> 2.226705122986384E-4
<710,fac1-4,gradebook1-9,readScore> 2.044246142750265E-4
<711,fac5-2,gradebook5-5,changeScore> 5.494190311502967E-4
<712,registrar2-0,transcript2-3,read> 2.104089126285109E-4
<713,registrar2-0,transcript2-9,read> 2.1363425682890537E-4
<714,admissions4-0,stu5-18application5-18,setStatus> 1.3148772792775292E-4
<715,registrar2-0,transcript2-8,read> 2.050333389611868E-4
<716,registrar4-0,roster0-3,read> 2.365310703409903E-4
<717,admissions0-0,stu3-19application3-19,setStatus> 2.0537622606411627E-4
<718,admissions0-0,stu5-17application5-17,read> 1.5028168587129072E-4
<719,registrar0-1,transcript4-8,read> 2.0816589764727887E-4
<720,stu2-15,transcript2-15,read> 0.0017222386587697372
<721,stu2-12,gradebook2-1,readMyScores> 8.635971976025902E-5
<722,registrar0-0,roster1-6,read> 2.0912539699597532E-4
<723,admissions2-0,stu2-16application2-16,read> 1.0319461889724785E-4
<724,registrar2-0,transcript2-7,read> 2.0610845369465163E-4
<725,registrar0-0,transcript0-1,read> 1.7802776583068775E-4
<726,stu3-3,gradebook3-5,addScore> 2.477651436242567E-4
<727,stu3-13,transcript3-13,read> 0.0017936355976157124
<728,registrar0-1,transcript4-11,read> 3.5264790882159354E-4
<729,registrar2-0,roster0-2,write> 1.5175327254162224E-4
<730,admissions0-1,stu5-10application5-10,read> 2.1344094957139747E-4
<731,chair5,transcript5-0,read> 0.0017210053783134804
<732,fac5-2,gradebook5-4,addScore> 1.137723985679234E-4
<733,registrar0-1,transcript4-19,read> 3.78448267959864E-4
<734,registrar2-0,transcript1-8,read> 3.2759641857617636E-4
<735,fac0-2,gradebook0-5,assignGrade> 1.0207775534936879E-4
<736,fac5-2,gradebook5-5,addScore> 3.8344171089335426E-4
<737,fac4-3,gradebook4-7,changeScore> 0.001376168613689953
<738,registrar0-1,transcript2-15,read> 3.485198513594703E-4
<739,fac0-1,gradebook0-2,changeScore> 3.277542880056064E-4
<740,stu3-5,stu3-5application3-5,checkStatus> 0.001346751795781705
<741,fac3-4,gradebook3-9,changeScore> 5.134733971268336E-4
<742,registrar4-1,roster4-1,read> 1.708272730360471E-4
<743,stu2-7,transcript2-7,read> 9.776705822331351E-4
<744,admissions2-1,stu3-14application3-14,setStatus> 1.2903198481940912E-4
<745,registrar0-1,roster5-5,read> 1.2087206788970386E-4
<746,registrar4-1,roster0-8,read> 2.620830200972697E-4
<747,registrar4-0,transcript4-13,read> 4.418515031944061E-4
<748,chair0,transcript0-8,read> 6.649506568115934E-4
<749,fac4-0,gradebook4-1,assignGrade> 4.700925798753027E-4
<750,app3-1,application3-1,checkStatus> 0.001513774793612623
<751,registrar2-0,transcript2-1,read> 2.0825868316158124E-4
<752,stu1-7,transcript1-7,read> 0.001569245218385504
<753,registrar4-0,roster0-7,read> 2.421469770399355E-4
<754,registrar2-0,transcript2-2,read> 2.0718356842811642E-4
<755,registrar4-1,roster5-6,read> 1.4421101347652393E-4
<756,admissions0-1,stu0-3application0-3,setStatus> 1.0596091449461263E-4
<757,stu5-13,stu5-13application5-13,checkStatus> 0.002311773561027008
<758,app1-3,application1-3,checkStatus> 2.765674022724918E-4
<759,admissions2-0,stu2-11application2-11,setStatus> 7.83129971971093E-5
<760,registrar4-1,transcript4-18,read> 4.587221046207209E-4
<761,registrar4-1,transcript1-6,read> 3.8262361610347045E-4
<762,registrar4-0,transcript3-11,read> 4.3448134027769195E-4
<763,admissions2-1,stu3-19application3-19,setStatus> 1.6784554515899858E-4
<764,admissions4-1,stu1-5application1-5,read> 1.0997091626240538E-4
<765,fac4-4,gradebook4-9,readScore> 1.8820796177533258E-4
<766,registrar0-0,roster0-2,write> 1.463455835423662E-4
<767,chair4,transcript4-15,read> 0.002133987671638241
<768,registrar0-1,transcript1-8,read> 3.1446337729695324E-4
<769,registrar2-0,roster1-1,write> 1.6009436522508125E-4
<770,stu0-15,gradebook0-7,readMyScores> 2.6730347489879963E-5
<771,admissions4-0,stu3-16application3-16,read> 3.5422048044712706E-5
<772,admissions0-0,application3-0,setStatus> 1.6670386856160958E-4
<773,admissions0-0,application3-2,setStatus> 1.694177182109083E-4
<774,stu1-4,stu1-4application1-4,checkStatus> 0.0024045641153775175
<775,registrar4-0,transcript1-0,read> 3.263856174992156E-4
<776,admissions0-0,application3-1,setStatus> 1.6602540614928492E-4
<777,admissions0-0,application5-4,read> 2.2909187968692536E-4
<778,stu3-6,stu3-6application3-6,checkStatus> 0.002317959597983708
<779,admissions0-0,application3-4,setStatus> 1.680607933862589E-4
<780,registrar0-0,transcript2-17,read> 3.5635793262250506E-4
<781,registrar0-0,transcript4-11,read> 3.542843260319026E-4
<782,admissions2-0,application0-3,setStatus> 7.086598252917326E-5
<783,admissions0-0,application3-3,setStatus> 1.6873925579858362E-4
<784,registrar4-0,transcript3-9,read> 8.317024124764391E-5
<785,stu0-8,stu0-8application0-8,checkStatus> 0.0017921464566641521
<786,admissions2-1,application4-2,read> 1.3696935790885516E-4
<787,app0-1,application0-1,checkStatus> 7.528922479384423E-4
<788,admissions4-0,stu2-14application2-14,read> 5.523976291013476E-5
<789,admissions0-1,stu1-6application1-6,setStatus> 3.428727278381909E-5
<790,chair3,transcript3-15,read> 0.002063190707068282
<791,stu5-17,stu5-17application5-17,checkStatus> 0.0015570770523095276
<792,stu1-0,stu1-0application1-0,checkStatus> 0.002280843376243504
<793,registrar0-0,roster5-3,read> 1.174828493434025E-4
<794,admissions4-0,stu2-12application2-12,setStatus> 6.104014011943443E-5
<795,app1-2,application1-2,checkStatus> 2.7038136531579117E-4
<796,chair4,transcript4-2,read> 0.0012490256145137543
<797,fac5-4,gradebook5-8,addScore> 1.2056827864915032E-4
<798,fac5-4,gradebook5-9,addScore> 1.8360476929355393E-4
<799,registrar2-1,transcript4-5,read> 2.243049900511582E-4
<800,admissions2-1,stu4-3application4-3,setStatus> 2.166397353001968E-4
<801,admissions0-1,application3-3,setStatus> 1.681682261681316E-4
<802,app5-3,application5-3,checkStatus> 0.002355075819723912
<803,admissions0-1,application3-2,setStatus> 1.6884439259936548E-4
<804,admissions0-1,application3-1,setStatus> 1.6546356044319597E-4
<805,admissions2-1,stu2-12application2-12,read> 5.157952516175827E-5
<806,admissions4-1,stu3-16application3-16,read> 3.5703734311469866E-5
<807,fac1-3,gradebook1-6,readScore> 2.21369072098765E-4
<808,registrar4-0,roster5-8,read> 1.476125476076914E-4
<809,registrar4-1,roster0-4,read> 2.4497256752329045E-4
<810,admissions0-0,stu3-6application3-6,read> 2.2371845738131398E-4
<811,admissions0-1,stu1-4application1-4,read> 2.312917433559724E-4
<812,stu5-16,gradebook5-6,addScore> 7.855573089554275E-5
<813,chair2,transcript2-9,read> 0.001172328902896299
<814,admissions0-1,application3-0,setStatus> 1.6613972687442986E-4
<815,registrar0-0,transcript2-10,read> 3.439162930788899E-4
<816,stu4-9,gradebook4-7,readMyScores> 1.239081206460811E-4
<817,stu3-0,gradebook3-6,readMyScores> 3.988175400926429E-5
<818,admissions0-1,application3-4,setStatus> 1.6749205973689765E-4
<819,admissions2-0,stu0-7application0-7,read> 1.0873978058844942E-4
<820,admissions0-0,stu1-14application1-14,setStatus> 2.3047933532012934E-4
<821,admissions2-1,application3-1,setStatus> 1.356857380204816E-4
<822,stu1-17,transcript1-17,read> 1.7190512954283992E-4
<823,admissions0-0,stu0-15application0-15,read> 1.4072893510575925E-4
<824,admissions4-1,stu5-13application5-13,setStatus> 2.175099121336014E-4
<825,admissions2-0,stu3-3application3-3,setStatus> 2.1293210850210662E-4
<826,admissions0-1,stu5-12application5-12,read> 1.0276602810703245E-4
<827,admissions0-0,stu0-16application0-16,setStatus> 1.6195463167533686E-4
<828,admissions0-1,stu1-2application1-2,setStatus> 2.1144287776710127E-4
<829,registrar4-1,transcript4-1,read> 2.6286206040419097E-4
<830,stu5-4,stu5-4application5-4,checkStatus> 7.714503588085442E-4
<831,registrar4-1,transcript2-15,read> 4.212966184646961E-4
<832,registrar4-1,transcript3-13,read> 4.3876184533750764E-4
<833,admissions2-0,stu2-15application2-15,read> 3.564446738624661E-5
<834,admissions4-1,stu4-2application4-2,setStatus> 1.0925210772236303E-4
<835,stu3-9,gradebook3-9,readMyScores> 8.546440175801814E-5
<836,stu4-7,gradebook4-5,addScore> 4.2271805136128994E-4
<837,admissions0-0,stu4-3application4-3,setStatus> 2.65080918348688E-4
<838,admissions2-1,stu2-15application2-15,read> 3.450155861233891E-5
<839,chair0,transcript0-14,read> 0.0019333962720233572
<840,fac0-1,gradebook0-2,assignGrade> 1.1705510285914515E-4
<841,admissions4-0,stu2-7application2-7,read> 9.385889957095722E-5
<842,admissions2-1,stu5-15application5-15,read> 3.9380977626458715E-5
<843,admissions4-0,stu3-0application3-0,read> 7.607377084557848E-5
<844,stu4-19,stu4-19application4-19,checkStatus> 7.838224327219456E-4
<845,stu1-10,stu1-10application1-10,checkStatus> 0.0013405657588250045
<846,admissions2-1,stu0-6application0-6,read> 5.401923466881818E-5
<847,stu2-0,gradebook2-5,readMyScores> 2.356383079302194E-4
<848,fac4-3,roster4-6,read> 0.0015785003997804714
<849,admissions0-1,stu1-16application1-16,read> 1.3192232462183826E-4
<850,admissions2-1,stu0-16application0-16,setStatus> 1.3235886141994534E-4
<851,fac1-3,gradebook1-6,changeScore> 8.609478593536456E-4
<852,admissions2-0,stu1-6application1-6,read> 2.556235522042553E-5
<853,fac4-0,gradebook4-1,addScore> 9.186225086509118E-4
<854,registrar4-0,transcript2-0,read> 2.87078081943406E-4
<855,admissions0-0,stu3-12application3-12,read> 8.400947743541614E-5
<856,admissions0-1,stu1-11application1-11,read> 1.8725978535402078E-4
<857,admissions4-1,stu2-7application2-7,read> 9.460529241048769E-5
<858,admissions4-0,stu1-0application1-0,setStatus> 2.129066613783505E-4
<859,stu0-15,transcript0-15,read> 0.0016661410639621848
<860,registrar4-0,roster4-2,write> 1.2301104723901673E-4
<861,stu5-14,gradebook5-3,addScore> 6.617102683798978E-5
<862,app5-4,application5-4,checkStatus> 0.0023736339305940137
<863,admissions4-1,stu2-18application2-18,read> 1.5453122543296672E-4
<864,fac4-0,gradebook4-1,readScore> 3.3843987160823063E-4
<865,stu5-5,gradebook5-6,readMyScores> 5.9392437933503585E-5
<866,admissions0-1,stu5-17application5-17,read> 1.4977311840641327E-4
<867,admissions2-0,stu0-6application0-6,read> 5.5808691717888777E-5
<868,stu1-10,gradebook1-4,readScore> 2.5527589157926938E-5
<869,admissions2-0,stu1-9application1-9,setStatus> 1.7397849331597976E-4
<870,admissions4-1,stu3-0application3-0,read> 7.667873124991706E-5
<871,fac2-2,gradebook2-4,changeScore> 0.00231674603730391
<872,stu0-5,transcript0-5,read> 5.696880745418464E-4
<873,admissions4-0,stu0-15application0-15,setStatus> 1.3610724188239676E-4
<874,registrar0-1,transcript5-7,read> 3.0620726237270664E-4
<875,registrar4-1,roster5-9,write> 1.124853826622708E-4
<876,registrar4-1,roster5-7,write> 1.1041138841087936E-4
<877,admissions0-0,stu1-16application1-16,read> 1.323702781859192E-4
<878,registrar4-1,roster5-2,write> 1.2285535391922788E-4
<879,registrar2-1,transcript5-4,read> 3.1933651241586157E-4
<880,registrar4-1,transcript3-18,read> 4.3002923190110185E-4
<881,registrar4-1,roster5-1,write> 1.221640225020974E-4
<882,registrar4-1,roster5-6,write> 1.0488073707383559E-4
<883,registrar4-1,roster5-5,write> 1.0626339990809653E-4
<884,admissions0-0,stu0-14application0-14,read> 1.4013188818291355E-4
<885,stu0-19,gradebook0-7,readScore> 2.9271090056049865E-5
<886,chair3,transcript3-11,read> 0.0020867896952582684
<887,registrar4-1,roster5-4,write> 1.021154114053137E-4
<888,registrar0-0,transcript0-7,read> 1.1892997799851578E-4
<889,admissions4-1,stu0-4application0-4,setStatus> 1.476661673521573E-4
<890,admissions0-1,stu3-12application3-12,read> 8.372518140348581E-5
<891,registrar2-1,roster3-9,read> 1.4046966042960643E-4
<892,registrar0-1,roster1-4,read> 2.0580034112638383E-4
<893,admissions2-1,stu1-18application1-18,read> 1.0915666952837217E-4
<894,registrar4-0,roster2-3,write> 8.897524906359129E-5
<895,registrar4-1,roster5-3,write> 1.0280674282244417E-4
<896,admissions4-1,stu3-2application3-2,setStatus> 5.803336154930406E-5
<897,fac2-2,roster2-5,read> 0.0014593342271919541
<898,stu0-16,transcript0-16,read> 0.001635542375885338
<899,admissions2-1,stu2-17application2-17,read> 1.0427725051425233E-4
<900,admissions4-0,stu4-2application4-2,setStatus> 1.0839015815453372E-4
<901,registrar2-0,transcript5-1,read> 3.1039458284073924E-4
<902,admissions4-0,application5-2,setStatus> 2.1868105382165536E-4
<903,chair0,transcript0-10,read> 0.0019156970308808674
<904,registrar4-0,roster5-2,write> 1.2096889934849117E-4
<905,registrar2-1,transcript0-13,read> 3.549733333026253E-4
<906,admissions2-1,stu1-8application1-8,setStatus> 1.4178501178813136E-4
<907,registrar4-0,roster5-3,write> 1.0122813640674445E-4
<908,registrar4-0,transcript2-8,read> 2.3425858104028695E-4
<909,admissions4-0,stu5-16application5-16,setStatus> 1.5054322299065873E-4
<910,admissions4-1,application5-3,read> 1.9499403490968328E-4
<911,registrar4-0,roster5-4,write> 1.0054742044323594E-4
<912,app4-1,application4-1,checkStatus> 0.0017488441979672477
<913,registrar4-0,roster5-5,write> 1.0463171622428699E-4
<914,registrar0-1,transcript0-17,read> 3.299435927799155E-4
<915,admissions0-0,stu4-17application4-17,read> 1.0371202588932477E-4
<916,stu0-6,stu0-6application0-6,checkStatus> 6.84845841414735E-4
<917,registrar4-0,roster5-1,write> 1.2028818338498267E-4
<918,stu1-17,stu1-17application1-17,checkStatus> 7.405201740250411E-4
<919,admissions0-1,application2-0,setStatus> 6.944792720798196E-5
<920,registrar0-1,roster1-8,write> 1.559639585673598E-4
<921,fac0-1,roster0-2,read> 0.002759328837248505
<922,stu2-5,gradebook2-3,readMyScores> 3.261520277771318E-4
<923,admissions2-0,stu5-9application5-9,setStatus> 2.9620978214450666E-5
<924,registrar4-0,roster5-6,write> 1.0327028429726996E-4
<925,registrar2-0,roster2-3,read> 1.070781567068902E-4
<926,fac5-1,gradebook5-2,assignGrade> 2.090588089906286E-4
<927,registrar2-1,roster2-6,write> 1.0934110741497312E-4
<928,registrar4-0,roster5-7,write> 1.0871601200533803E-4
<929,admissions0-1,stu3-6application3-6,setStatus> 2.533651965036032E-4
<930,chair4,transcript4-8,read> 0.0011900281440387884
<931,registrar0-0,roster2-2,read> 1.0563251990556978E-4
<932,registrar4-0,roster5-8,write> 1.0735458007832102E-4
<933,admissions2-0,stu5-17application5-17,read> 1.2688758248692738E-4
<934,admissions0-1,stu3-4application3-4,setStatus> 6.674326148304636E-5
<935,registrar4-0,roster5-9,write> 1.1075815989586354E-4
<936,admissions0-0,stu2-10application2-10,setStatus> 1.6466848132463556E-4
<937,registrar4-1,transcript1-8,read> 3.801285836930688E-4
<938,admissions0-0,stu2-6application2-6,setStatus> 1.8977159058064866E-4
<939,registrar2-1,transcript0-14,read> 3.5389342963939E-4
<940,admissions0-1,stu2-13application2-13,read> 1.2061682189160745E-4
<941,admissions2-1,stu1-6application1-6,read> 2.474272058409926E-5
<942,stu4-1,transcript4-1,read> 0.001074566427809816
<943,admissions2-0,stu0-13application0-13,read> 1.6620781993362957E-4
<944,registrar4-0,transcript5-0,read> 3.5832299013831086E-4
<945,admissions2-0,stu1-0application1-0,setStatus> 2.1121356665565987E-4
<946,admissions2-1,application3-3,setStatus> 1.3790365575417244E-4
<947,admissions2-0,stu0-16application0-16,setStatus> 1.3674341997629966E-4
<948,admissions2-0,stu5-19application5-19,setStatus> 3.592229831808884E-5
<949,admissions2-1,stu1-9application1-9,setStatus> 1.6840002459242128E-4
<950,stu3-9,gradebook3-7,addScore> 1.3681777981577897E-4
<951,admissions0-0,stu4-9application4-9,setStatus> 1.6263309408766154E-4
<952,admissions0-1,stu4-13application4-13,setStatus> 2.418703671726269E-4
<953,stu2-0,gradebook2-7,addScore> 0.001010075130915746
<954,stu0-14,stu0-14application0-14,checkStatus> 0.0014519144240456164
<955,admissions0-1,stu3-2application3-2,setStatus> 6.741942791428026E-5
<956,admissions4-1,stu0-12application0-12,setStatus> 5.861539275581609E-5
<957,admissions0-0,stu5-1application5-1,setStatus> 4.1188322281544035E-5
<958,admissions2-1,application3-3,read> 1.2135521706367173E-4
<959,chair4,transcript4-0,read> 0.001237226120418761
<960,admissions0-0,stu2-13application2-13,read> 1.2102638665185058E-4
<961,fac1-1,gradebook1-3,addScore> 2.5298727873108084E-4
<962,fac2-2,gradebook2-5,addScore> 6.235444930264769E-4
<963,fac1-1,gradebook1-2,addScore> 3.611529368313403E-4
<964,fac2-2,roster2-4,read> 0.0014701675156090922
<965,admissions2-1,stu5-19application5-19,setStatus> 3.477048113754892E-5
<966,admissions4-1,stu4-17application4-17,read> 8.89712303314512E-5
<967,stu0-19,transcript0-19,read> 0.0016202430318469148
<968,admissions4-0,stu0-12application0-12,setStatus> 5.815294389778203E-5
<969,stu2-1,stu2-1application2-1,checkStatus> 0.0013900540544786097
<970,admissions2-0,stu5-3application5-3,setStatus> 1.6653147864804373E-4
<971,admissions2-0,stu1-8application1-8,setStatus> 1.4648182377283134E-4
<972,fac4-4,gradebook4-8,readScore> 3.5538432943196916E-4
<973,fac1-0,gradebook1-1,addScore> 2.3875891076716274E-4
<974,registrar0-0,transcript2-6,read> 1.9565342185080928E-4
<975,registrar0-0,transcript3-2,read> 7.84946494817665E-5
<976,admissions2-1,stu3-3application3-3,setStatus> 2.0610462606516532E-4
<977,admissions4-0,stu4-17application4-17,read> 8.826928768583817E-5
<978,stu5-11,stu5-11application5-11,checkStatus> 0.001315821610998202
<979,registrar0-0,roster4-5,read> 1.0879260775565851E-4
<980,registrar0-0,transcript3-13,read> 3.6465235898491523E-4
<981,admissions0-1,stu5-11application5-11,setStatus> 1.4382623464371112E-4
<982,stu0-6,gradebook0-3,addScore> 1.645377757923835E-4
<983,fac5-2,roster5-5,read> 0.0016651667071175748
<984,admissions4-1,stu5-17application5-17,setStatus> 1.4650210493913322E-4
<985,app3-4,application3-4,checkStatus> 0.0015323329044827248
<986,admissions2-0,application0-4,setStatus> 7.029313524702435E-5
<987,stu4-14,gradebook4-2,readScore> 1.273715282271762E-4
<988,registrar2-0,roster2-5,read> 1.1035501454682052E-4
<989,admissions0-1,stu2-1application2-1,setStatus> 1.5194023181851793E-4
<990,admissions2-0,stu0-1application0-1,setStatus> 1.759118528932324E-5
<991,admissions0-0,stu3-8application3-8,read> 1.8908973585626238E-4
<992,stu5-19,stu5-19application5-19,checkStatus> 3.879160674931036E-4
<993,fac1-1,gradebook1-2,changeScore> 9.148663103888406E-4
<994,fac1-1,gradebook1-3,changeScore> 9.328391274005724E-4
<995,admissions0-0,stu4-9application4-9,read> 1.4311712279714212E-4
<996,stu0-7,gradebook0-8,addScore> 9.297613311668862E-5
<997,registrar4-1,transcript4-4,read> 2.5787199558338766E-4
<998,admissions0-1,stu1-17application1-17,setStatus> 8.094275653895828E-5
<999,admissions2-1,application5-4,setStatus> 2.1275837926623784E-4
<1000,admissions2-1,stu3-5application3-5,setStatus> 1.2071479331806849E-4
<1001,registrar2-1,roster2-1,write> 8.660015189331852E-5
<1002,registrar2-1,roster2-3,write> 7.82219051221826E-5
<1003,registrar2-1,roster2-2,write> 8.001724371599743E-5
<1004,registrar2-1,roster2-5,write> 8.061568991393571E-5
<1005,registrar0-1,roster2-1,read> 1.1379471178664719E-4
<1006,registrar0-0,roster4-9,write> 7.395084370397011E-5
<1007,stu3-11,gradebook3-6,readMyScores> 2.285991191007213E-5
<1008,admissions0-1,stu4-2application4-2,setStatus> 1.2692207386286357E-4
<1009,registrar2-1,transcript0-1,read> 1.854284581746886E-4
<1010,chair2,transcript2-5,read> 0.0011192311794688296
<1011,admissions0-1,stu0-13application0-13,read> 1.9618518224630825E-4
<1012,stu4-5,gradebook4-9,readMyScores> 1.4771825947431071E-4
<1013,chair0,transcript0-0,read> 0.0010543339619463674
<1014,admissions4-1,stu3-18application3-18,read> 1.6170184989719498E-4
<1015,fac4-3,gradebook4-6,changeScore> 0.0013701776746860427
<1016,admissions2-0,stu0-5application0-5,read> 1.626790806755922E-4
<1017,registrar2-1,roster2-4,write> 8.121413611187401E-5
<1018,registrar2-1,roster2-7,write> 1.0993955361291138E-4
<1019,registrar2-1,roster2-9,write> 1.1173489220672625E-4
<1020,registrar2-1,roster2-8,write> 1.1113644600878795E-4
<1021,admissions0-0,stu0-17application0-17,setStatus> 2.5286859492684374E-4
<1022,stu4-17,transcript4-17,read> 0.001859932755115547
<1023,admissions4-0,stu4-4application4-4,read> 1.395920877219312E-4
<1024,fac0-3,roster0-6,read> 0.0028134952793341943
<1025,fac4-4,roster4-8,read> 0.0014268343619405403
<1026,admissions4-0,stu0-2application0-2,setStatus> 9.648047374021762E-6
<1027,admissions0-1,stu2-14application2-14,setStatus> 7.350492579538539E-5
<1028,admissions4-1,stu5-0application5-0,setStatus> 1.4184585528703692E-4
<1029,stu0-8,gradebook0-5,addScore> 1.3600453068013217E-4
<1030,admissions0-0,stu1-17application1-17,setStatus> 8.121760460870008E-5
<1031,fac3-2,roster3-5,read> 0.0018059994565403673
<1032,admissions4-1,stu0-5application0-5,setStatus> 1.8782632060148765E-4
<1033,admissions2-1,stu4-9application4-9,setStatus> 1.3291334085336804E-4
<1034,admissions4-0,stu1-10application1-10,read> 1.1011958869130352E-4
<1035,admissions2-1,stu4-9application4-9,read> 1.1696373995096386E-4
<1036,stu4-6,gradebook4-6,readMyScores> 1.399857115931035E-4
<1037,admissions2-0,stu5-13application5-13,setStatus> 2.1407780306640454E-4
<1038,admissions0-0,stu4-10application4-10,setStatus> 3.983139745689467E-5
<1039,admissions2-1,stu0-18application0-18,read> 1.9113090896558511E-4
<1040,registrar4-0,roster5-7,read> 1.494845165073398E-4
<1041,admissions4-0,stu4-13application4-13,setStatus> 2.065548296907153E-4
<1042,admissions4-1,stu0-2application0-2,setStatus> 9.724771408805234E-6
<1043,admissions4-1,stu5-14application5-14,setStatus> 3.766226932138287E-5
<1044,chair0,transcript0-16,read> 0.001892098042690881
<1045,admissions0-0,stu2-8application2-8,setStatus> 2.6711630558566205E-4
<1046,admissions2-1,stu3-17application3-17,read> 1.3843318361309107E-4
<1047,admissions2-1,stu0-1application0-1,setStatus> 1.7027139268022294E-5
<1048,admissions2-0,stu0-4application0-4,setStatus> 1.4533612920853353E-4
<1049,admissions4-1,stu2-16application2-16,setStatus> 1.1914663823306763E-4
<1050,admissions0-1,stu5-3application5-3,read> 1.729791503263608E-4
<1051,chair2,transcript2-3,read> 0.0011546296617538092
<1052,registrar2-0,roster1-3,write> 1.5651961121788456E-4
<1053,admissions2-0,stu4-9application4-9,setStatus> 1.3731626725844856E-4
<1054,admissions0-0,stu3-12application3-12,setStatus> 9.546531526751834E-5
<1055,stu2-11,stu2-11application2-11,checkStatus> 8.456828022889522E-4
<1056,admissions4-1,stu1-10application1-10,read> 1.1099529118586656E-4
<1057,registrar4-0,roster1-5,write> 1.8155262010074842E-4
<1058,registrar0-1,transcript2-9,read> 2.0506985455068645E-4
<1059,admissions4-1,stu3-8application3-8,read> 1.622140373589256E-4
<1060,registrar2-0,transcript5-2,read> 3.1577015650806334E-4
<1061,admissions0-0,stu2-0application2-0,setStatus> 1.3549459759467435E-4
<1062,registrar0-0,transcript0-8,read> 1.1685637140791325E-4
<1063,fac3-3,gradebook3-7,changeScore> 5.014915191190125E-4
<1064,admissions4-0,stu5-14application5-14,setStatus> 3.736513110188477E-5
<1065,registrar0-1,roster0-6,read> 2.0422759532570453E-4
<1066,admissions4-0,stu5-3application5-3,read> 1.4772243228210432E-4
<1067,fac1-0,gradebook1-1,changeScore> 9.028844323810195E-4
<1068,admissions4-0,stu2-16application2-16,setStatus> 1.182066253081519E-4
<1069,fac4-0,gradebook4-1,changeScore> 0.0013162592236508474
<1070,registrar2-0,roster2-7,write> 1.0945201678979425E-4
<1071,registrar0-1,roster4-5,read> 1.0829010148426978E-4
<1072,chair1,transcript1-15,read> 2.106701341543569E-4
<1073,admissions4-1,application2-4,read> 5.9264357551077E-5
<1074,stu3-12,stu3-12application3-12,checkStatus> 8.704269501157548E-4
<1075,admissions4-1,application2-3,read> 5.823998262761583E-5
<1076,admissions2-1,stu0-4application0-4,setStatus> 1.4067605292128593E-4
<1077,registrar0-0,transcript1-4,read> 3.2006981728696085E-4
<1078,registrar0-0,transcript4-18,read> 3.8124121170973545E-4
<1079,admissions2-0,stu3-17application3-17,read> 1.430189619522411E-4
<1080,admissions4-1,stu0-15application0-15,read> 1.2072685295874778E-4
<1081,admissions4-1,stu1-0application1-0,setStatus> 2.1459975610104118E-4
<1082,stu2-8,gradebook2-8,addScore> 5.154685190796346E-4
<1083,stu3-18,transcript3-18,read> 0.0017579371281927249
<1084,registrar4-0,roster3-2,read> 1.485485320575156E-4
<1085,chair3,transcript3-13,read> 0.002074990201163275
<1086,registrar2-1,roster0-3,read> 2.0794446924714743E-4
<1087,chair3,transcript3-14,read> 0.0020690904541157784
<1088,registrar2-1,transcript4-15,read> 3.906101541893891E-4
<1089,admissions0-0,stu3-7application3-7,read> 1.7177537509373658E-4
<1090,stu4-12,stu4-12application4-12,checkStatus> 0.0020148437871053758
<1091,admissions2-1,stu0-15application0-15,setStatus> 1.3069542311967722E-4
<1092,admissions0-0,stu4-11application4-11,read> 2.1177751892439961E-4
<1093,fac3-4,gradebook3-8,addScore> 9.147121464130517E-5
<1094,registrar4-0,transcript0-17,read> 3.927170837496442E-4
<1095,registrar4-0,transcript5-6,read> 3.656931530550252E-4
<1096,admissions2-0,stu4-17application4-17,setStatus> 9.950834663661951E-5
<1097,admissions4-1,application2-1,read> 5.3118108010309927E-5
<1098,admissions2-0,stu5-2application5-2,setStatus> 1.630943949551502E-4
<1099,admissions4-1,application2-2,read> 5.363029547204051E-5
<1100,admissions4-1,application2-0,read> 5.2605920548579335E-5
<1101,admissions4-0,application2-3,read> 5.778049558518887E-5
<1102,admissions4-0,application2-2,read> 5.320717677009147E-5
<1103,admissions4-0,application2-4,read> 5.879678865521051E-5
<1104,stu0-3,gradebook0-9,addScore> 1.00330812871373E-4
<1105,admissions0-1,stu0-10application0-10,read> 2.3188676981545828E-4
<1106,admissions4-0,stu3-5application3-5,read> 1.1062773522631433E-4
<1107,admissions4-0,stu0-15application0-15,read> 1.1977437285650915E-4
<1108,admissions0-1,stu3-7application3-7,read> 1.7119407094790326E-4
<1109,stu1-18,gradebook1-2,addScore> 2.7733587299335005E-4
<1110,admissions2-0,stu5-14application5-14,read> 3.261983373650029E-5
<1111,admissions2-0,stu2-1application2-1,setStatus> 1.2872355802621467E-4
<1112,admissions4-0,stu1-15application1-15,read> 1.4162467386197447E-4
<1113,stu0-17,stu0-17application0-17,checkStatus> 0.0023055875240703067
<1114,registrar0-1,transcript2-18,read> 3.567759662837168E-4
<1115,admissions2-0,stu2-4application2-4,setStatus> 3.649514560023776E-5
<1116,registrar2-0,roster1-1,read> 2.201297521844867E-4
<1117,admissions2-1,stu4-17application4-17,setStatus> 9.631769824746936E-5
<1118,registrar4-1,transcript0-8,read> 1.4060547229450992E-4
<1119,admissions0-1,stu4-4application4-4,setStatus> 1.8574855338021298E-4
<1120,admissions4-0,stu0-5application0-5,setStatus> 1.863444561391485E-4
<1121,registrar0-0,roster1-2,read> 2.1149546288354187E-4
<1122,admissions0-0,application2-2,read> 6.25157882129703E-5
<1123,admissions4-0,application2-0,read> 5.219088370006983E-5
<1124,registrar4-1,transcript3-17,read> 4.325242643115036E-4
<1125,admissions0-1,stu5-1application5-1,read> 3.6123064644619125E-5
<1126,registrar2-1,transcript1-1,read> 2.8477959519233306E-4
<1127,stu5-6,stu5-6application5-6,checkStatus> 3.693579566230016E-4
<1128,admissions4-0,application2-1,read> 5.269903023508065E-5
<1129,registrar0-1,roster2-2,read> 1.0514460988291123E-4
<1130,registrar0-1,roster2-6,read> 1.436768819995531E-4
<1131,admissions4-1,stu4-1application4-1,read> 1.8577466059853273E-4
<1132,admissions4-0,stu1-1application1-1,read> 1.9955337885320816E-4
<1133,registrar0-1,transcript5-16,read> 2.3435326217262342E-5
<1134,registrar0-1,roster2-5,read> 1.0593098278325088E-4
<1135,registrar0-0,roster5-1,read> 1.3960346429402353E-4
<1136,registrar0-1,roster2-4,read> 1.0671735568359053E-4
<1137,admissions4-0,application4-2,read> 1.4264096693199612E-4
<1138,registrar0-1,roster2-3,read> 1.0278549118189239E-4
<1139,admissions0-0,stu0-10application0-10,read> 2.326741612239997E-4
<1140,stu0-7,transcript0-7,read> 5.849874185802698E-4
<1141,stu2-17,gradebook2-8,readScore> 1.3576680217204876E-4
<1142,stu2-14,gradebook2-8,readMyScores> 1.3455965655652431E-4
<1143,fac1-3,gradebook1-7,changeScore> 8.789206763653773E-4
<1144,registrar2-0,roster2-9,write> 1.1123939379339264E-4
<1145,registrar2-0,roster2-8,write> 1.1064360145885983E-4
<1146,admissions4-1,stu0-11application0-11,setStatus> 1.9539272628614403E-4
<1147,chair2,transcript2-6,read> 0.001113331432421333
<1148,fac0-3,roster0-7,read> 0.0028026619909170564
<1149,registrar2-0,roster2-5,write> 8.025819239768766E-5
<1150,registrar0-0,roster2-8,read> 1.467136619567231E-4
<1151,registrar2-0,roster2-6,write> 1.088562244552615E-4
<1152,chair3,transcript3-4,read> 4.584595101492131E-4
<1153,registrar0-0,roster2-9,read> 1.475036839192453E-4
<1154,registrar2-0,roster2-3,write> 7.787502305955651E-5
<1155,registrar4-1,roster1-9,write> 1.8922316996375336E-4
<1156,registrar0-0,roster2-6,read> 1.443435960691566E-4
<1157,registrar4-0,transcript2-18,read> 4.246544563887395E-4
<1158,admissions0-0,stu3-0application3-0,setStatus> 1.0157147697844045E-4
<1159,admissions2-1,stu0-5application0-5,read> 1.574629177681584E-4
<1160,registrar4-0,roster0-9,write> 1.89040495699342E-4
<1161,fac3-1,roster3-2,read> 0.001719333149203264
<1162,admissions4-0,application4-0,setStatus> 1.5574017618963303E-4
<1163,registrar2-0,roster2-4,write> 8.085398473222046E-5
<1164,fac0-1,gradebook0-2,addScore> 7.362091939164232E-5
<1165,registrar0-0,roster2-7,read> 1.4513361803167874E-4
<1166,registrar4-1,roster0-2,read> 2.4212082542762723E-4
<1167,registrar4-0,transcript2-4,read> 2.3917202298476316E-4
<1168,chair1,transcript1-19,read> 1.9297089301186716E-4
<1169,registrar2-0,roster2-1,write> 8.621611574301554E-5
<1170,admissions0-1,stu5-5application5-5,read> 1.0455110748548993E-4
<1171,registrar2-0,roster2-2,write> 7.966240006315486E-5
<1172,registrar0-0,transcript2-11,read> 3.449530963741912E-4
<1173,admissions0-1,stu1-4application1-4,setStatus> 2.6283152654087773E-4
<1174,admissions4-1,stu3-15application3-15,setStatus> 1.6396304113449424E-4
<1175,stu2-19,stu2-19application2-19,checkStatus> 0.0014333563131755142
<1176,registrar0-0,roster2-3,read> 1.0326245401800326E-4
<1177,admissions2-0,stu4-14application4-14,read> 1.5814213020097273E-4
<1178,admissions0-0,stu4-4application4-4,read> 1.640137650967422E-4
<1179,admissions0-0,stu1-9application1-9,setStatus> 2.0605468847644095E-4
<1180,registrar0-0,roster2-5,read> 1.0642254186809196E-4
<1181,admissions0-0,stu2-1application2-1,setStatus> 1.5245615790279133E-4
<1182,admissions4-0,application4-3,read> 1.4568984614206105E-4
<1183,admissions2-0,stu2-5application2-5,read> 1.3646558904445742E-4
<1184,chair1,transcript1-18,read> 2.0477038710686035E-4
<1185,registrar4-1,roster5-2,read> 1.6892611163893832E-4
<1186,registrar0-0,roster2-4,read> 1.0721256383061417E-4
<1187,fac4-1,gradebook4-2,changeScore> 0.001322250162654758
<1188,fac1-4,gradebook1-9,changeScore> 7.950475303106294E-4
<1189,registrar2-1,transcript3-16,read> 3.7657140656733066E-4
<1190,admissions4-0,stu5-2application5-2,read> 1.4467355307203942E-4
<1191,fac2-4,gradebook2-8,assignGrade> 8.124319515273343E-4
<1192,admissions4-0,stu0-5application0-5,read> 1.6398312140245065E-4
<1193,stu5-2,transcript5-2,read> 0.0014978482795395282
<1194,admissions4-0,stu0-8application0-8,setStatus> 1.6728896107624263E-4
<1195,admissions2-0,stu4-16application4-16,setStatus> 1.7225995146953298E-4
<1196,fac1-4,gradebook1-8,changeScore> 7.770747132988978E-4
<1197,admissions2-1,stu5-2application5-2,setStatus> 1.5786491535738987E-4
<1198,stu4-1,gradebook4-2,readMyScores> 1.3151935058487547E-4
<1199,admissions4-1,application5-3,setStatus> 2.215841305791856E-4
<1200,admissions0-0,stu5-5application5-5,read> 1.049061197350162E-4
<1201,admissions2-0,application0-1,read> 6.135385340909036E-5
<1202,admissions2-0,application0-0,read> 6.337027584225458E-5
<1203,admissions0-1,application0-4,read> 7.30147051327408E-5
<1204,fac4-1,gradebook4-3,changeScore> 0.001334232040662579
<1205,registrar2-1,roster0-6,read> 2.1370451390230341E-4
<1206,registrar2-0,transcript0-1,read> 1.8460615902535517E-4
<1207,admissions0-1,stu0-2application0-2,setStatus> 1.1297614121866435E-5
<1208,admissions0-1,stu5-6application5-6,read> 3.5528038185133294E-5
<1209,chair2,transcript2-14,read> 0.0019864939954508266
<1210,registrar2-0,roster1-9,read> 2.2422582448439963E-4
<1211,registrar4-0,roster4-6,read> 1.3638073420980102E-4
<1212,stu0-1,gradebook0-3,readMyScores> 2.4588887450021577E-5
<1213,admissions4-1,stu3-3application3-3,setStatus> 2.1634584972057727E-4
<1214,admissions4-0,stu4-4application4-4,setStatus> 1.5862737241128546E-4
<1215,registrar2-0,transcript0-4,read> 1.1472370135014191E-4
<1216,stu2-9,transcript2-9,read> 0.0010133690516561228
<1217,stu0-8,gradebook0-5,readScore> 5.010693235583816E-5
<1218,admissions0-1,stu4-4application4-4,read> 1.6345872697458744E-4
<1219,admissions2-1,stu5-13application5-13,setStatus> 2.072135849320108E-4
<1220,registrar4-0,roster4-2,read> 1.6914018995364797E-4
<1221,admissions2-0,stu0-12application0-12,read> 5.076763563497823E-5
<1222,admissions0-0,application4-2,read> 1.6759604663381652E-4
<1223,admissions4-0,stu1-5application1-5,read> 1.0910329562128188E-4
<1224,admissions0-1,stu1-14application1-14,read> 2.0213544684116654E-4
<1225,app1-4,application1-4,checkStatus> 1.7759081096528132E-4
<1226,admissions0-1,stu4-0application4-0,read> 7.063459929479746E-5
<1227,registrar2-1,transcript2-10,read> 3.5821304429233105E-4
<1228,admissions2-1,stu3-14application3-14,read> 1.1354814664108001E-4
<1229,stu3-7,gradebook3-8,addScore> 1.6110328115025722E-4
<1230,admissions2-1,stu0-17application0-17,read> 1.8186001283875748E-4
<1231,admissions2-0,stu0-0application0-0,setStatus> 1.384619618227464E-4
<1232,stu4-17,gradebook4-8,readMyScores> 4.981488183767129E-5
<1233,fac5-1,roster5-2,read> 0.0019251656291288844
<1234,stu4-17,gradebook4-7,readMyScores> 5.764709356261527E-5
<1235,admissions2-0,application0-4,read> 6.185795901738142E-5
<1236,admissions0-1,stu2-8application2-8,read> 2.342668756534016E-4
<1237,admissions4-0,stu3-11application3-11,setStatus> 1.4245907357003204E-4
<1238,admissions2-0,application0-2,setStatus> 6.91474406827265E-5
<1239,registrar2-0,transcript3-14,read> 3.7705169631555816E-4
<1240,registrar0-1,roster4-2,read> 1.4210413619887381E-4
<1241,admissions2-0,application0-2,read> 6.084974780079932E-5
<1242,admissions2-0,application0-1,setStatus> 6.972028796487542E-5
<1243,admissions2-0,stu1-15application1-15,setStatus> 1.5965731126225662E-4
<1244,registrar2-0,transcript5-3,read> 3.1469504177459846E-4
<1245,fac4-3,roster4-7,read> 0.0015460005345290576
<1246,stu5-1,gradebook5-6,readMyScores> 5.681482760727558E-5
<1247,stu4-17,gradebook4-3,readMyScores> 6.493841161532073E-5
<1248,admissions2-0,application0-3,read> 6.236206462567246E-5
<1249,fac1-3,gradebook1-7,assignGrade> 3.139002415590633E-4
<1250,admissions2-0,application0-0,setStatus> 7.201167709347113E-5
<1251,registrar0-0,transcript2-13,read> 3.4702670296479375E-4
<1252,admissions2-1,application0-0,read> 6.133836318999792E-5
<1253,admissions2-1,application0-2,read> 5.8898653682938004E-5
<1254,chair5,transcript5-19,read> 1.1037443434691512E-4
<1255,admissions2-1,application0-1,read> 5.938659558434999E-5
<1256,stu4-15,gradebook4-9,readMyScores> 7.18263096526465E-5
<1257,registrar4-1,roster3-6,write> 1.1594203974792314E-4
<1258,registrar0-1,roster2-9,read> 1.468223736009116E-4
<1259,admissions0-0,stu5-6application5-6,read> 3.564867668491303E-5
<1260,chair2,transcript2-7,read> 0.0011310306735638229
<1261,admissions4-1,stu0-14application0-14,read> 1.2021466549701719E-4
<1262,admissions0-0,stu3-15application3-15,read> 1.6819309355666222E-4
<1263,registrar2-1,transcript4-13,read> 3.884503468629185E-4
<1264,registrar4-0,roster0-6,read> 2.430829614897597E-4
<1265,stu4-15,gradebook4-7,readMyScores> 5.853057392372815E-5
<1266,fac5-3,gradebook5-6,changeScore> 5.673918481620286E-4
<1267,registrar2-0,roster5-4,write> 8.80034927466139E-5
<1268,registrar4-0,transcript2-2,read> 2.3671530201252504E-4
<1269,admissions4-0,stu5-19application5-19,read> 3.186502229963696E-5
<1270,registrar0-0,roster2-8,write> 1.0670084505943499E-4
<1271,registrar0-1,roster2-8,read> 1.4603600070057195E-4
<1272,registrar0-1,roster2-7,read> 1.4446325489989267E-4
<1273,admissions0-1,application0-0,read> 7.479978451119829E-5
<1274,admissions4-0,stu3-7application3-7,setStatus> 1.661340825875817E-4
<1275,registrar2-1,transcript3-8,read> 7.419838086145634E-5
<1276,admissions4-1,stu1-4application1-4,setStatus> 2.2624038023128187E-4
<1277,registrar0-0,roster4-7,read> 1.1274271756826941E-4
<1278,admissions2-0,stu3-14application3-14,read> 1.1730957592939736E-4
<1279,stu1-2,gradebook1-1,addScore> 3.9136769909256573E-4
<1280,stu3-8,gradebook3-7,addScore> 1.3838141158510216E-4
<1281,chair2,transcript2-4,read> 0.0011487299147063127
<1282,admissions0-0,stu0-7application0-7,setStatus> 1.4634999619186922E-4
<1283,stu3-5,transcript3-5,read> 3.911957274269076E-4
<1284,registrar4-1,transcript2-13,read> 4.1755406984909357E-4
<1285,stu4-18,transcript4-18,read> 0.0018752320991539703
<1286,registrar2-0,transcript5-8,read> 3.222208449088522E-4
<1287,stu4-16,gradebook4-5,readMyScores> 9.257433052790282E-5
<1288,fac2-2,gradebook2-5,assignGrade> 8.252696779642855E-4
<1289,registrar0-1,roster4-8,read> 1.03571864082232E-4
<1290,admissions2-1,application0-0,setStatus> 6.970268544317946E-5
<1291,stu4-19,transcript4-19,read> 0.0018701323178078294
<1292,registrar2-0,transcript3-15,read> 3.7597658158209334E-4
<1293,admissions0-0,stu1-6application1-6,setStatus> 3.440369815829725E-5
<1294,admissions2-0,application5-2,setStatus> 2.169420394771492E-4
<1295,stu4-16,gradebook4-4,readMyScores> 9.168595823158184E-5
<1296,chair2,transcript2-0,read> 0.001378820049558679
<1297,fac4-2,gradebook4-4,addScore> 9.437091085457975E-4
<1298,admissions2-1,application0-2,setStatus> 6.693028827606593E-5
<1299,admissions2-1,application0-3,read> 6.0362479387173955E-5
<1300,stu4-16,gradebook4-2,readMyScores> 6.563297071576638E-5
<1301,admissions2-1,application0-1,setStatus> 6.748476770948864E-5
<1302,registrar2-0,roster5-3,write> 8.85992850811467E-5
<1303,admissions2-1,application0-4,read> 5.9874537485761976E-5
<1304,stu4-16,gradebook4-1,readMyScores> 7.088875361450282E-5
<1305,stu4-7,gradebook4-5,readScore> 1.5573822944889626E-4
<1306,admissions2-1,application0-4,setStatus> 6.803924714291135E-5
<1307,admissions4-0,application5-1,read> 1.9142303429303502E-4
<1308,registrar0-0,roster4-3,write> 1.0440259935027957E-4
<1309,admissions2-1,application0-3,setStatus> 6.859372657633405E-5
<1310,admissions4-1,stu4-0application4-0,read> 6.080091993626877E-5
<1311,admissions4-1,stu3-7application3-7,setStatus> 1.6745522837356645E-4
<1312,admissions2-1,stu2-11application2-11,read> 6.670572410552972E-5
<1313,admissions2-0,stu1-15application1-15,read> 1.4049843391078582E-4
<1314,stu3-14,gradebook3-8,readMyScores> 4.147677311194939E-5
<1315,registrar2-0,transcript2-18,read> 3.71676122648234E-4
<1316,registrar4-1,transcript5-8,read> 3.7389100266706465E-4
<1317,admissions2-0,application2-1,setStatus> 5.940903688619477E-5
<1318,admissions0-0,stu5-15application5-15,setStatus> 5.475757052803761E-5
<1319,stu2-6,gradebook2-7,readMyScores> 2.0447364459341631E-4
<1320,registrar4-0,transcript5-9,read> 3.669215135411442E-4
<1321,registrar0-0,transcript4-0,read> 2.174262910521358E-4
<1322,registrar0-1,transcript5-0,read> 3.010471905450526E-4
<1323,stu4-19,gradebook4-1,readMyScores> 7.362577112857629E-5
<1324,admissions0-0,stu1-2application1-2,setStatus> 2.1216085018736308E-4
<1325,stu4-19,gradebook4-3,readMyScores> 6.692886101349148E-5
<1326,admissions2-0,stu1-3application1-3,read> 1.3949022269420372E-4
<1327,stu4-19,gradebook4-6,readMyScores> 6.986299892123348E-5
<1328,admissions4-0,stu1-7application1-7,read> 3.135687576462613E-5
<1329,stu4-1,gradebook4-3,addScore> 1.7235201664142158E-4
<1330,admissions4-1,stu5-18application5-18,read> 1.1662935326490306E-4
<1331,admissions0-0,stu0-2application0-2,setStatus> 1.1335976139258172E-5
<1332,admissions4-0,stu3-3application3-3,setStatus> 2.1463897911134193E-4
<1333,admissions0-0,stu0-11application0-11,setStatus> 2.2776548567083062E-4
<1334,chair2,transcript2-10,read> 0.0019569952602133435
<1335,admissions2-0,stu2-11application2-11,read> 6.891543753345618E-5
<1336,registrar2-0,roster5-6,write> 9.038666208474505E-5
<1337,chair2,transcript2-15,read> 0.001992393742498323
<1338,fac3-2,gradebook3-5,changeScore> 5.434280921463862E-4
<1339,stu0-1,gradebook0-2,addScore> 1.5512009214991792E-4
<1340,admissions4-1,stu5-15application5-15,read> 4.133779639050636E-5
<1341,stu1-4,gradebook1-3,addScore> 3.9804483104105223E-4
<1342,admissions4-0,stu1-17application1-17,setStatus> 6.912428954006115E-5
<1343,stu4-18,gradebook4-4,readMyScores> 9.451795694143765E-5
<1344,stu4-18,gradebook4-3,readMyScores> 6.64312486639488E-5
<1345,chair1,transcript1-8,read> 0.0017977020899309357
<1346,registrar4-0,transcript2-6,read> 2.3180186006804886E-4
<1347,stu4-18,gradebook4-8,readMyScores> 5.096005153508903E-5
<1348,registrar2-1,roster4-3,read> 1.4952115917342288E-4
<1349,admissions0-0,stu3-10application3-10,setStatus> 6.900528118685586E-5
<1350,registrar2-1,roster4-4,read> 1.149608912424873E-4
<1351,registrar2-1,roster4-5,read> 1.1331516419815705E-4
<1352,admissions0-0,stu0-15application0-15,setStatus> 1.599192444383628E-4
<1353,registrar4-0,roster5-4,read> 1.382527031094494E-4
<1354,registrar0-1,transcript0-18,read> 3.2891157841438473E-4
<1355,stu0-1,transcript0-1,read> 8.756749553103128E-4
<1356,admissions2-0,stu5-8application5-8,setStatus> 2.1923342860574486E-4
<1357,registrar2-1,roster4-6,read> 1.198980723754781E-4
<1358,admissions0-0,stu4-1application4-1,read> 2.1655389430716538E-4
<1359,registrar4-0,transcript0-7,read> 1.4090318409523925E-4
<1360,registrar2-1,roster4-1,read> 1.4787543212909263E-4
<1361,registrar0-1,roster0-8,write> 1.5767968125900988E-4
<1362,registrar2-1,roster4-2,read> 1.486982956512578E-4
<1363,registrar0-1,roster0-9,write> 1.5882349638677665E-4
<1364,registrar0-1,roster0-6,write> 1.4852916023687601E-4
<1365,registrar0-1,roster0-7,write> 1.4795725267299266E-4
<1366,registrar0-1,roster0-4,write> 1.473853451091093E-4
<1367,stu2-9,gradebook2-3,readMyScores> 3.0646478263967914E-4
<1368,registrar0-1,roster0-5,write> 1.4681343754522594E-4
<1369,admissions4-1,stu4-10application4-10,read> 3.006967223243338E-5
<1370,admissions4-0,application5-0,read> 1.9091488775802417E-4
<1371,registrar0-0,transcript0-13,read> 3.4080588319298615E-4
<1372,admissions2-0,stu0-15application0-15,setStatus> 1.3502487812985285E-4
<1373,registrar0-1,roster0-2,write> 1.456696224174592E-4
<1374,registrar0-1,roster0-3,write> 1.4452580728969248E-4
<1375,registrar2-0,roster4-6,read> 1.1936637360662895E-4
<1376,admissions4-1,stu1-7application1-7,read> 3.160623461762515E-5
<1377,registrar0-1,roster0-1,write> 1.4338199216192574E-4
<1378,registrar0-1,roster3-1,read> 1.2637667819208123E-4
<1379,admissions2-0,stu0-0application0-0,read> 1.2184652640401684E-4
<1380,admissions4-1,stu4-3application4-3,setStatus> 2.2740444264430598E-4
<1381,stu1-16,gradebook1-7,readMyScores> 4.229935453553184E-5
<1382,admissions0-0,stu3-7application3-7,setStatus> 1.951992898792461E-4
<1383,fac5-4,roster5-8,read> 0.0017084998607861264
<1384,registrar2-0,roster1-8,write> 1.624775345632124E-4
<1385,registrar2-0,roster4-7,read> 1.1690873022668119E-4
<1386,registrar2-0,roster4-9,read> 1.0543972778692504E-4
<1387,registrar2-0,roster4-8,read> 1.0789737116687278E-4
<1388,admissions2-1,stu0-7application0-7,read> 1.0525313431707629E-4
<1389,registrar2-1,roster0-8,read> 2.2687033025694552E-4
<1390,admissions4-1,stu3-11application3-11,setStatus> 1.4359194890657304E-4
<1391,admissions4-0,stu3-7application3-7,read> 1.4619799267707187E-4
<1392,registrar2-0,roster4-4,read> 1.1445108684673346E-4
<1393,registrar2-0,roster4-5,read> 1.128126579267683E-4
<1394,registrar0-1,transcript3-16,read> 3.598720093803093E-4
<1395,registrar2-0,roster4-2,read> 1.4803887970601937E-4
<1396,registrar2-1,roster1-4,write> 1.5661835705209722E-4
<1397,registrar2-1,transcript4-8,read> 2.1782556807174657E-4
<1398,registrar4-0,transcript0-13,read> 4.0377232812471565E-4
<1399,admissions2-1,stu1-10application1-10,setStatus> 1.2016031388464577E-4
<1400,registrar2-0,roster4-3,read> 1.4885809416600193E-4
<1401,admissions0-1,stu2-8application2-8,setStatus> 2.6621235869704726E-4
<1402,registrar0-0,transcript4-8,read> 2.0913186468972568E-4
<1403,admissions0-1,stu3-10application3-10,setStatus> 6.877176077674806E-5
<1404,admissions0-1,stu4-10application4-10,setStatus> 3.96966042336903E-5
<1405,fac2-1,gradebook2-2,changeScore> 0.00221490007423743
<1406,registrar2-0,roster4-1,read> 1.4721966524603678E-4
<1407,stu2-16,transcript2-16,read> 0.0017375380028081602
<1408,admissions4-1,stu1-17application1-17,read> 6.131310739799936E-5
<1409,admissions0-1,stu3-7application3-7,setStatus> 1.9453871698625372E-4
<1410,registrar2-0,roster3-5,read> 1.3656987726626317E-4
<1411,registrar4-0,transcript5-11,read> 3.403582180288198E-5
<1412,admissions4-1,stu1-16application1-16,setStatus> 1.290411687437722E-4
<1413,registrar4-1,transcript2-5,read> 2.3666422009497361E-4
<1414,admissions2-0,stu2-6application2-6,read> 1.410025395190769E-4
<1415,admissions2-1,stu1-15application1-15,read> 1.3599347410603118E-4
<1416,registrar0-1,transcript3-13,read> 3.629680524769017E-4
<1417,registrar2-0,transcript5-9,read> 3.2114573017538744E-4
<1418,admissions2-0,stu3-13application3-13,setStatus> 1.3617057269415072E-4
<1419,admissions2-0,stu1-17application1-17,setStatus> 6.857459340057757E-5
<1420,stu1-6,gradebook1-4,addScore> 1.4315692069621582E-4
<1421,admissions0-1,stu1-3application1-3,setStatus> 1.8710088624268083E-4
<1422,admissions4-1,stu3-1application3-1,setStatus> 1.8724428939497558E-4
<1423,admissions2-0,stu5-12application5-12,read> 8.706323943193411E-5
<1424,admissions0-1,stu2-9application2-9,setStatus> 2.411942007413929E-4
<1425,admissions2-1,stu0-19application0-19,read> 9.647018009166061E-5
<1426,admissions4-1,stu4-13application4-13,read> 1.832137232898798E-4
<1427,chair5,transcript5-10,read> 1.8707114596437058E-4
<1428,registrar0-0,transcript5-1,read> 2.9933375138093565E-4
<1429,stu1-17,gradebook1-3,readMyScores> 5.477051298911371E-5
<1430,admissions0-0,stu3-9application3-9,read> 9.77415566608676E-5
<1431,admissions2-1,application5-0,setStatus> 2.0832254379885614E-4
<1432,registrar4-0,transcript4-1,read> 2.5882579076266793E-4
<1433,registrar4-0,transcript4-2,read> 2.6005415124878695E-4
<1434,admissions0-0,stu5-18application5-18,read> 1.3595255972299351E-4
<1435,admissions0-1,stu4-16application4-16,read> 1.789294149212191E-4
<1436,registrar0-0,roster3-7,read> 1.3328328859384608E-4
<1437,admissions2-1,stu3-11application3-11,setStatus> 1.36794696887327E-4
<1438,registrar4-0,transcript4-9,read> 2.502272673598346E-4
<1439,stu1-4,transcript1-4,read> 0.0015743449997316448
<1440,registrar4-0,transcript4-8,read> 2.4777054638759643E-4
<1441,registrar4-0,transcript4-7,read> 2.465421859014774E-4
<1442,admissions0-0,stu4-15application4-15,setStatus> 1.6085213025530924E-5
<1443,registrar4-0,transcript4-6,read> 2.563690697904298E-4
<1444,admissions4-1,stu0-18application0-18,setStatus> 2.2798647385081797E-4
<1445,registrar4-1,transcript4-12,read> 4.499894911843151E-4
<1446,registrar2-0,roster0-6,read> 2.127568220446435E-4
<1447,registrar4-0,transcript4-5,read> 2.551407093043107E-4
<1448,admissions4-1,application4-0,read> 1.3814122665758782E-4
<1449,admissions2-1,stu5-6application5-6,read> 2.91341976968071E-5
<1450,registrar4-0,transcript4-4,read> 2.539123488181917E-4
<1451,registrar4-0,transcript4-3,read> 2.5268398833207267E-4
<1452,admissions4-0,stu3-1application3-1,setStatus> 1.8576701689481797E-4
<1453,admissions0-0,stu1-3application1-3,setStatus> 1.8773620334367464E-4
<1454,admissions0-1,application5-2,setStatus> 2.5606986222853883E-4
<1455,admissions2-1,stu2-6application2-6,read> 1.3648141600744318E-4
<1456,registrar0-0,roster0-7,write> 1.4864382925152165E-4
<1457,registrar0-0,roster0-8,write> 1.5841137351543225E-4
<1458,admissions4-0,stu4-13application4-13,read> 1.8176825012782946E-4
<1459,admissions0-1,application0-4,setStatus> 8.297125583265999E-5
<1460,registrar0-0,roster0-9,write> 1.5956049637000995E-4
<1461,registrar4-1,transcript2-12,read> 4.163065536438928E-4
<1462,registrar2-1,roster0-7,read> 2.1288165038013825E-4
<1463,admissions0-1,stu4-1application4-1,read> 2.158210554093408E-4
<1464,registrar4-1,transcript2-10,read> 4.138115212334911E-4
<1465,admissions4-1,application0-1,setStatus> 7.08380480925688E-5
<1466,registrar2-1,roster5-4,read> 1.2154379941980836E-4
<1467,admissions0-1,stu3-9application3-9,read> 9.741078997165994E-5
<1468,registrar4-1,transcript4-3,read> 2.5662447937818683E-4
<1469,registrar4-1,transcript4-0,read> 2.616145441989902E-4
<1470,admissions2-0,stu4-10application4-10,read> 2.9595200086753962E-5
<1471,registrar4-1,transcript4-17,read> 4.549795560051184E-4
<1472,admissions2-0,stu4-3application4-3,read> 1.9695826203938393E-4
<1473,registrar4-1,transcript4-2,read> 2.641095766093918E-4
<1474,registrar4-1,transcript5-0,read> 3.6391087302545803E-4
<1475,registrar4-1,transcript3-19,read> 4.2753419949070025E-4
<1476,registrar4-0,roster1-8,read> 2.5525075933747424E-4
<1477,registrar0-0,roster0-1,write> 1.4404733783321077E-4
<1478,admissions4-0,stu3-17application3-17,read> 1.441654065370286E-4
<1479,registrar0-0,roster0-3,write> 1.451964606877885E-4
<1480,registrar0-0,roster0-4,write> 1.4806926782423278E-4
<1481,registrar0-0,roster0-5,write> 1.4749470639694394E-4
<1482,registrar0-0,roster0-6,write> 1.4921839067881052E-4
<1483,admissions0-1,stu5-18application5-18,read> 1.3549248337875328E-4
<1484,registrar4-0,roster1-3,write> 1.7882975624671443E-4
<1485,registrar4-1,transcript4-9,read> 2.541294469677852E-4
<1486,registrar4-1,transcript4-8,read> 2.516344145573835E-4
<1487,registrar4-0,roster5-1,read> 1.6539625215435116E-4
<1488,admissions2-1,stu0-0application0-0,read> 1.1793962375378783E-4
<1489,registrar4-1,transcript4-5,read> 2.591195117885885E-4
<1490,registrar4-1,transcript4-7,read> 2.503868983521827E-4
<1491,registrar2-0,roster1-6,write> 1.5771119588695007E-4
<1492,registrar4-1,transcript1-5,read> 3.863661647190729E-4
<1493,admissions0-1,stu4-15application4-15,setStatus> 1.603077914050375E-5
<1494,admissions0-0,stu0-5application0-5,read> 1.9267201739333668E-4
<1495,registrar4-1,roster3-8,read> 1.6132146605050314E-4
<1496,registrar4-1,transcript4-6,read> 2.6036702799378937E-4
<1497,admissions0-1,stu2-7application2-7,setStatus> 1.2489357456916186E-4
<1498,admissions2-1,stu0-0application0-0,setStatus> 1.3402229972021346E-4
<1499,registrar4-0,roster3-8,read> 1.5884436100558176E-4
<1500,registrar2-1,roster4-9,read> 1.0590939249867082E-4
<1501,registrar2-1,roster4-8,read> 1.0837798306516621E-4
<1502,stu1-8,gradebook1-4,addScore> 1.4987217070755216E-4
<1503,registrar2-1,roster4-7,read> 1.1742948180898269E-4
<1504,admissions0-1,stu0-18application0-18,read> 2.330768227344299E-4
<1505,admissions0-0,stu4-0application4-0,read> 7.087444513281034E-5
<1506,registrar2-1,transcript3-7,read> 8.4997417493809E-5
<1507,registrar2-1,transcript3-9,read> 7.311847719822107E-5
<1508,admissions0-0,stu0-1application0-1,setStatus> 2.0834449911803672E-5
<1509,registrar4-1,transcript3-2,read> 9.444737270207931E-5
<1510,registrar2-0,roster0-3,write> 1.5056168787255664E-4
<1511,admissions2-1,stu0-17application0-17,setStatus> 2.0665910549858804E-4
<1512,registrar2-1,transcript3-3,read> 7.959789917763268E-5
<1513,admissions4-0,stu0-11application0-11,read> 1.7058902635759128E-4
<1514,admissions0-1,stu5-13application5-13,setStatus> 2.5268903007236924E-4
<1515,admissions2-0,stu1-1application1-1,read> 1.9796647325596599E-4
<1516,registrar2-1,transcript3-4,read> 8.391751383057373E-5
<1517,admissions0-0,stu2-8application2-8,read> 2.3506234891538258E-4
<1518,registrar2-1,transcript3-5,read> 8.283761016733847E-5
<1519,registrar2-1,transcript3-6,read> 8.607732115704426E-5
<1520,registrar0-0,transcript4-13,read> 3.729467853473253E-4
<1521,fac3-3,gradebook3-7,readScore> 2.75555809172832E-5
<1522,registrar0-1,transcript1-0,read> 2.742148170412513E-4
<1523,fac3-3,gradebook3-6,readScore> 1.2740435143985166E-4
<1524,registrar2-0,transcript0-12,read> 3.5554940164626175E-4
<1525,fac2-0,gradebook2-1,readScore> 2.6389018929998473E-4
<1526,registrar4-1,roster5-8,read> 1.499144976678503E-4
<1527,registrar4-1,roster5-9,read> 1.5466740116062234E-4
<1528,stu2-1,transcript2-1,read> 9.878701449254172E-4
<1529,admissions4-0,stu0-12application0-12,read> 5.117459063004819E-5
<1530,registrar0-0,roster2-9,write> 1.0727540648672386E-4
<1531,registrar0-1,transcript1-2,read> 3.206554634901382E-4
<1532,stu5-10,gradebook5-9,addScore> 9.530944203777741E-5
<1533,registrar0-0,roster2-7,write> 1.0555172220485728E-4
<1534,registrar0-0,roster2-6,write> 1.0497716077756843E-4
<1535,stu0-8,gradebook0-2,readMyScores> 2.490319587098092E-5
<1536,admissions0-1,stu3-14application3-14,read> 1.3846761567618245E-4
<1537,registrar0-0,roster2-5,write> 7.739821226770324E-5
<1538,registrar2-1,transcript3-0,read> 7.851799551439742E-5
<1539,registrar0-0,roster2-4,write> 7.797277369499214E-5
<1540,chair1,transcript1-13,read> 2.2246962824935007E-4
<1541,registrar0-0,roster2-3,write> 7.509996655854783E-5
<1542,admissions2-0,stu5-19application5-19,read> 3.1611622519918175E-5
<1543,registrar2-1,transcript3-2,read> 8.175770650410321E-5
<1544,chair3,transcript3-5,read> 4.525597631017166E-4
<1545,registrar0-0,roster2-2,write> 7.682365084041438E-5
<1546,admissions4-1,stu5-19application5-19,read> 3.2118422079355746E-5
<1547,stu0-7,gradebook0-1,readMyScores> 3.148423357491147E-5
<1548,registrar2-1,transcript3-1,read> 7.743809185116215E-5
<1549,admissions2-1,stu5-0application5-0,setStatus> 1.351312585870589E-4
<1550,registrar0-0,roster2-1,write> 8.314382654059183E-5
<1551,registrar2-0,transcript3-8,read> 7.386934147847869E-5
<1552,registrar2-0,transcript3-9,read> 7.279422674501387E-5
<1553,admissions2-1,stu1-14application1-14,read> 1.6575793009216203E-4
<1554,registrar2-0,transcript3-6,read> 8.569560354659173E-5
<1555,admissions2-0,stu1-10application1-10,read> 1.0924388619674049E-4
<1556,registrar0-1,transcript0-9,read> 1.2044467657715932E-4
<1557,fac2-3,gradebook2-7,changeScore> 0.0022867913422843574
<1558,stu2-6,gradebook2-8,readMyScores> 2.1676652069073528E-4
<1559,registrar2-0,transcript3-7,read> 8.462048881312691E-5
<1560,registrar2-0,transcript3-4,read> 8.354537407966208E-5
<1561,admissions2-0,stu3-11application3-11,read> 1.2436705444547212E-4
<1562,fac3-4,gradebook3-9,readScore> 5.980468483335277E-5
<1563,registrar2-0,transcript3-5,read> 8.247025934619727E-5
<1564,fac3-4,gradebook3-8,readScore> 3.369992118363874E-5
<1565,admissions0-1,stu4-16application4-16,setStatus> 2.0332888059229447E-4
<1566,registrar2-0,transcript3-2,read> 8.139514461273245E-5
<1567,registrar2-0,transcript3-3,read> 7.924491514580281E-5
<1568,admissions4-1,stu0-11application0-11,read> 1.7194559913180673E-4
<1569,fac2-0,gradebook2-1,addScore> 7.162733709571014E-4
<1570,fac2-1,gradebook2-3,readScore> 5.97227954734418E-4
<1571,fac2-1,gradebook2-2,readScore> 5.69500660113755E-4
<1572,stu0-19,stu0-19application0-19,checkStatus> 0.0012230310566476918
<1573,stu5-11,gradebook5-2,addScore> 1.0558474335530298E-4
<1574,stu2-19,gradebook2-4,addScore> 8.289647372210285E-4
<1575,admissions0-0,stu3-14application3-14,read> 1.3893779433722214E-4
<1576,registrar2-1,roster5-5,read> 1.2648098055279916E-4
<1577,registrar2-0,transcript3-1,read> 7.709468567887317E-5
<1578,registrar2-0,transcript3-0,read> 7.816980041233799E-5
<1579,admissions4-0,stu0-17application0-17,setStatus> 2.1521641835567243E-4
<1580,stu4-10,gradebook4-6,readMyScores> 6.674643391359481E-5
<1581,admissions0-1,stu1-3application1-3,read> 1.6464877989355912E-4
<1582,stu5-6,gradebook5-4,addScore> 1.3617834139311615E-4
<1583,stu4-10,gradebook4-2,readMyScores> 6.51261524090809E-5
<1584,admissions2-1,stu4-16application4-16,setStatus> 1.6673658629215316E-4
<1585,admissions0-1,stu0-0application0-0,read> 1.4382285381155495E-4
<1586,admissions2-1,application2-1,setStatus> 5.7504137907879896E-5
<1587,fac3-2,gradebook3-4,changeScore> 5.374371531424757E-4
<1588,admissions2-1,stu3-4application3-4,read> 4.81639318518744E-5
<1589,registrar2-0,transcript5-7,read> 3.1899550070845775E-4
<1590,admissions4-0,stu0-19application0-19,read> 1.004648045260979E-4
<1591,fac3-1,gradebook3-2,readScore> 4.631723238763405E-5
<1592,registrar4-1,transcript0-4,read> 1.3312037506330496E-4
<1593,registrar4-0,roster5-6,read> 1.4199664090874621E-4
<1594,admissions4-1,stu0-14application0-14,setStatus> 1.3660757442842864E-4
<1595,registrar4-0,roster5-5,read> 1.4386860980839458E-4
<1596,registrar4-0,roster5-3,read> 1.3918868755927362E-4
<1597,registrar2-0,roster5-2,read> 1.455812363260716E-4
<1598,registrar4-0,roster5-2,read> 1.6633223660417535E-4
<1599,admissions0-0,stu3-19application3-19,read> 1.8073107893642231E-4
<1600,admissions2-1,stu1-1application1-1,read> 1.9161885086699712E-4
<1601,admissions2-1,stu2-3application2-3,read> 6.231424699282188E-5
<1602,admissions4-1,application3-1,read> 1.2533654011432312E-4
<1603,admissions4-1,stu1-13application1-13,read> 1.2328779026740075E-4
<1604,fac3-2,gradebook3-5,readScore> 4.8445698474016656E-5
<1605,registrar4-0,roster5-9,read> 1.5229246985681236E-4
<1606,registrar0-1,transcript0-10,read> 3.3510366460756956E-4
<1607,fac3-2,gradebook3-4,readScore> 4.9106419759951624E-5
<1608,registrar4-1,roster5-5,read> 1.4611217487363275E-4
<1609,registrar0-1,transcript2-14,read> 3.4748783699393944E-4
<1610,registrar4-1,roster5-4,read> 1.4040869068230634E-4
<1611,registrar0-0,transcript1-9,read> 3.1695940740105713E-4
<1612,registrar0-1,roster2-6,write> 1.044922778178568E-4
<1613,registrar2-1,roster1-8,write> 1.6320126522941826E-4
<1614,stu4-0,gradebook4-7,readMyScores> 1.115393955905008E-4
<1615,registrar4-1,roster5-7,read> 1.5181565906495912E-4
<1616,registrar0-1,transcript2-12,read> 3.4439179389734694E-4
<1617,registrar0-1,roster2-9,write> 1.0677990807339026E-4
<1618,admissions4-0,stu5-10application5-10,read> 1.8227639666284023E-4
<1619,registrar0-1,roster2-8,write> 1.0620800050950688E-4
<1620,registrar4-1,roster5-1,read> 1.6797553094038395E-4
<1621,registrar4-1,roster5-3,read> 1.4135927138086074E-4
<1622,registrar0-1,roster2-1,write> 8.275979039028886E-5
<1623,registrar0-1,roster2-3,write> 7.475308449592174E-5
<1624,registrar0-1,roster2-2,write> 7.646880718757182E-5
<1625,registrar0-1,roster2-5,write> 7.704071475145519E-5
<1626,registrar4-0,transcript5-2,read> 3.60779711110549E-4
<1627,registrar0-1,roster2-4,write> 7.761262231533857E-5
<1628,registrar0-1,transcript2-1,read> 1.9990978272303232E-4
<1629,fac1-2,gradebook1-4,assignGrade> 2.967832729764617E-4
<1630,admissions4-0,stu1-13application1-13,read> 1.2231510553156323E-4
<1631,fac1-0,gradebook1-1,readScore> 8.796380923000732E-5
<1632,registrar0-1,roster4-7,read> 1.1222196598596791E-4
<1633,stu4-10,stu4-10application4-10,checkStatus> 3.6317191966630093E-4
<1634,admissions2-0,stu2-3application2-3,read> 6.437848705883669E-5
<1635,admissions4-0,stu4-17application4-17,setStatus> 1.0030600873390703E-4
<1636,registrar2-0,roster1-9,write> 1.6307332689774522E-4
<1637,stu4-13,gradebook4-8,readMyScores> 4.79062656753084E-5
<1638,admissions4-1,stu2-4application2-4,setStatus> 3.7080238114870836E-5
<1639,admissions0-0,stu2-14application2-14,setStatus> 7.375451807312861E-5
<1640,admissions2-0,stu2-10application2-10,read> 1.223506320123079E-4
<1641,fac0-4,gradebook0-9,readScore> 1.7806997359962683E-5
<1642,stu4-15,gradebook4-5,readMyScores> 9.47189096134913E-5
<1643,registrar0-0,roster3-8,read> 1.3407331055636826E-4
<1644,fac0-4,gradebook0-8,readScore> 1.6275229946127944E-5
<1645,admissions0-1,stu2-6application2-6,setStatus> 1.8912938553638253E-4
<1646,registrar2-0,transcript2-12,read> 3.5877474584665616E-4
<1647,admissions2-0,stu2-0application2-0,setStatus> 1.1440237597249155E-4
<1648,stu4-15,gradebook4-1,readMyScores> 7.253096412294691E-5
<1649,admissions2-0,stu3-4application3-4,read> 4.9759424418396114E-5
<1650,stu4-14,gradebook4-9,readMyScores> 7.128422429677746E-5
<1651,stu4-14,gradebook4-7,readMyScores> 5.808883374317172E-5
<1652,registrar4-0,transcript1-6,read> 3.7674839743009664E-4
<1653,admissions0-0,stu2-16application2-16,read> 1.2222048049754202E-4
<1654,admissions4-1,stu4-17application4-17,setStatus> 1.0110367083119455E-4
<1655,stu2-6,stu2-6application2-6,checkStatus> 0.001730286087097146
<1656,stu4-14,gradebook4-6,readMyScores> 6.830471641741414E-5
<1657,stu5-15,gradebook5-7,addScore> 1.3785693159829642E-4
<1658,admissions2-1,stu4-5application4-5,setStatus> 8.578258901243796E-5
<1659,admissions2-1,stu2-10application2-10,read> 1.1842756565519981E-4
<1660,stu5-12,gradebook5-3,addScore> 6.729734218842365E-5
<1661,fac1-2,gradebook1-4,readScore> 3.317462027131474E-5
<1662,registrar4-1,transcript2-0,read> 2.9155493312381E-4
<1663,fac1-2,gradebook1-5,readScore> 8.151270527554508E-5
<1664,registrar4-0,roster2-8,write> 1.2641462705655922E-4
<1665,stu4-12,gradebook4-1,readMyScores> 6.924654310605874E-5
<1666,stu4-11,gradebook4-4,readMyScores> 9.026995887665393E-5
<1667,stu4-11,gradebook4-7,readMyScores> 5.632187302094596E-5
<1668,registrar0-1,transcript4-10,read> 3.4955186572500105E-4
<1669,admissions4-0,stu4-14application4-14,setStatus> 1.8114750294017415E-4
<1670,admissions2-0,stu4-5application4-5,setStatus> 8.862424827578994E-5
<1671,fac1-1,gradebook1-3,readScore> 9.320583953250347E-5
<1672,fac1-1,gradebook1-2,readScore> 1.3305634514838852E-4
<1673,stu2-9,gradebook2-9,readMyScores> 2.4385744417789048E-4
<1674,admissions4-0,stu0-7application0-7,setStatus> 1.2455845699578717E-4
<1675,admissions0-1,stu3-19application3-19,setStatus> 2.0468121345476226E-4
<1676,stu4-13,gradebook4-4,readMyScores> 8.885395952172603E-5
<1677,stu4-13,gradebook4-2,readMyScores> 6.360569748902454E-5
<1678,registrar0-1,transcript2-4,read> 2.0094179708856318E-4
<1679,registrar2-0,roster1-2,read> 2.1931053772450412E-4
<1680,admissions2-1,stu5-19application5-19,read> 3.059802340104305E-5
<1681,admissions0-0,stu0-16application0-16,read> 1.425200758742964E-4
<1682,registrar2-0,transcript1-6,read> 3.29746648043106E-4
<1683,stu4-12,gradebook4-9,readMyScores> 6.85737975174323E-5
<1684,admissions0-0,stu5-10application5-10,setStatus> 2.433701211542983E-4
<1685,fac2-4,gradebook2-9,assignGrade> 8.08152709381684E-4
<1686,stu4-12,gradebook4-8,readMyScores> 4.828798890778098E-5
<1687,fac0-2,gradebook0-4,changeScore> 3.397361660134275E-4
<1688,registrar0-0,roster1-9,read> 2.1623559465867496E-4
<1689,admissions4-1,stu0-12application0-12,read> 5.158154562511815E-5
<1690,admissions4-1,stu0-16application0-16,setStatus> 1.3893569925447677E-4
<1691,admissions4-0,stu2-4application2-4,setStatus> 3.678769185755429E-5
<1692,admissions4-0,stu1-2application1-2,read> 1.5890165605234242E-4
<1693,admissions4-0,stu5-0application5-0,setStatus> 1.407267558370406E-4
<1694,fac3-3,roster3-7,read> 0.0018276660333746433
<1695,registrar4-0,roster4-1,write> 1.2233033127550817E-4
<1696,registrar4-0,roster4-4,write> 9.510169273516789E-5
<1697,registrar2-0,transcript2-11,read> 3.5769963111319133E-4
<1698,registrar4-0,roster4-3,write> 1.2369176320252518E-4
<1699,admissions0-0,application3-1,read> 1.4610235741137071E-4
<1700,stu4-18,stu4-18application4-18,checkStatus> 1.219164783549754E-4
<1701,registrar0-1,transcript2-6,read> 1.947497108953783E-4
<1702,registrar2-1,transcript5-6,read> 3.214963197423321E-4
<1703,registrar0-0,transcript2-12,read> 3.459898996694925E-4
<1704,admissions4-1,stu5-15application5-15,setStatus> 4.697476862557541E-5
<1705,admissions0-0,stu5-19application5-19,setStatus> 4.25452471061934E-5
<1706,stu4-6,gradebook4-5,readMyScores> 1.9265468785536533E-4
<1707,stu1-5,stu1-5application1-5,checkStatus> 0.0013281936849116032
<1708,registrar4-0,roster4-6,write> 9.918598851621892E-5
<1709,stu2-2,gradebook2-9,readMyScores> 2.5430101780435263E-4
<1710,registrar4-0,roster4-5,write> 9.374026080815087E-5
<1711,registrar0-0,roster1-7,read> 2.1465555073363059E-4
<1712,stu2-15,stu2-15application2-15,checkStatus> 4.3740436314670885E-4
<1713,registrar4-0,transcript3-16,read> 4.283395378470967E-4
<1714,registrar2-0,transcript4-13,read> 3.8672772891674143E-4
<1715,registrar4-0,roster4-8,write> 8.96559650270998E-5
<1716,registrar4-0,roster4-7,write> 9.714384062569339E-5
<1717,stu5-6,transcript5-6,read> 0.0015182474049240926
<1718,fac3-3,gradebook3-6,addScore> 3.45811811051026E-4
<1719,registrar0-0,transcript5-11,read> 2.8728091307305846E-5
<1720,registrar4-0,roster4-9,write> 8.761381713657427E-5
<1721,registrar0-0,roster0-1,read> 1.9806508952066482E-4
<1722,app2-2,application2-2,checkStatus> 6.477296196745311E-4
<1723,fac3-3,gradebook3-7,addScore> 7.479371963262583E-5
<1724,fac1-4,gradebook1-8,readScore> 1.99803398504916E-4
<1725,admissions0-1,application4-4,setStatus> 1.9318638412378592E-4
<1726,admissions0-1,stu3-17application3-17,setStatus> 1.9183405126131813E-4
<1727,fac0-1,gradebook0-2,readScore> 2.712349661797348E-5
<1728,fac0-1,gradebook0-3,readScore> 2.8275039467175604E-5
<1729,admissions0-1,stu4-13application4-13,read> 2.1284592311191164E-4
<1730,registrar2-0,roster4-6,write> 8.681190807754833E-5
<1731,registrar2-0,roster4-7,write> 8.502453107394997E-5
<1732,admissions2-0,stu3-7application3-7,setStatus> 1.6481293680159696E-4
<1733,registrar2-1,roster0-9,write> 1.6619349621910967E-4
<1734,admissions4-1,stu1-6application1-6,read> 2.5972172538588663E-5
<1735,admissions2-0,stu5-8application5-8,read> 1.9292541717305547E-4
<1736,registrar2-0,roster4-9,write> 7.668343839049094E-5
<1737,admissions0-0,stu0-18application0-18,setStatus> 2.6575938076101263E-4
<1738,fac3-2,gradebook3-5,addScore> 1.3149546728661666E-4
<1739,registrar4-0,roster0-2,read> 2.384030392406387E-4
<1740,admissions0-0,stu2-6application2-6,read> 1.669989997109708E-4
<1741,admissions0-0,stu2-4application2-4,setStatus> 4.322370951851807E-5
<1742,admissions2-1,stu0-4application0-4,read> 1.2379492657073161E-4
<1743,admissions4-1,stu0-7application0-7,setStatus> 1.255489815047E-4
<1744,admissions4-0,stu3-3application3-3,read> 1.888823016179809E-4
<1745,registrar2-0,roster4-2,write> 1.0766463978619592E-4
<1746,registrar0-0,transcript3-16,read> 3.6154194909901146E-4
<1747,registrar0-1,transcript0-12,read> 3.4129575080075455E-4
<1748,registrar2-0,roster4-1,write> 1.0706884745166311E-4
<1749,admissions2-0,stu4-13application4-13,read> 1.8032277696577913E-4
<1750,registrar2-0,roster4-4,write> 8.323715407035163E-5
<1751,registrar4-1,roster1-1,read> 2.554289552073888E-4
<1752,fac3-2,gradebook3-4,addScore> 1.332888536341544E-4
<1753,registrar4-1,roster3-5,write> 1.1525070833079268E-4
<1754,registrar2-0,roster4-3,write> 1.0826043212072868E-4
<1755,admissions4-1,stu0-15application0-15,setStatus> 1.3718960563494065E-4
<1756,fac1-3,gradebook1-7,readScore> 2.2599028786887546E-4
<1757,stu5-15,stu5-15application5-15,checkStatus> 4.992647327137154E-4
<1758,fac0-0,gradebook0-1,readScore> 2.154853140284526E-5
<1759,admissions4-0,stu1-6application1-6,read> 2.5767263879507095E-5
<1760,admissions0-0,stu2-11application2-11,read> 8.162128974403326E-5
<1761,fac3-1,gradebook3-2,addScore> 1.2571820219500673E-4
<1762,admissions0-0,application4-4,setStatus> 1.9384236505459672E-4
<1763,fac3-1,gradebook3-3,addScore> 1.7632893067091477E-4
<1764,admissions0-0,application4-2,setStatus> 1.9045005299297334E-4
<1765,admissions0-0,application4-0,setStatus> 1.8298696645740185E-4
<1766,admissions0-0,application4-1,setStatus> 1.918069778176227E-4
<1767,admissions0-1,stu2-4application2-4,setStatus> 4.30774363898598E-5
<1768,admissions2-0,stu0-4application0-4,read> 1.278957937035095E-4
<1769,registrar4-0,roster0-5,write> 1.7474546046566334E-4
<1770,fac0-3,gradebook0-7,readScore> 1.8851404602842423E-5
<1771,registrar2-0,transcript4-16,read> 3.9317841731753046E-4
<1772,stu4-10,transcript4-10,read> 0.0017273384401158783
<1773,admissions0-0,stu2-2application2-2,setStatus> 3.643908539527128E-5
<1774,fac2-3,roster2-7,read> 0.001990165359631712
<1775,admissions0-0,stu3-13application3-13,setStatus> 1.6127616926301218E-4
<1776,admissions0-1,application5-3,setStatus> 2.5742219509100654E-4
<1777,fac0-3,gradebook0-6,readScore> 7.194976219852581E-5
<1778,registrar2-1,transcript2-13,read> 3.614527552820369E-4
<1779,registrar4-1,roster4-7,write> 9.865875431966132E-5
<1780,admissions4-1,stu1-8application1-8,read> 1.3097060219335955E-4
<1781,registrar4-1,roster4-6,write> 1.0073274857105274E-4
<1782,registrar4-1,roster4-5,write> 9.520209723400897E-5
<1783,registrar4-1,roster4-4,write> 9.658476006826991E-5
<1784,registrar0-0,roster5-8,write> 9.061312509534699E-5
<1785,registrar4-1,roster4-3,write> 1.2562067958774977E-4
<1786,registrar4-1,roster4-2,write> 1.249293481706193E-4
<1787,registrar4-1,roster4-1,write> 1.2423801675348883E-4
<1788,admissions0-1,application4-3,setStatus> 1.938625505550198E-4
<1789,fac3-0,gradebook3-1,addScore> 1.2064581055217853E-4
<1790,admissions2-0,stu5-11application5-11,read> 1.0722746376357626E-4
<1791,admissions2-1,stu0-19application0-19,setStatus> 1.0962520464961435E-4
<1792,admissions0-1,application4-0,setStatus> 1.823677212240435E-4
<1793,admissions0-1,stu0-13application0-13,setStatus> 2.2293770709807758E-4
<1794,registrar4-1,roster4-9,write> 8.898011447983469E-5
<1795,admissions2-1,stu5-17application5-17,read> 1.2281904276790766E-4
<1796,admissions2-1,stu5-10application5-10,setStatus> 1.988963934306702E-4
<1797,stu5-0,gradebook5-8,readMyScores> 4.805849913340596E-5
<1798,admissions0-1,stu4-14application4-14,setStatus> 2.1211904419833516E-4
<1799,admissions0-1,application4-1,setStatus> 1.9115788483008422E-4
<1800,admissions4-0,stu1-4application1-4,setStatus> 2.244554462649601E-4
<1801,admissions0-1,application4-2,setStatus> 1.8980555196761642E-4
<1802,fac0-0,gradebook0-1,assignGrade> 1.1919472393197034E-4
<1803,admissions4-0,stu2-4application2-4,read> 3.237316883464778E-5
<1804,fac0-2,gradebook0-4,readScore> 3.4763252814866026E-5
<1805,fac0-2,gradebook0-5,readScore> 2.338323509939115E-5
<1806,registrar4-1,roster3-6,read> 1.5942030465339432E-4
<1807,admissions2-0,stu0-19application0-19,setStatus> 1.132566814081937E-4
<1808,admissions4-1,stu1-8application1-8,setStatus> 1.4883022976518135E-4
<1809,admissions4-0,application0-0,setStatus> 7.258892500604403E-5
<1810,admissions4-0,application0-1,setStatus> 7.027916802872212E-5
<1811,admissions4-0,stu2-18application2-18,read> 1.5331204416722336E-4
<1812,admissions4-1,stu2-4application2-4,read> 3.263060954108633E-5
<1813,fac1-3,gradebook1-6,assignGrade> 3.074813783405877E-4
<1814,fac2-4,gradebook2-9,readScore> 2.6890216531091227E-4
<1815,registrar4-0,transcript3-17,read> 4.2588281687485865E-4
<1816,admissions4-0,application3-4,read> 1.25872131276639E-4
<1817,registrar0-1,transcript1-6,read> 3.165274060280149E-4
<1818,registrar4-0,transcript3-10,read> 4.3693806124992993E-4
<1819,admissions4-0,application0-2,setStatus> 6.970172878439163E-5
<1820,fac4-2,gradebook4-5,assignGrade> 4.8506992738507913E-4
<1821,fac2-4,gradebook2-8,readScore> 1.1525822178352175E-4
<1822,admissions4-0,application0-3,setStatus> 7.143404651738308E-5
<1823,registrar4-1,transcript3-15,read> 4.3626681292710604E-4
<1824,admissions4-0,stu1-11application1-11,setStatus> 1.8172494218450467E-4
<1825,admissions0-1,stu1-12application1-12,setStatus> 1.6005422899332476E-4
<1826,admissions2-0,stu4-4application4-4,read> 1.3848201147762158E-4
<1827,fac3-0,gradebook3-1,readScore> 4.4448456519223654E-5
<1828,admissions2-0,stu3-5application3-5,setStatus> 1.247136270511722E-4
<1829,registrar4-1,roster4-7,read> 1.3565578718953433E-4
<1830,admissions4-1,application0-0,setStatus> 7.316617291861694E-5
<1831,admissions4-1,application0-2,setStatus> 7.025601688605677E-5
<1832,admissions4-1,application0-3,setStatus> 7.200211050559287E-5
<1833,admissions2-0,application4-3,setStatus> 1.6424008951944802E-4
<1834,admissions4-1,application0-4,setStatus> 7.142007929908084E-5
<1835,admissions0-1,stu2-6application2-6,read> 1.6643385927201661E-4
<1836,registrar4-1,transcript4-16,read> 4.562270722103193E-4
<1837,admissions2-1,stu4-4application4-4,read> 1.3404170650038323E-4
<1838,admissions2-0,stu0-10application0-10,read> 1.9645415643109284E-4
<1839,admissions0-0,stu3-18application3-18,setStatus> 2.1419623742433713E-4
<1840,admissions0-0,stu0-17application0-17,read> 2.2252436353562252E-4
<1841,admissions2-1,stu3-7application3-7,setStatus> 1.59528353657658E-4
<1842,admissions0-0,stu3-6application3-6,setStatus> 2.5422551975149316E-4
<1843,fac2-2,gradebook2-5,readScore> 2.2972691848343883E-4
<1844,admissions2-1,stu1-0application1-0,setStatus> 2.0444118776489722E-4
<1845,registrar4-0,transcript4-15,read> 4.4430822416664437E-4
<1846,admissions4-1,stu4-15application4-15,read> 1.2143111071862735E-5
<1847,registrar0-1,transcript4-14,read> 3.7535222486327147E-4
<1848,admissions0-0,stu4-8application4-8,read> 9.893565050655906E-5
<1849,fac3-4,gradebook3-9,addScore> 1.62327001690529E-4
<1850,admissions0-1,stu3-18application3-18,setStatus> 2.1347137706080298E-4
<1851,admissions0-1,stu3-11application3-11,setStatus> 1.668158933056638E-4
<1852,admissions0-1,stu0-17application0-17,read> 2.217713200041991E-4
<1853,admissions0-1,stu0-1application0-1,setStatus> 2.0763944159141058E-5
<1854,admissions4-0,stu4-9application4-9,setStatus> 1.384169988597187E-4
<1855,registrar4-1,transcript0-19,read> 3.9634629436067955E-4
<1856,admissions4-0,stu4-15application4-15,read> 1.2047307434214903E-5
<1857,admissions0-1,stu4-8application4-8,read> 9.860084289063161E-5
<1858,admissions4-1,application3-4,read> 1.2687310249951485E-4
<1859,admissions4-1,application3-2,read> 1.2789747742297604E-4
<1860,admissions4-1,application3-3,read> 1.2738528996124549E-4
<1861,fac4-1,roster4-2,read> 0.0019576654943802988
<1862,admissions0-1,stu3-0application3-0,setStatus> 1.0122774947597534E-4
<1863,admissions2-0,application3-2,read> 1.2587937127034524E-4
<1864,admissions4-1,stu0-4application0-4,read> 1.299462272698984E-4
<1865,admissions0-1,stu4-6application4-6,read> 7.003957283531163E-5
<1866,admissions2-1,stu4-2application4-2,setStatus> 1.0408041031538726E-4
<1867,admissions4-1,application3-0,read> 1.2584872757605368E-4
<1868,fac1-4,gradebook1-8,addScore> 5.423235102276292E-4
<1869,fac1-4,gradebook1-9,addScore> 5.54866810175072E-4
<1870,admissions0-0,stu1-12application1-12,read> 1.4132598202860498E-4
<1871,admissions0-0,stu0-4application0-4,setStatus> 1.7213156786020703E-4
<1872,admissions0-1,stu3-3application3-3,read> 2.211762935447132E-4
<1873,admissions4-0,application3-1,read> 1.2434769167160654E-4
<1874,admissions4-0,application3-2,read> 1.2688842434666064E-4
<1875,admissions4-0,application3-3,read> 1.2638027781164984E-4
<1876,admissions4-1,stu3-2application3-2,read> 5.106935816338756E-5
<1877,admissions0-0,stu4-6application4-6,read> 7.027739820996464E-5
<1878,admissions2-0,stu0-2application0-2,setStatus> 9.57132333923829E-6
<1879,admissions4-0,application3-0,read> 1.2485583820661737E-4
<1880,admissions4-0,stu1-0application1-0,read> 1.8735786201294846E-4
<1881,admissions4-0,stu3-2application3-2,read> 5.066644409503736E-5
<1882,admissions4-0,stu5-16application5-16,read> 1.3247803623177968E-4
<1883,registrar0-0,transcript2-9,read> 2.0602145480382188E-4
<1884,admissions0-0,stu1-0application1-0,setStatus> 2.5015474527754507E-4
<1885,admissions0-1,stu2-5application2-5,setStatus> 1.8304388765527744E-4
<1886,admissions4-1,stu1-0application1-0,read> 1.888477853689162E-4
<1887,admissions4-1,stu1-19application1-19,setStatus> 5.163101827767169E-5
<1888,fac1-2,gradebook1-4,addScore> 9.004539787928287E-5
<1889,stu5-16,gradebook5-3,readMyScores> 1.0855280997214408E-4
<1890,fac1-2,gradebook1-5,addScore> 2.2124877146219383E-4
<1891,chair5,transcript5-17,read> 1.2807367548940484E-4
<1892,admissions4-0,stu5-5application5-5,read> 8.928558075585982E-5
<1893,chair5,transcript5-18,read> 1.2217392844190829E-4
<1894,chair5,transcript5-15,read> 1.4577291663189456E-4
<1895,chair5,transcript5-16,read> 1.3397342253690142E-4
<1896,chair5,transcript5-13,read> 1.5757241072688775E-4
<1897,chair5,transcript5-14,read> 1.5167266367939114E-4
<1898,fac2-1,gradebook2-3,assignGrade> 8.295489201099359E-4
<1899,admissions4-0,stu0-14application0-14,setStatus> 1.3552980263806632E-4
<1900,chair5,transcript5-11,read> 1.6347215777438433E-4
<1901,registrar2-0,transcript0-17,read> 3.437231395781486E-4
<1902,admissions4-1,stu5-16application5-16,read> 1.3353153950201253E-4
<1903,fac1-3,gradebook1-6,addScore> 6.008589099823622E-4
<1904,fac1-3,gradebook1-7,addScore> 6.134022099298049E-4
<1905,admissions2-1,stu3-18application3-18,read> 1.5404732445827452E-4
<1906,stu5-12,gradebook5-1,readMyScores> 3.240802250569815E-5
<1907,admissions0-1,stu0-17application0-17,setStatus> 2.5201286364113536E-4
<1908,fac5-1,gradebook5-3,changeScore> 5.793737261698496E-4
<1909,admissions0-0,stu1-10application1-10,read> 1.2938504357169062E-4
<1910,stu2-7,gradebook2-6,readMyScores> 2.816158971723984E-4
<1911,admissions0-1,stu0-3application0-3,read> 9.324560475525911E-5
<1912,stu5-11,gradebook5-1,readMyScores> 3.213682566464628E-5
<1913,stu5-11,gradebook5-3,readMyScores> 1.0500822842203325E-4
<1914,admissions4-1,stu0-3application0-3,setStatus> 9.120914032048998E-5
<1915,registrar2-0,roster3-6,write> 9.991933943726965E-5
<1916,admissions2-0,stu3-18application3-18,read> 1.5915034141755486E-4
<1917,registrar0-0,roster3-3,read> 1.3012320074375734E-4
<1918,admissions2-0,stu5-15application5-15,read> 4.0685523469157155E-5
<1919,registrar0-1,roster1-2,read> 2.1051857852842157E-4
<1920,stu3-9,transcript3-9,read> 3.4529769531163753E-4
<1921,admissions4-0,stu3-11application3-11,read> 1.253639847416282E-4
<1922,registrar2-1,roster3-3,write> 9.856907585208408E-5
<1923,registrar0-1,transcript0-15,read> 3.371676933386313E-4
<1924,admissions2-1,stu4-3application4-3,read> 1.906429670641732E-4
<1925,stu2-4,stu2-4application2-4,checkStatus> 3.941021044498043E-4
<1926,registrar2-1,roster3-4,write> 9.677373725826926E-5
<1927,stu5-12,gradebook5-6,readMyScores> 2.5668702832020534E-5
<1928,registrar2-1,roster3-1,write> 9.617529106033097E-5
<1929,registrar2-1,roster3-5,write> 9.976596824796064E-5
<1930,registrar2-1,transcript2-12,read> 3.6037285161880165E-4
<1931,registrar2-1,roster3-6,write> 1.0036441444589892E-4
<1932,stu5-12,gradebook5-5,readMyScores> 2.1303771723697488E-5
<1933,registrar2-1,roster3-2,write> 9.49783986644544E-5
<1934,admissions4-0,stu0-4application0-4,setStatus> 1.4650114828034539E-4
<1935,registrar2-1,roster3-7,write> 1.009628606438372E-4
<1936,registrar2-1,roster3-8,write> 1.0156130684177548E-4
<1937,registrar2-1,roster3-9,write> 1.0215975303971377E-4
<1938,admissions0-1,stu1-8application1-8,read> 1.521532242443566E-4
<1939,admissions4-0,stu4-7application4-7,read> 3.796278071976682E-5
<1940,admissions0-0,stu3-17application3-17,setStatus> 1.924854402299474E-4
<1941,stu0-8,transcript0-8,read> 5.747878558879875E-4
<1942,registrar2-0,roster3-1,write> 9.574879309554015E-5
<1943,registrar0-0,transcript5-6,read> 3.08664981038647E-4
<1944,registrar2-0,roster3-4,write> 9.634458543007295E-5
<1945,admissions4-0,stu0-3application0-3,setStatus> 9.048954158028887E-5
<1946,fac3-4,gradebook3-8,changeScore> 5.07482458122923E-4
<1947,registrar2-0,roster3-5,write> 9.932354710273686E-5
<1948,stu0-9,gradebook0-6,readMyScores> 2.8740530069032337E-5
<1949,registrar2-0,roster3-2,write> 9.455720842647456E-5
<1950,registrar2-0,roster3-3,write> 9.813196243367129E-5
<1951,admissions4-0,stu1-12application1-12,read> 1.2028251939151997E-4
<1952,registrar2-0,roster3-9,write> 1.0170671644086802E-4
<1953,admissions0-1,stu2-7application2-7,read> 1.0990634562086244E-4
<1954,admissions4-0,stu0-14application0-14,read> 1.1926622632149835E-4
<1955,admissions0-1,stu5-19application5-19,setStatus> 4.24012699586259E-5
<1956,admissions4-0,stu5-8application5-8,setStatus> 2.2099081079897728E-4
<1957,chair1,transcript1-1,read> 0.0015558124609835761
<1958,chair4,transcript4-13,read> 0.002122188177543247
<1959,stu2-5,gradebook2-5,readMyScores> 2.4347658844349067E-4
<1960,admissions0-0,stu1-8application1-8,read> 1.5266987356267358E-4
<1961,registrar0-1,transcript2-17,read> 3.5471193755265515E-4
<1962,admissions0-0,stu2-14application2-14,read> 6.490397590435316E-5
<1963,admissions0-1,stu0-6application0-6,read> 6.587438761891079E-5
<1964,admissions4-1,stu4-7application4-7,read> 3.8264671620122816E-5
<1965,stu5-10,gradebook5-2,readMyScores> 1.87896647012716E-5
<1966,app2-1,application2-1,checkStatus> 6.415435827178305E-4
<1967,stu5-10,gradebook5-5,readMyScores> 2.059067476223481E-5
<1968,registrar0-0,transcript1-1,read> 2.7341366899840406E-4
<1969,admissions0-0,stu0-3application0-3,read> 9.35622282009476E-5
<1970,admissions0-0,stu2-7application2-7,read> 1.1027954204062768E-4
<1971,admissions4-1,stu1-12application1-12,read> 1.2123904042047839E-4
<1972,admissions4-1,stu5-8application5-8,setStatus> 2.2274819299220969E-4
<1973,admissions4-1,stu5-18application5-18,setStatus> 1.325333559828444E-4
<1974,admissions2-0,stu4-7application4-7,read> 3.766088981941083E-5
<1975,admissions4-0,stu5-1application5-1,setStatus> 3.505537412456286E-5
<1976,admissions0-0,stu5-4application5-4,read> 7.445672666988466E-5
<1977,stu5-15,gradebook5-6,readMyScores> 2.6527906274096538E-5
<1978,admissions2-0,stu5-15application5-15,setStatus> 4.6233549396769495E-5
<1979,stu5-15,gradebook5-5,readMyScores> 2.201686868516017E-5
<1980,stu5-4,transcript5-4,read> 0.0015080478422318105
<1981,admissions2-0,application1-3,read> 2.2537721570679206E-5
<1982,admissions0-0,stu0-6application0-6,read> 6.609806975004461E-5
<1983,admissions2-0,application1-4,read> 1.4472031838022342E-5
<1984,admissions2-0,application1-1,read> 2.102540474580604E-5
<1985,registrar4-1,roster1-3,read> 2.4972547101606243E-4
<1986,stu5-16,gradebook5-2,readMyScores> 1.992843225892442E-5
<1987,admissions2-0,application1-2,read> 2.203361596238815E-5
<1988,admissions0-1,stu2-14application2-14,read> 6.468433469993913E-5
<1989,admissions4-0,stu3-14application3-14,read> 1.182499332514767E-4
<1990,admissions2-1,stu4-7application4-7,read> 3.645332621798683E-5
<1991,admissions0-0,stu5-17application5-17,setStatus> 1.7077464303555766E-4
<1992,admissions2-0,stu0-10application0-10,setStatus> 2.2324335958078732E-4
<1993,admissions0-1,stu5-4application5-4,read> 7.420475805171246E-5
<1994,registrar0-1,roster1-9,read> 2.1523681593045934E-4
<1995,registrar0-1,roster1-8,read> 2.144504430301197E-4
<1996,registrar4-1,roster0-7,read> 2.459231482218448E-4
<1997,admissions2-1,application1-1,read> 2.035124347139142E-5
<1998,stu5-16,gradebook5-9,readMyScores> 4.324055204301679E-5
<1999,registrar2-0,transcript0-16,read> 3.4479825431161344E-4
<2000,admissions2-1,application1-0,read> 1.9375359668567454E-5
<2001,admissions2-1,application1-2,read> 2.1327127274215382E-5
<2002,admissions2-1,application1-3,read> 2.1815069175627368E-5
<2003,registrar0-0,transcript3-10,read> 3.6879957216612026E-4
<2004,registrar4-1,roster1-6,write> 1.8300118720957905E-4
<2005,admissions2-1,application1-4,read> 1.4007998753035655E-5
<2006,stu5-17,gradebook5-6,readMyScores> 2.6098304553058533E-5
<2007,registrar0-1,transcript2-0,read> 2.411903573442651E-4
<2008,admissions2-1,stu2-5application2-5,setStatus> 1.50102203289472E-4
<2009,registrar0-1,transcript5-5,read> 3.0414323364164503E-4
<2010,admissions4-1,stu3-17application3-17,read> 1.453118511218161E-4
<2011,stu4-5,stu4-5application4-5,checkStatus> 9.570314675095638E-4
<2012,admissions2-0,stu2-16application2-16,setStatus> 1.172666123832362E-4
<2013,admissions4-0,stu3-8application3-8,setStatus> 1.828798206731656E-4
<2014,admissions4-1,stu3-14application3-14,read> 1.1919029057355602E-4
<2015,admissions2-1,stu0-10application0-10,setStatus> 2.1608525586677411E-4
<2016,stu1-2,gradebook1-1,readScore> 1.441880996656821E-4
<2017,fac5-2,gradebook5-4,changeScore> 5.554099701542073E-4
<2018,registrar4-0,transcript4-11,read> 4.1974101444426334E-4
<2019,registrar4-0,roster0-8,read> 2.5805871268694687E-4
<2020,admissions0-0,stu4-14application4-14,setStatus> 2.1283931259968774E-4
<2021,stu5-13,gradebook5-4,readMyScores> 5.5900296206596045E-5
<2022,registrar0-0,roster1-8,read> 2.1544557269615277E-4
<2023,chair3,transcript3-9,read> 3.9946203967424735E-4
<2024,chair3,transcript3-8,read> 4.0536178672174393E-4
<2025,stu5-13,gradebook5-7,readMyScores> 2.5261676593790937E-5
<2026,admissions2-0,stu2-5application2-5,setStatus> 1.5507453300506527E-4
<2027,admissions2-1,stu2-16application2-16,setStatus> 1.1350656068357332E-4
<2028,admissions0-1,application2-4,setStatus> 7.823809081402269E-5
<2029,registrar0-1,roster1-7,read> 2.1366407012978007E-4
<2030,admissions4-1,stu3-8application3-8,setStatus> 1.8433413336241543E-4
<2031,registrar0-0,transcript0-12,read> 3.428794897835887E-4
<2032,chair3,transcript3-2,read> 4.4666001605422E-4
<2033,registrar0-1,roster1-1,read> 2.113049514287612E-4
<2034,admissions4-1,stu3-11application3-11,read> 1.263609150377843E-4
<2035,registrar0-0,transcript3-0,read> 7.53842395958627E-5
<2036,chair3,transcript3-1,read> 4.230610278642337E-4
<2037,admissions2-1,stu5-15application5-15,setStatus> 4.4751110939157646E-5
<2038,registrar2-0,roster1-7,write> 1.6188174222867962E-4
<2039,fac4-1,gradebook4-2,assignGrade> 4.7223220094812793E-4
<2040,admissions4-1,stu1-11application1-11,setStatus> 1.8317007094939138E-4
<2041,admissions0-0,stu1-16application1-16,setStatus> 1.5042077066581728E-4
<2042,stu5-14,gradebook5-7,readMyScores> 2.547851501948871E-5
<2043,admissions4-1,stu5-1application5-1,setStatus> 3.533414449533473E-5
<2044,registrar0-0,roster1-5,read> 2.107054409210197E-4
<2045,registrar0-0,roster0-9,read> 2.193956825087637E-4
<2046,registrar0-0,roster1-4,read> 2.0675533110840882E-4
<2047,registrar0-0,roster1-1,read> 2.1228548484606403E-4
<2048,stu5-15,gradebook5-4,readMyScores> 5.9259112287679077E-5
<2049,stu2-12,stu2-12application2-12,checkStatus> 6.539156566312318E-4
<2050,admissions4-1,stu2-12application2-12,setStatus> 6.152554878837626E-5
<2051,admissions2-0,stu2-12application2-12,setStatus> 6.055473145049261E-5
<2052,registrar2-1,roster3-8,read> 1.396467969074413E-4
<2053,registrar0-1,roster1-1,write> 1.5367632831182634E-4
<2054,registrar0-1,roster1-2,write> 1.5310442074794296E-4
<2055,registrar0-1,roster1-5,write> 1.5253251318405957E-4
<2056,registrar0-1,roster1-6,write> 1.5138869805629286E-4
<2057,stu5-19,gradebook5-9,readMyScores> 4.394652023963748E-5
<2058,registrar2-1,roster5-3,write> 8.899393668507164E-5
<2059,registrar0-0,transcript2-14,read> 3.4910030955539626E-4
<2060,registrar0-1,roster1-3,write> 1.5024488292852614E-4
<2061,registrar0-1,roster1-4,write> 1.4967297536464278E-4
<2062,registrar0-1,roster1-9,write> 1.5653586613124316E-4
<2063,registrar2-1,roster3-1,read> 1.3224102520795506E-4
<2064,registrar2-1,roster3-2,read> 1.305952981636248E-4
<2065,registrar0-1,roster1-7,write> 1.5539205100347642E-4
<2066,registrar2-1,roster3-4,read> 1.3306388873012023E-4
<2067,registrar2-1,transcript5-7,read> 3.2041641607909676E-4
<2068,registrar2-1,roster3-5,read> 1.3717820634094588E-4
<2069,stu5-1,gradebook5-1,readMyScores> 7.173156445821892E-5
<2070,registrar2-1,transcript5-9,read> 3.2257622340556736E-4
<2071,registrar4-1,transcript5-13,read> 3.3319078647238764E-5
<2072,registrar2-1,roster3-6,read> 1.3800106986311102E-4
<2073,registrar4-0,transcript2-13,read> 4.1114249104143E-4
<2074,registrar2-1,roster3-7,read> 1.3882393338527616E-4
<2075,registrar2-0,roster3-8,read> 1.3902752064621094E-4
<2076,stu4-2,gradebook4-3,addScore> 1.696953381575461E-4
<2077,chair0,transcript0-5,read> 6.590509097640968E-4
<2078,registrar4-1,transcript1-19,read> 4.0804175878443724E-5
<2079,registrar2-0,roster3-7,read> 1.3820830618622835E-4
<2080,registrar2-0,roster3-9,read> 1.3984673510619353E-4
<2081,admissions0-0,stu0-0application0-0,read> 1.4431121664283355E-4
<2082,admissions0-1,stu0-15application0-15,setStatus> 1.5937806256209085E-4
<2083,admissions4-0,stu1-19application1-19,setStatus> 5.1223672965816286E-5
<2084,registrar0-1,transcript3-5,read> 7.916410195592655E-5
<2085,registrar2-0,roster3-1,read> 1.316545905063677E-4
<2086,registrar2-0,roster3-2,read> 1.300161615864025E-4
<2087,admissions0-0,stu5-12application5-12,read> 1.0311497896647906E-4
<2088,registrar2-0,roster3-6,read> 1.3738909172624576E-4
<2089,registrar2-0,roster3-3,read> 1.34931448346298E-4
<2090,registrar2-0,roster3-4,read> 1.324738049663503E-4
<2091,fac5-4,gradebook5-9,changeScore> 3.99645556052533E-4
<2092,admissions0-0,stu1-19application1-19,read> 5.2963037447438834E-5
<2093,admissions2-1,stu2-18application2-18,read> 1.4721613783850676E-4
<2094,admissions4-0,stu2-8application2-8,read> 2.00061525388219E-4
<2095,stu5-17,gradebook5-7,readMyScores> 2.6345868722279824E-5
<2096,registrar4-0,transcript5-1,read> 3.546379086799537E-4
<2097,admissions0-1,stu1-19application1-19,read> 5.278380551022246E-5
<2098,stu3-2,gradebook3-6,readMyScores> 3.8193637437443594E-5
<2099,stu5-18,gradebook5-3,readMyScores> 1.0678051919708867E-4
<2100,registrar4-0,transcript5-3,read> 3.595513506244299E-4
<2101,registrar4-0,transcript5-7,read> 3.6446479256890607E-4
<2102,stu5-18,gradebook5-4,readMyScores> 5.781961968150063E-5
<2103,registrar4-1,transcript5-1,read> 3.601683244098555E-4
<2104,registrar4-1,transcript5-2,read> 3.664059054358597E-4
<2105,admissions2-0,stu4-2application4-2,setStatus> 1.0752820858670445E-4
<2106,stu0-2,stu0-2application0-2,checkStatus> 1.0335836748487345E-4
<2107,stu5-19,gradebook5-2,readMyScores> 2.02537944182538E-5
<2108,registrar4-1,transcript5-5,read> 3.6765342164106046E-4
<2109,admissions4-0,application0-4,read> 6.235381440028627E-5
<2110,stu5-19,gradebook5-8,readMyScores> 2.23674136153609E-5
<2111,registrar4-1,transcript5-9,read> 3.7264348646186377E-4
<2112,stu5-1,gradebook5-7,readMyScores> 5.735376359706183E-5
<2113,stu4-5,transcript4-5,read> 0.0010592670837713928
<2114,admissions0-1,stu3-18application3-18,read> 1.8785481181350663E-4
<2115,admissions0-1,stu0-12application0-12,read> 5.992412302405246E-5
<2116,admissions2-1,stu0-9application0-9,setStatus> 1.2126927275149119E-4
<2117,fac2-1,gradebook2-3,changeScore> 0.00232273697630782
<2118,admissions4-0,stu0-1application0-1,setStatus> 1.773219679464847E-5
<2119,admissions2-0,stu5-0application5-0,read> 1.2285473762059892E-4
<2120,stu3-14,gradebook3-5,readMyScores> 2.4437877524663753E-5
<2121,admissions0-0,stu0-12application0-12,read> 6.012760052158743E-5
<2122,stu3-14,gradebook3-6,readMyScores> 2.454802848189284E-5
<2123,stu3-14,gradebook3-3,readMyScores> 4.06554919357748E-5
<2124,stu1-15,gradebook1-4,addScore> 6.684726147648458E-5
<2125,admissions0-1,stu4-12application4-12,setStatus> 2.2023304137314196E-4
<2126,stu5-0,gradebook5-2,readMyScores> 4.3517188810304356E-5
<2127,admissions2-1,stu1-8application1-8,read> 1.2477081037355557E-4
<2128,chair1,transcript1-16,read> 2.165698812018535E-4
<2129,stu5-0,gradebook5-5,readMyScores> 4.768835929781655E-5
<2130,admissions2-1,stu2-6application2-6,setStatus> 1.5509251819027634E-4
<2131,stu0-0,transcript0-0,read> 9.113734247333007E-4
<2132,stu3-15,gradebook3-7,readMyScores> 3.383384486407767E-5
<2133,stu1-8,gradebook1-4,readScore> 5.5216062892256054E-5
<2134,admissions4-1,stu4-6application4-6,read> 6.0288732474538186E-5
<2135,admissions0-0,application5-4,setStatus> 2.603316814624152E-4
<2136,stu3-15,gradebook3-6,readMyScores> 2.412599933893766E-5
<2137,registrar2-1,roster4-8,write> 7.882035132012088E-5
<2138,admissions4-1,stu2-1application2-1,setStatus> 1.307872623633083E-4
<2139,registrar2-1,roster1-9,write> 1.6379971142735654E-4
<2140,stu3-15,gradebook3-3,readMyScores> 3.995654365034601E-5
<2141,stu3-15,gradebook3-1,readMyScores> 2.2692397198093872E-5
<2142,admissions0-1,stu3-16application3-16,read> 4.147830277999162E-5
<2143,registrar0-1,transcript1-16,read> 3.788352733469381E-5
<2144,admissions4-0,stu4-10application4-10,setStatus> 3.390049563590189E-5
<2145,registrar2-1,transcript2-15,read> 3.6469246627174274E-4
<2146,registrar2-0,roster5-3,read> 1.2182401698657673E-4
<2147,admissions0-0,stu1-9application1-9,read> 1.8132812585926802E-4
<2148,admissions2-0,stu1-14application1-14,read> 1.712488760165401E-4
<2149,admissions4-0,stu2-17application2-17,setStatus> 1.234035785071262E-4
<2150,stu3-16,gradebook3-1,readMyScores> 2.2824714382922406E-5
<2151,registrar2-0,roster0-1,read> 2.0538389190480024E-4
<2152,stu3-16,gradebook3-2,readMyScores> 2.81986008774481E-5
<2153,stu3-16,gradebook3-4,readMyScores> 3.490577788527166E-5
<2154,admissions4-0,stu0-9application0-9,setStatus> 1.262907747287786E-4
<2155,stu3-16,gradebook3-9,readMyScores> 5.6162321155269054E-5
<2156,registrar4-1,roster3-1,write> 1.1110271982800983E-4
<2157,registrar4-1,roster3-2,write> 1.097200569937489E-4
<2158,admissions0-0,stu3-16application3-16,read> 4.16191459133702E-5
<2159,admissions0-0,stu2-13application2-13,setStatus> 1.3752998483164842E-4
<2160,registrar4-1,roster3-3,write> 1.1386804549653171E-4
<2161,admissions0-0,stu0-11application0-11,read> 2.0043362739033093E-4
<2162,registrar4-1,roster3-4,write> 1.1179405124514031E-4
<2163,admissions0-1,application5-1,read> 2.2415142584214243E-4
<2164,admissions0-0,stu2-18application2-18,setStatus> 2.046977636517916E-4
<2165,registrar4-1,roster3-7,write> 1.1663337116505363E-4
<2166,registrar4-1,roster3-9,write> 1.1801603399931456E-4
<2167,admissions0-1,stu1-9application1-9,read> 1.8071449429967658E-4
<2168,admissions4-1,stu2-17application2-17,setStatus> 1.2438491909167593E-4
<2169,stu3-17,gradebook3-6,readMyScores> 2.5110734005833075E-5
<2170,admissions4-0,stu2-1application2-1,setStatus> 1.2975541019476147E-4
<2171,stu3-17,gradebook3-5,readMyScores> 2.499805809829501E-5
<2172,admissions2-1,application5-4,read> 1.8722737375428928E-4
<2173,stu3-17,gradebook3-3,readMyScores> 4.158742298301319E-5
<2174,stu3-17,gradebook3-7,readMyScores> 3.521481812383595E-5
<2175,admissions2-1,stu3-9application3-9,read> 7.988015544365324E-5
<2176,admissions2-0,stu2-18application2-18,setStatus> 1.728327987516819E-4
<2177,stu1-10,gradebook1-4,addScore> 6.928917057151598E-5
<2178,stu0-15,stu0-15application0-15,checkStatus> 0.0014581004610023168
<2179,stu3-10,gradebook3-1,readMyScores> 2.1766176904294122E-5
<2180,admissions4-1,stu2-10application2-10,setStatus> 1.412638240805249E-4
<2181,admissions2-1,stu0-3application0-3,setStatus> 8.689154787928337E-5
<2182,stu5-4,gradebook5-4,readMyScores> 1.341127278089579E-4
<2183,admissions4-1,stu4-10application4-10,setStatus> 3.417008208231066E-5
<2184,admissions0-1,stu1-13application1-13,read> 1.4322782735206913E-4
<2185,admissions2-0,stu4-10application4-10,setStatus> 3.3630909189493144E-5
<2186,admissions2-1,stu4-13application4-13,read> 1.745408843175778E-4
<2187,stu3-10,gradebook3-5,readMyScores> 2.3037426090585598E-5
<2188,stu3-10,gradebook3-4,readMyScores> 3.328695920073732E-5
<2189,admissions0-1,stu2-12application2-12,read> 6.289925532148162E-5
<2190,admissions2-0,stu1-3application1-3,setStatus> 1.585116166979588E-4
<2191,admissions0-1,application4-0,read> 1.6048359467715824E-4
<2192,registrar2-0,transcript2-15,read> 3.630752047805155E-4
<2193,admissions2-1,stu1-17application1-17,setStatus> 6.637580884264321E-5
<2194,admissions4-1,stu0-9application0-9,setStatus> 1.272950751242361E-4
<2195,registrar0-0,transcript5-9,read> 3.097017843339483E-4
<2196,stu1-7,stu1-7application1-7,checkStatus> 3.8173003053640293E-4
<2197,registrar0-0,transcript3-17,read> 3.5946834250840894E-4
<2198,fac4-4,gradebook4-8,assignGrade> 4.936284116763799E-4
<2199,admissions0-1,stu1-10application1-10,setStatus> 1.465309003686467E-4
<2200,admissions2-1,stu5-16application5-16,read> 1.272105198806155E-4
<2201,admissions0-0,application1-1,setStatus> 2.829753644737514E-5
<2202,admissions2-1,stu1-2application1-2,setStatus> 1.7339033949322568E-4
<2203,stu0-1,stu0-1application0-1,checkStatus> 1.8996288487868262E-4
<2204,admissions0-0,application1-2,setStatus> 2.9654461272024494E-5
<2205,admissions0-0,application1-4,setStatus> 1.9477525087154316E-5
<2206,registrar4-0,roster4-3,read> 1.7007617440347212E-4
<2207,admissions0-1,stu2-10application2-10,setStatus> 1.6411122758072818E-4
<2208,admissions0-0,stu3-11application3-11,read> 1.4729645125706215E-4
<2209,admissions2-1,stu4-10application4-10,setStatus> 3.255256340385809E-5
<2210,stu3-10,stu3-10application3-10,checkStatus> 6.291715088044291E-4
<2211,registrar4-0,roster4-1,read> 1.6820420550382373E-4
<2212,stu3-11,gradebook3-7,readMyScores> 3.205830781581703E-5
<2213,registrar4-0,roster4-7,read> 1.335727808603284E-4
<2214,stu3-11,gradebook3-9,readMyScores> 5.290653442163026E-5
<2215,admissions0-0,stu1-1application1-1,read> 2.3446530199253685E-4
<2216,registrar4-0,roster4-5,read> 1.2889285861120744E-4
<2217,registrar4-0,roster4-4,read> 1.3076482751085583E-4
<2218,registrar4-0,roster1-9,write> 1.8631763184530798E-4
<2219,admissions4-0,stu2-13application2-13,setStatus> 1.1705174681949093E-4
<2220,stu3-12,gradebook3-2,readMyScores> 2.6236959077277795E-5
<2221,stu3-12,gradebook3-4,readMyScores> 3.2477549858470145E-5
<2222,admissions0-0,stu2-12application2-12,read> 6.311283513581601E-5
<2223,admissions4-0,stu4-6application4-6,read> 5.981308172523216E-5
<2224,admissions2-0,stu2-6application2-6,setStatus> 1.6023015854440558E-4
<2225,fac4-4,gradebook4-9,addScore> 5.108501819616171E-4
<2226,admissions0-0,application1-0,setStatus> 2.6940611622725783E-5
<2227,admissions0-1,application1-4,setStatus> 1.941161129667326E-5
<2228,admissions0-1,application1-2,setStatus> 2.9554107765181776E-5
<2229,admissions2-0,stu5-16application5-16,read> 1.3142453296154685E-4
<2230,admissions0-1,application1-3,setStatus> 3.0230274196415678E-5
<2231,stu3-12,gradebook3-7,readMyScores> 3.1663744027314665E-5
<2232,registrar4-1,roster4-4,read> 1.328040450938711E-4
<2233,admissions4-1,stu1-1application1-1,read> 2.0114028445045038E-4
<2234,registrar0-0,transcript4-5,read> 2.1535268446153322E-4
<2235,registrar4-1,roster4-3,read> 1.7272843443315593E-4
<2236,registrar4-1,roster4-6,read> 1.3850752928519752E-4
<2237,registrar4-1,roster4-5,read> 1.3090288369676235E-4
<2238,registrar4-0,roster4-8,read> 1.2327695191226222E-4
<2239,registrar4-0,roster4-9,read> 1.2046899856278961E-4
<2240,stu3-13,gradebook3-2,readMyScores> 2.8362071027462297E-5
<2241,admissions4-0,stu3-6application3-6,setStatus> 2.1637129684433344E-4
<2242,stu4-6,stu4-6application4-6,checkStatus> 7.281481001116396E-4
<2243,stu3-13,gradebook3-4,readMyScores> 3.5108130220838456E-5
<2244,admissions0-0,stu3-11application3-11,setStatus> 1.6738233097393429E-4
<2245,admissions0-0,stu5-16application5-16,setStatus> 1.768808047464798E-4
<2246,admissions4-0,stu2-10application2-10,setStatus> 1.401493165927101E-4
<2247,admissions2-0,stu0-3application0-3,setStatus> 8.976994284008778E-5
<2248,admissions4-1,stu4-13application4-13,setStatus> 2.081974128294089E-4
<2249,admissions0-1,application1-1,setStatus> 2.8201774902713973E-5
<2250,admissions0-1,application1-0,setStatus> 2.6849442040246166E-5
<2251,admissions4-1,stu0-1application0-1,setStatus> 1.787320829997371E-5
<2252,admissions0-1,stu1-10application1-10,read> 1.2894719232440908E-4
<2253,registrar2-0,transcript4-19,read> 3.9425353205099523E-4
<2254,admissions2-0,stu2-12application2-12,read> 5.32881636764335E-5
<2255,registrar2-0,transcript4-18,read> 3.9532864678446E-4
<2256,registrar2-0,transcript4-17,read> 3.921033025840656E-4
<2257,registrar4-0,transcript2-17,read> 4.221977354165014E-4
<2258,stu4-16,transcript4-16,read> 0.0018650325364616882
<2259,registrar4-0,transcript2-16,read> 4.1851265395814426E-4
<2260,registrar4-0,transcript2-15,read> 4.1482757249978715E-4
<2261,registrar2-0,transcript4-14,read> 3.910281878506007E-4
<2262,registrar4-0,transcript2-14,read> 4.135992120136681E-4
<2263,admissions4-0,stu0-6application0-6,read> 5.62560559801564E-5
<2264,registrar0-1,transcript1-3,read> 3.2168747785566907E-4
<2265,admissions4-0,stu0-11application0-11,setStatus> 1.9385116631544466E-4
<2266,admissions0-1,stu0-0application0-0,setStatus> 1.6343506114949426E-4
<2267,admissions2-0,stu4-0application4-0,read> 5.9841536584217195E-5
<2268,registrar4-0,roster1-5,read> 2.496348526385291E-4
<2269,registrar2-1,roster2-7,read> 1.5116688621775315E-4
<2270,admissions2-1,stu5-16application5-16,setStatus> 1.445574089552449E-4
<2271,admissions2-0,stu4-19application4-19,setStatus> 7.258452437562006E-5
<2272,admissions4-1,stu3-10application3-10,read> 5.2093733086848744E-5
<2273,admissions2-1,stu1-10application1-10,read> 1.0574107621848827E-4
<2274,admissions2-1,stu5-18application5-18,read> 1.1110843713402008E-4
<2275,admissions0-1,stu1-8application1-8,setStatus> 1.7290139118676887E-4
<2276,stu5-9,gradebook5-2,readMyScores> 4.595740500527468E-5
<2277,registrar4-1,transcript2-14,read> 4.200491022594953E-4
<2278,registrar4-1,transcript2-11,read> 4.150590374386919E-4
<2279,registrar2-1,transcript4-12,read> 3.8953025052615377E-4
<2280,registrar2-1,transcript4-10,read> 3.65772369934978E-4
<2281,stu5-9,gradebook5-8,readMyScores> 5.07533682436904E-5
<2282,stu1-2,transcript1-2,read> 0.0015845445624239273
<2283,admissions2-1,stu5-3application5-3,read> 1.4184877692297493E-4
<2284,registrar2-1,transcript3-13,read> 3.7981111755703645E-4
<2285,registrar2-1,transcript4-19,read> 3.960096725055654E-4
<2286,registrar4-1,transcript2-19,read> 4.337717805167043E-4
<2287,admissions4-1,stu1-3application1-3,read> 1.41726538889702E-4
<2288,stu4-17,gradebook4-6,addScore> 3.5451971394422684E-4
<2289,registrar2-1,transcript4-16,read> 3.9492976884233016E-4
<2290,registrar4-1,transcript2-18,read> 4.3127674810630273E-4
<2291,admissions0-0,stu2-3application2-3,setStatus> 8.664530390729752E-5
<2292,registrar2-1,transcript4-17,read> 3.9384986517909486E-4
<2293,registrar4-1,transcript2-17,read> 4.28781715695901E-4
<2294,stu1-15,gradebook1-4,readScore> 2.462793843870484E-5
<2295,admissions2-1,stu4-19application4-19,setStatus> 7.025716487660219E-5
<2296,admissions4-0,stu3-5application3-5,setStatus> 1.257133354844481E-4
<2297,admissions2-0,stu5-16application5-16,setStatus> 1.49346060183576E-4
<2298,admissions2-0,stu5-18application5-18,read> 1.1478904788794207E-4
<2299,admissions2-1,stu0-2application0-2,setStatus> 9.264427200104394E-6
<2300,registrar0-1,transcript0-16,read> 3.309756071454463E-4
<2301,admissions2-0,stu5-10application5-10,setStatus> 2.0548509383417065E-4
<2302,stu5-8,gradebook5-2,readMyScores> 4.628276716460406E-5
<2303,fac0-1,gradebook0-3,changeScore> 3.45727105017338E-4
<2304,stu5-8,gradebook5-6,readMyScores> 6.111084481765557E-5
<2305,admissions4-1,stu3-5application3-5,setStatus> 1.2671304391772406E-4
<2306,registrar0-1,transcript1-1,read> 2.721507883101897E-4
<2307,admissions4-1,application5-2,setStatus> 2.2042006816616155E-4
<2308,registrar0-1,transcript1-7,read> 3.175594203935457E-4
<2309,registrar0-1,transcript1-9,read> 3.154953916624841E-4
<2310,fac1-1,gradebook1-2,assignGrade> 3.267379679960145E-4
<2311,admissions4-1,stu2-9application2-9,read> 1.8270153582814917E-4
<2312,registrar0-1,transcript1-5,read> 3.196234491246073E-4
<2313,fac2-1,roster2-3,read> 0.0014160010735234025
<2314,stu5-7,gradebook5-6,readMyScores> 5.810363277038958E-5
<2315,stu5-7,gradebook5-7,readMyScores> 5.865479415124849E-5
<2316,admissions4-0,stu1-16application1-16,read> 1.1266032136635763E-4
<2317,registrar2-1,transcript0-7,read> 1.2387394937027856E-4
<2318,registrar0-1,roster4-5,write> 7.87564374431053E-5
<2319,registrar0-0,transcript1-0,read> 2.7548727558900657E-4
<2320,admissions0-0,stu0-0application0-0,setStatus> 1.6399001891231085E-4
<2321,admissions2-1,stu4-0application4-0,read> 5.792276988011404E-5
<2322,registrar0-0,transcript1-8,read> 3.159226041057558E-4
<2323,admissions0-0,stu3-18application3-18,read> 1.8849268893341667E-4
<2324,registrar0-1,transcript3-10,read> 3.67096109939025E-4
<2325,admissions2-0,stu4-11application4-11,read> 1.7881046014090593E-4
<2326,registrar0-0,transcript1-6,read> 3.179962106963584E-4
<2327,registrar0-0,transcript1-2,read> 3.2214342387756347E-4
<2328,fac0-4,gradebook0-8,assignGrade> 1.0421737642219399E-4
<2329,registrar0-0,transcript1-3,read> 3.231802271728647E-4
<2330,stu5-6,gradebook5-5,readMyScores> 4.875800474001058E-5
<2331,admissions2-0,stu2-7application2-7,read> 9.311250673142676E-5
<2332,admissions2-0,stu5-3application5-3,read> 1.4654770121027847E-4
<2333,registrar2-0,transcript4-10,read> 3.641503195139802E-4
<2334,stu5-6,gradebook5-1,readMyScores> 7.417233602768572E-5
<2335,registrar2-0,transcript4-11,read> 3.673756637143747E-4
<2336,registrar4-0,transcript2-11,read> 4.0868577006919184E-4
<2337,stu5-6,gradebook5-2,readMyScores> 4.449327528829249E-5
<2338,registrar2-0,transcript4-12,read> 3.8780284365020625E-4
<2339,admissions4-1,stu1-16application1-16,read> 1.1355622849451952E-4
<2340,admissions4-0,stu3-16application3-16,setStatus> 4.025232732353717E-5
<2341,stu3-18,gradebook3-7,readMyScores> 3.5412100018087134E-5
<2342,admissions2-0,stu0-16application0-16,read> 1.2033420957914369E-4
<2343,registrar2-1,transcript0-8,read> 1.2171414204380802E-4
<2344,stu3-18,gradebook3-2,readMyScores> 2.934289192754745E-5
<2345,registrar2-1,transcript0-9,read> 1.2603375669674907E-4
<2346,registrar4-0,roster2-5,read> 1.260849052617348E-4
<2347,registrar2-1,transcript0-6,read> 1.1847443105410223E-4
<2348,registrar2-1,transcript0-0,read> 1.9298778381733551E-4
<2349,stu5-5,gradebook5-1,readMyScores> 7.498592655084133E-5
<2350,registrar2-1,transcript0-5,read> 1.2063423838057277E-4
<2351,registrar4-0,roster3-9,write> 1.1620388760393162E-4
<2352,registrar4-1,transcript3-3,read> 9.195234029167764E-5
<2353,fac4-3,gradebook4-6,readScore> 2.2169099272858388E-4
<2354,registrar2-1,transcript0-4,read> 1.1523472006439646E-4
<2355,registrar4-0,roster3-8,write> 1.155231716404231E-4
<2356,admissions2-1,stu3-17application3-17,setStatus> 1.5731043592396717E-4
<2357,registrar4-0,roster1-3,read> 2.4589091483923233E-4
<2358,registrar4-0,roster3-7,write> 1.1484245567691459E-4
<2359,admissions2-1,stu1-13application1-13,setStatus> 1.3346782028679076E-4
<2360,admissions0-1,stu5-2application5-2,setStatus> 1.9251021769255207E-4
<2361,admissions0-1,application3-4,read> 1.4739301256846992E-4
<2362,registrar2-1,transcript0-3,read> 1.1631462372763172E-4
<2363,stu5-5,gradebook5-5,readMyScores> 4.929282746110758E-5
<2364,admissions0-0,application2-2,setStatus> 7.104066842382989E-5
<2365,admissions4-0,stu5-15application5-15,read> 4.101165992983175E-5
<2366,registrar2-1,transcript0-2,read> 1.8866816916439445E-4
<2367,registrar4-0,roster3-5,write> 1.1348102374989758E-4
<2368,registrar4-0,roster3-4,write> 1.1007744393235507E-4
<2369,admissions4-0,stu5-17application5-17,setStatus> 1.453462697916844E-4
<2370,registrar4-0,roster3-6,write> 1.1416173971340608E-4
<2371,admissions2-1,stu1-17application1-17,read> 5.8410711781526024E-5
<2372,registrar4-0,roster3-1,write> 1.0939672796884653E-4
<2373,registrar4-1,transcript3-11,read> 4.4125687774790935E-4
<2374,registrar4-0,roster3-3,write> 1.1211959182288057E-4
<2375,admissions4-1,stu2-9application2-9,setStatus> 2.0761538162289677E-4
<2376,registrar4-0,roster3-2,write> 1.0803529604182952E-4
<2377,admissions4-1,stu3-16application3-16,setStatus> 4.057242535394304E-5
<2378,stu3-19,gradebook3-6,readMyScores> 2.482938124386296E-5
<2379,admissions4-1,stu2-16application2-16,read> 1.048490416450995E-4
<2380,stu3-19,gradebook3-8,readMyScores> 4.19521516003385E-5
<2381,admissions4-0,stu1-3application1-3,read> 1.4060838079195284E-4
<2382,registrar2-0,transcript0-5,read> 1.2009927501746601E-4
<2383,registrar2-0,transcript0-6,read> 1.1794904555053636E-4
<2384,fac1-0,gradebook1-1,assignGrade> 3.224587258503641E-4
<2385,registrar2-0,transcript0-7,read> 1.2332461921786046E-4
<2386,stu2-17,gradebook2-1,readMyScores> 9.074624520839913E-5
<2387,stu3-19,gradebook3-3,readMyScores> 4.1121457459394E-5
<2388,registrar2-0,transcript0-8,read> 1.2117438975093082E-4
<2389,admissions2-0,application5-4,read> 1.9342952278134649E-4
<2390,registrar2-0,transcript0-9,read> 1.254748486847901E-4
<2391,stu4-13,gradebook4-3,addScore> 8.335328743159308E-5
<2392,registrar2-0,transcript0-0,read> 1.92131962159609E-4
<2393,registrar2-0,transcript0-3,read> 1.1579881608360673E-4
<2394,stu0-9,transcript0-9,read> 5.95186981272552E-4
<2395,stu5-4,gradebook5-7,readMyScores> 6.060633998252848E-5
<2396,stu1-19,gradebook1-4,addScore> 6.074248873890608E-5
<2397,admissions2-0,stu1-9application1-9,read> 1.531010741180622E-4
<2398,admissions0-0,application1-3,read> 2.6692972842227272E-5
<2399,admissions0-0,application1-4,read> 1.7140222076695797E-5
<2400,admissions0-0,application1-1,read> 2.490183207369012E-5
<2401,admissions0-0,application1-2,read> 2.6095925919381555E-5
<2402,admissions0-0,application1-0,read> 2.3707738227998688E-5
<2403,admissions2-0,stu0-8application0-8,read> 1.460435956019874E-4
<2404,admissions4-0,stu5-4application5-4,setStatus> 7.201148576171354E-5
<2405,stu5-3,gradebook5-2,readMyScores> 4.189037801365746E-5
<2406,admissions4-1,stu3-12application3-12,read> 7.206904409434176E-5
<2407,stu5-3,gradebook5-8,readMyScores> 4.626191972654966E-5
<2408,registrar4-1,transcript0-7,read> 1.4310050470491158E-4
<2409,stu5-3,gradebook5-5,readMyScores> 4.590561689415986E-5
<2410,admissions2-1,stu5-11application5-11,read> 1.0378930861284035E-4
<2411,stu2-1,gradebook2-8,readMyScores> 2.0984383739522277E-4
<2412,admissions0-1,application1-4,read> 1.7082217941072466E-5
<2413,registrar2-1,transcript3-18,read> 3.722517919143895E-4
<2414,admissions0-1,application1-0,read> 2.3627508995416625E-5
<2415,admissions0-1,application1-1,read> 2.4817561914388293E-5
<2416,admissions0-1,application1-2,read> 2.600761483335996E-5
<2417,admissions4-1,stu0-6application0-6,read> 5.670342024242405E-5
<2418,admissions0-1,application1-3,read> 2.6602641292845796E-5
<2419,fac4-2,gradebook4-5,addScore> 3.3164773508955776E-4
<2420,admissions2-1,stu5-0application5-0,read> 1.1891550755661181E-4
<2421,admissions2-0,stu5-17application5-17,setStatus> 1.4419043464423568E-4
<2422,admissions4-0,stu4-11application4-11,setStatus> 2.0482251195772384E-4
<2423,admissions2-1,application5-2,read> 1.847876642472294E-4
<2424,admissions2-1,stu0-16application0-16,read> 1.164757980495519E-4
<2425,registrar4-1,transcript4-19,read> 4.574745884155201E-4
<2426,stu5-2,gradebook5-2,readMyScores> 4.254110233231621E-5
<2427,stu4-11,gradebook4-5,addScore> 1.9352442207743072E-4
<2428,admissions0-0,stu1-8application1-8,setStatus> 1.7348849268485636E-4
<2429,admissions4-0,stu3-12application3-12,read> 7.150045203048106E-5
<2430,stu5-2,gradebook5-9,readMyScores> 9.230534170815421E-5
<2431,admissions2-0,stu1-17application1-17,read> 6.0345642192508256E-5
<2432,admissions4-0,stu5-15application5-15,setStatus> 4.6604159011172444E-5
<2433,registrar4-1,transcript1-3,read> 3.8886119712947464E-4
<2434,admissions4-0,stu3-19application3-19,read> 1.538201907022342E-4
<2435,admissions2-1,stu4-18application4-18,setStatus> 1.0927865500372516E-5
<2436,admissions2-1,stu3-3application3-3,read> 1.8137207093734547E-4
<2437,registrar4-1,transcript1-0,read> 3.314754516902365E-4
<2438,registrar4-1,transcript1-1,read> 3.2898041927983485E-4
<2439,admissions2-0,application2-4,read> 5.832921975934404E-5
<2440,registrar2-1,roster1-1,write> 1.6080748043766514E-4
<2441,admissions2-1,stu4-5application4-5,read> 7.548867833094539E-5
<2442,admissions2-0,stu2-9application2-9,read> 1.79818671357488E-4
<2443,registrar4-1,roster0-3,read> 2.402196640305184E-4
<2444,admissions2-0,application2-1,read> 5.227995245985139E-5
<2445,registrar4-1,transcript1-7,read> 3.8387113230867133E-4
<2446,registrar4-1,roster1-8,write> 1.8853183854662287E-4
<2447,admissions2-0,application2-0,read> 5.177584685156034E-5
<2448,admissions2-0,application2-3,read> 5.732100854276193E-5
<2449,registrar2-0,transcript3-11,read> 3.802770405159526E-4
<2450,admissions4-1,stu5-4application5-4,setStatus> 7.258414171210492E-5
<2451,registrar0-1,roster4-4,write> 7.990025257087204E-5
<2452,registrar4-1,transcript1-9,read> 3.813760998982696E-4
<2453,stu2-2,gradebook2-4,readMyScores> 1.611531151561836E-4
<2454,admissions2-0,application2-2,read> 5.278405806814244E-5
<2455,admissions4-0,stu0-10application0-10,setStatus> 2.2503288550929063E-4
<2456,registrar4-0,transcript1-5,read> 3.8043347888845375E-4
<2457,fac2-0,gradebook2-1,assignGrade> 7.931753618719076E-4
<2458,admissions2-1,application2-0,read> 5.011569945752233E-5
<2459,chair1,transcript1-11,read> 2.4016886939183982E-4
<2460,registrar4-0,transcript1-2,read> 3.816618393745728E-4
<2461,registrar4-0,transcript1-3,read> 3.8289019986069195E-4
<2462,registrar0-0,roster5-4,read> 1.1669282738088032E-4
<2463,admissions4-1,stu5-5application5-5,setStatus> 1.0226773324421863E-4
<2464,registrar4-0,transcript1-9,read> 3.7552003694397756E-4
<2465,admissions2-1,application2-4,read> 5.64589441758781E-5
<2466,admissions2-1,application2-3,read> 5.5483060373054135E-5
<2467,admissions2-1,stu2-15application2-15,setStatus> 3.9206316604930577E-5
<2468,registrar4-0,transcript1-7,read> 3.7797675791621566E-4
<2469,admissions2-1,application2-2,read> 5.1091583260346294E-5
<2470,admissions2-1,application2-1,read> 5.0603641358934314E-5
<2471,admissions0-1,stu3-14application3-14,setStatus> 1.5734956326838917E-4
<2472,admissions0-1,stu0-19application0-19,setStatus> 1.3368373817520258E-4
<2473,admissions4-1,stu3-9application3-9,read> 8.384935571414532E-5
<2474,admissions4-0,stu0-13application0-13,setStatus> 1.9038653084946184E-4
<2475,admissions2-0,application4-1,read> 1.4251485634395004E-4
<2476,admissions4-0,stu5-5application5-5,setStatus> 1.0146088722256798E-4
<2477,stu3-8,gradebook3-4,readMyScores> 5.372454509298334E-5
<2478,stu3-8,gradebook3-1,readMyScores> 3.513021257197623E-5
<2479,admissions2-0,stu0-19application0-19,read> 9.966587963921045E-5
<2480,admissions4-1,stu1-18application1-18,read> 1.1458060341798071E-4
<2481,stu3-8,gradebook3-2,readMyScores> 4.340132482876795E-5
<2482,admissions4-0,stu2-13application2-13,read> 1.0300553720115202E-4
<2483,registrar2-1,transcript2-19,read> 3.7549150290409525E-4
<2484,admissions0-0,stu0-19application0-19,setStatus> 1.3413767277002499E-4
<2485,admissions4-1,stu5-10application5-10,setStatus> 2.0877944403592088E-4
<2486,registrar2-0,transcript1-0,read> 2.8566694397104837E-4
<2487,admissions4-0,stu3-9application3-9,read> 8.318782233572995E-5
<2488,admissions2-0,stu3-3application3-3,read> 1.8738025548185384E-4
<2489,stu3-9,gradebook3-2,readMyScores> 4.291091437872537E-5
<2490,admissions2-0,stu4-18application4-18,setStatus> 1.1289865185685063E-5
<2491,stu3-9,gradebook3-5,readMyScores> 3.676185014455149E-5
<2492,admissions4-1,stu2-13application2-13,read> 1.0382466672163832E-4
<2493,stu3-6,gradebook3-1,readMyScores> 3.420399227817648E-5
<2494,registrar4-1,transcript5-12,read> 3.706162726284125E-5
<2495,admissions2-1,stu5-10application5-10,read> 1.7502882621898974E-4
<2496,registrar0-0,transcript2-8,read> 1.977270284414118E-4
<2497,registrar4-1,transcript0-16,read> 4.00088842976282E-4
<2498,registrar4-1,transcript5-10,read> 3.95566596732429E-5
<2499,registrar0-0,transcript2-7,read> 1.9876383173671303E-4
<2500,admissions4-1,stu3-1application3-1,read> 1.6477497466757852E-4
<2501,registrar4-1,transcript5-11,read> 3.456659485243959E-5
<2502,admissions4-0,stu0-10application0-10,read> 1.9802893924817573E-4
<2503,registrar0-0,transcript2-2,read> 1.9980063503201434E-4
<2504,registrar4-1,transcript5-16,read> 2.8329013826435452E-5
<2505,registrar4-1,roster2-9,read> 1.7748133792592794E-4
<2506,registrar0-0,transcript2-1,read> 2.0083743832731557E-4
<2507,registrar4-1,transcript5-17,read> 2.7081497621234628E-5
<2508,admissions2-0,stu0-5application0-5,setStatus> 1.8486259167680937E-4
<2509,registrar0-0,transcript2-4,read> 2.0187424162261688E-4
<2510,registrar4-1,transcript5-14,read> 3.2071562442037936E-5
<2511,registrar4-1,transcript5-15,read> 3.082404623683711E-5
<2512,stu2-10,gradebook2-3,readMyScores> 2.3296573412652272E-4
<2513,registrar4-0,transcript5-19,read> 2.2980577427810536E-5
<2514,registrar4-0,transcript5-18,read> 2.5437298400048635E-5
<2515,registrar4-0,transcript5-17,read> 2.666565888616768E-5
<2516,admissions4-1,application4-3,read> 1.4684841350700786E-4
<2517,stu5-18,transcript5-18,read> 1.0560797204300546E-4
<2518,admissions2-1,stu3-15application3-15,setStatus> 1.5620147705712174E-4
<2519,registrar4-1,roster2-7,write> 1.270033424220107E-4
<2520,admissions2-0,stu3-9application3-9,setStatus> 9.377987381513026E-5
<2521,stu1-3,gradebook1-9,readMyScores> 4.942805183379749E-5
<2522,admissions4-1,stu4-9application4-9,read> 1.2277560280567014E-4
<2523,stu2-19,gradebook2-4,readScore> 3.054080610814315E-4
<2524,admissions0-1,stu5-0application5-0,read> 1.4501290673052663E-4
<2525,stu3-7,gradebook3-5,readMyScores> 3.5641488997288963E-5
<2526,stu3-7,gradebook3-4,readMyScores> 5.1498669401748625E-5
<2527,stu3-7,gradebook3-6,readMyScores> 3.5802138960697584E-5
<2528,registrar0-1,transcript2-8,read> 1.968137396264399E-4
<2529,registrar4-0,transcript3-15,read> 4.2956789833321576E-4
<2530,registrar4-1,transcript3-10,read> 4.4375191015831096E-4
<2531,registrar4-0,transcript5-10,read> 3.894926374735817E-5
<2532,registrar0-1,transcript2-7,read> 1.978457539919707E-4
<2533,admissions2-0,stu5-10application5-10,read> 1.8082688257407018E-4
<2534,registrar4-0,transcript5-12,read> 3.649254277512007E-5
<2535,admissions4-0,stu5-18application5-18,read> 1.1570920057642255E-4
<2536,registrar0-1,transcript2-5,read> 1.9578172526090907E-4
<2537,registrar4-0,transcript5-13,read> 3.2807461316762926E-5
<2538,registrar4-0,transcript5-14,read> 3.157910083064388E-5
<2539,admissions2-1,stu3-13application3-13,setStatus> 1.3180438198652264E-4
<2540,registrar4-1,roster1-5,write> 1.8438385004384002E-4
<2541,registrar0-1,transcript2-3,read> 2.0197381145409398E-4
<2542,admissions2-1,stu3-18application3-18,setStatus> 1.750537777934938E-4
<2543,registrar0-1,transcript5-4,read> 3.0517524800717586E-4
<2544,registrar4-0,transcript5-15,read> 3.035074034452483E-5
<2545,stu2-11,gradebook2-5,readMyScores> 1.7195227875988983E-4
<2546,registrar4-1,transcript3-9,read> 8.446724306047268E-5
<2547,registrar0-1,transcript2-2,read> 1.9887776835750154E-4
<2548,admissions4-1,stu2-5application2-5,setStatus> 1.5756069786286187E-4
<2549,registrar4-0,transcript5-16,read> 2.789401937228673E-5
<2550,admissions4-0,stu0-7application0-7,read> 1.0961144215629269E-4
<2551,stu2-10,gradebook2-7,readMyScores> 1.4488651463206146E-4
<2552,admissions4-1,stu3-19application3-19,setStatus> 1.7618569647124695E-4
<2553,admissions2-1,stu1-4application1-4,read> 1.896670832613492E-4
<2554,admissions4-0,application4-0,read> 1.3705135504687708E-4
<2555,admissions4-0,stu4-9application4-9,read> 1.2180695899655242E-4
<2556,admissions4-0,application4-1,read> 1.4365726000201774E-4
<2557,registrar4-0,transcript3-1,read> 8.808368319212012E-5
<2558,stu3-4,gradebook3-4,readMyScores> 5.6152773119784846E-5
<2559,registrar2-1,roster0-1,read> 2.0629874220281716E-4
<2560,fac2-3,gradebook2-7,assignGrade> 8.167111936729848E-4
<2561,admissions4-0,application5-1,setStatus> 2.1752617533299436E-4
<2562,registrar2-0,roster0-8,write> 1.642649115668108E-4
<2563,stu3-4,gradebook3-3,readMyScores> 6.465271640216337E-5
<2564,registrar2-0,roster0-7,write> 1.5413644187975339E-4
<2565,registrar2-0,roster0-6,write> 1.5473223421428618E-4
<2566,registrar4-0,transcript2-3,read> 2.4040038347088215E-4
<2567,registrar2-0,roster0-5,write> 1.529448572106878E-4
<2568,registrar2-0,roster0-4,write> 1.5354064954522059E-4
<2569,admissions2-1,stu5-18application5-18,setStatus> 1.2625958765229557E-4
<2570,stu3-4,gradebook3-8,readMyScores> 6.59587652639883E-5
<2571,registrar0-0,transcript0-16,read> 3.3251145683057604E-4
<2572,registrar2-0,roster0-9,write> 1.6545649623587633E-4
<2573,admissions4-0,stu3-19application3-19,setStatus> 1.7479567125253887E-4
<2574,registrar4-0,transcript2-5,read> 2.3303022055416788E-4
<2575,admissions0-0,stu0-10application0-10,setStatus> 2.644024559363633E-4
<2576,fac5-4,gradebook5-8,changeScore> 3.936546170486225E-4
<2577,stu3-5,gradebook3-2,readMyScores> 4.487255617889568E-5
<2578,registrar4-1,transcript2-3,read> 2.4414931732617855E-4
<2579,stu3-5,gradebook3-5,readMyScores> 3.8442391865445274E-5
<2580,registrar4-1,transcript2-2,read> 2.404067687105761E-4
<2581,registrar4-1,transcript2-1,read> 2.416542849157769E-4
<2582,admissions2-0,stu5-18application5-18,setStatus> 1.3044209987266145E-4
<2583,stu3-5,gradebook3-6,readMyScores> 3.861566658039876E-5
<2584,stu3-5,gradebook3-9,readMyScores> 8.937134583838469E-5
<2585,registrar4-1,transcript2-8,read> 2.3791173630017447E-4
<2586,fac5-2,gradebook5-4,assignGrade> 1.9836070362650262E-4
<2587,registrar4-1,transcript2-9,read> 2.478918659417811E-4
<2588,registrar4-1,transcript2-6,read> 2.3541670388977281E-4
<2589,registrar4-1,transcript2-7,read> 2.3915925250537527E-4
<2590,admissions0-0,stu4-16application4-16,setStatus> 2.040193012394669E-4

