<0,fac2-4,gradebook2-9,addScore> 5.358808252062775E-4
<1,registrar4-1,transcript0-14,read> 3.8408562732037495E-4
<2,admissions0-0,stu5-9application5-9,setStatus> 3.295950699055155E-5
<3,fac3-0,roster3-1,read> 0.0016356601676618277
<4,stu3-2,transcript3-2,read> 3.627351288201187E-4
<5,fac4-3,gradebook4-7,assignGrade> 4.617511568897197E-4
<6,app4-4,application4-4,checkStatus> 0.0016604652565789472
<7,fac1-4,roster1-9,read> 0.0027857536015998305
<8,stu2-5,gradebook2-9,readScore> 3.4919074562514315E-4
<9,registrar4-0,transcript4-17,read> 4.208873754723188E-4
<10,stu4-5,transcript4-5,read> 9.951759037800175E-4
<11,stu0-15,stu0-15application0-15,checkStatus> 0.001369877782771927
<12,chair1,transcript1-7,read> 0.0017055600877751305
<13,admissions2-0,stu0-10application0-10,setStatus> 2.0973597267150102E-4
<14,fac2-2,gradebook2-5,assignGrade> 7.753365607342891E-4
<15,admissions0-0,stu4-0application4-0,setStatus> 7.566610428370777E-5
<16,fac3-4,gradebook3-8,changeScore> 4.76777124157272E-4
<17,admissions0-1,stu5-2application5-2,read> 1.591588645361602E-4
<18,fac2-0,roster2-1,read> 0.0014728150796706064
<19,stu1-13,stu1-13application1-13,checkStatus> 0.0013989365301526294
<20,fac2-4,roster2-9,read> 0.0019002834356475627
<21,admissions4-1,stu5-4application5-4,read> 6.0009332058831855E-5
<22,fac4-1,gradebook4-3,changeScore> 0.0012535040475261281
<23,fac1-2,roster1-4,read> 0.0026636197856064144
<24,fac3-2,gradebook3-5,changeScore> 5.105478599559179E-4
<25,stu4-18,transcript4-18,read> 0.0017617707825192887
<26,stu5-13,stu5-13application5-13,checkStatus> 0.002171899210479303
<27,stu1-7,transcript1-7,read> 0.0014742977029920622
<28,stu2-15,gradebook2-5,readScore> 2.818000312698036E-4
<29,registrar2-0,roster0-1,read> 1.9295709588227738E-4
<30,stu4-14,transcript4-14,read> 0.0017426059105508068
<31,stu4-4,transcript4-4,read> 9.903846857878971E-4
<32,registrar4-1,transcript3-18,read> 4.0401022184633975E-4
<33,fac4-2,roster4-5,read> 0.001401570353674447
<34,admissions0-1,stu1-8application1-8,read> 1.4294716107982072E-4
<35,admissions2-0,stu0-15application0-15,read> 1.116325488842467E-4
<36,chair3,transcript3-9,read> 3.7529250408051273E-4
<37,stu4-2,transcript4-2,read> 0.0010143407757484992
<38,admissions2-1,stu0-13application0-13,read> 1.5114452257956407E-4
<39,chair5,transcript5-9,read> 0.0016556750533865822
<40,fac1-3,roster1-7,read> 0.002765397965600928
<41,registrar2-1,transcript4-9,read> 2.06675113514199E-4
<42,registrar0-1,transcript4-13,read> 3.487631702696729E-4
<43,stu3-12,transcript3-12,read> 0.0016899025126374822
<44,stu1-0,stu1-0application1-0,checkStatus> 0.0021428404630986007
<45,stu4-1,transcript4-1,read> 0.0010095495577563788
<46,fac5-4,gradebook5-9,readScore> 4.6045566909675105E-5
<47,fac2-2,gradebook2-4,changeScore> 0.00217657082602245
<48,chair5,transcript5-6,read> 0.0016501322717878547
<49,chair4,transcript4-5,read> 0.001151281927902373
<50,stu0-0,transcript0-0,read> 8.562305820085245E-4
<51,stu2-16,gradebook2-6,readMyScores> 8.865312334094352E-5
<52,admissions4-1,application3-3,read> 1.1967781592354405E-4
<53,stu1-14,stu1-14application1-14,checkStatus> 0.0019742997282905287
<54,admissions4-1,stu2-1application2-1,setStatus> 1.2287395126252168E-4
<55,fac2-3,roster2-7,read> 0.0018697499816492087
<56,chair2,transcript2-15,read> 0.0018718435357369578
<57,registrar0-0,transcript5-6,read> 2.8998914077147997E-4
<58,chair0,transcript0-3,read> 5.970037680296158E-4
<59,app5-1,application5-1,checkStatus> 0.002189334458907724
<60,fac0-1,gradebook0-3,changeScore> 3.248088130633653E-4
<61,stu4-7,gradebook4-5,readMyScores> 1.2435961126376695E-4
<62,chair4,transcript4-4,read> 0.0011457391463036454
<63,registrar0-0,roster4-9,read> 9.553009426339317E-5
<64,stu0-14,stu0-14application0-14,checkStatus> 0.001364066033295787
<65,app0-3,application0-3,checkStatus> 7.189618414442022E-4
<66,stu2-6,stu2-6application2-6,checkStatus> 0.001625594759722105
<67,admissions0-0,application2-4,read> 6.49034043539325E-5
<68,registrar4-1,transcript2-16,read> 3.9932208195787747E-4
<69,stu1-10,stu1-10application1-10,checkStatus> 0.0012594545427252596
<70,fac3-3,gradebook3-6,assignGrade> 1.6625721865156788E-4
<71,registrar0-0,transcript4-18,read> 3.5817413118380834E-4
<72,registrar4-1,transcript2-14,read> 3.946339420694152E-4
<73,registrar0-1,transcript0-5,read> 1.0830928524186185E-4
<74,registrar0-1,transcript0-16,read> 3.1094985770481557E-4
<75,admissions0-0,application5-0,setStatus> 2.3948096255745627E-4
<76,admissions4-1,stu5-11application5-11,setStatus> 1.1631216784631433E-4
<77,stu2-0,stu2-0application2-0,checkStatus> 0.0011606548016308727
<78,registrar2-1,transcript2-11,read> 3.3755385179195727E-4
<79,app5-2,application5-2,checkStatus> 0.0022009579578600048
<80,stu4-5,stu4-5application4-5,checkStatus> 8.991260752045546E-4
<81,stu5-4,stu5-4application5-4,checkStatus> 7.247735909203427E-4
<82,fac0-1,roster0-3,read> 0.002572019423611352
<83,fac2-1,gradebook2-3,changeScore> 0.002182199281988891
<84,stu0-10,stu0-10application0-10,checkStatus> 0.0022648872020975493
<85,stu0-6,transcript0-6,read> 5.256365405522139E-4
<86,fac3-3,roster3-6,read> 0.001706904893657987
<87,app4-2,application4-2,checkStatus> 0.0016314065091982454
<88,admissions0-1,stu5-8application5-8,setStatus> 2.4311732015164234E-4
<89,admissions4-1,stu0-7application0-7,setStatus> 1.1795261370036619E-4
<90,stu2-3,transcript2-3,read> 9.37681287874572E-4
<91,fac0-3,roster0-6,read> 0.0026432641496075115
<92,chair2,transcript2-13,read> 0.001855215190940775
<93,chair4,transcript4-11,read> 0.0018940146621318679
<94,admissions2-0,application4-2,read> 1.3294475549463852E-4
<95,registrar4-0,roster4-8,read> 1.1581805374121126E-4
<96,admissions2-0,application5-0,read> 1.779371916721323E-4
<97,registrar4-0,transcript4-12,read> 4.162712223767695E-4
<98,stu1-15,stu1-15application1-15,checkStatus> 0.0016197830102459645
<99,stu2-14,gradebook2-6,readScore> 1.6443451382209412E-4
<100,app3-3,application3-3,checkStatus> 0.0014454305259617526
<101,registrar2-0,transcript1-6,read> 3.097952570341087E-4
<102,fac3-3,roster3-7,read> 0.0017170827116574383
<103,registrar2-1,transcript5-8,read> 3.04073244325554E-4
<104,stu1-9,stu1-9application1-9,checkStatus> 0.0017650767471494746
<105,registrar2-0,transcript1-8,read> 3.077751276579862E-4
<106,chair0,transcript0-10,read> 0.001799787374953499
<107,admissions0-1,stu4-11application4-11,setStatus> 2.253301846979784E-4
<108,registrar4-1,transcript1-9,read> 3.583008579338323E-4
<109,admissions2-0,application3-1,setStatus> 1.3169885250718762E-4
<110,stu3-17,stu3-17application3-17,checkStatus> 0.0016488417576266665
<111,registrar2-1,transcript5-4,read> 3.0001498887508086E-4
<112,admissions2-1,stu0-13application0-13,setStatus> 1.717551392949592E-4
<113,stu4-6,stu4-6application4-6,checkStatus> 6.840913445873598E-4
<114,admissions0-0,stu4-13application4-13,read> 2.0064664255617956E-4
<115,stu5-9,transcript5-9,read> 0.001431176741062978
<116,stu3-7,stu3-7application3-7,checkStatus> 0.001672088755531228
<117,stu4-11,transcript4-11,read> 0.0016371991147241575
<118,fac5-4,roster5-9,read> 0.0016560158036607305
<119,admissions4-0,stu0-8application0-8,setStatus> 1.5716710693844182E-4
<120,admissions4-1,stu4-4application4-4,read> 1.3218894963711267E-4
<121,admissions2-0,stu5-2application5-2,read> 1.348391738600067E-4
<122,chair4,transcript4-19,read> 0.002032584202100057
<123,registrar2-1,transcript4-4,read> 2.0971880510205383E-4
<124,chair4,transcript4-12,read> 0.001999327512507692
<125,stu4-9,gradebook4-3,readMyScores> 1.5921992996068682E-4
<126,registrar0-0,roster3-9,read> 1.2670339792720032E-4
<127,registrar4-0,roster3-5,read> 1.4659539165409242E-4
<128,fac0-4,roster0-9,read> 0.002826464873597636
<129,fac2-1,gradebook2-2,assignGrade> 7.431739552117691E-4
<130,registrar4-0,transcript2-4,read> 2.247008689114756E-4
<131,registrar0-0,roster3-6,read> 1.2447673337978552E-4
<132,fac2-4,gradebook2-8,readScore> 1.3677032327646756E-4
<133,admissions4-0,application3-2,read> 1.1921101326855057E-4
<134,fac2-2,gradebook2-5,addScore> 7.502234515731469E-4
<135,registrar4-0,transcript3-13,read> 4.058848779117837E-4
<136,fac3-3,gradebook3-7,assignGrade> 1.6826738149672537E-4
<137,registrar2-1,transcript3-12,read> 3.5784512904432294E-4
<138,registrar4-0,transcript4-11,read> 3.943444951729106E-4
<139,fac2-2,gradebook2-5,readScore> 2.763981137374751E-4
<140,registrar2-0,transcript0-11,read> 3.2696635673114927E-4
<141,stu5-6,stu5-6application5-6,checkStatus> 3.470098749712165E-4
<142,fac4-4,roster4-8,read> 0.0013405034456777385
<143,admissions4-1,stu3-15application3-15,read> 1.3555733179076578E-4
<144,app5-3,application5-3,checkStatus> 0.0022125814568122854
<145,registrar4-0,roster1-8,write> 1.744049148396601E-4
<146,stu5-8,transcript5-8,read> 0.0014359679590550986
<147,admissions0-0,stu1-0application1-0,read> 2.0681678974719073E-4
<148,stu0-8,transcript0-8,read> 5.400101945285753E-4
<149,app5-0,application5-0,checkStatus> 0.0021835227094315836
<150,fac2-1,gradebook2-3,addScore> 3.2634974871711595E-4
<151,stu4-3,gradebook4-1,readMyScores> 8.176639745955011E-5
<152,chair4,transcript4-2,read> 0.0011734530542972833
<153,admissions4-1,stu0-11application0-11,setStatus> 1.8357044786243966E-4
<154,registrar4-0,transcript5-1,read> 3.33180466656883E-4
<155,admissions4-0,stu3-7application3-7,read> 1.373522520639649E-4
<156,registrar2-0,roster5-8,write> 8.827626064507167E-5
<157,admissions4-1,stu1-19application1-19,setStatus> 4.8507072545505046E-5
<158,chair2,transcript2-6,read> 0.001045969077526549
<159,fac4-3,roster4-7,read> 0.0014524594436717035
<160,stu3-6,transcript3-6,read> 3.819000007886005E-4
<161,stu3-6,stu3-6application3-6,checkStatus> 0.002177710959955443
<162,registrar0-1,roster1-5,read> 1.9704231395974178E-4
<163,stu1-8,transcript1-8,read> 0.0014599240490157006
<164,stu5-7,gradebook5-1,addScore> 2.0461881349395143E-4
<165,stu4-16,stu4-16application4-16,checkStatus> 0.0017476414987210533
<166,stu3-18,stu3-18application3-18,checkStatus> 0.00183481774086316
<167,stu3-15,stu3-15application3-15,checkStatus> 0.0016372182586743855
<168,registrar2-1,roster0-4,read> 1.9922812489793411E-4
<169,admissions4-1,stu4-3application4-3,read> 1.8800785389764993E-4
<170,registrar2-0,transcript0-13,read> 3.320166801714554E-4
<171,chair1,transcript1-9,read> 0.0016944745245776754
<172,fac2-3,gradebook2-6,changeScore> 0.002165313914089568
<173,stu1-4,stu1-4application1-4,checkStatus> 0.002259075452621409
<174,stu1-3,transcript1-3,read> 0.0014934625749605439
<175,admissions4-0,stu3-8application3-8,setStatus> 1.7181463826249053E-4
<176,registrar2-1,roster4-9,write> 7.236459796395602E-5
<177,fac2-1,gradebook2-3,assignGrade> 7.79356886424604E-4
<178,stu0-19,transcript0-19,read> 0.0015222098829132664
<179,registrar4-1,transcript2-18,read> 4.0518225681845536E-4
<180,registrar0-0,roster1-9,read> 2.0315221405510834E-4
<181,registrar2-0,roster1-9,write> 1.5320654060171094E-4
<182,stu2-8,gradebook2-6,readScore> 2.448012215422173E-4
<183,stu2-8,stu2-8application2-8,checkStatus> 0.0022881342000021106
<184,stu3-1,stu3-1application3-1,checkStatus> 0.0018696882377200017
<185,fac2-1,gradebook2-2,changeScore> 0.0020808870745929534
<186,fac1-0,gradebook1-1,changeScore> 8.482552179423772E-4
<187,admissions2-1,stu0-11application0-11,read> 1.538950358174583E-4
<188,stu2-14,gradebook2-9,readMyScores> 2.2762249210363407E-4
<189,registrar4-0,transcript4-0,read> 2.4201144301978523E-4
<190,fac1-1,gradebook1-3,readScore> 5.337515432988024E-5
<191,stu3-19,stu3-19application3-19,checkStatus> 0.0017592649976733343
<192,fac2-4,gradebook2-8,changeScore> 0.002137171634257363
<193,stu3-10,transcript3-10,read> 0.0017042761666138434
<194,fac0-1,gradebook0-3,addScore> 2.2668535295091802E-4
<195,stu3-13,stu3-13application3-13,checkStatus> 0.0013815012817242078
<196,registrar2-1,roster2-8,read> 1.4356665362491388E-4
<197,registrar0-1,transcript2-11,read> 3.225847231093871E-4
<198,stu4-3,gradebook4-5,readMyScores> 1.1900120790590265E-4
<199,stu0-16,transcript0-16,read> 0.0015365835368896276
<200,registrar4-0,transcript3-10,read> 4.105010310073329E-4
<201,stu0-9,gradebook0-2,readScore> 5.416686049712833E-5
<202,chair2,transcript2-17,read> 0.0019051002253293228
<203,stu2-10,stu2-10application2-10,checkStatus> 0.0014105600291049103
<204,app3-0,application3-0,checkStatus> 0.0014279952775333312
<205,registrar4-0,roster0-2,read> 2.2397841269219374E-4
<206,admissions0-1,stu3-7application3-7,setStatus> 1.8276811057671096E-4
<207,chair5,transcript5-1,read> 0.0016002472373993065
<208,registrar0-1,transcript3-16,read> 3.3809787698214916E-4
<209,chair3,transcript3-7,read> 4.362631016665161E-4
<210,fac2-2,gradebook2-4,addScore> 5.91807707257237E-4
<211,admissions0-1,stu1-15application1-15,read> 1.5580471899346926E-4
<212,fac3-1,roster3-3,read> 0.001676371439659633
<213,admissions0-0,stu0-10application0-10,read> 2.1859616165730307E-4
<214,chair4,transcript4-17,read> 0.002021498638902602
<215,stu4-0,transcript4-0,read> 0.0010047583397642583
<216,stu4-11,stu4-11application4-11,checkStatus> 0.0020614759704326354
<217,stu5-17,stu5-17application5-17,checkStatus> 0.0014628657743901738
<218,fac1-3,gradebook1-6,changeScore> 8.088560261772902E-4
<219,fac3-4,roster3-9,read> 0.001737438347656341
<220,fac5-3,gradebook5-6,changeScore> 5.330616838216818E-4
<221,chair0,transcript0-17,read> 0.001772073466959861
<222,registrar4-0,roster1-8,read> 2.3980675790453263E-4
<223,registrar2-0,transcript2-15,read> 3.411072623640064E-4
<224,admissions4-0,stu2-11application2-11,read> 6.526469790323952E-5
<225,registrar0-0,transcript2-13,read> 3.260297785608535E-4
<226,chair2,transcript2-4,read> 0.0010792257671189147
<227,chair2,transcript2-16,read> 0.0018884718805331402
<228,chair0,transcript0-16,read> 0.0017776162485585885
<229,stu4-0,stu4-0application4-0,checkStatus> 6.899030940635002E-4
<230,stu0-8,stu0-8application0-8,checkStatus> 0.0016837122544835089
<231,registrar2-1,transcript1-8,read> 3.0914606363864546E-4
<232,admissions4-1,stu1-5application1-5,setStatus> 1.1740579841568222E-4
<233,admissions0-1,stu3-8application3-8,read> 1.7704764076384511E-4
<234,admissions4-0,application3-1,read> 1.1682400816389079E-4
<235,registrar4-1,transcript0-18,read> 3.735373125713348E-4
<236,chair3,transcript3-14,read> 0.001943899696520416
<237,registrar2-1,transcript4-3,read> 2.0870424123943559E-4
<238,admissions0-0,stu3-15application3-15,setStatus> 1.7956424396705799E-4
<239,chair1,transcript1-4,read> 0.0017111028693738578
<240,admissions4-0,stu3-6application3-6,setStatus> 2.0327970555118765E-4
<241,stu1-9,gradebook1-6,readScore> 1.2998443084490818E-4
<242,registrar0-0,transcript2-19,read> 3.3869270535171446E-4
<243,admissions2-0,stu2-18application2-18,read> 1.4289045191282136E-4
<244,admissions0-0,stu0-13application0-13,setStatus> 2.1016001516215499E-4
<245,registrar0-0,transcript5-9,read> 2.9096321206308463E-4
<246,admissions4-1,application3-0,setStatus> 1.3435707224088457E-4
<247,admissions2-0,application5-0,setStatus> 2.0220135417287763E-4
<248,admissions4-0,stu5-10application5-10,setStatus> 1.9459968698878845E-4
<249,admissions2-1,stu5-16application5-16,read> 1.1951362034378015E-4
<250,admissions2-0,stu4-3application4-3,setStatus> 2.1027415970711704E-4
<251,admissions0-1,stu1-0application1-0,setStatus> 2.3422375242481032E-4
<252,admissions0-1,stu3-14application3-14,setStatus> 1.4782909450701388E-4
<253,chair4,transcript4-8,read> 0.0011180252383100075
<254,chair4,transcript4-13,read> 0.0019937847309089637
<255,fac1-1,gradebook1-2,changeScore> 8.595121298752592E-4
<256,chair2,transcript2-10,read> 0.001838586846144592
<257,app2-4,application2-4,checkStatus> 6.72467845635079E-4
<258,admissions0-0,application4-3,read> 1.6082114705056157E-4
<259,stu4-13,transcript4-13,read> 0.001723441038582325
<260,stu2-17,gradebook2-2,addScore> 4.342347152572159E-4
<261,registrar4-0,transcript4-18,read> 4.243494902939807E-4
<262,admissions0-0,stu5-11application5-11,setStatus> 1.3558282287410604E-4
<263,registrar4-1,transcript0-0,read> 2.0945241647515428E-4
<264,stu3-1,transcript3-1,read> 3.4357025685163693E-4
<265,admissions4-0,stu5-0application5-0,read> 1.1634660714295883E-4
<266,registrar0-0,transcript4-4,read> 2.0134865323545302E-4
<267,fac4-2,roster4-4,read> 0.0014219259896733494
<268,fac0-3,roster0-7,read> 0.00263308633160806
<269,fac1-2,gradebook1-5,addScore> 5.566475706758645E-4
<270,stu2-6,gradebook2-1,addScore> 6.461912316176185E-4
<271,admissions2-0,stu1-13application1-13,read> 1.1400057184095693E-4
<272,fac4-0,roster4-1,read> 0.001829038709651403
<273,registrar2-1,transcript3-14,read> 3.558160013190864E-4
<274,admissions0-0,application3-2,setStatus> 1.5916706317032668E-4
<275,stu4-12,stu4-12application4-12,checkStatus> 0.0018929352356245634
<276,stu2-4,transcript2-4,read> 9.328900698824517E-4
<277,admissions0-1,stu4-16application4-16,setStatus> 1.910264234659121E-4
<278,admissions4-0,stu4-5application4-5,read> 7.385791628001472E-5
<279,admissions4-0,stu2-1application2-1,setStatus> 1.2190453152869507E-4
<280,registrar0-1,transcript5-1,read> 2.799235499592915E-4
<281,stu1-19,gradebook1-9,addScore> 2.083084351566354E-4
<282,stu4-1,gradebook4-1,readMyScores> 7.961868720732929E-5
<283,admissions2-0,stu4-13application4-13,setStatus> 1.925139875317905E-4
<284,admissions2-1,stu4-2application4-2,read> 8.604904261606672E-5
<285,registrar0-0,transcript1-2,read> 3.0265206756234096E-4
<286,admissions2-0,stu5-11application5-11,setStatus> 1.1447686736747703E-4
<287,chair4,transcript4-1,read> 0.0011679102726985557
<288,stu2-0,gradebook2-4,addScore> 9.272296651163876E-4
<289,admissions4-1,stu1-18application1-18,setStatus> 1.2232713597783775E-4
<290,stu3-0,gradebook3-4,addScore> 1.1822629239749049E-4
<291,admissions0-1,stu2-0application2-0,read> 1.116418026813721E-4
<292,admissions4-1,stu0-3application0-3,setStatus> 8.569051190401336E-5
<293,stu5-2,transcript5-2,read> 0.0014072206511023758
<294,admissions4-0,stu0-16application0-16,setStatus> 1.294995477707944E-4
<295,fac3-4,gradebook3-8,addScore> 1.1727219531277938E-4
<296,admissions4-0,stu4-4application4-4,read> 1.311460387918495E-4
<297,registrar0-0,transcript0-12,read> 3.221334933944348E-4
<298,chair3,transcript3-11,read> 0.001960528041316599
<299,stu0-19,stu0-19application0-19,checkStatus> 0.0011490313026785918
<300,fac4-1,roster4-3,read> 0.0018493943456503058
<301,admissions2-1,stu3-1application3-1,read> 1.4747717159570506E-4
<302,chair4,transcript4-6,read> 0.0011568247095011005
<303,stu3-16,stu3-16application3-16,checkStatus> 4.051273697326205E-4
<304,admissions0-1,stu2-1application2-1,read> 1.2561740910925097E-4
<305,registrar2-0,transcript3-18,read> 3.481777151804348E-4
<306,fac5-3,gradebook5-7,changeScore> 5.274332278552409E-4
<307,fac3-1,roster3-2,read> 0.001615304531662925
<308,admissions0-0,stu3-10application3-10,read> 5.705048974719094E-5
<309,chair0,transcript0-19,read> 0.0017609879037624062
<310,stu3-8,stu3-8application3-8,checkStatus> 0.0018406294903392996
<311,registrar2-0,transcript4-18,read> 3.714092030058428E-4
<312,fac2-3,roster2-6,read> 0.0018595721636497575
<313,registrar0-1,transcript2-1,read> 1.878141988397671E-4
<314,fac4-4,gradebook4-8,changeScore> 0.0012985316952576563
<315,stu0-9,stu0-9application0-9,checkStatus> 0.0012710780416775402
<316,fac0-4,roster0-8,read> 0.0028061092375987334
<317,stu0-17,transcript0-17,read> 0.001531792318897507
<318,registrar0-1,transcript5-0,read> 2.8283226631043443E-4
<319,fac0-2,roster0-4,read> 0.002622908513608609
<320,registrar4-0,transcript1-8,read> 3.5164507903908E-4
<321,stu3-17,transcript3-17,read> 0.0016611552046847595
<322,registrar2-1,roster0-3,write> 1.4208199632612277E-4
<323,registrar4-1,transcript2-11,read> 3.8994580218095284E-4
<324,registrar4-1,roster0-1,read> 2.2389899099034856E-4
<325,registrar4-1,transcript2-4,read> 2.282049760290035E-4
<326,registrar2-0,roster4-4,read> 1.0752619951691476E-4
<327,registrar0-0,roster1-1,write> 1.4504807743715174E-4
<328,stu2-4,gradebook2-4,readMyScores> 2.312158262101423E-4
<329,stu2-11,transcript2-11,read> 0.0015940781527950733
<330,fac5-4,gradebook5-9,changeScore> 3.7546491676133416E-4
<331,stu0-18,stu0-18application0-18,checkStatus> 0.0022765107010498296
<332,registrar0-0,transcript5-2,read> 2.860928556050612E-4
<333,registrar0-1,transcript3-14,read> 3.4003702121624443E-4
<334,registrar4-1,roster5-1,read> 1.5781213574706136E-4
<335,fac1-1,roster1-3,read> 0.0026737976036058657
<336,registrar4-1,transcript1-6,read> 3.594728929059479E-4
<337,admissions0-1,stu1-4application1-4,setStatus> 2.469288491774274E-4
<338,stu2-2,transcript2-2,read> 9.233076338982109E-4
<339,chair0,transcript0-11,read> 0.0017942445933547715
<340,stu4-13,stu4-13application4-13,checkStatus> 0.0020789112188610566
<341,registrar4-0,transcript1-18,read> 4.005474508950549E-5
<342,stu5-8,stu5-8application5-8,checkStatus> 0.0022242049557645665
<343,admissions0-1,application5-3,setStatus> 2.4184681047638058E-4
<344,fac0-0,gradebook0-1,assignGrade> 1.1198282183231546E-4
<345,fac2-2,gradebook2-5,changeScore> 0.002170942370056009
<346,registrar2-1,transcript5-3,read> 2.96971297287226E-4
<347,stu4-17,stu4-17application4-17,checkStatus> 0.0010095493152512223
<348,registrar4-1,transcript4-1,read> 2.4695753558285266E-4
<349,chair1,transcript1-1,read> 0.001461677697431117
<350,registrar0-0,roster0-3,read> 1.8756556222320476E-4
<351,admissions4-0,stu4-0application4-0,setStatus> 6.439940855280036E-5
<352,registrar4-0,transcript2-11,read> 3.8395815070792476E-4
<353,registrar0-0,roster1-5,write> 1.4396848250507185E-4
<354,registrar0-0,transcript2-8,read> 1.8576351256977797E-4
<355,fac4-1,roster4-2,read> 0.001839216527650855
<356,registrar2-0,roster3-1,write> 8.995549202326061E-5
<357,registrar0-0,roster1-4,write> 1.4126949517487213E-4
<358,registrar4-0,transcript1-6,read> 3.5395315558685466E-4
<359,fac4-1,gradebook4-2,changeScore> 0.0012422471355932462
<360,registrar0-0,roster1-3,write> 1.4180929264091206E-4
<361,admissions4-0,stu5-8application5-8,setStatus> 2.0761971483238727E-4
<362,stu3-18,transcript3-18,read> 0.0016515727687005186
<363,registrar0-0,roster1-2,write> 1.445082799711118E-4
<364,stu5-11,stu5-11application5-11,checkStatus> 0.001236207544820698
<365,registrar2-1,transcript0-1,read> 1.7420906991041398E-4
<366,stu3-16,transcript3-16,read> 0.0016707376406690003
<367,admissions2-1,stu5-8application5-8,read> 1.7544072284763E-4
<368,registrar0-0,roster2-1,write> 7.811319164819787E-5
<369,registrar4-1,roster4-1,write> 1.1672096914999904E-4
<370,fac4-4,gradebook4-8,assignGrade> 4.637613197348772E-4
<371,admissions0-1,stu2-0application2-0,setStatus> 1.268656848651956E-4
<372,registrar0-0,roster1-9,write> 1.4774706476735152E-4
<373,registrar4-1,roster2-9,read> 1.6674279186101908E-4
<374,chair1,transcript1-3,read> 0.0017277312141700408
<375,stu1-4,gradebook1-1,addScore> 3.6291530154814106E-4
<376,stu2-10,gradebook2-8,addScore> 4.689963551091885E-4
<377,stu4-3,stu4-3application4-3,checkStatus> 0.00227069895157369
<378,registrar4-0,roster5-9,write> 1.0405671389593165E-4
<379,registrar2-0,transcript4-13,read> 3.63328685501353E-4
<380,registrar2-1,transcript0-16,read> 3.253790854405379E-4
<381,admissions0-1,application3-4,setStatus> 1.573579170714767E-4
<382,registrar4-0,transcript0-5,read> 1.289156921788286E-4
<383,stu4-7,gradebook4-9,readMyScores> 1.4119020794823523E-4
<384,chair1,transcript1-0,read> 0.0014727632606285723
<385,admissions4-0,stu3-13application3-13,read> 1.1348220101736708E-4
<386,registrar0-0,roster1-8,write> 1.4720726730131157E-4
<387,stu5-5,stu5-5application5-5,checkStatus> 0.001021172814203503
<388,admissions0-1,stu0-17application0-17,setStatus> 2.3676477177533376E-4
<389,admissions0-1,stu1-17application1-17,setStatus> 7.60452978547271E-5
<390,admissions4-0,stu3-6application3-6,read> 1.7888614088504512E-4
<391,registrar0-1,roster2-8,write> 9.978186287012758E-5
<392,registrar0-0,roster1-7,write> 1.466674698352716E-4
<393,stu5-4,transcript5-4,read> 0.001416803087086617
<394,chair2,transcript2-19,read> 0.0019272713517242332
<395,stu4-4,stu4-4application4-4,checkStatus> 0.0015965360123414026
<396,chair4,transcript4-9,read> 0.0011291108015074626
<397,registrar4-0,transcript3-14,read> 4.047308396378965E-4
<398,stu2-17,stu2-17application2-17,checkStatus> 0.0012420192942968382
<399,registrar0-1,transcript4-2,read> 2.0526649694662438E-4
<400,admissions0-0,stu4-11application4-11,setStatus> 2.2609531265960138E-4
<401,stu2-16,gradebook2-3,addScore> 3.453604136909284E-4
<402,stu2-13,transcript2-13,read> 0.001603660588779314
<403,registrar0-0,transcript3-3,read> 7.17971714520291E-5
<404,stu3-3,stu3-3application3-3,checkStatus> 0.0021602757115270215
<405,admissions2-0,application4-1,read> 1.3389196467732258E-4
<406,registrar4-1,transcript0-19,read> 3.723652775992192E-4
<407,stu2-9,stu2-9application2-9,checkStatus> 0.0020730994693849156
<408,stu5-18,gradebook5-2,readMyScores> 4.173187476367539E-5
<409,admissions2-1,stu3-13application3-13,read> 1.0896998626518551E-4
<410,registrar0-0,roster1-6,write> 1.4288888757299197E-4
<411,stu5-0,stu5-0application5-0,checkStatus> 0.0014163717785810504
<412,stu4-10,transcript4-10,read> 0.0016228254607477959
<413,registrar4-0,transcript2-9,read> 2.2931702200702482E-4
<414,stu5-5,transcript5-5,read> 0.0014120118690944961
<415,stu2-10,gradebook2-7,readMyScores> 2.146056733370831E-4
<416,admissions2-1,stu5-3application5-3,setStatus> 1.514388483332402E-4
<417,chair4,transcript4-18,read> 0.0020381269836987842
<418,registrar4-1,roster0-2,read> 2.2747125343593167E-4
<419,chair2,transcript2-9,read> 0.001101396893513825
<420,stu4-8,stu4-8application4-8,checkStatus> 9.630553194420992E-4
<421,stu1-9,gradebook1-6,addScore> 3.528148837218937E-4
<422,registrar2-0,transcript3-19,read> 3.4615758580431243E-4
<423,registrar0-0,transcript5-4,read> 2.880409981882706E-4
<424,admissions2-0,application5-2,read> 1.7935800544615846E-4
<425,admissions0-1,stu5-10application5-10,read> 2.0052665956268157E-4
<426,app4-1,application4-1,checkStatus> 0.001643030008150526
<427,stu0-16,stu0-16application0-16,checkStatus> 0.0013873130312003486
<428,admissions0-0,stu5-10application5-10,setStatus> 2.286449602591928E-4
<429,stu0-11,stu0-11application0-11,checkStatus> 0.0019510527303859672
<430,admissions4-1,application2-4,read> 5.567855500413499E-5
<431,admissions4-1,stu1-15application1-15,read> 1.3411373943920016E-4
<432,stu2-7,stu2-7application2-7,checkStatus> 0.0010734785594887668
<433,admissions2-0,stu3-19application3-19,setStatus> 1.6291370057291299E-4
<434,stu1-4,transcript1-4,read> 0.0014790889209841823
<435,registrar2-0,transcript2-12,read> 3.370670036117615E-4
<436,stu3-19,gradebook3-6,readMyScores> 2.2556840671699438E-5
<437,admissions0-0,application4-4,setStatus> 1.8211389156664942E-4
<438,stu0-3,stu0-3application0-3,checkStatus> 9.107495741568354E-4
<439,chair2,transcript2-12,read> 0.0018496724093420474
<440,stu2-12,gradebook2-7,readScore> 1.6126871201441116E-4
<441,admissions4-0,stu0-15application0-15,setStatus> 1.2787204429034454E-4
<442,admissions2-0,stu3-19application3-19,read> 1.4336405650416343E-4
<443,admissions0-0,stu1-13application1-13,setStatus> 1.5343035607124603E-4
<444,admissions0-0,stu0-3application0-3,setStatus> 9.988775647982622E-5
<445,admissions2-1,stu4-13application4-13,setStatus> 1.8634119434439845E-4
<446,stu2-19,stu2-19application2-19,checkStatus> 0.0013466307848673655
<447,admissions0-0,stu2-7application2-7,setStatus> 1.1773528967696614E-4
<448,registrar4-0,transcript5-2,read> 3.389506580263196E-4
<449,registrar2-1,transcript4-7,read> 2.0363142192634417E-4
<450,admissions0-1,stu4-17application4-17,setStatus> 1.1034905908679333E-4
<451,stu2-19,transcript2-19,read> 0.0016659464226768798
<452,registrar2-0,transcript5-0,read> 2.946442867131904E-4
<453,admissions0-0,stu4-18application4-18,read> 1.1054847050561782E-5
<454,stu4-0,gradebook4-5,readMyScores> 1.1274973732172765E-4
<455,registrar4-1,transcript0-9,read> 1.367862482039886E-4
<456,registrar4-0,roster3-3,read> 1.4483668663049922E-4
<457,registrar4-1,roster1-8,read> 2.4354643444105556E-4
<458,stu3-2,gradebook3-7,addScore> 1.1887308119838684E-4
<459,stu2-4,gradebook2-8,addScore> 6.513104311798026E-4
<460,admissions2-0,stu4-14application4-14,setStatus> 1.6883375796468845E-4
<461,fac0-2,gradebook0-4,addScore> 2.2275723131133532E-4
<462,admissions0-1,stu1-13application1-13,setStatus> 1.5291113320806075E-4
<463,registrar2-0,transcript0-12,read> 3.3403680954757786E-4
<464,app1-2,application1-2,checkStatus> 2.540218833529701E-4
<465,admissions2-1,stu2-17application2-17,setStatus> 1.1132719694728239E-4
<466,admissions0-1,stu0-11application0-11,setStatus> 2.1326034278299202E-4
<467,admissions2-1,stu1-2application1-2,read> 1.433514017388637E-4
<468,admissions0-1,stu4-7application4-7,setStatus> 4.745883016133856E-5
<469,registrar0-0,roster3-7,read> 1.2521895489559043E-4
<470,stu2-5,stu2-5application2-5,checkStatus> 0.0015732890144368413
<471,stu3-5,transcript3-5,read> 3.6752634681223916E-4
<472,stu2-18,stu2-18application2-18,checkStatus> 0.0017534532481971936
<473,admissions0-0,stu4-14application4-14,setStatus> 1.9996142476378935E-4
<474,registrar4-1,transcript4-0,read> 2.457855006107371E-4
<475,fac1-4,gradebook1-8,assignGrade> 2.6073487237397014E-4
<476,admissions4-0,stu2-19application2-19,setStatus> 1.2570203964974472E-4
<477,fac5-1,roster5-3,read> 0.0015135263516684117
<478,fac2-3,gradebook2-7,addScore> 3.8770314847546205E-4
<479,fac5-1,gradebook5-2,changeScore> 5.499470517210047E-4
<480,chair3,transcript3-13,read> 0.0019494424781191433
<481,registrar0-0,roster0-5,read> 1.905344482864245E-4
<482,fac4-1,gradebook4-3,addScore> 5.549831805037942E-4
<483,registrar2-1,roster0-2,write> 1.432064704932545E-4
<484,admissions4-1,stu1-3application1-3,setStatus> 1.5130834606608687E-4
<485,stu1-1,transcript1-1,read> 0.0012634841113387625
<486,fac1-4,roster1-8,read> 0.002775575783600379
<487,registrar2-0,roster0-8,read> 2.1219828875735904E-4
<488,admissions0-1,stu4-18application4-18,read> 1.1017436400644484E-5
<489,fac5-1,gradebook5-2,addScore> 1.114770420304087E-4
<490,registrar2-0,transcript1-9,read> 3.0878519234604746E-4
<491,admissions4-1,stu1-9application1-9,setStatus> 1.6607235875255343E-4
<492,admissions0-1,application4-2,read> 1.5692276750769958E-4
<493,admissions0-1,stu4-8application4-8,setStatus> 1.0526702038574648E-4
<494,chair1,transcript1-2,read> 0.0017221884325713131
<495,registrar4-0,roster3-9,write> 1.0917294669183918E-4
<496,registrar0-0,transcript4-11,read> 3.3284827760208635E-4
<497,admissions4-1,stu1-10application1-10,read> 1.0427949750684408E-4
<498,fac5-1,gradebook5-3,addScore> 7.464057024699141E-5
<499,stu1-7,stu1-7application1-7,checkStatus> 3.586333739234973E-4
<500,stu1-8,stu1-8application1-8,checkStatus> 0.0014861127722947353
<501,stu4-17,gradebook4-2,readMyScores> 8.660294328077598E-5
<502,stu3-15,transcript3-15,read> 0.0016755288586611209
<503,admissions2-1,stu1-13application1-13,read> 1.1034524288413265E-4
<504,stu0-0,stu0-0application0-0,checkStatus> 0.0014047482796287697
<505,registrar0-1,transcript5-4,read> 2.867105547786249E-4
<506,stu0-18,transcript0-18,read> 0.0015270011009053872
<507,admissions4-0,stu4-1application4-1,read> 1.7315732863386164E-4
<508,registrar2-0,transcript2-19,read> 3.512079092446184E-4
<509,admissions2-0,stu3-9application3-9,read> 7.753301830761983E-5
<510,admissions0-0,stu5-15application5-15,read> 4.5271117837078597E-5
<511,registrar4-1,transcript0-10,read> 3.805695224040282E-4
<512,stu2-0,gradebook2-4,readScore> 3.4161092925340594E-4
<513,chair3,transcript3-19,read> 0.0018995574437305955
<514,stu3-11,transcript3-11,read> 0.0016946937306296025
<515,registrar2-0,transcript2-1,read> 1.9565794728319127E-4
<516,chair5,transcript5-2,read> 0.0016279611453929445
<517,admissions4-1,stu5-0application5-0,read> 1.1727182867093464E-4
<518,admissions2-0,stu4-11application4-11,setStatus> 1.9089942642494263E-4
<519,admissions0-1,stu2-6application2-6,read> 1.5636374325058442E-4
<520,admissions2-1,stu0-8application0-8,read> 1.3280776766026902E-4
<521,admissions2-0,application5-4,read> 1.8172602840286863E-4
<522,registrar4-1,roster1-3,write> 1.706296569651621E-4
<523,registrar2-1,roster5-1,read> 1.3660896971578635E-4
<524,admissions4-1,stu0-2application0-2,read> 8.040007402469618E-6
<525,admissions0-0,stu2-1application2-1,read> 1.2604395379213463E-4
<526,admissions4-1,stu3-18application3-18,read> 1.5191804510850948E-4
<527,admissions0-0,stu3-8application3-8,setStatus> 2.0187366046348293E-4
<528,admissions0-0,stu4-7application4-7,setStatus> 4.761998068820219E-5
<529,admissions4-1,stu4-5application4-5,read> 7.4445255574488E-5
<530,admissions0-1,stu3-15application3-15,setStatus> 1.7895658155092582E-4
<531,stu0-17,stu0-17application0-17,checkStatus> 0.0021660874610031624
<532,admissions0-1,application4-3,setStatus> 1.821328557390801E-4
<533,stu2-18,transcript2-18,read> 0.0016563639866926392
<534,fac0-1,roster0-2,read> 0.002592375059610255
<535,chair0,transcript0-15,read> 0.0018108729381509543
<536,chair0,transcript0-18,read> 0.0017665306853611338
<537,admissions4-0,stu2-9application2-9,read> 1.7029292250826986E-4
<538,stu1-3,stu1-3application1-3,checkStatus> 0.0016081595112936839
<539,stu2-14,gradebook2-4,readMyScores> 1.4585825953621553E-4
<540,admissions2-0,stu2-17application2-17,setStatus> 1.1501505440309299E-4
<541,admissions0-0,stu3-4application3-4,setStatus> 6.291786628575069E-5
<542,registrar0-1,transcript2-7,read> 1.8587505460567188E-4
<543,registrar4-1,roster1-9,read> 2.444395000524514E-4
<544,admissions4-1,stu4-0application4-0,setStatus> 6.491153108602341E-5
<545,admissions0-1,stu2-9application2-9,setStatus> 2.2660069437324004E-4
<546,app5-4,application5-4,checkStatus> 0.0022300167052407066
<547,admissions4-1,stu2-19application2-19,setStatus> 1.267016582553093E-4
<548,admissions4-1,stu3-13application3-13,read> 1.1438464396780342E-4
<549,stu2-1,gradebook2-7,addScore> 6.739642545182762E-4
<550,stu2-10,transcript2-10,read> 0.0015892869348029526
<551,admissions2-1,stu1-10application1-10,setStatus> 1.128899885597223E-4
<552,chair4,transcript4-14,read> 0.0020159558573038744
<553,fac5-0,gradebook5-1,addScore> 1.7133516176110906E-4
<554,admissions0-0,stu0-13application0-13,read> 1.849408133426964E-4
<555,admissions0-0,stu3-6application3-6,read> 2.1018232457865145E-4
<556,app1-1,application1-1,checkStatus> 2.4239838440068926E-4
<557,registrar4-1,transcript5-6,read> 3.4892457815690773E-4
<558,admissions4-1,application5-0,setStatus> 2.054430592497975E-4
<559,admissions0-1,application3-1,read> 1.3679789425155404E-4
<560,chair3,transcript3-18,read> 0.0019106430069280509
<561,admissions2-1,stu3-18application3-18,setStatus> 1.644621117702396E-4
<562,registrar0-0,roster3-4,write> 8.728974857087705E-5
<563,app4-3,application4-3,checkStatus> 0.0016662770060550875
<564,stu4-18,gradebook4-6,addScore> 1.8932220910522675E-4
<565,registrar4-1,transcript2-8,read> 2.2351683614054116E-4
<566,admissions4-1,application5-3,read> 1.8319587939243115E-4
<567,stu4-6,gradebook4-3,readMyScores> 1.5297601113869913E-4
<568,registrar0-1,roster2-3,read> 9.656643319664274E-5
<569,stu5-3,transcript5-3,read> 0.0014024294331102553
<570,admissions2-1,stu2-10application2-10,setStatus> 1.264341825342016E-4
<571,registrar0-1,transcript0-18,read> 3.0901071347072035E-4
<572,stu5-3,stu5-3application5-3,checkStatus> 0.0016895240039596492
<573,admissions2-1,stu1-1application1-1,read> 1.8002491157745372E-4
<574,registrar2-1,transcript2-5,read> 1.9247121943754308E-4
<575,admissions2-1,stu3-11application3-11,read> 1.130957561220269E-4
<576,registrar2-1,transcript5-9,read> 3.030586804629357E-4
<577,admissions4-1,application4-3,setStatus> 1.5677649891292632E-4
<578,chair5,transcript5-8,read> 0.0016612178349853098
<579,registrar2-1,transcript2-4,read> 1.975440387506345E-4
<580,registrar0-1,roster2-2,read> 9.878281291935812E-5
<581,registrar2-1,transcript2-7,read> 1.9450034716277963E-4
<582,admissions0-1,stu2-19application2-19,read> 1.2953057890905705E-4
<583,registrar2-0,transcript1-7,read> 3.1080532172216984E-4
<584,chair3,transcript3-16,read> 0.0019328141333229609
<585,registrar2-1,transcript2-6,read> 1.9145665557492484E-4
<586,stu0-7,gradebook0-7,readMyScores> 2.3547388102966272E-5
<587,registrar4-1,roster5-6,read> 1.3548549546216706E-4
<588,registrar2-0,transcript5-1,read> 2.916140926490068E-4
<589,fac0-2,roster0-5,read> 0.0026127306956091577
<590,admissions0-0,application3-1,setStatus> 1.559800036708374E-4
<591,registrar2-1,transcript2-9,read> 2.0160229420110762E-4
<592,stu1-9,transcript1-9,read> 0.0014647152670078211
<593,chair3,transcript3-0,read> 4.0300641207415065E-4
<594,registrar0-1,roster2-6,write> 9.81699503445164E-5
<595,registrar2-1,transcript2-8,read> 1.9348578330016138E-4
<596,stu5-17,gradebook5-6,addScore> 9.586668338129492E-5
<597,registrar0-0,transcript5-5,read> 2.8706692689666586E-4
<598,registrar0-1,roster4-6,write> 7.828969586197807E-5
<599,admissions2-1,stu2-17application2-17,read> 9.796793331360849E-5
<600,chair5,transcript5-10,read> 1.757523665263201E-4
<601,admissions4-0,stu0-2application0-2,read> 7.97657539140477E-6
<602,stu4-3,gradebook4-9,readMyScores> 1.3510660832389475E-4
<603,stu3-4,gradebook3-3,addScore> 1.3926700377772137E-4
<604,fac1-3,gradebook1-6,addScore> 2.1168893023313626E-4
<605,registrar0-0,roster5-1,read> 1.311567270220299E-4
<606,admissions0-0,stu2-6application2-6,read> 1.568946897471908E-4
<607,admissions2-0,stu2-10application2-10,setStatus> 1.3062247843595567E-4
<608,admissions0-0,stu5-10application5-10,read> 2.0120756502808962E-4
<609,registrar2-0,transcript4-17,read> 3.6837900894165916E-4
<610,registrar4-1,transcript0-17,read> 3.747093475434503E-4
<611,fac5-3,gradebook5-7,addScore> 2.4343672681545388E-4
<612,admissions0-1,stu5-0application5-0,setStatus> 1.548168977209533E-4
<613,registrar4-0,roster1-2,read> 2.354099953455496E-4
<614,admissions4-0,stu0-9application0-9,setStatus> 1.1864952456779538E-4
<615,registrar4-0,transcript0-12,read> 3.8165007416015017E-4
<616,admissions2-0,stu3-14application3-14,setStatus> 1.2524060807979617E-4
<617,fac5-3,gradebook5-6,addScore> 1.7950346065221886E-4
<618,registrar2-0,roster2-7,read> 1.4139069897705844E-4
<619,registrar0-1,transcript3-12,read> 3.4197616545033965E-4
<620,stu2-6,transcript2-6,read> 9.041427619297291E-4
<621,registrar2-1,transcript2-0,read> 2.3711202939274745E-4
<622,registrar2-1,transcript2-1,read> 1.9652947488801617E-4
<623,registrar4-0,transcript4-7,read> 2.3162509855479945E-4
<624,fac5-3,roster5-6,read> 0.0015440598056667657
<625,registrar2-1,transcript2-2,read> 1.9551491102539793E-4
<626,stu0-14,transcript0-14,read> 0.0015701220628344709
<627,stu2-13,stu2-13application2-13,checkStatus> 0.0011780900500592939
<628,stu0-7,stu0-7application0-7,checkStatus> 0.001253642793249119
<629,registrar2-1,transcript2-3,read> 1.9855860261325275E-4
<630,app3-4,application3-4,checkStatus> 0.001439618776485612
<631,stu4-19,stu4-19application4-19,checkStatus> 7.363970898726235E-4
<632,admissions2-0,application5-4,setStatus> 2.0650685045780527E-4
<633,registrar2-1,transcript4-5,read> 2.1073336896467213E-4
<634,registrar2-0,transcript2-6,read> 1.9060762384288523E-4
<635,admissions0-1,stu3-6application3-6,read> 2.0947104767652403E-4
<636,registrar4-0,transcript2-17,read> 3.9665257172068517E-4
<637,admissions4-0,application4-2,setStatus> 1.522845964970923E-4
<638,fac3-4,roster3-8,read> 0.0017272605296568897
<639,fac5-1,gradebook5-3,changeScore> 5.443185957545638E-4
<640,admissions0-1,stu1-6application1-6,setStatus> 3.221271405819801E-5
<641,admissions2-1,stu2-8application2-8,setStatus> 2.050946936936774E-4
<642,stu1-12,stu1-12application1-12,checkStatus> 0.0013756895322480677
<643,registrar0-0,transcript3-13,read> 3.425889905181333E-4
<644,chair4,transcript4-15,read> 0.0020048702941064195
<645,stu5-7,transcript5-7,read> 0.001421594305078737
<646,registrar2-0,transcript2-5,read> 1.9161768853094642E-4
<647,admissions0-0,stu2-19application2-19,read> 1.2997041109550546E-4
<648,fac1-3,gradebook1-7,addScore> 5.76288178873778E-4
<649,stu4-19,transcript4-19,read> 0.0017569795645271684
<650,registrar0-1,transcript1-1,read> 2.5568424703310095E-4
<651,fac2-0,gradebook2-1,changeScore> 0.0020865155305593943
<652,registrar2-0,transcript2-4,read> 1.9666801197125254E-4
<653,registrar2-0,transcript2-3,read> 1.9767807665931373E-4
<654,admissions0-1,stu5-10application5-10,setStatus> 2.2787120404850182E-4
<655,stu5-2,stu5-2application5-2,checkStatus> 0.0016546535071028069
<656,admissions0-0,stu1-5application1-5,read> 1.2043472907303353E-4
<657,registrar4-1,transcript0-4,read> 1.2506589848283286E-4
<658,stu3-3,gradebook3-6,addScore> 1.4949877253302542E-4
<659,fac4-0,gradebook4-1,readScore> 1.9929925855644568E-4
<660,registrar4-1,transcript2-12,read> 3.911178371530684E-4
<661,fac2-2,roster2-5,read> 0.0013710368996760927
<662,registrar2-0,transcript2-9,read> 2.0070827072349735E-4
<663,registrar0-1,transcript4-7,read> 1.9460120365910052E-4
<664,stu3-19,transcript3-19,read> 0.0016419903327162776
<665,registrar2-0,transcript2-8,read> 1.9262775321900763E-4
<666,stu2-17,transcript2-17,read> 0.0016467815507083979
<667,registrar2-0,roster3-2,read> 1.221495061019768E-4
<668,stu2-10,gradebook2-1,readMyScores> 1.6757269697288492E-4
<669,stu2-16,stu2-16application2-16,checkStatus> 0.001189713549011575
<670,stu2-14,stu2-14application2-14,checkStatus> 6.317855993020962E-4
<671,stu2-15,transcript2-15,read> 0.0016180342427556756
<672,admissions0-0,stu5-17application5-17,read> 1.4118886053370768E-4
<673,registrar2-0,transcript2-7,read> 1.9363781790706884E-4
<674,registrar2-0,roster2-3,read> 1.0059937008188535E-4
<675,fac2-3,gradebook2-6,assignGrade> 7.733263978891315E-4
<676,stu2-6,gradebook2-6,readMyScores> 1.3582634493520705E-4
<677,stu4-17,transcript4-17,read> 0.0017473971285429275
<678,registrar4-0,roster5-1,write> 1.1301012128876982E-4
<679,chair2,transcript2-0,read> 0.00129539424946929
<680,chair2,transcript2-3,read> 0.0010847685487176421
<681,registrar4-0,transcript2-16,read> 3.931904568990233E-4
<682,app1-0,application1-0,checkStatus> 2.3077488544840847E-4
<683,admissions0-1,stu1-1application1-1,setStatus> 2.494698685279509E-4
<684,admissions4-0,stu2-10application2-10,setStatus> 1.316695524113942E-4
<685,admissions0-0,stu1-1application1-1,setStatus> 2.5031696485571984E-4
<686,fac3-2,gradebook3-4,changeScore> 5.049194039894768E-4
<687,registrar4-0,transcript4-16,read> 4.220414137462061E-4
<688,fac5-2,gradebook5-4,addScore> 1.6776765314888584E-4
<689,registrar4-0,roster3-6,write> 1.0725435939337385E-4
<690,chair4,transcript4-7,read> 0.00111248245671128
<691,admissions0-0,stu1-18application1-18,setStatus> 1.4259435377298244E-4
<692,fac5-2,gradebook5-5,addScore> 3.6024148869672964E-4
<693,chair5,transcript5-5,read> 0.001633503926991672
<694,registrar0-1,transcript4-17,read> 3.536110308549111E-4
<695,stu0-13,stu0-13application0-13,checkStatus> 0.001916182233529125
<696,fac4-2,gradebook4-5,changeScore> 0.0012760178713918924
<697,admissions2-1,stu3-14application3-14,setStatus> 1.2122487715940188E-4
<698,registrar0-0,roster5-4,read> 1.0963230306368688E-4
<699,registrar4-1,transcript0-5,read> 1.3092607334341073E-4
<700,stu0-6,stu0-6application0-6,checkStatus> 6.434090982543769E-4
<701,chair5,transcript5-7,read> 0.0016445894901891268
<702,chair2,transcript2-18,read> 0.0019161857885267783
<703,registrar2-0,transcript4-0,read> 2.1181898229217074E-4
<704,fac4-3,gradebook4-7,addScore> 4.2165481836170857E-4
<705,registrar4-0,roster4-7,read> 1.254909313709739E-4
<706,admissions2-1,application3-1,setStatus> 1.2747604360916154E-4
<707,app3-2,application3-2,checkStatus> 0.001451242275437893
<708,registrar0-0,transcript3-15,read> 3.4064084793492395E-4
<709,chair2,transcript2-11,read> 0.0018441296277433197
<710,stu5-6,transcript5-6,read> 0.0014263855230708575
<711,fac4-0,gradebook4-1,changeScore> 0.001236618679626805
<712,admissions0-1,stu3-1application3-1,setStatus> 2.0436677505616008E-4
<713,admissions4-1,stu1-14application1-14,setStatus> 1.8575770900117544E-4
<714,admissions2-1,stu3-19application3-19,read> 1.387672130090399E-4
<715,fac1-1,roster1-2,read> 0.0027246866936031225
<716,registrar2-0,transcript3-15,read> 3.5322803862074096E-4
<717,stu1-5,stu1-5application1-5,checkStatus> 0.0012478310437729788
<718,registrar2-0,transcript2-2,read> 1.9464788259513006E-4
<719,admissions4-1,stu5-5application5-5,setStatus> 9.608000231300832E-5
<720,registrar2-0,transcript2-0,read> 2.360605348056399E-4
<721,admissions0-0,application4-0,setStatus> 1.7191530116828372E-4
<722,admissions0-1,stu0-3application0-3,setStatus> 9.954972684706878E-5
<723,stu3-6,gradebook3-3,addScore> 1.2973160532086836E-4
<724,admissions4-0,application0-2,setStatus> 6.548441087310026E-5
<725,app1-3,application1-3,checkStatus> 2.5983363282911046E-4
<726,admissions2-1,stu3-19application3-19,setStatus> 1.5769001478299993E-4
<727,admissions4-1,stu1-5application1-5,read> 1.0331710260580033E-4
<728,admissions4-1,stu0-8application0-8,setStatus> 1.5841694476697817E-4
<729,admissions4-1,stu3-17application3-17,setStatus> 1.5513605305887451E-4
<730,chair1,transcript1-11,read> 2.2563740091486833E-4
<731,admissions4-0,stu3-16application3-16,read> 3.327882950079845E-5
<732,admissions0-0,application3-0,setStatus> 1.5661741557073522E-4
<733,stu4-3,transcript4-3,read> 9.855934677957766E-4
<734,admissions0-0,application3-4,setStatus> 1.5789223937053094E-4
<735,admissions0-0,application3-3,setStatus> 1.585296512704288E-4
<736,registrar2-0,transcript3-14,read> 3.542381033088022E-4
<737,admissions4-1,stu4-13application4-13,setStatus> 1.9560038412548656E-4
<738,admissions4-0,stu2-12application2-12,setStatus> 5.7346893470851E-5
<739,admissions2-1,stu4-11application4-11,setStatus> 1.8477840273195848E-4
<740,chair3,transcript3-12,read> 0.001954985259717871
<741,fac1-1,gradebook1-2,assignGrade> 3.0696861781259255E-4
<742,fac2-1,roster2-2,read> 0.0013608590816766412
<743,stu4-1,stu4-1application4-1,checkStatus> 0.0021079699662417584
<744,chair2,transcript2-14,read> 0.00186630075413823
<745,app3-1,application3-1,checkStatus> 0.001422183528057191
<746,fac5-4,gradebook5-8,addScore> 1.1372187633670587E-4
<747,registrar0-1,transcript3-15,read> 3.3906744909919677E-4
<748,fac5-4,gradebook5-9,addScore> 1.2498082446911813E-4
<749,admissions0-0,stu5-0application5-0,setStatus> 1.5534259177093953E-4
<750,admissions4-1,stu0-5application0-5,read> 1.5528642726216258E-4
<751,stu1-5,transcript1-5,read> 0.001483880138976303
<752,registrar2-0,transcript0-0,read> 1.8050697696227308E-4
<753,admissions2-1,stu4-3application4-3,setStatus> 2.035319020812375E-4
<754,registrar4-0,roster3-9,read> 1.5011280170127886E-4
<755,stu2-14,transcript2-14,read> 0.001613243024763555
<756,admissions4-0,stu3-17application3-17,read> 1.354426479802371E-4
<757,stu3-9,stu3-9application3-9,checkStatus> 9.514318204898183E-4
<758,registrar2-1,roster2-6,write> 1.0272540047651251E-4
<759,admissions0-1,application3-3,setStatus> 1.579931719091076E-4
<760,stu4-4,gradebook4-8,addScore> 4.933821890573634E-4
<761,registrar0-0,transcript2-10,read> 3.231075646860394E-4
<762,registrar4-0,transcript1-2,read> 3.585693086824039E-4
<763,registrar4-1,transcript2-0,read> 2.739143399415109E-4
<764,fac5-4,roster5-8,read> 0.0016051267136634737
<765,registrar4-1,roster0-3,write> 1.6413463433682918E-4
<766,registrar0-1,transcript0-6,read> 1.0637014100776659E-4
<767,fac2-2,roster2-4,read> 0.0013812147176755442
<768,admissions2-0,stu3-18application3-18,setStatus> 1.6991013203592042E-4
<769,admissions4-1,stu3-9application3-9,read> 7.877603262918486E-5
<770,admissions2-1,stu4-5application4-5,setStatus> 8.059229523596403E-5
<771,chair3,transcript3-4,read> 4.307203200677885E-4
<772,admissions0-1,application3-2,setStatus> 1.5862842674673844E-4
<773,registrar4-0,transcript0-19,read> 3.666475765996151E-4
<774,admissions0-1,application3-1,setStatus> 1.5545215255858416E-4
<775,admissions4-0,stu2-10application2-10,read> 1.1586920612202689E-4
<776,stu2-12,gradebook2-3,readMyScores> 1.5381075473346764E-4
<777,stu0-4,gradebook0-7,addScore> 7.840308918884202E-5
<778,stu2-7,transcript2-7,read> 9.185164159060904E-4
<779,admissions4-1,stu2-3application2-3,read> 6.145292441039747E-5
<780,admissions2-0,stu1-15application1-15,setStatus> 1.4999721171813003E-4
<781,admissions4-1,stu3-16application3-16,read> 3.354347228012886E-5
<782,admissions0-1,application3-0,setStatus> 1.56087407396215E-4
<783,admissions2-0,stu3-3application3-3,setStatus> 2.000486060304138E-4
<784,registrar0-0,roster3-1,write> 8.674995110483708E-5
<785,admissions4-1,application2-4,setStatus> 6.327108523197158E-5
<786,admissions0-0,stu0-16application0-16,setStatus> 1.5215553227145029E-4
<787,registrar0-1,transcript1-7,read> 2.9834542018319644E-4
<788,stu2-16,transcript2-16,read> 0.0016324078967320367
<789,admissions2-0,stu2-15application2-15,read> 3.348779131281009E-5
<790,chair0,transcript0-2,read> 9.68370135144363E-4
<791,admissions4-1,stu4-2application4-2,setStatus> 1.0264178572921568E-4
<792,stu2-5,gradebook2-9,addScore> 9.478034524111029E-4
<793,chair2,transcript2-8,read> 0.0010570546407240044
<794,admissions2-1,stu2-15application2-15,read> 3.2414034477128805E-5
<795,registrar2-1,transcript3-11,read> 3.588596929069412E-4
<796,stu2-3,stu2-3application2-3,checkStatus> 7.422088393487638E-4
<797,admissions0-0,stu5-7application5-7,setStatus> 1.1287502394024501E-5
<798,admissions4-0,stu2-7application2-7,read> 8.817994690797342E-5
<799,registrar2-1,roster4-5,write> 7.742473171604878E-5
<800,registrar4-0,transcript4-19,read> 4.2319545202009346E-4
<801,stu2-12,gradebook2-2,readMyScores> 9.698184787037891E-5
<802,stu4-12,gradebook4-7,readMyScores> 4.5260104405994325E-5
<803,admissions4-1,stu0-16application0-16,setStatus> 1.3052936524809693E-4
<804,fac1-1,gradebook1-3,changeScore> 8.763974977745823E-4
<805,admissions2-1,stu5-15application5-15,read> 3.6998223206952555E-5
<806,stu1-10,transcript1-10,read> 2.1899858905650535E-4
<807,stu3-4,transcript3-4,read> 3.723175648043596E-4
<808,registrar0-0,transcript4-17,read> 3.552519173089943E-4
<809,registrar2-0,transcript0-7,read> 1.1586283692635528E-4
<810,admissions4-0,stu3-0application3-0,read> 7.147091117535497E-5
<811,admissions2-1,stu0-6application0-6,read> 5.075078939642382E-5
<812,stu4-12,gradebook4-3,readScore> 1.1783661583409895E-4
<813,admissions0-1,stu1-16application1-16,read> 1.239403363379055E-4
<814,chair0,transcript0-4,read> 5.914609864308882E-4
<815,admissions2-1,stu0-16application0-16,setStatus> 1.243504603842817E-4
<816,stu4-15,gradebook4-2,readScore> 4.1189085139617736E-5
<817,admissions2-0,stu1-6application1-6,read> 2.401569948596929E-5
<818,app0-4,application0-4,checkStatus> 7.131500919680618E-4
<819,admissions0-0,stu3-12application3-12,read> 7.892646615168531E-5
<820,admissions4-1,stu2-7application2-7,read> 8.888117909014417E-5
<821,registrar4-1,transcript3-12,read> 4.1338650162326437E-4
<822,stu2-9,transcript2-9,read> 9.520549418509335E-4
<823,registrar4-0,transcript3-17,read> 4.0011468654234725E-4
<824,admissions4-0,stu1-0application1-0,setStatus> 2.0002469859028792E-4
<825,admissions0-0,application5-4,setStatus> 2.445802577566391E-4
<826,stu0-15,transcript0-15,read> 0.0015653308448423506
<827,admissions2-0,stu2-17application2-17,read> 1.0121324787472181E-4
<828,admissions2-1,stu2-8application2-8,read> 1.8048333045043608E-4
<829,admissions0-1,stu5-17application5-17,read> 1.4071106405136012E-4
<830,admissions2-0,stu3-13application3-13,read> 1.125797580669308E-4
<831,admissions2-0,stu3-8application3-8,setStatus> 1.7044831907153636E-4
<832,admissions2-0,stu0-6application0-6,read> 5.24319749664917E-5
<833,fac1-2,roster1-5,read> 0.0027145088756036708
<834,admissions2-0,stu0-14application0-14,read> 1.1115894429290469E-4
<835,registrar4-1,roster3-8,write> 1.1022594652166615E-4
<836,chair1,transcript1-5,read> 0.0017166456509725857
<837,admissions2-0,stu1-9application1-9,setStatus> 1.6345188760852892E-4
<838,stu1-6,transcript1-6,read> 0.0014695064849999419
<839,admissions4-0,stu5-10application5-10,read> 1.712477245501338E-4
<840,admissions4-1,stu3-0application3-0,read> 7.203926832187865E-5
<841,registrar4-1,roster5-9,write> 1.0567943068183315E-4
<842,fac4-4,roster4-9,read> 0.0013099699916793845
<843,registrar4-1,roster5-8,write> 1.0243191936766668E-4
<844,registrar4-1,roster5-7,write> 1.0373092389333325E-4
<845,admissions0-0,stu1-16application1-16,read> 1.2436118637640432E-4
<846,registrar0-1,transcript0-2,read> 1.6939232861586226E-4
<847,admissions4-0,stu0-19application0-19,setStatus> 1.0725700020464642E-4
<848,admissions0-0,stu5-16application5-16,setStatus> 1.6617859406920307E-4
<849,registrar4-1,roster5-2,write> 1.1542196462433246E-4
<850,registrar4-0,transcript3-19,read> 3.9549853344679795E-4
<851,admissions0-1,stu4-0application4-0,read> 6.63608378550447E-5
<852,registrar4-1,roster5-1,write> 1.1477246236149918E-4
<853,registrar4-1,transcript1-17,read> 3.950734551839585E-5
<854,admissions0-1,stu1-12application1-12,setStatus> 1.503701138575373E-4
<855,registrar4-0,transcript1-0,read> 3.066375863574748E-4
<856,registrar2-0,roster0-3,write> 1.4145192095438828E-4
<857,chair0,transcript0-1,read> 9.517417903481802E-4
<858,admissions0-1,stu0-16application0-16,setStatus> 1.5164062353279902E-4
<859,registrar4-1,roster5-6,write> 9.853490579066696E-5
<860,registrar4-1,roster1-9,write> 1.7777418185632826E-4
<861,admissions2-0,stu4-11application4-11,read> 1.679914952539495E-4
<862,admissions2-1,application0-3,setStatus> 6.44434485740849E-5
<863,registrar4-1,roster5-5,write> 9.983391031633353E-5
<864,admissions0-1,stu1-15application1-15,setStatus> 1.7705081703803325E-4
<865,admissions4-0,stu1-4application1-4,read> 1.855697551780925E-4
<866,admissions2-1,stu4-13application4-13,read> 1.6398025102307061E-4
<867,registrar4-1,roster5-4,write> 9.59368967393338E-5
<868,admissions0-1,stu3-12application3-12,read> 7.865937151157809E-5
<869,admissions4-1,application5-4,read> 1.8463947174399676E-4
<870,stu4-9,stu4-9application4-9,checkStatus> 0.0013931247806764889
<871,registrar4-1,roster5-3,write> 9.65863990021671E-5
<872,registrar2-1,transcript0-19,read> 3.223353938526831E-4
<873,admissions4-0,stu4-2application4-2,setStatus> 1.018319886031469E-4
<874,registrar4-0,roster5-2,write> 1.1364965038825825E-4
<875,stu1-0,gradebook1-7,readMyScores> 8.559382463791502E-5
<876,admissions4-0,stu4-8application4-8,setStatus> 8.989696307984802E-5
<877,admissions2-1,stu1-8application1-8,setStatus> 1.3320627952144123E-4
<878,registrar4-0,roster5-3,write> 9.510330650309351E-5
<879,registrar4-0,roster5-4,write> 9.446377740360507E-5
<880,admissions2-1,stu0-3application0-3,read> 7.183805755361309E-5
<881,registrar4-0,roster5-5,write> 9.83009520005357E-5
<882,registrar4-0,transcript3-5,read> 8.852435259277263E-5
<883,registrar2-0,roster5-2,write> 9.947113649966462E-5
<884,admissions2-1,application2-3,read> 5.212604601537096E-5
<885,stu0-13,transcript0-13,read> 0.0015749132808265914
<886,stu2-12,gradebook2-7,addScore> 4.377293611819732E-4
<887,registrar4-0,roster5-6,write> 9.702189380155881E-5
<888,registrar4-0,roster5-7,write> 1.0213812659746635E-4
<889,registrar2-1,roster4-2,read> 1.397012736753986E-4
<890,registrar4-1,roster1-5,read> 2.3818804077268093E-4
<891,registrar4-0,roster5-8,write> 1.0085906839848946E-4
<892,admissions0-1,stu3-4application3-4,setStatus> 6.270494626447911E-5
<893,fac2-4,gradebook2-9,changeScore> 0.002125914722324481
<894,registrar4-1,roster5-8,read> 1.408438891305417E-4
<895,admissions0-1,stu2-13application2-13,read> 1.133188754527176E-4
<896,admissions0-0,stu5-8application5-8,read> 2.1466970435393234E-4
<897,admissions0-0,stu4-12application4-12,setStatus> 2.0761036756256358E-4
<898,admissions2-1,stu1-6application1-6,read> 2.3245657017481292E-5
<899,stu2-8,gradebook2-7,readMyScores> 2.798941598734351E-4
<900,admissions2-0,stu0-16application0-16,setStatus> 1.284697302934919E-4
<901,admissions2-0,stu5-19application5-19,setStatus> 3.374881202508383E-5
<902,admissions2-1,stu1-9application1-9,setStatus> 1.582109453204799E-4
<903,registrar4-1,transcript5-17,read> 2.5442925853008946E-5
<904,admissions4-1,stu0-12application0-12,setStatus> 5.506885596171239E-5
<905,registrar4-0,transcript2-8,read> 2.2008471581592634E-4
<906,stu4-5,gradebook4-5,addScore> 3.165969738891158E-4
<907,admissions0-0,stu2-13application2-13,read> 1.1370365941011221E-4
<908,fac1-1,gradebook1-3,addScore> 1.4487541889538925E-4
<909,admissions0-1,stu0-0application0-0,setStatus> 1.535463880456916E-4
<910,admissions2-1,stu4-1application4-1,read> 1.6627234538798248E-4
<911,fac1-1,gradebook1-2,addScore> 1.203822426386324E-4
<912,admissions2-1,stu5-19application5-19,setStatus> 3.26666857878066E-5
<913,admissions4-1,stu4-17application4-17,read> 8.358800713440357E-5
<914,stu2-3,gradebook2-3,addScore> 5.164563984552417E-4
<915,registrar4-1,roster1-6,read> 2.364019095498894E-4
<916,admissions4-0,stu0-12application0-12,setStatus> 5.463438767010125E-5
<917,app4-0,application4-0,checkStatus> 0.0015674772649607008
<918,stu4-14,stu4-14application4-14,checkStatus> 0.0018231942419108787
<919,registrar2-0,roster0-4,read> 1.9834462988730023E-4
<920,admissions2-0,stu5-3application5-3,setStatus> 1.564554561455215E-4
<921,admissions2-0,stu1-8application1-8,setStatus> 1.3761890989896308E-4
<922,stu3-11,stu3-11application3-11,checkStatus> 0.0014338070270094717
<923,fac1-0,gradebook1-1,addScore> 2.2908536388396755E-4
<924,admissions4-0,stu1-10application1-10,setStatus> 1.1756452224749548E-4
<925,admissions2-1,stu3-3application3-3,setStatus> 1.9363422186911795E-4
<926,registrar2-0,roster4-6,write> 8.155933513231588E-5
<927,registrar4-1,roster3-8,read> 1.5156067646729095E-4
<928,registrar0-1,transcript5-6,read> 2.886496990127202E-4
<929,admissions0-0,application2-0,setStatus> 6.54675138853421E-5
<930,admissions4-0,stu4-17application4-17,read> 8.292853567772188E-5
<931,admissions0-1,stu5-11application5-11,setStatus> 1.3512399775439672E-4
<932,stu0-10,transcript0-10,read> 0.0015557484088581095
<933,admissions4-0,stu4-9application4-9,setStatus> 1.3004204893094434E-4
<934,chair3,transcript3-3,read> 4.085491936728782E-4
<935,fac1-0,roster1-1,read> 0.0027348645116025737
<936,admissions0-1,stu4-4application4-4,setStatus> 1.7450979768750982E-4
<937,registrar4-1,transcript3-19,read> 4.0166615190210863E-4
<938,admissions4-0,stu1-9application1-9,setStatus> 1.6476212318054114E-4
<939,admissions2-1,stu1-9application1-9,read> 1.392256318820223E-4
<940,admissions0-1,stu2-1application2-1,setStatus> 1.42747055805967E-4
<941,stu0-6,gradebook0-9,addScore> 9.434744839332994E-5
<942,fac4-3,gradebook4-7,changeScore> 0.001292903239291215
<943,registrar4-1,transcript0-11,read> 3.7939748743191266E-4
<944,admissions0-0,application3-0,read> 1.37823325702247E-4
<945,admissions2-0,stu0-1application0-1,setStatus> 1.6526826885373277E-5
<946,fac4-4,gradebook4-9,changeScore> 0.0011071641923986626
<947,admissions4-0,stu4-7application4-7,setStatus> 4.0529357506202543E-5
<948,stu5-19,stu5-19application5-19,checkStatus> 3.644451233996377E-4
<949,registrar0-1,transcript4-10,read> 3.284021558116728E-4
<950,admissions4-0,stu3-18application3-18,read> 1.5071948065005972E-4
<951,admissions4-0,application5-3,setStatus> 2.0653471251208733E-4
<952,stu0-7,gradebook0-8,addScore> 4.916117519942477E-5
<953,stu1-1,stu1-1application1-1,checkStatus> 0.00228232245052597
<954,admissions2-1,application5-1,read> 1.726902096097357E-4
<955,registrar2-0,roster3-4,read> 1.2445844924698662E-4
<956,registrar0-0,roster4-2,read> 1.3412561308524964E-4
<957,admissions2-1,stu3-5application3-5,setStatus> 1.1341091909720228E-4
<958,registrar2-1,roster2-1,write> 8.13603913010098E-5
<959,registrar2-0,roster4-4,write> 7.820087237593801E-5
<960,fac0-4,gradebook0-8,changeScore> 2.741527093653964E-4
<961,stu3-14,stu3-14application3-14,checkStatus> 0.0013524425343435062
<962,registrar2-1,roster2-3,write> 7.348907213108774E-5
<963,registrar4-0,transcript2-1,read> 2.2354683063758823E-4
<964,registrar2-0,transcript4-10,read> 3.421173270520675E-4
<965,admissions0-1,stu3-13application3-13,read> 1.3288472445174796E-4
<966,fac3-2,roster3-5,read> 0.0016967270756585357
<967,registrar2-1,roster2-2,write> 7.517578338178531E-5
<968,registrar2-1,roster2-5,write> 7.573802046535117E-5
<969,registrar0-0,roster3-4,read> 1.2002340428495595E-4
<970,fac5-3,roster5-7,read> 0.0016254823496623765
<971,registrar2-0,transcript2-18,read> 3.4918777986849605E-4
<972,admissions2-0,stu0-5application0-5,read> 1.5283614833100422E-4
<973,registrar2-1,roster2-4,write> 7.630025754891706E-5
<974,registrar2-1,roster2-7,write> 1.0328763756007834E-4
<975,admissions4-0,application3-0,setStatus> 1.3329705589184404E-4
<976,registrar2-1,roster2-9,write> 1.0497434881077596E-4
<977,admissions4-0,application4-4,setStatus> 1.5499710229784205E-4
<978,registrar2-1,roster2-8,write> 1.0441211172721009E-4
<979,fac1-2,gradebook1-4,changeScore> 7.807137463450852E-4
<980,admissions0-0,stu0-4application0-4,read> 1.423107054775279E-4
<981,admissions4-0,stu0-2application0-2,setStatus> 9.064290217505421E-6
<982,fac1-2,gradebook1-5,changeScore> 7.975991142444083E-4
<983,stu0-8,gradebook0-7,addScore> 7.949013375298541E-5
<984,admissions2-0,stu0-18application0-18,setStatus> 2.1081234674273292E-4
<985,registrar0-0,roster5-9,read> 1.2076562580076083E-4
<986,stu0-3,transcript0-3,read> 5.16054104567973E-4
<987,registrar2-0,roster3-6,read> 1.290763355370062E-4
<988,registrar2-0,transcript1-0,read> 2.683826048235988E-4
<989,admissions0-0,stu1-17application1-17,setStatus> 7.630351618360563E-5
<990,admissions4-1,stu0-5application0-5,setStatus> 1.764618491615484E-4
<991,chair4,transcript4-16,read> 0.0020270414205013298
<992,admissions2-1,stu4-9application4-9,setStatus> 1.2487139092176168E-4
<993,admissions4-1,stu5-0application5-0,setStatus> 1.3326344167151664E-4
<994,stu2-1,stu2-1application2-1,checkStatus> 0.0013059485385343826
<995,admissions4-0,stu1-10application1-10,read> 1.03456779577796E-4
<996,registrar4-1,transcript2-13,read> 3.9228987212518396E-4
<997,admissions2-1,stu1-1application1-1,setStatus> 2.045737631561974E-4
<998,admissions0-0,stu4-10application4-10,setStatus> 3.7421390289836514E-5
<999,admissions2-1,stu0-18application0-18,read> 1.795664927044713E-4
<1000,registrar0-0,transcript2-15,read> 3.289519924356676E-4
<1001,fac3-4,gradebook3-9,changeScore> 4.8240558012371294E-4
<1002,admissions4-1,stu0-2application0-2,setStatus> 9.13637204826093E-6
<1003,stu2-11,stu2-11application2-11,checkStatus> 7.945145846340276E-4
<1004,stu4-11,gradebook4-6,readMyScores> 8.508932394855078E-5
<1005,registrar2-1,roster5-5,write> 8.642052505310255E-5
<1006,admissions4-1,stu5-14application5-14,setStatus> 3.538350571309034E-5
<1007,admissions2-1,stu3-17application3-17,read> 1.300572544223748E-4
<1008,admissions2-1,stu0-1application0-1,setStatus> 1.599690858844748E-5
<1009,admissions0-0,stu0-4application0-4,setStatus> 1.6171671076991808E-4
<1010,registrar4-1,roster2-7,read> 1.6406359502683175E-4
<1011,fac2-4,roster2-8,read> 0.001890105617648111
<1012,admissions2-0,stu0-4application0-4,setStatus> 1.365425358277312E-4
<1013,admissions4-1,stu2-16application2-16,setStatus> 1.1193764556884279E-4
<1014,admissions0-1,stu5-3application5-3,read> 1.6251301007885112E-4
<1015,stu5-1,transcript5-1,read> 0.0013832645611417734
<1016,admissions2-0,stu4-9application4-9,setStatus> 1.2900791732910782E-4
<1017,fac5-2,roster5-5,read> 0.0015644154416656684
<1018,stu2-3,gradebook2-3,readScore> 1.9027340995719428E-4
<1019,registrar4-0,roster2-5,write> 8.614989911025531E-5
<1020,registrar4-1,transcript4-19,read> 4.2979499123288245E-4
<1021,fac3-2,roster3-4,read> 0.0016458379856612792
<1022,registrar0-1,roster0-8,write> 1.4813923863846404E-4
<1023,stu0-9,gradebook0-2,addScore> 1.4702433563506265E-4
<1024,registrar4-0,transcript2-15,read> 3.8972834207736133E-4
<1025,admissions0-1,application5-4,setStatus> 2.4375257498927315E-4
<1026,registrar2-1,transcript2-15,read> 3.426266711050487E-4
<1027,admissions4-0,stu5-14application5-14,setStatus> 3.5104345904703035E-5
<1028,admissions4-1,application5-1,read> 1.8127108959034365E-4
<1029,admissions4-0,stu2-16application2-16,setStatus> 1.1105450832569608E-4
<1030,registrar0-1,roster0-9,read> 2.0516903960969833E-4
<1031,admissions4-1,application2-3,read> 5.471616010309124E-5
<1032,admissions2-0,stu1-2application1-2,read> 1.4810010241758382E-4
<1033,admissions2-1,stu0-4application0-4,setStatus> 1.3216441844648126E-4
<1034,admissions4-0,stu3-19application3-19,read> 1.4451326737794425E-4
<1035,admissions4-0,stu3-15application3-15,setStatus> 1.5282709765724223E-4
<1036,registrar4-1,roster0-7,read> 2.3104351588151473E-4
<1037,admissions2-0,stu3-17application3-17,read> 1.3436556926866466E-4
<1038,registrar2-0,transcript4-6,read> 2.1080891760410952E-4
<1039,stu2-8,gradebook2-6,addScore> 6.644604584717329E-4
<1040,registrar0-0,roster0-6,read> 1.9276111283383928E-4
<1041,admissions4-1,stu0-15application0-15,read> 1.1342224906675966E-4
<1042,admissions4-1,stu1-0application1-0,setStatus> 2.016153522570099E-4
<1043,admissions4-1,stu5-8application5-8,read> 1.8415827429347494E-4
<1044,admissions0-1,application5-3,read> 2.128251932192149E-4
<1045,admissions0-0,stu3-7application3-7,read> 1.6138206952247172E-4
<1046,admissions0-0,stu0-18application0-18,read> 2.1971800660112328E-4
<1047,chair3,transcript3-17,read> 0.001921728570125506
<1048,chair3,transcript3-15,read> 0.0019383569149216886
<1049,fac5-1,gradebook5-2,assignGrade> 1.9640966132893027E-4
<1050,admissions0-0,stu4-11application4-11,read> 1.989638751404492E-4
<1051,admissions0-0,stu1-8application1-8,read> 1.434325504213481E-4
<1052,admissions2-0,stu4-17application4-17,setStatus> 9.34875729784548E-5
<1053,fac1-1,gradebook1-3,assignGrade> 3.1299910634806507E-4
<1054,admissions4-1,application2-1,read> 4.9904185597872515E-5
<1055,chair3,transcript3-10,read> 0.001971613604514054
<1056,admissions0-0,stu5-4application5-4,read> 6.995170660112351E-5
<1057,registrar4-1,transcript4-11,read> 4.00494116929993E-4
<1058,admissions2-0,stu5-2application5-2,setStatus> 1.5322633393182578E-4
<1059,admissions4-1,application2-2,read> 5.038538304839439E-5
<1060,registrar4-1,transcript3-10,read> 4.1690260653961104E-4
<1061,admissions4-1,application2-0,read> 4.942298814735064E-5
<1062,registrar0-1,roster1-5,write> 1.433035010616304E-4
<1063,admissions4-0,application2-3,read> 5.4284474421804526E-5
<1064,admissions4-0,application2-2,read> 4.998786523341692E-5
<1065,admissions4-0,application2-4,read> 5.523927646366843E-5
<1066,admissions0-1,stu1-2application1-2,setStatus> 1.986494815174824E-4
<1067,admissions0-1,stu0-10application0-10,read> 2.1785641153325132E-4
<1068,registrar4-0,transcript0-18,read> 3.678016148735024E-4
<1069,admissions0-0,stu2-16application2-16,read> 1.1482550435393242E-4
<1070,registrar2-1,transcript1-18,read> 3.5213820731709506E-5
<1071,registrar4-0,transcript1-3,read> 3.5972334695629133E-4
<1072,admissions4-0,stu0-15application0-15,read> 1.1252739897550319E-4
<1073,registrar2-1,roster5-1,write> 9.935197797511734E-5
<1074,registrar0-1,roster3-6,read> 1.239017831101329E-4
<1075,registrar0-1,transcript4-5,read> 2.0138820847843386E-4
<1076,fac2-4,gradebook2-8,assignGrade> 7.632755836633441E-4
<1077,admissions2-0,stu2-1application2-1,setStatus> 1.2093511179486848E-4
<1078,admissions2-1,stu0-18application0-18,setStatus> 2.040528326187174E-4
<1079,fac4-2,gradebook4-4,addScore> 8.866097884008109E-4
<1080,registrar0-0,transcript1-7,read> 2.997298536875269E-4
<1081,registrar4-0,roster2-7,read> 1.615443843546347E-4
<1082,admissions0-1,stu3-7application3-7,read> 1.6083593730750563E-4
<1083,admissions2-0,stu2-4application2-4,setStatus> 3.4286999060699787E-5
<1084,fac1-3,gradebook1-7,changeScore> 8.257413940766132E-4
<1085,stu3-12,stu3-12application3-12,checkStatus> 8.177615825385892E-4
<1086,admissions0-1,stu4-11application4-11,read> 1.9829056253422095E-4
<1087,registrar2-1,transcript4-6,read> 2.1174793282729046E-4
<1088,registrar4-0,roster0-5,read> 2.2573711771578696E-4
<1089,stu2-9,gradebook2-2,addScore> 6.126513958462834E-4
<1090,admissions4-1,stu0-11application0-11,read> 1.6154199411894687E-4
<1091,fac5-3,gradebook5-6,readScore> 6.613285392450168E-5
<1092,registrar0-1,transcript2-12,read> 3.235542952264347E-4
<1093,admissions4-0,stu1-9application1-9,read> 1.4499066839887618E-4
<1094,registrar0-1,roster1-9,write> 1.4706463028805658E-4
<1095,admissions2-1,stu4-17application4-17,setStatus> 9.048997544808348E-5
<1096,admissions4-0,stu0-5application0-5,setStatus> 1.7506964522339023E-4
<1097,stu4-6,gradebook4-9,readScore> 1.2424357324517532E-4
<1098,admissions4-0,application2-0,read> 4.9033063191553006E-5
<1099,stu5-0,transcript5-0,read> 0.001397638215118135
<1100,admissions4-0,application2-1,read> 4.951046421248496E-5
<1101,registrar0-1,roster2-1,read> 1.069095385693147E-4
<1102,registrar0-1,roster2-6,read> 1.3498368172371E-4
<1103,registrar0-0,transcript4-5,read> 2.0232272452705769E-4
<1104,admissions2-1,stu4-4application4-4,read> 1.259314845655334E-4
<1105,registrar0-1,roster2-5,read> 9.952160616026328E-5
<1106,registrar2-1,transcript0-5,read> 1.1333523815331717E-4
<1107,stu1-17,stu1-17application1-17,checkStatus> 6.957148435396406E-4
<1108,stu5-17,transcript5-17,read> 1.0400935724561467E-4
<1109,registrar2-0,roster1-5,write> 1.4928833405260337E-4
<1110,admissions0-1,stu2-10application2-10,read> 1.3567984573732375E-4
<1111,registrar0-1,roster2-4,read> 1.0026039940116843E-4
<1112,registrar2-1,roster1-8,read> 2.1082426474648E-4
<1113,stu5-15,gradebook5-9,readScore> 2.555787646447135E-5
<1114,stu0-12,transcript0-12,read> 0.0015844957168108323
<1115,registrar2-0,roster2-9,write> 1.0450883063423148E-4
<1116,admissions2-1,stu2-1application2-1,setStatus> 1.1705743285956208E-4
<1117,registrar2-0,roster2-7,write> 1.0282959925604251E-4
<1118,stu5-4,gradebook5-6,readMyScores> 7.688145430128229E-5
<1119,registrar2-0,roster2-8,write> 1.0394908684150181E-4
<1120,registrar2-0,roster2-5,write> 7.540215341228974E-5
<1121,fac1-3,roster1-6,read> 0.0026941532396047682
<1122,registrar0-0,roster2-8,read> 1.3783672066427428E-4
<1123,registrar2-0,roster3-9,read> 1.31385278682016E-4
<1124,admissions2-0,stu3-11application3-11,setStatus> 1.3277522657841953E-4
<1125,registrar2-0,roster2-6,write> 1.0226985546331289E-4
<1126,registrar0-0,roster2-9,read> 1.3857894218007922E-4
<1127,registrar2-0,roster2-3,write> 7.316317824137116E-5
<1128,registrar0-0,roster2-6,read> 1.3561005611685952E-4
<1129,admissions2-1,stu0-5application0-5,read> 1.4793559046868745E-4
<1130,chair1,transcript1-8,read> 0.0016889317429789475
<1131,registrar2-0,roster2-4,write> 7.59618972050194E-5
<1132,admissions4-1,stu5-16application5-16,read> 1.2545218532980648E-4
<1133,registrar0-0,roster2-7,read> 1.363522776326644E-4
<1134,stu1-15,gradebook1-3,readMyScores> 9.458164716879439E-5
<1135,fac5-2,roster5-4,read> 0.0015033485336689602
<1136,app2-0,application2-0,checkStatus> 5.969151024452538E-4
<1137,registrar2-0,roster4-7,write> 7.988010375412694E-5
<1138,registrar2-0,roster2-1,write> 8.099959133958624E-5
<1139,registrar4-1,roster4-7,write> 9.268938542516735E-5
<1140,admissions0-1,stu5-5application5-5,read> 9.822522051060843E-5
<1141,registrar2-0,roster2-2,write> 7.484240961956009E-5
<1142,admissions4-1,stu3-11application3-11,read> 1.1871542102250027E-4
<1143,admissions4-1,stu3-15application3-15,setStatus> 1.540424224895066E-4
<1144,admissions2-1,stu0-4application0-4,read> 1.1630468823290352E-4
<1145,registrar0-0,roster2-1,read> 1.0740563851627207E-4
<1146,registrar0-0,roster2-3,read> 9.701453729500303E-5
<1147,stu1-0,gradebook1-8,addScore> 1.9983273839420607E-4
<1148,registrar0-0,roster2-2,read> 9.92412018424178E-5
<1149,registrar0-0,roster2-5,read> 9.998342335822274E-5
<1150,admissions0-0,stu2-1application2-1,setStatus> 1.432317656728803E-4
<1151,registrar4-1,roster0-8,write> 1.7907318638199482E-4
<1152,registrar0-0,roster2-4,read> 1.007256448740277E-4
<1153,admissions4-0,stu2-17application2-17,read> 1.0202457651500014E-4
<1154,admissions2-1,stu4-3application4-3,read> 1.7910807383148897E-4
<1155,stu0-11,transcript0-11,read> 0.001550957190865989
<1156,fac1-4,gradebook1-9,changeScore> 7.469430105464393E-4
<1157,fac1-4,gradebook1-8,changeScore> 7.300576426471164E-4
<1158,admissions2-1,stu2-5application2-5,read> 1.2409780907360392E-4
<1159,fac2-1,roster2-3,read> 0.0013303256276782872
<1160,admissions2-1,stu5-2application5-2,setStatus> 1.4831326510836044E-4
<1161,admissions0-1,application5-0,setStatus> 2.3867053628822633E-4
<1162,admissions0-0,stu5-5application5-5,read> 9.855875266853918E-5
<1163,fac2-1,gradebook2-2,readScore> 1.4934801862002828E-4
<1164,stu3-9,transcript3-9,read> 3.244053848831551E-4
<1165,stu2-2,gradebook2-3,readMyScores> 2.377963096990435E-4
<1166,admissions2-0,application0-1,read> 5.764162547125414E-5
<1167,registrar4-1,roster2-3,read> 1.1673111762285582E-4
<1168,admissions2-1,stu0-8application0-8,setStatus> 1.5091791779576027E-4
<1169,admissions4-0,stu5-13application5-13,setStatus> 2.0273720439103768E-4
<1170,registrar4-0,transcript4-10,read> 3.9088238035124865E-4
<1171,admissions2-0,application0-0,read> 5.95360438366223E-5
<1172,registrar2-0,transcript3-4,read> 7.849044346809028E-5
<1173,admissions2-0,application0-4,setStatus> 6.604003416204113E-5
<1174,registrar4-0,roster2-8,read> 1.6330308937822791E-4
<1175,stu0-5,stu0-5application0-5,checkStatus> 0.0018754999871961422
<1176,admissions0-1,stu0-2application0-2,setStatus> 1.0614049578748891E-5
<1177,admissions4-0,application5-4,setStatus> 2.0816221599253716E-4
<1178,admissions2-1,stu3-15application3-15,read> 1.2914041667641004E-4
<1179,registrar0-0,transcript5-3,read> 2.8511878431345647E-4
<1180,admissions0-1,stu5-6application5-6,read> 3.3378406685250625E-5
<1181,stu4-16,gradebook4-9,readMyScores> 6.565217927934097E-5
<1182,admissions2-0,stu2-5application2-5,read> 1.2820870958121813E-4
<1183,admissions4-0,stu1-11application1-11,read> 1.5024207962912773E-4
<1184,fac0-0,gradebook0-1,changeScore> 3.1355190113048324E-4
<1185,admissions4-1,stu3-3application3-3,setStatus> 2.0325579811106173E-4
<1186,admissions0-1,stu4-4application4-4,read> 1.5356862196500863E-4
<1187,admissions2-0,stu0-12application0-12,read> 4.7695929053071294E-5
<1188,admissions4-0,stu1-5application1-5,read> 1.025019775359321E-4
<1189,app1-4,application1-4,checkStatus> 1.6684564121086405E-4
<1190,admissions2-1,application5-0,setStatus> 1.9571794401903786E-4
<1191,stu3-7,gradebook3-4,addScore> 1.0613259758434333E-4
<1192,admissions4-0,application4-2,read> 1.340104449174412E-4
<1193,stu1-1,gradebook1-3,addScore> 2.3486629343109184E-4
<1194,registrar4-0,transcript0-13,read> 3.793419976123755E-4
<1195,admissions2-1,stu3-14application3-14,read> 1.0667789190027364E-4
<1196,admissions2-0,stu0-0application0-0,setStatus> 1.3008429140033974E-4
<1197,stu4-17,gradebook4-6,readMyScores> 8.709142568851669E-5
<1198,chair0,transcript0-12,read> 0.0018330440645458646
<1199,stu4-17,gradebook4-5,readMyScores> 5.827263651677409E-5
<1200,admissions4-0,application5-3,read> 1.8175054701063682E-4
<1201,admissions2-0,application0-4,read> 5.811523006259618E-5
<1202,admissions2-0,application0-3,setStatus> 6.657822119765707E-5
<1203,admissions2-0,application0-2,setStatus> 6.496366009080921E-5
<1204,stu4-17,gradebook4-4,readMyScores> 4.6260230025916264E-5
<1205,admissions2-0,application0-2,read> 5.7168020879912103E-5
<1206,admissions2-0,application0-1,setStatus> 6.550184712642515E-5
<1207,admissions2-0,application0-3,read> 5.858883465393821E-5
<1208,admissions2-0,application0-0,setStatus> 6.765459526888899E-5
<1209,registrar4-0,transcript3-1,read> 8.275416122333607E-5
<1210,admissions0-1,stu5-17application5-17,setStatus> 1.5989893642200014E-4
<1211,admissions2-1,application0-0,read> 5.7627072491159453E-5
<1212,admissions2-1,application0-2,read> 5.533497812624758E-5
<1213,admissions2-1,application0-1,read> 5.579339699922996E-5
<1214,admissions0-0,stu1-16application1-16,setStatus> 1.4131952997318675E-4
<1215,registrar0-1,roster2-9,read> 1.3793885468733059E-4
<1216,registrar0-0,transcript3-17,read> 3.377186340601099E-4
<1217,admissions0-0,stu5-6application5-6,read> 3.349174592696625E-5
<1218,registrar0-1,roster2-8,read> 1.3720006144642542E-4
<1219,registrar0-0,roster3-8,read> 1.2596117641139538E-4
<1220,admissions0-0,stu1-13application1-13,read> 1.3501871334269648E-4
<1221,fac4-2,gradebook4-4,readScore> 3.2664571151608815E-4
<1222,registrar0-0,transcript3-11,read> 3.445371331013427E-4
<1223,registrar0-1,roster2-7,read> 1.3572247496461512E-4
<1224,admissions4-0,stu3-7application3-7,setStatus> 1.5608210461814196E-4
<1225,registrar4-1,roster3-6,write> 1.0892694199599958E-4
<1226,admissions2-0,stu3-14application3-14,read> 1.102117351102206E-4
<1227,stu3-8,gradebook3-8,addScore> 2.1547244190687153E-4
<1228,chair2,transcript2-5,read> 0.0010515118591252765
<1229,admissions4-1,stu4-0application4-0,read> 5.71221473557006E-5
<1230,stu4-16,gradebook4-5,readMyScores> 5.782610290361873E-5
<1231,registrar0-0,transcript4-8,read> 1.9647829677742957E-4
<1232,fac3-1,gradebook3-2,changeScore> 4.880340360901539E-4
<1233,admissions2-1,application0-0,setStatus> 6.548530964904485E-5
<1234,admissions4-1,stu2-16application2-16,read> 9.850512810058164E-5
<1235,admissions0-1,stu0-4application0-4,setStatus> 1.6116944609726187E-4
<1236,admissions2-1,stu1-5application1-5,read> 9.842635218659087E-5
<1237,admissions0-0,stu1-6application1-6,setStatus> 3.2322095090653694E-5
<1238,stu4-4,gradebook4-5,readMyScores> 1.1766160706643659E-4
<1239,registrar2-1,transcript4-19,read> 3.720490231209789E-4
<1240,admissions4-0,stu5-0application5-0,setStatus> 1.3221205357154413E-4
<1241,registrar2-0,roster5-7,read> 1.229191538169801E-4
<1242,chair2,transcript2-7,read> 0.0010625974223227319
<1243,stu3-15,gradebook3-3,readMyScores> 3.1811816999229734E-5
<1244,stu4-16,gradebook4-4,readMyScores> 4.590574550464488E-5
<1245,fac1-4,gradebook1-9,assignGrade> 2.667653609094426E-4
<1246,admissions2-1,application0-2,setStatus> 6.288065696164499E-5
<1247,fac5-1,gradebook5-3,assignGrade> 1.9439949848377278E-4
<1248,admissions2-1,application0-3,read> 5.671023474519471E-5
<1249,chair2,transcript2-1,read> 0.0010736829855201868
<1250,stu4-16,gradebook4-2,readMyScores> 8.593931919433327E-5
<1251,admissions0-0,stu2-13application2-13,setStatus> 1.2920870387512752E-4
<1252,admissions2-1,application0-1,setStatus> 6.340158749912496E-5
<1253,admissions4-0,stu2-4application2-4,read> 3.041442337520671E-5
<1254,admissions2-1,application0-4,read> 5.625181587221233E-5
<1255,chair2,transcript2-2,read> 0.0010681402039214596
<1256,registrar2-0,transcript2-10,read> 3.35046874235639E-4
<1257,admissions4-0,application3-4,setStatus> 1.3438205821214393E-4
<1258,registrar4-0,roster2-1,read> 1.2724963639456713E-4
<1259,admissions2-1,application0-4,setStatus> 6.392251803660493E-5
<1260,admissions4-1,stu4-14application4-14,setStatus> 1.7154051159939287E-4
<1261,registrar2-1,transcript5-6,read> 3.0204411660031747E-4
<1262,admissions4-1,stu3-7application3-7,setStatus> 1.573233141976103E-4
<1263,admissions0-1,stu4-9application4-9,read> 1.3400277296597826E-4
<1264,fac1-4,gradebook1-9,readScore> 1.1531064659688916E-4
<1265,admissions4-0,stu2-13application2-13,setStatus> 1.0996950600539617E-4
<1266,admissions2-1,stu2-11application2-11,read> 6.266968009396558E-5
<1267,admissions2-0,stu1-15application1-15,read> 1.3199754631195443E-4
<1268,registrar4-0,transcript0-10,read> 3.747258445168262E-4
<1269,admissions0-1,stu4-16application4-16,read> 1.6810325265000266E-4
<1270,chair0,transcript0-8,read> 6.247176760232537E-4
<1271,admissions4-1,stu1-9application1-9,read> 1.4614367570224698E-4
<1272,fac3-0,gradebook3-1,readScore> 5.428682117625316E-5
<1273,stu0-0,gradebook0-1,addScore> 1.4813431739195128E-4
<1274,registrar2-0,transcript0-10,read> 3.2797642141921046E-4
<1275,stu1-3,gradebook1-2,addScore> 1.9680236936486318E-4
<1276,admissions2-1,application4-3,setStatus> 1.4935512618332038E-4
<1277,stu3-9,gradebook3-5,addScore> 2.3094384901852118E-4
<1278,stu4-19,gradebook4-1,readMyScores> 4.126671841767163E-5
<1279,admissions0-0,stu1-2application1-2,setStatus> 1.993240128638915E-4
<1280,stu4-19,gradebook4-4,readMyScores> 4.7678168111001824E-5
<1281,registrar0-1,roster0-6,write> 1.3954237183520424E-4
<1282,stu1-2,stu1-2application1-2,checkStatus> 0.0018173824924347382
<1283,registrar2-1,transcript4-14,read> 3.69005331533124E-4
<1284,admissions0-0,stu1-4application1-4,setStatus> 2.477673172561284E-4
<1285,stu4-19,gradebook4-3,readMyScores> 7.63460983233953E-5
<1286,stu4-19,gradebook4-7,readMyScores> 4.812240349886354E-5
<1287,admissions4-0,stu1-7application1-7,read> 2.9459621333342795E-5
<1288,admissions0-0,stu0-2application0-2,setStatus> 1.0650090494126647E-5
<1289,stu1-7,gradebook1-2,readScore> 7.129517765036304E-5
<1290,fac2-4,gradebook2-9,assignGrade> 7.59255257973029E-4
<1291,admissions2-1,stu0-12application0-12,read> 4.616660066660007E-5
<1292,admissions2-0,stu3-6application3-6,read> 1.774635870807903E-4
<1293,admissions4-1,stu2-6application2-6,read> 1.3459493688972206E-4
<1294,chair5,transcript5-0,read> 0.0016168755821954891
<1295,admissions4-0,stu3-3application3-3,setStatus> 2.0165220207073775E-4
<1296,admissions2-0,stu2-11application2-11,read> 6.474569434138474E-5
<1297,admissions2-1,stu2-19application2-19,read> 1.0621947302729125E-4
<1298,stu4-18,gradebook4-5,readMyScores> 5.9612237356240177E-5
<1299,stu4-18,gradebook4-4,readMyScores> 4.732368358973043E-5
<1300,chair4,transcript4-3,read> 0.001140196364704918
<1301,admissions2-1,stu2-12application2-12,read> 4.845869503151195E-5
<1302,stu0-1,gradebook0-8,addScore> 4.814928137027709E-5
<1303,stu4-18,gradebook4-7,readMyScores> 4.776461611225488E-5
<1304,registrar2-1,roster4-3,read> 1.404743496653016E-4
<1305,registrar0-1,transcript4-16,read> 3.545806029719588E-4
<1306,admissions0-0,stu3-10application3-10,setStatus> 6.483010198544425E-5
<1307,registrar2-1,transcript3-19,read> 3.4769949041814016E-4
<1308,registrar2-1,roster4-4,read> 1.080051580893732E-4
<1309,admissions0-1,application4-3,read> 1.6027691305039047E-4
<1310,registrar0-1,transcript1-6,read> 2.9737584806614883E-4
<1311,registrar2-1,roster4-5,read> 1.0645900610956708E-4
<1312,admissions2-1,stu3-8application3-8,setStatus> 1.6498304230771953E-4
<1313,admissions0-0,stu5-2application5-2,read> 1.5969930210674136E-4
<1314,registrar2-1,roster4-6,read> 1.1264361402879153E-4
<1315,registrar2-1,transcript2-18,read> 3.5074318200599495E-4
<1316,admissions4-0,stu4-19application4-19,setStatus> 6.873941783399996E-5
<1317,registrar0-1,transcript4-19,read> 3.555501750890064E-4
<1318,registrar2-1,transcript2-14,read> 3.416121072424304E-4
<1319,admissions0-0,stu4-1application4-1,read> 2.034512549157301E-4
<1320,registrar2-1,roster4-1,read> 1.3892819768549552E-4
<1321,registrar4-1,roster1-1,read> 2.3997417199547247E-4
<1322,registrar0-1,roster0-9,write> 1.4921384698887155E-4
<1323,chair5,transcript5-3,read> 0.0016224183637942166
<1324,registrar2-1,transcript3-17,read> 3.517577458686133E-4
<1325,registrar0-1,roster0-7,write> 1.390050676600005E-4
<1326,registrar0-1,transcript0-15,read> 3.1676729040710133E-4
<1327,admissions4-0,stu3-13application3-13,setStatus> 1.2895704661064443E-4
<1328,admissions0-1,stu0-18application0-18,setStatus> 2.4883461369032005E-4
<1329,stu1-18,stu1-18application1-18,checkStatus> 0.0013001367890582423
<1330,registrar0-1,roster0-4,write> 1.3846776348479676E-4
<1331,registrar0-1,roster0-5,write> 1.3793045930959305E-4
<1332,admissions2-0,stu0-15application0-15,setStatus> 1.26855169186644E-4
<1333,registrar0-1,roster0-2,write> 1.3685585095918554E-4
<1334,admissions0-0,stu5-3application5-3,read> 1.6306483693820205E-4
<1335,registrar0-1,roster0-3,write> 1.3578124260877809E-4
<1336,registrar0-0,transcript0-4,read> 1.0394152407498394E-4
<1337,admissions4-1,stu1-7application1-7,read> 2.9693892675953873E-5
<1338,stu4-8,transcript4-8,read> 9.664285958272947E-4
<1339,registrar0-1,roster0-1,write> 1.347066342583706E-4
<1340,admissions0-1,stu5-8application5-8,read> 2.1394324173344527E-4
<1341,registrar2-0,transcript2-17,read> 3.4716765049237357E-4
<1342,registrar4-1,roster1-8,write> 1.7712467959349497E-4
<1343,admissions0-1,stu2-8application2-8,read> 2.2009250856171194E-4
<1344,stu2-9,gradebook2-2,readScore> 2.2571367215389385E-4
<1345,admissions2-0,stu0-0application0-0,read> 1.1447417643229895E-4
<1346,admissions4-0,application1-2,read> 2.0866402956567585E-5
<1347,admissions0-0,stu3-7application3-7,setStatus> 1.8338871536644513E-4
<1348,registrar2-0,roster4-7,read> 1.0983514266192455E-4
<1349,registrar2-0,roster4-6,read> 1.1214408580693434E-4
<1350,registrar2-0,roster4-9,read> 9.906007465187881E-5
<1351,registrar2-0,roster4-8,read> 1.0136901779688861E-4
<1352,registrar2-0,roster4-5,read> 1.0598690408690823E-4
<1353,registrar4-1,transcript4-2,read> 2.481295705549682E-4
<1354,registrar2-0,roster4-2,read> 1.390817558320487E-4
<1355,registrar2-0,roster4-3,read> 1.3985140354705192E-4
<1356,admissions0-1,stu3-10application3-10,setStatus> 6.461071077737169E-5
<1357,registrar0-1,roster3-4,write> 8.688656266523788E-5
<1358,admissions0-1,stu4-10application4-10,setStatus> 3.729475275924486E-5
<1359,admissions4-1,stu4-7application4-7,read> 3.594945953273822E-5
<1360,registrar2-0,roster4-1,read> 1.383121081170454E-4
<1361,admissions2-1,stu1-11application1-11,setStatus> 1.6394118123275962E-4
<1362,admissions2-0,stu0-18application0-18,read> 1.8551486513360496E-4
<1363,admissions4-0,stu5-3application5-3,setStatus> 1.577096080985918E-4
<1364,admissions2-1,stu0-15application0-15,setStatus> 1.2278766877184177E-4
<1365,registrar2-0,roster1-1,write> 1.5040782163806265E-4
<1366,admissions4-1,stu1-17application1-17,read> 5.760334480622248E-5
<1367,admissions2-0,stu2-6application2-6,read> 1.3247115090329648E-4
<1368,admissions2-1,stu4-8application4-8,setStatus> 8.632253114824373E-5
<1369,stu1-6,gradebook1-3,addScore> 2.318995613035412E-4
<1370,stu0-5,transcript0-5,read> 5.352189765364547E-4
<1371,admissions2-1,stu1-15application1-15,read> 1.277651600574629E-4
<1372,admissions0-1,stu1-3application1-3,setStatus> 1.7578030736277157E-4
<1373,admissions2-0,stu1-14application1-14,setStatus> 1.8282662089070325E-4
<1374,registrar0-1,roster2-2,write> 7.184204575953317E-5
<1375,admissions4-1,stu3-1application3-1,setStatus> 1.759150338768644E-4
<1376,admissions4-1,stu4-13application4-13,read> 1.7212833803042815E-4
<1377,admissions0-0,stu3-9application3-9,read> 9.182768300561784E-5
<1378,registrar0-1,roster1-8,read> 2.0147507340517265E-4
<1379,registrar4-0,transcript4-1,read> 2.4316548129367258E-4
<1380,stu3-13,transcript3-13,read> 0.0016851112946453615
<1381,admissions2-1,stu1-11application1-11,read> 1.4426823948482845E-4
<1382,admissions4-0,stu3-9application3-9,setStatus> 8.88119607595481E-5
<1383,registrar4-0,transcript4-2,read> 2.443195195675599E-4
<1384,admissions0-0,stu5-18application5-18,read> 1.2772672120786498E-4
<1385,registrar4-0,transcript4-4,read> 2.385493281981233E-4
<1386,registrar4-0,transcript4-9,read> 2.350872133764614E-4
<1387,registrar4-0,transcript4-8,read> 2.3277913682868674E-4
<1388,admissions0-0,stu4-15application4-15,setStatus> 1.5111973793411626E-5
<1389,registrar4-0,transcript4-6,read> 2.4085740474589793E-4
<1390,registrar4-0,transcript4-5,read> 2.397033664720106E-4
<1391,admissions2-0,stu3-7application3-7,setStatus> 1.5484089503867363E-4
<1392,registrar4-0,transcript4-3,read> 2.37395289924236E-4
<1393,admissions0-1,stu5-16application5-16,setStatus> 1.6561622996067785E-4
<1394,stu1-7,gradebook1-2,addScore> 1.9351548219384253E-4
<1395,admissions4-0,stu3-1application3-1,setStatus> 1.7452714406324024E-4
<1396,admissions0-0,stu1-3application1-3,setStatus> 1.7637718446756874E-4
<1397,stu3-0,transcript3-0,read> 3.4836147484375735E-4
<1398,registrar0-0,roster5-4,write> 7.973258404631773E-5
<1399,stu1-16,stu1-16application1-16,checkStatus> 0.0012885132901059616
<1400,registrar0-0,transcript1-3,read> 3.036261388539457E-4
<1401,admissions2-1,stu2-6application2-6,read> 1.282235789304453E-4
<1402,admissions4-1,application0-4,setStatus> 6.70987922247592E-5
<1403,fac4-1,gradebook4-2,assignGrade> 4.436596912833023E-4
<1404,registrar0-0,roster0-7,write> 1.3965010277675228E-4
<1405,chair0,transcript0-7,read> 6.358032392207088E-4
<1406,admissions4-1,application0-4,read> 5.9046937157788096E-5
<1407,registrar4-0,transcript1-11,read> 4.697897473282938E-5
<1408,registrar0-0,roster0-8,write> 1.4882665969943144E-4
<1409,admissions4-0,stu4-13application4-13,read> 1.7077032352920188E-4
<1410,registrar0-0,roster0-9,write> 1.4990625463151135E-4
<1411,registrar0-1,transcript4-9,read> 1.9750992001024337E-4
<1412,admissions0-1,stu4-1application4-1,read> 2.027627565911422E-4
<1413,admissions0-0,stu4-1application4-1,setStatus> 2.3119460785878422E-4
<1414,registrar0-1,transcript0-12,read> 3.206455788752919E-4
<1415,stu0-1,transcript0-1,read> 8.226920560636813E-4
<1416,admissions0-1,stu3-9application3-9,read> 9.15169294252266E-5
<1417,admissions0-0,stu4-4application4-4,read> 1.5409007738764022E-4
<1418,registrar0-0,roster0-1,write> 1.3533172304843266E-4
<1419,registrar4-1,transcript4-3,read> 2.410973607222748E-4
<1420,registrar0-0,roster0-2,write> 1.3749091291259246E-4
<1421,registrar0-0,roster0-3,write> 1.3641131798051255E-4
<1422,fac0-4,gradebook0-9,assignGrade> 1.0595233329684301E-4
<1423,registrar0-0,roster0-4,write> 1.391103053107123E-4
<1424,registrar0-0,roster0-5,write> 1.3857050784467237E-4
<1425,registrar0-0,roster0-6,write> 1.4018990024279221E-4
<1426,registrar4-0,roster0-4,write> 1.6481197834733352E-4
<1427,admissions0-0,stu5-1application5-1,setStatus> 3.869621408963223E-5
<1428,admissions0-1,stu4-2application4-2,setStatus> 1.1924262681362532E-4
<1429,admissions2-0,stu1-4application1-4,setStatus> 2.0919778563588507E-4
<1430,admissions0-1,stu5-18application5-18,read> 1.2729448188059642E-4
<1431,registrar4-1,transcript4-9,read> 2.3875329077804362E-4
<1432,registrar4-1,transcript4-8,read> 2.3640922083381245E-4
<1433,admissions2-1,stu2-0application2-0,setStatus> 1.0403416942256277E-4
<1434,registrar4-1,transcript5-0,read> 3.418923683242143E-4
<1435,admissions0-1,stu2-5application2-5,setStatus> 1.7196877833698643E-4
<1436,admissions2-1,stu0-0application0-0,read> 1.1080366175711501E-4
<1437,fac0-1,gradebook0-3,readScore> 8.35156563503382E-5
<1438,registrar4-1,transcript4-5,read> 2.4344143066650588E-4
<1439,registrar0-0,transcript1-9,read> 2.977817111043175E-4
<1440,registrar4-1,transcript4-12,read> 4.2276278140018894E-4
<1441,registrar4-1,transcript4-4,read> 2.4226939569439035E-4
<1442,admissions2-0,stu1-0application1-0,setStatus> 1.9843404492356597E-4
<1443,registrar4-1,transcript4-7,read> 2.352371858616969E-4
<1444,admissions0-1,stu4-15application4-15,setStatus> 1.5060833442164888E-5
<1445,registrar4-1,transcript3-7,read> 9.224891926359674E-5
<1446,registrar4-1,transcript4-16,read> 4.2862295626076684E-4
<1447,registrar0-0,transcript0-11,read> 3.153149943532019E-4
<1448,registrar4-0,transcript5-4,read> 3.412587345740942E-4
<1449,stu5-16,gradebook5-6,addScore> 9.6655709581964E-5
<1450,registrar4-1,transcript4-6,read> 2.4461346563862154E-4
<1451,registrar0-1,transcript1-17,read> 3.268266011214705E-5
<1452,admissions0-1,stu2-7application2-7,setStatus> 1.1733686230073276E-4
<1453,admissions2-1,stu0-0application0-0,setStatus> 1.2591325199672162E-4
<1454,chair0,transcript0-13,read> 0.0018219585013484094
<1455,admissions0-0,application0-2,setStatus> 7.694092808350349E-5
<1456,registrar2-1,roster4-9,read> 9.950132220043953E-5
<1457,registrar2-1,roster4-8,read> 1.0182055017014871E-4
<1458,registrar2-0,roster0-4,write> 1.4425063991803654E-4
<1459,registrar2-1,roster4-7,read> 1.1032438605908235E-4
<1460,admissions0-0,stu4-0application4-0,read> 6.658617176966284E-5
<1461,fac4-3,gradebook4-7,readScore> 1.5534651202799788E-4
<1462,registrar2-1,transcript3-7,read> 7.985463068691388E-5
<1463,registrar2-1,transcript3-8,read> 6.970899206073105E-5
<1464,registrar2-1,transcript3-9,read> 6.869442819811278E-5
<1465,stu4-10,gradebook4-1,readMyScores> 3.942582391576806E-5
<1466,admissions2-0,stu0-17application0-17,read> 1.7651637789810621E-4
<1467,registrar2-1,transcript4-15,read> 3.669762038078875E-4
<1468,admissions0-0,stu0-1application0-1,setStatus> 1.9573857092696604E-5
<1469,registrar2-1,transcript3-3,read> 7.478181137382247E-5
<1470,stu5-9,stu5-9application5-9,checkStatus> 3.005158791620933E-4
<1471,admissions4-0,application5-0,read> 1.7936354190597702E-4
<1472,registrar4-1,transcript5-7,read> 3.477525431847921E-4
<1473,admissions2-1,stu0-14application0-14,setStatus> 1.2226673823436182E-4
<1474,admissions4-0,stu0-11application0-11,read> 1.6026750106869878E-4
<1475,fac5-4,gradebook5-8,assignGrade> 1.3208445028389042E-4
<1476,admissions2-0,stu1-1application1-1,read> 1.85988469724947E-4
<1477,registrar2-1,transcript3-4,read> 7.884006682429559E-5
<1478,stu4-9,transcript4-9,read> 9.760110318115357E-4
<1479,registrar2-1,transcript3-5,read> 7.782550296167732E-5
<1480,admissions4-1,stu5-5application5-5,read> 8.455040203544731E-5
<1481,admissions2-1,stu2-16application2-16,read> 9.384216345676712E-5
<1482,registrar2-1,transcript3-6,read> 8.086919454953215E-5
<1483,admissions2-0,stu2-9application2-9,setStatus> 1.919758004961745E-4
<1484,fac3-3,gradebook3-7,readScore> 2.3147816238010962E-5
<1485,stu2-2,gradebook2-2,readMyScores> 1.4993701559642703E-4
<1486,fac3-3,gradebook3-6,readScore> 2.9436737628035682E-5
<1487,stu1-13,gradebook1-7,readMyScores> 3.890628392632501E-5
<1488,registrar4-0,roster2-9,read> 1.6418244189002457E-4
<1489,fac2-0,gradebook2-1,readScore> 1.4493311056871684E-4
<1490,admissions0-0,stu4-9application4-9,setStatus> 1.5279294417134813E-4
<1491,registrar2-1,transcript0-14,read> 3.324810324788659E-4
<1492,admissions2-0,stu1-4application1-4,read> 1.8409405135957885E-4
<1493,stu1-17,gradebook1-1,readMyScores> 3.4246552307703285E-5
<1494,registrar4-1,roster5-9,read> 1.4530921718752056E-4
<1495,stu2-1,transcript2-1,read> 9.280988518903312E-4
<1496,admissions0-1,stu0-15application0-15,read> 1.3176667593751764E-4
<1497,admissions4-0,stu0-12application0-12,read> 4.8078261149689096E-5
<1498,admissions4-1,stu1-3application1-3,read> 1.3315134453815644E-4
<1499,stu5-10,gradebook5-3,addScore> 3.857264368468683E-5
<1500,registrar0-0,roster2-9,write> 1.0078468522187578E-4
<1501,registrar0-0,roster2-8,write> 1.0024488775583583E-4
<1502,registrar0-0,roster2-7,write> 9.916529282375594E-5
<1503,registrar0-0,roster2-6,write> 9.8625495357716E-5
<1504,registrar4-1,transcript4-10,read> 3.969780120136463E-4
<1505,admissions0-1,stu3-14application3-14,read> 1.300896031661722E-4
<1506,registrar0-1,transcript0-7,read> 1.1121800159300473E-4
<1507,registrar0-0,roster2-5,write> 7.271521698779836E-5
<1508,registrar2-1,transcript3-0,read> 7.37672475112042E-5
<1509,registrar0-0,roster2-4,write> 7.325501445383834E-5
<1510,registrar0-0,roster2-3,write> 7.055602712363857E-5
<1511,admissions2-0,stu2-13application2-13,read> 9.600359736995939E-5
<1512,admissions2-0,stu5-19application5-19,read> 2.9698954582073766E-5
<1513,registrar2-1,roster5-4,write> 8.304710255170738E-5
<1514,registrar2-1,transcript3-2,read> 7.681093909905903E-5
<1515,registrar0-0,roster2-2,write> 7.21754195217584E-5
<1516,admissions4-1,stu5-19application5-19,read> 3.0175090126475752E-5
<1517,registrar2-1,transcript3-1,read> 7.275268364858591E-5
<1518,registrar0-0,transcript4-14,read> 3.542778460173895E-4
<1519,registrar2-0,transcript3-8,read> 6.939986127553934E-5
<1520,registrar2-0,transcript3-9,read> 6.838979658747812E-5
<1521,stu1-9,gradebook1-8,readMyScores> 7.223782496839687E-5
<1522,stu4-11,gradebook4-1,readMyScores> 3.91190081654508E-5
<1523,registrar2-0,transcript3-6,read> 8.051057284421271E-5
<1524,registrar2-0,transcript3-7,read> 7.95005081561515E-5
<1525,fac3-4,gradebook3-9,readScore> 1.2403733221129652E-4
<1526,registrar2-0,transcript3-5,read> 7.748037878002907E-5
<1527,fac3-4,gradebook3-8,readScore> 4.32055456415503E-5
<1528,chair0,transcript0-14,read> 0.0018164157197496818
<1529,registrar2-0,transcript3-2,read> 7.647031409196785E-5
<1530,registrar4-0,roster1-4,read> 2.3013388027477E-4
<1531,registrar2-0,transcript3-3,read> 7.445018471584542E-5
<1532,fac2-1,gradebook2-3,readScore> 1.2023411794841113E-4
<1533,stu2-0,transcript2-0,read> 0.0011197475715751491
<1534,admissions0-0,stu3-14application3-14,read> 1.3053133356741558E-4
<1535,admissions0-0,stu0-3application0-3,read> 8.790122570224706E-5
<1536,registrar2-0,transcript3-1,read> 7.2430055339723E-5
<1537,stu4-10,gradebook4-8,readMyScores> 7.811964677429503E-5
<1538,registrar4-0,transcript1-5,read> 3.574152704085166E-4
<1539,registrar2-0,transcript3-0,read> 7.344012002778421E-5
<1540,stu4-10,gradebook4-7,readMyScores> 4.5975679179211636E-5
<1541,registrar2-0,transcript4-19,read> 3.703991383177816E-4
<1542,admissions0-1,stu5-0application5-0,read> 1.362388699944389E-4
<1543,registrar2-0,roster5-1,read> 1.3600316497203562E-4
<1544,admissions2-1,stu3-4application3-4,read> 4.524976292063532E-5
<1545,admissions4-0,stu0-19application0-19,read> 9.438616018008884E-5
<1546,fac3-1,gradebook3-3,readScore> 2.7826986909403396E-5
<1547,admissions4-1,stu2-11application2-11,setStatus> 7.475420621033446E-5
<1548,fac3-1,gradebook3-2,readScore> 5.810899232477779E-5
<1549,registrar4-0,roster5-6,read> 1.3340510397714337E-4
<1550,admissions4-1,stu0-9application0-9,read> 1.0524189240788783E-4
<1551,registrar4-0,roster5-5,read> 1.3516380900073657E-4
<1552,chair5,transcript5-4,read> 0.0016390467085903996
<1553,stu1-2,transcript1-2,read> 0.0014886713569684236
<1554,registrar4-0,roster5-4,read> 1.2988769392995695E-4
<1555,registrar4-0,roster5-3,read> 1.3076704644175358E-4
<1556,registrar0-0,roster1-5,read> 1.9795666344447378E-4
<1557,registrar4-0,roster5-2,read> 1.5626826928385508E-4
<1558,fac4-2,gradebook4-4,assignGrade> 4.5371050550908974E-4
<1559,registrar4-0,roster5-1,read> 1.553889167720585E-4
<1560,admissions2-1,stu2-3application2-3,read> 5.854391023712421E-5
<1561,registrar0-0,roster0-7,read> 1.9201889131803434E-4
<1562,registrar2-1,transcript2-17,read> 3.4871405428075835E-4
<1563,registrar2-1,roster4-8,write> 7.405130921465361E-5
<1564,admissions4-1,stu0-19application0-19,read> 9.513674594692851E-5
<1565,admissions4-1,stu1-13application1-13,read> 1.1582823631936905E-4
<1566,registrar4-0,roster5-7,read> 1.404399240715162E-4
<1567,registrar4-0,roster5-8,read> 1.38681219047923E-4
<1568,fac3-2,gradebook3-5,readScore> 4.618876980370423E-5
<1569,registrar4-1,roster0-4,read> 2.30150450270119E-4
<1570,registrar4-0,transcript2-2,read> 2.2239279236370096E-4
<1571,registrar4-0,roster5-9,read> 1.43077981606906E-4
<1572,fac3-2,gradebook3-4,readScore> 2.1893757851387126E-5
<1573,registrar4-1,roster5-5,read> 1.372716266849586E-4
<1574,registrar0-1,roster2-7,write> 9.87072545197201E-5
<1575,registrar4-1,roster5-4,read> 1.3191323301658397E-4
<1576,stu2-13,gradebook2-3,addScore> 3.347989331499215E-4
<1577,fac4-3,roster4-6,read> 0.0014829928976700577
<1578,admissions4-0,stu4-16application4-16,read> 1.4355846533608036E-4
<1579,registrar4-1,roster5-7,read> 1.4263002035333323E-4
<1580,registrar0-1,roster2-9,write> 1.0031916704533133E-4
<1581,stu1-4,gradebook1-4,readMyScores> 7.843804679797475E-5
<1582,stu3-8,transcript3-8,read> 3.291966028752756E-4
<1583,registrar0-0,transcript1-6,read> 2.987557823959222E-4
<1584,registrar4-1,roster5-3,read> 1.3280629862797975E-4
<1585,registrar0-0,transcript2-9,read> 1.935560829026155E-4
<1586,registrar4-1,roster5-2,read> 1.5870520135845712E-4
<1587,admissions2-1,stu5-18application5-18,setStatus> 1.1862022447200201E-4
<1588,registrar0-1,roster2-1,write> 7.775239168677432E-5
<1589,admissions4-1,stu1-4application1-4,read> 1.8704545899660613E-4
<1590,admissions4-0,stu5-19application5-19,read> 2.9937022354274757E-5
<1591,stu4-16,transcript4-16,read> 0.0017521883465350478
<1592,registrar0-1,roster2-3,write> 7.023013323392199E-5
<1593,admissions4-0,stu3-8application3-8,read> 1.5119688167099165E-4
<1594,fac1-2,gradebook1-4,addScore> 5.448632057571163E-4
<1595,registrar0-1,roster2-5,write> 7.237934993473693E-5
<1596,registrar2-0,roster1-1,read> 2.0681075475233616E-4
<1597,registrar0-1,roster2-4,write> 7.291665410994068E-5
<1598,admissions0-0,stu3-19application3-19,setStatus> 1.9294989386491293E-4
<1599,chair1,transcript1-6,read> 0.0017000173061764029
<1600,admissions4-0,stu1-13application1-13,read> 1.1491440408016297E-4
<1601,stu2-5,transcript2-5,read> 9.089339799218495E-4
<1602,fac1-0,gradebook1-1,readScore> 8.439987090461961E-5
<1603,stu4-14,gradebook4-3,readMyScores> 7.46432113719441E-5
<1604,admissions2-0,stu2-3application2-3,read> 6.048325301930638E-5
<1605,stu4-14,gradebook4-4,readMyScores> 4.661471454718765E-5
<1606,stu4-13,gradebook4-5,readMyScores> 5.6039968450997304E-5
<1607,admissions4-0,stu4-17application4-17,setStatus> 9.42369723610476E-5
<1608,admissions4-1,stu2-4application2-4,setStatus> 3.483669042840639E-5
<1609,admissions0-0,stu2-14application2-14,setStatus> 6.929198528472924E-5
<1610,admissions0-0,stu0-7application0-7,setStatus> 1.374950585737996E-4
<1611,stu5-10,gradebook5-7,readMyScores> 2.8568678513787542E-5
<1612,stu3-2,stu3-2application3-2,checkStatus> 5.794798540168327E-4
<1613,admissions2-1,application2-0,setStatus> 5.350390728700548E-5
<1614,registrar2-1,transcript1-5,read> 3.142188829517368E-4
<1615,admissions2-0,stu2-10application2-10,read> 1.1494778102364101E-4
<1616,fac0-4,gradebook0-9,readScore> 1.657212631892986E-5
<1617,fac0-4,gradebook0-8,readScore> 8.605535678584872E-6
<1618,registrar4-0,transcript1-1,read> 3.043295098097002E-4
<1619,stu4-15,gradebook4-3,readMyScores> 7.521084035576117E-5
<1620,admissions4-1,stu1-11application1-11,read> 1.514368476579876E-4
<1621,stu4-15,gradebook4-4,readMyScores> 4.696919906845905E-5
<1622,admissions0-1,stu2-6application2-6,setStatus> 1.7768607187566415E-4
<1623,stu4-15,gradebook4-1,readMyScores> 4.065308691703711E-5
<1624,admissions2-0,stu3-4application3-4,read> 4.6748719870387205E-5
<1625,stu4-14,gradebook4-8,readMyScores> 7.99434517573525E-5
<1626,fac2-3,gradebook2-7,changeScore> 0.0021484285461902453
<1627,admissions4-1,stu4-17application4-17,setStatus> 9.498637174364043E-5
<1628,stu5-15,gradebook5-9,addScore> 6.937137897499368E-5
<1629,admissions2-1,stu2-10application2-10,read> 1.1126208063009739E-4
<1630,admissions4-0,application4-1,read> 1.349652469593051E-4
<1631,stu5-16,stu5-16application5-16,checkStatus> 0.0015151715196754373
<1632,fac1-2,gradebook1-4,readScore> 2.0073907580525334E-4
<1633,fac1-2,gradebook1-5,readScore> 2.050806839332132E-4
<1634,admissions0-0,stu2-6application2-6,setStatus> 1.782894201672623E-4
<1635,stu4-12,gradebook4-1,readMyScores> 3.8812192415133537E-5
<1636,stu4-12,gradebook4-2,readMyScores> 8.394844693500508E-5
<1637,registrar4-1,transcript5-9,read> 3.500966131290233E-4
<1638,stu2-17,gradebook2-3,readMyScores> 1.6162336449770723E-4
<1639,stu4-11,gradebook4-8,readMyScores> 7.751171177994253E-5
<1640,stu4-11,gradebook4-7,readMyScores> 4.561789179260298E-5
<1641,admissions4-0,stu4-14application4-14,setStatus> 1.7018713478204065E-4
<1642,stu4-6,transcript4-6,read> 9.999671217721378E-4
<1643,admissions2-0,stu4-5application4-5,setStatus> 8.326201930175166E-5
<1644,registrar4-1,transcript5-3,read> 3.4306440329632984E-4
<1645,chair0,transcript0-0,read> 9.905412615392733E-4
<1646,registrar0-1,transcript4-8,read> 1.955707757761481E-4
<1647,fac1-1,gradebook1-2,readScore> 4.435135255107509E-5
<1648,admissions0-1,stu3-19application3-19,setStatus> 1.9229693314117385E-4
<1649,stu4-13,gradebook4-4,readMyScores> 4.448780741955932E-5
<1650,stu4-13,gradebook4-2,readMyScores> 8.328482284856234E-5
<1651,stu4-2,stu4-2application4-2,checkStatus> 0.0010909138079171878
<1652,fac2-0,gradebook2-1,assignGrade> 7.451841180569266E-4
<1653,admissions2-1,stu5-19application5-19,read> 2.8746683493269803E-5
<1654,admissions4-1,stu0-12application0-12,read> 4.84605932463069E-5
<1655,admissions0-1,stu2-14application2-14,setStatus> 6.905749464078769E-5
<1656,admissions4-0,stu2-4application2-4,setStatus> 3.456184474455308E-5
<1657,chair1,transcript1-14,read> 2.1455183771741315E-4
<1658,stu5-13,gradebook5-7,addScore> 1.246610051604412E-4
<1659,admissions4-0,application5-2,setStatus> 2.0544971019178748E-4
<1660,registrar0-1,transcript2-8,read> 1.8490548248862427E-4
<1661,admissions4-0,stu1-2application1-2,read> 1.492872775872638E-4
<1662,registrar4-0,roster4-2,write> 1.155682376867236E-4
<1663,registrar4-0,roster4-1,write> 1.1492870858723513E-4
<1664,admissions0-1,stu4-8application4-8,read> 9.263497793945691E-5
<1665,registrar4-0,roster4-4,write> 8.934754460769755E-5
<1666,admissions4-1,stu2-18application2-18,setStatus> 1.6497872818318552E-4
<1667,registrar4-0,roster4-3,write> 1.16207766786212E-4
<1668,admissions4-1,stu5-15application5-15,setStatus> 4.4132550268033474E-5
<1669,registrar4-0,transcript0-17,read> 3.689556531473897E-4
<1670,admissions0-0,stu5-19application5-19,setStatus> 3.9971037889427944E-5
<1671,registrar4-0,roster4-6,write> 9.318471920462818E-5
<1672,registrar4-0,roster4-5,write> 8.806848640872066E-5
<1673,registrar4-0,roster4-8,write> 8.423131181179001E-5
<1674,stu3-15,gradebook3-7,readMyScores> 3.581261419833964E-5
<1675,registrar0-1,transcript1-9,read> 2.9640627594910117E-4
<1676,registrar4-0,roster4-7,write> 9.126613190616286E-5
<1677,registrar2-1,roster1-7,write> 1.527645009138741E-4
<1678,registrar0-0,roster3-3,write> 8.890914096899688E-5
<1679,fac3-3,gradebook3-6,addScore> 7.9899716418954E-5
<1680,registrar4-0,roster4-9,write> 8.231272451332468E-5
<1681,fac4-0,gradebook4-1,addScore> 5.409551303674954E-4
<1682,fac3-3,gradebook3-7,addScore> 6.282978693174406E-5
<1683,fac1-4,gradebook1-8,readScore> 4.653943712685805E-5
<1684,admissions0-1,stu3-17application3-17,setStatus> 1.8022709122618755E-4
<1685,fac0-1,gradebook0-2,readScore> 2.500718772525005E-5
<1686,registrar2-0,roster4-5,write> 7.708138479047871E-5
<1687,admissions4-0,application0-1,setStatus> 6.602691203325021E-5
<1688,registrar2-0,roster4-8,write> 7.37229220341008E-5
<1689,admissions4-1,stu1-6application1-6,read> 2.4400720720213284E-5
<1690,registrar2-0,roster4-9,write> 7.204369065591186E-5
<1691,admissions0-0,stu0-18application0-18,setStatus> 2.496795529558219E-4
<1692,fac3-2,gradebook3-5,addScore> 1.253695180386258E-4
<1693,admissions2-1,stu5-10application5-10,read> 1.6443866989605295E-4
<1694,admissions0-0,stu2-4application2-4,setStatus> 4.0608449789325795E-5
<1695,registrar2-0,roster4-2,write> 1.0115036787785359E-4
<1696,registrar2-0,roster4-1,write> 1.0059062408512392E-4
<1697,stu2-12,transcript2-12,read> 0.0015988693707871936
<1698,stu3-4,gradebook3-8,readMyScores> 7.518306785404705E-5
<1699,fac3-2,gradebook3-4,addScore> 5.942591416805077E-5
<1700,registrar2-0,roster4-3,write> 1.0171011167058322E-4
<1701,admissions4-1,stu0-15application0-15,setStatus> 1.2888891939404507E-4
<1702,fac1-3,gradebook1-7,readScore> 2.123166974798129E-4
<1703,registrar0-1,transcript2-19,read> 3.3712830486510144E-4
<1704,stu2-8,transcript2-8,read> 9.137251979139699E-4
<1705,admissions4-0,stu1-13application1-13,setStatus> 1.3058455009109428E-4
<1706,admissions0-0,stu2-10application2-10,setStatus> 1.547051798710417E-4
<1707,registrar2-1,transcript3-10,read> 3.6088882063217774E-4
<1708,stu5-15,stu5-15application5-15,checkStatus> 4.6905661397016494E-4
<1709,registrar2-1,transcript0-9,read> 1.1840805746640857E-4
<1710,admissions4-0,stu4-3application4-3,setStatus> 2.1195972411358686E-4
<1711,chair0,transcript0-6,read> 6.08089331227071E-4
<1712,fac1-3,gradebook1-6,readScore> 7.799065850694493E-5
<1713,admissions0-1,stu3-6application3-6,setStatus> 2.380352814505955E-4
<1714,registrar0-1,transcript4-14,read> 3.526414587378634E-4
<1715,fac0-0,gradebook0-1,readScore> 2.6045449787295234E-5
<1716,admissions4-0,stu1-6application1-6,read> 2.4208210103091283E-5
<1717,fac3-1,gradebook3-2,addScore> 1.5772440773868262E-4
<1718,fac3-1,gradebook3-3,addScore> 7.553039303980924E-5
<1719,chair0,transcript0-9,read> 6.468888024181639E-4
<1720,admissions0-0,application4-2,setStatus> 1.7892683206716014E-4
<1721,admissions0-0,application4-3,setStatus> 1.8275130346654726E-4
<1722,registrar4-0,transcript5-8,read> 3.4587488766964344E-4
<1723,admissions0-0,application4-1,setStatus> 1.8020165586695586E-4
<1724,admissions0-1,stu2-4application2-4,setStatus> 4.047102694739914E-5
<1725,admissions2-0,stu0-4application0-4,read> 1.2015743152840346E-4
<1726,stu1-0,transcript1-0,read> 0.001273066547323003
<1727,admissions4-0,stu2-9application2-9,setStatus> 1.935146846684885E-4
<1728,fac0-3,gradebook0-7,readScore> 1.3766847276158067E-5
<1729,admissions0-0,stu1-11application1-11,read> 1.7652697626404474E-4
<1730,fac0-3,gradebook0-6,readScore> 6.759642654781887E-5
<1731,registrar4-1,roster4-6,write> 9.463789221366721E-5
<1732,registrar4-1,roster4-5,write> 8.944187411100092E-5
<1733,registrar4-1,roster4-4,write> 9.074087863666748E-5
<1734,admissions0-1,stu1-18application1-18,setStatus> 1.4211180096833617E-4
<1735,registrar4-1,roster4-3,write> 1.1801997367566562E-4
<1736,registrar4-1,roster4-2,write> 1.1737047141283235E-4
<1737,registrar2-0,transcript3-13,read> 3.5524816799686334E-4
<1738,admissions4-1,stu1-2application1-2,read> 1.5047445275694386E-4
<1739,registrar2-0,roster0-2,read> 1.9603568674229042E-4
<1740,registrar4-1,transcript5-1,read> 3.383762634078675E-4
<1741,admissions2-0,stu4-3application4-3,read> 1.8504126054226297E-4
<1742,admissions0-1,application4-4,setStatus> 1.8149760090144926E-4
<1743,admissions4-0,stu4-6application4-6,read> 5.619407850553235E-5
<1744,chair1,transcript1-13,read> 2.0900905611868556E-4
<1745,fac3-0,gradebook3-1,addScore> 1.4734994319268714E-4
<1746,registrar4-1,roster4-8,write> 8.554486053400117E-5
<1747,registrar0-1,roster1-8,write> 1.4652732611285284E-4
<1748,registrar2-1,roster5-4,read> 1.1418976600859764E-4
<1749,admissions0-1,application4-0,setStatus> 1.7133352349935554E-4
<1750,registrar0-1,transcript4-11,read> 3.3131087216281573E-4
<1751,registrar4-1,roster4-9,write> 8.359635374550128E-5
<1752,admissions0-1,application4-1,setStatus> 1.795918363885567E-4
<1753,admissions0-1,application4-2,setStatus> 1.7832132671329496E-4
<1754,fac0-2,gradebook0-4,readScore> 8.206845364101826E-5
<1755,admissions0-1,stu4-18application4-18,setStatus> 1.251981409164146E-5
<1756,admissions2-1,stu3-0application3-0,read> 6.862912544273648E-5
<1757,fac0-2,gradebook0-5,readScore> 6.904362925713882E-5
<1758,admissions2-0,stu0-19application0-19,setStatus> 1.064040618332377E-4
<1759,stu2-17,gradebook2-2,readScore> 1.599812108842374E-4
<1760,admissions0-0,stu1-12application1-12,setStatus> 1.5088070847165457E-4
<1761,fac5-3,gradebook5-7,readScore> 8.968721514253563E-5
<1762,admissions4-1,stu1-8application1-8,setStatus> 1.39825225087724E-4
<1763,admissions4-0,application0-0,setStatus> 6.819691667385001E-5
<1764,admissions4-1,stu2-4application2-4,read> 3.065628757699762E-5
<1765,registrar4-1,transcript2-10,read> 3.887737672088373E-4
<1766,registrar4-1,roster2-6,write> 1.1866947593849892E-4
<1767,admissions4-0,application0-4,setStatus> 6.656941319340016E-5
<1768,fac2-4,gradebook2-9,readScore> 1.974297777075759E-4
<1769,registrar0-1,transcript5-7,read> 2.8768012689567253E-4
<1770,stu5-10,stu5-10application5-10,checkStatus> 0.0020847229683371967
<1771,admissions4-0,application0-3,setStatus> 6.711191435355011E-5
<1772,admissions4-0,stu1-11application1-11,setStatus> 1.7072963594219064E-4
<1773,admissions2-1,stu0-19application0-19,setStatus> 1.0299230834760283E-4
<1774,admissions2-0,stu4-4application4-4,read> 1.3010312794658625E-4
<1775,admissions2-0,stu3-5application3-5,setStatus> 1.171678025455568E-4
<1776,admissions4-1,application0-0,setStatus> 6.873923807881104E-5
<1777,admissions4-1,application0-1,setStatus> 6.655197694007526E-5
<1778,admissions4-1,application0-2,setStatus> 6.60051616553913E-5
<1779,admissions2-1,application4-1,read> 1.2959883554939243E-4
<1780,admissions4-1,application0-3,setStatus> 6.764560750944315E-5
<1781,admissions4-0,stu0-4application0-4,read> 1.211206173522784E-4
<1782,admissions2-0,stu0-10application0-10,read> 1.845676559509209E-4
<1783,admissions0-1,stu0-5application0-5,read> 1.8040178630653606E-4
<1784,admissions0-0,stu3-18application3-18,setStatus> 2.012362485635851E-4
<1785,stu2-14,gradebook2-6,addScore> 4.4632225180282693E-4
<1786,admissions0-1,application0-3,setStatus> 7.858631720525053E-5
<1787,admissions4-0,stu2-0application2-0,read> 9.534096222195274E-5
<1788,admissions0-0,stu0-17application0-17,read> 2.0906047963483118E-4
<1789,admissions2-1,stu3-7application3-7,setStatus> 1.4987605672080035E-4
<1790,admissions2-1,stu4-19application4-19,read> 5.808549136414184E-5
<1791,admissions2-0,stu5-10application5-10,read> 1.6988591361931767E-4
<1792,admissions0-0,stu3-6application3-6,setStatus> 2.3884355065755845E-4
<1793,fac2-2,gradebook2-4,readScore> 2.1803441846319254E-4
<1794,stu0-6,gradebook0-8,readMyScores> 2.790526597991791E-5
<1795,admissions2-1,stu1-0application1-0,setStatus> 1.9207143025667806E-4
<1796,admissions4-1,stu4-15application4-15,read> 1.1408389556122725E-5
<1797,admissions0-0,stu4-8application4-8,read> 9.294952794943808E-5
<1798,admissions2-1,application4-4,read> 1.3097409216833954E-4
<1799,registrar0-0,transcript0-18,read> 3.1044463789517846E-4
<1800,admissions2-1,stu2-19application2-19,setStatus> 1.2070394662192191E-4
<1801,fac3-4,gradebook3-9,addScore> 3.366727588592335E-4
<1802,admissions0-1,stu3-18application3-18,setStatus> 2.0055524603037497E-4
<1803,registrar0-0,transcript0-2,read> 1.7017837190410291E-4
<1804,admissions0-0,stu4-3application4-3,read> 2.1915708412921321E-4
<1805,admissions2-1,application5-0,read> 1.722317907367533E-4
<1806,admissions4-0,stu0-13application0-13,setStatus> 1.7886715334443988E-4
<1807,admissions4-1,stu0-19application0-19,setStatus> 1.0810993857605514E-4
<1808,admissions0-1,stu0-17application0-17,read> 2.083529991622937E-4
<1809,fac2-3,gradebook2-6,readScore> 1.4751520693364714E-4
<1810,admissions0-1,stu0-1application0-1,setStatus> 1.9507617305580884E-5
<1811,registrar4-1,roster0-5,write> 1.6673264338816233E-4
<1812,fac2-3,gradebook2-7,readScore> 1.4283800206990702E-4
<1813,admissions4-0,stu4-15application4-15,read> 1.1318382537928464E-5
<1814,admissions4-1,application3-4,read> 1.1919661847302212E-4
<1815,registrar0-0,transcript3-14,read> 3.416149192265286E-4
<1816,admissions4-1,application3-2,read> 1.2015901337406589E-4
<1817,registrar4-0,transcript0-9,read> 1.3468588354826518E-4
<1818,admissions0-1,stu3-0application3-0,setStatus> 9.510294298365279E-5
<1819,admissions4-1,stu0-14application0-14,read> 1.129410516162378E-4
<1820,admissions4-1,stu0-4application0-4,read> 1.2208380317615337E-4
<1821,admissions0-1,stu4-6application4-6,read> 6.580181359792954E-5
<1822,admissions2-1,stu4-2application4-2,setStatus> 9.77830029728031E-5
<1823,fac2-2,gradebook2-4,assignGrade> 7.773467235794466E-4
<1824,admissions4-1,application3-1,read> 1.1775302612145654E-4
<1825,admissions4-1,stu0-1application0-1,read> 1.477677170977583E-5
<1826,admissions4-1,application3-0,read> 1.182342235719784E-4
<1827,fac1-4,gradebook1-8,addScore> 1.26321329344329E-4
<1828,fac1-4,gradebook1-9,addScore> 3.1298604076298485E-4
<1829,admissions0-1,stu3-3application3-3,read> 2.077939749051785E-4
<1830,admissions2-1,stu4-4application4-4,setStatus> 1.431039597335607E-4
<1831,admissions0-1,application5-0,read> 2.1003007193363913E-4
<1832,admissions4-0,application3-3,read> 1.1873361224761863E-4
<1833,admissions4-0,application3-4,read> 1.1825621122668666E-4
<1834,admissions4-1,stu3-2application3-2,read> 4.7979395795785024E-5
<1835,admissions0-0,stu4-6application4-6,read> 6.602524929775274E-5
<1836,admissions2-0,application4-0,setStatus> 1.4515352839758643E-4
<1837,admissions2-0,stu0-2application0-2,setStatus> 8.992208386749911E-6
<1838,admissions4-0,application3-0,read> 1.1730140918482275E-4
<1839,admissions4-0,stu1-0application1-0,read> 1.7602173475945337E-4
<1840,admissions4-0,stu3-2application3-2,read> 4.760086012875714E-5
<1841,admissions2-0,application4-3,setStatus> 1.5430270800305767E-4
<1842,admissions4-0,stu5-16application5-16,read> 1.244624244988021E-4
<1843,admissions4-1,stu1-0application1-0,read> 1.7742150998616867E-4
<1844,chair5,transcript5-17,read> 1.203245505390444E-4
<1845,chair5,transcript5-18,read> 1.1478176894031683E-4
<1846,chair5,transcript5-15,read> 1.3695289533522713E-4
<1847,registrar0-0,roster5-8,write> 8.513055870671724E-5
<1848,chair5,transcript5-16,read> 1.2586733213777198E-4
<1849,chair5,transcript5-19,read> 1.0369620574286169E-4
<1850,admissions0-1,stu3-12application3-12,setStatus> 8.93856494449751E-5
<1851,admissions0-0,stu0-17application0-17,setStatus> 2.375687268577627E-4
<1852,chair5,transcript5-13,read> 1.4803845853268228E-4
<1853,chair5,transcript5-14,read> 1.424956769339547E-4
<1854,admissions4-0,stu0-14application0-14,setStatus> 1.2732954313019463E-4
<1855,chair5,transcript5-11,read> 1.5358124013140987E-4
<1856,chair5,transcript5-12,read> 1.64666803328865E-4
<1857,admissions2-1,stu3-18application3-18,read> 1.447266583578108E-4
<1858,admissions4-1,stu0-14application0-14,setStatus> 1.2834210410936115E-4
<1859,admissions0-1,stu0-3application0-3,read> 8.760375962542052E-5
<1860,stu5-11,gradebook5-7,readMyScores> 2.931072211154826E-5
<1861,stu5-11,gradebook5-8,readMyScores> 2.1340049499851408E-5
<1862,admissions0-0,stu5-2application5-2,setStatus> 1.8147647966675157E-4
<1863,stu5-11,gradebook5-3,readMyScores> 3.3502741187470095E-5
<1864,admissions0-0,stu1-11application1-11,setStatus> 2.005988366636872E-4
<1865,admissions2-0,stu3-18application3-18,read> 1.4952091619160996E-4
<1866,admissions2-0,stu5-15application5-15,read> 3.82238372262305E-5
<1867,admissions0-0,stu2-19application2-19,setStatus> 1.476936489721653E-4
<1868,admissions4-1,stu3-13application3-13,setStatus> 1.29982549963413E-4
<1869,admissions4-0,stu3-11application3-11,read> 1.1777881020575472E-4
<1870,stu5-12,gradebook5-8,readMyScores> 2.152013430575733E-5
<1871,admissions4-1,stu1-4application1-4,setStatus> 2.1255165795068884E-4
<1872,registrar2-1,roster3-3,write> 9.2605132972327E-5
<1873,registrar2-1,roster3-4,write> 9.091842172162943E-5
<1874,admissions2-1,stu2-16application2-16,setStatus> 1.0663882210996266E-4
<1875,registrar2-1,roster3-5,write> 9.372960713945871E-5
<1876,registrar2-1,roster3-6,write> 9.429184422302459E-5
<1877,stu5-12,gradebook5-5,readMyScores> 2.9299990859649432E-5
<1878,registrar4-0,transcript2-18,read> 3.989606482684598E-4
<1879,admissions2-0,stu2-14application2-14,read> 5.148476578380761E-5
<1880,stu5-12,gradebook5-2,readMyScores> 4.1385552151528707E-5
<1881,registrar2-0,transcript3-10,read> 3.592884267491082E-4
<1882,registrar2-1,roster3-1,write> 9.035618463806356E-5
<1883,registrar2-1,roster3-2,write> 8.923171047093183E-5
<1884,stu2-18,gradebook2-5,readMyScores> 1.2875156004063808E-4
<1885,registrar2-1,roster2-6,read> 1.4124742565520468E-4
<1886,admissions4-0,stu0-4application0-4,setStatus> 1.3763706517304364E-4
<1887,registrar2-1,roster3-7,write> 9.485408130659044E-5
<1888,registrar4-1,transcript0-1,read> 2.0124817167034518E-4
<1889,registrar4-0,transcript1-9,read> 3.5279911731296733E-4
<1890,registrar2-1,roster3-8,write> 9.54163183901563E-5
<1891,registrar2-1,roster3-9,write> 9.597855547372218E-5
<1892,admissions4-0,stu4-7application4-7,read> 3.5665834605458236E-5
<1893,admissions0-0,stu4-16application4-16,read> 1.6867406165730316E-4
<1894,admissions0-0,stu3-17application3-17,setStatus> 1.8083906776685373E-4
<1895,registrar2-0,roster3-4,write> 9.051523581599027E-5
<1896,registrar2-0,roster3-5,write> 9.33139547796385E-5
<1897,admissions2-1,stu1-14application1-14,setStatus> 1.7696444466975885E-4
<1898,stu3-8,gradebook3-9,readMyScores> 5.008203011134828E-5
<1899,registrar2-0,roster3-2,write> 8.883600443780131E-5
<1900,admissions2-0,application1-3,read> 2.1174071937917043E-5
<1901,registrar2-0,roster3-3,write> 9.21944671941792E-5
<1902,admissions4-0,stu1-12application1-12,read> 1.1300479999643515E-4
<1903,registrar2-0,roster3-8,write> 9.499318615782744E-5
<1904,registrar2-0,roster3-9,write> 9.55529299505571E-5
<1905,admissions0-1,stu2-7application2-7,read> 1.0325643882464482E-4
<1906,registrar2-0,roster3-6,write> 9.387369857236814E-5
<1907,stu4-8,gradebook4-4,readMyScores> 9.766048561026769E-5
<1908,admissions0-0,application3-3,read> 1.3950609311797735E-4
<1909,registrar2-0,roster3-7,write> 9.44334423650978E-5
<1910,registrar0-1,transcript2-14,read> 3.2646301157757764E-4
<1911,admissions4-1,stu0-4application0-4,setStatus> 1.3873159451835613E-4
<1912,admissions4-0,stu0-14application0-14,read> 1.1204999795457125E-4
<1913,admissions0-1,stu5-19application5-19,setStatus> 3.9835772109768286E-5
<1914,admissions4-0,stu5-18application5-18,setStatus> 1.2353203500914492E-4
<1915,admissions0-0,stu2-14application2-14,read> 6.097694705056171E-5
<1916,admissions0-1,stu0-6application0-6,read> 6.188864379812347E-5
<1917,registrar4-1,transcript2-6,read> 2.2117276619631004E-4
<1918,stu5-10,gradebook5-2,readMyScores> 4.000026170294197E-5
<1919,admissions0-0,stu3-3application3-3,read> 2.0849955716292104E-4
<1920,admissions2-0,stu0-13application0-13,read> 1.5615138047039848E-4
<1921,stu5-10,gradebook5-4,readMyScores> 1.845129153704243E-5
<1922,admissions2-0,stu3-17application3-17,setStatus> 1.5268814689620985E-4
<1923,stu5-10,gradebook5-8,readMyScores> 2.079979508213365E-5
<1924,admissions4-0,application4-0,setStatus> 1.4631708373544282E-4
<1925,admissions0-0,stu2-7application2-7,read> 1.036070549157302E-4
<1926,admissions4-1,stu1-12application1-12,read> 1.1390344651728156E-4
<1927,admissions4-1,stu5-8application5-8,setStatus> 2.0927076624258518E-4
<1928,admissions4-1,stu5-18application5-18,setStatus> 1.2451439711657353E-4
<1929,admissions2-0,stu4-7application4-7,read> 3.538220967817825E-5
<1930,admissions4-0,stu5-1application5-1,setStatus> 3.293434126410323E-5
<1931,admissions2-0,application1-0,read> 1.8806048981206843E-5
<1932,stu5-15,gradebook5-8,readMyScores> 2.2240473529381004E-5
<1933,chair1,transcript1-10,read> 2.5335130890850616E-4
<1934,admissions2-0,stu5-15application5-15,setStatus> 4.3436178666171026E-5
<1935,stu5-15,gradebook5-5,readMyScores> 3.0280743691771585E-5
<1936,stu5-16,gradebook5-4,readMyScores> 1.9569551630196513E-5
<1937,admissions0-0,stu0-6application0-6,read> 6.209879199438194E-5
<1938,admissions2-0,application1-4,read> 1.3596398476444403E-5
<1939,admissions2-0,application1-1,read> 1.9753258163890922E-5
<1940,app2-1,application2-1,checkStatus> 6.027268519213943E-4
<1941,stu5-18,stu5-18application5-18,checkStatus> 0.001323383786962804
<1942,stu5-16,gradebook5-2,readMyScores> 4.242451998796875E-5
<1943,admissions2-0,application1-2,read> 2.0700467346575005E-5
<1944,stu5-16,gradebook5-1,readMyScores> 2.264119219814825E-5
<1945,app0-0,application0-0,checkStatus> 7.305853403964831E-4
<1946,admissions0-1,stu2-14application2-14,read> 6.077059528389316E-5
<1947,admissions2-1,stu2-12application2-12,setStatus> 5.5066698899445395E-5
<1948,admissions4-0,stu3-14application3-14,read> 1.1109519591270733E-4
<1949,admissions2-1,stu4-7application4-7,read> 3.424770996905831E-5
<1950,admissions0-1,stu5-4application5-4,read> 6.971498339773562E-5
<1951,registrar0-1,roster1-9,read> 2.022138666460778E-4
<1952,admissions2-1,application1-1,read> 1.9119887160639914E-5
<1953,admissions2-1,application1-0,read> 1.820304941467516E-5
<1954,admissions2-1,application1-2,read> 2.0036724906604662E-5
<1955,admissions2-1,application1-3,read> 2.0495143779587038E-5
<1956,chair1,transcript1-17,read> 1.868379297237753E-4
<1957,admissions4-0,application4-0,read> 1.287590336871897E-4
<1958,stu5-17,gradebook5-4,readMyScores> 1.9409800188317357E-5
<1959,admissions2-1,application1-4,read> 1.3160441811869032E-5
<1960,admissions2-1,stu2-5application2-5,setStatus> 1.4102023758364083E-4
<1961,registrar4-1,transcript4-18,read> 4.3096702620499795E-4
<1962,registrar4-1,transcript2-19,read> 4.075263267626864E-4
<1963,admissions2-0,stu2-16application2-16,setStatus> 1.1017137108254941E-4
<1964,stu5-18,gradebook5-9,addScore> 6.768624426305049E-5
<1965,registrar0-1,transcript1-5,read> 3.0028456441729166E-4
<1966,admissions2-1,application2-3,setStatus> 5.9234143199285175E-5
<1967,admissions2-0,stu5-11application5-11,read> 1.0073964328337977E-4
<1968,stu3-14,transcript3-14,read> 0.0016803200766532414
<1969,admissions4-1,stu3-14application3-14,read> 1.1197865671519407E-4
<1970,admissions2-1,stu0-10application0-10,setStatus> 2.0301097154375752E-4
<1971,registrar4-0,roster2-8,write> 1.1876588318416577E-4
<1972,registrar0-1,roster4-9,write> 6.91555248835145E-5
<1973,stu5-13,gradebook5-4,readMyScores> 1.861104297892158E-5
<1974,admissions4-1,application5-3,setStatus> 2.0817713567321724E-4
<1975,admissions0-1,stu1-16application1-16,setStatus> 1.4084129129307443E-4
<1976,registrar0-0,roster1-8,read> 2.024099925393034E-4
<1977,registrar0-0,roster1-7,read> 2.0166777102349846E-4
<1978,stu5-13,gradebook5-8,readMyScores> 2.097987988803957E-5
<1979,registrar0-0,transcript4-16,read> 3.56225988600599E-4
<1980,admissions0-1,application1-2,setStatus> 2.7765930194782016E-5
<1981,chair3,transcript3-8,read> 3.808352856792403E-4
<1982,chair3,transcript3-6,read> 4.4180588326524364E-4
<1983,registrar0-1,roster1-4,read> 1.9334834775521612E-4
<1984,admissions2-0,stu2-5application2-5,setStatus> 1.4569171543320244E-4
<1985,registrar0-1,roster1-6,read> 1.955647274779315E-4
<1986,chair3,transcript3-5,read> 4.2517753846906095E-4
<1987,stu1-8,gradebook1-1,readMyScores> 7.540384387032427E-5
<1988,registrar0-1,roster1-7,read> 2.007362801642675E-4
<1989,chair3,transcript3-2,read> 4.196347568703334E-4
<1990,registrar2-1,roster2-2,read> 1.033667021499548E-4
<1991,stu3-18,gradebook3-5,readMyScores> 2.2630872909741253E-5
<1992,stu5-14,gradebook5-2,readMyScores> 4.069290692723534E-5
<1993,stu5-14,gradebook5-3,readMyScores> 3.3220017633145456E-5
<1994,registrar2-0,transcript2-14,read> 3.4009719767594515E-4
<1995,registrar0-1,roster1-1,read> 1.985199004415521E-4
<1996,registrar0-1,roster1-2,read> 1.9778110720064694E-4
<1997,chair3,transcript3-1,read> 3.974636304754231E-4
<1998,stu5-14,gradebook5-1,readMyScores> 2.171706190434628E-5
<1999,admissions4-0,stu1-15application1-15,read> 1.330556428755773E-4
<2000,registrar0-1,roster1-3,read> 1.9408714099612126E-4
<2001,admissions4-0,stu0-3application0-3,setStatus> 8.501445263849844E-5
<2002,admissions2-1,stu5-15application5-15,setStatus> 4.2043435462446095E-5
<2003,stu5-14,gradebook5-9,readMyScores> 2.559580631857754E-5
<2004,registrar0-1,transcript2-16,read> 3.3034130004576807E-4
<2005,admissions4-1,stu5-1application5-1,setStatus> 3.3196244574354555E-5
<2006,registrar0-0,roster1-6,read> 1.9647222041286393E-4
<2007,registrar0-0,roster1-3,read> 1.9498777738125408E-4
<2008,admissions0-1,stu0-0application0-0,read> 1.3512082148020859E-4
<2009,stu4-5,gradebook4-7,readMyScores> 9.749706285085736E-5
<2010,registrar0-0,roster1-4,read> 1.9424555586544916E-4
<2011,admissions2-0,stu5-13application5-13,setStatus> 2.0112498010164576E-4
<2012,registrar4-0,roster1-9,read> 2.4068611041632926E-4
<2013,registrar2-1,transcript1-3,read> 3.1624801067697345E-4
<2014,registrar0-0,roster1-1,read> 1.9944110647608366E-4
<2015,registrar0-0,roster1-2,read> 1.9869888496027872E-4
<2016,stu5-15,gradebook5-4,readMyScores> 1.9729303072075673E-5
<2017,admissions4-1,stu2-12application2-12,setStatus> 5.780293238513212E-5
<2018,fac0-2,gradebook0-4,changeScore> 3.1918035709692426E-4
<2019,stu3-16,gradebook3-5,readMyScores> 2.1748331904904547E-5
<2020,registrar0-0,roster0-4,read> 1.9127666980222943E-4
<2021,registrar0-0,transcript2-7,read> 1.8673758386138266E-4
<2022,admissions2-0,stu2-12application2-12,setStatus> 5.689085455656988E-5
<2023,registrar2-1,roster3-8,read> 1.3119743778646493E-4
<2024,registrar4-1,transcript0-15,read> 3.829135923482594E-4
<2025,registrar2-1,roster3-9,read> 1.3197051377636797E-4
<2026,admissions0-1,stu0-12application0-12,read> 5.629840122697192E-5
<2027,registrar0-1,roster1-1,write> 1.4437810941203788E-4
<2028,registrar0-1,roster1-2,write> 1.4384080523683417E-4
<2029,stu5-2,gradebook5-2,addScore> 1.304306330691359E-4
<2030,admissions0-0,stu0-15application0-15,setStatus> 1.502432965717567E-4
<2031,registrar0-1,roster1-6,write> 1.4222889271122292E-4
<2032,registrar0-1,roster1-3,write> 1.4115428436081546E-4
<2033,registrar0-1,roster1-4,write> 1.4061698018561172E-4
<2034,registrar2-1,roster3-1,read> 1.2423975387733737E-4
<2035,admissions0-0,stu5-5application5-5,setStatus> 1.1199858257788544E-4
<2036,registrar2-1,roster3-2,read> 1.2269360189753127E-4
<2037,registrar0-1,roster1-7,write> 1.4599002193764907E-4
<2038,registrar2-1,transcript3-15,read> 3.548014374564681E-4
<2039,admissions0-1,stu5-12application5-12,read> 9.654814773926297E-5
<2040,registrar2-1,roster3-3,read> 1.273320578369496E-4
<2041,registrar2-1,roster3-4,read> 1.2501282986724047E-4
<2042,admissions4-0,stu2-8application2-8,read> 1.8795676028275228E-4
<2043,registrar2-1,roster3-5,read> 1.2887820981675573E-4
<2044,registrar2-1,roster3-6,read> 1.296512858066588E-4
<2045,registrar2-1,roster3-7,read> 1.3042436179656186E-4
<2046,registrar2-0,roster3-8,read> 1.3061563096701274E-4
<2047,admissions2-1,stu3-15application3-15,setStatus> 1.467504734959205E-4
<2048,stu3-0,stu3-0application3-0,checkStatus> 8.700673278238528E-4
<2049,registrar2-0,roster3-7,read> 1.2984598325200945E-4
<2050,admissions0-0,stu0-0application0-0,read> 1.3557963581460657E-4
<2051,admissions0-1,stu0-15application0-15,setStatus> 1.4973485901990642E-4
<2052,admissions4-0,stu1-19application1-19,setStatus> 4.812437374830185E-5
<2053,registrar2-0,transcript4-11,read> 3.451475211162512E-4
<2054,registrar2-0,transcript4-15,read> 3.6534881487747554E-4
<2055,registrar0-0,transcript5-8,read> 2.919372833546893E-4
<2056,registrar2-1,roster5-8,write> 8.8669473387366E-5
<2057,registrar2-0,roster3-1,read> 1.2368880153198334E-4
<2058,admissions2-0,stu4-6application4-6,setStatus> 6.334909898396135E-5
<2059,admissions0-0,stu5-12application5-12,read> 9.687598525280886E-5
<2060,admissions0-1,stu4-14application4-14,setStatus> 1.9928473635511324E-4
<2061,stu2-7,gradebook2-9,readMyScores> 3.35944449760669E-4
<2062,registrar2-0,roster3-5,read> 1.2830668782200293E-4
<2063,registrar2-0,roster3-3,read> 1.2676739239199638E-4
<2064,admissions2-0,application5-1,read> 1.7841079626347437E-4
<2065,admissions0-0,stu1-19application1-19,read> 4.975849761235949E-5
<2066,admissions2-1,stu2-18application2-18,read> 1.3830879413605755E-4
<2067,stu5-17,gradebook5-7,readMyScores> 3.0052765709308974E-5
<2068,fac5-0,gradebook5-1,changeScore> 5.386901397881228E-4
<2069,registrar4-0,transcript5-0,read> 3.3664258147854495E-4
<2070,chair4,transcript4-10,read> 0.0018773863173356853
<2071,admissions0-1,stu1-19application1-19,read> 4.959011014159009E-5
<2072,admissions2-0,stu3-6application3-6,setStatus> 2.0166316713726172E-4
<2073,admissions4-1,stu3-8application3-8,setStatus> 1.7318095745344473E-4
<2074,registrar4-0,transcript5-5,read> 3.401046963002068E-4
<2075,registrar4-0,transcript5-3,read> 3.377966197524322E-4
<2076,registrar4-0,transcript5-9,read> 3.447208493957561E-4
<2077,stu5-18,gradebook5-6,readMyScores> 3.314567171128627E-5
<2078,registrar4-0,transcript5-7,read> 3.4241277284798147E-4
<2079,admissions0-1,stu3-2application3-2,setStatus> 6.334020110210998E-5
<2080,registrar4-0,transcript5-6,read> 3.4356681112186885E-4
<2081,registrar4-1,transcript5-2,read> 3.4423643826844545E-4
<2082,admissions0-0,stu2-17application2-17,read> 1.1987380660112341E-4
<2083,admissions2-0,stu4-2application4-2,setStatus> 1.0102219147707815E-4
<2084,stu0-2,stu0-2application0-2,checkStatus> 9.710464749717922E-5
<2085,admissions4-1,stu4-11application4-11,read> 1.706847456788625E-4
<2086,registrar4-1,transcript5-4,read> 3.4658050821267656E-4
<2087,stu5-19,gradebook5-4,readMyScores> 1.988905451395482E-5
<2088,registrar4-1,transcript5-5,read> 3.4540847324056095E-4
<2089,admissions2-0,stu0-19application0-19,read> 9.363557441324918E-5
<2090,fac4-2,gradebook4-4,changeScore> 0.0012703894154254512
<2091,registrar4-1,transcript5-8,read> 3.512686481011389E-4
<2092,stu5-19,gradebook5-6,readMyScores> 3.4245942971411955E-5
<2093,fac0-0,roster0-1,read> 0.0025516637876124492
<2094,stu5-19,gradebook5-5,readMyScores> 3.052593189980212E-5
<2095,stu5-1,gradebook5-4,readMyScores> 4.225425637703655E-5
<2096,stu5-1,gradebook5-5,readMyScores> 6.48522810240776E-5
<2097,registrar0-1,transcript5-10,read> 3.074351587805179E-5
<2098,stu1-14,gradebook1-2,addScore> 8.915681451393596E-5
<2099,stu3-13,gradebook3-9,readMyScores> 3.272780498801855E-5
<2100,admissions2-0,application3-2,read> 1.1826301316303525E-4
<2101,stu1-14,transcript1-14,read> 1.8546006311166225E-4
<2102,admissions4-0,stu0-1application0-1,setStatus> 1.665930645960472E-5
<2103,admissions2-0,stu5-0application5-0,read> 1.1542138561498301E-4
<2104,stu3-14,gradebook3-5,readMyScores> 2.2000486477715034E-5
<2105,stu3-14,gradebook3-4,readMyScores> 3.080369270215673E-5
<2106,admissions0-1,stu4-12application4-12,setStatus> 2.0690779440668352E-4
<2107,admissions2-1,stu1-8application1-8,read> 1.1722152597886827E-4
<2108,stu3-14,gradebook3-8,readMyScores> 4.727728050641877E-5
<2109,registrar4-0,roster0-6,read> 2.2837517525117678E-4
<2110,stu5-0,gradebook5-7,readMyScores> 6.61655541336638E-5
<2111,stu1-15,gradebook1-8,addScore> 9.252298035587976E-5
<2112,registrar2-1,transcript2-13,read> 3.3958297951719387E-4
<2113,registrar4-0,transcript3-16,read> 4.0242276309012184E-4
<2114,admissions0-1,stu4-2application4-2,read> 1.0493351159599027E-4
<2115,admissions0-0,stu1-3application1-3,read> 1.5521192233146046E-4
<2116,admissions2-1,stu2-6application2-6,setStatus> 1.4570861242096058E-4
<2117,admissions4-1,stu4-6application4-6,read> 5.664094990517873E-5
<2118,registrar0-1,transcript1-0,read> 2.5762339126719617E-4
<2119,stu3-15,gradebook3-4,readMyScores> 3.0274116323323104E-5
<2120,stu3-15,gradebook3-2,readMyScores> 3.301988982438965E-5
<2121,registrar4-0,roster4-9,read> 1.1317999620582144E-4
<2122,admissions0-1,stu3-16application3-16,read> 3.8968649256402164E-5
<2123,registrar2-0,roster1-6,read> 2.0373216389232306E-4
<2124,admissions0-1,stu1-14application1-14,setStatus> 2.1580136213351548E-4
<2125,admissions4-0,stu4-10application4-10,setStatus> 3.184933894380333E-5
<2126,admissions0-0,stu1-9application1-9,read> 1.7035682907303349E-4
<2127,admissions4-1,stu3-19application3-19,setStatus> 1.6552554346786947E-4
<2128,admissions0-1,stu5-19application5-19,read> 3.5055479456596084E-5
<2129,admissions4-1,application0-1,read> 5.856573970726622E-5
<2130,admissions4-0,stu2-17application2-17,setStatus> 1.1593701876704561E-4
<2131,admissions4-1,stu3-4application3-4,setStatus> 5.39752253923445E-5
<2132,stu3-16,gradebook3-3,readMyScores> 3.199730864354012E-5
<2133,stu3-16,gradebook3-2,readMyScores> 3.321242562511495E-5
<2134,stu3-16,gradebook3-6,readMyScores> 2.2045637483672254E-5
<2135,stu1-10,gradebook1-9,readMyScores> 5.06205464267926E-5
<2136,admissions2-0,stu1-17application1-17,setStatus> 6.442547305519326E-5
<2137,registrar4-1,roster3-1,write> 1.0438042615616653E-4
<2138,registrar0-0,transcript0-10,read> 3.162890656448066E-4
<2139,registrar4-1,roster3-2,write> 1.0308142163049998E-4
<2140,admissions2-1,stu5-4application5-4,read> 5.716865361817709E-5
<2141,admissions0-0,stu1-14application1-14,setStatus> 2.165341341611335E-4
<2142,stu2-3,gradebook2-5,readMyScores> 1.9736524407483388E-4
<2143,admissions0-0,stu3-16application3-16,read> 3.910097064606737E-5
<2144,registrar4-1,roster3-3,write> 1.069784352074997E-4
<2145,registrar2-0,transcript4-14,read> 3.6736894425359786E-4
<2146,registrar2-0,roster1-6,write> 1.4816884646714405E-4
<2147,registrar4-1,roster3-4,write> 1.0502992841899984E-4
<2148,registrar4-1,roster3-5,write> 1.0827743973316628E-4
<2149,registrar4-1,roster3-7,write> 1.0957644425883287E-4
<2150,registrar4-1,roster3-9,write> 1.1087544878449943E-4
<2151,stu1-13,gradebook1-8,addScore> 9.08330629064573E-5
<2152,admissions0-1,stu1-9application1-9,read> 1.697803254213481E-4
<2153,fac4-1,gradebook4-2,readScore> 6.823399387280069E-5
<2154,stu3-17,gradebook3-2,readMyScores> 3.4367640429466774E-5
<2155,admissions4-1,stu2-17application2-17,setStatus> 1.1685898313099828E-4
<2156,stu3-17,gradebook3-6,readMyScores> 2.281244226571303E-5
<2157,stu3-17,gradebook3-5,readMyScores> 2.2504795623336013E-5
<2158,admissions2-0,stu4-13application4-13,read> 1.6941230902797565E-4
<2159,stu3-10,gradebook3-1,readMyScores> 4.8413030711182186E-5
<2160,stu3-10,gradebook3-3,readMyScores> 3.0513375489057095E-5
<2161,admissions4-1,stu2-10application2-10,setStatus> 1.327166263868327E-4
<2162,admissions2-1,stu0-3application0-3,setStatus> 8.163415631092397E-5
<2163,admissions4-1,stu4-10application4-10,setStatus> 3.2102614004986664E-5
<2164,stu2-1,gradebook2-8,readMyScores> 1.7148620151613545E-4
<2165,admissions0-1,stu1-13application1-13,read> 1.3456179722309345E-4
<2166,admissions2-0,stu4-10application4-10,setStatus> 3.159606388262001E-5
<2167,stu3-10,gradebook3-6,readMyScores> 2.1023231107617888E-5
<2168,admissions4-0,application4-3,read> 1.3687485104303294E-4
<2169,stu3-11,gradebook3-3,readMyScores> 3.0142392200436336E-5
<2170,stu3-11,gradebook3-4,readMyScores> 2.8685387186822176E-5
<2171,stu3-7,transcript3-7,read> 3.7710878279648006E-4
<2172,admissions0-1,stu2-12application2-12,read> 5.909352251254769E-5
<2173,admissions2-0,stu1-3application1-3,setStatus> 1.4892083764689814E-4
<2174,admissions2-1,stu1-17application1-17,setStatus> 6.2359726424165E-5
<2175,admissions4-1,stu0-9application0-9,setStatus> 1.19593059554418E-4
<2176,registrar4-1,roster1-3,read> 2.3461577832709787E-4
<2177,admissions0-0,application1-1,setStatus> 2.6585387991573E-5
<2178,admissions0-0,application1-2,setStatus> 2.7860211791368708E-5
<2179,admissions0-0,application1-3,setStatus> 2.8497623691266562E-5
<2180,registrar0-0,roster5-2,read> 1.3189894853783481E-4
<2181,admissions0-0,application1-4,setStatus> 1.82990332929009E-5
<2182,stu3-11,gradebook3-6,readMyScores> 2.0767629513604296E-5
<2183,registrar4-0,roster4-3,read> 1.597856793310415E-4
<2184,admissions0-1,stu2-10application2-10,setStatus> 1.5418164288332246E-4
<2185,registrar2-0,transcript0-18,read> 3.219160332908433E-4
<2186,registrar4-0,roster4-2,read> 1.5890632681924495E-4
<2187,app2-3,application2-3,checkStatus> 6.608443466827983E-4
<2188,stu0-4,transcript0-4,read> 5.112628865758526E-4
<2189,admissions0-0,stu2-8application2-8,read> 2.2083985154494354E-4
<2190,admissions2-1,stu5-10application5-10,setStatus> 1.868621248818784E-4
<2191,admissions2-1,stu4-10application4-10,setStatus> 3.05829636378867E-5
<2192,registrar4-0,roster4-1,read> 1.580269743074483E-4
<2193,registrar4-0,roster4-6,read> 1.2812898890636376E-4
<2194,registrar4-0,roster4-5,read> 1.210941688119909E-4
<2195,registrar0-0,transcript0-6,read> 1.0686373794979801E-4
<2196,registrar4-0,roster4-4,read> 1.2285287383558414E-4
<2197,admissions0-0,stu2-12application2-12,read> 5.9294179634831375E-5
<2198,stu3-12,gradebook3-5,readMyScores> 2.023540446804162E-5
<2199,admissions4-0,stu4-13application4-13,setStatus> 1.940571858286385E-4
<2200,admissions2-0,application3-3,read> 1.1778940857169325E-4
<2201,admissions2-0,stu1-13application1-13,setStatus> 1.295461043647238E-4
<2202,registrar2-1,roster1-1,read> 2.0773196078686777E-4
<2203,admissions2-0,stu2-6application2-6,setStatus> 1.5053539875374601E-4
<2204,admissions0-0,application1-0,setStatus> 2.5310564191777295E-5
<2205,registrar2-0,transcript0-16,read> 3.2393616266696566E-4
<2206,registrar2-1,transcript0-12,read> 3.355247240667208E-4
<2207,admissions0-1,application1-4,setStatus> 1.8237107630319172E-5
<2208,admissions2-0,stu5-16application5-16,read> 1.234726636677977E-4
<2209,admissions0-1,application1-3,setStatus> 2.8401185032412872E-5
<2210,stu2-15,stu2-15application2-15,checkStatus> 4.109391192087609E-4
<2211,stu3-12,gradebook3-9,readMyScores> 3.0275577524939354E-5
<2212,registrar4-1,roster4-2,read> 1.6138439819264448E-4
<2213,registrar4-1,roster4-1,read> 1.6049133258124867E-4
<2214,registrar4-1,roster1-5,write> 1.732276660164952E-4
<2215,registrar4-1,roster4-4,read> 1.247687081254178E-4
<2216,admissions4-1,stu1-1application1-1,read> 1.8897024879869362E-4
<2217,stu3-12,gradebook3-6,readMyScores> 2.05120279195907E-5
<2218,registrar4-1,roster4-3,read> 1.622774638040402E-4
<2219,registrar4-1,roster4-6,read> 1.3012710179379243E-4
<2220,registrar4-1,roster4-5,read> 1.2298257690262625E-4
<2221,registrar4-1,roster4-8,read> 1.1762418323425161E-4
<2222,admissions4-1,stu1-16application1-16,setStatus> 1.2123350540846986E-4
<2223,registrar4-1,roster4-7,read> 1.274479049596051E-4
<2224,stu3-13,gradebook3-2,readMyScores> 3.340496142584026E-5
<2225,registrar4-0,transcript3-9,read> 7.81380081277868E-5
<2226,admissions2-0,stu0-3application0-3,setStatus> 8.433839337298357E-5
<2227,admissions0-1,application1-1,setStatus> 2.64954205195203E-5
<2228,admissions0-1,application1-0,setStatus> 2.5224910844258586E-5
<2229,fac4-3,gradebook4-6,changeScore> 0.0012872747833247743
<2230,admissions2-1,stu5-13application5-13,setStatus> 1.9467608294407795E-4
<2231,admissions4-1,stu0-1application0-1,setStatus> 1.6791786033836174E-5
<2232,registrar4-0,transcript2-19,read> 4.0126872481623436E-4
<2233,fac3-0,gradebook3-1,changeScore> 4.5989175625794904E-4
<2234,registrar2-0,transcript4-16,read> 3.693890736297204E-4
<2235,registrar4-0,transcript2-14,read> 3.8857430380347406E-4
<2236,admissions4-0,stu4-16application4-16,setStatus> 1.6313461970009135E-4
<2237,admissions4-0,stu0-6application0-6,read> 5.2852271359008656E-5
<2238,admissions4-1,stu3-6application3-6,setStatus> 2.048962439651136E-4
<2239,admissions2-0,stu4-0application4-0,read> 5.6220811697228014E-5
<2240,admissions0-1,stu5-15application5-15,read> 4.511791608466886E-5
<2241,stu4-16,gradebook4-1,addScore> 3.220859281958191E-4
<2242,admissions2-1,stu5-16application5-16,setStatus> 1.358109322088411E-4
<2243,admissions2-0,stu4-19application4-19,setStatus> 6.819278230450495E-5
<2244,admissions2-1,stu1-10application1-10,read> 9.93431899325556E-5
<2245,registrar2-1,transcript2-19,read> 3.5277230973123144E-4
<2246,fac4-0,gradebook4-1,assignGrade> 4.416495284381447E-4
<2247,admissions4-0,stu1-1application1-1,read> 1.874793592618203E-4
<2248,admissions2-1,stu5-18application5-18,read> 1.0438579753536175E-4
<2249,admissions0-1,stu1-8application1-8,setStatus> 1.6243995577252355E-4
<2250,registrar2-1,transcript4-13,read> 3.6494707608265083E-4
<2251,stu5-9,gradebook5-2,readMyScores> 9.783613793143815E-5
<2252,stu5-9,gradebook5-3,readMyScores> 7.98694040967114E-5
<2253,app0-2,application0-2,checkStatus> 7.01526593015781E-4
<2254,registrar2-1,transcript4-11,read> 3.4668492655552186E-4
<2255,registrar2-1,transcript4-12,read> 3.6596163994526913E-4
<2256,registrar2-1,transcript4-10,read> 3.4364123496766696E-4
<2257,admissions2-0,stu1-10application1-10,read> 1.0263406164874794E-4
<2258,registrar4-0,transcript0-6,read> 1.26607615631054E-4
<2259,stu5-9,gradebook5-7,readMyScores> 6.987577212246735E-5
<2260,stu5-9,gradebook5-9,readMyScores> 6.1538853489346E-5
<2261,admissions2-1,stu5-3application5-3,read> 1.332661865332514E-4
<2262,registrar2-1,transcript4-16,read> 3.7103445925836063E-4
<2263,registrar4-1,transcript2-15,read> 3.9580597704153074E-4
<2264,registrar0-1,transcript0-10,read> 3.14828146173006E-4
<2265,registrar4-1,transcript4-14,read> 4.262788863165356E-4
<2266,registrar2-1,transcript4-18,read> 3.730635869835971E-4
<2267,registrar2-1,transcript4-17,read> 3.7001989539574233E-4
<2268,registrar0-1,transcript3-19,read> 3.3228044427986334E-4
<2269,admissions4-0,stu3-14application3-14,setStatus> 1.262445408098947E-4
<2270,registrar4-1,transcript2-17,read> 4.0283818687422414E-4
<2271,stu1-15,gradebook1-8,readScore> 3.4087413815324124E-5
<2272,admissions2-1,stu4-19application4-19,setStatus> 6.600624018652484E-5
<2273,admissions4-0,stu3-5application3-5,setStatus> 1.1810702340764541E-4
<2274,admissions0-1,stu0-13application0-13,setStatus> 2.0944881375720695E-4
<2275,admissions0-0,stu4-19application4-19,setStatus> 8.076539948289063E-5
<2276,admissions2-0,stu5-16application5-16,setStatus> 1.4030984507704285E-4
<2277,admissions2-0,stu5-18application5-18,read> 1.0784371215351037E-4
<2278,admissions2-1,stu0-2application0-2,setStatus> 8.703881063727868E-6
<2279,fac3-1,gradebook3-2,assignGrade> 1.7429787003219783E-4
<2280,admissions4-1,stu4-3application4-3,setStatus> 2.1364528852005674E-4
<2281,admissions0-1,stu4-9application4-9,setStatus> 1.5227587837042983E-4
<2282,fac2-3,gradebook2-6,addScore> 4.003984188198994E-4
<2283,admissions2-1,stu3-16application3-16,read> 3.195561560414642E-5
<2284,admissions4-1,stu4-8application4-8,read> 7.97384275302286E-5
<2285,stu5-8,gradebook5-3,readMyScores> 8.043485120536068E-5
<2286,stu5-8,gradebook5-1,readMyScores> 5.2583013717332054E-5
<2287,stu5-8,gradebook5-8,readMyScores> 5.123412728023397E-5
<2288,registrar0-1,transcript1-2,read> 3.012541365343393E-4
<2289,registrar0-0,transcript2-1,read> 1.8868572644459205E-4
<2290,admissions4-1,stu3-5application3-5,setStatus> 1.1904624426973408E-4
<2291,registrar0-1,transcript1-8,read> 2.9543670383205356E-4
<2292,registrar0-1,transcript1-3,read> 3.0222370865138704E-4
<2293,registrar0-1,transcript1-4,read> 2.9931499230024405E-4
<2294,stu5-7,gradebook5-5,readMyScores> 6.632341027226085E-5
<2295,stu5-7,gradebook5-6,readMyScores> 7.440584396599947E-5
<2296,admissions4-0,stu1-16application1-16,read> 1.058437846824558E-4
<2297,registrar2-1,roster1-2,read> 2.0695888479696468E-4
<2298,stu4-15,gradebook4-2,addScore> 1.1179894537896245E-4
<2299,registrar4-1,transcript3-15,read> 4.0987039670691765E-4
<2300,admissions2-0,application5-3,read> 1.8030521462884252E-4
<2301,registrar0-0,transcript1-1,read> 2.568707168569204E-4
<2302,registrar0-0,transcript1-0,read> 2.5881885944012986E-4
<2303,admissions0-0,stu0-0application0-0,setStatus> 1.5406776797114382E-4
<2304,stu1-13,gradebook1-8,readScore> 3.3464812649747425E-5
<2305,registrar4-0,transcript3-3,read> 8.50622377711107E-5
<2306,admissions2-1,stu4-0application4-0,read> 5.4418140380282824E-5
<2307,registrar0-0,transcript1-8,read> 2.968076398127128E-4
<2308,admissions2-1,stu5-7application5-7,read> 8.117834209062898E-6
<2309,registrar0-0,transcript1-4,read> 3.007039249791315E-4
<2310,stu5-6,gradebook5-9,readMyScores> 5.957832364366773E-5
<2311,registrar0-0,transcript4-10,read> 3.2992606372727224E-4
<2312,registrar0-0,transcript1-5,read> 3.0167799627073624E-4
<2313,stu1-14,gradebook1-2,readScore> 3.284724745250272E-5
<2314,stu5-6,gradebook5-7,readMyScores> 6.764964132918522E-5
<2315,admissions2-0,stu5-3application5-3,read> 1.3768080140805892E-4
<2316,registrar4-0,transcript2-10,read> 3.8280411243403744E-4
<2317,stu5-6,gradebook5-1,readMyScores> 5.054992707096773E-5
<2318,registrar2-0,transcript4-12,read> 3.6433875018941424E-4
<2319,fac5-4,gradebook5-8,readScore> 4.1897533387207424E-5
<2320,registrar0-0,transcript2-4,read> 1.8965979773619677E-4
<2321,stu4-12,transcript4-12,read> 0.0017282322565744456
<2322,admissions4-1,stu4-1application4-1,setStatus> 1.9833446054890624E-4
<2323,registrar4-0,transcript2-12,read> 3.851121889818121E-4
<2324,registrar4-0,transcript2-13,read> 3.862662272556994E-4
<2325,admissions4-1,stu1-16application1-16,read> 1.0668548475945346E-4
<2326,registrar2-0,roster1-7,write> 1.5208705301625162E-4
<2327,admissions2-1,stu1-3application1-3,setStatus> 1.4414582080852066E-4
<2328,admissions4-0,stu3-16application3-16,setStatus> 3.7816851705452786E-5
<2329,stu3-18,gradebook3-6,readMyScores> 2.2940243062719827E-5
<2330,admissions2-0,stu0-16application0-16,read> 1.1305336265827284E-4
<2331,registrar2-1,transcript0-8,read> 1.1434980201593545E-4
<2332,stu3-18,gradebook3-2,readMyScores> 3.456017623019208E-5
<2333,registrar2-1,transcript0-6,read> 1.113061104280806E-4
<2334,registrar2-1,transcript0-7,read> 1.1637892974117201E-4
<2335,stu4-12,gradebook4-3,addScore> 3.198422429782686E-4
<2336,fac5-0,roster5-1,read> 0.0017985052556530497
<2337,registrar2-1,transcript0-0,read> 1.81311016948742E-4
<2338,stu5-5,gradebook5-1,readMyScores> 5.110440524724891E-5
<2339,registrar2-1,transcript0-4,read> 1.0826241884022578E-4
<2340,registrar0-0,transcript0-14,read> 3.192112795196207E-4
<2341,registrar4-0,roster3-8,write> 1.0853341759235074E-4
<2342,admissions0-1,stu5-2application5-2,setStatus> 1.8086234606381842E-4
<2343,registrar2-1,transcript0-3,read> 1.0927698270284405E-4
<2344,registrar2-0,transcript3-11,read> 3.572682973729858E-4
<2345,admissions4-0,stu1-1application1-1,setStatus> 2.1304472643388672E-4
<2346,admissions4-0,stu5-15application5-15,read> 3.853024073104997E-5
<2347,registrar2-1,transcript0-2,read> 1.7725276149826885E-4
<2348,registrar0-0,roster5-5,write> 8.297136884255742E-5
<2349,app0-1,application0-1,checkStatus> 7.073383424919214E-4
<2350,stu5-5,gradebook5-4,readMyScores> 4.417127367958642E-5
<2351,registrar4-0,roster3-5,write> 1.0661483029388541E-4
<2352,registrar2-1,roster1-4,read> 2.0232042885754635E-4
<2353,stu5-5,gradebook5-6,readMyScores> 7.605625085618801E-5
<2354,registrar4-1,transcript0-16,read> 3.758813825155659E-4
<2355,stu4-3,gradebook4-7,readMyScores> 9.535033853120544E-5
<2356,admissions0-1,stu4-13application4-13,setStatus> 2.2723594921087098E-4
<2357,registrar4-0,roster3-4,write> 1.0341718479644325E-4
<2358,registrar4-0,roster3-7,write> 1.0789388849286228E-4
<2359,admissions2-1,stu1-17application1-17,read> 5.4876559253265206E-5
<2360,registrar4-0,roster3-1,write> 1.0277765569695478E-4
<2361,registrar4-0,roster3-3,write> 1.0533577209490854E-4
<2362,registrar4-0,roster3-2,write> 1.0149859749797789E-4
<2363,admissions4-1,stu3-16application3-16,setStatus> 3.811758213651007E-5
<2364,admissions4-0,stu1-3application1-3,read> 1.321008408337134E-4
<2365,registrar0-0,transcript5-0,read> 2.841447130218518E-4
<2366,registrar2-0,transcript0-5,read> 1.1283264286217162E-4
<2367,registrar4-0,roster1-6,write> 1.6928868204375255E-4
<2368,stu3-19,gradebook3-1,readMyScores> 5.1944680367924966E-5
<2369,registrar2-0,transcript0-6,read> 1.108125134860492E-4
<2370,admissions4-1,stu5-2application5-2,setStatus> 1.5568286834355844E-4
<2371,registrar2-0,transcript0-8,read> 1.1384270755023284E-4
<2372,fac5-4,gradebook5-8,changeScore> 3.698364607948932E-4
<2373,registrar2-0,transcript5-4,read> 2.9868454546543526E-4
<2374,registrar2-0,transcript0-9,read> 1.1788296630247768E-4
<2375,registrar2-0,transcript0-2,read> 1.764667182100282E-4
<2376,stu5-4,gradebook5-4,readMyScores> 4.465052800522388E-5
<2377,registrar2-0,transcript0-1,read> 1.734365241458445E-4
<2378,registrar4-1,transcript1-8,read> 3.5712882296171674E-4
<2379,registrar2-0,transcript0-4,read> 1.0778231942186556E-4
<2380,registrar2-0,transcript0-3,read> 1.0879238410992677E-4
<2381,stu3-15,gradebook3-6,readScore> 3.518049131155484E-5
<2382,admissions0-0,stu5-16application5-16,read> 1.462371627808987E-4
<2383,stu5-4,gradebook5-1,readMyScores> 5.1658883423530095E-5
<2384,admissions4-0,stu4-4application4-4,setStatus> 1.490295895361926E-4
<2385,registrar0-0,roster4-8,write> 7.109582458967853E-5
<2386,stu5-4,gradebook5-9,readMyScores> 6.0885343540786595E-5
<2387,admissions0-0,application1-3,read> 2.5077908848314574E-5
<2388,admissions4-1,application2-1,setStatus> 5.670930181576423E-5
<2389,admissions0-0,application1-4,read> 1.6103149297752788E-5
<2390,admissions0-0,application1-1,read> 2.3395141432584237E-5
<2391,admissions0-0,application1-2,read> 2.451698637640446E-5
<2392,admissions0-0,application1-0,read> 2.227329648876402E-5
<2393,stu4-10,gradebook4-2,addScore> 1.0842388287695603E-4
<2394,admissions4-0,stu5-4application5-4,setStatus> 6.765441551370005E-5
<2395,admissions0-1,stu2-11application2-11,read> 7.642327448311747E-5
<2396,stu4-0,gradebook4-4,readMyScores> 8.950734162102571E-5
<2397,admissions4-1,stu4-11application4-11,setStatus> 1.9395993827143467E-4
<2398,stu5-3,gradebook5-1,readMyScores> 4.7592710130801426E-5
<2399,admissions4-1,stu3-12application3-12,read> 6.77084912671818E-5
<2400,stu5-3,gradebook5-8,readMyScores> 4.6371837520774155E-5
<2401,registrar0-0,transcript3-19,read> 3.3382234889369107E-4
<2402,registrar4-0,roster3-4,read> 1.4219862909510943E-4
<2403,admissions2-1,stu5-11application5-11,read> 9.750951444062612E-5
<2404,admissions0-1,application1-4,read> 1.6048654714680873E-5
<2405,admissions0-1,application1-0,read> 2.2197921542947554E-5
<2406,admissions0-1,application1-1,read> 2.3315970057177864E-5
<2407,admissions0-1,application1-2,read> 2.443401857140817E-5
<2408,admissions2-1,stu4-8application4-8,read> 7.596382741045449E-5
<2409,stu3-4,stu3-4application3-4,checkStatus> 5.736681045406921E-4
<2410,admissions4-1,stu0-6application0-6,read> 5.3272567751525624E-5
<2411,admissions0-1,application1-3,read> 2.4993042828523327E-5
<2412,admissions2-1,stu5-0application5-0,read> 1.1172049950307976E-4
<2413,admissions0-0,stu2-11application2-11,read> 7.668277626404485E-5
<2414,admissions4-0,stu4-11application4-11,setStatus> 1.9242968234818865E-4
<2415,admissions4-1,stu2-5application2-5,setStatus> 1.4802745435798321E-4
<2416,admissions2-1,stu0-16application0-16,read> 1.094284051381679E-4
<2417,stu4-11,gradebook4-9,addScore> 1.5954415912347591E-4
<2418,admissions4-1,stu5-15application5-15,read> 3.883664423586946E-5
<2419,registrar4-1,transcript3-14,read> 4.1104243167903326E-4
<2420,admissions0-0,stu0-12application0-12,read> 5.648956727528082E-5
<2421,stu5-12,stu5-12application5-12,checkStatus> 0.0010037375657750817
<2422,stu0-15,gradebook0-4,readMyScores> 1.670302547698213E-5
<2423,admissions0-0,stu1-8application1-8,setStatus> 1.629915345697138E-4
<2424,admissions4-0,stu3-12application3-12,read> 6.717430198696734E-5
<2425,admissions2-0,stu1-17application1-17,read> 5.669441628857006E-5
<2426,stu5-2,gradebook5-5,readMyScores> 6.411671639998599E-5
<2427,stu5-2,gradebook5-4,readMyScores> 4.177500205139908E-5
<2428,fac0-3,gradebook0-7,changeScore> 2.797811653318374E-4
<2429,stu5-2,gradebook5-3,readMyScores> 7.393220945589392E-5
<2430,admissions4-0,stu5-15application5-15,setStatus> 4.378436446710224E-5
<2431,registrar4-1,transcript1-3,read> 3.6533306776652586E-4
<2432,admissions4-0,application5-4,read> 1.831827500734327E-4
<2433,stu0-8,gradebook0-9,readMyScores> 3.1752977009433314E-5
<2434,fac4-3,gradebook4-6,assignGrade> 4.5974099404456225E-4
<2435,admissions2-1,stu0-19application0-19,read> 9.063323134589048E-5
<2436,registrar4-1,transcript1-4,read> 3.6181696285017903E-4
<2437,admissions2-1,stu4-18application4-18,setStatus> 1.0266672676167785E-5
<2438,registrar4-1,transcript1-5,read> 3.629889978222946E-4
<2439,registrar2-1,transcript1-2,read> 3.152334468143551E-4
<2440,registrar0-1,roster4-3,read> 1.3424488848280485E-4
<2441,admissions2-1,stu3-3application3-3,read> 1.703981152448238E-4
<2442,registrar4-1,transcript1-0,read> 3.114194590492093E-4
<2443,registrar4-1,transcript1-1,read> 3.090753891049782E-4
<2444,registrar4-1,transcript1-2,read> 3.641610327944102E-4
<2445,admissions2-0,application2-4,read> 5.479999792320189E-5
<2446,admissions2-1,stu4-5application4-5,read> 7.092121980764834E-5
<2447,stu2-8,gradebook2-4,readMyScores> 2.1714589763751702E-4
<2448,admissions4-1,application4-4,setStatus> 1.562296836282424E-4
<2449,admissions2-0,application2-1,read> 4.9116742827097415E-5
<2450,registrar4-1,transcript1-7,read> 3.606449278780635E-4
<2451,admissions2-0,application2-0,read> 4.864313823575537E-5
<2452,admissions2-0,application2-3,read> 5.3852788740517817E-5
<2453,admissions4-1,stu5-4application5-4,setStatus> 6.81924227941271E-5
<2454,admissions2-0,application2-2,read> 4.9590347418439453E-5
<2455,stu5-14,stu5-14application5-14,checkStatus> 3.760686223519185E-4
<2456,registrar4-0,transcript1-4,read> 3.562612321346292E-4
<2457,admissions0-0,application4-0,read> 1.5128546502808968E-4
<2458,admissions4-0,stu0-10application0-10,setStatus> 2.114172229534369E-4
<2459,admissions2-1,application2-0,read> 4.708343841256482E-5
<2460,admissions2-1,application2-4,read> 5.3042883761335704E-5
<2461,registrar4-0,transcript1-7,read> 3.55107193860742E-4
<2462,registrar2-0,roster1-3,read> 2.021928684623166E-4
<2463,admissions2-1,stu2-9application2-9,read> 1.6352183215008817E-4
<2464,admissions2-1,application2-2,read> 4.800027615852957E-5
<2465,admissions2-1,application2-1,read> 4.7541857285547196E-5
<2466,admissions2-1,stu5-17application5-17,read> 1.1538785048693877E-4
<2467,registrar4-1,transcript3-16,read> 4.086983617348021E-4
<2468,admissions4-0,stu3-18application3-18,setStatus> 1.7127213710234058E-4
<2469,admissions0-1,stu0-19application0-19,setStatus> 1.2559517518993387E-4
<2470,stu3-8,gradebook3-7,readMyScores> 5.544168553737128E-5
<2471,admissions4-0,stu5-5application5-5,setStatus> 9.53219746813475E-5
<2472,stu3-8,gradebook3-4,readMyScores> 4.6867509526777165E-5
<2473,admissions4-0,stu2-13application2-13,read> 9.677316528474863E-5
<2474,admissions4-1,stu3-17application3-17,read> 1.3651972669180955E-4
<2475,admissions0-0,stu2-8application2-8,setStatus> 2.5095437675561765E-4
<2476,admissions2-0,stu5-17application5-17,read> 1.1921022234571936E-4
<2477,admissions0-0,stu0-19application0-19,setStatus> 1.2602164437563825E-4
<2478,admissions0-0,stu3-14application3-14,setStatus> 1.4833106087206317E-4
<2479,admissions4-1,stu0-13application0-13,setStatus> 1.80289556154336E-4
<2480,admissions4-0,stu3-9application3-9,read> 7.815452546840232E-5
<2481,stu3-9,gradebook3-8,readMyScores> 7.111911824031476E-5
<2482,admissions2-0,stu3-3application3-3,read> 1.7604277330676414E-4
<2483,admissions2-0,stu4-18application4-18,setStatus> 1.0606769493597772E-5
<2484,stu3-9,gradebook3-3,readMyScores> 4.869155663147409E-5
<2485,admissions4-1,stu2-13application2-13,read> 9.754273319953789E-5
<2486,admissions4-0,stu5-4application5-4,read> 5.953588565205604E-5
<2487,admissions0-1,stu2-8application2-8,setStatus> 2.501051233655817E-4
<2488,registrar2-0,transcript5-3,read> 2.956543514012516E-4
<2489,admissions4-1,application4-0,read> 1.297829623845033E-4
<2490,stu3-6,gradebook3-4,readMyScores> 4.563183130949867E-5
<2491,registrar0-0,transcript2-6,read> 1.838153699865686E-4
<2492,registrar0-1,transcript0-11,read> 3.1385857405595845E-4
<2493,admissions4-1,stu1-14application1-14,read> 1.6346678392103437E-4
<2494,registrar4-1,transcript5-12,read> 3.4819205629933545E-5
<2495,registrar0-0,transcript2-5,read> 1.8478944127817327E-4
<2496,registrar4-1,transcript5-13,read> 3.1303100713586825E-5
<2497,registrar2-1,roster0-1,read> 1.938165929686127E-4
<2498,admissions4-1,stu3-1application3-1,read> 1.5480522981164068E-4
<2499,registrar4-0,transcript4-15,read> 4.174252606506569E-4
<2500,stu3-6,gradebook3-9,readMyScores> 4.876159993892102E-5
<2501,registrar4-1,transcript5-10,read> 3.71632755741647E-5
<2502,stu3-6,gradebook3-8,readMyScores> 7.00353983433195E-5
<2503,registrar4-1,transcript5-11,read> 3.2475135685702396E-5
<2504,stu3-6,gradebook3-7,readMyScores> 5.397994618233701E-5
<2505,registrar0-0,transcript2-2,read> 1.8771165515298738E-4
<2506,registrar0-1,transcript4-12,read> 3.4973274238672057E-4
<2507,registrar4-1,transcript5-16,read> 2.6614960825124517E-5
<2508,stu2-10,gradebook2-5,readMyScores> 1.4328151665964423E-4
<2509,registrar4-1,transcript5-14,read> 3.0131065741471247E-5
<2510,registrar0-0,transcript2-3,read> 1.9063386902780144E-4
<2511,registrar4-1,transcript5-15,read> 2.8959030769355673E-5
<2512,stu2-10,gradebook2-3,readMyScores> 1.7334227914406666E-4
<2513,registrar4-0,transcript5-19,read> 2.159013270730848E-5
<2514,registrar4-0,transcript5-18,read> 2.3898209255083107E-5
<2515,registrar0-0,transcript2-0,read> 2.276485781087797E-4
<2516,registrar4-0,transcript5-17,read> 2.5052247528970418E-5
<2517,admissions4-1,application4-3,read> 1.3796331904337514E-4
<2518,stu2-8,gradebook2-8,readMyScores> 1.6370744598344478E-4
<2519,admissions4-1,application4-4,read> 1.3748212159285327E-4
<2520,admissions4-1,application4-1,read> 1.3603852924128765E-4
<2521,admissions4-1,stu4-9application4-9,read> 1.1534703886884715E-4
<2522,admissions4-1,application4-2,read> 1.3507613434024393E-4
<2523,stu3-7,gradebook3-1,readMyScores> 7.490040313675299E-5
<2524,stu3-7,gradebook3-3,readMyScores> 4.720762347699107E-5
<2525,admissions4-1,stu1-11application1-11,setStatus> 1.7208732688407685E-4
<2526,stu3-7,gradebook3-2,readMyScores> 4.900036128458988E-5
<2527,stu2-19,gradebook2-1,readScore> 1.5348654004490334E-4
<2528,stu3-7,gradebook3-6,readMyScores> 3.25253028382295E-5
<2529,registrar0-1,transcript2-9,read> 1.9266205942500527E-4
<2530,registrar2-0,roster2-4,read> 1.0444760865690168E-4
<2531,registrar4-0,transcript5-10,read> 3.659263026784355E-5
<2532,fac4-3,gradebook4-6,addScore> 3.1411887128694917E-4
<2533,admissions4-1,application4-0,setStatus> 1.4748063907329923E-4
<2534,registrar4-0,transcript5-11,read> 3.19764771722943E-5
<2535,registrar0-1,transcript2-6,read> 1.8296633825452902E-4
<2536,registrar4-0,transcript5-12,read> 3.428455372006892E-5
<2537,registrar0-1,transcript2-5,read> 1.8393591037157663E-4
<2538,registrar4-0,transcript5-13,read> 3.082243889840698E-5
<2539,stu2-11,gradebook2-3,readMyScores> 1.7138912670300676E-4
<2540,registrar0-1,transcript2-4,read> 1.8878377095681476E-4
<2541,admissions2-0,stu1-16application1-16,setStatus> 1.1932055068802062E-4
<2542,registrar4-0,transcript5-14,read> 2.9668400624519674E-5
<2543,registrar0-1,transcript2-3,read> 1.8975334307386237E-4
<2544,registrar4-0,transcript5-15,read> 2.851436235063236E-5
<2545,stu2-11,gradebook2-5,readMyScores> 1.416670770353102E-4
<2546,stu4-4,gradebook4-2,readMyScores> 1.748649467776588E-4
<2547,stu1-4,gradebook1-1,readScore> 1.3370563741247303E-4
<2548,registrar0-1,transcript0-14,read> 3.1773686252414894E-4
<2549,registrar0-1,transcript2-2,read> 1.868446267227195E-4
<2550,registrar4-0,transcript5-16,read> 2.6206285802857732E-5
<2551,admissions2-0,stu4-4application4-4,setStatus> 1.4784446357566622E-4
<2552,stu2-11,gradebook2-6,readMyScores> 9.51597745953247E-5
<2553,registrar0-1,transcript2-0,read> 2.2659708352167218E-4
<2554,registrar2-1,transcript5-5,read> 2.9900042501246256E-4
<2555,admissions2-1,stu1-4application1-4,read> 1.781912360855242E-4
<2556,admissions0-0,application4-2,read> 1.574556122191009E-4
<2557,admissions4-0,stu4-9application4-9,read> 1.14437003059231E-4
<2558,admissions4-0,application4-4,read> 1.3639745002210098E-4
<2559,stu3-4,gradebook3-4,readMyScores> 4.898581504211173E-5
<2560,registrar2-0,roster0-8,write> 1.5432602818717022E-4
<2561,registrar2-0,roster0-7,write> 1.448103837107662E-4
<2562,registrar2-0,roster0-6,write> 1.4537012750349585E-4
<2563,admissions4-0,stu5-16application5-16,setStatus> 1.4143457329409328E-4
<2564,registrar4-0,transcript2-3,read> 2.2585490718536288E-4
<2565,registrar2-0,roster0-5,write> 1.4369089612530688E-4
<2566,admissions0-0,stu3-2application3-2,setStatus> 6.355527818564855E-5
<2567,admissions4-0,stu0-7application0-7,setStatus> 1.1702202108734551E-4
<2568,registrar2-0,roster1-2,write> 1.4984807784533302E-4
<2569,registrar4-0,transcript2-0,read> 2.6970836159308074E-4
<2570,registrar4-1,transcript0-12,read> 3.8760173223672173E-4
<2571,registrar2-0,roster0-2,write> 1.425714085398476E-4
<2572,registrar2-0,roster0-1,write> 1.40332433368929E-4
<2573,stu0-7,gradebook0-3,readMyScores> 2.103274484203079E-5
<2574,admissions2-1,stu0-10application0-10,read> 1.786496549585066E-4
<2575,admissions2-1,stu4-16application4-16,setStatus> 1.5664815370803996E-4
<2576,stu3-4,gradebook3-7,readMyScores> 5.7947524431715745E-5
<2577,stu3-4,gradebook3-5,readMyScores> 3.4986446977455144E-5
<2578,registrar2-0,roster0-9,write> 1.554455157726295E-4
<2579,admissions4-0,stu3-19application3-19,setStatus> 1.642196220203912E-4
<2580,registrar4-0,transcript2-5,read> 2.1893067754203901E-4
<2581,registrar4-0,transcript2-6,read> 2.1777663926815172E-4
<2582,registrar4-0,transcript2-7,read> 2.2123875408981364E-4
<2583,registrar4-1,transcript2-5,read> 2.223448011684256E-4
<2584,registrar4-1,transcript2-3,read> 2.2937701100111903E-4
<2585,stu3-5,gradebook3-5,readMyScores> 3.4608215118239416E-5
<2586,registrar4-1,transcript2-2,read> 2.258609060847723E-4
<2587,registrar4-1,transcript2-1,read> 2.2703294105688786E-4
<2588,admissions2-0,stu5-18application5-18,setStatus> 1.2254967290171634E-4
<2589,admissions2-1,stu3-7application3-7,read> 1.318909299143043E-4
<2590,admissions0-0,stu0-11application0-11,read> 1.88306348174157E-4
<2591,admissions2-1,stu4-14application4-14,setStatus> 1.6342025069527962E-4
<2592,stu3-5,gradebook3-7,readMyScores> 5.732106470812964E-5
<2593,stu3-5,gradebook3-9,readMyScores> 5.17797260473262E-5
<2594,admissions0-1,stu2-9application2-9,read> 1.9940861104845124E-4
<2595,stu2-16,gradebook2-3,readScore> 1.2723804714928941E-4
<2596,registrar4-1,transcript2-9,read> 2.3289311591746575E-4
<2597,registrar4-1,transcript2-7,read> 2.2468887111265671E-4
<2598,admissions0-0,stu4-16application4-16,setStatus> 1.9167507006511724E-4
<2599,admissions2-0,stu4-5application4-5,read> 7.327057698554147E-5
<2600,admissions2-1,stu3-6application3-6,read> 1.71773371863771E-4
<2601,admissions2-0,application2-0,setStatus> 5.527629344972201E-5
<2602,registrar4-1,roster1-7,read> 2.4265336882965978E-4
<2603,admissions0-1,stu3-2application3-2,read> 5.573937696985677E-5
<2604,admissions2-0,application2-1,setStatus> 5.581448048533798E-5
<2605,stu1-15,transcript1-15,read> 1.710864091353009E-4
<2606,stu2-13,gradebook2-3,readScore> 1.233469753710237E-4
<2607,admissions0-0,stu5-11application5-11,read> 1.1931288412921331E-4
<2608,admissions0-1,stu5-6application5-6,setStatus> 3.7930007596875715E-5
<2609,stu3-2,gradebook3-4,readMyScores> 4.7926662284444444E-5
<2610,admissions0-1,stu3-3application3-3,setStatus> 2.3612951693770286E-4
<2611,stu3-2,gradebook3-5,readMyScores> 3.422998325902369E-5
<2612,admissions4-1,stu2-9application2-9,setStatus> 1.9505356884080255E-4
<2613,stu2-14,gradebook2-8,readMyScores> 1.0996331684849098E-4
<2614,admissions2-0,application2-4,setStatus> 6.227272491272944E-5
<2615,admissions2-0,application2-3,setStatus> 6.119635084149752E-5
<2616,admissions2-0,application2-2,setStatus> 5.635266752095393E-5
<2617,admissions0-0,stu2-9application2-9,read> 2.0008572008426939E-4
<2618,stu3-2,gradebook3-2,readMyScores> 5.227346989692005E-5
<2619,registrar2-1,roster0-1,write> 1.4095752215899105E-4
<2620,admissions2-1,application2-1,setStatus> 5.402483782448545E-5
<2621,admissions2-1,application2-2,setStatus> 5.454576836196542E-5
<2622,registrar4-1,roster4-9,read> 1.1494498640006428E-4
<2623,admissions2-1,stu0-17application0-17,setStatus> 1.9415515240659795E-4
<2624,admissions2-0,stu4-16application4-16,setStatus> 1.6183732650168107E-4
<2625,admissions0-0,stu5-6application5-6,setStatus> 3.805880218973438E-5
<2626,stu2-15,gradebook2-3,readMyScores> 1.5283417851293766E-4
<2627,stu3-3,gradebook3-5,readMyScores> 3.385175139980795E-5
<2628,fac0-4,gradebook0-8,addScore> 2.335788255615894E-5
<2629,admissions2-0,stu2-9application2-9,read> 1.6893870443663355E-4
<2630,fac5-1,roster5-2,read> 0.0018086830736525005
<2631,registrar2-1,roster0-4,write> 1.4489318174395208E-4
<2632,admissions2-1,application2-4,setStatus> 6.0276004274245126E-5
<2633,registrar4-1,roster3-6,read> 1.497745452444994E-4
<2634,registrar2-1,roster0-5,write> 1.443309446603862E-4
<2635,registrar2-1,roster0-8,write> 1.5501344924813757E-4
<2636,registrar2-1,roster0-9,write> 1.5613792341526928E-4
<2637,registrar2-1,transcript2-10,read> 3.3653928792933897E-4
<2638,admissions0-0,stu4-12application4-12,read> 1.8269712345505594E-4
<2639,registrar2-1,roster0-6,write> 1.4601765591108382E-4
<2640,admissions4-1,application3-2,setStatus> 1.3654433337962035E-4
<2641,stu3-3,gradebook3-1,readMyScores> 7.902066106961956E-5
<2642,registrar2-1,roster0-7,write> 1.4545541882751795E-4
<2643,admissions2-1,stu2-9application2-9,setStatus> 1.8582026380691843E-4
<2644,admissions0-0,stu2-15application2-15,setStatus> 4.507033308861078E-5
<2645,admissions2-0,application5-2,setStatus> 2.0381591527972556E-4
<2646,stu5-18,gradebook5-9,readScore> 2.4937037360071232E-5
<2647,stu2-11,gradebook2-9,readMyScores> 2.5689869687580563E-4
<2648,admissions2-0,stu1-10application1-10,setStatus> 1.1662961550994085E-4
<2649,stu2-12,gradebook2-5,readMyScores> 1.2713712041630403E-4
<2650,stu3-0,gradebook3-6,readMyScores> 3.623152595142657E-5
<2651,stu3-0,gradebook3-3,readMyScores> 5.258688116199201E-5
<2652,admissions4-1,stu1-15application1-15,setStatus> 1.5240197663545475E-4
<2653,admissions4-0,stu2-11application2-11,setStatus> 7.416442943549945E-5
<2654,admissions0-0,stu3-2application3-2,read> 5.592864480337071E-5
<2655,chair0,transcript0-5,read> 6.191748944245261E-4
<2656,admissions2-0,stu3-15application3-15,setStatus> 1.516117728249779E-4
<2657,admissions0-1,stu5-11application5-11,read> 1.1890911802386913E-4
<2658,admissions0-1,stu2-15application2-15,setStatus> 4.491781081081514E-5
<2659,registrar4-1,transcript5-18,read> 2.427089088089337E-5
<2660,stu2-12,gradebook2-8,readMyScores> 1.1137763603625292E-4
<2661,stu4-7,stu4-7application4-7,checkStatus> 4.3418611711332255E-4
<2662,registrar2-1,transcript3-16,read> 3.5378687359384985E-4
<2663,registrar4-1,transcript5-19,read> 2.192682093666222E-5
<2664,stu3-1,gradebook3-9,readMyScores> 5.3100156219753445E-5
<2665,admissions4-0,stu2-5application2-5,read> 1.2923643470812165E-4
<2666,stu3-1,gradebook3-6,readMyScores> 3.597592435741298E-5
<2667,stu2-13,gradebook2-5,readMyScores> 1.2794434022847105E-4
<2668,stu3-1,gradebook3-5,readMyScores> 3.549075612307611E-5
<2669,stu1-3,gradebook1-2,readScore> 7.25061360817917E-5
<2670,stu2-13,gradebook2-2,readMyScores> 9.759760563463529E-5
<2671,registrar0-0,transcript4-13,read> 3.5038156085097073E-4
<2672,admissions0-0,stu3-3application3-3,setStatus> 2.3693131495786484E-4
<2673,stu2-13,gradebook2-1,readMyScores> 1.4963533786029444E-4
<2674,admissions2-1,stu0-7application0-7,setStatus> 1.1236905802224233E-4
<2675,registrar2-0,roster2-8,read> 1.42929994407065E-4
<2676,registrar2-0,roster2-9,read> 1.4369964212206828E-4
<2677,admissions2-1,stu1-6application1-6,setStatus> 2.6415519338046926E-5
<2678,stu2-18,gradebook2-3,readMyScores> 1.5576390717452753E-4
<2679,admissions4-0,stu2-18application2-18,setStatus> 1.6367712086024126E-4
<2680,registrar2-1,roster2-5,read> 1.0413977813985787E-4
<2681,admissions4-0,stu3-4application3-4,setStatus> 5.354938534980134E-5
<2682,registrar2-1,roster1-2,write> 1.5051555257961067E-4
<2683,registrar0-1,roster0-3,read> 1.8669920858706984E-4
<2684,stu2-18,gradebook2-8,readMyScores> 1.1279195522401488E-4
<2685,registrar2-1,roster2-7,read> 1.4202050164510772E-4
<2686,registrar2-1,roster2-1,read> 1.1187053803888846E-4
<2687,fac3-1,gradebook3-3,changeScore> 4.93662492056595E-4
<2688,registrar2-1,roster2-4,read> 1.0491285412976095E-4
<2689,registrar2-1,roster2-3,read> 1.0104747418024564E-4
<2690,stu2-10,gradebook2-8,readScore> 1.72788130829701E-4
<2691,stu2-19,gradebook2-2,readMyScores> 9.94448789274044E-5
<2692,admissions4-0,stu1-15application1-15,setStatus> 1.511995941767924E-4
<2693,admissions0-0,stu4-14application4-14,read> 1.759660537921346E-4
<2694,registrar0-1,roster0-2,read> 1.881767950688801E-4
<2695,admissions4-1,stu5-13application5-13,setStatus> 2.0434942868042966E-4
<2696,registrar2-0,roster2-6,read> 1.4062105126205524E-4
<2697,stu2-19,gradebook2-7,readMyScores> 1.9526093658557136E-4
<2698,registrar2-0,roster2-5,read> 1.036779609418984E-4
<2699,admissions0-0,stu3-12application3-12,setStatus> 8.968916608146058E-5
<2700,registrar2-0,roster2-2,read> 1.0290831322689513E-4
<2701,registrar2-0,roster2-1,read> 1.113744380919311E-4
<2702,admissions2-1,stu3-10application3-10,read> 4.6625019539582444E-5
<2703,registrar0-1,roster0-1,read> 1.8522162210525957E-4
<2704,registrar2-1,transcript0-10,read> 3.29437340891011E-4
<2705,registrar0-1,roster0-4,read> 1.9039317479159555E-4
<2706,admissions0-0,stu2-9application2-9,setStatus> 2.2737013645939705E-4
<2707,registrar0-1,roster5-5,write> 8.258812926360796E-5
<2708,registrar0-1,roster0-5,read> 1.8965438155069044E-4
<2709,registrar0-1,roster0-6,read> 1.9187076127340582E-4
<2710,registrar0-1,roster0-7,read> 1.9113196803250069E-4
<2711,registrar0-1,roster0-8,read> 2.0369145312788806E-4
<2712,registrar0-0,roster0-9,read> 2.0612110011832807E-4
<2713,admissions2-1,stu5-6application5-6,read> 2.7371426874322673E-5
<2714,stu2-16,gradebook2-1,readMyScores> 1.5435569552150243E-4
<2715,registrar0-0,roster0-8,read> 2.046366570867182E-4
<2716,stu2-16,gradebook2-2,readMyScores> 1.0067639445591714E-4
<2717,admissions0-1,stu4-12application4-12,read> 1.820788590778815E-4
<2718,stu1-6,gradebook1-3,readScore> 8.543668048025201E-5
<2719,stu2-16,gradebook2-7,readMyScores> 1.976790286795103E-4
<2720,registrar2-1,roster2-9,read> 1.4433972961481692E-4
<2721,admissions2-0,stu3-10application3-10,read> 4.816953364441333E-5
<2722,registrar0-0,roster0-2,read> 1.890500052548146E-4
<2723,admissions2-0,stu1-6application1-6,setStatus> 2.7290567597692373E-5
<2724,stu5-0,gradebook5-4,addScore> 1.964019571874265E-4
<2725,fac4-4,gradebook4-8,addScore> 4.12868207541361E-4
<2726,registrar0-0,roster0-1,read> 1.8608111919159488E-4
<2727,stu2-17,gradebook2-4,readMyScores> 1.552382119179657E-4
<2728,admissions2-0,stu5-6application5-6,read> 2.8278140808047645E-5
<2729,stu2-17,gradebook2-5,readMyScores> 1.3359487891364012E-4
<2730,stu2-17,gradebook2-6,readMyScores> 8.973756521667372E-5
<2731,registrar2-1,transcript1-1,read> 2.675489452712959E-4
<2732,stu5-7,gradebook5-1,readScore> 7.53858786556663E-5
<2733,registrar4-0,roster2-9,write> 1.1940541228365422E-4
<2734,registrar2-1,transcript1-4,read> 3.1320431908911855E-4
<2735,registrar2-1,transcript1-0,read> 2.6957807299653246E-4
<2736,registrar4-0,roster2-3,write> 8.359178271230157E-5
<2737,registrar4-0,roster2-4,write> 8.678942820974377E-5
<2738,registrar4-0,roster2-1,write> 9.254519010513975E-5
<2739,registrar4-0,roster2-2,write> 8.551037001076687E-5
<2740,registrar4-0,roster2-7,write> 1.1748682498518888E-4
<2741,admissions2-1,stu5-8application5-8,setStatus> 1.9936445778139772E-4
<2742,registrar4-0,roster2-6,write> 1.1684729588570048E-4
<2743,registrar2-1,transcript1-9,read> 3.101606275012637E-4
<2744,registrar2-1,transcript1-6,read> 3.11175191363882E-4
<2745,admissions2-0,stu3-11application3-11,read> 1.1684219938900917E-4
<2746,registrar2-1,transcript1-7,read> 3.121897552265003E-4
<2747,registrar2-0,transcript1-2,read> 3.138355157863535E-4
<2748,registrar2-0,transcript1-3,read> 3.148455804744148E-4
<2749,registrar2-0,transcript1-1,read> 2.663624754474764E-4
<2750,admissions2-0,stu5-0application5-0,setStatus> 1.311606654715716E-4
<2751,admissions4-0,stu3-11application3-11,setStatus> 1.3383955705199401E-4
<2752,admissions0-1,stu3-5application3-5,read> 1.2170423930944489E-4
<2753,admissions0-1,stu0-13application0-13,read> 1.8431495610634209E-4
<2754,admissions2-0,stu5-8application5-8,setStatus> 2.0596866342218937E-4
<2755,admissions4-0,stu2-5application2-5,setStatus> 1.468595848955928E-4
<2756,registrar2-0,transcript1-5,read> 3.1282545109829227E-4
<2757,registrar2-0,transcript1-4,read> 3.11815386410231E-4
<2758,admissions2-0,stu5-8application5-8,read> 1.8125242381152664E-4
<2759,stu5-9,gradebook5-8,readScore> 5.31957446376903E-5
<2760,admissions4-1,stu0-10application0-10,setStatus> 2.1309847323537282E-4
<2761,admissions4-1,stu2-3application2-3,setStatus> 6.983286864817893E-5
<2762,admissions0-0,application2-4,setStatus> 7.375386858401421E-5
<2763,admissions0-0,application2-1,setStatus> 6.610492578523996E-5
<2764,admissions0-0,application2-3,setStatus> 7.247904478421851E-5
<2765,registrar2-0,transcript2-11,read> 3.3605693892370023E-4
<2766,registrar4-0,transcript0-11,read> 3.73571806242939E-4
<2767,admissions0-0,application2-2,setStatus> 6.67423376851378E-5
<2768,admissions4-1,stu3-11application3-11,setStatus> 1.349038875255685E-4
<2769,admissions2-1,stu5-0application5-0,setStatus> 1.2695511307168157E-4
<2770,registrar2-0,transcript5-7,read> 2.9969461015349645E-4
<2771,admissions4-1,stu5-7application5-7,read> 8.52120485299149E-6
<2772,admissions2-1,stu3-4application3-4,setStatus> 5.142018513708559E-5
<2773,admissions2-1,stu5-11application5-11,setStatus> 1.1080626640980242E-4
<2774,admissions4-1,stu4-7application4-7,setStatus> 4.08516585599298E-5
<2775,admissions2-0,stu2-1application2-1,read> 1.0642289837948425E-4
<2776,admissions0-1,stu4-19application4-19,read> 7.083303191196593E-5
<2777,admissions0-1,stu4-0application4-0,setStatus> 7.541004301709626E-5
<2778,admissions0-1,application2-4,setStatus> 7.350427850420367E-5
<2779,admissions0-1,application2-3,setStatus> 7.223376882894197E-5
<2780,admissions0-1,application2-2,setStatus> 6.651647529026426E-5
<2781,stu5-8,gradebook5-2,readScore> 5.2279884423303614E-5
<2782,stu5-8,gradebook5-2,addScore> 1.4190254343468127E-4
<2783,admissions2-1,stu3-13application3-13,setStatus> 1.2382952984680174E-4
<2784,admissions0-1,application2-1,setStatus> 6.58812204526334E-5
<2785,registrar4-1,roster2-7,write> 1.1931897820133218E-4
<2786,admissions0-1,stu1-11application1-11,read> 1.759295922496148E-4
<2787,admissions4-1,stu4-5application4-5,setStatus> 8.459688133464547E-5
<2788,registrar0-1,roster4-6,read> 1.0764833181021984E-4
<2789,registrar4-1,roster2-8,write> 1.2061798272699875E-4
<2790,registrar4-1,roster2-9,write> 1.2126748498983206E-4
<2791,registrar4-1,roster2-2,write> 8.684386505966773E-5
<2792,admissions4-0,stu5-7application5-7,read> 8.453976412336725E-6
<2793,registrar4-1,roster2-3,write> 8.489535827116788E-5
<2794,registrar4-1,roster2-4,write> 8.814286958533433E-5
<2795,registrar4-1,roster2-5,write> 8.749336732250103E-5
<2796,registrar4-1,roster2-1,write> 9.398838995083393E-5
<2797,admissions0-1,application2-0,setStatus> 6.524596561500254E-5
<2798,admissions4-0,stu4-5application4-5,setStatus> 8.392945031819856E-5
<2799,admissions2-1,stu0-11application0-11,setStatus> 1.7488072251983897E-4
<2800,admissions0-1,stu4-13application4-13,read> 1.9996763530556643E-4
<2801,admissions4-0,stu5-11application5-11,setStatus> 1.1539451760689567E-4
<2802,admissions4-1,stu2-0application2-0,setStatus> 1.0920356914542303E-4
<2803,admissions4-0,stu2-3application2-3,setStatus> 6.92819189941499E-5
<2804,admissions2-0,stu0-11application0-11,setStatus> 1.8067387274823946E-4
<2805,admissions4-0,stu1-17application1-17,read> 5.714888054739627E-5
<2806,admissions0-1,stu2-3application2-3,read> 7.139205616908109E-5
<2807,admissions2-1,stu0-9application0-9,setStatus> 1.1393184963468225E-4
<2808,admissions4-0,stu2-0application2-0,setStatus> 1.083420025249463E-4
<2809,admissions0-1,stu1-18application1-18,read> 1.250583848521358E-4
<2810,admissions2-1,stu4-12application4-12,read> 1.4931084708763457E-4
<2811,registrar0-1,roster3-6,write> 9.01103877164603E-5
<2812,registrar0-1,transcript5-8,read> 2.9058884324681546E-4
<2813,admissions2-0,stu0-9application0-9,setStatus> 1.1770598958117276E-4
<2814,stu1-1,gradebook1-3,readScore> 8.652968705356015E-5
<2815,admissions0-0,stu2-3application2-3,read> 7.163447401685384E-5
<2816,admissions2-0,stu1-7application1-7,setStatus> 3.321062498946787E-5
<2817,stu1-0,gradebook1-8,readScore> 7.362258782944434E-5
<2818,admissions0-0,stu1-15application1-15,setStatus> 1.776520082673644E-4
<2819,admissions0-1,application3-0,read> 1.3735691850866918E-4
<2820,admissions0-0,stu1-18application1-18,read> 1.2548303132022454E-4
<2821,registrar2-1,roster5-7,read> 1.2346667788743434E-4
<2822,admissions4-1,stu2-1application2-1,read> 1.0812907711101906E-4
<2823,admissions4-1,stu5-3application5-3,setStatus> 1.589637600516621E-4
<2824,stu3-5,stu3-5application3-5,checkStatus> 0.0012652662922014
<2825,admissions2-1,stu1-16application1-16,setStatus> 1.1549464124712218E-4
<2826,admissions2-1,stu2-13application2-13,setStatus> 1.055969610350027E-4
<2827,admissions2-1,stu1-7application1-7,setStatus> 3.214575525032661E-5
<2828,stu1-11,stu1-11application1-11,checkStatus> 0.0018290059913870192
<2829,registrar4-0,roster0-4,read> 2.2661647022758358E-4
<2830,admissions2-0,stu4-1application4-1,read> 1.7178033198468585E-4
<2831,admissions0-0,stu4-2application4-2,read> 1.0528982233146052E-4
<2832,registrar0-1,transcript5-9,read> 2.896192711297678E-4
<2833,admissions2-1,stu5-1application5-1,read> 2.7829845747305045E-5
<2834,admissions2-0,stu2-13application2-13,setStatus> 1.090949970113175E-4
<2835,admissions0-0,stu1-2application1-2,read> 1.7540513132022448E-4
<2836,admissions2-1,stu1-7application1-7,read> 2.8288264620287414E-5
<2837,admissions4-1,stu5-13application5-13,read> 1.798274972387781E-4
<2838,admissions0-0,application0-3,read> 6.939078412921341E-5
<2839,admissions0-0,application0-2,read> 6.770801671348305E-5
<2840,admissions0-0,application0-1,read> 6.826893918539317E-5
<2841,admissions0-0,application0-0,read> 7.051262907303362E-5
<2842,registrar0-1,transcript0-1,read> 1.6648361226471932E-4
<2843,registrar0-1,transcript0-0,read> 1.7327061708405275E-4
<2844,admissions0-1,stu2-11application2-11,setStatus> 8.684463009445167E-5
<2845,registrar0-1,transcript0-3,read> 1.0443099677367136E-4
<2846,admissions2-1,stu3-2application3-2,read> 4.570818179361769E-5
<2847,admissions0-0,application0-4,read> 6.882986165730329E-5
<2848,stu5-1,gradebook5-3,readScore> 3.254374562870707E-5
<2849,admissions2-1,stu1-16application1-16,read> 1.016352842974675E-4
<2850,admissions2-0,stu5-1application5-1,read> 2.8751745399389683E-5
<2851,registrar0-1,transcript0-4,read> 1.0346142465662374E-4
<2852,registrar0-1,transcript0-8,read> 1.0927885735890946E-4
<2853,admissions2-0,stu1-7application1-7,read> 2.922534999073172E-5
<2854,registrar0-1,transcript0-9,read> 1.1315714582709996E-4
<2855,admissions2-0,stu4-6application4-6,read> 5.574720710588598E-5
<2856,admissions0-1,application0-2,read> 6.7478886369275E-5
<2857,admissions0-1,application0-1,read> 6.803791062639017E-5
<2858,registrar4-1,roster2-6,read> 1.6317052941543602E-4
<2859,admissions0-1,application0-4,read> 6.85969348835053E-5
<2860,admissions2-1,stu1-4application1-4,setStatus> 2.0249004100627752E-4
<2861,admissions0-1,application0-3,read> 6.915595914062045E-5
<2862,stu4-7,transcript4-7,read> 9.616373778351745E-4
<2863,registrar0-1,roster5-8,write> 8.473734596442292E-5
<2864,registrar0-0,transcript0-1,read> 1.6725615802928883E-4
<2865,registrar0-0,transcript0-0,read> 1.740746570705217E-4
<2866,admissions2-1,stu3-6application3-6,setStatus> 1.9519701348155795E-4
<2867,stu5-0,gradebook5-4,readScore> 7.235861580589396E-5
<2868,admissions4-0,stu2-1application2-1,read> 1.0727598774525166E-4
<2869,stu0-4,stu0-4application0-4,checkStatus> 0.0014744892733424544
<2870,admissions2-0,stu1-16application1-16,read> 1.0500208460545813E-4
<2871,admissions2-1,stu0-1application0-1,read> 1.4077279557833782E-5
<2872,registrar0-0,transcript0-5,read> 1.0881188053300739E-4
<2873,registrar0-0,transcript0-3,read> 1.0491559536658862E-4
<2874,registrar0-0,transcript0-9,read> 1.1368223699103084E-4
<2875,admissions0-1,stu0-19application0-19,read> 1.1052375416714182E-4
<2876,registrar0-0,transcript0-7,read> 1.1173409440782147E-4
<2877,admissions2-1,stu4-6application4-6,read> 5.3959721507300455E-5
<2878,admissions2-0,stu1-1application1-1,setStatus> 2.113505337783489E-4
<2879,registrar0-0,transcript0-8,read> 1.0978595182461208E-4
<2880,admissions0-1,application0-0,read> 7.027400765485076E-5
<2881,stu5-3,gradebook5-3,readScore> 3.168247447785282E-5
<2882,registrar0-1,transcript4-18,read> 3.56519747206054E-4
<2883,registrar0-1,transcript4-15,read> 3.507023145037683E-4
<2884,registrar2-1,transcript2-16,read> 3.456703626929035E-4
<2885,admissions2-1,stu2-4application2-4,read> 2.9205102366252172E-5
<2886,registrar4-1,transcript0-13,read> 3.8525766229249056E-4
<2887,admissions2-0,stu0-1application0-1,read> 1.4543607659128483E-5
<2888,registrar2-0,transcript2-16,read> 3.4413745642818995E-4
<2889,registrar4-0,transcript0-16,read> 3.70109691421277E-4
<2890,registrar0-0,transcript4-19,read> 3.5720005989220367E-4
<2891,stu5-2,gradebook5-2,readScore> 4.805339113073427E-5
<2892,registrar0-0,transcript4-12,read> 3.5135563214257545E-4
<2893,registrar2-0,transcript2-13,read> 3.3807706829982266E-4
<2894,registrar4-0,transcript0-14,read> 3.781879593384882E-4
<2895,registrar0-0,transcript4-15,read> 3.5232970343418023E-4
<2896,stu4-15,transcript4-15,read> 0.0017330234745665662
<2897,registrar0-1,roster3-2,write> 8.527465013962665E-5
<2898,registrar4-0,transcript0-15,read> 3.7703392106460087E-4
<2899,registrar2-1,transcript2-12,read> 3.3856841565457557E-4
<2900,stu5-5,gradebook5-3,readScore> 3.402021045874293E-5
<2901,admissions2-0,stu2-4application2-4,read> 3.0172559173415807E-5
<2902,admissions2-0,stu2-8application2-8,read> 1.8646207431628905E-4
<2903,registrar4-1,transcript0-2,read> 2.0476427658669194E-4
<2904,registrar4-1,transcript0-3,read> 1.2623793345494845E-4
<2905,stu1-2,gradebook1-3,readMyScores> 2.0600660136764804E-4
<2906,registrar4-1,transcript0-6,read> 1.2858200339917956E-4
<2907,stu1-2,gradebook1-5,readMyScores> 9.05541416936772E-5
<2908,registrar4-1,transcript0-7,read> 1.3444217825975746E-4
<2909,admissions2-0,stu1-12application1-12,read> 1.1210615347558876E-4
<2910,stu1-2,gradebook1-2,readMyScores> 7.496233199978144E-5
<2911,admissions2-0,application3-0,read> 1.1636859479766711E-4
<2912,registrar4-1,transcript0-8,read> 1.320981083155263E-4
<2913,admissions0-1,stu5-14application5-14,read> 3.6173527970826395E-5
<2914,admissions2-0,application3-1,read> 1.1589499020632508E-4
<2915,admissions2-0,application3-4,read> 1.1731580398035119E-4
<2916,admissions4-1,stu1-19application1-19,read> 4.268622384004443E-5
<2917,admissions0-1,stu0-9application0-9,read> 1.2226326356656005E-4
<2918,stu3-0,gradebook3-4,readScore> 4.355705509381228E-5
<2919,registrar2-0,transcript4-9,read> 2.0575859416380345E-4
<2920,registrar4-0,transcript0-1,read> 1.981579886120673E-4
<2921,registrar0-0,transcript3-10,read> 3.46485275684552E-4
<2922,registrar4-0,transcript0-2,read> 2.016201034337293E-4
<2923,registrar4-0,transcript0-0,read> 2.0623625652927858E-4
<2924,fac2-3,gradebook2-7,assignGrade> 7.672959093536592E-4
<2925,stu1-3,gradebook1-6,readMyScores> 1.8924081000204422E-4
<2926,registrar4-0,transcript0-3,read> 1.2429953908327937E-4
<2927,registrar4-0,transcript0-4,read> 1.2314550080939207E-4
<2928,admissions2-0,stu1-19application1-19,setStatus> 4.774167495109866E-5
<2929,admissions2-1,stu1-12application1-12,read> 1.0851156739220315E-4
<2930,stu1-3,gradebook1-1,readMyScores> 7.356098006901288E-5
<2931,admissions0-0,stu5-14application5-14,read> 3.6296358286516815E-5
<2932,admissions2-1,application3-3,read> 1.1401259386799167E-4
<2933,admissions2-1,application3-2,read> 1.1447101274097402E-4
<2934,registrar2-0,roster5-9,read> 1.2522809696198988E-4
<2935,admissions2-1,application3-1,read> 1.1217891837606214E-4
<2936,registrar4-0,transcript0-8,read> 1.300697304527159E-4
<2937,admissions2-1,application3-0,read> 1.1263733724904453E-4
<2938,registrar4-0,transcript0-7,read> 1.3237780700049056E-4
<2939,admissions0-0,stu0-9application0-9,read> 1.22678418960674E-4
<2940,admissions2-1,application3-4,read> 1.1355417499500926E-4
<2941,stu1-4,gradebook1-8,readMyScores> 6.727603497056759E-5
<2942,stu1-4,gradebook1-2,readMyScores> 7.244787222620388E-5
<2943,admissions2-1,stu1-19application1-19,setStatus> 4.6210879762285875E-5
<2944,stu3-2,gradebook3-7,readScore> 4.379534570466883E-5
<2945,admissions2-1,stu0-14application0-14,read> 1.0759472964623841E-4
<2946,stu1-5,gradebook1-7,readMyScores> 8.41461489569355E-5
<2947,admissions0-1,stu4-3application4-3,read> 2.1841543579036648E-4
<2948,admissions4-1,stu4-18application4-18,setStatus> 1.0776817902312767E-5
<2949,admissions0-0,stu5-19application5-19,read> 3.517451334269659E-5
<2950,stu1-5,gradebook1-2,readMyScores> 7.307648716959827E-5
<2951,admissions4-0,stu1-19application1-19,read> 4.2349448898505624E-5
<2952,admissions2-1,stu0-15application0-15,read> 1.0805314851922076E-4
<2953,admissions2-0,stu2-19application2-19,read> 1.0973813051887854E-4
<2954,stu3-3,gradebook3-6,readScore> 5.50784951437462E-5
<2955,admissions4-0,stu5-8application5-8,read> 1.8270534905250076E-4
<2956,admissions4-0,stu4-18application4-18,setStatus> 1.0691793697955268E-5
<2957,stu3-4,gradebook3-3,readScore> 5.130889612863418E-5
<2958,admissions4-1,stu4-16application4-16,read> 1.4470008335068139E-4
<2959,admissions0-1,stu0-7application0-7,setStatus> 1.3702976226728932E-4
<2960,admissions2-0,stu3-2application3-2,read> 4.7222324461729256E-5
<2961,registrar2-1,roster1-9,write> 1.5388897508100585E-4
<2962,registrar2-1,roster1-6,write> 1.4882884132891308E-4
<2963,registrar2-1,roster1-5,write> 1.4995331549604482E-4
<2964,registrar2-1,roster1-8,write> 1.5332673799744E-4
<2965,registrar2-1,roster1-1,write> 1.5107778966317654E-4
<2966,registrar2-1,roster1-4,write> 1.4714213007821554E-4
<2967,registrar2-1,roster1-3,write> 1.477043671617814E-4
<2968,admissions4-1,stu4-4application4-4,setStatus> 1.5021471549671897E-4
<2969,registrar2-0,roster1-8,write> 1.5264679680898125E-4
<2970,admissions0-1,stu3-15application3-15,read> 1.5748179176481471E-4
<2971,stu1-0,gradebook1-2,readMyScores> 7.433371705638705E-5
<2972,registrar2-0,roster1-3,write> 1.470493588816848E-4
<2973,admissions2-0,stu1-11application1-11,setStatus> 1.6937194500030444E-4
<2974,stu1-0,gradebook1-4,readMyScores> 8.047981808121921E-5
<2975,stu3-6,gradebook3-3,readScore> 4.7795854591898866E-5
<2976,registrar4-0,transcript3-0,read> 8.390819949722338E-5
<2977,registrar4-0,transcript3-2,read> 8.737031431888533E-5
<2978,registrar2-0,roster1-4,write> 1.4648961508895516E-4
<2979,registrar4-0,transcript3-4,read> 8.967839086665994E-5
<2980,stu5-7,stu5-7application5-7,checkStatus> 1.0291639697331963E-4
<2981,admissions0-1,stu1-9application1-9,setStatus> 1.9293218797880463E-4
<2982,registrar4-0,transcript3-6,read> 9.198646741443457E-5
<2983,admissions4-0,stu5-12application5-12,setStatus> 9.369447120089766E-5
<2984,registrar4-0,transcript3-7,read> 9.083242914054726E-5
<2985,registrar4-0,transcript3-8,read> 7.929204640167411E-5
<2986,admissions2-0,stu0-8application0-8,setStatus> 1.5591726910990555E-4
<2987,admissions4-0,stu3-10application3-10,read> 4.855566217062105E-5
<2988,stu1-1,gradebook1-1,readMyScores> 7.294669213524242E-5
<2989,registrar4-1,transcript3-0,read> 8.521670943090328E-5
<2990,stu3-7,gradebook3-4,readScore> 3.9101483320547535E-5
<2991,admissions2-1,stu1-3application1-3,read> 1.2684832231149817E-4
<2992,admissions0-0,stu3-15application3-15,read> 1.58016534691011E-4
<2993,stu1-1,gradebook1-4,readMyScores> 8.082011329509327E-5
<2994,registrar2-1,transcript5-7,read> 3.010295527376991E-4
<2995,registrar4-1,transcript3-4,read> 9.107688429148115E-5
<2996,registrar4-1,transcript3-3,read> 8.638874440301885E-5
<2997,stu1-1,gradebook1-8,readMyScores> 6.931912496967377E-5
<2998,fac4-1,gradebook4-3,assignGrade> 4.476800169736173E-4
<2999,registrar4-1,transcript3-2,read> 8.873281434725001E-5
<3000,registrar4-1,transcript3-1,read> 8.40446744587877E-5
<3001,registrar4-1,transcript3-8,read> 8.052856954244097E-5
<3002,registrar4-1,transcript3-5,read> 8.990484931936558E-5
<3003,registrar4-1,transcript3-6,read> 9.342095423571231E-5
<3004,admissions0-0,stu5-14application5-14,setStatus> 4.124586168922365E-5
<3005,admissions0-0,stu2-10application2-10,read> 1.361405582865167E-4
<3006,registrar4-1,transcript3-9,read> 7.93565345703254E-5
<3007,admissions4-1,stu3-10application3-10,read> 4.894179069682877E-5
<3008,admissions2-0,application4-4,read> 1.353127784513487E-4
<3009,admissions0-0,stu4-15application4-15,read> 1.3298536938202229E-5
<3010,admissions2-0,application1-1,setStatus> 2.244688427714878E-5
<3011,stu3-8,gradebook3-8,readScore> 7.938458386042634E-5
<3012,admissions2-0,application1-2,setStatus> 2.3523258348380688E-5
<3013,admissions2-0,application1-0,setStatus> 2.137051020591687E-5
<3014,admissions4-1,application5-0,read> 1.8078989213982178E-4
<3015,admissions4-1,application5-2,read> 1.8223348449138745E-4
<3016,admissions2-0,stu4-1application4-1,setStatus> 1.9520492270987027E-4
<3017,stu0-1,stu0-1application0-1,checkStatus> 1.7846914016314485E-4
<3018,admissions0-1,stu1-17application1-17,read> 6.691986211215985E-5
<3019,registrar2-0,roster1-7,read> 2.0911969789734597E-4
<3020,admissions2-0,application1-4,setStatus> 1.545045281414137E-5
<3021,admissions2-0,application1-3,setStatus> 2.4061445383996647E-5
<3022,admissions0-1,stu4-15application4-15,read> 1.32535334291051E-5
<3023,admissions0-1,stu2-12application2-12,setStatus> 6.715173012789512E-5
<3024,admissions2-1,application1-0,setStatus> 2.068528342576723E-5
<3025,admissions2-1,application1-1,setStatus> 2.1727144500727174E-5
<3026,admissions0-1,stu2-17application2-17,read> 1.1946814228098428E-4
<3027,admissions0-1,stu1-5application1-5,setStatus> 1.3639450742965845E-4
<3028,fac5-2,gradebook5-4,changeScore> 5.218047718887998E-4
<3029,admissions2-1,application1-2,setStatus> 2.2769005575687117E-5
<3030,chair4,transcript4-0,read> 0.001162367491099828
<3031,admissions2-1,application1-3,setStatus> 2.3289936113167092E-5
<3032,admissions4-0,application5-2,read> 1.8079574496877296E-4
<3033,admissions4-0,stu2-14application2-14,read> 5.1897469317144746E-5
<3034,admissions4-0,application5-1,read> 1.79840942926909E-4
<3035,registrar2-1,roster0-2,read> 1.9690889692822492E-4
<3036,registrar0-1,transcript0-13,read> 3.187064346411966E-4
<3037,registrar2-0,transcript5-5,read> 2.97674480777374E-4
<3038,admissions2-0,stu1-3application1-3,read> 1.3105033712927034E-4
<3039,admissions2-1,application1-4,setStatus> 1.4955047513487538E-5
<3040,admissions4-0,stu4-12application4-12,read> 1.5549349085937925E-4
<3041,stu3-9,gradebook3-5,readScore> 8.508457595419201E-5
<3042,admissions4-0,stu5-11application5-11,read> 1.0154717549406819E-4
<3043,admissions2-1,stu0-17application0-17,read> 1.708565341178062E-4
<3044,admissions0-0,stu1-0application1-0,setStatus> 2.350190792581713E-4
<3045,admissions0-0,stu1-5application1-5,setStatus> 1.3685764667390173E-4
<3046,admissions0-1,stu3-11application3-11,read> 1.3791594276578437E-4
<3047,registrar4-1,roster3-1,read> 1.43523085964729E-4

