<0,admissions4-0,stu2-1application2-1,setStatus> 1.302032847967234E-4
<1,fac0-3,roster0-7,read> 0.002812335892928015
<2,admissions2-1,stu2-7application2-7,read> 9.043802502456318E-5
<3,admissions4-1,stu1-4application1-4,read> 1.9977873555862273E-4
<4,admissions2-0,stu2-11application2-11,setStatus> 7.858330887348145E-5
<5,registrar0-0,transcript0-7,read> 1.1934048663532311E-4
<6,admissions2-1,stu1-14application1-14,setStatus> 1.8901144772298244E-4
<7,stu4-5,transcript4-5,read> 0.0010629233384339414
<8,stu5-5,transcript5-5,read> 0.001508135761834156
<9,stu4-11,transcript4-11,read> 0.0017486528181538123
<10,chair0,transcript0-2,read> 0.0010342927446069874
<11,stu1-2,transcript1-2,read> 0.0015900139086663795
<12,registrar4-0,roster3-8,write> 1.1592192106010568E-4
<13,admissions4-1,stu4-12application4-12,setStatus> 1.902267581858323E-4
<14,fac2-2,gradebook2-5,changeScore> 0.002318731093430601
<15,registrar2-0,roster0-2,read> 2.0938098060136094E-4
<16,registrar4-0,roster0-2,read> 2.3922593106569747E-4
<17,fac5-1,gradebook5-2,assignGrade> 2.0978041382177035E-4
<18,admissions2-0,application4-1,setStatus> 1.6250769603979627E-4
<19,registrar4-1,transcript0-18,read> 3.9896617854177013E-4
<20,registrar2-1,transcript3-16,read> 3.7787121185925215E-4
<21,fac4-4,gradebook4-8,addScore> 6.063400161328644E-4
<22,registrar4-0,roster1-9,read> 2.570710193310268E-4
<23,registrar4-0,transcript0-15,read> 4.0270082159205077E-4
<24,fac0-2,roster0-5,read> 0.0027905945299290546
<25,fac2-0,gradebook2-1,changeScore> 0.0022285568259967654
<26,fac1-2,roster1-5,read> 0.002899301344923856
<27,stu1-7,transcript1-7,read> 0.001574661756135338
<28,fac4-4,gradebook4-9,changeScore> 0.001182535323764272
<29,registrar2-1,transcript3-12,read> 3.822057364546026E-4
<30,app5-2,application5-2,checkStatus> 0.0023507900175589857
<31,app5-4,application5-4,checkStatus> 0.0023818269635494218
<32,admissions4-0,stu0-6application0-6,setStatus> 6.414799326995997E-5
<33,stu0-5,transcript0-5,read> 5.716544574406012E-4
<34,stu3-2,transcript3-2,read> 3.874286270680986E-4
<35,fac0-3,roster0-6,read> 0.002823206574427495
<36,stu1-11,stu1-11application1-11,checkStatus> 0.001953517108881397
<37,fac2-0,roster2-1,read> 0.001573078201987276
<38,fac4-1,roster4-2,read> 0.001964422735968562
<39,registrar4-1,transcript1-18,read> 4.3448663449509016E-5
<40,stu3-18,transcript3-18,read> 0.0017640049706848541
<41,admissions0-1,stu1-8application1-8,setStatus> 1.734981920572698E-4
<42,stu5-11,stu5-11application5-11,checkStatus> 0.0013203634106764902
<43,stu4-2,stu4-2application4-2,checkStatus> 0.0011651786807243072
<44,registrar4-1,transcript4-10,read> 4.240026232665772E-4
<45,registrar0-1,transcript2-11,read> 3.445449488003401E-4
<46,fac2-3,gradebook2-7,assignGrade> 8.195302221838971E-4
<47,registrar2-1,transcript5-2,read> 3.1827149867318295E-4
<48,chair4,transcript4-15,read> 0.0021413535215676744
<49,admissions0-1,stu3-17application3-17,setStatus> 1.9249620168126938E-4
<50,registrar0-1,transcript4-1,read> 2.182046094030457E-4
<51,stu3-11,stu3-11application3-11,checkStatus> 0.0015314146434114594
<52,registrar4-1,transcript0-17,read> 4.002180007780104E-4
<53,admissions0-0,stu4-11application4-11,setStatus> 2.4148694077457503E-4
<54,registrar0-1,transcript3-17,read> 3.59043020534456E-4
<55,stu3-17,transcript3-17,read> 0.0017742397390388821
<56,stu5-9,transcript5-9,read> 0.001528605298542212
<57,registrar4-1,transcript2-7,read> 2.3998475453924489E-4
<58,registrar4-1,transcript3-11,read> 4.4277995681018254E-4
<59,registrar4-0,transcript2-7,read> 2.3629976790524496E-4
<60,chair3,transcript3-5,read> 4.5412185614630667E-4
<61,chair4,transcript4-12,read> 0.0021354334104609326
<62,chair1,transcript1-8,read> 0.0018039071884834005
<63,stu4-2,gradebook4-4,readMyScores> 2.112213016828047E-4
<64,stu5-10,transcript5-10,read> 1.6226372327948432E-4
<65,fac4-2,roster4-4,read> 0.001518724794489875
<66,fac4-1,gradebook4-2,changeScore> 0.001326814151658409
<67,chair2,transcript2-18,read> 0.002046631743859808
<68,admissions0-1,stu0-10application0-10,setStatus> 2.644172381149821E-4
<69,fac1-2,roster1-4,read> 0.0028449479374264555
<70,registrar2-1,roster5-7,write> 9.590674587604039E-5
<71,stu4-17,stu4-17application4-17,checkStatus> 0.0010782752319510847
<72,stu0-15,gradebook0-2,readMyScores> 2.2142603572888832E-5
<73,stu0-10,stu0-10application0-10,checkStatus> 0.0024190712987379463
<74,fac4-4,gradebook4-9,assignGrade> 4.2233404420152575E-4
<75,stu3-1,gradebook3-5,readMyScores> 4.560632349289852E-5
<76,registrar4-0,transcript0-12,read> 4.07631223182771E-4
<77,registrar4-1,transcript2-4,read> 2.43740221247966E-4
<78,chair4,transcript4-11,read> 0.002022951299432841
<79,fac2-2,gradebook2-4,changeScore> 0.0023247427112595234
<80,fac4-2,gradebook4-4,changeScore> 0.0013568722408030208
<81,stu5-5,gradebook5-3,readScore> 4.110630282906508E-5
<82,registrar4-0,transcript4-16,read> 4.507722371015725E-4
<83,registrar0-1,roster1-7,read> 2.1440157086458032E-4
<84,stu4-3,transcript4-3,read> 0.0010526885700799136
<85,admissions4-1,stu1-5application1-5,setStatus> 1.2539829665237224E-4
<86,fac4-4,roster4-8,read> 0.0014317593424940335
<87,registrar4-0,roster3-6,write> 1.145557899010374E-4
<88,fac1-3,gradebook1-6,addScore> 6.029328847379405E-4
<89,fac5-0,gradebook5-1,changeScore> 5.753619230431122E-4
<90,admissions0-0,application1-3,read> 2.678510853482729E-5
<91,stu5-18,stu5-18application5-18,checkStatus> 0.0014134742486478001
<92,registrar2-0,roster5-5,read> 1.263547255747457E-4
<93,registrar4-0,roster2-8,read> 1.744200842073963E-4
<94,stu1-6,transcript1-6,read> 0.001569544371958324
<95,stu0-14,gradebook0-4,readMyScores> 3.687504529049809E-5
<96,stu5-2,transcript5-2,read> 0.0015030183776571422
<97,chair2,transcript2-15,read> 0.001999270855005875
<98,stu5-14,stu5-14application5-14,checkStatus> 4.01669809359567E-4
<99,fac2-3,gradebook2-7,changeScore> 0.0022946846221149116
<100,stu5-1,stu5-1application5-1,checkStatus> 3.7684025256721766E-4
<101,chair4,transcript4-14,read> 0.002153193743781157
<102,fac1-1,gradebook1-2,assignGrade> 3.278657640327456E-4
<103,registrar2-0,transcript0-6,read> 1.183561683190471E-4
<104,stu0-2,transcript0-2,read> 8.940496605924807E-4
<105,stu4-9,stu4-9application4-9,checkStatus> 0.0014879629190248478
<106,stu1-9,gradebook1-4,readScore> 8.363298315719475E-5
<107,app4-4,application4-4,checkStatus> 0.0017735028221368646
<108,chair1,transcript1-0,read> 0.0015730228553204766
<109,chair1,transcript1-6,read> 0.001815747410696884
<110,chair2,transcript2-11,read> 0.0019696702994721664
<111,registrar0-0,transcript3-3,read> 7.668482414016947E-5
<112,admissions2-1,application2-0,setStatus> 5.714623066811626E-5
<113,admissions0-0,stu3-12application3-12,setStatus> 9.579483131630918E-5
<114,fac2-0,gradebook2-1,addScore> 6.176721030369626E-4
<115,chair2,transcript2-6,read> 0.0011171743001013705
<116,registrar2-1,transcript4-5,read> 2.250792198731475E-4
<117,stu2-16,transcript2-16,read> 0.0017435354339767981
<118,admissions0-1,stu2-7application2-7,read> 1.1028570753512984E-4
<119,stu2-1,stu2-1application2-1,checkStatus> 0.001394852081053538
<120,stu4-11,stu4-11application4-11,checkStatus> 0.00220181267680489
<121,fac4-3,roster4-7,read> 0.0015513368389883156
<122,stu4-7,transcript4-7,read> 0.0010271016491948438
<123,fac3-2,roster3-4,read> 0.0017578797874784387
<124,admissions0-0,stu0-0application0-0,setStatus> 1.6455606054661219E-4
<125,chair3,transcript3-1,read> 4.245213006125985E-4
<126,stu5-11,gradebook5-6,readMyScores> 2.0378990234673258E-5
<127,stu3-3,stu3-3application3-3,checkStatus> 0.002307338293172374
<128,stu2-5,transcript2-5,read> 9.708104232476902E-4
<129,stu2-19,gradebook2-3,readMyScores> 9.896559493855695E-5
<130,admissions4-1,stu1-4application1-4,setStatus> 2.2702129040752587E-4
<131,stu1-17,stu1-17application1-17,checkStatus> 7.430762152543696E-4
<132,chair0,transcript0-9,read> 6.909263004159723E-4
<133,fac4-4,gradebook4-8,changeScore> 0.001386930329947633
<134,admissions0-1,stu0-4application0-4,setStatus> 1.7214119136984128E-4
<135,stu0-16,stu0-16application0-16,checkStatus> 0.0014817555298267608
<136,stu3-13,transcript3-13,read> 0.0017998266599239517
<137,registrar2-1,roster1-8,read> 2.251763034615682E-4
<138,chair0,transcript0-14,read> 0.0019400697439384584
<139,stu1-14,stu1-14application1-14,checkStatus> 0.0021087018388335796
<140,fac2-4,gradebook2-8,addScore> 4.1564998006267075E-4
<141,registrar2-1,roster1-9,read> 2.2600200724813468E-4
<142,stu5-16,stu5-16application5-16,checkStatus> 0.0016183180921846816
<143,fac1-4,gradebook1-8,addScore> 2.238162810928086E-4
<144,admissions0-1,stu4-4application4-4,read> 1.6402293475730002E-4
<145,registrar2-0,roster4-3,read> 1.4937190518608457E-4
<146,registrar0-0,transcript0-15,read> 3.399014731956297E-4
<147,registrar0-0,transcript2-13,read> 3.48224529292245E-4
<148,registrar0-1,transcript4-2,read> 2.1924018595548253E-4
<149,registrar4-0,transcript3-14,read> 4.322832311363719E-4
<150,fac0-4,roster0-8,read> 0.0029971374784191775
<151,fac4-0,gradebook4-1,assignGrade> 4.717151906533881E-4
<152,stu4-9,transcript4-9,read> 0.0010424538017258856
<153,registrar4-0,transcript4-13,read> 4.433766347154922E-4
<154,stu1-1,stu1-1application1-1,checkStatus> 0.0024376934663322075
<155,registrar0-1,roster0-4,read> 2.033543499152629E-4
<156,fac1-0,gradebook1-1,assignGrade> 3.235717512978011E-4
<157,admissions2-0,stu2-0application2-0,read> 1.0102158594907799E-4
<158,stu3-15,transcript3-15,read> 0.0017895918915699239
<159,fac2-1,gradebook2-3,addScore> 6.298653862033815E-4
<160,registrar4-1,transcript1-19,read> 4.0945018977028304E-5
<161,registrar2-0,transcript2-16,read> 3.6756490252367946E-4
<162,registrar0-0,transcript0-19,read> 3.3053803508693744E-4
<163,chair5,transcript5-3,read> 0.0017328658552025007
<164,registrar4-0,transcript5-4,read> 3.6449020926396946E-4
<165,admissions4-1,stu2-9application2-9,read> 1.8333216369571974E-4
<166,chair1,transcript1-13,read> 2.232375229833827E-4
<167,registrar2-0,roster2-2,read> 1.0991388299521793E-4
<168,app2-0,application2-0,checkStatus> 6.375505988868851E-4
<169,stu1-8,transcript1-8,read> 0.0015593096036042957
<170,admissions4-1,stu1-9application1-9,read> 1.560925290477866E-4
<171,stu0-8,stu0-8application0-8,checkStatus> 0.0017983323789292137
<172,registrar2-0,roster4-8,read> 1.0826979873726516E-4
<173,admissions2-0,stu4-8application4-8,setStatus> 9.525322139281794E-5
<174,chair3,transcript3-13,read> 0.0020821524105002574
<175,stu4-16,transcript4-16,read> 0.0018714700384021474
<176,stu4-8,transcript4-8,read> 0.0010322190333718576
<177,registrar4-0,transcript2-13,read> 4.1256162477349117E-4
<178,chair1,transcript1-4,read> 0.001827587632910367
<179,fac5-0,roster5-1,read> 0.0019209400099706414
<180,admissions4-1,stu1-12application1-12,read> 1.2165751920983343E-4
<181,fac2-1,gradebook2-2,addScore> 0.0015511230751753392
<182,stu5-17,stu5-17application5-17,checkStatus> 0.0015624515894018959
<183,registrar2-0,transcript4-12,read> 3.891414163076303E-4
<184,stu4-3,gradebook4-9,readMyScores> 8.818178422911485E-5
<185,registrar4-1,roster3-5,write> 1.1564851729337857E-4
<186,app5-1,application5-1,checkStatus> 0.002338375239162811
<187,registrar2-0,transcript5-2,read> 3.16860095131395E-4
<188,registrar4-1,transcript2-3,read> 2.449920434842063E-4
<189,registrar2-1,roster1-8,write> 1.6376458433568596E-4
<190,registrar4-0,transcript2-8,read> 2.3506716750756494E-4
<191,registrar0-1,transcript2-14,read> 3.486872550100875E-4
<192,chair4,transcript4-18,read> 0.0021768741882081236
<193,registrar4-0,roster5-7,read> 1.5000048973905095E-4
<194,stu2-0,transcript2-0,read> 0.0011959753270363045
<195,admissions4-1,application3-2,setStatus> 1.4583970344220201E-4
<196,fac4-0,roster4-1,read> 0.0019535520544690815
<197,stu4-18,transcript4-18,read> 0.001881704806756175
<198,admissions0-1,stu3-14application3-14,setStatus> 1.5789268415184162E-4
<199,stu4-10,transcript4-10,read> 0.0017333006656227703
<200,fac2-2,gradebook2-5,addScore> 8.038887319732786E-4
<201,app2-1,application2-1,checkStatus> 6.437579880849725E-4
<202,registrar2-0,roster3-5,write> 9.966638054650092E-5
<203,fac4-2,gradebook4-4,addScore> 9.469664936577045E-4
<204,stu5-4,transcript5-4,read> 0.0015132531460111702
<205,fac4-1,roster4-3,read> 0.0019752934174680414
<206,registrar2-1,transcript3-18,read> 3.7353668726390155E-4
<207,chair0,transcript0-0,read> 0.0010579731890339539
<208,app5-0,application5-0,checkStatus> 0.002332167849964723
<209,stu2-4,transcript2-4,read> 9.9639734413276E-4
<210,stu2-8,stu2-8application2-8,checkStatus> 0.002443900855530295
<211,registrar2-0,roster0-4,read> 2.1184710698829011E-4
<212,stu0-11,stu0-11application0-11,checkStatus> 0.0020838722820412303
<213,admissions4-0,stu4-3application4-3,setStatus> 2.2638906017780004E-4
<214,stu3-12,stu3-12application3-12,checkStatus> 8.734313884142034E-4
<215,fac5-4,gradebook5-8,changeScore> 3.95013388175441E-4
<216,admissions4-0,stu0-19application0-19,setStatus> 1.1455861048775313E-4
<217,chair4,transcript4-4,read> 0.0012237363000227198
<218,registrar0-0,transcript3-19,read> 3.565475853888604E-4
<219,app4-2,application4-2,checkStatus> 0.001742465876146428
<220,admissions0-0,stu2-6application2-6,read> 1.6757542739449728E-4
<221,fac1-3,gradebook1-7,changeScore> 8.819544323181534E-4
<222,stu5-13,stu5-13application5-13,checkStatus> 0.002319753071568549
<223,registrar2-0,transcript2-6,read> 2.0358339776565298E-4
<224,admissions2-1,stu2-11application2-11,setStatus> 7.606360357894096E-5
<225,registrar2-1,roster3-2,write> 9.530623403126474E-5
<226,chair4,transcript4-0,read> 0.0012414966333429446
<227,registrar0-0,transcript5-5,read> 3.0660924880916826E-4
<228,stu5-8,stu5-8application5-8,checkStatus> 0.002375619574351335
<229,stu4-13,stu4-13application4-13,checkStatus> 0.0022204348443991516
<230,chair2,transcript2-16,read> 0.0020170311883261
<231,admissions0-1,stu2-7application2-7,setStatus> 1.2532466765355664E-4
<232,registrar4-1,roster4-5,read> 1.3135471901402085E-4
<233,registrar4-0,roster5-9,read> 1.5281813525462923E-4
<234,admissions0-0,application3-2,read> 1.496021951996458E-4
<235,admissions0-0,stu5-11application5-11,setStatus> 1.4481273730226774E-4
<236,stu4-13,transcript4-13,read> 0.0018407657333400634
<237,app3-3,application3-3,checkStatus> 0.001543829421807634
<238,fac1-4,roster1-8,read> 0.0029645254339207374
<239,stu2-14,gradebook2-5,addScore> 8.143628522595754E-4
<240,stu1-9,transcript1-9,read> 0.0015644269877813097
<241,stu3-16,transcript3-16,read> 0.00178447450739291
<242,fac2-4,gradebook2-8,changeScore> 0.0022826613864570665
<243,fac4-3,roster4-6,read> 0.0015839488834867561
<244,fac3-2,roster3-5,read> 0.0018122331949758392
<245,stu1-8,gradebook1-4,readMyScores> 9.690742576530119E-5
<246,registrar0-1,roster4-4,write> 8.017604295034929E-5
<247,admissions0-1,application3-3,setStatus> 1.6874868965126996E-4
<248,stu0-12,transcript0-12,read> 0.0016923615922066588
<249,stu5-18,gradebook5-5,addScore> 7.557328484314998E-5
<250,fac5-4,roster5-8,read> 0.001714397061480518
<251,fac2-1,roster2-3,read> 0.0014208886609945535
<252,admissions0-0,stu5-17application5-17,read> 1.5080041067930256E-4
<253,stu5-9,stu5-9application5-9,checkStatus> 3.209737497844318E-4
<254,chair2,transcript2-13,read> 0.00198151052168565
<255,chair4,transcript4-19,read> 0.0021709540771013822
<256,chair2,transcript2-0,read> 0.001383579299904744
<257,registrar4-1,roster5-2,read> 1.695091911028135E-4
<258,registrar2-1,roster1-2,read> 2.2104778452873577E-4
<259,stu4-4,stu4-4application4-4,checkStatus> 0.001705221540957904
<260,stu2-16,stu2-16application2-16,checkStatus> 0.0012707042970917918
<261,chair4,transcript4-16,read> 0.002165033965994641
<262,admissions4-1,application0-4,setStatus> 7.166659880481978E-5
<263,registrar2-1,transcript1-6,read> 3.32358703608072E-4
<264,admissions4-1,application0-2,setStatus> 7.049851841682951E-5
<265,admissions2-1,application5-0,setStatus> 2.0904160727562037E-4
<266,admissions0-0,stu3-3application3-3,setStatus> 2.5306061302125967E-4
<267,stu2-11,transcript2-11,read> 0.0017025963605606868
<268,admissions4-0,stu5-0application5-0,read> 1.242670000450419E-4
<269,registrar2-0,roster1-9,read> 2.2499978105191233E-4
<270,fac0-4,roster0-9,read> 0.003018878841418138
<271,fac2-3,roster2-6,read> 0.001986164098967522
<272,admissions0-1,stu2-13application2-13,read> 1.2103315297956389E-4
<273,fac3-4,gradebook3-9,addScore> 1.2401205177551988E-4
<274,fac2-1,gradebook2-3,changeScore> 0.0023307543290884453
<275,registrar4-1,transcript4-12,read> 4.51542712463865E-4
<276,stu3-14,transcript3-14,read> 0.001794709275746938
<277,registrar2-1,transcript0-1,read> 1.8606849851499313E-4
<278,admissions4-1,application5-3,read> 1.9566709259289698E-4
<279,stu3-1,stu3-1application3-1,checkStatus> 0.001996968833268008
<280,chair5,transcript5-9,read> 0.0017683865218429506
<281,fac3-0,roster3-1,read> 0.0017470091059789584
<282,fac0-2,roster0-4,read> 0.0028014652114285348
<283,registrar2-0,transcript4-8,read> 2.1760813172522098E-4
<284,stu2-10,stu2-10application2-10,checkStatus> 0.00150658508661911
<285,registrar2-1,transcript3-10,read> 3.8545662990111543E-4
<286,admissions0-0,application3-4,read> 1.48403979719989E-4
<287,registrar0-0,transcript4-16,read> 3.804763716666295E-4
<288,registrar4-0,roster0-5,write> 1.7534862647957555E-4
<289,registrar0-0,roster1-8,read> 2.161892226138781E-4
<290,stu5-3,stu5-3application5-3,checkStatus> 0.001804539768127301
<291,stu1-4,stu1-4application1-4,checkStatus> 0.0024128639095398587
<292,registrar2-0,roster5-4,read> 1.214224728008874E-4
<293,admissions2-1,stu5-17application5-17,setStatus> 1.4004883548320094E-4
<294,stu1-15,stu1-15application1-15,checkStatus> 0.0017300510977502532
<295,chair5,transcript5-7,read> 0.0017565462996294674
<296,admissions0-1,stu1-1application1-1,read> 2.3447841044858982E-4
<297,admissions2-0,stu1-13application1-13,read> 1.2176125642141117E-4
<298,fac2-1,gradebook2-2,assignGrade> 7.937661457742297E-4
<299,stu3-9,gradebook3-5,readMyScores> 4.252809917188584E-5
<300,admissions4-0,stu4-3application4-3,read> 1.9922237295646404E-4
<301,fac3-1,roster3-2,read> 0.001725267742979998
<302,registrar0-0,roster0-8,write> 1.5895815943174182E-4
<303,stu5-7,transcript5-7,read> 0.001518370530188184
<304,stu2-0,stu2-0application2-0,checkStatus> 0.001239667351101355
<305,chair4,transcript4-8,read> 0.0011941357444890115
<306,fac2-4,roster2-9,read> 0.0020296468249654427
<307,registrar0-1,transcript1-4,read> 3.19691111541856E-4
<308,fac1-4,roster1-9,read> 0.0029753961154202176
<309,fac1-3,gradebook1-6,changeScore> 8.639195788313862E-4
<310,registrar0-1,transcript1-9,read> 3.165843818845455E-4
<311,registrar2-1,roster2-3,read> 1.0792636576912751E-4
<312,stu2-6,transcript2-6,read> 9.656930390706763E-4
<313,stu2-2,gradebook2-9,readMyScores> 6.43587755229176E-4
<314,admissions4-0,stu1-9application1-9,setStatus> 1.7597844296000686E-4
<315,stu4-8,gradebook4-1,readMyScores> 1.7050298066683466E-4
<316,admissions2-0,stu5-8application5-8,setStatus> 2.1999015300302563E-4
<317,registrar0-1,roster3-3,read> 1.2996923932336848E-4
<318,chair3,transcript3-15,read> 0.0020703121882867746
<319,admissions0-0,application4-3,setStatus> 1.9519225178783633E-4
<320,admissions4-0,stu2-13application2-13,read> 1.033610797092031E-4
<321,admissions0-0,stu0-12application0-12,read> 6.033514196521673E-5
<322,registrar0-1,roster1-2,read> 2.112452220219182E-4
<323,stu3-6,transcript3-6,read> 4.0789816377615444E-4
<324,stu0-17,stu0-17application0-17,checkStatus> 0.0023135456823704615
<325,admissions0-0,stu3-15application3-15,setStatus> 1.9178823053881143E-4
<326,registrar2-1,transcript4-14,read> 3.9412567909181636E-4
<327,stu0-15,transcript0-15,read> 0.0016718920554986028
<328,admissions4-1,application3-1,read> 1.257691621755592E-4
<329,admissions2-0,stu3-13application3-13,setStatus> 1.3664059040634306E-4
<330,admissions0-1,stu4-6application4-6,read> 7.028132726973648E-5
<331,registrar4-0,transcript2-12,read> 4.113290243758111E-4
<332,stu2-19,transcript2-19,read> 0.001779357123215896
<333,registrar0-1,transcript4-14,read> 3.766478219258821E-4
<334,fac5-2,roster5-5,read> 0.0016709143354825976
<335,registrar4-1,transcript3-14,read> 4.390244901014616E-4
<336,stu4-14,stu4-14application4-14,checkStatus> 0.0019473097196833096
<337,registrar0-0,transcript5-16,read> 2.362534152424667E-5
<338,fac5-2,roster5-4,read> 0.0016056902464857165
<339,admissions2-1,stu4-0application4-0,setStatus> 6.604852380262199E-5
<340,admissions4-0,stu0-18application0-18,read> 1.9973227345246005E-4
<341,admissions2-0,stu3-19application3-19,setStatus> 1.7400418743244216E-4
<342,stu3-10,transcript3-10,read> 0.0018202961966320077
<343,admissions0-0,application5-1,read> 2.2568887815785043E-4
<344,fac3-4,gradebook3-8,changeScore> 5.092341269249661E-4
<345,admissions4-0,stu4-5application4-5,read> 7.88858559013918E-5
<346,admissions2-0,stu4-13application4-13,setStatus> 2.056195387622183E-4
<347,registrar2-1,transcript1-2,read> 3.3669322820342246E-4
<348,stu2-18,transcript2-18,read> 0.0017691223548618681
<349,registrar2-1,transcript0-2,read> 1.8931939196150603E-4
<350,stu3-7,stu3-7application3-7,checkStatus> 0.0017859176005330392
<351,admissions4-1,stu5-8application5-8,setStatus> 2.235170492435551E-4
<352,stu2-8,gradebook2-9,readMyScores> 6.118709048688061E-4
<353,registrar4-0,roster4-1,read> 1.6878479317623967E-4
<354,chair4,transcript4-17,read> 0.002159113854887899
<355,stu5-1,transcript5-1,read> 0.0014774314567720722
<356,registrar2-0,transcript2-11,read> 3.589342970100991E-4
<357,admissions4-1,stu2-9application2-9,setStatus> 2.0833200419968152E-4
<358,registrar0-0,roster3-9,write> 9.84209731285849E-5
<359,registrar4-1,roster0-4,read> 2.4581813528039905E-4
<360,fac1-0,roster1-1,read> 0.0029210427079228163
<361,stu3-13,stu3-13application3-13,checkStatus> 0.0014755481406286731
<362,stu0-1,transcript0-1,read> 8.786975080614387E-4
<363,admissions4-0,stu2-11application2-11,setStatus> 7.921323519711656E-5
<364,stu3-19,transcript3-19,read> 0.0017537702023308261
<365,fac5-2,gradebook5-5,addScore> 1.433070173166786E-4
<366,admissions0-0,stu0-4application0-4,setStatus> 1.7272571154427197E-4
<367,admissions0-0,stu2-3application2-3,read> 7.651105094058308E-5
<368,chair3,transcript3-14,read> 0.002076232299393516
<369,fac1-2,gradebook1-4,assignGrade> 2.978076748881337E-4
<370,admissions0-0,stu3-3application3-3,read> 2.2269333945870847E-4
<371,stu2-12,stu2-12application2-12,checkStatus> 6.561727664811471E-4
<372,app1-2,application1-2,checkStatus> 2.713146361997333E-4
<373,registrar0-0,transcript5-0,read> 3.0348810277293755E-4
<374,stu5-2,stu5-2application5-2,checkStatus> 0.0017672954329387772
<375,stu0-17,transcript0-17,read> 0.0016360703662595048
<376,registrar0-1,roster4-7,write> 8.189768777361952E-5
<377,stu2-15,transcript2-15,read> 0.0017281832814457563
<378,fac4-3,gradebook4-7,changeScore> 0.0013809187121187102
<379,registrar4-1,transcript3-19,read> 4.2900991221153867E-4
<380,stu5-19,gradebook5-8,addScore> 9.891162733077256E-5
<381,admissions0-1,stu3-9application3-9,setStatus> 1.1107616043555696E-4
<382,admissions0-1,stu2-1application2-1,read> 1.3416891963387214E-4
<383,registrar0-0,roster1-1,write> 1.5492234701153134E-4
<384,stu0-18,transcript0-18,read> 0.0016309529820824913
<385,chair5,transcript5-6,read> 0.0017624664107362092
<386,fac2-3,gradebook2-6,assignGrade> 8.259712412863137E-4
<387,stu1-18,stu1-18application1-18,checkStatus> 0.0013886446918554506
<388,fac4-2,roster4-5,read> 0.0014969834314909147
<389,admissions4-1,stu1-2application1-2,read> 1.607181273842281E-4
<390,fac5-1,roster5-3,read> 0.0016165609279851965
<391,admissions4-0,stu4-0application4-0,setStatus> 6.878345232446969E-5
<392,stu4-2,transcript4-2,read> 0.0010833928751419971
<393,stu4-16,stu4-16application4-16,checkStatus> 0.0018666136601081743
<394,registrar0-0,roster1-5,write> 1.537692577486141E-4
<395,registrar4-0,roster1-6,read> 2.4861808278429183E-4
<396,registrar0-0,roster1-4,write> 1.508865345913209E-4
<397,registrar2-1,transcript5-4,read> 3.2043876097085814E-4
<398,stu4-15,transcript4-15,read> 0.0018510005016940916
<399,registrar0-1,transcript3-14,read> 3.6318532674420334E-4
<400,admissions2-0,stu5-3application5-3,setStatus> 1.671062925968546E-4
<401,stu2-4,gradebook2-4,addScore> 4.830111281474225E-4
<402,chair5,transcript5-13,read> 1.5811630080922467E-4
<403,stu0-5,stu0-5application0-5,checkStatus> 0.0020031762224660956
<404,stu3-4,stu3-4application3-4,checkStatus> 6.127210420945359E-4
<405,fac2-1,gradebook2-2,changeScore> 0.0022225452081678426
<406,registrar0-0,roster1-3,write> 1.5146307922277952E-4
<407,stu1-3,transcript1-3,read> 0.0015951312928433935
<408,stu5-10,stu5-10application5-10,checkStatus> 0.002226642233597239
<409,chair5,transcript5-0,read> 0.0017269457440957593
<410,admissions0-1,stu0-12application0-12,setStatus> 6.833063878155794E-5
<411,registrar2-1,roster1-3,write> 1.5775946588792973E-4
<412,registrar2-0,transcript1-1,read> 2.844953244554687E-4
<413,registrar0-0,roster1-2,write> 1.5434580238007272E-4
<414,registrar0-0,transcript4-13,read> 3.742340795941679E-4
<415,fac4-0,gradebook4-1,changeScore> 0.0013208025338294865
<416,registrar2-1,roster5-5,read> 1.2691755286015663E-4
<417,registrar0-0,transcript5-9,read> 3.1077077685747595E-4
<418,admissions0-0,stu1-8application1-8,read> 1.531968416386161E-4
<419,admissions0-1,stu0-0application0-0,read> 1.4431928477583763E-4
<420,registrar0-0,transcript4-12,read> 3.7527446160624486E-4
<421,admissions0-1,stu0-13application0-13,read> 1.968623513930707E-4
<422,stu5-14,gradebook5-7,readMyScores> 3.172811942366275E-5
<423,stu4-19,transcript4-19,read> 0.0018765874225791614
<424,admissions4-1,stu1-11application1-11,setStatus> 1.8380231605188583E-4
<425,registrar2-0,roster2-6,write> 1.0923196168368073E-4
<426,chair3,transcript3-18,read> 0.0020407116327530663
<427,app0-1,application0-1,checkStatus> 7.554909936505442E-4
<428,registrar0-0,roster1-9,write> 1.5780507016882454E-4
<429,admissions2-0,stu2-16application2-16,read> 1.0355081405546011E-4
<430,admissions4-0,stu3-13application3-13,read> 1.2120759706906549E-4
<431,fac2-2,roster2-5,read> 0.0014643713869924742
<432,registrar2-0,roster2-9,read> 1.5348211583096654E-4
<433,stu4-0,gradebook4-9,readMyScores> 8.354934528274483E-5
<434,registrar4-0,transcript2-15,read> 4.162594259665313E-4
<435,registrar0-0,roster1-8,write> 1.572285255373659E-4
<436,admissions4-1,stu1-13application1-13,setStatus> 1.4058334169624582E-4
<437,fac0-0,roster0-1,read> 0.0027253704409321735
<438,chair2,transcript2-7,read> 0.0011349346334215953
<439,fac3-0,gradebook3-1,addScore> 3.4280991214006987E-4
<440,registrar4-0,transcript4-9,read> 2.5109097267740545E-4
<441,chair2,transcript2-14,read> 0.001993350743899133
<442,registrar0-1,transcript2-9,read> 2.0577769077380364E-4
<443,stu0-3,transcript0-3,read> 5.511849207325455E-4
<444,registrar4-1,roster1-7,read> 2.591722005114764E-4
<445,registrar2-0,roster1-7,read> 2.2335569679395956E-4
<446,registrar0-0,roster1-7,write> 1.5665198090590728E-4
<447,admissions0-0,application2-3,read> 6.812354258298571E-5
<448,registrar4-1,transcript5-3,read> 3.6641880039952083E-4
<449,chair0,transcript0-3,read> 6.376453004552976E-4
<450,stu2-1,transcript2-1,read> 9.912799599557458E-4
<451,registrar0-0,roster1-6,write> 1.526161684856968E-4
<452,fac2-3,gradebook2-6,addScore> 0.0016140560524167593
<453,stu5-0,stu5-0application5-0,checkStatus> 0.001512792475817197
<454,stu2-10,transcript2-10,read> 0.0016974789763836726
<455,admissions2-1,stu5-3application5-3,setStatus> 1.6174817499855864E-4
<456,stu1-9,gradebook1-4,addScore> 2.270038114266715E-4
<457,fac1-4,gradebook1-8,changeScore> 7.797569292264729E-4
<458,fac0-1,roster0-2,read> 0.0027688531669300943
<459,fac1-1,roster1-2,read> 0.002910172026423336
<460,stu2-17,stu2-17application2-17,checkStatus> 0.0013265707998745776
<461,stu2-14,transcript2-14,read> 0.0017230658972687426
<462,admissions2-0,stu4-14application4-14,read> 1.5868798677458966E-4
<463,admissions0-1,stu2-10application2-10,setStatus> 1.6467768758898432E-4
<464,stu0-19,stu0-19application0-19,checkStatus> 0.0012272525727051802
<465,registrar0-1,roster5-5,read> 1.2128928000604768E-4
<466,stu4-8,gradebook4-3,readScore> 8.193482476739192E-5
<467,registrar4-1,transcript4-5,read> 2.600139103190905E-4
<468,admissions0-1,stu2-15application2-15,setStatus> 4.7975628470129854E-5
<469,chair2,transcript2-17,read> 0.0020347915216463244
<470,admissions0-0,stu1-13application1-13,setStatus> 1.6387525629680728E-4
<471,registrar0-1,roster1-4,read> 2.0651069875792506E-4
<472,admissions0-0,stu0-3application0-3,setStatus> 1.0668769931318884E-4
<473,registrar4-1,transcript2-18,read> 4.327653789202597E-4
<474,stu4-14,gradebook4-4,readMyScores> 1.0871076779369401E-4
<475,registrar4-0,transcript3-1,read> 8.838772018363977E-5
<476,stu2-9,stu2-9application2-9,checkStatus> 0.0022142274552010644
<477,fac1-1,roster1-3,read> 0.0028558186189259352
<478,admissions2-1,stu4-13application4-13,setStatus> 1.990265274993015E-4
<479,registrar0-0,roster1-5,read> 2.1143272940434433E-4
<480,registrar2-1,transcript2-3,read> 2.1207564608709606E-4
<481,admissions2-0,stu4-1application4-1,setStatus> 2.084936616103798E-4
<482,stu0-14,transcript0-14,read> 0.0016770094396756168
<483,admissions4-1,stu3-6application3-6,read> 1.925833603686027E-4
<484,stu4-1,transcript4-1,read> 0.0010782754909649834
<485,stu0-10,transcript0-10,read> 0.0016616572871445748
<486,admissions0-0,stu2-7application2-7,setStatus> 1.257502183077283E-4
<487,chair0,transcript0-18,read> 0.0018867887439777838
<488,admissions0-0,stu4-18application4-18,read> 1.1807415039117712E-5
<489,stu4-3,stu4-3application4-3,checkStatus> 0.0024252786879360336
<490,stu0-6,stu0-6application0-6,checkStatus> 6.872097124715836E-4
<491,admissions4-1,stu0-13application0-13,setStatus> 1.9256291896181283E-4
<492,stu1-8,gradebook1-9,readMyScores> 7.226679496979339E-5
<493,chair3,transcript3-17,read> 0.00205255185496655
<494,fac4-1,gradebook4-3,changeScore> 0.0013388373873162538
<495,stu3-2,gradebook3-5,addScore> 1.4942107467629258E-4
<496,app4-3,application4-3,checkStatus> 0.0017797102113349516
<497,fac5-2,gradebook5-4,changeScore> 5.57327069556345E-4
<498,stu2-13,transcript2-13,read> 0.0017128311289147146
<499,admissions0-1,stu5-16application5-16,read> 1.556638105227402E-4
<500,admissions0-0,stu0-8application0-8,read> 1.735665047927811E-4
<501,fac4-2,gradebook4-5,changeScore> 0.0013628838586319434
<502,admissions0-1,stu1-13application1-13,setStatus> 1.633206869015558E-4
<503,admissions4-0,stu0-10application0-10,setStatus> 2.2580962779598636E-4
<504,registrar0-1,transcript4-11,read> 3.538651377722717E-4
<505,registrar2-1,transcript4-18,read> 3.9846020368716685E-4
<506,admissions2-1,stu2-17application2-17,setStatus> 1.189058892887498E-4
<507,app5-3,application5-3,checkStatus> 0.0023632047959551597
<508,fac2-4,roster2-8,read> 0.002018776143465962
<509,fac1-0,gradebook1-1,changeScore> 9.060009036338429E-4
<510,app3-2,application3-2,checkStatus> 0.0015500368110057212
<511,chair1,transcript1-1,read> 0.0015611826331069932
<512,chair1,transcript1-9,read> 0.0018098272995901424
<513,admissions0-1,stu4-7application4-7,setStatus> 5.068962984498693E-5
<514,chair1,transcript1-3,read> 0.0018453479662305923
<515,admissions2-0,stu1-3application1-3,read> 1.399716987873622E-4
<516,stu2-7,gradebook2-6,readMyScores> 2.0246125010626228E-4
<517,admissions4-0,stu2-19application2-19,setStatus> 1.3425931146941942E-4
<518,stu2-12,transcript2-12,read> 0.0017077137447377006
<519,admissions0-1,stu4-18application4-18,read> 1.1767457627817823E-5
<520,stu0-16,transcript0-16,read> 0.0016411877504365188
<521,chair5,transcript5-8,read> 0.0017743066329496925
<522,fac5-1,gradebook5-2,addScore> 2.686839798758364E-4
<523,stu2-8,gradebook2-1,addScore> 9.376465039544711E-4
<524,fac5-1,gradebook5-3,addScore> 9.018750450200202E-5
<525,admissions2-1,stu1-13application1-13,read> 1.1785708787884086E-4
<526,chair4,transcript4-10,read> 0.0020051909661126166
<527,registrar2-0,transcript0-14,read> 3.535401685641114E-4
<528,admissions4-1,stu5-0application5-0,read> 1.2525520680484344E-4
<529,registrar4-0,roster0-5,read> 2.4110436140941638E-4
<530,fac2-2,roster2-4,read> 0.0014752420684919546
<531,fac4-4,gradebook4-9,readScore> 3.0405644720719524E-4
<532,registrar2-1,transcript2-13,read> 3.627003757755254E-4
<533,admissions2-1,stu4-3application4-3,setStatus> 2.1738750708921956E-4
<534,stu1-5,transcript1-5,read> 0.0015848965244893655
<535,admissions4-0,stu0-17application0-17,read> 1.9004416402853479E-4
<536,stu0-13,stu0-13application0-13,checkStatus> 0.0020466279468527066
<537,admissions4-1,stu0-2application0-2,read> 8.587337652375143E-6
<538,admissions2-0,stu5-0application5-0,read> 1.232787932852404E-4
<539,admissions0-1,stu2-16application2-16,read> 1.22227313584501E-4
<540,admissions0-1,stu3-5application3-5,setStatus> 1.4771517899612752E-4
<541,registrar2-1,roster2-5,read> 1.1122918091539343E-4
<542,fac2-2,gradebook2-4,readScore> 1.1081359179980903E-4
<543,stu4-12,stu4-12application4-12,checkStatus> 0.0020217983900603573
<544,admissions0-0,stu2-1application2-1,read> 1.346245017039362E-4
<545,registrar0-0,transcript4-17,read> 3.7943598965455255E-4
<546,chair0,transcript0-12,read> 0.001957830077258683
<547,app3-0,application3-0,checkStatus> 0.0015252072542133717
<548,registrar0-1,transcript3-11,read> 3.6629205640151377E-4
<549,stu4-14,transcript4-14,read> 0.0018612352700481192
<550,registrar0-1,transcript3-0,read> 7.529504516676188E-5
<551,registrar0-0,transcript2-19,read> 3.6174949544924486E-4
<552,fac0-4,gradebook0-8,changeScore> 2.9281588508376066E-4
<553,stu3-18,stu3-18application3-18,checkStatus> 0.0019597244980794847
<554,registrar0-0,transcript1-19,read> 3.402916164501585E-5
<555,stu3-6,stu3-6application3-6,checkStatus> 0.002325960460766636
<556,registrar2-1,roster4-3,write> 1.0911800646110411E-4
<557,registrar2-0,roster4-6,read> 1.1977838854293462E-4
<558,admissions0-0,stu4-7application4-7,setStatus> 5.086175082918043E-5
<559,registrar0-0,roster5-1,write> 1.0188024091733672E-4
<560,stu4-17,gradebook4-7,readScore> 1.3163641824346934E-4
<561,admissions4-1,stu4-5application4-5,read> 7.951317881114442E-5
<562,admissions4-1,stu2-1application2-1,setStatus> 1.312386985923236E-4
<563,admissions0-1,stu3-15application3-15,setStatus> 1.9113920099384085E-4
<564,registrar2-0,transcript1-17,read> 3.636541594003384E-5
<565,stu0-4,stu0-4application0-4,checkStatus> 0.0015748663677980703
<566,admissions2-0,stu2-17application2-17,setStatus> 1.2284480073516802E-4
<567,chair0,transcript0-19,read> 0.001880868632871042
<568,registrar2-0,roster1-1,write> 1.6064696029602208E-4
<569,admissions0-0,stu3-4application3-4,setStatus> 6.720105282449996E-5
<570,admissions4-1,stu4-0application4-0,setStatus> 6.933043802883924E-5
<571,admissions0-0,stu0-5application0-5,read> 1.9333706020711777E-4
<572,registrar4-1,roster1-2,read> 2.553567533025972E-4
<573,stu0-14,stu0-14application0-14,checkStatus> 0.0014569259730344115
<574,fac3-2,gradebook3-5,assignGrade> 1.947513692494644E-4
<575,admissions4-1,stu2-19application2-19,setStatus> 1.3532697995028955E-4
<576,admissions0-0,stu1-3application1-3,setStatus> 1.8838420928978653E-4
<577,admissions0-1,application3-4,read> 1.4790176659064896E-4
<578,admissions4-1,stu3-13application3-13,read> 1.2217147458054914E-4
<579,fac5-0,gradebook5-1,addScore> 1.4379521974476218E-4
<580,stu4-4,gradebook4-5,readMyScores> 1.493501324654593E-4
<581,fac5-3,roster5-6,read> 0.001649172972483637
<582,registrar2-1,transcript0-0,read> 1.9365391655685652E-4
<583,stu5-3,transcript5-3,read> 0.0014979009934801282
<584,fac0-1,roster0-3,read> 0.002747111803931134
<585,admissions2-0,stu0-18application0-18,setStatus> 2.2516357412971622E-4
<586,chair4,transcript4-2,read> 0.001253336855556428
<587,admissions0-0,stu2-12application2-12,setStatus> 7.196668257313482E-5
<588,admissions4-0,application1-2,setStatus> 2.5326023688441102E-5
<589,admissions2-1,application5-2,read> 1.8542549276973942E-4
<590,admissions2-1,stu2-10application2-10,setStatus> 1.3504129559504147E-4
<591,registrar2-0,transcript3-10,read> 3.837472878616426E-4
<592,stu1-0,stu1-0application1-0,checkStatus> 0.002288716125578112
<593,chair0,transcript0-17,read> 0.001892708855084525
<594,registrar2-1,transcript2-5,read> 2.0557385919407035E-4
<595,admissions0-0,stu4-3application4-3,read> 2.3407638651544782E-4
<596,registrar0-1,roster3-6,read> 1.323365009553651E-4
<597,admissions4-0,stu5-0application5-0,setStatus> 1.4121250005118402E-4
<598,chair0,transcript0-11,read> 0.0019163892995114917
<599,stu1-5,stu1-5application1-5,checkStatus> 0.0013327781890726648
<600,stu0-2,gradebook0-5,readMyScores> 1.7582159357563466E-5
<601,fac1-2,gradebook1-4,changeScore> 8.338614896867742E-4
<602,admissions4-0,application4-3,setStatus> 1.661280924691737E-4
<603,fac1-2,gradebook1-5,changeScore> 8.518963431735415E-4
<604,app4-0,application4-0,checkStatus> 0.0016741845949674672
<605,registrar2-1,transcript2-4,read> 2.1099201493825846E-4
<606,registrar0-1,transcript2-17,read> 3.5593629087714534E-4
<607,admissions0-1,application4-3,read> 1.7118789838692271E-4
<608,stu3-14,stu3-14application3-14,checkStatus> 0.0014445111946382368
<609,registrar2-1,transcript2-7,read> 2.0774112149174557E-4
<610,chair5,transcript5-2,read> 0.0017387859663092428
<611,registrar0-0,transcript4-3,read> 2.1401524973432262E-4
<612,stu1-3,gradebook1-4,addScore> 2.1966631449166799E-4
<613,registrar4-0,transcript3-11,read> 4.35981032329412E-4
<614,admissions0-1,stu2-19application2-19,read> 1.3834848175115204E-4
<615,registrar2-1,transcript2-6,read> 2.0449022804523275E-4
<616,registrar2-1,transcript2-9,read> 2.1532653953360893E-4
<617,stu2-19,stu2-19application2-19,checkStatus> 0.0014383038054401492
<618,admissions4-1,stu0-0application0-0,read> 1.2422729606341202E-4
<619,admissions0-0,stu5-3application5-3,read> 1.741656125326095E-4
<620,fac2-3,roster2-7,read> 0.001997034780467002
<621,stu1-4,transcript1-4,read> 0.0015797791403123513
<622,registrar2-1,transcript2-8,read> 2.0665749034290797E-4
<623,registrar4-0,roster2-3,write> 8.928236345827439E-5
<624,stu2-0,gradebook2-8,readScore> 2.621265186122893E-4
<625,stu2-18,stu2-18application2-18,checkStatus> 0.0018728210493062615
<626,admissions0-0,stu1-10application1-10,read> 1.2983163978530916E-4
<627,admissions4-0,stu0-9application0-9,read> 1.1151948764514018E-4
<628,registrar4-1,transcript2-8,read> 2.3873293230300454E-4
<629,fac3-3,roster3-6,read> 0.0018231038764753194
<630,admissions0-1,stu4-17application4-17,setStatus> 1.1786116387269965E-4
<631,app3-1,application3-1,checkStatus> 0.0015189998650152847
<632,stu4-6,stu4-6application4-6,checkStatus> 7.306614368581949E-4
<633,registrar4-1,transcript4-3,read> 2.575102658466099E-4
<634,registrar0-0,transcript0-16,read> 3.336591811231681E-4
<635,chair2,transcript2-2,read> 0.001140854744528337
<636,admissions0-1,stu4-1application4-1,read> 2.1656600137453312E-4
<637,chair2,transcript2-19,read> 0.002058471966073291
<638,stu3-4,gradebook3-5,addScore> 1.5272319787355872E-4
<639,registrar4-1,transcript2-0,read> 2.925612884613398E-4
<640,stu3-5,gradebook3-3,readMyScores> 4.361069307946794E-5
<641,fac2-0,gradebook2-1,assignGrade> 7.95913152141702E-4
<642,admissions4-0,stu0-2application0-2,read> 8.519587453934316E-6
<643,fac3-3,gradebook3-7,changeScore> 5.032225090960438E-4
<644,app1-1,application1-1,checkStatus> 2.5889985780355864E-4
<645,admissions2-0,stu4-3application4-3,setStatus> 2.2458874956008402E-4
<646,stu4-12,transcript4-12,read> 0.0018458831175170774
<647,admissions4-1,stu1-18application1-18,setStatus> 1.306546583983285E-4
<648,admissions2-0,stu2-10application2-10,setStatus> 1.3951471325450454E-4
<649,registrar2-1,roster1-4,write> 1.5715895404315412E-4
<650,admissions2-0,stu3-17application3-17,setStatus> 1.6308252060942858E-4
<651,admissions0-0,stu5-10application5-10,read> 2.1490493884093956E-4
<652,registrar4-1,roster0-2,write> 1.7669567263544698E-4
<653,admissions2-1,stu4-5application4-5,setStatus> 8.607868335525991E-5
<654,admissions4-0,application3-3,setStatus> 1.441096619602526E-4
<655,fac5-3,gradebook5-7,addScore> 3.931562939332061E-4
<656,stu0-7,stu0-7application0-7,checkStatus> 0.001338985578270752
<657,admissions2-0,stu3-14application3-14,setStatus> 1.3376646755818163E-4
<658,chair4,transcript4-9,read> 0.001205975966702495
<659,app3-4,application3-4,checkStatus> 0.0015376220326095463
<660,fac5-3,gradebook5-6,addScore> 1.4710747006992014E-4
<661,fac3-2,gradebook3-4,changeScore> 5.39292216069578E-4
<662,stu2-7,stu2-7application2-7,checkStatus> 0.0011465565131300454
<663,registrar2-0,transcript3-19,read> 3.697225539020746E-4
<664,admissions2-1,stu2-0application2-0,read> 9.778241686053038E-5
<665,registrar4-0,transcript0-11,read> 3.990030203990107E-4
<666,registrar2-1,transcript3-17,read> 3.757039495615769E-4
<667,registrar2-1,transcript2-0,read> 2.5325362974292566E-4
<668,stu3-8,stu3-8application3-8,checkStatus> 0.0019659318872775715
<669,registrar2-1,transcript2-1,read> 2.0990838378942079E-4
<670,admissions4-1,stu0-8application0-8,read> 1.4889715385776653E-4
<671,registrar2-1,transcript2-2,read> 2.0882475264058322E-4
<672,registrar2-0,transcript2-5,read> 2.046622234548505E-4
<673,admissions0-0,stu2-19application2-19,read> 1.388182558827349E-4
<674,fac2-1,roster2-2,read> 0.001453500705492994
<675,stu4-17,transcript4-17,read> 0.0018663526542251334
<676,fac5-3,roster5-7,read> 0.0017361384244794784
<677,stu2-17,transcript2-17,read> 0.00175888758650784
<678,admissions2-1,stu2-18application2-18,setStatus> 1.6786850152853138E-4
<679,registrar0-0,transcript5-4,read> 3.0764963082124524E-4
<680,admissions2-0,stu5-2application5-2,read> 1.4401846375757356E-4
<681,registrar2-0,transcript2-4,read> 2.1005635190083824E-4
<682,registrar2-0,transcript2-3,read> 2.1113517759003577E-4
<683,registrar4-1,transcript5-6,read> 3.726779115807226E-4
<684,registrar2-0,transcript2-9,read> 2.1437165465762838E-4
<685,registrar2-1,transcript0-10,read> 3.5186406428714914E-4
<686,registrar2-0,transcript2-8,read> 2.0574104914404805E-4
<687,admissions0-0,stu4-17application4-17,read> 1.0407000697268867E-4
<688,admissions0-0,stu5-13application5-13,read> 2.238915549383653E-4
<689,registrar0-0,transcript2-16,read> 3.5446682136470656E-4
<690,stu4-4,gradebook4-3,readScore> 7.836597577570881E-5
<691,registrar0-0,transcript0-2,read> 1.8176340735993814E-4
<692,admissions4-1,stu1-0application1-0,setStatus> 2.1534048652762316E-4
<693,registrar4-0,transcript3-18,read> 4.2488762875029156E-4
<694,registrar2-0,transcript2-7,read> 2.0681987483324557E-4
<695,registrar2-0,transcript4-13,read> 3.8806259061843274E-4
<696,fac1-3,roster1-7,read> 0.0029536547524212572
<697,admissions0-1,application1-0,read> 2.3709063677188976E-5
<698,app1-0,application1-0,checkStatus> 2.46485079407384E-4
<699,admissions0-1,stu5-10application5-10,read> 2.141776801646589E-4
<700,admissions2-0,application3-4,read> 1.2530217577034607E-4
<701,fac5-2,gradebook5-4,addScore> 3.8896076211711143E-4
<702,registrar2-0,transcript4-3,read> 2.219234344820112E-4
<703,admissions4-0,stu5-4application5-4,setStatus> 7.226004661535198E-5
<704,admissions2-1,stu3-14application3-14,setStatus> 1.294773623859754E-4
<705,stu2-3,stu2-3application2-3,checkStatus> 7.927353288390681E-4
<706,registrar2-0,transcript2-1,read> 2.0897752621164067E-4
<707,registrar2-0,transcript2-2,read> 2.0789870052244312E-4
<708,stu2-19,gradebook2-4,readMyScores> 3.7915587013842756E-4
<709,stu4-17,gradebook4-3,readMyScores> 8.138457701010764E-5
<710,registrar2-0,transcript2-0,read> 2.521305537795424E-4
<711,admissions0-1,stu0-3application0-3,setStatus> 1.0632665802955707E-4
<712,registrar0-0,transcript1-17,read> 3.506954365709277E-5
<713,admissions4-0,stu5-15application5-15,read> 4.1153219197682714E-5
<714,registrar0-1,roster1-8,read> 2.1519065807524586E-4
<715,registrar0-1,roster5-8,read> 1.244456288487098E-4
<716,app1-3,application1-3,checkStatus> 2.7752202539782056E-4
<717,admissions2-1,stu3-19application3-19,setStatus> 1.6842489484943798E-4
<718,admissions4-1,stu1-5application1-5,read> 1.1035050105408757E-4
<719,admissions4-0,stu2-6application2-6,setStatus> 1.6207206579647773E-4
<720,registrar0-0,roster1-1,read> 2.130182271408556E-4
<721,registrar0-1,transcript1-6,read> 3.1761995843698234E-4
<722,admissions4-0,stu3-16application3-16,read> 3.5544313741725956E-5
<723,stu2-12,gradebook2-8,addScore> 4.659421484688302E-4
<724,registrar2-1,roster1-3,read> 2.1691926559590336E-4
<725,registrar2-1,roster2-1,read> 1.1948621878105827E-4
<726,registrar4-0,transcript2-4,read> 2.399975690982851E-4
<727,admissions0-0,application3-0,setStatus> 1.6727927754583212E-4
<728,fac3-4,roster3-8,read> 0.0018448452394742797
<729,admissions0-0,application3-2,setStatus> 1.7000249454505206E-4
<730,stu1-1,transcript1-1,read> 0.0013494968523467233
<731,chair0,transcript0-16,read> 0.0018986289661912666
<732,admissions2-0,stu3-3application3-3,read> 1.880270328086219E-4
<733,admissions0-0,application3-1,setStatus> 1.6659847329602716E-4
<734,fac3-1,roster3-3,read> 0.001790491831976879
<735,chair2,transcript2-3,read> 0.0011586150778485618
<736,chair2,transcript2-12,read> 0.0019755904105789083
<737,stu0-9,gradebook0-2,readMyScores> 3.1020783525741634E-5
<738,admissions0-1,application0-0,read> 7.505796968948494E-5
<739,admissions4-1,stu3-1application3-1,read> 1.6534372572066955E-4
<740,chair3,transcript3-10,read> 0.0021058328549272243
<741,admissions0-0,application3-4,setStatus> 1.6864088604544208E-4
<742,chair0,transcript0-8,read> 6.672458559890057E-4
<743,admissions0-0,application3-3,setStatus> 1.6932169029524707E-4
<744,stu3-5,gradebook3-9,addScore> 2.3557998762892878E-4
<745,registrar0-1,transcript4-16,read> 3.787189750307559E-4
<746,admissions0-1,stu1-6application1-6,setStatus> 3.440562159584445E-5
<747,admissions4-0,stu2-12application2-12,setStatus> 6.125083136089141E-5
<748,admissions2-0,stu2-11application2-11,read> 6.915331180866367E-5
<749,stu1-10,stu1-10application1-10,checkStatus> 0.0013451929674688397
<750,admissions0-1,stu4-13application4-13,setStatus> 2.4270522711612545E-4
<751,fac5-4,gradebook5-8,addScore> 1.7676977575178232E-4
<752,registrar0-1,roster3-4,write> 9.280143832099778E-5
<753,admissions2-0,stu3-11application3-11,setStatus> 1.4181401153303376E-4
<754,admissions0-0,stu4-8application4-8,setStatus> 1.1281493756143368E-4
<755,fac5-4,gradebook5-9,addScore> 1.297346208644782E-4
<756,registrar4-0,transcript3-12,read> 4.347484319317319E-4
<757,registrar4-1,roster0-2,read> 2.4295654987373957E-4
<758,registrar4-0,transcript3-13,read> 4.335158315340519E-4
<759,registrar0-0,roster2-1,read> 1.1471736747715794E-4
<760,admissions4-0,stu4-14application4-14,setStatus> 1.8177276677814398E-4
<761,admissions0-1,application3-2,setStatus> 1.694271899949842E-4
<762,stu1-3,stu1-3application1-3,checkStatus> 0.0017176363193540788
<763,admissions2-1,stu4-4application4-4,setStatus> 1.5284588186405292E-4
<764,stu0-5,gradebook0-4,addScore> 1.6168616912104445E-4
<765,registrar0-0,transcript2-11,read> 3.461437652680912E-4
<766,stu3-11,gradebook3-2,readMyScores> 2.206023120013198E-5
<767,admissions0-1,application3-1,setStatus> 1.6603468827641288E-4
<768,admissions4-1,stu3-16application3-16,read> 3.582697230030827E-5
<769,registrar4-1,transcript2-2,read> 2.4123657677548523E-4
<770,admissions0-1,application3-0,setStatus> 1.6671318862012711E-4
<771,registrar4-1,roster4-2,read> 1.72370776509473E-4
<772,chair2,transcript2-4,read> 0.0011526949667418204
<773,registrar2-1,transcript3-11,read> 3.832893676034402E-4
<774,fac4-4,gradebook4-9,addScore> 8.252960709909587E-4
<775,registrar2-1,transcript2-12,read> 3.6161674462668777E-4
<776,admissions0-1,application3-4,setStatus> 1.6807018930755567E-4
<777,admissions0-1,stu2-18application2-18,setStatus> 2.0470920786812624E-4
<778,admissions2-0,stu3-3application3-3,setStatus> 2.1366708273707035E-4
<779,chair4,transcript4-7,read> 0.00118821563338227
<780,admissions0-0,stu0-16application0-16,setStatus> 1.625136477971973E-4
<781,admissions2-0,stu2-15application2-15,read> 3.576750080442007E-5
<782,registrar2-1,roster4-6,read> 1.2031192256762476E-4
<783,registrar0-0,transcript2-17,read> 3.575879674009372E-4
<784,registrar2-1,transcript0-19,read> 3.4427864624528585E-4
<785,registrar2-0,transcript0-15,read> 3.5246134287491383E-4
<786,admissions4-1,stu4-2application4-2,setStatus> 1.0962921141450358E-4
<787,stu2-5,gradebook2-9,addScore> 4.204963175990048E-4
<788,stu4-7,gradebook4-6,addScore> 3.023026417602012E-4
<789,chair3,transcript3-16,read> 0.0020643920771800327
<790,registrar0-1,roster3-9,write> 9.796637279080851E-5
<791,admissions2-0,stu5-10application5-10,read> 1.814510397320285E-4
<792,admissions0-0,stu0-19application0-19,read> 1.1844859272856987E-4
<793,registrar0-0,transcript3-12,read> 3.6695140550962953E-4
<794,stu0-18,stu0-18application0-18,checkStatus> 0.00243148607713412
<795,admissions2-1,stu2-15application2-15,read> 3.4620647071212215E-5
<796,admissions4-0,stu2-7application2-7,read> 9.418287078127386E-5
<797,stu1-9,stu1-9application1-9,checkStatus> 0.0018852358277024364
<798,admissions2-1,stu5-15application5-15,read> 3.951690829519036E-5
<799,stu3-15,stu3-15application3-15,checkStatus> 0.001748673265344515
<800,registrar0-1,transcript5-6,read> 3.0829976946505076E-4
<801,admissions4-0,stu3-0application3-0,read> 7.633635342141146E-5
<802,fac4-2,gradebook4-4,assignGrade> 4.845972288582218E-4
<803,fac1-3,roster1-6,read> 0.0028775599819248956
<804,registrar0-1,roster0-7,read> 2.0414343712592844E-4
<805,admissions2-1,stu0-6application0-6,read> 5.420569196712483E-5
<806,admissions0-1,stu1-16application1-16,read> 1.3237767872646645E-4
<807,stu1-10,transcript1-10,read> 2.3390710175767978E-4
<808,stu5-6,transcript5-6,read> 0.001523487914365198
<809,admissions0-1,stu5-11application5-11,setStatus> 1.443226772775562E-4
<810,registrar4-0,roster4-3,read> 1.7066322351995853E-4
<811,registrar0-0,transcript0-18,read> 3.315784170990143E-4
<812,admissions2-1,stu0-16application0-16,setStatus> 1.3281572231141502E-4
<813,admissions2-0,stu1-6application1-6,read> 2.5650588378891707E-5
<814,stu2-6,gradebook2-8,readMyScores> 3.813723283527245E-4
<815,chair2,transcript2-8,read> 0.0011290145223148537
<816,admissions0-0,stu3-12application3-12,read> 8.429945155835207E-5
<817,admissions4-1,stu2-7application2-7,read> 9.493183993261599E-5
<818,registrar4-0,roster1-8,read> 2.5613180415916736E-4
<819,stu2-14,gradebook2-5,readScore> 3.0002841925352776E-4
<820,stu4-14,gradebook4-7,readMyScores> 9.436408338434025E-5
<821,stu2-7,gradebook2-9,addScore> 3.883456937181956E-4
<822,admissions4-0,stu1-0application1-0,setStatus> 2.136415477778983E-4
<823,admissions2-0,stu2-17application2-17,read> 1.0810342464694785E-4
<824,admissions0-1,stu5-17application5-17,read> 1.502900878005232E-4
<825,admissions2-0,stu0-6application0-6,read> 5.60013256554768E-5
<826,admissions0-1,stu0-11application0-11,setStatus> 2.2777821955441137E-4
<827,admissions2-0,stu1-9application1-9,setStatus> 1.7457901200207445E-4
<828,registrar2-1,transcript3-14,read> 3.800384741569274E-4
<829,registrar2-1,transcript4-1,read> 2.283301133196604E-4
<830,app4-1,application4-1,checkStatus> 0.0017548806545426025
<831,admissions4-1,stu3-0application3-0,read> 7.694340195756584E-5
<832,chair3,transcript3-12,read> 0.0020880725216069996
<833,stu1-0,transcript1-0,read> 0.001359731620700751
<834,registrar4-1,roster5-9,write> 1.1287364659601184E-4
<835,registrar4-1,roster5-8,write> 1.094050582243034E-4
<836,registrar4-1,roster5-7,write> 1.1079249357298677E-4
<837,fac2-3,gradebook2-6,readScore> 5.946522298377533E-4
<838,fac1-2,gradebook1-5,readScore> 2.1904172356527668E-4
<839,registrar4-1,transcript3-16,read> 4.3652084562898077E-4
<840,admissions0-0,stu1-16application1-16,read> 1.3282717848445106E-4
<841,registrar4-1,roster5-2,write> 1.2327941171113712E-4
<842,registrar4-1,roster5-1,write> 1.2258569403679543E-4
<843,admissions0-1,stu0-16application0-16,setStatus> 1.6196368621412724E-4
<844,registrar2-1,roster0-4,read> 2.1279074666307094E-4
<845,admissions0-1,stu3-5application3-5,read> 1.2998935751659224E-4
<846,chair3,transcript3-2,read> 4.4820174503956505E-4
<847,admissions0-1,stu4-2application4-2,read> 1.120769484425355E-4
<848,registrar4-1,roster5-6,write> 1.052427521782533E-4
<849,fac1-2,gradebook1-5,assignGrade> 3.0424869399055054E-4
<850,admissions0-0,application5-0,read> 2.2508977041802203E-4
<851,stu0-0,stu0-0application0-0,checkStatus> 0.0015003776974210226
<852,stu0-13,transcript0-13,read> 0.0016821268238526308
<853,registrar4-1,roster5-5,write> 1.0663018752693667E-4
<854,registrar0-0,transcript1-1,read> 2.7435740643478386E-4
<855,registrar4-1,roster5-4,write> 1.0246788148088655E-4
<856,admissions0-1,stu3-12application3-12,read> 8.401417422651333E-5
<857,registrar4-1,roster1-8,read> 2.6012606231369626E-4
<858,registrar4-0,transcript4-15,read> 4.458418355108524E-4
<859,registrar4-1,roster5-3,write> 1.0316159915522825E-4
<860,admissions0-1,stu5-2application5-2,read> 1.6999373778198563E-4
<861,registrar2-0,transcript4-6,read> 2.2515991154960382E-4
<862,registrar2-0,transcript5-3,read> 3.157812694421974E-4
<863,stu2-6,gradebook2-4,addScore> 4.908490369206059E-4
<864,admissions2-1,stu2-17application2-17,read> 1.0463718257409982E-4
<865,admissions2-0,stu3-18application3-18,read> 1.5969967801714256E-4
<866,registrar4-1,transcript2-19,read> 4.3526902339274034E-4
<867,stu3-0,transcript3-0,read> 3.720764745370567E-4
<868,registrar4-1,roster1-4,read> 2.496335824892783E-4
<869,admissions4-0,stu1-12application1-12,setStatus> 1.3715647337848803E-4
<870,admissions4-0,stu4-2application4-2,setStatus> 1.0876428666961597E-4
<871,registrar4-0,roster5-2,write> 1.2138644569637876E-4
<872,admissions2-1,stu3-11application3-11,setStatus> 1.3726686887866792E-4
<873,admissions2-0,stu4-1application4-1,read> 1.8347442221713418E-4
<874,admissions2-1,stu1-8application1-8,setStatus> 1.4227440876682737E-4
<875,registrar4-0,roster5-3,write> 1.0157754388988885E-4
<876,registrar4-1,transcript4-16,read> 4.5780182364506684E-4
<877,stu3-17,stu3-17application3-17,checkStatus> 0.00176108804374069
<878,registrar4-0,roster5-4,write> 1.008944783103547E-4
<879,admissions4-1,stu2-8application2-8,setStatus> 2.299414913775016E-4
<880,admissions4-0,application0-1,setStatus> 7.052174946991085E-5
<881,registrar4-0,roster5-5,write> 1.0499287178755951E-4
<882,registrar2-1,roster2-1,write> 8.689906820440603E-5
<883,admissions4-1,application5-3,setStatus> 2.223489688555648E-4
<884,registrar4-0,roster5-1,write> 1.2070338011684464E-4
<885,fac3-3,roster3-7,read> 0.0018339745579747995
<886,registrar2-1,transcript1-16,read> 3.977829342191434E-5
<887,registrar4-0,roster5-6,write> 1.0362674062849123E-4
<888,registrar2-0,roster0-1,read> 2.0609281208545542E-4
<889,stu0-1,stu0-1application0-1,checkStatus> 1.906185766245981E-4
<890,registrar4-0,roster5-7,write> 1.0909126526476433E-4
<891,registrar4-0,roster5-8,write> 1.0772513410569606E-4
<892,admissions0-1,stu3-4application3-4,setStatus> 6.697363809412941E-5
<893,registrar4-0,roster5-9,write> 1.1114046200336673E-4
<894,admissions0-0,stu0-8application0-8,setStatus> 1.9723466453725128E-4
<895,admissions2-1,stu1-6application1-6,read> 2.48281246232559E-5
<896,registrar4-0,roster4-8,write> 8.996542903780852E-5
<897,fac5-4,roster5-9,read> 0.0017687504689779187
<898,admissions4-1,stu0-10application0-10,setStatus> 2.2760533060152104E-4
<899,chair4,transcript4-1,read> 0.0012474167444496862
<900,admissions0-1,application3-2,read> 1.490959271955861E-4
<901,stu0-12,stu0-12application0-12,checkStatus> 6.251358204907105E-4
<902,stu4-6,transcript4-6,read> 0.0010680407226109554
<903,registrar4-0,transcript2-16,read> 4.199572271595714E-4
<904,admissions2-0,stu0-16application0-16,setStatus> 1.372154149759754E-4
<905,admissions2-0,stu5-19application5-19,setStatus> 3.604629072069173E-5
<906,admissions4-0,stu5-13application5-13,read> 1.9055406452453085E-4
<907,stu2-0,gradebook2-8,addScore> 7.114862648047853E-4
<908,registrar4-1,transcript3-17,read> 4.340172011565002E-4
<909,admissions2-1,stu1-4application1-4,setStatus> 2.1627472044740632E-4
<910,admissions2-1,stu1-9application1-9,setStatus> 1.689812881703446E-4
<911,fac0-3,gradebook0-7,changeScore> 2.98827502912683E-4
<912,admissions4-1,stu0-12application0-12,setStatus> 5.8817714536926795E-5
<913,registrar4-1,roster0-1,read> 2.3914110266486026E-4
<914,admissions0-0,stu1-1application1-1,setStatus> 2.673575022671643E-4
<915,chair0,transcript0-5,read> 6.613257448822642E-4
<916,stu1-2,stu1-2application1-2,checkStatus> 0.0019411023304852222
<917,app2-2,application2-2,checkStatus> 6.499653772830598E-4
<918,stu2-12,gradebook2-8,readScore> 1.7166289680430586E-4
<919,admissions0-1,stu4-12application4-12,setStatus> 2.2099321611726872E-4
<920,admissions0-0,stu2-13application2-13,read> 1.214441314277118E-4
<921,fac5-3,gradebook5-7,changeScore> 5.633386873852676E-4
<922,fac1-1,gradebook1-3,addScore> 1.9083831016311606E-4
<923,chair2,transcript2-1,read> 0.0011467748556350783
<924,fac1-1,gradebook1-2,addScore> 2.46355580875667E-4
<925,admissions2-1,stu5-19application5-19,setStatus> 3.489049783185192E-5
<926,registrar4-1,transcript0-11,read> 4.0522528972297185E-4
<927,admissions2-1,stu1-13application1-13,setStatus> 1.3392850895322826E-4
<928,registrar0-1,transcript5-7,read> 3.0726419291261385E-4
<929,admissions0-1,stu3-6application3-6,read> 2.2373096500415582E-4
<930,admissions2-1,stu4-16application4-16,setStatus> 1.6731210820762475E-4
<931,admissions4-1,stu4-17application4-17,read> 8.927833085474308E-5
<932,fac0-2,gradebook0-5,changeScore> 2.8680426725483826E-4
<933,stu2-3,gradebook2-3,addScore> 9.96777261661662E-4
<934,stu0-19,transcript0-19,read> 0.001625835597905477
<935,fac1-1,gradebook1-2,changeScore> 9.180241392916876E-4
<936,stu4-16,gradebook4-7,readMyScores> 9.292888819978754E-5
<937,admissions4-0,stu0-12application0-12,setStatus> 5.835366945182283E-5
<938,stu0-10,gradebook0-2,readMyScores> 2.1825525717429806E-5
<939,admissions4-1,stu1-16application1-16,setStatus> 1.2948657801033821E-4
<940,stu2-13,stu2-13application2-13,checkStatus> 0.0012582895186956172
<941,admissions2-0,stu1-8application1-8,setStatus> 1.4698743265972433E-4
<942,fac1-0,gradebook1-1,addScore> 1.1212661046198995E-4
<943,admissions2-1,stu3-3application3-3,setStatus> 2.0681603399199392E-4
<944,admissions4-0,stu4-17application4-17,read> 8.857396532531708E-5
<945,admissions2-1,stu3-1application3-1,setStatus> 1.7899636794666357E-4
<946,stu0-6,gradebook0-1,addScore> 7.269531870420464E-5
<947,admissions4-1,stu3-7application3-7,setStatus> 1.680332308140172E-4
<948,stu1-17,gradebook1-5,readMyScores> 3.048111364935747E-5
<949,admissions0-0,stu2-7application2-7,read> 1.106601921108009E-4
<950,admissions0-1,stu2-1application2-1,setStatus> 1.5246468140212745E-4
<951,admissions2-0,stu0-1application0-1,setStatus> 1.7651904492458342E-5
<952,stu5-19,stu5-19application5-19,checkStatus> 3.8925503096339236E-4
<953,stu1-3,gradebook1-3,readMyScores> 7.602254788111858E-5
<954,registrar4-1,roster3-2,write> 1.1009877589864509E-4
<955,admissions0-1,stu3-3application3-3,setStatus> 2.522042319281251E-4
<956,chair0,transcript0-4,read> 6.317251893485559E-4
<957,admissions4-0,stu3-18application3-18,read> 1.609798357567589E-4
<958,fac1-1,gradebook1-3,changeScore> 9.36058992778455E-4
<959,stu3-3,transcript3-3,read> 3.771938587140707E-4
<960,admissions0-1,stu1-17application1-17,setStatus> 8.122214531212909E-5
<961,admissions0-1,application2-4,setStatus> 7.850814393727201E-5
<962,registrar0-1,roster5-1,read> 1.394382858513549E-4
<963,admissions2-1,stu3-5application3-5,setStatus> 1.2113146257237624E-4
<964,stu0-7,gradebook0-2,addScore> 7.217708331203575E-5
<965,registrar2-1,roster2-3,write> 7.849190237754727E-5
<966,fac4-3,gradebook4-6,assignGrade> 4.910382479606386E-4
<967,admissions0-1,stu1-15application1-15,setStatus> 1.8910369996269803E-4
<968,registrar2-1,roster2-2,write> 8.029343791187413E-5
<969,admissions0-0,stu2-18application2-18,setStatus> 2.0540431553491104E-4
<970,registrar2-1,roster2-5,write> 8.089394975664976E-5
<971,admissions4-1,stu3-18application3-18,read> 1.6225999349637525E-4
<972,chair0,transcript0-13,read> 0.0019459898550452
<973,admissions2-0,stu0-5application0-5,read> 1.6324059736607744E-4
<974,registrar2-1,roster2-4,write> 8.149446160142541E-5
<975,registrar2-1,roster2-7,write> 1.1031903015065535E-4
<976,registrar2-0,transcript4-17,read> 3.934567190644205E-4
<977,admissions0-1,stu3-14application3-14,read> 1.3894556205362062E-4
<978,stu2-11,stu2-11application2-11,checkStatus> 8.486018316218541E-4
<979,registrar4-0,transcript3-19,read> 4.224224279549315E-4
<980,registrar2-1,roster2-6,write> 1.0971851830587975E-4
<981,admissions4-0,stu2-6application2-6,read> 1.426234179009004E-4
<982,registrar4-1,roster0-6,read> 2.4772585888483865E-4
<983,registrar4-0,transcript3-10,read> 4.38446233124772E-4
<984,admissions4-1,application4-4,read> 1.4684133237490365E-4
<985,chair4,transcript4-5,read> 0.0012296564111294614
<986,registrar2-1,roster2-9,write> 1.1212056568498226E-4
<987,registrar2-1,roster2-8,write> 1.1152005384020662E-4
<988,registrar4-1,transcript4-14,read> 4.5529817917258603E-4
<989,registrar2-1,transcript5-6,read> 3.2260602326853344E-4
<990,registrar4-1,roster4-9,read> 1.2276996279404244E-4
<991,registrar2-0,roster5-2,read> 1.4608373667017902E-4
<992,registrar4-0,transcript1-6,read> 3.7804881363845E-4
<993,admissions4-0,stu4-4application4-4,read> 1.4007391542092006E-4
<994,admissions4-0,stu4-9application4-9,setStatus> 1.3889477052392914E-4
<995,admissions0-1,stu1-2application1-2,read> 1.8671198625110525E-4
<996,registrar4-0,transcript4-10,read> 4.174920263642113E-4
<997,registrar4-0,transcript5-6,read> 3.6695541005932956E-4
<998,admissions4-0,stu0-2application0-2,setStatus> 9.681349379470814E-6
<999,admissions0-0,stu1-17application1-17,setStatus> 8.149794207040456E-5
<1000,registrar2-0,transcript5-7,read> 3.2009657219898754E-4
<1001,admissions2-0,stu1-4application1-4,read> 1.9662640837032105E-4
<1002,fac5-1,gradebook5-3,changeScore> 5.813735408720346E-4
<1003,registrar2-1,roster4-9,read> 1.0627495819599453E-4
<1004,chair3,transcript3-9,read> 4.0084085618563185E-4
<1005,registrar2-1,transcript4-4,read> 2.239955887243099E-4
<1006,stu5-8,transcript5-8,read> 0.001533722682719226
<1007,registrar0-0,roster1-9,read> 2.1698197148213374E-4
<1008,admissions4-1,stu0-5application0-5,setStatus> 1.8847463760384694E-4
<1009,admissions2-1,stu4-9application4-9,setStatus> 1.3337211563232165E-4
<1010,admissions4-0,stu1-10application1-10,read> 1.1049968665314805E-4
<1011,registrar0-0,transcript1-5,read> 3.2221497899032205E-4
<1012,admissions0-0,stu4-10application4-10,setStatus> 3.9968882832300734E-5
<1013,stu0-3,gradebook0-1,addScore> 7.194459252137292E-5
<1014,admissions2-1,stu0-18application0-18,read> 1.9179063236091095E-4
<1015,registrar2-0,transcript3-14,read> 3.78353159415655E-4
<1016,admissions4-1,stu0-2application0-2,setStatus> 9.75833824133539E-6
<1017,registrar0-1,transcript0-0,read> 1.8506615972506687E-4
<1018,registrar0-1,transcript4-9,read> 2.1095557353598783E-4
<1019,admissions4-1,stu5-14application5-14,setStatus> 3.779226755310191E-5
<1020,stu0-8,gradebook0-2,addScore> 7.24246890866911E-5
<1021,admissions0-0,stu1-16application1-16,setStatus> 1.5093997555051258E-4
<1022,registrar0-0,transcript5-2,read> 3.055688667970914E-4
<1023,fac3-1,gradebook3-3,addScore> 3.6798310303663804E-4
<1024,stu2-7,transcript2-7,read> 9.81045191601718E-4
<1025,registrar2-1,transcript3-7,read> 8.529080167309442E-5
<1026,stu0-9,gradebook0-8,addScore> 8.324619820725251E-5
<1027,admissions2-1,stu3-17application3-17,read> 1.3891101114194693E-4
<1028,stu1-8,gradebook1-3,readScore> 1.1782131705238545E-4
<1029,admissions2-1,stu0-1application0-1,setStatus> 1.708591156284044E-5
<1030,admissions0-0,stu3-14application3-14,read> 1.3941736362256332E-4
<1031,admissions2-0,stu0-4application0-4,setStatus> 1.4583778352045978E-4
<1032,admissions4-1,stu2-16application2-16,setStatus> 1.1955789471242093E-4
<1033,admissions0-1,stu5-3application5-3,read> 1.7357621959679696E-4
<1034,admissions2-0,stu4-9application4-9,setStatus> 1.3779023954560765E-4
<1035,admissions4-1,stu1-10application1-10,read> 1.11378411795519E-4
<1036,stu1-9,gradebook1-1,readMyScores> 1.7586086435783556E-4
<1037,registrar2-0,roster3-2,read> 1.3046493621962765E-4
<1038,admissions4-0,stu5-14application5-14,setStatus> 3.7494103706529106E-5
<1039,admissions4-0,stu2-16application2-16,setStatus> 1.1861463716044914E-4
<1040,registrar4-0,transcript1-1,read> 3.250469965382081E-4
<1041,admissions4-1,application2-4,read> 5.946891935323137E-5
<1042,registrar4-0,transcript0-3,read> 1.3276133450012135E-4
<1043,admissions4-1,application2-3,read> 5.8441008611799924E-5
<1044,admissions0-0,stu3-6application3-6,setStatus> 2.5510302577067467E-4
<1045,admissions0-0,stu3-7application3-7,read> 1.7236828931312437E-4
<1046,admissions0-1,stu1-4application1-4,setStatus> 2.637387377712677E-4
<1047,registrar4-0,transcript2-18,read> 4.2612022914797164E-4
<1048,registrar0-0,transcript0-11,read> 3.367803271593989E-4
<1049,admissions2-1,stu0-4application0-4,setStatus> 1.4116162212501413E-4
<1050,registrar4-1,roster1-6,read> 2.524951678959377E-4
<1051,admissions4-0,stu3-15application3-15,setStatus> 1.6323093056010515E-4
<1052,admissions2-0,stu3-17application3-17,read> 1.4351261813629713E-4
<1053,admissions4-1,stu0-15application0-15,read> 1.2114356383911768E-4
<1054,registrar4-1,roster3-5,read> 1.5901671127839553E-4
<1055,admissions0-1,stu5-13application5-13,read> 2.2313388470168724E-4
<1056,stu0-2,gradebook0-3,addScore> 1.643757418499122E-4
<1057,admissions4-1,stu5-11application5-11,read> 1.0932259031265613E-4
<1058,chair5,transcript5-5,read> 0.0017447060774159842
<1059,registrar0-0,transcript0-9,read> 1.2142125065947694E-4
<1060,stu4-17,gradebook4-7,addScore> 3.5729884951798827E-4
<1061,chair3,transcript3-11,read> 0.002093992632713741
<1062,registrar4-0,roster5-6,read> 1.4248676836417544E-4
<1063,registrar4-0,transcript2-19,read> 4.2858542994333163E-4
<1064,admissions0-0,stu4-11application4-11,read> 2.1250850788162603E-4
<1065,admissions2-0,stu4-17application4-17,setStatus> 9.985181794987629E-5
<1066,admissions4-1,application2-1,read> 5.330145490464273E-5
<1067,admissions2-0,stu5-2application5-2,setStatus> 1.6365734517906087E-4
<1068,registrar4-1,transcript5-0,read> 3.651669781632805E-4
<1069,admissions4-1,stu3-6application3-6,setStatus> 2.18844727691594E-4
<1070,registrar0-1,transcript3-12,read> 3.652564798490769E-4
<1071,admissions4-1,application2-2,read> 5.381541027535845E-5
<1072,admissions4-1,application2-0,read> 5.2787499533927015E-5
<1073,admissions4-0,application2-3,read> 5.797993556555298E-5
<1074,registrar4-0,roster4-4,write> 9.542995367408162E-5
<1075,admissions4-0,application2-2,read> 5.3390831101588356E-5
<1076,admissions4-0,application2-4,read> 5.8999736557545115E-5
<1077,chair3,transcript3-19,read> 0.002028871410539583
<1078,admissions4-1,stu0-4application0-4,setStatus> 1.4817586421818257E-4
<1079,stu2-9,gradebook2-7,addScore> 0.0010025284670298633
<1080,stu4-8,stu4-8application4-8,checkStatus> 0.0010286161183663863
<1081,admissions0-1,stu1-2application1-2,setStatus> 2.1217271164898323E-4
<1082,registrar0-1,roster2-6,write> 1.0485295208388952E-4
<1083,admissions0-1,stu0-10application0-10,read> 2.3268716954118418E-4
<1084,registrar0-0,transcript5-8,read> 3.118111588695529E-4
<1085,admissions4-0,stu0-15application0-15,read> 1.2018779607707337E-4
<1086,admissions4-0,application4-0,setStatus> 1.5627774197834055E-4
<1087,admissions0-1,stu3-7application3-7,read> 1.7178497868939127E-4
<1088,admissions4-0,stu1-8application1-8,setStatus> 1.4816568863294856E-4
<1089,admissions2-0,stu2-8application2-8,read> 1.9915563647670312E-4
<1090,admissions2-0,stu2-1application2-1,setStatus> 1.2916787100112324E-4
<1091,stu2-15,gradebook2-9,addScore> 2.648196124919286E-4
<1092,admissions0-1,stu5-2application5-2,setStatus> 1.931747020249837E-4
<1093,registrar4-0,roster1-2,read> 2.5143572829987017E-4
<1094,admissions2-0,stu2-4application2-4,setStatus> 3.662111529032402E-5
<1095,admissions0-1,stu4-11application4-11,read> 2.1178935895478464E-4
<1096,admissions2-1,stu4-17application4-17,setStatus> 9.665015645248544E-5
<1097,admissions0-0,application5-3,read> 2.2808530911716396E-4
<1098,stu3-8,transcript3-8,read> 3.516069378290009E-4
<1099,registrar4-0,roster1-6,write> 1.808131511158486E-4
<1100,stu0-7,transcript0-7,read> 5.870066099716431E-4
<1101,admissions4-0,stu0-5application0-5,setStatus> 1.8698765821446747E-4
<1102,admissions4-0,application2-0,read> 5.2371030109596223E-5
<1103,stu5-6,stu5-6application5-6,checkStatus> 3.7063286336913034E-4
<1104,fac2-4,gradebook2-9,changeScore> 0.002270638150799222
<1105,registrar2-0,transcript2-13,read> 3.6109194838849416E-4
<1106,registrar2-1,roster4-6,write> 8.749958004918164E-5
<1107,admissions4-0,application2-1,read> 5.288093060559229E-5
<1108,stu0-4,gradebook0-8,addScore> 8.182803469435213E-5
<1109,admissions0-1,stu3-7application3-7,setStatus> 1.9521020305612646E-4
<1110,stu5-4,stu5-4application5-4,checkStatus> 7.741131612448061E-4
<1111,registrar0-1,roster2-2,read> 1.0550753579273703E-4
<1112,admissions4-0,stu2-18application2-18,read> 1.5384122881281388E-4
<1113,registrar0-1,roster2-1,read> 1.141874951100579E-4
<1114,registrar0-1,roster2-6,read> 1.4417280911534807E-4
<1115,registrar0-1,roster2-5,read> 1.0629662300340258E-4
<1116,registrar0-0,transcript2-3,read> 2.0361142961355344E-4
<1117,stu0-7,gradebook0-2,readScore> 2.659155700969738E-5
<1118,registrar0-1,roster2-4,read> 1.0708571021406812E-4
<1119,registrar0-1,transcript0-14,read> 3.3936706603815593E-4
<1120,stu1-13,stu1-13application1-13,checkStatus> 0.0014941703082229354
<1121,registrar0-1,roster2-3,read> 1.0314027416074047E-4
<1122,admissions0-0,stu0-10application0-10,read> 2.334772787756194E-4
<1123,fac4-3,gradebook4-7,addScore> 6.06449771404095E-4
<1124,registrar2-0,roster2-9,write> 1.1162335696797567E-4
<1125,admissions2-1,stu1-4application1-4,read> 1.9032175399371753E-4
<1126,admissions2-1,stu2-1application2-1,setStatus> 1.250262158187225E-4
<1127,registrar2-0,roster2-7,write> 1.0982981050475443E-4
<1128,registrar2-0,roster2-8,write> 1.110255081469019E-4
<1129,registrar2-0,roster2-5,write> 8.053521827214133E-5
<1130,admissions0-1,stu3-8application3-8,read> 1.891003074609795E-4
<1131,registrar0-0,roster2-8,read> 1.4722007107563858E-4
<1132,registrar4-0,roster0-1,read> 2.354690703782597E-4
<1133,registrar0-0,roster2-9,read> 1.4801281994389424E-4
<1134,stu3-9,stu3-9application3-9,checkStatus> 0.0010162013399702117
<1135,fac0-1,gradebook0-3,changeScore> 3.4692044554406195E-4
<1136,registrar2-0,roster2-3,write> 7.81438229878464E-5
<1137,registrar0-0,roster2-6,read> 1.4484182447087175E-4
<1138,admissions2-1,stu0-5application0-5,read> 1.5800642991546174E-4
<1139,registrar2-0,roster2-4,write> 8.113306709321508E-5
<1140,registrar4-1,roster3-8,read> 1.61878296685055E-4
<1141,admissions0-0,stu0-6application0-6,setStatus> 7.537070382215974E-5
<1142,fac2-1,gradebook2-3,assignGrade> 8.324122603887306E-4
<1143,stu4-15,stu4-15application4-15,checkStatus> 1.4716685223798687E-4
<1144,registrar2-0,roster4-1,write> 1.074384152204595E-4
<1145,registrar0-0,roster2-7,read> 1.4563457333912735E-4
<1146,chair5,transcript5-1,read> 0.0017091854107755345
<1147,registrar2-0,roster2-1,write> 8.651370648287871E-5
<1148,admissions0-1,stu5-5application5-5,read> 1.049119848129128E-4
<1149,registrar2-0,roster2-2,write> 7.993736945106759E-5
<1150,admissions4-1,stu3-15application3-15,setStatus> 1.6452898965004634E-4
<1151,registrar0-0,roster2-3,read> 1.0361888332157918E-4
<1152,fac2-4,gradebook2-8,assignGrade> 8.152362094489524E-4
<1153,registrar0-0,roster2-2,read> 1.0599712992634603E-4
<1154,stu2-5,stu2-5application2-5,checkStatus> 0.0016803919841655549
<1155,registrar0-0,roster2-5,read> 1.0678987879460166E-4
<1156,registrar4-0,roster1-7,write> 1.8559461017258756E-4
<1157,admissions0-0,stu2-1application2-1,setStatus> 1.5298238829992752E-4
<1158,registrar0-0,roster2-4,read> 1.0758262766285732E-4
<1159,fac1-4,gradebook1-9,readScore> 1.166044425409807E-4
<1160,admissions4-1,stu0-4application0-4,read> 1.3039476051200064E-4
<1161,stu0-11,transcript0-11,read> 0.0016565399029675608
<1162,fac1-4,gradebook1-9,changeScore> 7.9779178271324E-4
<1163,admissions2-1,stu2-5application2-5,read> 1.3254587155077534E-4
<1164,admissions2-1,stu5-2application5-2,setStatus> 1.5840981507311903E-4
<1165,admissions2-1,application1-2,read> 2.140074176647119E-5
<1166,stu2-6,stu2-6application2-6,checkStatus> 0.0017362584869483409
<1167,admissions0-0,stu5-5application5-5,read> 1.0526822245234543E-4
<1168,admissions2-0,application0-1,read> 6.156562748951739E-5
<1169,admissions2-0,application0-0,read> 6.358900997462307E-5
<1170,admissions0-0,stu1-18application1-18,setStatus> 1.5230158405012253E-4
<1171,registrar4-1,transcript3-10,read> 4.4528360128266324E-4
<1172,registrar2-0,transcript5-8,read> 3.233330492665802E-4
<1173,admissions4-0,stu1-5application1-5,read> 1.0947988566115592E-4
<1174,registrar2-1,roster0-2,write> 1.5295537112972472E-4
<1175,admissions2-0,application0-4,setStatus> 7.053576489862934E-5
<1176,admissions0-1,stu0-2application0-2,setStatus> 1.1336609909559261E-5
<1177,fac3-4,gradebook3-8,assignGrade> 1.8186933104463078E-4
<1178,admissions0-1,stu5-6application5-6,read> 3.565066972656013E-5
<1179,stu4-16,gradebook4-9,readMyScores> 4.28500602539226E-5
<1180,admissions0-1,stu3-13application3-13,setStatus> 1.6128518587041297E-4
<1181,registrar4-1,transcript4-13,read> 4.5029089022762464E-4
<1182,admissions2-0,stu2-5application2-5,read> 1.3693662505970372E-4
<1183,fac2-2,gradebook2-4,addScore> 3.007797491709102E-4
<1184,registrar4-0,transcript5-5,read> 3.632576088662894E-4
<1185,registrar0-0,roster3-8,write> 9.784442849712626E-5
<1186,admissions4-1,stu3-3application3-3,setStatus> 2.1709260710960855E-4
<1187,admissions4-1,application4-2,read> 1.4427155552132508E-4
<1188,fac2-2,gradebook2-5,assignGrade> 8.281182476537861E-4
<1189,stu0-9,transcript0-9,read> 5.972413783256711E-4
<1190,registrar2-1,transcript2-14,read> 3.6486763807320067E-4
<1191,admissions2-0,stu0-12application0-12,read> 5.094286944271261E-5
<1192,fac5-2,gradebook5-4,assignGrade> 1.9904538198440896E-4
<1193,app1-4,application1-4,checkStatus> 1.7820379822842348E-4
<1194,fac4-1,gradebook4-3,assignGrade> 4.78156209755805E-4
<1195,admissions0-1,stu4-0application4-0,read> 7.087840757220504E-5
<1196,admissions2-1,stu3-14application3-14,read> 1.1394007889965834E-4
<1197,stu3-7,gradebook3-7,addScore> 2.2457449330160799E-4
<1198,admissions2-0,stu0-0application0-0,setStatus> 1.3893988868487225E-4
<1199,stu3-11,transcript3-11,read> 0.0018100614282779799
<1200,admissions4-1,application3-0,read> 1.262831175462749E-4
<1201,stu4-17,gradebook4-8,readMyScores> 4.434904840942357E-5
<1202,admissions2-0,application0-4,read> 6.207147311079381E-5
<1203,admissions2-0,application0-3,setStatus> 7.111058946826163E-5
<1204,admissions2-0,application0-2,setStatus> 6.938611575936476E-5
<1205,stu1-1,gradebook1-7,addScore> 2.938409578778458E-4
<1206,registrar0-1,roster0-9,write> 1.5937170482078076E-4
<1207,admissions4-0,stu5-2application5-2,setStatus> 1.6496922770554628E-4
<1208,admissions2-0,application0-2,read> 6.105978186824098E-5
<1209,admissions2-0,application0-1,setStatus> 6.996094032899704E-5
<1210,registrar0-0,roster5-4,write> 8.516044660503624E-5
<1211,registrar4-1,transcript3-15,read> 4.3777266786522114E-4
<1212,registrar4-0,transcript4-12,read> 4.4460923511317226E-4
<1213,admissions2-0,application0-3,read> 6.257731873207022E-5
<1214,admissions2-0,application0-0,setStatus> 7.226023860752624E-5
<1215,admissions2-1,application0-0,read> 6.155008380309206E-5
<1216,admissions2-1,application0-2,read> 5.910195319110299E-5
<1217,admissions2-1,application0-1,read> 5.95915793135008E-5
<1218,stu5-0,transcript5-0,read> 0.0014927836093031142
<1219,admissions2-0,stu2-18application2-18,read> 1.5261783931927263E-4
<1220,chair2,transcript2-9,read> 0.0011763754111687869
<1221,stu4-15,gradebook4-9,readMyScores> 4.384272574243046E-5
<1222,registrar2-1,transcript0-3,read> 1.1671610498938546E-4
<1223,registrar0-1,roster2-9,read> 1.473291579580102E-4
<1224,fac4-4,roster4-9,read> 0.0013991472979955932
<1225,admissions2-0,stu5-18application5-18,setStatus> 1.3089234471002012E-4
<1226,admissions0-0,stu5-6application5-6,read> 3.577172463225303E-5
<1227,registrar0-1,roster2-8,read> 1.4654007074734463E-4
<1228,registrar0-1,roster2-7,read> 1.4496189632601356E-4
<1229,admissions4-0,stu3-7application3-7,setStatus> 1.6670752485098745E-4
<1230,stu3-8,gradebook3-2,addScore> 1.638432572672676E-4
<1231,registrar4-0,transcript4-18,read> 4.532374378969325E-4
<1232,admissions2-0,stu3-14application3-14,read> 1.1771449145119981E-4
<1233,chair2,transcript2-5,read> 0.0011230944112081119
<1234,registrar2-1,transcript2-19,read> 3.767875807104144E-4
<1235,stu4-16,gradebook4-6,readMyScores> 7.354941656734965E-5
<1236,registrar0-1,transcript3-8,read> 7.11527389570145E-5
<1237,admissions2-1,application0-0,setStatus> 6.994327704896826E-5
<1238,admissions0-0,stu1-6application1-6,setStatus> 3.45224488338609E-5
<1239,registrar0-0,transcript4-14,read> 3.783956076424755E-4
<1240,admissions2-1,application0-2,setStatus> 6.716131044443522E-5
<1241,registrar4-1,roster0-3,write> 1.7530823728676358E-4
<1242,admissions2-1,application0-3,read> 6.0570831558296435E-5
<1243,stu4-16,gradebook4-2,readMyScores> 5.170195935890389E-5
<1244,admissions0-1,stu0-9application0-9,setStatus> 1.4839367933984184E-4
<1245,registrar0-0,transcript0-12,read> 3.440630012439374E-4
<1246,admissions4-0,application4-2,read> 1.4313331839689645E-4
<1247,admissions4-0,stu2-3application2-3,setStatus> 7.399834376079312E-5
<1248,app0-2,application0-2,checkStatus> 7.492836044524568E-4
<1249,stu3-5,transcript3-5,read> 3.925460112451126E-4
<1250,admissions2-1,application0-1,setStatus> 6.771770376534184E-5
<1251,fac5-2,gradebook5-4,readScore> 1.4330133341156735E-4
<1252,registrar2-1,roster5-4,write> 8.870060373873289E-5
<1253,admissions2-1,application0-4,read> 6.008120543589862E-5
<1254,registrar0-0,transcript3-0,read> 7.564444212809256E-5
<1255,admissions4-1,stu4-16application4-16,setStatus> 1.7562575333595395E-4
<1256,admissions2-1,application0-4,setStatus> 6.827409708624844E-5
<1257,admissions2-1,application0-3,setStatus> 6.883049040715506E-5
<1258,admissions4-1,stu4-0application4-0,read> 6.101078546537852E-5
<1259,admissions0-1,stu4-19application4-19,setStatus> 8.597164771812899E-5
<1260,admissions4-1,stu4-14application4-14,setStatus> 1.832182758578907E-4
<1261,chair5,transcript5-16,read> 1.3443585638225807E-4
<1262,admissions2-1,stu2-11application2-11,read> 6.693597114946804E-5
<1263,registrar0-0,transcript2-0,read> 2.431459460724763E-4
<1264,stu0-8,transcript0-8,read> 5.767718416176152E-4
<1265,admissions2-0,stu1-15application1-15,read> 1.4098339002991504E-4
<1266,stu3-9,gradebook3-8,addScore> 1.2307596733765556E-4
<1267,stu4-19,gradebook4-1,readMyScores> 8.32401121585817E-5
<1268,registrar0-0,roster3-4,write> 9.323207144545717E-5
<1269,registrar2-1,transcript4-13,read> 3.8979115449646587E-4
<1270,admissions0-0,stu1-2application1-2,setStatus> 2.1289316228276586E-4
<1271,stu4-19,gradebook4-4,readMyScores> 1.1119086135552733E-4
<1272,registrar0-1,transcript2-4,read> 2.016353845640563E-4
<1273,stu1-8,gradebook1-3,addScore> 3.198007177136177E-4
<1274,stu0-0,gradebook0-6,addScore> 8.987472162104893E-5
<1275,admissions2-1,stu4-7application4-7,setStatus> 4.156721768273122E-5
<1276,stu4-19,gradebook4-8,readMyScores> 4.57084062150764E-5
<1277,registrar4-0,transcript5-8,read> 3.694206108546896E-4
<1278,registrar0-0,transcript3-16,read> 3.627898774613219E-4
<1279,admissions4-1,stu4-11application4-11,setStatus> 2.0716392381169127E-4
<1280,stu0-9,stu0-9application0-9,checkStatus> 0.001357607745865014
<1281,stu4-19,gradebook4-9,readMyScores> 4.4504502734769036E-5
<1282,admissions4-0,stu1-7application1-7,read> 3.1465109773757404E-5
<1283,stu4-17,gradebook4-9,readMyScores> 4.3180948750091886E-5
<1284,admissions0-0,stu0-2application0-2,setStatus> 1.1375104340491553E-5
<1285,admissions2-1,stu0-12application0-12,read> 4.9309430743146675E-5
<1286,admissions0-1,stu0-7application0-7,read> 1.2879519691165513E-4
<1287,registrar4-1,transcript4-17,read> 4.5655000140882646E-4
<1288,admissions4-0,stu4-2application4-2,read> 9.571257226926204E-5
<1289,admissions4-0,stu3-3application3-3,setStatus> 2.1537984492333944E-4
<1290,stu1-4,gradebook1-1,addScore> 1.7763012860129684E-4
<1291,stu4-18,gradebook4-4,readMyScores> 1.1036416350158288E-4
<1292,stu4-18,gradebook4-3,readMyScores> 8.325548682643195E-5
<1293,registrar4-1,transcript2-11,read> 4.16491689849135E-4
<1294,admissions2-1,stu2-12application2-12,read> 5.175756135513575E-5
<1295,registrar2-1,transcript2-16,read> 3.692021626685511E-4
<1296,stu4-18,gradebook4-8,readMyScores> 4.536856676366319E-5
<1297,registrar2-0,transcript0-16,read> 3.459883887397286E-4
<1298,registrar0-0,roster5-1,read> 1.40085331261338E-4
<1299,stu4-18,gradebook4-6,readMyScores> 7.58212132180786E-5
<1300,registrar2-1,roster4-3,read> 1.5003725888401815E-4
<1301,admissions2-1,stu0-2application0-2,read> 8.180836461730168E-6
<1302,admissions0-0,stu3-10application3-10,setStatus> 6.924346557391491E-5
<1303,stu3-1,transcript3-1,read> 3.669590903600428E-4
<1304,registrar2-1,roster4-4,read> 1.1535769984822588E-4
<1305,admissions0-1,application4-0,read> 1.6103753324495722E-4
<1306,stu1-19,transcript1-19,read> 1.673811074564983E-4
<1307,admissions2-1,stu0-6application0-6,setStatus> 6.159737723536914E-5
<1308,fac0-4,gradebook0-9,readScore> 8.1472443490172E-5
<1309,registrar0-0,transcript4-10,read> 3.5238605734055266E-4
<1310,registrar2-0,transcript0-0,read> 1.9279514087367755E-4
<1311,stu1-11,transcript1-11,read> 2.0832018087261E-4
<1312,registrar2-1,roster3-1,write> 9.650725772081599E-5
<1313,registrar2-1,roster4-5,read> 1.1370629227509291E-4
<1314,registrar2-1,transcript0-4,read> 1.1563247384054783E-4
<1315,admissions0-0,stu4-1application4-1,read> 2.173013698002531E-4
<1316,registrar2-1,roster4-1,read> 1.4838585131088519E-4
<1317,registrar0-1,roster0-8,write> 1.5822394160526723E-4
<1318,registrar2-1,roster4-2,read> 1.492115550974517E-4
<1319,registrar0-1,roster0-6,write> 1.4904183588115925E-4
<1320,registrar0-1,roster0-7,write> 1.4846795427340249E-4
<1321,registrar0-1,roster0-4,write> 1.4789407266564575E-4
<1322,registrar0-0,transcript1-2,read> 3.23255361002399E-4
<1323,registrar0-1,roster0-5,write> 1.47320191057889E-4
<1324,registrar0-0,transcript3-8,read> 7.148291407978488E-5
<1325,registrar2-0,transcript1-7,read> 3.3196365478016055E-4
<1326,admissions2-0,stu0-15application0-15,setStatus> 1.354909412670785E-4
<1327,registrar0-1,roster0-2,write> 1.4617242784237548E-4
<1328,registrar0-1,roster0-3,write> 1.45024664626862E-4
<1329,admissions4-0,stu5-3application5-3,read> 1.4823232335685712E-4
<1330,admissions4-1,stu1-7application1-7,read> 3.171532933458252E-5
<1331,stu2-19,gradebook2-9,addScore> 2.7328030298687836E-4
<1332,registrar0-1,roster0-1,write> 1.438769014113485E-4
<1333,stu5-17,gradebook5-7,readMyScores> 3.280822561680872E-5
<1334,admissions2-0,stu0-0application0-0,read> 1.2226710204268757E-4
<1335,admissions0-0,stu3-7application3-7,setStatus> 1.9587305603764132E-4
<1336,registrar2-0,roster4-7,read> 1.1731226215600545E-4
<1337,stu1-5,gradebook1-1,addScore> 1.7917138785163343E-4
<1338,registrar2-0,roster4-9,read> 1.0580367235033601E-4
<1339,registrar2-1,transcript1-3,read> 3.3777685935226017E-4
<1340,registrar2-0,roster4-4,read> 1.148461357690763E-4
<1341,registrar2-0,roster4-5,read> 1.1320205151112352E-4
<1342,admissions0-0,stu4-4application4-4,read> 1.6457988869535535E-4
<1343,registrar2-0,roster4-2,read> 1.4854986305710822E-4
<1344,registrar4-1,roster1-4,write> 1.8155169635583878E-4
<1345,admissions0-1,stu3-10application3-10,setStatus> 6.900913912527222E-5
<1346,stu5-13,gradebook5-3,addScore> 4.7010488923862346E-5
<1347,admissions0-1,stu4-10application4-10,setStatus> 3.983362434555861E-5
<1348,chair2,transcript2-10,read> 0.001963750188365425
<1349,admissions2-1,stu2-6application2-6,read> 1.3695250665235568E-4
<1350,registrar2-0,roster4-1,read> 1.477278209281318E-4
<1351,registrar2-0,transcript3-13,read> 3.794319851048524E-4
<1352,admissions2-0,stu0-18application0-18,read> 1.9814394523415027E-4
<1353,stu2-9,transcript2-9,read> 0.0010168668808408158
<1354,registrar4-0,transcript0-5,read> 1.376917360908415E-4
<1355,admissions2-1,stu0-15application0-15,setStatus> 1.311465423486952E-4
<1356,admissions4-1,stu1-17application1-17,read> 6.152474083609424E-5
<1357,admissions0-0,stu5-15application5-15,read> 4.835298716864908E-5
<1358,admissions2-1,stu4-16application4-16,read> 1.4723465522270977E-4
<1359,admissions2-0,stu2-6application2-6,read> 1.4148923565119145E-4
<1360,registrar0-1,transcript2-1,read> 2.0059980801161943E-4
<1361,fac5-1,gradebook5-2,readScore> 9.898883469109762E-5
<1362,admissions2-1,stu1-15application1-15,read> 1.3646288052995785E-4
<1363,admissions0-1,stu1-3application1-3,setStatus> 1.877466992752695E-4
<1364,admissions2-0,stu4-12application4-12,setStatus> 1.8722515253398488E-4
<1365,registrar2-1,transcript5-0,read> 3.161042363755077E-4
<1366,fac2-3,gradebook2-6,changeScore> 0.0023127194756016782
<1367,stu0-8,gradebook0-1,readMyScores> 3.430123493097093E-5
<1368,stu1-6,gradebook1-2,addScore> 3.9433709020712565E-4
<1369,admissions4-1,stu3-1application3-1,setStatus> 1.8789059740985175E-4
<1370,admissions4-1,stu4-13application4-13,read> 1.8384611906643552E-4
<1371,admissions4-1,stu4-4application4-4,read> 1.4118782329703073E-4
<1372,admissions0-0,stu3-9application3-9,read> 9.807892957440484E-5
<1373,registrar4-0,transcript4-1,read> 2.597191754611658E-4
<1374,admissions2-0,stu1-11application1-11,read> 1.591938323958661E-4
<1375,registrar4-0,transcript4-2,read> 2.609517758588458E-4
<1376,registrar4-0,transcript4-0,read> 2.584865750634857E-4
<1377,admissions0-0,stu3-19application3-19,setStatus> 2.0608511978471603E-4
<1378,admissions0-0,stu5-18application5-18,read> 1.3642182492342136E-4
<1379,admissions2-0,application4-4,setStatus> 1.6423216974869315E-4
<1380,admissions4-0,stu4-13application4-13,setStatus> 2.072677915779475E-4
<1381,registrar4-0,transcript4-8,read> 2.4862577188204535E-4
<1382,registrar4-0,transcript4-7,read> 2.4739317148436533E-4
<1383,admissions0-0,stu4-15application4-15,setStatus> 1.614073408912642E-5
<1384,registrar0-1,transcript4-3,read> 2.1302672664086153E-4
<1385,registrar4-0,transcript4-6,read> 2.572539746658057E-4
<1386,registrar4-0,transcript4-5,read> 2.560213742681256E-4
<1387,admissions0-0,stu2-8application2-8,read> 2.3587370973493296E-4
<1388,registrar4-0,transcript4-4,read> 2.547887738704456E-4
<1389,registrar4-0,transcript4-3,read> 2.5355617347276555E-4
<1390,registrar4-1,transcript1-8,read> 3.8144066723440513E-4
<1391,stu2-2,gradebook2-8,readMyScores> 3.707152173807921E-4
<1392,registrar4-1,transcript4-11,read> 4.2775808997529824E-4
<1393,admissions0-0,stu0-14application0-14,setStatus> 1.5979043079797736E-4
<1394,admissions4-0,stu3-1application3-1,setStatus> 1.864082258326537E-4
<1395,stu4-4,transcript4-4,read> 0.0010578059542569276
<1396,admissions2-1,stu3-10application3-10,setStatus> 5.658983734720965E-5
<1397,stu2-12,gradebook2-7,readMyScores> 1.2282039695298512E-4
<1398,registrar0-0,roster0-7,write> 1.49156900696945E-4
<1399,registrar4-0,roster5-5,read> 1.4436519870789433E-4
<1400,admissions4-0,stu4-13application4-13,read> 1.823956565885938E-4
<1401,registrar0-0,roster0-9,write> 1.601112486946591E-4
<1402,stu3-2,stu3-2application3-2,checkStatus> 6.189284312926232E-4
<1403,admissions0-1,stu3-9application3-9,read> 9.774702118329012E-5
<1404,registrar4-1,transcript4-0,read> 2.6251755479157133E-4
<1405,registrar4-1,transcript4-1,read> 2.6376937702781166E-4
<1406,admissions2-1,stu4-1application4-1,read> 1.7759147481137438E-4
<1407,registrar4-1,transcript4-2,read> 2.65021199264052E-4
<1408,registrar4-0,roster3-8,read> 1.593926414576453E-4
<1409,registrar0-0,roster0-1,write> 1.4454454364527588E-4
<1410,stu2-3,transcript2-3,read> 0.0010015147283097738
<1411,registrar0-0,roster0-2,write> 1.4685072217111045E-4
<1412,fac3-3,gradebook3-7,assignGrade> 1.797223246771585E-4
<1413,registrar0-0,roster0-3,write> 1.4569763290819316E-4
<1414,registrar0-0,roster0-4,write> 1.4858035606548636E-4
<1415,admissions2-1,stu4-19application4-19,setStatus> 7.049967036987489E-5
<1416,chair0,transcript0-10,read> 0.0019223094106182333
<1417,registrar2-1,roster1-6,read> 2.1857067316903632E-4
<1418,admissions0-0,application5-2,read> 2.2688709363750722E-4
<1419,stu3-17,gradebook3-8,addScore> 8.369165778960578E-5
<1420,admissions0-0,application4-4,read> 1.7117007383346758E-4
<1421,registrar4-1,roster1-1,read> 2.56310615104817E-4
<1422,registrar0-0,roster0-5,write> 1.4800381143402773E-4
<1423,registrar0-0,roster0-6,write> 1.497334453284036E-4
<1424,admissions0-1,stu5-18application5-18,read> 1.3596016054127783E-4
<1425,registrar0-1,transcript2-0,read> 2.4202287010909303E-4
<1426,registrar4-1,transcript4-9,read> 2.5500662137412913E-4
<1427,admissions0-1,stu4-1application4-1,setStatus> 2.460977288346968E-4
<1428,registrar2-1,roster2-8,read> 1.533400740302841E-4
<1429,fac4-1,gradebook4-2,readScore> 1.5616945769473853E-4
<1430,registrar4-0,transcript2-9,read> 2.4492797068900523E-4
<1431,fac2-2,gradebook2-4,assignGrade> 8.302652540212584E-4
<1432,registrar4-1,transcript4-8,read> 2.5250297690164843E-4
<1433,fac0-3,gradebook0-7,addScore> 2.0855289402503996E-4
<1434,admissions4-1,stu2-17application2-17,read> 1.0983654568337186E-4
<1435,stu3-3,gradebook3-9,readMyScores> 7.309269203083492E-5
<1436,chair5,transcript5-4,read> 0.0017506261885227258
<1437,admissions0-0,application4-4,setStatus> 1.9451144753803134E-4
<1438,admissions2-1,stu0-0application0-0,read> 1.1834671400123866E-4
<1439,registrar4-1,transcript4-4,read> 2.587620880828502E-4
<1440,stu1-12,stu1-12application1-12,checkStatus> 0.001469340751430586
<1441,registrar4-0,transcript3-4,read> 9.578332256972001E-5
<1442,registrar2-1,transcript2-11,read> 3.605331134778501E-4
<1443,registrar4-1,transcript4-7,read> 2.5125115466540806E-4
<1444,admissions0-1,stu4-15application4-15,setStatus> 1.6086112315559154E-5
<1445,registrar4-1,roster2-8,read> 1.7714008552057204E-4
<1446,registrar2-1,transcript5-3,read> 3.171878675243453E-4
<1447,registrar4-1,transcript4-6,read> 2.6126573255533096E-4
<1448,admissions2-1,stu0-0application0-0,setStatus> 1.3448490227413486E-4
<1449,registrar2-1,roster4-8,read> 1.0875206955569399E-4
<1450,stu1-8,stu1-8application1-8,checkStatus> 0.0015872811461942451
<1451,registrar2-1,roster4-7,read> 1.178348112079253E-4
<1452,admissions0-0,stu4-0application4-0,read> 7.111908128212763E-5
<1453,registrar2-1,transcript3-8,read> 7.445449018471819E-5
<1454,registrar2-1,transcript3-9,read> 7.337085903588058E-5
<1455,stu4-10,gradebook4-1,readMyScores> 7.952679860503902E-5
<1456,admissions0-0,stu0-1application0-1,setStatus> 2.090636383776128E-5
<1457,registrar0-1,transcript2-8,read> 1.9749307835430894E-4
<1458,registrar2-1,transcript3-3,read> 7.987264592890632E-5
<1459,admissions4-0,stu0-11application0-11,read> 1.711778456766802E-4
<1460,admissions2-0,stu1-1application1-1,read> 1.9864979085542668E-4
<1461,registrar2-1,transcript3-4,read> 8.420717052425679E-5
<1462,registrar2-1,transcript3-5,read> 8.312353937541918E-5
<1463,registrar2-1,transcript3-6,read> 8.637443282193203E-5
<1464,fac3-3,gradebook3-7,readScore> 4.6651861962871506E-5
<1465,fac3-3,gradebook3-6,readScore> 1.278441109312185E-4
<1466,fac2-0,gradebook2-1,readScore> 2.2756340638203885E-4
<1467,registrar2-0,transcript0-7,read> 1.2375029676503483E-4
<1468,registrar4-1,roster5-8,read> 1.5043195505841717E-4
<1469,registrar4-1,roster5-9,read> 1.552012640695163E-4
<1470,admissions4-0,stu0-12application0-12,read> 5.135122911760409E-5
<1471,registrar0-0,roster0-9,read> 2.2015296695515626E-4
<1472,admissions4-1,application0-0,read> 6.460847306038857E-5
<1473,stu5-10,gradebook5-3,addScore> 4.660696541378628E-5
<1474,admissions4-1,stu0-8application0-8,setStatus> 1.6920131120200742E-4
<1475,admissions0-0,stu2-17application2-17,setStatus> 1.454935415520727E-4
<1476,registrar0-0,roster2-9,write> 1.0764568723192308E-4
<1477,registrar0-0,roster2-8,write> 1.0706914260046444E-4
<1478,registrar0-0,roster2-7,write> 1.0591605333754717E-4
<1479,registrar0-0,roster2-6,write> 1.0533950870608854E-4
<1480,registrar0-0,roster2-5,write> 7.766536639607394E-5
<1481,registrar2-0,roster5-8,read> 1.2964289409065128E-4
<1482,registrar2-1,transcript3-0,read> 7.87890147800687E-5
<1483,registrar0-0,transcript3-4,read> 8.084635218847713E-5
<1484,registrar0-1,transcript0-15,read> 3.383314894857191E-4
<1485,admissions0-1,stu2-18application2-18,read> 1.8014410292395105E-4
<1486,registrar0-0,roster2-4,write> 7.824191102753261E-5
<1487,admissions4-1,stu1-15application1-15,setStatus> 1.6277686906806093E-4
<1488,admissions2-1,stu4-12application4-12,read> 1.5947530828265517E-4
<1489,registrar0-0,roster2-3,write> 7.53591878702394E-5
<1490,registrar2-1,transcript4-9,read> 2.2074469527779705E-4
<1491,admissions2-0,stu5-19application5-19,read> 3.172073583420872E-5
<1492,registrar2-1,transcript3-2,read> 8.203990822658157E-5
<1493,registrar0-0,roster2-2,write> 7.70888217646153E-5
<1494,stu2-8,gradebook2-1,readScore> 3.4544871198322616E-4
<1495,admissions4-1,stu5-19application5-19,read> 3.222928470529824E-5
<1496,registrar2-1,transcript3-1,read> 7.770538363123107E-5
<1497,registrar0-0,roster2-1,write> 8.343081271066032E-5
<1498,registrar2-0,transcript3-8,read> 7.412431506194781E-5
<1499,registrar2-0,transcript3-9,read> 7.304548937275028E-5
<1500,registrar0-0,transcript0-3,read> 1.1205781255078469E-4
<1501,registrar2-0,transcript3-6,read> 8.59913976431208E-5
<1502,registrar2-0,transcript3-7,read> 8.491257195392326E-5
<1503,registrar2-0,transcript3-4,read> 8.383374626472571E-5
<1504,fac3-4,gradebook3-9,readScore> 4.568865065413889E-5
<1505,registrar2-0,transcript3-5,read> 8.275492057552818E-5
<1506,fac3-4,gradebook3-8,readScore> 2.4960669867075402E-5
<1507,admissions0-1,stu1-18application1-18,read> 1.3357183933140359E-4
<1508,registrar2-0,transcript3-2,read> 8.167609488633063E-5
<1509,stu2-8,transcript2-8,read> 9.759278074247042E-4
<1510,fac5-4,gradebook5-9,changeScore> 4.0102500600436335E-4
<1511,registrar2-0,transcript3-3,read> 7.951844350793554E-5
<1512,registrar0-1,transcript1-7,read> 3.1865553498941913E-4
<1513,admissions4-1,stu0-11application0-11,read> 1.725391009106896E-4
<1514,chair4,transcript4-3,read> 0.0012178161889159784
<1515,registrar0-0,roster3-7,write> 9.726788386566762E-5
<1516,fac2-1,gradebook2-3,readScore> 2.3205566860124577E-4
<1517,fac2-1,gradebook2-2,readScore> 5.714663961172301E-4
<1518,registrar2-0,transcript3-1,read> 7.736079212954046E-5
<1519,registrar2-0,transcript3-0,read> 7.8439617818738E-5
<1520,stu4-10,gradebook4-7,readMyScores> 9.22112906075112E-5
<1521,registrar4-0,transcript3-15,read> 4.3105063073869184E-4
<1522,stu4-10,gradebook4-2,readMyScores> 5.130271642949151E-5
<1523,registrar0-1,roster4-3,read> 1.4338372190468248E-4
<1524,admissions2-1,stu3-4application3-4,read> 4.833017849835104E-5
<1525,admissions4-0,stu0-19application0-19,read> 1.0081157722922275E-4
<1526,fac3-1,gradebook3-3,readScore> 1.3557272217139293E-4
<1527,fac3-1,gradebook3-2,readScore> 3.42172408625367E-5
<1528,registrar4-0,roster5-4,read> 1.387299076767377E-4
<1529,registrar4-0,roster5-3,read> 1.3966912284859716E-4
<1530,stu4-6,gradebook4-6,readMyScores> 1.5306229934286279E-4
<1531,stu4-12,gradebook4-2,readMyScores> 5.050423057066673E-5
<1532,registrar2-0,roster5-1,read> 1.4526169454120264E-4
<1533,admissions2-0,stu0-3application0-3,read> 7.927022423419201E-5
<1534,registrar4-0,roster5-2,read> 1.669063628325208E-4
<1535,stu4-18,stu4-18application4-18,checkStatus> 1.2233729544563758E-4
<1536,registrar4-0,roster5-1,read> 1.6596714766066136E-4
<1537,admissions2-0,stu2-10application2-10,read> 1.22772947663964E-4
<1538,registrar4-1,roster5-1,read> 1.6855532930059374E-4
<1539,admissions2-1,stu1-1application1-1,read> 1.922802584833088E-4
<1540,admissions2-1,stu2-3application2-3,read> 6.25293360478877E-5
<1541,stu5-15,stu5-15application5-15,checkStatus> 5.00988036528964E-4
<1542,admissions2-1,stu4-13application4-13,read> 1.751433441993853E-4
<1543,admissions4-1,stu0-19application0-19,read> 1.0161325975192035E-4
<1544,admissions2-1,stu3-12application3-12,read> 6.889447563905932E-5
<1545,admissions4-1,stu1-13application1-13,read> 1.237133406926963E-4
<1546,registrar4-0,roster5-8,read> 1.481220593953321E-4
<1547,admissions4-0,application5-3,setStatus> 2.205947363596629E-4
<1548,registrar2-0,roster3-7,read> 1.3868535750939152E-4
<1549,fac3-2,gradebook3-5,readScore> 2.889357797607867E-5
<1550,fac3-2,gradebook3-4,readScore> 4.226661764730146E-5
<1551,registrar4-1,roster5-5,read> 1.4661650784953792E-4
<1552,registrar2-1,roster4-7,write> 8.569804451485478E-5
<1553,app2-3,application2-3,checkStatus> 7.058318800658457E-4
<1554,registrar0-1,roster5-4,read> 1.1655475674205449E-4
<1555,registrar0-1,roster2-7,write> 1.0542683369164624E-4
<1556,registrar0-1,transcript5-1,read> 2.989795804931192E-4
<1557,admissions2-0,stu0-13application0-13,setStatus> 1.8952445081251405E-4
<1558,registrar0-0,transcript2-10,read> 3.451033832560142E-4
<1559,registrar4-1,roster5-4,read> 1.40893337036219E-4
<1560,registrar4-1,roster5-7,read> 1.523396786628568E-4
<1561,admissions4-0,application2-0,setStatus> 5.951253421545026E-5
<1562,registrar0-1,roster2-9,write> 1.071484785149165E-4
<1563,registrar4-1,roster5-6,read> 1.447087842450983E-4
<1564,stu4-0,stu4-0application4-0,checkStatus> 7.368688260562823E-4
<1565,registrar0-1,roster2-8,write> 1.0657459690715974E-4
<1566,admissions2-1,application5-4,setStatus> 2.1349275384287326E-4
<1567,admissions0-0,stu0-11application0-11,read> 2.0112546082488668E-4
<1568,registrar4-1,transcript5-2,read> 3.676706226357612E-4
<1569,admissions0-1,stu0-8application0-8,setStatus> 1.96567203743555E-4
<1570,registrar4-1,roster5-3,read> 1.4184719883843884E-4
<1571,registrar2-0,roster5-6,write> 9.069864823039486E-5
<1572,chair1,transcript1-2,read> 0.0018394278551238507
<1573,chair4,transcript4-13,read> 0.0021295132993541903
<1574,registrar0-1,roster2-1,write> 8.304545098913302E-5
<1575,admissions4-0,stu5-19application5-19,read> 3.197501026975348E-5
<1576,registrar4-0,roster2-2,write> 9.133156019687677E-5
<1577,registrar0-1,roster2-3,write> 7.501110848053853E-5
<1578,registrar0-1,roster2-2,write> 7.673275330380875E-5
<1579,registrar0-1,roster2-5,write> 7.730663491156551E-5
<1580,registrar0-1,roster2-4,write> 7.788051651932227E-5
<1581,admissions4-0,stu1-13application1-13,read> 1.2273729855705371E-4
<1582,fac1-0,gradebook1-1,readScore> 4.130980385441735E-5
<1583,stu5-14,gradebook5-2,addScore> 1.4125444132174846E-4
<1584,admissions2-0,stu2-3application2-3,read> 6.46007012171759E-5
<1585,stu4-13,gradebook4-9,readMyScores> 4.152650626924545E-5
<1586,registrar2-1,transcript0-16,read> 3.475295396917987E-4
<1587,admissions0-0,application4-3,read> 1.7176918157329595E-4
<1588,stu4-13,gradebook4-6,readMyScores> 7.12776199166207E-5
<1589,admissions4-0,stu4-17application4-17,setStatus> 1.0065223332422398E-4
<1590,stu4-13,gradebook4-8,readMyScores> 4.264985115235753E-5
<1591,admissions4-1,stu2-4application2-4,setStatus> 3.7208227359106775E-5
<1592,admissions0-0,stu2-14application2-14,setStatus> 7.400909532254978E-5
<1593,fac0-4,gradebook0-8,readScore> 1.4472731850072858E-5
<1594,admissions0-1,stu2-6application2-6,setStatus> 1.8978220030641232E-4
<1595,stu4-15,gradebook4-2,readMyScores> 5.289968814714105E-5
<1596,admissions2-0,stu3-4application3-4,read> 4.993117820015977E-5
<1597,admissions4-1,stu4-17application4-17,setStatus> 1.0145264869857168E-4
<1598,admissions0-0,stu0-12application0-12,setStatus> 6.856266132410993E-5
<1599,registrar2-1,transcript4-6,read> 2.2616285102198516E-4
<1600,admissions2-1,stu2-10application2-10,read> 1.1883634012363648E-4
<1601,fac1-2,gradebook1-4,readScore> 4.9841878851257474E-5
<1602,admissions0-0,stu2-6application2-6,setStatus> 1.9042662203920147E-4
<1603,stu0-4,transcript0-4,read> 5.460675365555315E-4
<1604,stu4-12,gradebook4-1,readMyScores> 7.828902742052479E-5
<1605,stu4-11,gradebook4-6,readMyScores> 7.241351824198517E-5
<1606,registrar0-0,transcript1-3,read> 3.2429574301447595E-4
<1607,stu4-11,gradebook4-7,readMyScores> 9.149369301523484E-5
<1608,registrar0-1,transcript5-4,read> 3.0622861636017706E-4
<1609,registrar4-1,transcript0-16,read> 4.014698230142507E-4
<1610,admissions2-0,stu4-5application4-5,setStatus> 8.893015112686272E-5
<1611,stu5-0,gradebook5-6,addScore> 1.729725197525435E-4
<1612,registrar2-1,roster0-1,read> 2.0701082015710554E-4
<1613,stu5-12,gradebook5-6,addScore> 7.727183592683718E-5
<1614,fac1-1,gradebook1-3,readScore> 7.030885111272696E-5
<1615,stu2-2,transcript2-2,read> 9.86162575778732E-4
<1616,fac1-1,gradebook1-2,readScore> 9.076258242787729E-5
<1617,registrar2-0,transcript4-16,read> 3.945355447536181E-4
<1618,admissions0-1,stu3-19application3-19,setStatus> 2.0538770821184054E-4
<1619,stu4-13,gradebook4-3,readMyScores> 7.826639398290045E-5
<1620,admissions2-1,stu5-19application5-19,read> 3.070363809202969E-5
<1621,stu4-12,gradebook4-8,readMyScores> 4.2989690603770735E-5
<1622,registrar4-0,roster1-1,read> 2.5237494347172954E-4
<1623,admissions4-1,stu0-12application0-12,read> 5.175958879249557E-5
<1624,stu1-15,gradebook1-5,readMyScores> 2.993436721618514E-5
<1625,admissions0-1,stu2-14application2-14,setStatus> 7.375864153127212E-5
<1626,admissions2-0,stu2-0application2-0,setStatus> 1.1479725676031591E-4
<1627,admissions4-0,stu2-4application2-4,setStatus> 3.6914671324715394E-5
<1628,admissions4-1,stu5-0application5-0,setStatus> 1.4233546227823118E-4
<1629,admissions4-0,stu1-2application1-2,read> 1.5945013426877066E-4
<1630,registrar4-0,roster4-2,write> 1.234356424349812E-4
<1631,registrar4-0,roster4-1,write> 1.2275257685544704E-4
<1632,registrar4-0,roster4-3,write> 1.241187080145153E-4
<1633,stu1-5,gradebook1-5,readMyScores> 6.355927285628351E-5
<1634,registrar0-0,transcript3-17,read> 3.607091134371681E-4
<1635,admissions2-1,stu0-8application0-8,setStatus> 1.6119178167765206E-4
<1636,admissions4-1,stu5-15application5-15,setStatus> 4.7136910657024084E-5
<1637,admissions0-0,stu5-19application5-19,setStatus> 4.2692099831520665E-5
<1638,registrar4-0,roster4-6,write> 9.952834715128642E-5
<1639,registrar4-0,roster4-5,write> 9.406382251501334E-5
<1640,registrar4-1,roster1-5,read> 2.5440289150037735E-4
<1641,registrar4-0,roster4-7,write> 9.747915041268402E-5
<1642,registrar0-0,transcript4-18,read> 3.8255713569078327E-4
<1643,fac3-3,gradebook3-6,addScore> 3.470054439561646E-4
<1644,registrar4-0,roster4-9,write> 8.79162322992061E-5
<1645,fac3-3,gradebook3-7,addScore> 1.2662648247065126E-4
<1646,admissions4-0,stu0-15application0-15,setStatus> 1.365770409966743E-4
<1647,fac1-4,gradebook1-8,readScore> 8.245862987629789E-5
<1648,fac0-1,gradebook0-2,readScore> 1.2360740908452813E-5
<1649,fac0-1,gradebook0-3,readScore> 2.8641570890905064E-5
<1650,fac4-1,gradebook4-2,addScore> 4.238885280285761E-4
<1651,registrar4-1,roster1-9,write> 1.89876308447939E-4
<1652,registrar4-0,transcript1-17,read> 4.154890507179812E-5
<1653,registrar2-0,roster4-6,write> 8.711155530395245E-5
<1654,admissions4-0,stu3-6application3-6,setStatus> 2.1711814206878065E-4
<1655,registrar2-0,roster4-5,write> 8.232876473536256E-5
<1656,registrar2-0,roster4-8,write> 7.874167180892012E-5
<1657,registrar2-0,roster4-7,write> 8.531800884073123E-5
<1658,admissions2-0,stu3-7application3-7,setStatus> 1.6538181888795772E-4
<1659,admissions4-1,stu1-6application1-6,read> 2.6061820256709608E-5
<1660,registrar2-0,roster4-9,write> 7.694812534569892E-5
<1661,admissions0-0,stu0-18application0-18,setStatus> 2.666766980173593E-4
<1662,fac3-2,gradebook3-5,addScore> 7.842542593507068E-5
<1663,admissions0-0,stu2-4application2-4,setStatus> 4.337290408132565E-5
<1664,admissions2-1,stu0-4application0-4,read> 1.2422222747001245E-4
<1665,registrar2-0,roster1-4,read> 2.151352755041957E-4
<1666,registrar2-0,roster4-2,write> 1.0803626404153325E-4
<1667,registrar2-0,roster4-4,write> 8.352446237751004E-5
<1668,fac3-2,gradebook3-4,addScore> 1.1472367647124682E-4
<1669,admissions0-1,stu2-12application2-12,setStatus> 7.172314050012932E-5
<1670,registrar0-1,transcript0-16,read> 3.32118030171098E-4
<1671,registrar2-0,roster4-3,write> 1.0863411286260697E-4
<1672,admissions4-1,stu0-15application0-15,setStatus> 1.376631407262701E-4
<1673,fac1-3,gradebook1-7,readScore> 6.768923561529544E-5
<1674,admissions0-0,stu1-5application1-5,setStatus> 1.461743458018777E-4
<1675,fac1-3,gradebook1-6,readScore> 2.2213316806134645E-4
<1676,admissions0-1,application4-1,read> 1.6879957717704847E-4
<1677,admissions2-0,application5-4,setStatus> 2.2056497757265788E-4
<1678,fac3-0,gradebook3-1,changeScore> 4.911992734381991E-4
<1679,fac2-4,gradebook2-9,addScore> 2.3774540290808928E-4
<1680,admissions0-1,stu4-8application4-8,read> 9.894118178822724E-5
<1681,admissions0-1,stu3-6application3-6,setStatus> 2.5423973295926795E-4
<1682,admissions0-0,stu5-2application5-2,setStatus> 1.938306432882264E-4
<1683,stu4-12,gradebook4-3,addScore> 1.0211581608940967E-4
<1684,fac0-0,gradebook0-1,readScore> 1.3045513756049406E-5
<1685,admissions4-0,stu1-6application1-6,read> 2.5856204317800656E-5
<1686,registrar0-1,transcript4-10,read> 3.5075840811496116E-4
<1687,admissions4-1,stu2-18application2-18,setStatus> 1.7620979352994906E-4
<1688,fac3-1,gradebook3-2,addScore> 9.287536805545677E-5
<1689,registrar4-1,transcript0-5,read> 1.3983897564001643E-4
<1690,chair3,transcript3-3,read> 4.3636152282608176E-4
<1691,registrar4-1,transcript1-9,read> 3.8269248947064545E-4
<1692,registrar4-1,roster0-7,write> 1.7947054333281368E-4
<1693,admissions0-0,application4-2,setStatus> 1.9110742628900644E-4
<1694,admissions0-0,stu5-0application5-0,setStatus> 1.6591766904622214E-4
<1695,admissions0-0,application4-0,setStatus> 1.8361857954115164E-4
<1696,admissions4-0,stu5-16application5-16,read> 1.3293530847697507E-4
<1697,admissions0-0,application4-1,setStatus> 1.9246903478861642E-4
<1698,registrar4-0,transcript0-14,read> 4.039334219897308E-4
<1699,admissions0-1,stu2-4application2-4,setStatus> 4.3226126064129956E-5
<1700,stu1-5,gradebook1-9,readMyScores> 6.844004004267603E-5
<1701,registrar4-1,transcript2-13,read> 4.1899533432161577E-4
<1702,admissions2-0,stu0-4application0-4,read> 1.283372494980046E-4
<1703,fac0-3,gradebook0-7,readScore> 7.683527674606735E-5
<1704,admissions0-0,stu2-9application2-9,setStatus> 2.42848549274185E-4
<1705,fac0-3,gradebook0-6,readScore> 1.5355359822536537E-5
<1706,registrar0-1,roster1-3,write> 1.5076348070442952E-4
<1707,registrar4-1,roster4-7,write> 9.899929310917812E-5
<1708,registrar4-1,roster4-3,read> 1.733246383116928E-4
<1709,registrar4-1,roster4-6,write> 1.0108044613220318E-4
<1710,registrar2-1,roster5-2,write> 1.067159590820016E-4
<1711,chair3,transcript3-7,read> 4.6596207835978995E-4
<1712,registrar4-1,roster4-5,write> 9.55307047374697E-5
<1713,admissions0-1,stu1-15application1-15,read> 1.6641125596717426E-4
<1714,registrar4-0,transcript2-10,read> 4.08863823580451E-4
<1715,registrar2-1,transcript1-5,read> 3.356095970545848E-4
<1716,registrar4-1,roster4-4,write> 9.691814008615307E-5
<1717,registrar4-1,transcript1-7,read> 3.851961339431262E-4
<1718,stu2-2,stu2-2application2-2,checkStatus> 3.333885281806064E-4
<1719,registrar4-1,transcript0-0,read> 2.237110654681203E-4
<1720,registrar4-1,roster4-3,write> 1.2605428240850385E-4
<1721,registrar4-1,roster4-2,write> 1.253605647341622E-4
<1722,admissions4-1,stu3-2application3-2,setStatus> 5.8233674342931656E-5
<1723,registrar4-0,roster3-9,read> 1.6033185662950476E-4
<1724,registrar4-1,roster4-1,write> 1.2466684705982048E-4
<1725,admissions0-1,application4-3,setStatus> 1.9453170271241217E-4
<1726,admissions4-1,application5-0,read> 1.9309731573931838E-4
<1727,admissions2-0,stu4-3application4-3,read> 1.9763809961287392E-4
<1728,admissions0-1,application4-4,setStatus> 1.9385320236869793E-4
<1729,registrar2-0,transcript1-3,read> 3.3627895753695085E-4
<1730,admissions2-0,stu1-2application1-2,read> 1.5818214115331328E-4
<1731,admissions0-1,application4-0,setStatus> 1.829971968692696E-4
<1732,registrar4-1,roster4-9,write> 8.928724566839451E-5
<1733,admissions0-1,application4-1,setStatus> 1.918177013375551E-4
<1734,registrar4-1,roster4-8,write> 9.136839869141958E-5
<1735,stu2-13,gradebook2-5,readMyScores> 1.204891090727153E-4
<1736,admissions0-1,application4-2,setStatus> 1.9046070065012656E-4
<1737,admissions4-0,stu2-4application2-4,read> 3.248491076574954E-5
<1738,admissions0-0,stu0-13application0-13,setStatus> 2.244668345294505E-4
<1739,fac0-2,gradebook0-4,readScore> 2.808674385876883E-5
<1740,fac0-2,gradebook0-5,readScore> 2.90925812200135E-5
<1741,registrar0-1,transcript2-3,read> 2.026709611164931E-4
<1742,admissions2-0,stu0-19application0-19,setStatus> 1.1364760762105132E-4
<1743,admissions0-0,stu1-12application1-12,setStatus> 1.611520392975873E-4
<1744,admissions4-1,stu1-8application1-8,setStatus> 1.4934394460617282E-4
<1745,registrar4-1,roster1-8,write> 1.8918259077359728E-4
<1746,registrar4-0,transcript0-1,read> 2.1164775995164404E-4
<1747,registrar2-0,transcript2-18,read> 3.7295903096966717E-4
<1748,admissions4-0,application0-0,setStatus> 7.283947899716569E-5
<1749,admissions4-0,stu3-9application3-9,setStatus> 9.485790950608683E-5
<1750,admissions4-1,stu2-4application2-4,read> 3.2743240076013954E-5
<1751,admissions4-0,application0-4,setStatus> 7.110118185172455E-5
<1752,fac2-4,gradebook2-9,readScore> 8.759041159771708E-5
<1753,admissions4-0,application0-2,setStatus> 6.994231708809713E-5
<1754,fac2-4,gradebook2-8,readScore> 1.5313420318098395E-4
<1755,admissions4-0,application0-3,setStatus> 7.168061423353828E-5
<1756,registrar4-1,roster2-3,write> 9.067468101707789E-5
<1757,admissions4-0,stu2-5application2-5,read> 1.380343134369358E-4
<1758,admissions4-0,stu1-11application1-11,setStatus> 1.8235219915995775E-4
<1759,registrar2-0,roster3-6,read> 1.3786331538041512E-4
<1760,admissions2-1,stu0-19application0-19,setStatus> 1.1000359615424408E-4
<1761,admissions0-1,stu1-12application1-12,setStatus> 1.6060668552669868E-4
<1762,admissions0-0,stu2-5application2-5,setStatus> 1.8429938379095666E-4
<1763,admissions2-0,stu4-4application4-4,read> 1.3896000754480935E-4
<1764,registrar0-1,transcript0-11,read> 3.352247598284086E-4
<1765,admissions2-0,stu1-0application1-0,setStatus> 2.119426090281735E-4
<1766,fac3-0,gradebook3-1,readScore> 1.2629838868318362E-4
<1767,admissions2-1,stu2-16application2-16,read> 1.002305474725195E-4
<1768,registrar2-0,transcript4-15,read> 3.9022024199682795E-4
<1769,admissions2-0,stu3-5application3-5,setStatus> 1.251440990136972E-4
<1770,admissions2-1,application4-2,read> 1.374421327747535E-4
<1771,registrar4-1,roster3-7,write> 1.1703595264206195E-4
<1772,admissions4-1,application0-0,setStatus> 7.341871938680519E-5
<1773,admissions4-1,application0-1,setStatus> 7.108255861082464E-5
<1774,registrar2-0,transcript2-12,read> 3.600131226992967E-4
<1775,admissions4-1,application0-3,setStatus> 7.225063899881492E-5
<1776,admissions0-1,stu2-6application2-6,read> 1.670083362696428E-4
<1777,admissions2-0,stu2-8application2-8,setStatus> 2.2631322326898084E-4
<1778,admissions2-1,stu4-4application4-4,read> 1.3450437604036657E-4
<1779,admissions4-0,stu0-4application0-4,read> 1.293660050050026E-4
<1780,admissions2-0,stu0-10application0-10,read> 1.9713225399159746E-4
<1781,registrar0-0,transcript0-1,read> 1.7864226132370737E-4
<1782,admissions0-0,stu3-18application3-18,setStatus> 2.149355750321808E-4
<1783,registrar0-1,roster0-6,read> 2.0493252433659395E-4
<1784,admissions0-0,stu0-17application0-17,read> 2.232924471985369E-4
<1785,admissions0-1,stu0-18application0-18,setStatus> 2.6577423880241055E-4
<1786,admissions2-1,stu3-7application3-7,setStatus> 1.6007899503583888E-4
<1787,admissions0-0,application0-4,read> 7.351551224144116E-5
<1788,admissions0-1,application5-2,setStatus> 2.569537343341251E-4
<1789,fac2-2,gradebook2-5,readScore> 2.961695328322605E-4
<1790,registrar2-1,transcript0-17,read> 3.4644590854296105E-4
<1791,admissions2-1,stu1-0application1-0,setStatus> 2.0514685402927413E-4
<1792,admissions4-1,stu4-15application4-15,read> 1.218502524738518E-5
<1793,registrar2-1,transcript1-9,read> 3.312750724592344E-4
<1794,admissions0-0,stu4-8application4-8,read> 9.927714505406164E-5
<1795,fac3-4,gradebook3-8,addScore> 6.775038963920467E-5
<1796,admissions2-0,stu0-11application0-11,setStatus> 1.929733982303078E-4
<1797,registrar2-0,roster3-3,read> 1.3539718899348595E-4
<1798,admissions0-1,stu3-18application3-18,setStatus> 2.1420821268012605E-4
<1799,admissions0-1,stu0-17application0-17,read> 2.225368043992187E-4
<1800,admissions0-1,stu0-1application0-1,setStatus> 2.0835614721559046E-5
<1801,fac2-3,gradebook2-7,readScore> 2.2066246997738342E-4
<1802,admissions4-0,stu4-15application4-15,read> 1.2088890925906797E-5
<1803,admissions4-1,application3-4,read> 1.2731102828770629E-4
<1804,admissions2-0,stu5-8application5-8,read> 1.9359133464266255E-4
<1805,admissions0-0,application3-0,read> 1.4720576424033226E-4
<1806,stu3-4,transcript3-4,read> 3.976633954221265E-4
<1807,stu2-14,stu2-14application2-14,checkStatus> 6.747949340754091E-4
<1808,admissions4-1,application3-2,read> 1.2833893902913776E-4
<1809,admissions4-1,application3-3,read> 1.2782498365842206E-4
<1810,admissions0-1,stu3-0application3-0,setStatus> 1.0157715562355719E-4
<1811,registrar0-0,transcript3-13,read> 3.659110234975526E-4
<1812,admissions0-0,stu0-4application0-4,read> 1.5199862615895932E-4
<1813,admissions2-1,stu4-2application4-2,setStatus> 1.0443966294517797E-4
<1814,fac1-4,gradebook1-9,addScore> 3.1649777261123335E-4
<1815,admissions0-1,stu3-3application3-3,read> 2.2193972409675008E-4
<1816,admissions4-0,application3-1,read> 1.2477690054103798E-4
<1817,admissions4-0,application3-2,read> 1.2732640302101834E-4
<1818,admissions4-0,application3-3,read> 1.2681650252502227E-4
<1819,admissions4-0,application3-4,read> 1.2630660202902618E-4
<1820,admissions4-1,stu3-2application3-2,read> 5.124563342177985E-5
<1821,admissions0-0,stu4-6application4-6,read> 7.051997354229925E-5
<1822,admissions2-0,stu0-2application0-2,setStatus> 9.604360517606236E-6
<1823,registrar4-1,roster2-4,read> 1.2944699540958117E-4
<1824,admissions4-0,application3-0,read> 1.2528680103703407E-4
<1825,admissions4-0,stu1-0application1-0,read> 1.8800456204455052E-4
<1826,registrar2-0,transcript4-7,read> 2.1652930603602345E-4
<1827,admissions4-0,stu3-2application3-2,read> 5.084132862160802E-5
<1828,admissions4-1,stu1-0application1-0,read> 1.8949962814430833E-4
<1829,admissions4-1,stu1-19application1-19,setStatus> 5.180923220898517E-5
<1830,fac1-2,gradebook1-4,addScore> 1.3528509973912743E-4
<1831,fac1-2,gradebook1-5,addScore> 5.94541821105751E-4
<1832,chair5,transcript5-17,read> 1.2851574527551643E-4
<1833,registrar2-1,transcript2-17,read> 3.7245305611506395E-4
<1834,stu0-13,gradebook0-1,readMyScores> 2.4333354694620404E-5
<1835,chair5,transcript5-18,read> 1.225956341687748E-4
<1836,fac4-3,gradebook4-6,addScore> 2.4043100592418152E-4
<1837,chair5,transcript5-15,read> 1.4627607859574136E-4
<1838,admissions2-0,stu5-16application5-16,read> 1.3187816884693948E-4
<1839,registrar4-0,transcript3-16,read> 4.298180303410118E-4
<1840,chair5,transcript5-19,read> 1.1075541195529153E-4
<1841,chair5,transcript5-10,read> 1.8771685634293283E-4
<1842,chair5,transcript5-14,read> 1.52196189702483E-4
<1843,admissions4-0,stu0-14application0-14,setStatus> 1.359976086148606E-4
<1844,chair5,transcript5-11,read> 1.640364119159663E-4
<1845,chair5,transcript5-12,read> 1.7587663412944955E-4
<1846,registrar2-1,transcript4-19,read> 3.9737657253832926E-4
<1847,admissions4-1,stu5-16application5-16,read> 1.3399244810701069E-4
<1848,fac1-3,gradebook1-7,addScore> 1.8372792524151623E-4
<1849,admissions2-1,stu3-18application3-18,read> 1.5457904705867704E-4
<1850,admissions4-1,stu0-14application0-14,setStatus> 1.3707910053227496E-4
<1851,stu5-12,gradebook5-1,readMyScores> 3.2715787660763796E-5
<1852,admissions0-1,stu0-17application0-17,setStatus> 2.528827322718394E-4
<1853,admissions0-1,stu0-3application0-3,read> 9.356745906601022E-5
<1854,stu5-11,gradebook5-8,readMyScores> 3.3223638629932076E-5
<1855,registrar4-0,roster1-5,write> 1.8217928227491688E-4
<1856,stu5-11,gradebook5-2,readMyScores> 2.150021361024984E-5
<1857,registrar0-1,transcript2-19,read> 3.600785970868927E-4
<1858,admissions4-1,stu0-3application0-3,setStatus> 9.152396540065438E-5
<1859,admissions2-0,stu5-15application5-15,read> 4.082595701718425E-5
<1860,stu5-13,gradebook5-2,readMyScores> 2.1137340806701322E-5
<1861,registrar2-1,roster5-8,write> 9.470572218648914E-5
<1862,admissions0-1,stu0-4application0-4,read> 1.5148424840546033E-4
<1863,stu5-13,gradebook5-1,readMyScores> 3.18944708157237E-5
<1864,stu5-5,stu5-5application5-5,checkStatus> 0.0010906900103472594
<1865,admissions0-0,stu0-17application0-17,setStatus> 2.5374141727106463E-4
<1866,registrar0-0,transcript5-1,read> 3.003669567367068E-4
<1867,admissions0-0,stu0-19application0-19,setStatus> 1.3460067355519303E-4
<1868,admissions4-1,stu4-16application4-16,read> 1.5455066293563945E-4
<1869,admissions4-0,stu3-11application3-11,read> 1.2579670153303014E-4
<1870,stu5-12,gradebook5-8,readMyScores> 3.350400688841251E-5
<1871,fac1-1,gradebook1-3,assignGrade> 3.343067831351625E-4
<1872,registrar2-0,roster1-1,read> 2.2088957040703036E-4
<1873,registrar2-1,roster3-3,write> 9.890930509991849E-5
<1874,admissions2-1,stu4-3application4-3,read> 1.913010062385132E-4
<1875,registrar2-1,roster3-4,write> 9.710776956559163E-5
<1876,registrar2-1,roster3-5,write> 1.0011032878946975E-4
<1877,admissions2-1,stu4-0application4-0,read> 5.8122700946307355E-5
<1878,stu5-12,gradebook5-7,readMyScores> 3.226817252023573E-5
<1879,registrar2-1,roster3-6,write> 1.0071084063424536E-4
<1880,stu5-12,gradebook5-3,readMyScores> 5.96011627488989E-5
<1881,registrar0-1,transcript4-13,read> 3.7250551571613475E-4
<1882,admissions0-0,application5-3,setStatus> 2.5918785126950456E-4
<1883,admissions4-0,stu0-4application0-4,setStatus> 1.4700682386932113E-4
<1884,registrar0-1,roster1-4,write> 1.5018959909667275E-4
<1885,admissions4-1,stu0-14application0-14,read> 1.2062960846840197E-4
<1886,stu0-6,transcript0-6,read> 5.614196890865734E-4
<1887,registrar2-1,roster3-7,write> 1.01311352479021E-4
<1888,stu3-2,gradebook3-5,readScore> 5.5049869617581464E-5
<1889,registrar2-0,transcript4-11,read> 3.6864372821287703E-4
<1890,chair1,transcript1-7,read> 0.0018216675218036258
<1891,registrar2-1,roster3-8,write> 1.0191186432379662E-4
<1892,registrar2-1,roster3-9,write> 1.0251237616857225E-4
<1893,admissions0-1,stu1-8application1-8,read> 1.5267840901039744E-4
<1894,registrar4-0,roster2-6,read> 1.71602438691818E-4
<1895,admissions4-0,stu4-7application4-7,read> 3.809381622170631E-5
<1896,registrar0-1,transcript4-4,read> 2.1406230319329835E-4
<1897,admissions0-0,stu3-17application3-17,setStatus> 1.931498390384214E-4
<1898,registrar2-0,roster3-1,write> 9.60792876200585E-5
<1899,registrar2-0,roster1-5,read> 2.1924548614907758E-4
<1900,admissions2-0,stu3-7application3-7,read> 1.455360006214028E-4
<1901,registrar2-0,roster3-4,write> 9.667713644113225E-5
<1902,registrar2-0,roster3-2,write> 9.488358997791103E-5
<1903,admissions2-1,stu0-13application0-13,read> 1.6143381277224642E-4
<1904,registrar2-0,transcript5-0,read> 3.147024437529999E-4
<1905,registrar2-0,roster3-3,write> 9.847068290435344E-5
<1906,admissions4-0,stu1-12application1-12,read> 1.2069769657306943E-4
<1907,stu2-10,gradebook2-4,readScore> 1.2813949540368795E-4
<1908,registrar2-0,transcript3-15,read> 3.772743337264574E-4
<1909,stu4-6,gradebook4-9,readMyScores> 8.917444971762272E-5
<1910,registrar2-0,roster3-8,write> 1.0145992700972212E-4
<1911,registrar2-0,roster3-9,write> 1.0205777583079586E-4
<1912,registrar2-0,roster3-6,write> 1.0026422936757464E-4
<1913,registrar2-0,roster3-7,write> 1.008620781886484E-4
<1914,registrar4-1,roster0-4,write> 1.78776825658472E-4
<1915,admissions4-0,stu0-14application0-14,read> 1.1967789558107732E-4
<1916,admissions0-1,stu5-19application5-19,setStatus> 4.2547625720415685E-5
<1917,admissions2-0,stu0-17application0-17,setStatus> 2.142419073067027E-4
<1918,fac2-4,gradebook2-9,assignGrade> 8.109421967140079E-4
<1919,admissions4-0,stu5-8application5-8,setStatus> 2.2175360112329035E-4
<1920,admissions4-0,stu5-18application5-18,setStatus> 1.3194158194216457E-4
<1921,registrar0-0,transcript2-8,read> 1.9840951955316883E-4
<1922,admissions4-0,application3-2,setStatus> 1.446890943420663E-4
<1923,admissions0-0,stu2-14application2-14,read> 6.51280038838438E-5
<1924,admissions0-1,stu0-6application0-6,read> 6.610176515245658E-5
<1925,admissions4-1,stu4-7application4-7,read> 3.839674915388687E-5
<1926,admissions0-1,stu5-16application5-16,setStatus> 1.7689069377584116E-4
<1927,stu5-10,gradebook5-2,readMyScores> 2.0955904404927063E-5
<1928,stu5-10,gradebook5-6,readMyScores> 1.9863066431263806E-5
<1929,stu4-9,gradebook4-7,readMyScores> 2.0128612463351663E-4
<1930,admissions2-0,stu0-13application0-13,read> 1.6678151671501235E-4
<1931,stu5-10,gradebook5-5,readMyScores> 2.9364151226052838E-5
<1932,admissions0-0,stu0-3application0-3,read> 9.388517539560617E-5
<1933,admissions4-1,stu5-18application5-18,setStatus> 1.3299081917430905E-4
<1934,registrar4-0,roster0-2,write> 1.7398249532050725E-4
<1935,admissions2-1,stu0-10application0-10,read> 1.9081138011611538E-4
<1936,admissions2-0,stu4-7application4-7,read> 3.7790883289525746E-5
<1937,admissions0-1,application0-2,setStatus> 8.190064565584336E-5
<1938,admissions4-1,stu5-12application5-12,setStatus> 1.0086860850457656E-4
<1939,admissions4-0,stu5-1application5-1,setStatus> 3.517637417927425E-5
<1940,admissions2-1,stu2-4application2-4,setStatus> 3.5446891152758526E-5
<1941,registrar0-0,transcript2-5,read> 1.973691375410919E-4
<1942,registrar4-1,transcript2-12,read> 4.1774351208537545E-4
<1943,admissions0-0,stu5-4application5-4,read> 7.471372772109794E-5
<1944,admissions2-1,stu3-3application3-3,read> 1.8199810991295466E-4
<1945,stu5-15,gradebook5-9,readMyScores> 2.631787460363639E-5
<1946,admissions2-0,application1-0,read> 2.0086286544851104E-5
<1947,admissions2-0,stu5-15application5-15,setStatus> 4.639313297407302E-5
<1948,stu5-15,gradebook5-5,readMyScores> 3.139803183045477E-5
<1949,admissions2-0,application1-3,read> 2.2615514651233193E-5
<1950,stu5-16,gradebook5-4,readMyScores> 2.618701914032878E-5
<1951,admissions0-0,stu0-6application0-6,read> 6.632621936350056E-5
<1952,admissions2-0,application1-4,read> 1.4521984710810505E-5
<1953,registrar4-1,transcript1-2,read> 3.889516006518472E-4
<1954,stu5-16,gradebook5-5,readMyScores> 3.114379675490453E-5
<1955,admissions2-0,application1-1,read> 2.109797778740394E-5
<1956,admissions2-0,application1-2,read> 2.2109669029956775E-5
<1957,admissions0-1,stu2-14application2-14,read> 6.490760454751946E-5
<1958,admissions2-1,stu2-12application2-12,setStatus> 5.881541063083608E-5
<1959,admissions4-0,stu3-14application3-14,read> 1.1865809458908517E-4
<1960,admissions2-1,stu4-7application4-7,read> 3.6579151560803475E-5
<1961,admissions2-0,stu0-10application0-10,setStatus> 2.2401392499045168E-4
<1962,admissions0-1,stu5-4application5-4,read> 7.446088938701639E-5
<1963,admissions2-0,stu5-10application5-10,setStatus> 2.0619436333185057E-4
<1964,registrar2-1,roster2-6,read> 1.5086296267058464E-4
<1965,registrar0-1,roster1-9,read> 2.159797452859114E-4
<1966,admissions2-1,application1-1,read> 2.042148952167556E-5
<1967,stu5-11,transcript5-11,read> 1.417941865714285E-4
<1968,admissions0-1,stu0-8application0-8,read> 1.7297913929432838E-4
<1969,admissions2-1,application1-0,read> 1.9442237276879925E-5
<1970,admissions2-1,application1-3,read> 2.1890367888869005E-5
<1971,admissions2-1,application1-4,read> 1.4056349930503957E-5
<1972,stu5-17,gradebook5-6,readMyScores> 2.0894914038082707E-5
<1973,admissions2-1,stu2-5application2-5,setStatus> 1.5062030858042653E-4
<1974,admissions2-0,stu2-16application2-16,setStatus> 1.176713796084774E-4
<1975,stu5-17,gradebook5-2,readMyScores> 2.2044522815572628E-5
<1976,admissions4-0,stu3-8application3-8,setStatus> 1.8351106392358517E-4
<1977,admissions4-1,stu3-14application3-14,read> 1.1960169772697054E-4
<1978,admissions2-1,stu0-10application0-10,setStatus> 2.1683111376831295E-4
<1979,registrar4-0,transcript5-0,read> 3.595598076732493E-4
<1980,admissions0-0,stu4-14application4-14,setStatus> 2.1357396653257083E-4
<1981,admissions0-1,stu1-16application1-16,setStatus> 1.5042918037098463E-4
<1982,registrar0-0,roster1-7,read> 2.1539647374562248E-4
<1983,chair3,transcript3-8,read> 4.067609672923735E-4
<1984,stu5-13,gradebook5-7,readMyScores> 3.1458092875376256E-5
<1985,chair3,transcript3-6,read> 4.7188218946653157E-4
<1986,admissions0-1,stu3-1application3-1,read> 1.9208570897332223E-4
<1987,admissions4-0,stu2-14application2-14,read> 5.543043308557264E-5
<1988,admissions2-0,stu2-5application2-5,setStatus> 1.556098012042088E-4
<1989,registrar0-1,roster1-5,read> 2.1045613481125266E-4
<1990,admissions0-0,stu0-15application0-15,setStatus> 1.6047123504778232E-4
<1991,stu1-10,gradebook1-9,addScore> 2.402842621496655E-4
<1992,stu2-0,gradebook2-7,readMyScores> 1.875447966170979E-4
<1993,admissions4-1,application2-0,setStatus> 5.9985794924917065E-5
<1994,admissions2-1,stu2-16application2-16,setStatus> 1.1389834940059036E-4
<1995,chair3,transcript3-4,read> 4.600419672530483E-4
<1996,registrar4-0,transcript1-5,read> 3.8174661483149006E-4
<1997,registrar4-1,transcript1-4,read> 3.8644795617936653E-4
<1998,registrar0-1,roster1-6,read> 2.088779603899216E-4
<1999,admissions0-0,stu3-5application3-5,setStatus> 1.4821675855129267E-4
<2000,registrar0-1,roster1-1,read> 2.1203430923258374E-4
<2001,registrar4-0,transcript5-9,read> 3.681880104570096E-4
<2002,admissions4-1,stu3-11application3-11,read> 1.2679707291699061E-4
<2003,registrar4-0,roster2-7,read> 1.7254165386367738E-4
<2004,admissions2-1,stu2-19application2-19,read> 1.134504527772605E-4
<2005,chair3,transcript3-0,read> 4.304414117193401E-4
<2006,registrar0-1,roster1-3,read> 2.0729978596859057E-4
<2007,stu5-17,gradebook5-1,addScore> 7.713518410149495E-5
<2008,stu4-1,stu4-1application4-1,checkStatus> 0.0022514717903895885
<2009,registrar0-1,roster4-6,read> 1.1497658232072344E-4
<2010,admissions4-0,stu0-3application0-3,setStatus> 9.080188283339082E-5
<2011,stu5-14,gradebook5-4,readMyScores> 2.5118161216233718E-5
<2012,admissions2-1,stu5-15application5-15,setStatus> 4.490557760817087E-5
<2013,stu5-14,gradebook5-9,readMyScores> 2.503927340831802E-5
<2014,admissions4-1,stu5-1application5-1,setStatus> 3.5456106777121366E-5
<2015,registrar0-0,roster1-6,read> 2.098472316678331E-4
<2016,admissions0-0,stu3-17application3-17,read> 1.6997185835381082E-4
<2017,registrar0-0,transcript2-12,read> 3.471841472801681E-4
<2018,registrar0-0,roster1-3,read> 2.0826173393132186E-4
<2019,registrar0-0,roster1-4,read> 2.0746898506306623E-4
<2020,stu5-15,gradebook5-2,readMyScores> 2.240739561912115E-5
<2021,admissions0-0,stu5-12application5-12,setStatus> 1.1758056731006853E-4
<2022,registrar0-0,roster1-2,read> 2.1222547827259999E-4
<2023,stu5-15,gradebook5-4,readMyScores> 2.6400790725147785E-5
<2024,admissions4-1,stu2-12application2-12,setStatus> 6.173791550690247E-5
<2025,admissions2-0,stu2-12application2-12,setStatus> 6.0763747214880344E-5
<2026,fac5-1,roster5-2,read> 0.001931810691470121
<2027,registrar2-1,roster3-8,read> 1.4012881344522036E-4
<2028,registrar2-1,roster3-9,read> 1.4095451723178683E-4
<2029,registrar0-1,roster1-1,write> 1.5420677035097E-4
<2030,registrar0-1,roster1-2,write> 1.5363288874321326E-4
<2031,registrar0-1,roster1-5,write> 1.530590071354565E-4
<2032,registrar0-1,roster1-6,write> 1.51911243919943E-4
<2033,registrar0-1,roster1-9,write> 1.5707617838975376E-4
<2034,registrar2-1,roster3-1,read> 1.3269747936612197E-4
<2035,registrar2-1,roster3-2,read> 1.31046071792989E-4
<2036,registrar0-1,roster1-7,write> 1.5592841517424023E-4
<2037,registrar2-1,transcript0-7,read> 1.243015230312488E-4
<2038,admissions0-1,stu5-12application5-12,read> 1.0312074390550714E-4
<2039,registrar2-1,roster0-8,read> 2.2765341482126764E-4
<2040,registrar4-1,transcript1-10,read> 5.721870804815294E-5
<2041,registrar2-1,roster3-3,read> 1.3600029451238792E-4
<2042,registrar0-1,roster1-8,write> 1.56502296781997E-4
<2043,registrar2-1,roster3-4,read> 1.335231831526885E-4
<2044,admissions0-0,stu4-14application4-14,read> 1.8794509054866228E-4
<2045,stu4-19,stu4-19application4-19,checkStatus> 7.865279396409809E-4
<2046,fac4-3,gradebook4-6,changeScore> 0.001374907094289788
<2047,registrar2-1,roster3-5,read> 1.376517020855209E-4
<2048,registrar2-1,roster3-6,read> 1.3847740587208737E-4
<2049,registrar2-1,roster3-7,read> 1.3930310965865387E-4
<2050,registrar2-0,roster3-8,read> 1.3950739963836792E-4
<2051,registrar2-0,transcript0-1,read> 1.8524336104929468E-4
<2052,stu3-0,stu3-0application3-0,checkStatus> 9.292978911969892E-4
<2053,stu2-15,gradebook2-7,readMyScores> 1.220405849088392E-4
<2054,registrar2-0,roster3-9,read> 1.403294417673443E-4
<2055,admissions0-0,stu0-0application0-0,read> 1.4480933328101872E-4
<2056,admissions0-1,stu0-15application0-15,setStatus> 1.5992818518298442E-4
<2057,admissions4-0,stu1-19application1-19,setStatus> 5.140048087005826E-5
<2058,admissions0-1,application5-0,setStatus> 2.5491823330298227E-4
<2059,registrar2-0,roster3-1,read> 1.3210902047758042E-4
<2060,admissions0-0,stu5-12application5-12,read> 1.034708992328603E-4
<2061,registrar2-1,transcript4-16,read> 3.962929413894917E-4
<2062,admissions0-1,stu4-14application4-14,setStatus> 2.1285121199269747E-4
<2063,registrar0-1,transcript0-3,read> 1.1154022450205127E-4
<2064,registrar2-0,roster3-5,read> 1.3704127325143875E-4
<2065,registrar2-0,roster3-4,read> 1.3293106260655685E-4
<2066,admissions0-0,stu1-19application1-19,read> 5.314584908727614E-5
<2067,registrar0-0,transcript3-10,read> 3.7007255154586024E-4
<2068,admissions2-1,stu2-18application2-18,read> 1.477242813451076E-4
<2069,registrar4-0,transcript5-1,read> 3.5586200648020914E-4
<2070,admissions0-1,stu1-19application1-19,read> 5.2965998498148305E-5
<2071,admissions4-1,stu3-8application3-8,setStatus> 1.849703964398761E-4
<2072,registrar2-0,transcript2-14,read> 3.632495997668893E-4
<2073,stu3-12,transcript3-12,read> 0.0018049440441009659
<2074,registrar4-1,roster2-7,read> 1.7523236191613242E-4
<2075,registrar2-0,transcript5-1,read> 3.1146596668540726E-4
<2076,registrar4-0,transcript5-3,read> 3.6079240807092934E-4
<2077,registrar4-0,transcript5-2,read> 3.620250084686094E-4
<2078,stu5-18,gradebook5-7,readMyScores> 3.2538199068522225E-5
<2079,stu5-18,gradebook5-6,readMyScores> 2.0722939436946223E-5
<2080,fac3-2,gradebook3-5,changeScore> 5.453038338985003E-4
<2081,app0-3,application0-3,checkStatus> 7.679057720467189E-4
<2082,registrar2-0,roster1-7,write> 1.6244050675924332E-4
<2083,registrar4-0,transcript5-7,read> 3.657228096616495E-4
<2084,registrar0-1,transcript5-3,read> 3.031218867028665E-4
<2085,registrar4-1,transcript5-1,read> 3.614115114545594E-4
<2086,admissions2-0,stu4-2application4-2,setStatus> 1.0789936192472838E-4
<2087,stu0-2,stu0-2application0-2,checkStatus> 1.0371512785137564E-4
<2088,chair0,transcript0-1,read> 0.0010165324112867624
<2089,chair1,transcript1-11,read> 2.4099785630360762E-4
<2090,registrar4-1,transcript5-4,read> 3.701742671082419E-4
<2091,stu5-19,gradebook5-2,readMyScores> 2.2588832020895405E-5
<2092,stu5-19,gradebook5-1,readMyScores> 3.4084649069163957E-5
<2093,admissions0-0,stu2-10application2-10,read> 1.4540844102084715E-4
<2094,registrar2-1,transcript3-15,read> 3.7895484300808974E-4
<2095,registrar4-1,transcript5-5,read> 3.689224448720015E-4
<2096,registrar4-1,transcript5-8,read> 3.7518155605320336E-4
<2097,registrar4-1,transcript5-7,read> 3.7142608934448223E-4
<2098,registrar4-1,transcript5-9,read> 3.7392973381696293E-4
<2099,stu5-1,gradebook5-2,readMyScores> 4.798992826929185E-5
<2100,admissions2-1,application4-0,read> 1.320562454283775E-4
<2101,stu5-1,gradebook5-9,readMyScores> 5.636500269361801E-5
<2102,registrar4-1,transcript4-18,read> 4.603054681175475E-4
<2103,stu3-13,gradebook3-9,readMyScores> 4.723121812793244E-5
<2104,stu1-14,gradebook1-8,addScore> 1.6243522741518214E-4
<2105,registrar4-1,roster1-7,write> 1.884888730992556E-4
<2106,admissions2-1,stu1-2application1-2,read> 1.5311016869148358E-4
<2107,admissions0-1,stu0-12application0-12,read> 6.0130962127771E-5
<2108,fac3-1,gradebook3-2,changeScore> 5.212573625828109E-4
<2109,registrar4-0,roster1-2,write> 1.82862347854451E-4
<2110,admissions4-1,stu0-5application0-5,read> 1.658576810913853E-4
<2111,registrar2-0,transcript0-9,read> 1.2590794814342987E-4
<2112,admissions4-0,stu0-1application0-1,setStatus> 1.7793402724862814E-5
<2113,admissions2-1,stu3-10application3-10,read> 4.979905686554449E-5
<2114,stu3-14,gradebook3-6,readMyScores> 5.036462056120081E-5
<2115,admissions4-0,stu3-19application3-19,read> 1.5435112930880997E-4
<2116,stu3-14,gradebook3-2,readMyScores> 2.3689294427218652E-5
<2117,stu5-0,gradebook5-1,readMyScores> 7.32340853494085E-5
<2118,stu1-15,gradebook1-3,addScore> 1.4264023865434274E-4
<2119,stu5-0,gradebook5-3,readMyScores> 1.334168287475352E-4
<2120,stu5-0,gradebook5-4,readMyScores> 5.7183898939085284E-5
<2121,admissions2-1,stu1-8application1-8,read> 1.2520147971480807E-4
<2122,admissions2-1,stu2-6application2-6,setStatus> 1.55627848468586E-4
<2123,admissions4-1,stu4-6application4-6,read> 6.0496830094662805E-5
<2124,stu3-15,gradebook3-5,readMyScores> 2.7785024792298747E-5
<2125,stu3-15,gradebook3-2,readMyScores> 2.3282028620446984E-5
<2126,stu3-15,gradebook3-1,readMyScores> 2.635965834161581E-5
<2127,admissions0-1,stu3-16application3-16,read> 4.16214727512457E-5
<2128,admissions0-1,stu1-14application1-14,setStatus> 2.3049222092926848E-4
<2129,admissions4-0,stu4-10application4-10,setStatus> 3.4017509415646815E-5
<2130,admissions0-0,stu5-18application5-18,setStatus> 1.5502480104934247E-4
<2131,admissions0-0,stu4-12application4-12,setStatus> 2.2174361753023059E-4
<2132,admissions0-0,stu1-9application1-9,read> 1.8195401315037848E-4
<2133,admissions4-0,stu2-17application2-17,setStatus> 1.2382952859677255E-4
<2134,admissions4-1,stu3-11application3-11,setStatus> 1.440875828602166E-4
<2135,admissions0-0,stu5-1application5-1,setStatus> 4.13304913319107E-5
<2136,registrar0-0,transcript3-18,read> 3.586283494130142E-4
<2137,admissions0-1,application3-0,read> 1.4670760598571185E-4
<2138,registrar2-0,transcript5-5,read> 3.179389208205925E-4
<2139,admissions4-1,stu4-1application4-1,read> 1.864158959200141E-4
<2140,stu3-16,gradebook3-1,readMyScores> 2.651335897334535E-5
<2141,stu3-16,gradebook3-2,readMyScores> 2.341778388937087E-5
<2142,fac0-3,gradebook0-6,assignGrade> 1.0028308908068425E-4
<2143,stu3-16,gradebook3-4,readMyScores> 3.18588201498137E-5
<2144,stu3-16,gradebook3-6,readMyScores> 4.978737562640194E-5
<2145,admissions0-0,stu1-4application1-4,read> 2.3287817103579103E-4
<2146,admissions2-0,stu1-17application1-17,setStatus> 6.881129118973246E-5
<2147,admissions4-0,stu0-9application0-9,setStatus> 1.2672669050584114E-4
<2148,registrar4-1,roster3-1,write> 1.1148621124732845E-4
<2149,stu5-13,transcript5-13,read> 1.3667680239441455E-4
<2150,admissions0-0,stu1-14application1-14,setStatus> 2.3127487702750027E-4
<2151,registrar4-1,transcript1-6,read> 3.8394431170688583E-4
<2152,admissions0-0,stu3-16application3-16,read> 4.1762802030536864E-5
<2153,registrar4-1,roster3-3,write> 1.1426108194469519E-4
<2154,registrar4-1,roster3-4,write> 1.1217992892167016E-4
<2155,registrar4-1,roster3-6,write> 1.1634223496772025E-4
<2156,admissions2-1,stu0-17application0-17,read> 1.824877360353525E-4
<2157,registrar2-0,transcript1-18,read> 3.744424162923138E-5
<2158,registrar4-1,roster3-8,write> 1.1772967031640363E-4
<2159,registrar4-1,roster3-9,write> 1.184233879907453E-4
<2160,registrar2-1,roster0-3,read> 2.0866222773023853E-4
<2161,admissions0-1,stu1-9application1-9,read> 1.8133826352888818E-4
<2162,admissions4-1,stu2-17application2-17,setStatus> 1.248142564583771E-4
<2163,stu3-17,gradebook3-5,readMyScores> 2.8919107436882367E-5
<2164,admissions4-0,application4-4,read> 1.4568282087687679E-4
<2165,stu3-17,gradebook3-4,readMyScores> 3.296695302458984E-5
<2166,stu0-3,stu0-3application0-3,checkStatus> 9.727496155836003E-4
<2167,admissions4-1,stu5-10application5-10,read> 1.843600744371512E-4
<2168,admissions2-1,stu3-8application3-8,read> 1.550686731810748E-4
<2169,stu3-17,gradebook3-3,readMyScores> 2.835886599156658E-5
<2170,admissions4-1,application4-2,setStatus> 1.6394494945605123E-4
<2171,registrar2-1,roster5-7,read> 1.3187177557955553E-4
<2172,registrar2-1,roster2-9,read> 1.5416577781685059E-4
<2173,admissions2-0,stu4-13application4-13,read> 1.809451941107521E-4
<2174,stu3-10,gradebook3-2,readMyScores> 2.2331741737979756E-5
<2175,stu3-10,gradebook3-3,readMyScores> 2.6134641207914297E-5
<2176,admissions2-1,stu2-9application2-9,setStatus> 1.9847013417839484E-4
<2177,registrar4-1,transcript0-14,read> 4.1023257866793324E-4
<2178,admissions4-1,stu2-10application2-10,setStatus> 1.4175142208423607E-4
<2179,registrar0-1,transcript0-9,read> 1.2086041347398281E-4
<2180,admissions2-1,stu0-3application0-3,setStatus> 8.719146999707312E-5
<2181,stu1-11,gradebook1-8,addScore> 1.5794393080462412E-4
<2182,admissions4-1,stu4-10application4-10,setStatus> 3.4288026389131095E-5
<2183,admissions0-0,application0-4,setStatus> 8.354035481981951E-5
<2184,admissions4-0,stu2-8application2-8,setStatus> 2.281273573232412E-4
<2185,admissions0-1,stu1-13application1-13,read> 1.437222044733691E-4
<2186,admissions0-0,stu4-5application4-5,setStatus> 1.0532609081357888E-4
<2187,admissions2-0,stu4-10application4-10,setStatus> 3.374699244216256E-5
<2188,admissions0-0,stu1-4application1-4,setStatus> 2.646342852679444E-4
<2189,admissions0-0,stu2-10application2-10,setStatus> 1.652368647964172E-4
<2190,admissions0-1,stu2-12application2-12,read> 6.311636364011379E-5
<2191,admissions2-0,stu1-3application1-3,setStatus> 1.5905874862200253E-4
<2192,admissions2-1,stu1-17application1-17,setStatus> 6.660491712352861E-5
<2193,chair1,transcript1-10,read> 2.705984118373158E-4
<2194,admissions4-1,stu0-9application0-9,setStatus> 1.277344574283528E-4
<2195,stu1-7,stu1-7application1-7,checkStatus> 3.83047641765305E-4
<2196,admissions4-1,stu2-5application2-5,read> 1.3913200181416788E-4
<2197,admissions2-1,stu5-16application5-16,read> 1.2764961032679716E-4
<2198,admissions0-0,application1-1,setStatus> 2.839521058561607E-5
<2199,admissions0-0,application1-2,setStatus> 2.9756819085226027E-5
<2200,admissions0-0,application1-3,setStatus> 3.0437623335031012E-5
<2201,admissions0-1,application2-4,read> 6.908716666479936E-5
<2202,admissions0-0,application1-4,setStatus> 1.954475533815132E-5
<2203,registrar4-0,roster4-2,read> 1.6972400834809915E-4
<2204,registrar4-1,transcript3-13,read> 4.4027631233770184E-4
<2205,admissions2-1,stu4-10application4-10,setStatus> 3.2664924548225485E-5
<2206,admissions2-1,application5-3,setStatus> 2.1182357388015345E-4
<2207,registrar4-0,roster4-7,read> 1.340338318174405E-4
<2208,stu3-11,gradebook3-9,readMyScores> 4.4236731676017396E-5
<2209,stu4-19,gradebook4-2,addScore> 2.597403508876696E-4
<2210,registrar4-0,roster4-6,read> 1.3685147733301885E-4
<2211,registrar4-0,roster4-5,read> 1.2933775595814335E-4
<2212,registrar4-0,roster4-4,read> 1.3121618630186223E-4
<2213,stu3-12,gradebook3-2,readMyScores> 2.1788720662284197E-5
<2214,admissions0-0,stu2-12application2-12,read> 6.333068066435864E-5
<2215,stu3-12,gradebook3-5,readMyScores> 2.6002894922238765E-5
<2216,admissions4-0,stu4-6application4-6,read> 6.0019537549537254E-5
<2217,registrar4-1,roster1-3,write> 1.8224541403018046E-4
<2218,registrar2-0,roster1-5,write> 1.5945126265387463E-4
<2219,admissions2-0,stu2-6application2-6,setStatus> 1.6078322233089941E-4
<2220,stu4-18,gradebook4-5,addScore> 1.473942314576346E-4
<2221,admissions0-0,application1-0,setStatus> 2.703360208600611E-5
<2222,admissions0-1,application1-4,setStatus> 1.947861403413051E-5
<2223,admissions0-1,application1-2,setStatus> 2.965611918984456E-5
<2224,fac4-2,gradebook4-5,addScore> 2.4124074586886256E-4
<2225,admissions0-1,application1-3,setStatus> 3.0334619533558828E-5
<2226,stu2-15,stu2-15application2-15,checkStatus> 4.389141445480909E-4
<2227,stu3-12,gradebook3-9,readMyScores> 4.3692279593851036E-5
<2228,registrar2-0,transcript5-4,read> 3.1901774650979E-4
<2229,registrar4-1,roster4-1,read> 1.7141691470725316E-4
<2230,registrar4-1,roster4-4,read> 1.3326244261846045E-4
<2231,admissions4-1,stu1-1application1-1,read> 2.018345570414856E-4
<2232,stu3-12,gradebook3-6,readMyScores> 4.632390601760876E-5
<2233,registrar4-1,roster4-6,read> 1.3898561343177938E-4
<2234,admissions0-1,application1-1,setStatus> 2.8299118502416018E-5
<2235,registrar4-1,roster4-8,read> 1.2563154820070192E-4
<2236,registrar4-1,roster4-7,read> 1.361240280251199E-4
<2237,registrar2-0,transcript0-2,read> 1.8847983811688736E-4
<2238,chair0,transcript0-6,read> 6.494855226687809E-4
<2239,registrar4-0,roster4-8,read> 1.2370246492698672E-4
<2240,registrar4-0,roster4-9,read> 1.208848194114084E-4
<2241,stu3-13,gradebook3-3,readMyScores> 2.7564499997405047E-5
<2242,admissions4-0,stu2-10application2-10,setStatus> 1.406330676693703E-4
<2243,admissions2-0,stu1-1application1-1,setStatus> 2.2573839869934856E-4
<2244,admissions2-0,stu0-3application0-3,setStatus> 9.00798002661273E-5
<2245,admissions4-1,stu4-13application4-13,setStatus> 2.0891604439367674E-4
<2246,admissions0-1,application1-0,setStatus> 2.6942117814987472E-5
<2247,admissions0-1,application5-1,setStatus> 2.5559673364669653E-4
<2248,admissions4-1,stu0-1application0-1,setStatus> 1.7934900957267292E-5
<2249,admissions2-0,stu3-11application3-11,read> 1.247963301490697E-4
<2250,stu4-16,gradebook4-5,addScore> 1.4297792489710622E-4
<2251,registrar2-0,transcript4-19,read> 3.956143704428156E-4
<2252,registrar2-0,transcript4-18,read> 3.966931961320131E-4
<2253,registrar4-0,transcript2-17,read> 4.2365502835261154E-4
<2254,registrar2-0,transcript4-14,read> 3.923778933752229E-4
<2255,stu2-17,gradebook2-7,readMyScores> 1.290588933061526E-4
<2256,registrar4-0,transcript2-14,read> 4.1502682556885127E-4
<2257,admissions4-0,stu0-6application0-6,read> 5.6450234077564776E-5
<2258,admissions0-1,stu0-0application0-0,setStatus> 1.6399918724527006E-4
<2259,registrar4-0,transcript0-7,read> 1.4138953728388165E-4
<2260,registrar0-1,transcript2-10,read> 3.4350937224790327E-4
<2261,admissions2-0,stu4-0application4-0,read> 6.004809062568813E-5
<2262,admissions2-1,stu5-16application5-16,setStatus> 1.4505637537136042E-4
<2263,admissions2-0,stu4-19application4-19,setStatus> 7.283506317715852E-5
<2264,admissions0-0,stu4-9application4-9,setStatus> 1.6319445204700226E-4
<2265,admissions2-1,stu1-10application1-10,read> 1.0610606094129326E-4
<2266,admissions4-0,stu4-5application4-5,setStatus> 8.964301806976341E-5
<2267,registrar2-0,transcript2-10,read> 3.5785547132090155E-4
<2268,admissions4-0,stu1-1application1-1,read> 2.0024217394845614E-4
<2269,admissions2-1,stu5-18application5-18,read> 1.1149194828766923E-4
<2270,registrar4-1,transcript2-14,read> 4.214989787940965E-4
<2271,fac3-4,gradebook3-9,assignGrade> 1.8401633741210304E-4
<2272,registrar2-1,transcript4-11,read> 3.7028579381738876E-4
<2273,stu5-9,gradebook5-4,readMyScores> 6.039047271137043E-5
<2274,registrar2-1,transcript4-12,read> 3.908747856453035E-4
<2275,registrar4-0,transcript0-10,read> 4.0023562079669067E-4
<2276,stu5-9,gradebook5-5,readMyScores> 7.182140884294308E-5
<2277,registrar4-1,transcript1-0,read> 3.326196000210312E-4
<2278,registrar2-1,transcript4-15,read> 3.919584167941412E-4
<2279,stu5-9,gradebook5-6,readMyScores> 4.858282482105649E-5
<2280,registrar2-0,transcript5-14,read> 2.7734810426453494E-5
<2281,registrar0-1,transcript1-3,read> 3.227978411991666E-4
<2282,registrar2-1,transcript4-10,read> 3.6703490037087586E-4
<2283,registrar4-1,transcript2-10,read> 4.152398676128947E-4
<2284,admissions2-1,stu5-3application5-3,read> 1.423383939987316E-4
<2285,admissions0-0,stu3-16application3-16,setStatus> 4.745772958015553E-5
<2286,stu1-0,gradebook1-5,readMyScores> 6.465276572262817E-5
<2287,registrar4-0,transcript1-13,read> 4.6479306662518296E-5
<2288,registrar4-1,transcript2-16,read> 4.265062677390579E-4
<2289,admissions0-0,stu1-14application1-14,read> 2.0352189178420022E-4
<2290,registrar0-1,transcript1-0,read> 2.751613197870719E-4
<2291,registrar4-1,transcript2-15,read> 4.2275080103033684E-4
<2292,registrar2-1,transcript4-17,read> 3.9520931024065407E-4
<2293,registrar4-1,transcript2-17,read> 4.3026173444777894E-4
<2294,admissions4-0,stu3-5application3-5,setStatus> 1.261472581240274E-4
<2295,admissions2-0,stu5-16application5-16,setStatus> 1.498615555078858E-4
<2296,admissions2-0,stu5-11application5-11,read> 1.0759757902567142E-4
<2297,fac3-1,gradebook3-3,changeScore> 5.272689804117334E-4
<2298,admissions2-0,stu5-18application5-18,read> 1.151852633448177E-4
<2299,admissions2-1,stu0-2application0-2,setStatus> 9.296405070147918E-6
<2300,admissions0-1,stu4-9application4-9,setStatus> 1.6264218655784147E-4
<2301,admissions2-0,stu1-10application1-10,read> 1.0962096151077711E-4
<2302,admissions2-0,stu4-2application4-2,read> 9.495143849376096E-5
<2303,registrar0-0,transcript3-5,read> 7.980597017640022E-5
<2304,stu5-8,gradebook5-7,readMyScores> 7.682255298750684E-5
<2305,stu5-8,gradebook5-5,readMyScores> 7.232987899404357E-5
<2306,admissions4-1,stu1-3application1-3,read> 1.4221573403846218E-4
<2307,registrar0-1,transcript1-2,read> 3.217622646467297E-4
<2308,registrar2-1,roster2-4,read> 1.1205488470195993E-4
<2309,admissions4-1,stu3-5application3-5,setStatus> 1.271504172343577E-4
<2310,registrar0-1,transcript1-1,read> 2.7309016668219824E-4
<2311,stu4-5,gradebook4-3,addScore> 2.199728054099932E-4
<2312,stu1-14,gradebook1-8,readScore> 5.984455746875131E-5
<2313,registrar0-1,transcript1-8,read> 3.1554880533210864E-4
<2314,stu1-15,gradebook1-3,readScore> 5.2551666872652584E-5
<2315,admissions2-0,stu3-15application3-15,setStatus> 1.6193287147016396E-4
<2316,admissions0-0,stu1-13application1-13,read> 1.4421022554119038E-4
<2317,registrar0-1,transcript1-5,read> 3.2072668809429277E-4
<2318,fac0-1,gradebook0-2,changeScore> 3.288855920572948E-4
<2319,stu5-7,gradebook5-4,readMyScores> 5.782521369354232E-5
<2320,stu2-10,gradebook2-2,readMyScores> 1.9167310807042555E-4
<2321,stu5-7,gradebook5-5,readMyScores> 6.87705879363402E-5
<2322,registrar0-0,roster3-6,read> 1.3295059144703735E-4
<2323,admissions4-0,stu1-16application1-16,read> 1.130491891331284E-4
<2324,admissions2-0,stu0-9application0-9,setStatus> 1.257189235833295E-4
<2325,registrar4-1,transcript0-10,read> 4.0647711195921217E-4
<2326,admissions2-0,application4-2,read> 1.4199508127246788E-4
<2327,admissions4-0,stu2-8application2-8,read> 2.0075207444445224E-4
<2328,stu4-14,gradebook4-8,addScore> 3.6160413660531367E-4
<2329,stu5-7,gradebook5-2,readMyScores> 4.907854667993741E-5
<2330,stu4-15,gradebook4-1,addScore> 3.4896460747385876E-4
<2331,registrar0-0,transcript1-0,read> 2.764381704589377E-4
<2332,registrar0-0,transcript1-8,read> 3.1701306892993744E-4
<2333,admissions0-1,stu2-8application2-8,read> 2.350754907510584E-4
<2334,registrar0-0,transcript1-9,read> 3.180534509420144E-4
<2335,registrar0-0,transcript1-6,read> 3.190938329540913E-4
<2336,registrar0-0,transcript1-7,read> 3.2013421496616826E-4
<2337,registrar0-0,transcript1-4,read> 3.211745969782451E-4
<2338,admissions0-1,stu5-12application5-12,setStatus> 1.1718266352898541E-4
<2339,stu5-6,gradebook5-9,readMyScores> 5.828290448659557E-5
<2340,registrar2-1,roster0-5,read> 2.1196504287650445E-4
<2341,admissions0-1,stu5-0application5-0,setStatus> 1.6535618793269859E-4
<2342,stu5-6,gradebook5-7,readMyScores> 7.385226095635543E-5
<2343,admissions2-0,stu5-3application5-3,read> 1.4705353748523204E-4
<2344,stu5-6,gradebook5-6,readMyScores> 4.7035053410828155E-5
<2345,registrar2-0,transcript4-10,read> 3.6540725114528436E-4
<2346,fac1-4,gradebook1-8,assignGrade> 2.784846175808832E-4
<2347,admissions2-1,stu1-18application1-18,setStatus> 1.244698224978159E-4
<2348,registrar4-0,transcript2-11,read> 4.1009642397813107E-4
<2349,stu5-6,gradebook5-2,readMyScores> 4.962285588526019E-5
<2350,admissions4-1,stu1-16application1-16,read> 1.1394818864909762E-4
<2351,admissions0-1,stu4-11application4-11,setStatus> 2.406697260849826E-4
<2352,registrar0-0,transcript2-7,read> 1.9944990156524572E-4
<2353,stu3-18,gradebook3-8,readMyScores> 6.88089039034349E-5
<2354,admissions4-0,stu3-16application3-16,setStatus> 4.039126561559768E-5
<2355,stu1-19,gradebook1-1,addScore> 7.667764770424744E-5
<2356,stu3-18,gradebook3-6,readMyScores> 5.180773289819797E-5
<2357,admissions2-0,application4-0,read> 1.3643077943842726E-4
<2358,admissions4-0,stu1-1application1-1,setStatus> 2.2754792494142744E-4
<2359,admissions2-0,stu0-16application0-16,read> 1.2074956517885832E-4
<2360,registrar2-1,transcript0-8,read> 1.2213426073357355E-4
<2361,registrar2-1,transcript0-9,read> 1.26468785328924E-4
<2362,registrar2-1,transcript0-6,read> 1.1888336728706068E-4
<2363,stu3-18,gradebook3-1,readMyScores> 2.758926339545212E-5
<2364,stu5-5,gradebook5-1,readMyScores> 7.56980358845288E-5
<2365,admissions0-0,stu2-5application2-5,read> 1.6218345773604185E-4
<2366,registrar2-1,transcript0-5,read> 1.2105062958473592E-4
<2367,admissions4-0,stu4-1application4-1,read> 1.8494515906857412E-4
<2368,registrar4-0,roster3-9,write> 1.1660498663963983E-4
<2369,registrar2-1,transcript2-10,read> 3.5944948232901247E-4
<2370,registrar4-0,roster3-5,write> 1.1387272432150327E-4
<2371,registrar4-0,roster3-4,write> 1.1045739642383262E-4
<2372,admissions2-0,stu5-5application5-5,read> 8.888129103844395E-5
<2373,registrar4-0,roster3-7,write> 1.1523885548057154E-4
<2374,admissions2-1,stu1-17application1-17,read> 5.861232706870517E-5
<2375,registrar4-0,roster3-1,write> 1.0977433084429846E-4
<2376,registrar4-0,roster3-3,write> 1.12506593162435E-4
<2377,chair4,transcript4-6,read> 0.0012355765222362032
<2378,registrar4-0,roster3-2,write> 1.084081996852302E-4
<2379,stu1-3,gradebook1-2,readMyScores> 8.258597399124947E-5
<2380,admissions4-1,stu3-16application3-16,setStatus> 4.0712468523077586E-5
<2381,admissions4-0,stu1-3application1-3,read> 1.410937164129122E-4
<2382,registrar2-0,transcript0-5,read> 1.2051381969744218E-4
<2383,stu3-19,gradebook3-1,readMyScores> 2.7128161500263505E-5
<2384,registrar2-0,transcript0-8,read> 1.2159264538663973E-4
<2385,stu4-13,gradebook4-2,addScore> 2.4235995566098537E-4
<2386,stu3-19,gradebook3-4,readMyScores> 3.2597575399664466E-5
<2387,stu1-11,gradebook1-8,readScore> 5.818986924380888E-5
<2388,registrar2-0,transcript0-4,read> 1.1511969125145448E-4
<2389,registrar2-0,transcript0-3,read> 1.1619851694065202E-4
<2390,stu5-4,gradebook5-8,readMyScores> 7.836292824528284E-5
<2391,stu5-4,gradebook5-6,readMyScores> 4.806690101764705E-5
<2392,admissions0-0,application1-4,read> 1.719938469757316E-5
<2393,registrar0-0,transcript3-14,read> 3.6487064148547574E-4
<2394,admissions2-0,stu5-0application5-0,setStatus> 1.400895378241368E-4
<2395,admissions0-0,application1-1,read> 2.4987785315342137E-5
<2396,admissions0-0,stu0-7application0-7,setStatus> 1.468551500516827E-4
<2397,admissions0-0,application1-2,read> 2.6186000794998903E-5
<2398,admissions0-0,application1-0,read> 2.3789569835685374E-5
<2399,stu1-10,gradebook1-9,readScore> 8.852578079198202E-5
<2400,admissions0-1,stu2-11application2-11,read> 8.162585301663909E-5
<2401,stu5-3,gradebook5-1,readMyScores> 7.049636253260818E-5
<2402,stu5-3,gradebook5-3,readMyScores> 1.284292837476273E-4
<2403,stu4-10,gradebook4-6,addScore> 1.3948254745488632E-4
<2404,admissions4-1,stu3-12application3-12,read> 7.231780362112436E-5
<2405,admissions2-1,stu5-11application5-11,read> 1.0414755645170201E-4
<2406,registrar0-1,transcript3-15,read> 3.6214975019176643E-4
<2407,admissions0-0,application0-0,setStatus> 8.558276756923446E-5
<2408,fac3-2,gradebook3-4,assignGrade> 1.9260436288199214E-4
<2409,stu5-3,gradebook5-4,readMyScores> 5.5046183090895175E-5
<2410,stu5-3,gradebook5-6,readMyScores> 4.428345979264442E-5
<2411,stu3-5,stu3-5application3-5,checkStatus> 0.0013514003566669267
<2412,admissions0-1,application1-4,read> 1.7141180350034847E-5
<2413,stu1-18,gradebook1-1,addScore> 8.669583283143555E-5
<2414,admissions0-1,application1-1,read> 2.4903224282126093E-5
<2415,admissions0-1,application1-2,read> 2.609738488706321E-5
<2416,admissions4-1,stu0-6application0-6,read> 5.689914249965277E-5
<2417,admissions0-1,application1-3,read> 2.6694465189531768E-5
<2418,admissions2-1,stu5-0application5-0,read> 1.1932596624603429E-4
<2419,admissions0-0,stu2-11application2-11,read> 8.190302059903853E-5
<2420,stu1-4,gradebook1-6,readMyScores> 1.9164994520384703E-4
<2421,admissions4-0,stu4-11application4-11,setStatus> 2.0552949443250633E-4
<2422,admissions2-1,stu0-16application0-16,read> 1.1687783563404522E-4
<2423,stu5-2,gradebook5-2,readMyScores> 4.744561906396907E-5
<2424,admissions4-1,stu5-15application5-15,read> 4.148048137818119E-5
<2425,admissions2-1,stu1-5application1-5,read> 1.0512680869649763E-4
<2426,stu5-12,stu5-12application5-12,checkStatus> 0.0010720678427529973
<2427,stu4-11,gradebook4-5,addScore> 1.4076977161684204E-4
<2428,admissions0-0,stu1-8application1-8,setStatus> 1.7408732004388193E-4
<2429,admissions4-0,stu3-12application3-12,read> 7.174724895744684E-5
<2430,admissions0-1,stu3-2application3-2,setStatus> 6.765213843784369E-5
<2431,admissions0-1,application5-3,read> 2.2731344681896712E-4
<2432,stu5-2,gradebook5-9,readMyScores> 5.5725702095958824E-5
<2433,stu5-2,gradebook5-8,readMyScores> 7.331629959263491E-5
<2434,stu1-17,gradebook1-7,addScore> 1.3795059706686233E-4
<2435,stu5-2,gradebook5-6,readMyScores> 4.4971358197190354E-5
<2436,admissions2-0,stu1-17application1-17,read> 6.055393624696456E-5
<2437,admissions4-0,stu5-15application5-15,setStatus> 4.6765021815548544E-5
<2438,registrar4-1,transcript1-3,read> 3.9020342288808766E-4
<2439,admissions2-1,stu4-18application4-18,setStatus> 1.0965585032867744E-5
<2440,registrar4-1,transcript1-5,read> 3.8769977841560685E-4
<2441,registrar4-1,transcript1-1,read> 3.301159555485505E-4
<2442,registrar4-0,roster2-4,read> 1.2745932561442446E-4
<2443,admissions2-0,application2-4,read> 5.853055376185888E-5
<2444,admissions2-1,stu4-5application4-5,read> 7.57492413526287E-5
<2445,registrar4-0,transcript1-7,read> 3.7928141403613E-4
<2446,admissions2-0,application2-1,read> 5.246040630654187E-5
<2447,admissions2-0,application2-0,read> 5.1954560685265446E-5
<2448,admissions4-0,stu2-0application2-0,setStatus> 1.1571747525138054E-4
<2449,admissions4-1,stu5-13application5-13,setStatus> 2.1826068749759888E-4
<2450,admissions4-1,stu5-4application5-4,read> 6.409451768967285E-5
<2451,admissions2-0,application2-3,read> 5.7518862519306046E-5
<2452,registrar4-1,roster2-7,write> 1.274417177571872E-4
<2453,admissions2-0,stu4-16application4-16,setStatus> 1.7285453829317756E-4
<2454,admissions4-1,stu5-4application5-4,setStatus> 7.283467919281007E-5
<2455,admissions2-0,application2-2,read> 5.296625192781828E-5
<2456,registrar4-0,transcript1-4,read> 3.8051401443381E-4
<2457,admissions2-1,application2-0,read> 5.028868298794231E-5
<2458,registrar2-0,roster0-1,write> 1.4988568151669485E-4
<2459,admissions0-1,stu0-13application0-13,setStatus> 2.237072174921258E-4
<2460,registrar4-0,transcript1-2,read> 3.8297921522917013E-4
<2461,registrar4-0,transcript1-3,read> 3.8421181562685026E-4
<2462,admissions4-1,stu2-0application2-0,setStatus> 1.1663769374244522E-4
<2463,registrar4-0,transcript1-0,read> 3.275121973335682E-4
<2464,admissions4-1,stu5-5application5-5,setStatus> 1.0262072908656195E-4
<2465,registrar4-0,transcript1-9,read> 3.768162132407699E-4
<2466,admissions2-1,application2-4,read> 5.665382257911391E-5
<2467,fac4-0,gradebook4-1,addScore> 5.728286952872777E-4
<2468,registrar4-0,transcript1-8,read> 3.755836128430899E-4
<2469,admissions2-1,application2-3,read> 5.567457033431828E-5
<2470,admissions2-1,application2-2,read> 5.126793523273794E-5
<2471,admissions2-1,application2-1,read> 5.077830911034012E-5
<2472,admissions2-1,stu5-17application5-17,read> 1.2324297522521682E-4
<2473,admissions4-0,stu3-17application3-17,read> 1.4466301988488468E-4
<2474,registrar4-1,roster1-9,read> 2.610799241159161E-4
<2475,admissions0-1,stu0-19application0-19,setStatus> 1.3414517212184213E-4
<2476,admissions4-1,stu3-9application3-9,read> 8.41387771475859E-5
<2477,admissions4-0,stu0-13application0-13,setStatus> 1.9104368488716346E-4
<2478,admissions4-0,stu5-5application5-5,setStatus> 1.018110980878514E-4
<2479,stu3-8,gradebook3-6,readMyScores> 7.662926509454908E-5
<2480,registrar2-1,transcript5-1,read> 3.128533429289948E-4
<2481,stu3-8,gradebook3-1,readMyScores> 4.080751772419241E-5
<2482,stu2-19,gradebook2-9,readScore> 1.0068221688990253E-4
<2483,admissions4-1,stu3-17application3-17,read> 1.4581342163347223E-4
<2484,admissions0-0,stu2-8application2-8,setStatus> 2.6803830651696926E-4
<2485,admissions2-0,stu5-17application5-17,read> 1.2732555825545176E-4
<2486,admissions0-0,stu3-14application3-14,setStatus> 1.584288222983674E-4
<2487,admissions4-0,stu3-9application3-9,read> 8.34749603653564E-5
<2488,stu3-9,gradebook3-7,readMyScores> 8.890706735736893E-5
<2489,admissions2-0,stu4-18application4-18,setStatus> 1.1328834226503114E-5
<2490,admissions4-1,stu5-10application5-10,setStatus> 2.0950008458767182E-4
<2491,stu3-9,gradebook3-3,readMyScores> 4.1704214693480265E-5
<2492,admissions4-1,stu2-13application2-13,read> 1.0418303660549896E-4
<2493,admissions4-0,stu5-4application5-4,read> 6.358884102150973E-5
<2494,registrar0-1,transcript0-12,read> 3.424737956954665E-4
<2495,admissions0-1,stu2-8application2-8,setStatus> 2.671312394898391E-4
<2496,stu3-6,gradebook3-1,readMyScores> 3.973161330208564E-5
<2497,admissions4-1,application4-0,read> 1.3861804644345213E-4
<2498,stu1-16,stu1-16application1-16,checkStatus> 0.0013762299134592762
<2499,registrar0-0,transcript2-9,read> 2.067325756497842E-4
<2500,stu3-6,gradebook3-3,readMyScores> 4.1068721898151046E-5
<2501,registrar0-0,transcript2-6,read> 1.96328755529015E-4
<2502,registrar4-1,transcript5-12,read> 3.7189552268307236E-5
<2503,registrar4-1,transcript5-13,read> 3.343408555958617E-5
<2504,admissions2-1,stu5-10application5-10,read> 1.756329703217831E-4
<2505,registrar4-1,transcript5-10,read> 3.9693196740787955E-5
<2506,registrar4-1,transcript5-11,read> 3.4685907795826524E-5
<2507,registrar0-0,transcript2-2,read> 2.004902835773227E-4
<2508,stu0-0,transcript0-0,read> 9.145191973005366E-4
<2509,registrar4-1,transcript5-16,read> 2.8426796614624744E-5
<2510,registrar0-0,transcript2-1,read> 2.015306655893996E-4
<2511,registrar4-1,transcript5-17,read> 2.7174974378384392E-5
<2512,registrar0-0,transcript2-4,read> 2.0257104760147655E-4
<2513,registrar4-1,transcript5-14,read> 3.218226332334581E-5
<2514,registrar4-1,transcript5-15,read> 3.093044108710546E-5
<2515,registrar4-0,transcript5-19,read> 2.3059899106597473E-5
<2516,admissions0-0,stu4-0application4-0,setStatus> 8.081713782059959E-5
<2517,registrar4-0,transcript5-18,read> 2.5525099901957563E-5
<2518,registrar4-0,transcript5-17,read> 2.6757700299637603E-5
<2519,admissions4-0,stu5-11application5-11,setStatus> 1.2325009621495884E-4
<2520,admissions4-1,application4-3,read> 1.4735528774561935E-4
<2521,admissions0-1,stu4-16application4-16,setStatus> 2.04030707524412E-4
<2522,registrar2-0,transcript4-2,read> 2.2839638861719643E-4
<2523,registrar0-1,transcript4-12,read> 3.735410922685716E-4
<2524,admissions4-0,application3-0,setStatus> 1.4237136481481144E-4
<2525,app0-0,application0-0,checkStatus> 7.803205504428936E-4
<2526,admissions2-1,stu3-15application3-15,setStatus> 1.567406351103992E-4
<2527,admissions4-1,application4-1,read> 1.4529946626275648E-4
<2528,admissions4-1,stu4-9application4-9,read> 1.2319938532198056E-4
<2529,stu3-7,gradebook3-3,readMyScores> 4.043322910282182E-5
<2530,stu3-7,gradebook3-5,readMyScores> 4.1232004720933125E-5
<2531,stu3-7,gradebook3-4,readMyScores> 4.700330277175413E-5
<2532,registrar0-0,transcript4-19,read> 3.815167536787064E-4
<2533,registrar4-0,transcript0-8,read> 1.3892433648852155E-4
<2534,registrar4-0,transcript5-10,read> 3.9083704276438036E-5
<2535,registrar0-1,transcript2-7,read> 1.9852865490674576E-4
<2536,registrar4-0,transcript5-11,read> 3.415330268571787E-5
<2537,stu2-11,gradebook2-1,readMyScores> 1.0302506118956661E-4
<2538,registrar0-1,transcript2-6,read> 1.9542192524943527E-4
<2539,registrar0-0,roster3-7,read> 1.3374334031529295E-4
<2540,registrar4-0,transcript5-12,read> 3.661850348107795E-5
<2541,registrar0-1,transcript2-5,read> 1.964575018018721E-4
<2542,registrar4-0,transcript5-13,read> 3.292070228803782E-5
<2543,registrar4-0,transcript5-14,read> 3.1688101890357776E-5
<2544,admissions0-1,stu1-14application1-14,read> 2.0283315441775622E-4
<2545,admissions4-1,stu3-14application3-14,setStatus> 1.3591102014428474E-4
<2546,registrar4-0,transcript5-15,read> 3.0455501492677736E-5
<2547,registrar0-1,transcript2-2,read> 1.995642314591826E-4
<2548,registrar4-0,transcript5-16,read> 2.7990300697317646E-5
<2549,registrar0-1,roster3-6,write> 9.624472796753826E-5
<2550,admissions4-1,stu3-19application3-19,setStatus> 1.7679383372394422E-4
<2551,admissions2-1,application2-1,setStatus> 5.7702623989022864E-5
<2552,stu2-10,gradebook2-6,readMyScores> 1.5658767709743595E-4
<2553,admissions4-0,application4-0,read> 1.375244129409397E-4
<2554,admissions4-0,stu4-9application4-9,read> 1.2222739806105762E-4
<2555,admissions4-1,stu5-17application5-17,setStatus> 1.4700778383019226E-4
<2556,admissions4-0,application4-1,read> 1.441531193888886E-4
<2557,admissions4-0,application4-3,read> 1.4619272137287285E-4
<2558,registrar4-0,transcript2-2,read> 2.37532368302925E-4
<2559,admissions2-0,stu0-17application0-17,read> 1.8853287842989836E-4
<2560,stu3-4,gradebook3-4,readMyScores> 5.125114545839597E-5
<2561,registrar2-0,roster0-8,write> 1.6483190204353827E-4
<2562,registrar4-0,transcript2-1,read> 2.38764968700605E-4
<2563,registrar2-0,roster0-7,write> 1.5466847208528474E-4
<2564,stu3-4,gradebook3-2,readMyScores> 3.767208712637923E-5
<2565,admissions4-0,application3-4,setStatus> 1.4353022957843884E-4
<2566,registrar2-0,roster0-6,write> 1.552663209063585E-4
<2567,registrar4-0,transcript2-3,read> 2.412301694959651E-4
<2568,registrar2-0,roster0-5,write> 1.5347277444313726E-4
<2569,admissions2-1,stu5-4application5-4,read> 6.106045768069426E-5
<2570,registrar2-0,roster0-4,write> 1.54070623264211E-4
<2571,registrar2-0,roster0-3,write> 1.510813791588423E-4
<2572,registrar4-0,transcript2-0,read> 2.8806898460780674E-4
<2573,registrar2-0,roster0-2,write> 1.522770768009898E-4
<2574,registrar4-1,transcript0-1,read> 2.149483098144377E-4
<2575,admissions2-1,stu5-18application5-18,setStatus> 1.2669539578144233E-4
<2576,stu3-4,gradebook3-7,readMyScores> 9.398747120636144E-5
<2577,stu5-12,transcript5-12,read> 1.5202895492545643E-4
<2578,registrar2-0,roster0-9,write> 1.6602759968568573E-4
<2579,admissions4-1,stu1-14application1-14,read> 1.7459492239355246E-4
<2580,admissions4-0,stu3-19application3-19,setStatus> 1.7539901057819315E-4
<2581,registrar4-0,transcript2-5,read> 2.3383456710988486E-4
<2582,admissions4-1,stu1-18application1-18,read> 1.1497609939052906E-4
<2583,registrar4-0,transcript2-6,read> 2.3260196671220484E-4
<2584,stu2-15,gradebook2-9,readScore> 9.756512039176315E-5
<2585,admissions4-0,stu0-0application0-0,read> 1.2324719905304975E-4
<2586,stu4-1,gradebook4-1,readMyScores> 1.606008111907208E-4
<2587,registrar4-1,transcript2-5,read> 2.374811100667642E-4
<2588,stu3-5,gradebook3-2,readMyScores> 3.726482131960756E-5
<2589,registrar4-1,transcript2-1,read> 2.4248839901172556E-4
<2590,stu3-5,gradebook3-1,readMyScores> 4.219082340975825E-5
<2591,registrar4-1,transcript2-9,read> 2.4874751019292736E-4
<2592,registrar0-0,roster0-1,read> 1.9874874751225433E-4
<2593,registrar4-1,transcript2-6,read> 2.3622928783052384E-4
<2594,admissions0-0,stu4-16application4-16,setStatus> 2.0472351128510607E-4
<2595,admissions2-0,stu4-5application4-5,read> 7.82585329916392E-5
<2596,registrar4-1,roster0-6,write> 1.801642610071554E-4
<2597,admissions2-0,application2-0,setStatus> 5.903927350598346E-5
<2598,admissions0-1,stu3-2application3-2,read> 5.9533881825302436E-5
<2599,admissions2-0,application2-1,setStatus> 5.961409807561576E-5
<2600,admissions0-0,stu5-11application5-11,read> 1.274352088259956E-4
<2601,admissions0-1,stu5-6application5-6,setStatus> 4.051212468927288E-5
<2602,stu2-14,gradebook2-2,readMyScores> 1.679164411546545E-4
<2603,stu3-2,gradebook3-4,readMyScores> 5.014301258361984E-5
<2604,stu1-4,gradebook1-1,readScore> 6.54426789583725E-5
<2605,stu3-2,gradebook3-8,readMyScores> 1.0407586300714525E-4
<2606,admissions2-1,stu2-9application2-9,read> 1.7465371807698742E-4
<2607,admissions2-0,application2-4,setStatus> 6.651199291120329E-5
<2608,admissions2-0,application2-3,setStatus> 6.536234377193869E-5
<2609,admissions2-0,application2-2,setStatus> 6.018892264524806E-5

