<0,fac2-4,gradebook2-9,addScore> 4.6020521697745455E-4
<1,registrar4-1,transcript0-14,read> 3.298461171676651E-4
<2,admissions0-0,stu5-9application5-9,setStatus> 2.8305056558457768E-5
<3,fac3-0,roster3-1,read> 0.0014046767619842302
<4,stu3-2,transcript3-2,read> 3.1151067702366475E-4
<5,fac4-3,gradebook4-7,assignGrade> 3.965439354248699E-4
<6,app4-4,application4-4,checkStatus> 0.0014259789448396326
<7,fac1-4,roster1-9,read> 0.0023923571816112025
<8,stu2-5,gradebook2-9,readScore> 2.9987899416830194E-4
<9,registrar4-0,transcript4-17,read> 3.6145082421590785E-4
<10,stu4-5,transcript4-5,read> 8.54639914674171E-4
<11,stu0-15,stu0-15application0-15,checkStatus> 0.0011764274305028147
<12,chair1,transcript1-7,read> 0.00146470560867802
<13,admissions2-0,stu0-10application0-10,setStatus> 1.8011763860763518E-4
<14,fac2-2,gradebook2-5,assignGrade> 6.658456757170363E-4
<15,admissions0-0,stu4-0application4-0,setStatus> 6.498074628126203E-5
<16,fac3-4,gradebook3-8,changeScore> 4.0944797714720284E-4
<17,admissions0-1,stu5-2application5-2,read> 1.366828898189337E-4
<18,fac2-0,roster2-1,read> 0.0012648282069928007
<19,stu1-13,stu1-13application1-13,checkStatus> 0.0012013825819364968
<20,fac2-4,roster2-9,read> 0.0016319306638453033
<21,admissions4-1,stu5-4application5-4,read> 5.1534980133271844E-5
<22,fac4-1,gradebook4-3,changeScore> 0.0010764876723324149
<23,fac1-2,roster1-4,read> 0.00228747076536763
<24,fac3-2,gradebook3-5,changeScore> 4.3844970302482075E-4
<25,stu4-18,transcript4-18,read> 0.0015129783845535725
<26,stu5-13,stu5-13application5-13,checkStatus> 0.001865189610072432
<27,stu1-7,transcript1-7,read> 0.0012661014583487972
<28,stu2-15,gradebook2-5,readScore> 2.4200501013420893E-4
<29,registrar2-0,roster0-1,read> 1.6570822839884425E-4
<30,stu4-14,transcript4-14,read> 0.0014965199228065874
<31,stu4-4,transcript4-4,read> 8.505252992374249E-4
<32,registrar4-1,transcript3-18,read> 3.4695701555347664E-4
<33,fac4-2,roster4-5,read> 0.0012036444641840502
<34,admissions0-1,stu1-8application1-8,read> 1.227605582933991E-4
<35,admissions2-0,stu0-15application0-15,read> 9.586810903570887E-5
<36,chair3,transcript3-9,read> 3.2229473447552905E-4
<37,stu4-2,transcript4-2,read> 8.710983764211559E-4
<38,admissions2-1,stu0-13application0-13,read> 1.2980031107085642E-4
<39,chair5,transcript5-9,read> 0.0014218652008954264
<40,fac1-3,roster1-7,read> 0.002374876112237274
<41,registrar2-1,transcript4-9,read> 1.774890255161304E-4
<42,registrar0-1,transcript4-13,read> 2.9951179982212875E-4
<43,stu3-12,transcript3-12,read> 0.0014512591530023789
<44,stu1-0,stu1-0application1-0,checkStatus> 0.0018402344586387499
<45,stu4-1,transcript4-1,read> 8.669837609844098E-4
<46,fac5-4,gradebook5-9,readScore> 3.954313928355259E-5
<47,fac2-2,gradebook2-4,changeScore> 0.0018692015129873046
<48,chair5,transcript5-6,read> 0.0014171051555862495
<49,chair4,transcript4-5,read> 9.887010777603154E-4
<50,stu0-0,transcript0-0,read> 7.353160670085294E-4
<51,stu2-16,gradebook2-6,readMyScores> 7.613377442110055E-5
<52,admissions4-1,application3-3,read> 1.0277724571182747E-4
<53,stu1-14,stu1-14application1-14,checkStatus> 0.0016954945803233953
<54,admissions4-1,stu2-1application2-1,setStatus> 1.0552203165671985E-4
<55,fac2-3,roster2-7,read> 0.0016057090597844101
<56,chair2,transcript2-15,read> 0.0016075069679533315
<57,registrar0-0,transcript5-6,read> 2.490376762379465E-4
<58,chair0,transcript0-3,read> 5.12696546842611E-4
<59,app5-1,application5-1,checkStatus> 0.001880162700932641
<60,fac0-1,gradebook0-3,changeScore> 2.789402106979222E-4
<61,stu4-7,gradebook4-5,readMyScores> 1.0679789086098345E-4
<62,chair4,transcript4-4,read> 9.839410324511382E-4
<63,registrar0-0,roster4-9,read> 8.203959852722593E-5
<64,stu0-14,stu0-14application0-14,checkStatus> 0.0011714364002160787
<65,app0-3,application0-3,checkStatus> 6.174320383883433E-4
<66,stu2-6,stu2-6application2-6,checkStatus> 0.0013960327631192147
<67,admissions0-0,application2-4,read> 5.573792507276127E-5
<68,registrar4-1,transcript2-16,read> 3.4293092181563866E-4
<69,stu1-10,stu1-10application1-10,checkStatus> 0.0010815978550548242
<70,fac3-3,gradebook3-6,assignGrade> 1.4277883399571318E-4
<71,registrar0-0,transcript4-18,read> 3.075937708607247E-4
<72,registrar4-1,transcript2-14,read> 3.3890482807780067E-4
<73,registrar0-1,transcript0-5,read> 9.301414749486012E-5
<74,registrar0-1,transcript0-16,read> 2.6703837869001797E-4
<75,admissions0-0,application5-0,setStatus> 2.0566212327769026E-4
<76,admissions4-1,stu5-11application5-11,setStatus> 9.988688514881416E-5
<77,stu2-0,stu2-0application2-0,checkStatus> 9.96750340180306E-4
<78,registrar2-1,transcript2-11,read> 2.8988543030196385E-4
<79,app5-2,application5-2,checkStatus> 0.0018901447615061137
<80,stu4-5,stu4-5application4-5,checkStatus> 7.721539772771701E-4
<81,stu5-4,stu5-4application5-4,checkStatus> 6.224230686750795E-4
<82,fac0-1,roster0-3,read> 0.002208805953184951
<83,fac2-1,gradebook2-3,changeScore> 0.0018740351339669073
<84,stu0-10,stu0-10application0-10,checkStatus> 0.0019450460946602137
<85,stu0-6,transcript0-6,read> 4.5140760187303765E-4
<86,fac3-3,roster3-6,read> 0.0014658605047929805
<87,app4-2,application4-2,checkStatus> 0.001401023793405951
<88,admissions0-1,stu5-8application5-8,setStatus> 2.0878496450828633E-4
<89,admissions4-1,stu0-7application0-7,setStatus> 1.0129567177579059E-4
<90,stu2-3,transcript2-3,read> 8.052645294332159E-4
<91,fac0-3,roster0-6,read> 0.0022699896959937015
<92,chair2,transcript2-13,read> 0.0015932268320258001
<93,chair4,transcript4-11,read> 0.0016265471491900396
<94,admissions2-0,application4-2,read> 1.1417066476464039E-4
<95,registrar4-0,roster4-8,read> 9.946254847122722E-5
<96,admissions2-0,application5-0,read> 1.52809393525718E-4
<97,registrar4-0,transcript4-12,read> 3.5748655149515755E-4
<98,stu1-15,stu1-15application1-15,checkStatus> 0.001391041732832478
<99,stu2-14,gradebook2-6,readScore> 1.412135265018111E-4
<100,app3-3,application3-3,checkStatus> 0.0012413108242303877
<101,registrar2-0,transcript1-6,read> 2.6604682753313445E-4
<102,fac3-3,roster3-7,read> 0.0014746010394799448
<103,registrar2-1,transcript5-8,read> 2.6113286163582044E-4
<104,stu1-9,stu1-9application1-9,checkStatus> 0.0015158174900008871
<105,registrar2-0,transcript1-8,read> 2.643119752411102E-4
<106,chair0,transcript0-10,read> 0.0015456263789340296
<107,admissions0-1,stu4-11application4-11,setStatus> 1.9350967913544275E-4
<108,registrar4-1,transcript1-9,read> 3.0770260160955615E-4
<109,admissions2-0,application3-1,setStatus> 1.131007047516991E-4
<110,stu3-17,stu3-17application3-17,checkStatus> 0.00141599688426616
<111,registrar2-1,transcript5-4,read> 2.576477017975E-4
<112,admissions2-1,stu0-13application0-13,setStatus> 1.4750035348960958E-4
<113,stu4-6,stu4-6application4-6,checkStatus> 5.874858566679251E-4
<114,admissions0-0,stu4-13application4-13,read> 1.7231187855587166E-4
<115,stu5-9,transcript5-9,read> 0.0012290699194180807
<116,stu3-7,stu3-7application3-7,checkStatus> 0.0014359610054131052
<117,stu4-11,transcript4-11,read> 0.0014059983831981701
<118,fac5-4,roster5-9,read> 0.0014221578313581588
<119,admissions4-0,stu0-8application0-8,setStatus> 1.3497240272122567E-4
<120,admissions4-1,stu4-4application4-4,read> 1.1352159172023425E-4
<121,admissions2-0,stu5-2application5-2,read> 1.1579755860721208E-4
<122,chair4,transcript4-19,read> 0.0017455482819194656
<123,registrar2-1,transcript4-4,read> 1.801028953948707E-4
<124,chair4,transcript4-12,read> 0.0017169880100644033
<125,stu4-9,gradebook4-3,readMyScores> 1.3673533175307694E-4
<126,registrar0-0,roster3-9,read> 1.0881069445323553E-4
<127,registrar4-0,roster3-5,read> 1.2589359583466624E-4
<128,fac0-4,roster0-9,read> 0.00242731932035906
<129,fac2-1,gradebook2-2,assignGrade> 6.382249844050193E-4
<130,registrar4-0,transcript2-4,read> 1.9296923358402119E-4
<131,registrar0-0,roster3-6,read> 1.0689847331566343E-4
<132,fac2-4,gradebook2-8,readScore> 1.1745599644341599E-4
<133,admissions4-0,application3-2,read> 1.0237636363689182E-4
<134,fac2-2,gradebook2-5,addScore> 6.442789703846833E-4
<135,registrar4-0,transcript3-13,read> 3.4856693787346945E-4
<136,fac3-3,gradebook3-7,assignGrade> 1.4450512720271425E-4
<137,registrar2-1,transcript3-12,read> 3.0731122949356597E-4
<138,registrar4-0,transcript4-11,read> 3.386562560715938E-4
<139,fac2-2,gradebook2-5,readScore> 2.3736593645751485E-4
<140,registrar2-0,transcript0-11,read> 2.8079307201534046E-4
<141,stu5-6,stu5-6application5-6,checkStatus> 2.9800610003721643E-4
<142,fac4-4,roster4-8,read> 0.0011512012560622638
<143,admissions4-1,stu3-15application3-15,read> 1.1641430026095916E-4
<144,app5-3,application5-3,checkStatus> 0.001900126822079586
<145,registrar4-0,roster1-8,write> 1.4977593505948798E-4
<146,stu5-8,transcript5-8,read> 0.001233184534854827
<147,admissions0-0,stu1-0application1-0,read> 1.776106946232857E-4
<148,stu0-8,transcript0-8,read> 4.637514481832764E-4
<149,app5-0,application5-0,checkStatus> 0.0018751716706459044
<150,fac2-1,gradebook2-3,addScore> 2.8026353967990184E-4
<151,stu4-3,gradebook4-1,readMyScores> 7.021957292435744E-5
<152,chair4,transcript4-2,read> 0.0010077412589970236
<153,admissions4-1,stu0-11application0-11,setStatus> 1.5764713685484732E-4
<154,registrar4-0,transcript5-1,read> 2.861296425216526E-4
<155,admissions4-0,stu3-7application3-7,read> 1.1795574685678925E-4
<156,registrar2-0,roster5-8,write> 7.581013123297632E-5
<157,admissions4-1,stu1-19application1-19,setStatus> 4.165703790045551E-5
<158,chair2,transcript2-6,read> 8.982602168859516E-4
<159,fac4-3,roster4-7,read> 0.0012473471376188718
<160,stu3-6,transcript3-6,read> 3.2796913877064976E-4
<161,stu3-6,stu3-6application3-6,checkStatus> 0.0018701806403591682
<162,registrar0-1,roster1-5,read> 1.6921654327653376E-4
<163,stu1-8,transcript1-8,read> 0.0012537576120385582
<164,stu5-7,gradebook5-1,addScore> 1.757231104983193E-4
<165,stu4-16,stu4-16application4-16,checkStatus> 0.0015008443991406779
<166,stu3-18,stu3-18application3-18,checkStatus> 0.0015757098534417235
<167,stu3-15,stu3-15application3-15,checkStatus> 0.0014060148236926871
<168,registrar2-1,roster0-4,read> 1.7109368003860262E-4
<169,admissions4-1,stu4-3application4-3,read> 1.614579046808186E-4
<170,registrar2-0,transcript0-13,read> 2.851302027454011E-4
<171,chair1,transcript1-9,read> 0.0014551855180596658
<172,fac2-3,gradebook2-6,changeScore> 0.0018595342710280983
<173,stu1-4,stu1-4application1-4,checkStatus> 0.0019400550643734772
<174,stu1-3,transcript1-3,read> 0.0012825599200957823
<175,admissions4-0,stu3-8application3-8,setStatus> 1.4755145017748258E-4
<176,registrar2-1,roster4-9,write> 6.214546955411108E-5
<177,fac2-1,gradebook2-3,assignGrade> 6.692982621310384E-4
<178,stu0-19,transcript0-19,read> 0.0013072476127162596
<179,registrar4-1,transcript2-18,read> 3.4796353898793617E-4
<180,registrar0-0,roster1-9,read> 1.7446362017654486E-4
<181,registrar2-0,roster1-9,write> 1.3157113661015098E-4
<182,stu2-8,gradebook2-6,readScore> 2.102310700010886E-4
<183,stu2-8,stu2-8application2-8,checkStatus> 0.0019650102158071587
<184,stu3-1,stu3-1application3-1,checkStatus> 0.0016056560351621412
<185,fac2-1,gradebook2-2,changeScore> 0.0017870299563340537
<186,fac1-0,gradebook1-1,changeScore> 7.284669618009999E-4
<187,admissions2-1,stu0-11application0-11,read> 1.3216240443547202E-4
<188,stu2-14,gradebook2-9,readMyScores> 1.9547827322834155E-4
<189,registrar4-0,transcript4-0,read> 2.0783525628683468E-4
<190,fac1-1,gradebook1-3,readScore> 4.5837662637270855E-5
<191,stu3-19,stu3-19application3-19,checkStatus> 0.0015108264597141507
<192,fac2-4,gradebook2-8,changeScore> 0.0018353661661300834
<193,stu3-10,transcript3-10,read> 0.0014636029993126175
<194,fac0-1,gradebook0-3,addScore> 1.9467347427523895E-4
<195,stu3-13,stu3-13application3-13,checkStatus> 0.0011864094910762875
<196,registrar2-1,roster2-8,read> 1.2329256781439804E-4
<197,registrar0-1,transcript2-11,read> 2.770302005768213E-4
<198,stu4-3,gradebook4-5,readMyScores> 1.0219618640736835E-4
<199,stu0-16,transcript0-16,read> 0.0013195914590264982
<200,registrar4-0,transcript3-10,read> 3.525312105942197E-4
<201,stu0-9,gradebook0-2,readScore> 4.651756624893777E-5
<202,chair2,transcript2-17,read> 0.0016360672398083934
<203,stu2-10,stu2-10application2-10,checkStatus> 0.0012113646425099696
<204,app3-0,application3-0,checkStatus> 0.0012263377333701783
<205,registrar4-0,roster0-2,read> 1.923488006341702E-4
<206,admissions0-1,stu3-7application3-7,setStatus> 1.569581034218527E-4
<207,chair5,transcript5-1,read> 0.001374264747803656
<208,registrar0-1,transcript3-16,read> 2.903526297592258E-4
<209,chair3,transcript3-7,read> 3.746552328764766E-4
<210,fac2-2,gradebook2-4,addScore> 5.082342594034958E-4
<211,admissions0-1,stu1-15application1-15,read> 1.338024074343403E-4
<212,fac3-1,roster3-3,read> 0.0014396389007320875
<213,admissions0-0,stu0-10application0-10,read> 1.8772661620653083E-4
<214,chair4,transcript4-17,read> 0.0017360281913011114
<215,stu4-0,transcript4-0,read> 8.628691455476635E-4
<216,stu4-11,stu4-11application4-11,checkStatus> 0.0017703600346244412
<217,stu5-17,stu5-17application5-17,checkStatus> 0.0012562839150905966
<218,fac1-3,gradebook1-6,changeScore> 6.94631614943779E-4
<219,fac3-4,roster3-9,read> 0.0014920821088538734
<220,fac5-3,gradebook5-6,changeScore> 4.5778418694323274E-4
<221,chair0,transcript0-17,read> 0.0015218261523881442
<222,registrar4-0,roster1-8,read> 2.0594191070679599E-4
<223,registrar2-0,transcript2-15,read> 2.9293703805951025E-4
<224,admissions4-0,stu2-11application2-11,read> 5.604819774614418E-5
<225,registrar0-0,transcript2-13,read> 2.799887548242721E-4
<226,chair2,transcript2-4,read> 9.268204887410139E-4
<227,chair2,transcript2-16,read> 0.0016217871038808624
<228,chair0,transcript0-16,read> 0.0015265861976973213
<229,stu4-0,stu4-0application4-0,checkStatus> 5.924768869546614E-4
<230,stu0-8,stu0-8application0-8,checkStatus> 0.0014459430659865778
<231,registrar2-1,transcript1-8,read> 2.65489311433721E-4
<232,admissions4-1,stu1-5application1-5,setStatus> 1.0082607623346511E-4
<233,admissions0-1,stu3-8application3-8,read> 1.5204546253676498E-4
<234,admissions4-0,application3-1,read> 1.0032644479216847E-4
<235,registrar4-1,transcript0-18,read> 3.207874062575297E-4
<236,chair3,transcript3-14,read> 0.001669387556972633
<237,registrar2-1,transcript4-3,read> 1.7923160543529063E-4
<238,admissions0-0,stu3-15application3-15,setStatus> 1.5420667799494997E-4
<239,chair1,transcript1-4,read> 0.0014694656539871967
<240,admissions4-0,stu3-6application3-6,setStatus> 1.7457310767610856E-4
<241,stu1-9,gradebook1-6,readScore> 1.1162838897556276E-4
<242,registrar0-0,transcript2-19,read> 2.9086345811135943E-4
<243,admissions2-0,stu2-18application2-18,read> 1.2271185743814174E-4
<244,admissions0-0,stu0-13application0-13,setStatus> 1.8048179899039183E-4
<245,registrar0-0,transcript5-9,read> 2.498741918754148E-4
<246,admissions4-1,application3-0,setStatus> 1.1538353804555478E-4
<247,admissions2-0,application5-0,setStatus> 1.7364703809740682E-4
<248,admissions4-0,stu5-10application5-10,setStatus> 1.6711885733166002E-4
<249,admissions2-1,stu5-16application5-16,read> 1.026362373777769E-4
<250,admissions2-0,stu4-3application4-3,setStatus> 1.8057982435836582E-4
<251,admissions0-1,stu1-0application1-0,setStatus> 2.0114732182186453E-4
<252,admissions0-1,stu3-14application3-14,setStatus> 1.2695307858233851E-4
<253,chair4,transcript4-8,read> 9.60140805905253E-4
<254,chair4,transcript4-13,read> 0.001712227964755226
<255,fac1-1,gradebook1-2,changeScore> 7.381342037602059E-4
<256,chair2,transcript2-10,read> 0.001578946696098269
<257,app2-4,application2-4,checkStatus> 5.775037960944523E-4
<258,admissions0-0,application4-3,read> 1.3811042939347148E-4
<259,stu4-13,transcript4-13,read> 0.0014800614610596024
<260,stu2-17,gradebook2-2,addScore> 3.729132895866662E-4
<261,registrar4-0,transcript4-18,read> 3.6442402875647053E-4
<262,admissions0-0,stu5-11application5-11,setStatus> 1.1643619156400229E-4
<263,registrar4-1,transcript0-0,read> 1.7987412543319975E-4
<264,stu3-1,transcript3-1,read> 2.9505221527667975E-4
<265,admissions4-0,stu5-0application5-0,read> 9.99164610232238E-5
<266,registrar0-0,transcript4-4,read> 1.7291475322833485E-4
<267,fac4-2,roster4-4,read> 0.0012211255335579788
<268,fac0-3,roster0-7,read> 0.0022612491613067374
<269,fac1-2,gradebook1-5,addScore> 4.7803934007948577E-4
<270,stu2-6,gradebook2-1,addScore> 5.54937892844073E-4
<271,admissions2-0,stu1-13application1-13,read> 9.79017263389235E-5
<272,fac4-0,roster4-1,read> 0.0015707469210365526
<273,registrar2-1,transcript3-14,read> 3.0556864957440575E-4
<274,admissions0-0,application3-2,setStatus> 1.3668993066465543E-4
<275,stu4-12,stu4-12application4-12,checkStatus> 0.0016256201563090867
<276,stu2-4,transcript2-4,read> 8.011499139964697E-4
<277,admissions0-1,stu4-16application4-16,setStatus> 1.6405020020210154E-4
<278,admissions4-0,stu4-5application4-5,read> 6.342790558714823E-5
<279,admissions4-0,stu2-1application2-1,setStatus> 1.046895106969035E-4
<280,registrar0-1,transcript5-1,read> 2.403935203252091E-4
<281,stu1-19,gradebook1-9,addScore> 1.7889169399295463E-4
<282,stu4-1,gradebook4-1,readMyScores> 6.837515637474956E-5
<283,admissions2-0,stu4-13application4-13,setStatus> 1.6532769458425618E-4
<284,admissions2-1,stu4-2application4-2,read> 7.389743477495363E-5
<285,registrar0-0,transcript1-2,read> 2.599123795250339E-4
<286,admissions2-0,stu5-11application5-11,setStatus> 9.831076072832006E-5
<287,chair4,transcript4-1,read> 0.0010029812136878465
<288,stu2-0,gradebook2-4,addScore> 7.962888559383763E-4
<289,admissions4-1,stu1-18application1-18,setStatus> 1.0505243611439438E-4
<290,stu3-0,gradebook3-4,addScore> 1.0153070232412887E-4
<291,admissions0-1,stu2-0application2-0,read> 9.587605603719436E-5
<292,admissions4-1,stu0-3application0-3,setStatus> 7.358953477858767E-5
<293,stu5-2,transcript5-2,read> 0.0012084968422343494
<294,admissions4-0,stu0-16application0-16,setStatus> 1.1121197974829598E-4
<295,fac3-4,gradebook3-8,addScore> 1.0071134019129268E-4
<296,admissions4-0,stu4-4application4-4,read> 1.1262595786050855E-4
<297,registrar0-0,transcript0-12,read> 2.766426922743991E-4
<298,chair3,transcript3-11,read> 0.0016836676929001641
<299,stu0-19,stu0-19application0-19,checkStatus> 9.867682796068332E-4
<300,fac4-1,roster4-3,read> 0.0015882279904104813
<301,admissions2-1,stu3-1application3-1,read> 1.2665085325136896E-4
<302,chair4,transcript4-6,read> 9.934611230694925E-4
<303,stu3-16,stu3-16application3-16,checkStatus> 3.4791640290458007E-4
<304,admissions0-1,stu2-1application2-1,read> 1.0787806597300005E-4
<305,registrar2-0,transcript3-18,read> 2.9900902108159506E-4
<306,fac5-3,gradebook5-7,changeScore> 4.529505659636297E-4
<307,fac3-1,roster3-2,read> 0.0013871956926103013
<308,admissions0-0,stu3-10application3-10,read> 4.899397735059786E-5
<309,chair0,transcript0-19,read> 0.0015123060617697904
<310,stu3-8,stu3-8application3-8,checkStatus> 0.0015807008837284595
<311,registrar2-0,transcript4-18,read> 3.189598224398738E-4
<312,fac2-3,roster2-6,read> 0.001596968525097446
<313,registrar0-1,transcript2-1,read> 1.612915970546828E-4
<314,fac4-4,gradebook4-8,changeScore> 0.0011151566401692388
<315,stu0-9,stu0-9application0-9,checkStatus> 0.0010915799156282968
<316,fac0-4,roster0-8,read> 0.002409838250985131
<317,stu0-17,transcript0-17,read> 0.001315476843589752
<318,registrar0-1,transcript5-0,read> 2.4289147579690997E-4
<319,fac0-2,roster0-4,read> 0.002252508626619773
<320,registrar4-0,transcript1-8,read> 3.0198673340465376E-4
<321,stu3-17,transcript3-17,read> 0.0014265714603819012
<322,registrar2-1,roster0-3,write> 1.2201756971372085E-4
<323,registrar4-1,transcript2-11,read> 3.3487873433996263E-4
<324,registrar4-1,roster0-1,read> 1.922805946454295E-4
<325,registrar4-1,transcript2-4,read> 1.9597850038455175E-4
<326,registrar2-0,roster4-4,read> 9.234164697047112E-5
<327,registrar0-0,roster1-1,write> 1.2456478905255127E-4
<328,stu2-4,gradebook2-4,readMyScores> 1.9856416662921393E-4
<329,stu2-11,transcript2-11,read> 0.0013689668442674536
<330,fac5-4,gradebook5-9,changeScore> 3.224427995143491E-4
<331,stu0-18,stu0-18application0-18,checkStatus> 0.001955028155233686
<332,registrar0-0,transcript5-2,read> 2.456916136880735E-4
<333,registrar0-1,transcript3-14,read> 2.9201793340702636E-4
<334,registrar4-1,roster5-1,read> 1.3552634234523294E-4
<335,fac1-1,roster1-3,read> 0.0022962113000545947
<336,registrar4-1,transcript1-6,read> 3.0870912504401567E-4
<337,admissions0-1,stu1-4application1-4,setStatus> 2.1205823994532424E-4
<338,stu2-2,transcript2-2,read> 7.929206831229773E-4
<339,chair0,transcript0-11,read> 0.0015408663336248527
<340,stu4-13,stu4-13application4-13,checkStatus> 0.0017853331254846503
<341,registrar4-0,transcript1-18,read> 3.4398324754010194E-5
<342,stu5-8,stu5-8application5-8,checkStatus> 0.0019101088826530594
<343,admissions0-1,application5-3,setStatus> 2.0769387269594034E-4
<344,fac0-0,gradebook0-1,assignGrade> 9.616891740668438E-5
<345,fac2-2,gradebook2-5,changeScore> 0.0018643678920077017
<346,registrar2-1,transcript5-3,read> 2.550338319187597E-4
<347,stu4-17,stu4-17application4-17,checkStatus> 8.669835527251608E-4
<348,registrar4-1,transcript4-1,read> 2.1208287533590372E-4
<349,chair1,transcript1-1,read> 0.0012552636150742298
<350,registrar0-0,roster0-3,read> 1.6107807221354004E-4
<351,admissions4-0,stu4-0application4-0,setStatus> 5.530510216493197E-5
<352,registrar4-0,transcript2-11,read> 3.2973664244990563E-4
<353,registrar0-0,roster1-5,write> 1.2363765153130418E-4
<354,registrar0-0,transcript2-8,read> 1.5953050302884269E-4
<355,fac4-1,roster4-2,read> 0.0015794874557235174
<356,registrar2-0,roster3-1,write> 7.725222619962739E-5
<357,registrar0-0,roster1-4,write> 1.2131980772818647E-4
<358,registrar4-0,transcript1-6,read> 3.039688697650289E-4
<359,fac4-1,gradebook4-2,changeScore> 0.0010668204303732089
<360,registrar0-0,roster1-3,write> 1.2178337648881001E-4
<361,admissions4-0,stu5-8application5-8,setStatus> 1.7830023284833282E-4
<362,stu3-18,transcript3-18,read> 0.0014183422295084088
<363,registrar0-0,roster1-2,write> 1.241012202919277E-4
<364,stu5-11,stu5-11application5-11,checkStatus> 0.0010616337339078787
<365,registrar2-1,transcript0-1,read> 1.4960774680956702E-4
<366,stu3-16,transcript3-16,read> 0.0014348006912553936
<367,admissions2-1,stu5-8application5-8,read> 1.50665469124961E-4
<368,registrar0-0,roster2-1,write> 6.70822627352319E-5
<369,registrar4-1,roster4-1,write> 1.0023795666287789E-4
<370,fac4-4,gradebook4-8,assignGrade> 3.98270228631871E-4
<371,admissions0-1,stu2-0application2-0,setStatus> 1.0895006367862997E-4
<372,registrar0-0,roster1-9,write> 1.26882632855669E-4
<373,registrar4-1,roster2-9,read> 1.431958358993135E-4
<374,chair1,transcript1-3,read> 0.0014837457899147283
<375,stu1-4,gradebook1-1,addScore> 3.116654062572794E-4
<376,stu2-10,gradebook2-8,addScore> 4.0276598678741277E-4
<377,stu4-3,stu4-3application4-3,checkStatus> 0.0019500371249469499
<378,registrar4-0,roster5-9,write> 8.936211251448443E-5
<379,registrar2-0,transcript4-13,read> 3.120204132717768E-4
<380,registrar2-1,transcript0-16,read> 2.794299507870026E-4
<381,admissions0-1,application3-4,setStatus> 1.3513626717493327E-4
<382,registrar4-0,transcript0-5,read> 1.1071057462845299E-4
<383,stu4-7,gradebook4-9,readMyScores> 1.2125171722443702E-4
<384,chair1,transcript1-0,read> 0.001264783705692584
<385,admissions4-0,stu3-13application3-13,read> 9.745655840955577E-5
<386,registrar0-0,roster1-8,write> 1.2641906409504544E-4
<387,stu5-5,stu5-5application5-5,checkStatus> 8.769656132986336E-4
<388,admissions0-1,stu0-17application0-17,setStatus> 2.0332950544655647E-4
<389,admissions0-1,stu1-17application1-17,setStatus> 6.530639118479114E-5
<390,admissions4-0,stu3-6application3-6,read> 1.5362433475497552E-4
<391,registrar0-1,roster2-8,write> 8.569094412901518E-5
<392,registrar0-0,roster1-7,write> 1.259554953344219E-4
<393,stu5-4,transcript5-4,read> 0.001216726073107842
<394,chair2,transcript2-19,read> 0.0016551074210451016
<395,stu4-4,stu4-4application4-4,checkStatus> 0.0013710776116855326
<396,chair4,transcript4-9,read> 9.696608965236072E-4
<397,registrar4-0,transcript3-14,read> 3.4757586969328194E-4
<398,stu2-17,stu2-17application2-17,checkStatus> 0.001066624764194615
<399,registrar0-1,transcript4-2,read> 1.762793298848878E-4
<400,admissions0-0,stu4-11application4-11,setStatus> 1.9416675784218447E-4
<401,stu2-16,gradebook2-3,addScore> 2.96589571117566E-4
<402,stu2-13,transcript2-13,read> 0.001377196075140946
<403,registrar0-0,transcript3-3,read> 6.16581734450563E-5
<404,stu3-3,stu3-3application3-3,checkStatus> 0.001855207549498959
<405,admissions2-0,application4-1,read> 1.1498411168592624E-4
<406,registrar4-1,transcript0-19,read> 3.1978088282307016E-4
<407,stu2-9,stu2-9application2-9,checkStatus> 0.0017803420951979137
<408,stu5-18,gradebook5-2,readMyScores> 3.5838614813471805E-5
<409,admissions2-1,stu3-13application3-13,read> 9.35815461467504E-5
<410,registrar0-0,roster1-6,write> 1.227105140100571E-4
<411,stu5-0,stu5-0application5-0,checkStatus> 0.0012163556727967056
<412,stu4-10,transcript4-10,read> 0.0013936545368879313
<413,registrar4-0,transcript2-9,read> 1.9693350630477143E-4
<414,stu5-5,transcript5-5,read> 0.0012126114576710956
<415,stu2-10,gradebook2-7,readMyScores> 1.8429965361173013E-4
<416,admissions2-1,stu5-3application5-3,setStatus> 1.3005307295551696E-4
<417,chair4,transcript4-18,read> 0.0017503083272286423
<418,registrar4-1,roster0-2,read> 1.9534839206706176E-4
<419,chair2,transcript2-9,read> 9.458606699777221E-4
<420,stu4-8,stu4-8application4-8,checkStatus> 8.270553104312701E-4
<421,stu1-9,gradebook1-6,addScore> 3.0299134150509895E-4
<422,registrar2-0,transcript3-19,read> 2.9727416878957085E-4
<423,registrar0-0,transcript5-4,read> 2.4736464496301E-4
<424,admissions2-0,application5-2,read> 1.540295639076468E-4
<425,admissions0-1,stu5-10application5-10,read> 1.7220883922891854E-4
<426,app4-1,application4-1,checkStatus> 0.0014110058539794233
<427,stu0-16,stu0-16application0-16,checkStatus> 0.001191400521363024
<428,admissions0-0,stu5-10application5-10,setStatus> 1.963563512584713E-4
<429,stu0-11,stu0-11application0-11,checkStatus> 0.0016755304591764503
<430,admissions4-1,application2-4,read> 4.7815783438054084E-5
<431,admissions4-1,stu1-15application1-15,read> 1.1517456802921993E-4
<432,stu2-7,stu2-7application2-7,checkStatus> 9.218848858792609E-4
<433,admissions2-0,stu3-19application3-19,setStatus> 1.3990747829407355E-4
<434,stu1-4,transcript1-4,read> 0.0012702160737855432
<435,registrar2-0,transcript2-12,read> 2.894673334754617E-4
<436,stu3-19,gradebook3-6,readMyScores> 1.937142600997045E-5
<437,admissions0-0,application4-4,setStatus> 1.563962714112368E-4
<438,stu0-3,stu0-3application0-3,checkStatus> 7.821360378506429E-4
<439,chair2,transcript2-12,read> 0.001588466786716623
<440,stu2-12,gradebook2-7,readScore> 1.3849479047080732E-4
<441,admissions4-0,stu0-15application0-15,setStatus> 1.0981430780871187E-4
<442,admissions2-0,stu3-19application3-19,read> 1.231185808987847E-4
<443,admissions0-0,stu1-13application1-13,setStatus> 1.317633454780101E-4
<444,admissions0-0,stu0-3application0-3,setStatus> 8.578188373598681E-5
<445,admissions2-1,stu4-13application4-13,setStatus> 1.6002660618075302E-4
<446,stu2-19,stu2-19application2-19,checkStatus> 0.0011564633093558694
<447,admissions0-0,stu2-7application2-7,setStatus> 1.0110903764999457E-4
<448,registrar4-0,transcript5-2,read> 2.910849834225905E-4
<449,registrar2-1,transcript4-7,read> 1.7487515563739008E-4
<450,admissions0-1,stu4-17application4-17,setStatus> 9.476587011813234E-5
<451,stu2-19,transcript2-19,read> 0.0014306860758186474
<452,registrar2-0,transcript5-0,read> 2.5303543534295264E-4
<453,admissions0-0,stu4-18application4-18,read> 9.493712120783606E-6
<454,stu4-0,gradebook4-5,readMyScores> 9.682753121148407E-5
<455,registrar4-1,transcript0-9,read> 1.1746967249671075E-4
<456,registrar4-0,roster3-3,read> 1.243832502710412E-4
<457,registrar4-1,roster1-8,read> 2.0915348046440685E-4
<458,stu3-2,gradebook3-7,addScore> 1.0208615339917063E-4
<459,stu2-4,gradebook2-8,addScore> 5.593341732005479E-4
<460,admissions2-0,stu4-14application4-14,setStatus> 1.4499152155211003E-4
<461,fac0-2,gradebook0-4,addScore> 1.913000711109027E-4
<462,admissions0-1,stu1-13application1-13,setStatus> 1.3131744583172241E-4
<463,registrar2-0,transcript0-12,read> 2.868650550374254E-4
<464,app1-2,application1-2,checkStatus> 2.1814961544943482E-4
<465,admissions2-1,stu2-17application2-17,setStatus> 9.560587805487267E-5
<466,admissions0-1,stu0-11application0-11,setStatus> 1.8314430691815595E-4
<467,admissions2-1,stu1-2application1-2,read> 1.2310771320444552E-4
<468,admissions0-1,stu4-7application4-7,setStatus> 4.075682540700679E-5
<469,registrar0-0,roster3-7,read> 1.0753588036152079E-4
<470,stu2-5,stu2-5application2-5,checkStatus> 0.0013511134905385873
<471,stu3-5,transcript3-5,read> 3.15625292460411E-4
<472,stu2-18,stu2-18application2-18,checkStatus> 0.001505835429427414
<473,admissions0-0,stu4-14application4-14,setStatus> 1.7172342532524457E-4
<474,registrar4-1,transcript4-0,read> 2.1107635190144422E-4
<475,fac1-4,gradebook1-8,assignGrade> 2.239146147247633E-4
<476,admissions4-0,stu2-19application2-19,setStatus> 1.0795074522259974E-4
<477,fac5-1,roster5-3,read> 0.001299790345740658
<478,fac2-3,gradebook2-7,addScore> 3.3295278198900216E-4
<479,fac5-1,gradebook5-2,changeScore> 4.7228504988204166E-4
<480,chair3,transcript3-13,read> 0.0016741476022818097
<481,registrar0-0,roster0-5,read> 1.6362770039696952E-4
<482,fac4-1,gradebook4-3,addScore> 4.766099904848667E-4
<483,registrar2-1,roster0-2,write> 1.229832487485533E-4
<484,admissions4-1,stu1-3application1-3,setStatus> 1.2994099985764445E-4
<485,stu1-1,transcript1-1,read> 0.0010850583791319616
<486,fac1-4,roster1-8,read> 0.0023836166469242384
<487,registrar2-0,roster0-8,read> 1.822322332250544E-4
<488,admissions0-1,stu4-18application4-18,read> 9.461584499393477E-6
<489,fac5-1,gradebook5-2,addScore> 9.573456242973644E-5
<490,registrar2-0,transcript1-9,read> 2.651794013871223E-4
<491,admissions4-1,stu1-9application1-9,setStatus> 1.426200795004322E-4
<492,admissions0-1,application4-2,read> 1.347625682292048E-4
<493,admissions0-1,stu4-8application4-8,setStatus> 9.040150286874846E-5
<494,chair1,transcript1-2,read> 0.0014789857446055512
<495,registrar4-0,roster3-9,write> 9.375584506321197E-5
<496,registrar0-0,transcript4-11,read> 2.858443642865499E-4
<497,admissions4-1,stu1-10application1-10,read> 8.955343523994211E-5
<498,fac5-1,gradebook5-3,addScore> 6.41000353252334E-5
<499,stu1-7,stu1-7application1-7,checkStatus> 3.0798816061068917E-4
<500,stu1-8,stu1-8application1-8,checkStatus> 0.001276248036237542
<501,stu4-17,gradebook4-2,readMyScores> 7.437311511953092E-5
<502,stu3-15,transcript3-15,read> 0.00143891530669214
<503,admissions2-1,stu1-13application1-13,read> 9.476259282905821E-5
<504,stu0-0,stu0-0application0-0,checkStatus> 0.001206373612223233
<505,registrar0-1,transcript5-4,read> 2.4622208309251105E-4
<506,stu0-18,transcript0-18,read> 0.001311362228153006
<507,admissions4-0,stu4-1application4-1,read> 1.4870452952763947E-4
<508,registrar2-0,transcript2-19,read> 3.0161129951963134E-4
<509,admissions2-0,stu3-9application3-9,read> 6.658401986941845E-5
<510,admissions0-0,stu5-15application5-15,read> 3.887805576735275E-5
<511,registrar4-1,transcript0-10,read> 3.2682654686428666E-4
<512,stu2-0,gradebook2-4,readScore> 2.9336957850361223E-4
<513,chair3,transcript3-19,read> 0.0016313071944992165
<514,stu3-11,transcript3-11,read> 0.001455373768439125
<515,registrar2-0,transcript2-1,read> 1.680276730337647E-4
<516,chair5,transcript5-2,read> 0.0013980649743495414
<517,admissions4-1,stu5-0application5-0,read> 1.0071102532559536E-4
<518,admissions2-0,stu4-11application4-11,setStatus> 1.6394113733206442E-4
<519,admissions0-1,stu2-6application2-6,read> 1.3428248783177256E-4
<520,admissions2-1,stu0-8application0-8,read> 1.14053021973419E-4
<521,admissions2-0,application5-4,read> 1.560631812108614E-4
<522,registrar4-1,roster1-3,write> 1.4653380866205546E-4
<523,registrar2-1,roster5-1,read> 1.1731742878637247E-4
<524,admissions4-1,stu0-2application0-2,read> 6.904619790658871E-6
<525,admissions0-0,stu2-1application2-1,read> 1.0824437519531922E-4
<526,admissions4-1,stu3-18application3-18,read> 1.3046459888733735E-4
<527,admissions0-0,stu3-8application3-8,setStatus> 1.733656203874597E-4
<528,admissions0-0,stu4-7application4-7,setStatus> 4.089521870210698E-5
<529,admissions4-1,stu4-5application4-5,read> 6.393230245066431E-5
<530,admissions0-1,stu3-15application3-15,setStatus> 1.5368482798481479E-4
<531,stu0-17,stu0-17application0-17,checkStatus> 0.0018601985797856953
<532,admissions0-1,application4-3,setStatus> 1.564125575156797E-4
<533,stu2-18,transcript2-18,read> 0.001422456844945155
<534,fac0-1,roster0-2,read> 0.0022262870225588796
<535,chair0,transcript0-15,read> 0.0015551464695523838
<536,chair0,transcript0-18,read> 0.0015170661070789675
<537,admissions4-0,stu2-9application2-9,read> 1.462446269139714E-4
<538,stu1-3,stu1-3application1-3,checkStatus> 0.0013810596722590054
<539,stu2-14,gradebook2-4,readMyScores> 1.2526055947603557E-4
<540,admissions2-0,stu2-17application2-17,setStatus> 9.877294647905065E-5
<541,admissions0-0,stu3-4application3-4,setStatus> 5.403277919982791E-5
<542,registrar0-1,transcript2-7,read> 1.5962629340688224E-4
<543,registrar4-1,roster1-9,read> 2.0992042981981494E-4
<544,admissions4-1,stu4-0application4-0,setStatus> 5.57449041702197E-5
<545,admissions0-1,stu2-9application2-9,setStatus> 1.946007709477887E-4
<546,app5-4,application5-4,checkStatus> 0.0019150999129397951
<547,admissions4-1,stu2-19application2-19,setStatus> 1.0880920045299813E-4
<548,admissions4-1,stu3-13application3-13,read> 9.823156086211687E-5
<549,stu2-1,gradebook2-7,addScore> 5.787888862532832E-4
<550,stu2-10,transcript2-10,read> 0.0013648522288307072
<551,admissions2-1,stu1-10application1-10,setStatus> 9.694797655749518E-5
<552,chair4,transcript4-14,read> 0.0017312681459919343
<553,fac5-0,gradebook5-1,addScore> 1.4713968402169802E-4
<554,admissions0-0,stu0-13application0-13,read> 1.588239831115448E-4
<555,admissions0-0,stu3-6application3-6,read> 1.8050095793278436E-4
<556,app1-1,application1-1,checkStatus> 2.0816755487596211E-4
<557,registrar4-1,transcript5-6,read> 2.996504141338802E-4
<558,admissions4-1,application5-0,setStatus> 1.7643095854786626E-4
<559,admissions0-1,application3-1,read> 1.1747967392164461E-4
<560,chair3,transcript3-18,read> 0.0016408272851175707
<561,admissions2-1,stu3-18application3-18,setStatus> 1.412372271440379E-4
<562,registrar0-0,roster3-4,write> 7.496293166583215E-5
<563,app4-3,application4-3,checkStatus> 0.0014309699751263688
<564,stu4-18,gradebook4-6,addScore> 1.6258665028065508E-4
<565,registrar4-1,transcript2-8,read> 1.9195240664671373E-4
<566,admissions4-1,application5-3,read> 1.5732546390835437E-4
<567,stu4-6,gradebook4-3,readMyScores> 1.313731618804073E-4
<568,registrar0-1,roster2-3,read> 8.292958854217881E-5
<569,stu5-3,transcript5-3,read> 0.0012043822267976032
<570,admissions2-1,stu2-10application2-10,setStatus> 1.0857949691355691E-4
<571,registrar0-1,transcript0-18,read> 2.6537307504221746E-4
<572,stu5-3,stu5-3application5-3,checkStatus> 0.0014509340962733143
<573,admissions2-1,stu1-1application1-1,read> 1.5460229139932033E-4
<574,registrar2-1,transcript2-5,read> 1.6529096608200894E-4
<575,admissions2-1,stu3-11application3-11,read> 9.712468619367382E-5
<576,registrar2-1,transcript5-9,read> 2.6026157167624033E-4
<577,admissions4-1,application4-3,setStatus> 1.3463695528089916E-4
<578,chair5,transcript5-8,read> 0.0014266252462046035
<579,registrar2-1,transcript2-4,read> 1.696474158799095E-4
<580,registrar0-1,roster2-2,read> 8.483297724955426E-5
<581,registrar2-1,transcript2-7,read> 1.6703354600116913E-4
<582,admissions0-1,stu2-19application2-19,read> 1.1123862875502565E-4
<583,registrar2-0,transcript1-7,read> 2.669142536791466E-4
<584,chair3,transcript3-16,read> 0.0016598674663542787
<585,registrar2-1,transcript2-6,read> 1.6441967612242886E-4
<586,stu0-7,gradebook0-7,readMyScores> 2.0222091072220322E-5
<587,registrar4-1,roster5-6,read> 1.163526084600314E-4
<588,registrar2-0,transcript5-1,read> 2.5043315690491624E-4
<589,fac0-2,roster0-5,read> 0.0022437680919328087
<590,admissions0-0,application3-1,setStatus> 1.339529388942969E-4
<591,registrar2-1,transcript2-9,read> 1.731325757182299E-4
<592,stu1-9,transcript1-9,read> 0.0012578722274753046
<593,chair3,transcript3-0,read> 3.460949610214143E-4
<594,registrar0-1,roster2-6,write> 8.430666143274213E-5
<595,registrar2-1,transcript2-8,read> 1.6616225604158905E-4
<596,stu5-17,gradebook5-6,addScore> 8.232865546068982E-5
<597,registrar0-0,transcript5-5,read> 2.465281293255417E-4
<598,registrar0-1,roster4-6,write> 6.723384151204088E-5
<599,admissions2-1,stu2-17application2-17,read> 8.413317268828795E-5
<600,chair5,transcript5-10,read> 1.5093310334515544E-4
<601,admissions4-0,stu0-2application0-2,read> 6.8501454727838515E-6
<602,stu4-3,gradebook4-9,readMyScores> 1.1602722671566415E-4
<603,stu3-4,gradebook3-3,addScore> 1.1960010262851901E-4
<604,fac1-3,gradebook1-6,addScore> 1.8179480490305942E-4
<605,registrar0-0,roster5-1,read> 1.1263513672837977E-4
<606,admissions0-0,stu2-6application2-6,read> 1.3473845553238977E-4
<607,admissions2-0,stu2-10application2-10,setStatus> 1.1217633325023789E-4
<608,admissions0-0,stu5-10application5-10,read> 1.7279358910745474E-4
<609,registrar2-0,transcript4-17,read> 3.1635754400183747E-4
<610,registrar4-1,transcript0-17,read> 3.2179392969198915E-4
<611,fac5-3,gradebook5-7,addScore> 2.0905926544631087E-4
<612,admissions0-1,stu5-0application5-0,setStatus> 1.3295408355024137E-4
<613,registrar4-0,roster1-2,read> 2.0216604679773327E-4
<614,admissions4-0,stu0-9application0-9,setStatus> 1.0189416681773531E-4
<615,registrar4-0,transcript0-12,read> 3.277545060895305E-4
<616,admissions2-0,stu3-14application3-14,setStatus> 1.0755447574293195E-4
<617,fac5-3,gradebook5-6,addScore> 1.541544783317443E-4
<618,registrar2-0,roster2-7,read> 1.2142389546460097E-4
<619,registrar0-1,transcript3-12,read> 2.9368323705482687E-4
<620,stu2-6,transcript2-6,read> 7.764622213759922E-4
<621,registrar2-1,transcript2-0,read> 2.0362772430353353E-4
<622,registrar2-1,transcript2-1,read> 1.6877612592032935E-4
<623,registrar4-0,transcript4-7,read> 1.9891564266514658E-4
<624,fac5-3,roster5-6,read> 0.001326011949801551
<625,registrar2-1,transcript2-2,read> 1.6790483596074927E-4
<626,stu0-14,transcript0-14,read> 0.0013483937670837223
<627,stu2-13,stu2-13application2-13,checkStatus> 0.001011723431040515
<628,stu0-7,stu0-7application0-7,checkStatus> 0.0010766068247680875
<629,registrar2-1,transcript2-3,read> 1.7051870583948957E-4
<630,app3-4,application3-4,checkStatus> 0.001236319793943651
<631,stu4-19,stu4-19application4-19,checkStatus> 6.324051292485523E-4
<632,admissions2-0,application5-4,setStatus> 1.773445241032516E-4
<633,registrar2-1,transcript4-5,read> 1.8097418535445081E-4
<634,registrar2-0,transcript2-6,read> 1.636905423037041E-4
<635,admissions0-1,stu3-6application3-6,read> 1.7989012558783415E-4
<636,registrar4-0,transcript2-17,read> 3.406383924319689E-4
<637,admissions4-0,application4-2,setStatus> 1.307793869024734E-4
<638,fac3-4,roster3-8,read> 0.0014833415741669091
<639,fac5-1,gradebook5-3,changeScore> 4.6745142890243865E-4
<640,admissions0-1,stu1-6application1-6,setStatus> 2.7663723658855142E-5
<641,admissions2-1,stu2-8application2-8,setStatus> 1.7613178821222305E-4
<642,stu1-12,stu1-12application1-12,checkStatus> 0.0011814184607895513
<643,registrar0-0,transcript3-13,read> 2.942095206612325E-4
<644,chair4,transcript4-15,read> 0.0017217480553735804
<645,stu5-7,transcript5-7,read> 0.001220840688544588
<646,registrar2-0,transcript2-5,read> 1.6455796844971622E-4
<647,admissions0-0,stu2-19application2-19,read> 1.1161634905640094E-4
<648,fac1-3,gradebook1-7,addScore> 4.949063559011672E-4
<649,stu4-19,transcript4-19,read> 0.0015088637691168265
<650,registrar0-1,transcript1-1,read> 2.1957722472770223E-4
<651,fac2-0,gradebook2-1,changeScore> 0.0017918635773136566
<652,registrar2-0,transcript2-4,read> 1.6889509917977685E-4
<653,registrar2-0,transcript2-3,read> 1.6976252532578895E-4
<654,admissions0-1,stu5-10application5-10,setStatus> 1.9569186276013472E-4
<655,stu5-2,stu5-2application5-2,checkStatus> 0.0014209879145528962
<656,admissions0-0,stu1-5application1-5,read> 1.0342726967948821E-4
<657,registrar4-1,transcript0-4,read> 1.0740443815211578E-4
<658,stu3-3,gradebook3-6,addScore> 1.2838696929478815E-4
<659,fac4-0,gradebook4-1,readScore> 1.711547683985698E-4
<660,registrar4-1,transcript2-12,read> 3.3588525777442216E-4
<661,fac2-2,roster2-5,read> 0.001177422860123157
<662,registrar2-0,transcript2-9,read> 1.723648037638253E-4
<663,registrar0-1,transcript4-7,read> 1.6712015982198476E-4
<664,stu3-19,transcript3-19,read> 0.0014101129986349161
<665,registrar2-0,transcript2-8,read> 1.6542539459572832E-4
<666,stu2-17,transcript2-17,read> 0.0014142276140716623
<667,registrar2-0,roster3-2,read> 1.0489989063839082E-4
<668,stu2-10,gradebook2-1,readMyScores> 1.4390854410627335E-4
<669,stu2-16,stu2-16application2-16,checkStatus> 0.001021705491613988
<670,stu2-14,stu2-14application2-14,checkStatus> 5.425665840872979E-4
<671,stu2-15,transcript2-15,read> 0.0013895399214511849
<672,admissions0-0,stu5-17application5-17,read> 1.2125056008806294E-4
<673,registrar2-0,transcript2-7,read> 1.6629282074174045E-4
<674,registrar2-0,roster2-3,read> 8.639300523303547E-5
<675,fac2-3,gradebook2-6,assignGrade> 6.641193825100352E-4
<676,stu2-6,gradebook2-6,readMyScores> 1.1664532411306234E-4
<677,stu4-17,transcript4-17,read> 0.0015006345382433338
<678,registrar4-0,roster5-1,write> 9.705114447475761E-5
<679,chair2,transcript2-0,read> 0.0011124622557989185
<680,chair2,transcript2-3,read> 9.315805340501908E-4
<681,registrar4-0,transcript2-16,read> 3.376651878914062E-4
<682,app1-0,application1-0,checkStatus> 1.981854943024894E-4
<683,admissions0-1,stu1-1application1-1,setStatus> 2.1424042357001617E-4
<684,admissions4-0,stu2-10application2-10,setStatus> 1.1307554233440812E-4
<685,admissions0-0,stu1-1application1-1,setStatus> 2.1496789529690927E-4
<686,fac3-2,gradebook3-4,changeScore> 4.3361608204521774E-4
<687,registrar4-0,transcript4-16,read> 3.624418923960954E-4
<688,fac5-2,gradebook5-4,addScore> 1.4407596911022465E-4
<689,registrar4-0,roster3-6,write> 9.210819535743914E-5
<690,chair4,transcript4-7,read> 9.553807605960761E-4
<691,admissions0-0,stu1-18application1-18,setStatus> 1.2245757345879106E-4
<692,fac5-2,gradebook5-5,addScore> 3.093691818626722E-4
<693,chair5,transcript5-5,read> 0.0014028250196587184
<694,registrar0-1,transcript4-17,read> 3.0367505894163016E-4
<695,stu0-13,stu0-13application0-13,checkStatus> 0.0016455842774560322
<696,fac4-2,gradebook4-5,changeScore> 0.001095822156250827
<697,admissions2-1,stu3-14application3-14,setStatus> 1.0410583523814856E-4
<698,registrar0-0,roster5-4,read> 9.4150332398516E-5
<699,registrar4-1,transcript0-5,read> 1.1243705532441327E-4
<700,stu0-6,stu0-6application0-6,checkStatus> 5.525486446607705E-4
<701,chair5,transcript5-7,read> 0.0014123451102770724
<702,chair2,transcript2-18,read> 0.0016455873304267478
<703,registrar2-0,transcript4-0,read> 1.8190649136995863E-4
<704,fac4-3,gradebook4-7,addScore> 3.6210989094271874E-4
<705,registrar4-0,roster4-7,read> 1.0776944907116521E-4
<706,admissions2-1,application3-1,setStatus> 1.0947422924863859E-4
<707,app3-2,application3-2,checkStatus> 0.001246301854517124
<708,registrar0-0,transcript3-15,read> 2.9253648938629606E-4
<709,chair2,transcript2-11,read> 0.0015837067414074461
<710,stu5-6,transcript5-6,read> 0.0012249553039813345
<711,fac4-0,gradebook4-1,changeScore> 0.0010619868093936057
<712,admissions0-1,stu3-1application3-1,setStatus> 1.755066642317342E-4
<713,admissions4-1,stu1-14application1-14,setStatus> 1.5952551902414922E-4
<714,admissions2-1,stu3-19application3-19,read> 1.1917089093008617E-4
<715,fac1-1,roster1-2,read> 0.002339913973489416
<716,registrar2-0,transcript3-15,read> 3.033461518116557E-4
<717,stu1-5,stu1-5application1-5,checkStatus> 0.0010716157944813513
<718,registrar2-0,transcript2-2,read> 1.6716024688775256E-4
<719,admissions4-1,stu5-5application5-5,setStatus> 8.251185008277165E-5
<720,registrar2-0,transcript2-0,read> 2.0272471887424954E-4
<721,admissions0-0,application4-0,setStatus> 1.476378977460895E-4
<722,admissions0-1,stu0-3application0-3,setStatus> 8.54915897131916E-5
<723,stu3-6,gradebook3-3,addScore> 1.1141126677287265E-4
<724,admissions4-0,application0-2,setStatus> 5.6236883457988035E-5
<725,app1-3,application1-3,checkStatus> 2.2314064573617117E-4
<726,admissions2-1,stu3-19application3-19,setStatus> 1.3542146696600703E-4
<727,admissions4-1,stu1-5application1-5,read> 8.872694708544928E-5
<728,admissions4-1,stu0-8application0-8,setStatus> 1.3604574190787558E-4
<729,admissions4-1,stu3-17application3-17,setStatus> 1.3322816865392277E-4
<730,chair1,transcript1-11,read> 1.9377351112774888E-4
<731,admissions4-0,stu3-16application3-16,read> 2.857928522685133E-5
<732,admissions0-0,application3-0,setStatus> 1.3450033724836857E-4
<733,stu4-3,transcript4-3,read> 8.464106838006785E-4
<734,admissions0-0,application3-4,setStatus> 1.3559513395651197E-4
<735,admissions0-0,application3-3,setStatus> 1.361425323105837E-4
<736,registrar2-0,transcript3-14,read> 3.0421357795766784E-4
<737,admissions4-1,stu4-13application4-13,setStatus> 1.679782387860078E-4
<738,admissions4-0,stu2-12application2-12,setStatus> 4.924852376006754E-5
<739,admissions2-1,stu4-11application4-11,setStatus> 1.5868450767813047E-4
<740,chair3,transcript3-12,read> 0.001678907647590987
<741,fac1-1,gradebook1-2,assignGrade> 2.6361935848578786E-4
<742,fac2-1,roster2-2,read> 0.0011686823254361926
<743,stu4-1,stu4-1application4-1,checkStatus> 0.001810288276918332
<744,chair2,transcript2-14,read> 0.0016027469226441542
<745,app3-1,application3-1,checkStatus> 0.001221346703083442
<746,fac5-4,gradebook5-8,addScore> 9.766238744308761E-5
<747,registrar0-1,transcript3-15,read> 2.91185281583126E-4
<748,fac5-4,gradebook5-9,addScore> 1.0733137805535703E-4
<749,admissions0-0,stu5-0application5-0,setStatus> 1.3340554054022517E-4
<750,admissions4-1,stu0-5application0-5,read> 1.3335730742806227E-4
<751,stu1-5,transcript1-5,read> 0.0012743306892222897
<752,registrar2-0,transcript0-0,read> 1.5501628084358288E-4
<753,admissions2-1,stu4-3application4-3,setStatus> 1.7478968970960056E-4
<754,registrar4-0,roster3-9,read> 1.2891428696191646E-4
<755,stu2-14,transcript2-14,read> 0.0013854253060144386
<756,admissions4-0,stu3-17application3-17,read> 1.1631581178101058E-4
<757,stu3-9,stu3-9application3-9,checkStatus> 8.170732498577973E-4
<758,registrar2-1,roster2-6,write> 8.821880349458631E-5
<759,admissions0-1,application3-3,setStatus> 1.3568181308110629E-4
<760,stu4-4,gradebook4-8,addScore> 4.2370812070119125E-4
<761,registrar0-0,transcript2-10,read> 2.774792079118673E-4
<762,registrar4-0,transcript1-2,read> 3.079331424857792E-4
<763,registrar4-1,transcript2-0,read> 2.3523291432847221E-4
<764,fac5-4,roster5-8,read> 0.0013784551579233372
<765,registrar4-1,roster0-3,write> 1.4095599516817864E-4
<766,registrar0-1,transcript0-6,read> 9.134884384705955E-5
<767,fac2-2,roster2-4,read> 0.0011861633948101215
<768,admissions2-0,stu3-18application3-18,setStatus> 1.4591589305357127E-4
<769,admissions4-1,stu3-9application3-9,read> 6.765149914588206E-5
<770,admissions2-1,stu4-5application4-5,setStatus> 6.92112741699634E-5
<771,chair3,transcript3-4,read> 3.6989518756729955E-4
<772,admissions0-1,application3-2,setStatus> 1.3622735898727924E-4
<773,registrar4-0,transcript0-19,read> 3.148706197470921E-4
<774,admissions0-1,application3-1,setStatus> 1.3349962945641435E-4
<775,admissions4-0,stu2-10application2-10,read> 9.950647725427914E-5
<776,stu2-12,gradebook2-3,readMyScores> 1.3209002529309443E-4
<777,stu0-4,gradebook0-7,addScore> 6.733122174685919E-5
<778,stu2-7,transcript2-7,read> 7.888060676862308E-4
<779,admissions4-1,stu2-3application2-3,read> 5.277471236501108E-5
<780,admissions2-0,stu1-15application1-15,setStatus> 1.2881502027653924E-4
<781,admissions4-1,stu3-16application3-16,read> 2.8806555884718934E-5
<782,admissions0-1,application3-0,setStatus> 1.340451753625873E-4
<783,admissions2-0,stu3-3application3-3,setStatus> 1.7179829509448446E-4
<784,registrar0-0,roster3-1,write> 7.449936290520859E-5
<785,admissions4-1,application2-4,setStatus> 5.4336117543243276E-5
<786,admissions0-0,stu0-16application0-16,setStatus> 1.3066854876986667E-4
<787,registrar0-1,transcript1-7,read> 2.562139049793144E-4
<788,stu2-16,transcript2-16,read> 0.0014018837677614235
<789,admissions2-0,stu2-15application2-15,read> 2.8758738029626648E-5
<790,chair0,transcript0-2,read> 8.316195825574729E-4
<791,admissions4-1,stu4-2application4-2,setStatus> 8.814699659067733E-5
<792,stu2-5,gradebook2-9,addScore> 8.139572698853911E-4
<793,chair2,transcript2-8,read> 9.077803075043057E-4
<794,admissions2-1,stu2-15application2-15,read> 2.7836614164949247E-5
<795,registrar2-1,transcript3-11,read> 3.081825194531461E-4
<796,stu2-3,stu2-3application2-3,checkStatus> 6.373961595352886E-4
<797,admissions0-0,stu5-7application5-7,setStatus> 9.693512520019782E-6
<798,admissions4-0,stu2-7application2-7,read> 7.57274186554883E-5
<799,registrar2-1,roster4-5,write> 6.649102521085697E-5
<800,registrar4-0,transcript4-19,read> 3.63432960576283E-4
<801,stu2-12,gradebook2-2,readMyScores> 8.328633950446373E-5
<802,stu4-12,gradebook4-7,readMyScores> 3.886859762255003E-5
<803,admissions4-1,stu0-16application0-16,setStatus> 1.1209636924927646E-4
<804,fac1-1,gradebook1-3,changeScore> 7.52635066699015E-4
<805,admissions2-1,stu5-15application5-15,read> 3.177343643930859E-5
<806,stu1-10,transcript1-10,read> 1.8807221392127694E-4
<807,stu3-4,transcript3-4,read> 3.1973990789715723E-4
<808,registrar0-0,transcript4-17,read> 3.050842239483199E-4
<809,registrar2-0,transcript0-7,read> 9.950100749880711E-5
<810,admissions4-0,stu3-0application3-0,read> 6.137798674242489E-5
<811,admissions2-1,stu0-6application0-6,read> 4.358390326238664E-5
<812,stu4-12,gradebook4-3,readScore> 1.0119605480742102E-4
<813,admissions0-1,stu1-16application1-16,read> 1.0643782478070337E-4
<814,chair0,transcript0-4,read> 5.079365015334339E-4
<815,admissions2-1,stu0-16application0-16,setStatus> 1.0679003224339357E-4
<816,stu4-15,gradebook4-2,readScore> 3.537247643911141E-5
<817,admissions2-0,stu1-6application1-6,read> 2.06242688167682E-5
<818,app0-4,application0-4,checkStatus> 6.124410081016069E-4
<819,admissions0-0,stu3-12application3-12,read> 6.77806888623388E-5
<820,admissions4-1,stu2-7application2-7,read> 7.63296247680568E-5
<821,registrar4-1,transcript3-12,read> 3.5500920302915267E-4
<822,stu2-9,transcript2-9,read> 8.176083757434547E-4
<823,registrar4-0,transcript3-17,read> 3.436115969725317E-4
<824,admissions4-0,stu1-0application1-0,setStatus> 1.7177776379694032E-4
<825,admissions0-0,application5-4,setStatus> 2.100413101102639E-4
<826,stu0-15,transcript0-15,read> 0.0013442791516469759
<827,admissions2-0,stu2-17application2-17,read> 8.692019290156457E-5
<828,admissions2-1,stu2-8application2-8,read> 1.5499597362675626E-4
<829,admissions0-1,stu5-17application5-17,read> 1.2084023670367019E-4
<830,admissions2-0,stu3-13application3-13,read> 9.668155595699472E-5
<831,admissions2-0,stu3-8application3-8,setStatus> 1.4637807880430183E-4
<832,admissions2-0,stu0-6application0-6,read> 4.502767645534356E-5
<833,fac1-2,roster1-5,read> 0.002331173438802452
<834,admissions2-0,stu0-14application0-14,read> 9.546138557506596E-5
<835,registrar4-1,roster3-8,write> 9.466014316900107E-5
<836,chair1,transcript1-5,read> 0.001474225699296374
<837,admissions2-0,stu1-9application1-9,setStatus> 1.403696640448041E-4
<838,stu1-6,transcript1-6,read> 0.001261986842912051
<839,admissions4-0,stu5-10application5-10,read> 1.4706459445186078E-4
<840,admissions4-1,stu3-0application3-0,read> 6.186608206443224E-5
<841,registrar4-1,roster5-9,write> 9.075567372328733E-5
<842,fac4-4,roster4-9,read> 0.0011249796520013708
<843,registrar4-1,roster5-8,write> 8.79667669763489E-5
<844,registrar4-1,roster5-7,write> 8.908232967512426E-5
<845,admissions0-0,stu1-16application1-16,read> 1.0679924354056992E-4
<846,registrar0-1,transcript0-2,read> 1.4547121240057756E-4
<847,admissions4-0,stu0-19application0-19,setStatus> 9.21104632406466E-5
<848,admissions0-0,stu5-16application5-16,setStatus> 1.4271131255944418E-4
<849,registrar4-1,roster5-2,write> 9.912239396410253E-5
<850,registrar4-0,transcript3-19,read> 3.3964732425178135E-4
<851,admissions0-1,stu4-0application4-0,read> 5.698954384518398E-5
<852,registrar4-1,roster5-1,write> 9.856461261471486E-5
<853,registrar4-1,transcript1-17,read> 3.39282274365723E-5
<854,admissions0-1,stu1-12application1-12,setStatus> 1.2913526220703045E-4
<855,registrar4-0,transcript1-0,read> 2.6333507437733856E-4
<856,registrar2-0,roster0-3,write> 1.2147647184359348E-4
<857,chair0,transcript0-1,read> 8.173394466299416E-4
<858,admissions0-1,stu0-16application0-16,setStatus> 1.3022635401937642E-4
<859,registrar4-1,roster5-6,write> 8.462007888002283E-5
<860,registrar4-1,roster1-9,write> 1.5266940350531995E-4
<861,admissions2-0,stu4-11application4-11,read> 1.4426820085221666E-4
<862,admissions2-1,application0-3,setStatus> 5.534292297619751E-5
<863,registrar4-1,roster5-5,write> 8.573564157879819E-5
<864,admissions0-1,stu1-15application1-15,setStatus> 1.5204819026629583E-4
<865,admissions4-0,stu1-4application1-4,read> 1.5936410752020086E-4
<866,admissions2-1,stu4-13application4-13,read> 1.4082341343906262E-4
<867,registrar4-1,roster5-4,write> 8.23889534824721E-5
<868,admissions0-1,stu3-12application3-12,read> 6.755131258869298E-5
<869,admissions4-1,application5-4,read> 1.585651961400936E-4
<870,stu4-9,stu4-9application4-9,checkStatus> 0.0011963915516497602
<871,registrar4-1,roster5-3,write> 8.294673483185979E-5
<872,registrar2-1,transcript0-19,read> 2.7681608090826234E-4
<873,admissions4-0,stu4-2application4-2,setStatus> 8.745155677536626E-5
<874,registrar4-0,roster5-2,write> 9.760036104334855E-5
<875,stu1-0,gradebook1-7,readMyScores> 7.350650142083203E-5
<876,admissions4-0,stu4-8application4-8,setStatus> 7.720196255174954E-5
<877,admissions2-1,stu1-8application1-8,setStatus> 1.1439525709158776E-4
<878,registrar4-0,roster5-3,write> 8.167308055421127E-5
<879,registrar4-0,roster5-4,write> 8.112386398562033E-5
<880,admissions2-1,stu0-3application0-3,read> 6.169328572443965E-5
<881,registrar4-0,roster5-5,write> 8.441916339716598E-5
<882,registrar4-0,transcript3-5,read> 7.602318832188807E-5
<883,registrar2-0,roster5-2,write> 8.542409767731676E-5
<884,admissions2-1,application2-3,read> 4.476494994469445E-5
<885,stu0-13,transcript0-13,read> 0.0013525083825204685
<886,stu2-12,gradebook2-7,addScore> 3.759144312779056E-4
<887,registrar4-0,roster5-6,write> 8.332073025998408E-5
<888,registrar4-0,roster5-7,write> 8.771446280871161E-5
<889,registrar2-1,roster4-2,read> 1.1997304613216162E-4
<890,registrar4-1,roster1-5,read> 2.0455178433195849E-4
<891,registrar4-0,roster5-8,write> 8.661602967152973E-5
<892,admissions0-1,stu3-4application3-4,setStatus> 5.3849927155158446E-5
<893,fac2-4,gradebook2-9,changeScore> 0.0018256989241708774
<894,registrar4-1,roster5-8,read> 1.2095430459247975E-4
<895,admissions0-1,stu2-13application2-13,read> 9.731629722949106E-5
<896,admissions0-0,stu5-8application5-8,read> 1.8435464234544917E-4
<897,admissions0-0,stu4-12application4-12,setStatus> 1.78292205574105E-4
<898,admissions2-1,stu1-6application1-6,read> 1.996296961623054E-5
<899,stu2-8,gradebook2-7,readMyScores> 2.4036828062600299E-4
<900,admissions2-0,stu0-16application0-16,setStatus> 1.1032759024731553E-4
<901,admissions2-0,stu5-19application5-19,setStatus> 2.8982898118730988E-5
<902,admissions2-1,stu1-9application1-9,setStatus> 1.3586883313354786E-4
<903,registrar4-1,transcript5-17,read> 2.18499462230583E-5
<904,admissions4-1,stu0-12application0-12,setStatus> 4.729218440836119E-5
<905,registrar4-0,transcript2-8,read> 1.8900496086327092E-4
<906,stu4-5,gradebook4-5,addScore> 2.718880247431165E-4
<907,admissions0-0,stu2-13application2-13,read> 9.764674306049102E-5
<908,fac1-1,gradebook1-3,addScore> 1.2441651287259235E-4
<909,admissions0-1,stu0-0application0-0,setStatus> 1.3186299173789537E-4
<910,admissions2-1,stu4-1application4-1,read> 1.427918245762423E-4
<911,fac1-1,gradebook1-2,addScore> 1.0338219523420899E-4
<912,admissions2-1,stu5-19application5-19,setStatus> 2.8053586756206553E-5
<913,admissions4-1,stu4-17application4-17,read> 7.178393991834621E-5
<914,stu2-3,gradebook2-3,addScore> 4.4352385405654367E-4
<915,registrar4-1,roster1-6,read> 2.0301788562114236E-4
<916,admissions4-0,stu0-12application0-12,setStatus> 4.6919070527427366E-5
<917,app4-0,application4-0,checkStatus> 0.0013461224602518507
<918,stu4-14,stu4-14application4-14,checkStatus> 0.0015657277928682505
<919,registrar2-0,roster0-4,read> 1.7033494975018308E-4
<920,admissions2-0,stu5-3application5-3,setStatus> 1.3436124928530637E-4
<921,admissions2-0,stu1-8application1-8,setStatus> 1.1818474800973559E-4
<922,stu3-11,stu3-11application3-11,checkStatus> 0.001231328763656915
<923,fac1-0,gradebook1-1,addScore> 1.9673456230123276E-4
<924,admissions4-0,stu1-10application1-10,setStatus> 1.0096238552467924E-4
<925,admissions2-1,stu3-3application3-3,setStatus> 1.662897325263246E-4
<926,registrar2-0,roster4-6,write> 7.004175136637204E-5
<927,registrar4-1,roster3-8,read> 1.3015769685737648E-4
<928,registrar0-1,transcript5-6,read> 2.478873867403116E-4
<929,admissions0-0,application2-0,setStatus> 5.622237261611473E-5
<930,admissions4-0,stu4-17application4-17,read> 7.121759719709693E-5
<931,admissions0-1,stu5-11application5-11,setStatus> 1.1604216045887878E-4
<932,stu0-10,transcript0-10,read> 0.0013360499207734835
<933,admissions4-0,stu4-9application4-9,setStatus> 1.1167787039482401E-4
<934,chair3,transcript3-3,read> 3.508550063305914E-4
<935,fac1-0,roster1-1,read> 0.0023486545081763807
<936,admissions0-1,stu4-4application4-4,setStatus> 1.4986600664160387E-4
<937,registrar4-1,transcript3-19,read> 3.449439686845577E-4
<938,admissions4-0,stu1-9application1-9,setStatus> 1.4149487177261813E-4
<939,admissions2-1,stu1-9application1-9,read> 1.195645731575221E-4
<940,admissions0-1,stu2-1application2-1,setStatus> 1.2258871133295462E-4
<941,stu0-6,gradebook0-9,addScore> 8.102396263648391E-5
<942,fac4-3,gradebook4-7,changeScore> 0.0011103230191896356
<943,registrar4-1,transcript0-11,read> 3.2582002342982714E-4
<944,admissions0-0,application3-0,read> 1.1836029677856434E-4
<945,admissions2-0,stu0-1application0-1,setStatus> 1.4192954095351987E-5
<946,fac4-4,gradebook4-9,changeScore> 9.508135268627373E-4
<947,admissions4-0,stu4-7application4-7,setStatus> 3.48059137176985E-5
<948,stu5-19,stu5-19application5-19,checkStatus> 3.1297919089742554E-4
<949,registrar0-1,transcript4-10,read> 2.8202611152022296E-4
<950,admissions4-0,stu3-18application3-18,read> 1.2943529238724003E-4
<951,admissions4-0,application5-3,setStatus> 1.7736845155527672E-4
<952,stu0-7,gradebook0-8,addScore> 4.221876998642217E-5
<953,stu1-1,stu1-1application1-1,checkStatus> 0.0019600191855204223
<954,admissions2-1,application5-1,read> 1.4830337576034536E-4
<955,registrar2-0,roster3-4,read> 1.0688277121753607E-4
<956,registrar0-0,roster4-2,read> 1.1518476491180927E-4
<957,admissions2-1,stu3-5application3-5,setStatus> 9.739534272503601E-5
<958,registrar2-1,roster2-1,write> 6.987090183277043E-5
<959,registrar2-0,roster4-4,write> 6.715756143306992E-5
<960,fac0-4,gradebook0-8,changeScore> 2.354376218814954E-4
<961,stu3-14,stu3-14application3-14,checkStatus> 0.0011614543396426058
<962,registrar2-1,roster2-3,write> 6.31111485889435E-5
<963,registrar4-0,transcript2-1,read> 1.9197816540383357E-4
<964,registrar2-0,transcript4-10,read> 2.9380446420552227E-4
<965,admissions0-1,stu3-13application3-13,read> 1.1411911113961902E-4
<966,fac3-2,roster3-5,read> 0.0014571199701060161
<967,registrar2-1,roster2-2,write> 6.455966714119212E-5
<968,registrar2-1,roster2-5,write> 6.504250665860833E-5
<969,registrar0-0,roster3-4,read> 1.030740310405192E-4
<970,fac5-3,roster5-7,read> 0.0013959362272972658
<971,registrar2-0,transcript2-18,read> 2.998764472276072E-4
<972,admissions2-0,stu0-5application0-5,read> 1.3125305011164315E-4
<973,registrar2-1,roster2-4,write> 6.552534617602455E-5
<974,registrar2-1,roster2-7,write> 8.87016430120025E-5
<975,admissions4-0,application3-0,setStatus> 1.1447321427399223E-4
<976,registrar2-1,roster2-9,write> 9.015016156425115E-5
<977,admissions4-0,application4-4,setStatus> 1.3310884013511355E-4
<978,registrar2-1,roster2-8,write> 8.966732204683493E-5
<979,fac1-2,gradebook1-4,changeScore> 6.704635100457639E-4
<980,admissions0-0,stu0-4application0-4,read> 1.2221398119122915E-4
<981,admissions4-0,stu0-2application0-2,setStatus> 7.78425621907256E-6
<982,fac1-2,gradebook1-5,changeScore> 6.849643729845731E-4
<983,stu0-8,gradebook0-7,addScore> 6.826475688373072E-5
<984,admissions2-0,stu0-18application0-18,setStatus> 1.8104201010909633E-4
<985,registrar0-0,roster5-9,read> 1.0371143808637655E-4
<986,stu0-3,transcript0-3,read> 4.431783709995452E-4
<987,registrar2-0,roster3-6,read> 1.1084853237582648E-4
<988,registrar2-0,transcript1-0,read> 2.3048235554663747E-4
<989,admissions0-0,stu1-17application1-17,setStatus> 6.552814463533373E-5
<990,admissions4-1,stu0-5application0-5,setStatus> 1.5154239480461623E-4
<991,chair4,transcript4-16,read> 0.0017407882366102885
<992,admissions2-1,stu4-9application4-9,setStatus> 1.072373984109344E-4
<993,admissions4-1,stu5-0application5-0,setStatus> 1.1444434696090382E-4
<994,stu2-1,stu2-1application2-1,checkStatus> 0.0011215260973487149
<995,admissions4-0,stu1-10application1-10,read> 8.884689926171771E-5
<996,registrar4-1,transcript2-13,read> 3.368917812088816E-4
<997,admissions2-1,stu1-1application1-1,setStatus> 1.756844220446822E-4
<998,admissions0-0,stu4-10application4-10,setStatus> 3.21368450369597E-5
<999,admissions2-1,stu0-18application0-18,read> 1.5420860917188435E-4
<1000,registrar0-0,transcript2-15,read> 2.8249830173667694E-4
<1001,fac3-4,gradebook3-9,changeScore> 4.1428159812680586E-4
<1002,admissions4-1,stu0-2application0-2,setStatus> 7.846158853021444E-6
<1003,stu2-11,stu2-11application2-11,checkStatus> 6.823154321159158E-4
<1004,stu4-11,gradebook4-6,readMyScores> 7.307324492369056E-5
<1005,registrar2-1,roster5-5,write> 7.421645748951629E-5
<1006,admissions4-1,stu5-14application5-14,setStatus> 3.0386744884644156E-5
<1007,admissions2-1,stu3-17application3-17,read> 1.1169092860880341E-4
<1008,admissions2-1,stu0-1application0-1,setStatus> 1.3737869394899817E-5
<1009,admissions0-0,stu0-4application0-4,setStatus> 1.3887952408094223E-4
<1010,registrar4-1,roster2-7,read> 1.4089498783308933E-4
<1011,fac2-4,roster2-8,read> 0.0016231901291583386
<1012,admissions2-0,stu0-4application0-4,setStatus> 1.1726037650827443E-4
<1013,admissions4-1,stu2-16application2-16,setStatus> 9.613012081021039E-5
<1014,admissions0-1,stu5-3application5-3,read> 1.3956337220352705E-4
<1015,stu5-1,transcript5-1,read> 0.001187923765050618
<1016,admissions2-0,stu4-9application4-9,setStatus> 1.107897759980461E-4
<1017,fac5-2,roster5-5,read> 0.0013434930191754799
<1018,stu2-3,gradebook2-3,readScore> 1.634035251787266E-4
<1019,registrar4-0,roster2-5,write> 7.398404859393807E-5
<1020,registrar4-1,transcript4-19,read> 3.6910053111158573E-4
<1021,fac3-2,roster3-4,read> 0.0014134172966711947
<1022,registrar0-1,roster0-8,write> 1.2721942501720744E-4
<1023,stu0-9,gradebook0-2,addScore> 1.262619655328311E-4
<1024,registrar4-0,transcript2-15,read> 3.346919833508435E-4
<1025,admissions0-1,application5-4,setStatus> 2.093305104144593E-4
<1026,registrar2-1,transcript2-15,read> 2.942418800998644E-4
<1027,admissions4-0,stu5-14application5-14,setStatus> 3.014700725241816E-5
<1028,admissions4-1,application5-1,read> 1.5567248759936871E-4
<1029,admissions4-0,stu2-16application2-16,setStatus> 9.537169776634284E-5
<1030,registrar0-1,roster0-9,read> 1.761956352035772E-4
<1031,admissions4-1,application2-3,read> 4.6989295283561254E-5
<1032,admissions2-0,stu1-2application1-2,read> 1.271858155052139E-4
<1033,admissions2-1,stu0-4application0-4,setStatus> 1.1350052475650608E-4
<1034,admissions4-0,stu3-19application3-19,read> 1.241055033909593E-4
<1035,admissions4-0,stu3-15application3-15,setStatus> 1.312452775490014E-4
<1036,registrar4-1,roster0-7,read> 1.9841618948869397E-4
<1037,admissions2-0,stu3-17application3-17,read> 1.1539083514656916E-4
<1038,registrar2-0,transcript4-6,read> 1.8103906522394652E-4
<1039,stu2-8,gradebook2-6,addScore> 5.706271900029549E-4
<1040,registrar0-0,roster0-6,read> 1.6553992153454166E-4
<1041,admissions4-1,stu0-15application0-15,read> 9.740507270762403E-5
<1042,admissions4-1,stu1-0application1-0,setStatus> 1.7314378975158797E-4
<1043,admissions4-1,stu5-8application5-8,read> 1.5815195206284724E-4
<1044,admissions0-1,application5-3,read> 1.827706079724275E-4
<1045,admissions0-0,stu3-7application3-7,read> 1.3859213994505459E-4
<1046,admissions0-0,stu0-18application0-18,read> 1.88690037309697E-4
<1047,chair3,transcript3-17,read> 0.001650347375735925
<1048,chair3,transcript3-15,read> 0.0016646275116634559
<1049,fac5-1,gradebook5-2,assignGrade> 1.6867323210072917E-4
<1050,admissions0-0,stu4-11application4-11,read> 1.7086674690112234E-4
<1051,admissions0-0,stu1-8application1-8,read> 1.2317740229439534E-4
<1052,admissions2-0,stu4-17application4-17,setStatus> 8.02855164498269E-5
<1053,fac1-1,gradebook1-3,assignGrade> 2.6879823810679106E-4
<1054,admissions4-1,application2-1,read> 4.2856854511097085E-5
<1055,chair3,transcript3-10,read> 0.001693187783518518
<1056,admissions0-0,stu5-4application5-4,read> 6.007332003700919E-5
<1057,registrar4-1,transcript4-11,read> 3.4393744525009813E-4
<1058,admissions2-0,stu5-2application5-2,setStatus> 1.3158813478092283E-4
<1059,admissions4-1,application2-2,read> 4.327009858834351E-5
<1060,registrar4-1,transcript3-10,read> 3.5802877333253113E-4
<1061,admissions4-1,application2-0,read> 4.244361043385067E-5
<1062,registrar0-1,roster1-5,write> 1.230665769283882E-4
<1063,admissions4-0,application2-3,read> 4.661857106041678E-5
<1064,admissions4-0,application2-2,read> 4.292871713991475E-5
<1065,admissions4-0,application2-4,read> 4.7438538598306114E-5
<1066,admissions0-1,stu1-2application1-2,setStatus> 1.7059675107617734E-4
<1067,admissions0-1,stu0-10application0-10,read> 1.8709133154931756E-4
<1068,registrar4-0,transcript0-18,read> 3.1586168792727967E-4
<1069,admissions0-0,stu2-16application2-16,read> 9.861016416365722E-5
<1070,registrar2-1,transcript1-18,read> 3.0241022347092784E-5
<1071,registrar4-0,transcript1-3,read> 3.089242106659668E-4
<1072,admissions4-0,stu0-15application0-15,read> 9.663659087166644E-5
<1073,registrar2-1,roster5-1,write> 8.532176639008906E-5
<1074,registrar0-1,roster3-6,read> 1.0640471593314303E-4
<1075,registrar0-1,transcript4-5,read> 1.7294872258928666E-4
<1076,fac2-4,gradebook2-8,assignGrade> 6.554879164750298E-4
<1077,admissions2-0,stu2-1application2-1,setStatus> 1.0385698973708718E-4
<1078,admissions2-1,stu0-18application0-18,setStatus> 1.7523705587714134E-4
<1079,fac4-2,gradebook4-4,addScore> 7.614052058837325E-4
<1080,registrar0-0,transcript1-7,read> 2.574028326126291E-4
<1081,registrar4-0,roster2-7,read> 1.3873153312547948E-4
<1082,admissions0-1,stu3-7application3-7,read> 1.3812313101123038E-4
<1083,admissions2-0,stu2-4application2-4,setStatus> 2.9445083869461584E-5
<1084,fac1-3,gradebook1-7,changeScore> 7.09132477882588E-4
<1085,stu3-12,stu3-12application3-12,checkStatus> 7.022795532628613E-4
<1086,admissions0-1,stu4-11application4-11,read> 1.702885176391896E-4
<1087,registrar2-1,transcript4-6,read> 1.8184547531403095E-4
<1088,registrar4-0,roster0-5,read> 1.938591461977953E-4
<1089,stu2-9,gradebook2-2,addScore> 5.261344599304323E-4
<1090,admissions4-1,stu0-11application0-11,read> 1.3872948043226565E-4
<1091,fac5-3,gradebook5-6,readScore> 5.6793755174853155E-5
<1092,registrar0-1,transcript2-12,read> 2.7786285240072154E-4
<1093,admissions4-0,stu1-9application1-9,read> 1.2451548715990393E-4
<1094,registrar0-1,roster1-9,write> 1.2629656988635872E-4
<1095,admissions2-1,stu4-17application4-17,setStatus> 7.771123135323925E-5
<1096,admissions4-0,stu0-5application0-5,setStatus> 1.5034679405665082E-4
<1097,stu4-6,gradebook4-9,readScore> 1.066982394104897E-4
<1098,admissions4-0,application2-0,read> 4.210874960202542E-5
<1099,stu5-0,transcript5-0,read> 0.0012002676113608568
<1100,admissions4-0,application2-1,read> 4.251873337097009E-5
<1101,registrar0-1,roster2-1,read> 9.181206917659771E-5
<1102,registrar0-1,roster2-6,read> 1.1592165947002041E-4
<1103,registrar0-0,transcript4-5,read> 1.7375126886580309E-4
<1104,admissions2-1,stu4-4application4-4,read> 1.0814778856187999E-4
<1105,registrar0-1,roster2-5,read> 8.546744015201276E-5
<1106,registrar2-1,transcript0-5,read> 9.733034923476083E-5
<1107,stu1-17,stu1-17application1-17,checkStatus> 5.974679172413978E-4
<1108,stu5-17,transcript5-17,read> 8.932144343936672E-5
<1109,registrar2-0,roster1-5,write> 1.282062483546318E-4
<1110,admissions0-1,stu2-10application2-10,read> 1.1651951312678016E-4
<1111,registrar0-1,roster2-4,read> 8.610190305447127E-5
<1112,registrar2-1,roster1-8,read> 1.8105224508531192E-4
<1113,stu5-15,gradebook5-9,readScore> 2.194866382705054E-5
<1114,stu0-12,transcript0-12,read> 0.0013607376133939612
<1115,registrar2-0,roster2-9,write> 8.975038257726998E-5
<1116,admissions2-1,stu2-1application2-1,setStatus> 1.0052690589782186E-4
<1117,registrar2-0,roster2-7,write> 8.83082876106189E-5
<1118,stu5-4,gradebook5-6,readMyScores> 6.602446793024272E-5
<1119,registrar2-0,roster2-8,write> 8.926968425505294E-5
<1120,registrar2-0,roster2-5,write> 6.475406982198478E-5
<1121,fac1-3,roster1-6,read> 0.0023136923694285234
<1122,registrar0-0,roster2-8,read> 1.1837180014109609E-4
<1123,registrar2-0,roster3-9,read> 1.128314129549717E-4
<1124,admissions2-0,stu3-11application3-11,setStatus> 1.1402507625316029E-4
<1125,registrar2-0,roster2-6,write> 8.78275892884019E-5
<1126,registrar0-0,roster2-9,read> 1.1900920718695348E-4
<1127,registrar2-0,roster2-3,write> 6.28312765331167E-5
<1128,registrar0-0,roster2-6,read> 1.16459579003524E-4
<1129,admissions2-1,stu0-5application0-5,read> 1.270445354788049E-4
<1130,chair1,transcript1-8,read> 0.0014504254727504887
<1131,registrar2-0,roster2-4,write> 6.523476814420182E-5
<1132,admissions4-1,stu5-16application5-16,read> 1.0773617463878444E-4
<1133,registrar0-0,roster2-7,read> 1.1709698604938135E-4
<1134,stu1-15,gradebook1-3,readMyScores> 8.122508850852269E-5
<1135,fac5-2,roster5-4,read> 0.0012910498110536937
<1136,app2-0,application2-0,checkStatus> 5.126204023668797E-4
<1137,registrar2-0,roster4-7,write> 6.859965639972098E-5
<1138,registrar2-0,roster2-1,write> 6.956105304415503E-5
<1139,registrar4-1,roster4-7,write> 7.96000467355337E-5
<1140,admissions0-1,stu5-5application5-5,read> 8.435412649882091E-5
<1141,registrar2-0,roster2-2,write> 6.427337149976776E-5
<1142,admissions4-1,stu3-11application3-11,read> 1.0195075755733461E-4
<1143,admissions4-1,stu3-15application3-15,setStatus> 1.322889775692718E-4
<1144,admissions2-1,stu0-4application0-4,read> 9.988046178572535E-5
<1145,registrar0-0,roster2-1,read> 9.223811126094387E-5
<1146,registrar0-0,roster2-3,read> 8.331441261894067E-5
<1147,stu1-0,gradebook1-8,addScore> 1.7161291168890888E-4
<1148,registrar0-0,roster2-2,read> 8.522663375651276E-5
<1149,registrar0-0,roster2-5,read> 8.586404080237014E-5
<1150,admissions0-0,stu2-1application2-1,setStatus> 1.2300497181286276E-4
<1151,registrar4-1,roster0-8,write> 1.5378496620409532E-4
<1152,registrar0-0,roster2-4,read> 8.650144784822754E-5
<1153,admissions4-0,stu2-17application2-17,read> 8.761694795488371E-5
<1154,admissions2-1,stu4-3application4-3,read> 1.5381492694444847E-4
<1155,stu0-11,transcript0-11,read> 0.001331935305336737
<1156,fac1-4,gradebook1-9,changeScore> 6.414617841681461E-4
<1157,fac1-4,gradebook1-8,changeScore> 6.269609212293371E-4
<1158,admissions2-1,stu2-5application2-5,read> 1.0657305965213627E-4
<1159,fac2-1,roster2-3,read> 0.0011424607213752994
<1160,admissions2-1,stu5-2application5-2,setStatus> 1.27368875950272E-4
<1161,admissions0-1,application5-0,setStatus> 2.0496614316507545E-4
<1162,admissions0-0,stu5-5application5-5,read> 8.464055816774728E-5
<1163,fac2-1,gradebook2-2,readScore> 1.2825750443249466E-4
<1164,stu3-9,transcript3-9,read> 2.7859375352969464E-4
<1165,stu2-2,gradebook2-3,readMyScores> 2.042153724372602E-4
<1166,admissions2-0,application0-1,read> 4.95016345224157E-5
<1167,registrar4-1,roster2-3,read> 1.0024667199646209E-4
<1168,admissions2-1,stu0-8application0-8,setStatus> 1.2960570678797616E-4
<1169,admissions4-0,stu5-13application5-13,setStatus> 1.741072170295805E-4
<1170,registrar4-0,transcript4-10,read> 3.3568305153103105E-4
<1171,admissions2-0,application0-0,read> 5.11285283649874E-5
<1172,registrar2-0,transcript3-4,read> 6.740624009635859E-5
<1173,admissions2-0,application0-4,setStatus> 5.671404316256663E-5
<1174,registrar4-0,roster2-8,read> 1.402418786891046E-4
<1175,stu0-5,stu0-5application0-5,checkStatus> 0.0016106470654488779
<1176,admissions0-1,stu0-2application0-2,setStatus> 9.115162848973632E-6
<1177,admissions4-0,application5-4,setStatus> 1.787661234948608E-4
<1178,admissions2-1,stu3-15application3-15,read> 1.1090356415393154E-4
<1179,registrar0-0,transcript5-3,read> 2.4485509805060516E-4
<1180,admissions0-1,stu5-6application5-6,read> 2.8664800396682565E-5
<1181,stu4-16,gradebook4-9,readMyScores> 5.638096007384055E-5
<1182,admissions2-0,stu2-5application2-5,read> 1.1010343015821117E-4
<1183,admissions4-0,stu1-11application1-11,read> 1.2902530861829534E-4
<1184,fac0-0,gradebook0-1,changeScore> 2.6927296873871623E-4
<1185,admissions4-1,stu3-3application3-3,setStatus> 1.7455257637856436E-4
<1186,admissions0-1,stu4-4application4-4,read> 1.3188208584461142E-4
<1187,admissions2-0,stu0-12application0-12,read> 4.096044184891432E-5
<1188,admissions4-0,stu1-5application1-5,read> 8.802693172382838E-5
<1189,app1-4,application1-4,checkStatus> 1.432841611483895E-4
<1190,admissions2-1,application5-0,setStatus> 1.6807919719648797E-4
<1191,stu3-7,gradebook3-4,addScore> 9.114484564899753E-5
<1192,admissions4-0,application4-2,read> 1.1508586047417657E-4
<1193,stu1-1,gradebook1-3,addScore> 2.0169912496410025E-4
<1194,registrar4-0,transcript0-13,read> 3.257723697291554E-4
<1195,admissions2-1,stu3-14application3-14,read> 9.161313500957073E-5
<1196,admissions2-0,stu0-0application0-0,setStatus> 1.1171414749950729E-4
<1197,stu4-17,gradebook4-6,readMyScores> 7.47926153924833E-5
<1198,chair0,transcript0-12,read> 0.001574186650789092
<1199,stu4-17,gradebook4-5,readMyScores> 5.004353593306405E-5
<1200,admissions4-0,application5-3,read> 1.5608423736864348E-4
<1201,admissions2-0,application0-4,read> 4.9908357983058626E-5
<1202,admissions2-0,application0-3,setStatus> 5.7176228913297215E-5
<1203,admissions2-0,application0-2,setStatus> 5.578967166110544E-5
<1204,stu4-17,gradebook4-4,readMyScores> 3.972748826814034E-5
<1205,admissions2-0,application0-2,read> 4.9094911061772785E-5
<1206,admissions2-0,application0-1,setStatus> 5.625185741183602E-5
<1207,admissions2-0,application0-3,read> 5.031508144370154E-5
<1208,admissions2-0,application0-0,setStatus> 5.8100600414758415E-5
<1209,registrar4-0,transcript3-1,read> 7.106784742095024E-5
<1210,admissions0-1,stu5-17application5-17,setStatus> 1.3731845079962524E-4
<1211,admissions2-1,application0-0,read> 4.948913667392567E-5
<1212,admissions2-1,application0-2,read> 4.7520725536746E-5
<1213,admissions2-1,application0-1,read> 4.791440776418193E-5
<1214,admissions0-0,stu1-16application1-16,setStatus> 1.2136277675064764E-4
<1215,registrar0-1,roster2-9,read> 1.184595110798544E-4
<1216,registrar0-0,transcript3-17,read> 2.900269424738913E-4
<1217,admissions0-0,stu5-6application5-6,read> 2.8762134184107632E-5
<1218,registrar0-1,roster2-8,read> 1.1782504817739587E-4
<1219,registrar0-0,roster3-8,read> 1.0817328740737817E-4
<1220,admissions0-0,stu1-13application1-13,read> 1.1595174402064887E-4
<1221,fac4-2,gradebook4-4,readScore> 2.805177074308488E-4
<1222,registrar0-0,transcript3-11,read> 2.9588255193616905E-4
<1223,registrar0-1,roster2-7,read> 1.1655612237247888E-4
<1224,admissions4-0,stu3-7application3-7,setStatus> 1.3404062142816962E-4
<1225,registrar4-1,roster3-6,write> 9.354458047022572E-5
<1226,admissions2-0,stu3-14application3-14,read> 9.464793865378011E-5
<1227,stu3-8,gradebook3-8,addScore> 1.850440195210257E-4
<1228,chair2,transcript2-5,read> 9.030202621951285E-4
<1229,admissions4-1,stu4-0application4-0,read> 4.905551566979333E-5
<1230,stu4-16,gradebook4-5,readMyScores> 4.966006056192945E-5
<1231,registrar0-0,transcript4-8,read> 1.6873217504099355E-4
<1232,fac3-1,gradebook3-2,changeScore> 4.191152191064088E-4
<1233,admissions2-1,application0-0,setStatus> 5.6237655311279176E-5
<1234,admissions4-1,stu2-16application2-16,read> 8.459450631298513E-5
<1235,admissions0-1,stu0-4application0-4,setStatus> 1.384095426119712E-4
<1236,admissions2-1,stu1-5application1-5,read> 8.452685491572388E-5
<1237,admissions0-0,stu1-6application1-6,setStatus> 2.7757658204386057E-5
<1238,stu4-4,gradebook4-5,readMyScores> 1.0104576029396458E-4
<1239,registrar2-1,transcript4-19,read> 3.1950928892768743E-4
<1240,admissions4-0,stu5-0application5-0,setStatus> 1.1354143298093614E-4
<1241,registrar2-0,roster5-7,read> 1.0556085083143925E-4
<1242,chair2,transcript2-7,read> 9.125403528134826E-4
<1243,stu3-15,gradebook3-3,readMyScores> 2.7319440173927127E-5
<1244,stu4-16,gradebook4-4,readMyScores> 3.942306307068333E-5
<1245,fac1-4,gradebook1-9,assignGrade> 2.2909349434576648E-4
<1246,admissions2-1,application0-2,setStatus> 5.4000824473575E-5
<1247,fac5-1,gradebook5-3,assignGrade> 1.669469388937281E-4
<1248,admissions2-1,application0-3,read> 4.8701772219053805E-5
<1249,chair2,transcript2-1,read> 9.220604434318367E-4
<1250,stu4-16,gradebook4-2,readMyScores> 7.380320619141191E-5
<1251,admissions0-0,stu2-13application2-13,setStatus> 1.1096220802328527E-4
<1252,admissions2-1,application0-1,setStatus> 5.444819064111584E-5
<1253,admissions4-0,stu2-4application2-4,read> 2.6119382613183312E-5
<1254,admissions2-1,application0-4,read> 4.830808999161787E-5
<1255,chair2,transcript2-2,read> 9.173003981226597E-4
<1256,registrar2-0,transcript2-10,read> 2.8773248118343746E-4
<1257,admissions4-0,application3-4,setStatus> 1.1540499556704826E-4
<1258,registrar4-0,roster2-1,read> 1.0927979463479031E-4
<1259,admissions2-1,application0-4,setStatus> 5.489555680865668E-5
<1260,admissions4-1,stu4-14application4-14,setStatus> 1.4731603492368695E-4
<1261,registrar2-1,transcript5-6,read> 2.593902817166602E-4
<1262,admissions4-1,stu3-7application3-7,setStatus> 1.3510655082322467E-4
<1263,admissions0-1,stu4-9application4-9,read> 1.1507927193448345E-4
<1264,fac1-4,gradebook1-9,readScore> 9.902679596065963E-5
<1265,admissions4-0,stu2-13application2-13,setStatus> 9.443991647328677E-5
<1266,admissions2-1,stu2-11application2-11,read> 5.381964117572096E-5
<1267,admissions2-0,stu1-15application1-15,read> 1.1335721784335453E-4
<1268,registrar4-0,transcript0-10,read> 3.218080970084051E-4
<1269,admissions0-1,stu4-16application4-16,read> 1.4436417617784934E-4
<1270,chair0,transcript0-8,read> 5.364967733884962E-4
<1271,admissions4-1,stu1-9application1-9,read> 1.2550566996038034E-4
<1272,fac3-0,gradebook3-1,readScore> 4.662058641269181E-5
<1273,stu0-0,gradebook0-1,addScore> 1.2721519873551813E-4
<1274,registrar2-0,transcript0-10,read> 2.816604981613526E-4
<1275,stu1-3,gradebook1-2,addScore> 1.690104829938092E-4
<1276,admissions2-1,application4-3,setStatus> 1.2826360828535366E-4
<1277,stu3-9,gradebook3-5,addScore> 1.98330597304477E-4
<1278,stu4-19,gradebook4-1,readMyScores> 3.5439146560322984E-5
<1279,admissions0-0,stu1-2application1-2,setStatus> 1.7117602697117287E-4
<1280,stu4-19,gradebook4-4,readMyScores> 4.094518905796839E-5
<1281,registrar0-1,roster0-6,write> 1.198365839704177E-4
<1282,stu1-2,stu1-2application1-2,checkStatus> 0.001560736762581514
<1283,registrar2-1,transcript4-14,read> 3.1689541904894705E-4
<1284,admissions0-0,stu1-4application1-4,setStatus> 2.1277830188062244E-4
<1285,stu4-19,gradebook4-3,readMyScores> 6.556471344309753E-5
<1286,stu4-19,gradebook4-7,readMyScores> 4.132669075282987E-5
<1287,admissions4-0,stu1-7application1-7,read> 2.529941507529397E-5
<1288,admissions0-0,stu0-2application0-2,setStatus> 9.146114165948076E-6
<1289,stu1-7,gradebook1-2,readScore> 6.122706981986475E-5
<1290,fac2-4,gradebook2-9,assignGrade> 6.520353300610278E-4
<1291,admissions2-1,stu0-12application0-12,read> 3.9647080988027294E-5
<1292,admissions2-0,stu3-6application3-6,read> 1.5240267006507512E-4
<1293,admissions4-1,stu2-6application2-6,read> 1.1558781210646636E-4
<1294,chair5,transcript5-0,read> 0.0013885448837311872
<1295,admissions4-0,stu3-3application3-3,setStatus> 1.731754357365244E-4
<1296,admissions2-0,stu2-11application2-11,read> 5.560248643205954E-5
<1297,admissions2-1,stu2-19application2-19,read> 9.121945278213478E-5
<1298,stu4-18,gradebook4-5,readMyScores> 5.119396204646783E-5
<1299,stu4-18,gradebook4-4,readMyScores> 4.064076386051138E-5
<1300,chair4,transcript4-3,read> 9.791809871419613E-4
<1301,admissions2-1,stu2-12application2-12,read> 4.161549212520697E-5
<1302,stu0-1,gradebook0-8,addScore> 4.134977300556957E-5
<1303,stu4-18,gradebook4-7,readMyScores> 4.101942911154489E-5
<1304,registrar2-1,roster4-3,read> 1.2063695046860886E-4
<1305,registrar0-1,transcript4-16,read> 3.045077107655305E-4
<1306,admissions0-0,stu3-10application3-10,setStatus> 5.5674974262043026E-5
<1307,registrar2-1,transcript3-19,read> 2.9859832989776494E-4
<1308,registrar2-1,roster4-4,read> 9.275296833782291E-5
<1309,admissions0-1,application4-3,read> 1.3764305061379813E-4
<1310,registrar0-1,transcript1-6,read> 2.553812531554141E-4
<1311,registrar2-1,roster4-5,read> 9.142515966492833E-5
<1312,admissions2-1,stu3-8application3-8,setStatus> 1.4168459331157873E-4
<1313,admissions0-0,stu5-2application5-2,read> 1.3714700829030527E-4
<1314,registrar2-1,roster4-6,read> 9.67363943565066E-5
<1315,registrar2-1,transcript2-18,read> 3.012121997765052E-4
<1316,admissions4-0,stu4-19application4-19,setStatus> 5.903222733715624E-5
<1317,registrar0-1,transcript4-19,read> 3.0534036258943073E-4
<1318,registrar2-1,transcript2-14,read> 2.933705901402843E-4
<1319,admissions0-0,stu4-1application4-1,read> 1.7472043131378716E-4
<1320,registrar2-1,roster4-1,read> 1.1930914179571431E-4
<1321,registrar4-1,roster1-1,read> 2.060856830427746E-4
<1322,registrar0-1,roster0-9,write> 1.2814228014805615E-4
<1323,chair5,transcript5-3,read> 0.0013933049290403641
<1324,registrar2-1,transcript3-17,read> 3.0208348973608537E-4
<1325,registrar0-1,roster0-7,write> 1.1937515640499336E-4
<1326,registrar0-1,transcript0-15,read> 2.7203428963341967E-4
<1327,admissions4-0,stu3-13application3-13,setStatus> 1.1074608910176793E-4
<1328,admissions0-1,stu0-18application0-18,setStatus> 2.136948776638432E-4
<1329,stu1-18,stu1-18application1-18,checkStatus> 0.0011165350670619785
<1330,registrar0-1,roster0-4,write> 1.18913728839569E-4
<1331,registrar0-1,roster0-5,write> 1.1845230127414464E-4
<1332,admissions2-0,stu0-15application0-15,setStatus> 1.0894103299512372E-4
<1333,registrar0-1,roster0-2,write> 1.1752944614329591E-4
<1334,admissions0-0,stu5-3application5-3,read> 1.4003727159980387E-4
<1335,registrar0-1,roster0-3,write> 1.1660659101244721E-4
<1336,registrar0-0,transcript0-4,read> 8.92631894815089E-5
<1337,admissions4-1,stu1-7application1-7,read> 2.55006032667476E-5
<1338,stu4-8,transcript4-8,read> 8.299522220536934E-4
<1339,registrar0-1,roster0-1,write> 1.1568373588159849E-4
<1340,admissions0-1,stu5-8application5-8,read> 1.83730768767292E-4
<1341,registrar2-0,transcript2-17,read> 2.9814159493558287E-4
<1342,registrar4-1,roster1-8,write> 1.5211162215593226E-4
<1343,admissions0-1,stu2-8application2-8,read> 1.8901165313904645E-4
<1344,stu2-9,gradebook2-2,readScore> 1.9383901155331715E-4
<1345,admissions2-0,stu0-0application0-0,read> 9.83084497995664E-5
<1346,admissions4-0,application1-2,read> 1.7919707234289923E-5
<1347,admissions0-0,stu3-7application3-7,setStatus> 1.5749106811938023E-4
<1348,registrar2-0,roster4-7,read> 9.432452754961634E-5
<1349,registrar2-0,roster4-6,read> 9.630740812876155E-5
<1350,registrar2-0,roster4-9,read> 8.507108484693865E-5
<1351,registrar2-0,roster4-8,read> 8.705396542608387E-5
<1352,registrar2-0,roster4-5,read> 9.101972658437432E-5
<1353,registrar4-1,transcript4-2,read> 2.1308939877036319E-4
<1354,registrar2-0,roster4-2,read> 1.1944101488545578E-4
<1355,registrar2-0,roster4-3,read> 1.2010197507850417E-4
<1356,admissions0-1,stu3-10application3-10,setStatus> 5.54865648736774E-5
<1357,registrar0-1,roster3-4,write> 7.461668255883061E-5
<1358,admissions0-1,stu4-10application4-10,setStatus> 3.2028090908239025E-5
<1359,admissions4-1,stu4-7application4-7,read> 3.0872776270951015E-5
<1360,registrar2-0,roster4-1,read> 1.1878005469240735E-4
<1361,admissions2-1,stu1-11application1-11,setStatus> 1.4078986097649707E-4
<1362,admissions2-0,stu0-18application0-18,read> 1.5931696889600477E-4
<1363,admissions4-0,stu5-3application5-3,setStatus> 1.3543829336775371E-4
<1364,admissions2-1,stu0-15application0-15,setStatus> 1.0544793374077106E-4
<1365,registrar2-0,roster1-1,write> 1.2916764499906584E-4
<1366,admissions4-1,stu1-17application1-17,read> 4.946875974703975E-5
<1367,admissions2-0,stu2-6application2-6,read> 1.1376394130399746E-4
<1368,admissions2-1,stu4-8application4-8,setStatus> 7.413230201291259E-5
<1369,stu1-6,gradebook1-3,addScore> 1.9915134654350107E-4
<1370,stu0-5,transcript0-5,read> 4.5963683274653013E-4
<1371,admissions2-1,stu1-15application1-15,read> 1.0972251747162373E-4
<1372,admissions0-1,stu1-3application1-3,setStatus> 1.5095709845394987E-4
<1373,admissions2-0,stu1-14application1-14,setStatus> 1.5700835107110544E-4
<1374,registrar0-1,roster2-2,write> 6.169671072694855E-5
<1375,admissions4-1,stu3-1application3-1,setStatus> 1.5107279926229072E-4
<1376,admissions4-1,stu4-13application4-13,read> 1.4782085013168687E-4
<1377,admissions0-0,stu3-9application3-9,read> 7.886003154875009E-5
<1378,registrar0-1,roster1-8,read> 1.7302332069128474E-4
<1379,registrar4-0,transcript4-1,read> 2.0882632446702227E-4
<1380,stu3-13,transcript3-13,read> 0.0014471445375656322
<1381,admissions2-1,stu1-11application1-11,read> 1.238950776593174E-4
<1382,admissions4-0,stu3-9application3-9,setStatus> 7.627018125869347E-5
<1383,registrar4-0,transcript4-2,read> 2.0981739264720983E-4
<1384,admissions0-0,stu5-18application5-18,read> 1.0968950685006853E-4
<1385,registrar4-0,transcript4-4,read> 2.0486205174627197E-4
<1386,registrar4-0,transcript4-9,read> 2.018888472057093E-4
<1387,registrar4-0,transcript4-8,read> 1.999067108453341E-4
<1388,admissions0-0,stu4-15application4-15,setStatus> 1.2977902644450014E-5
<1389,registrar4-0,transcript4-6,read> 2.0684418810664712E-4
<1390,registrar4-0,transcript4-5,read> 2.0585311992645953E-4
<1391,admissions2-0,stu3-7application3-7,setStatus> 1.329746920331146E-4
<1392,registrar4-0,transcript4-3,read> 2.038709835660844E-4
<1393,admissions0-1,stu5-16application5-16,setStatus> 1.422283639551821E-4
<1394,stu1-7,gradebook1-2,addScore> 1.661877609396329E-4
<1395,admissions4-0,stu3-1application3-1,setStatus> 1.4988090341012275E-4
<1396,admissions0-0,stu1-3application1-3,setStatus> 1.5146968622459144E-4
<1397,stu3-0,transcript3-0,read> 2.9916683071342596E-4
<1398,registrar0-0,roster5-4,write> 6.847296901710254E-5
<1399,stu1-16,stu1-16application1-16,checkStatus> 0.0011065530064885058
<1400,registrar0-0,transcript1-3,read> 2.6074889516250217E-4
<1401,admissions2-1,stu2-6application2-6,read> 1.1011619969905968E-4
<1402,admissions4-1,application0-4,setStatus> 5.762328633952159E-5
<1403,fac4-1,gradebook4-2,assignGrade> 3.8100729656186035E-4
<1404,registrar0-0,roster0-7,write> 1.1992910144631585E-4
<1405,chair0,transcript0-7,read> 5.460168640068503E-4
<1406,admissions4-1,application0-4,read> 5.0708491978779E-5
<1407,registrar4-0,transcript1-11,read> 4.0344733835135614E-5
<1408,registrar0-0,roster0-8,write> 1.278097703769161E-4
<1409,admissions4-0,stu4-13application4-13,read> 1.4665461068291615E-4
<1410,registrar0-0,roster0-9,write> 1.2873690789816318E-4
<1411,registrar0-1,transcript4-9,read> 1.6961811529368558E-4
<1412,admissions0-1,stu4-1application4-1,read> 1.7412916081864743E-4
<1413,admissions0-0,stu4-1application4-1,setStatus> 1.9854594467475815E-4
<1414,registrar0-1,transcript0-12,read> 2.753648969290208E-4
<1415,stu0-1,transcript0-1,read> 7.065137589513056E-4
<1416,admissions0-1,stu3-9application3-9,read> 7.859316172963419E-5
<1417,admissions0-0,stu4-4application4-4,read> 1.3232990277447425E-4
<1418,registrar0-0,roster0-1,write> 1.162205513613275E-4
<1419,registrar4-1,transcript4-3,read> 2.070502581636062E-4
<1420,registrar0-0,roster0-2,write> 1.1807482640382167E-4
<1421,registrar0-0,roster0-3,write> 1.1714768888257458E-4
<1422,fac0-4,gradebook0-9,assignGrade> 9.099003778568121E-5
<1423,registrar0-0,roster0-4,write> 1.1946553268569229E-4
<1424,registrar0-0,roster0-5,write> 1.1900196392506876E-4
<1425,registrar0-0,roster0-6,write> 1.2039267020693938E-4
<1426,registrar4-0,roster0-4,write> 1.415376865306239E-4
<1427,admissions0-0,stu5-1application5-1,setStatus> 3.323164174510311E-5
<1428,admissions0-1,stu4-2application4-2,setStatus> 1.0240351280455414E-4
<1429,admissions2-0,stu1-4application1-4,setStatus> 1.796554528569046E-4
<1430,admissions0-1,stu5-18application5-18,read> 1.0931830716529674E-4
<1431,registrar4-1,transcript4-9,read> 2.0503721129468721E-4
<1432,registrar4-1,transcript4-8,read> 2.030241644257682E-4
<1433,admissions2-1,stu2-0application2-0,setStatus> 8.934275170930098E-5
<1434,registrar4-1,transcript5-0,read> 2.936112735271232E-4
<1435,admissions0-1,stu2-5application2-5,setStatus> 1.4768382301691196E-4
<1436,admissions2-1,stu0-0application0-0,read> 9.515627505649414E-5
<1437,fac0-1,gradebook0-3,readScore> 7.172180631193013E-5
<1438,registrar4-1,transcript4-5,read> 2.0906330503252517E-4
<1439,registrar0-0,transcript1-9,read> 2.557298013376926E-4
<1440,registrar4-1,transcript4-12,read> 3.6306139050482864E-4
<1441,registrar4-1,transcript4-4,read> 2.080567815980657E-4
<1442,admissions2-0,stu1-0application1-0,setStatus> 1.704117378422927E-4
<1443,registrar4-1,transcript4-7,read> 2.020176409913087E-4
<1444,admissions0-1,stu4-15application4-15,setStatus> 1.2933984192184533E-5
<1445,registrar4-1,transcript3-7,read> 7.922178198724978E-5
<1446,registrar4-1,transcript4-16,read> 3.6809400767712615E-4
<1447,registrar0-0,transcript0-11,read> 2.707870828121213E-4
<1448,registrar4-0,transcript5-4,read> 2.930671197829656E-4
<1449,stu5-16,gradebook5-6,addScore> 8.300625756324692E-5
<1450,registrar4-1,transcript4-6,read> 2.1006982846698475E-4
<1451,registrar0-1,transcript1-17,read> 2.8067305230638505E-5
<1452,admissions0-1,stu2-7application2-7,setStatus> 1.0076687508603519E-4
<1453,admissions2-1,stu0-0application0-0,setStatus> 1.0813213074601608E-4
<1454,chair0,transcript0-13,read> 0.0015646665601707379
<1455,admissions0-0,application0-2,setStatus> 6.607554298940543E-5
<1456,registrar2-1,roster4-9,read> 8.545002063690275E-5
<1457,registrar2-1,roster4-8,read> 8.74417336462446E-5
<1458,registrar2-0,roster0-4,write> 1.2387996345467858E-4
<1459,registrar2-1,roster4-7,read> 9.474468134716475E-5
<1460,admissions0-0,stu4-0application4-0,read> 5.718305672751057E-5
<1461,fac4-3,gradebook4-7,readScore> 1.3340890718942268E-4
<1462,registrar2-1,transcript3-7,read> 6.857778056861737E-5
<1463,registrar2-1,transcript3-8,read> 5.986488097281632E-5
<1464,registrar2-1,transcript3-9,read> 5.8993591013236224E-5
<1465,stu4-10,gradebook4-1,readMyScores> 3.3858218089230506E-5
<1466,admissions2-0,stu0-17application0-17,read> 1.5158922314378927E-4
<1467,registrar2-1,transcript4-15,read> 3.1515283912978694E-4
<1468,admissions0-0,stu0-1application0-1,setStatus> 1.680969112295195E-5
<1469,registrar2-1,transcript3-3,read> 6.422133077071685E-5
<1470,stu5-9,stu5-9application5-9,checkStatus> 2.580778577433257E-4
<1471,admissions4-0,application5-0,read> 1.5403431852392013E-4
<1472,registrar4-1,transcript5-7,read> 2.9864389069942065E-4
<1473,admissions2-1,stu0-14application0-14,setStatus> 1.0500056757323024E-4
<1474,admissions4-0,stu0-11application0-11,read> 1.3763496776613335E-4
<1475,fac5-4,gradebook5-8,assignGrade> 1.1343184947669506E-4
<1476,admissions2-0,stu1-1application1-1,read> 1.597236923566477E-4
<1477,registrar2-1,transcript3-4,read> 6.770649060903726E-5
<1478,stu4-9,transcript4-9,read> 8.38181452927186E-4
<1479,registrar2-1,transcript3-5,read> 6.683520064945717E-5
<1480,admissions4-1,stu5-5application5-5,read> 7.261042807283906E-5
<1481,admissions2-1,stu2-16application2-16,read> 8.059003264136455E-5
<1482,registrar2-1,transcript3-6,read> 6.944907052819748E-5
<1483,admissions2-0,stu2-9application2-9,setStatus> 1.6486550883352557E-4
<1484,fac3-3,gradebook3-7,readScore> 1.987894564107141E-5
<1485,stu2-2,gradebook2-2,readMyScores> 1.287633248846788E-4
<1486,fac3-3,gradebook3-6,readScore> 2.5279762943568497E-5
<1487,stu1-13,gradebook1-7,readMyScores> 3.34120461003782E-5
<1488,registrar4-0,roster2-9,read> 1.4099705147091717E-4
<1489,fac2-0,gradebook2-1,readScore> 1.244660574873512E-4
<1490,admissions0-0,stu4-9application4-9,setStatus> 1.3121594712393837E-4
<1491,registrar2-1,transcript0-14,read> 2.855289805040633E-4
<1492,admissions2-0,stu1-4application1-4,read> 1.5809679851407603E-4
<1493,stu1-17,gradebook1-1,readMyScores> 2.941034889507316E-5
<1494,registrar4-1,roster5-9,read> 1.2478905136952006E-4
<1495,stu2-1,transcript2-1,read> 7.970352985597234E-4
<1496,admissions0-1,stu0-15application0-15,read> 1.1315895034475454E-4
<1497,admissions4-0,stu0-12application0-12,read> 4.128878206413608E-5
<1498,admissions4-1,stu1-3application1-3,read> 1.1434807987472711E-4
<1499,stu5-10,gradebook5-3,addScore> 3.312552161102666E-5
<1500,registrar0-0,roster2-9,write> 8.65521506814207E-5
<1501,registrar0-0,roster2-8,write> 8.608858192079716E-5
<1502,registrar0-0,roster2-7,write> 8.516144439955008E-5
<1503,registrar0-0,roster2-6,write> 8.469787563892655E-5
<1504,registrar4-1,transcript4-10,read> 3.4091787494671966E-4
<1505,admissions0-1,stu3-14application3-14,read> 1.1171870915245788E-4
<1506,registrar0-1,transcript0-7,read> 9.551210296656095E-5
<1507,registrar0-0,roster2-5,write> 6.244657512899646E-5
<1508,registrar2-1,transcript3-0,read> 6.335004081113676E-5
<1509,registrar0-0,roster2-4,write> 6.291014388962003E-5
<1510,registrar0-0,roster2-3,write> 6.059230008650231E-5
<1511,admissions2-0,stu2-13application2-13,read> 8.244623483449242E-5
<1512,admissions2-0,stu5-19application5-19,read> 2.550495034448327E-5
<1513,registrar2-1,roster5-4,write> 7.131942038501904E-5
<1514,registrar2-1,transcript3-2,read> 6.596391068987707E-5
<1515,registrar0-0,roster2-2,write> 6.198300636837292E-5
<1516,admissions4-1,stu5-19application5-19,read> 2.5913847343994023E-5
<1517,registrar2-1,transcript3-1,read> 6.247875085155664E-5
<1518,registrar0-0,transcript4-14,read> 3.042477083108516E-4
<1519,registrar2-0,transcript3-8,read> 5.9599404782249504E-5
<1520,registrar2-0,transcript3-9,read> 5.873197863623738E-5
<1521,stu1-9,gradebook1-8,readMyScores> 6.203659909041101E-5
<1522,stu4-11,gradebook4-1,readMyScores> 3.3594730010715096E-5
<1523,registrar2-0,transcript3-6,read> 6.914109238838284E-5
<1524,registrar2-0,transcript3-7,read> 6.827366624237072E-5
<1525,fac3-4,gradebook3-9,readScore> 1.0652112316508324E-4
<1526,registrar2-0,transcript3-5,read> 6.653881395034647E-5
<1527,fac3-4,gradebook3-8,readScore> 3.710417796521309E-5
<1528,chair0,transcript0-14,read> 0.0015599065148615607
<1529,registrar2-0,transcript3-2,read> 6.567138780433436E-5
<1530,registrar4-0,roster1-4,read> 1.9763501010685802E-4
<1531,registrar2-0,transcript3-3,read> 6.393653551231012E-5
<1532,fac2-1,gradebook2-3,readScore> 1.0325498830312174E-4
<1533,stu2-0,transcript2-0,read> 9.616199160295738E-4
<1534,admissions0-0,stu3-14application3-14,read> 1.1209805960798406E-4
<1535,admissions0-0,stu0-3application0-3,read> 7.54880576876684E-5
<1536,registrar2-0,transcript3-1,read> 6.220168322028587E-5
<1537,stu4-10,gradebook4-8,readMyScores> 6.708780628627241E-5
<1538,registrar4-0,transcript1-5,read> 3.0694207430559156E-4
<1539,registrar2-0,transcript3-0,read> 6.3069109366298E-5
<1540,stu4-10,gradebook4-7,readMyScores> 3.9483120905119996E-5
<1541,registrar2-0,transcript4-19,read> 3.1809239629386173E-4
<1542,admissions0-1,stu5-0application5-0,read> 1.1699959352421239E-4
<1543,registrar2-0,roster5-1,read> 1.1679717411326215E-4
<1544,admissions2-1,stu3-4application3-4,read> 3.885971653315542E-5
<1545,admissions4-0,stu0-19application0-19,read> 8.1057207651769E-5
<1546,fac3-1,gradebook3-3,readScore> 2.3897336769870977E-5
<1547,admissions4-1,stu2-11application2-11,setStatus> 6.419762393207823E-5
<1548,fac3-1,gradebook3-2,readScore> 4.990300112132532E-5
<1549,registrar4-0,roster5-6,read> 1.1456600410747811E-4
<1550,admissions4-1,stu0-9application0-9,read> 9.037992339443494E-5
<1551,registrar4-0,roster5-5,read> 1.160763496711032E-4
<1552,chair5,transcript5-4,read> 0.0014075850649678955
<1553,stu1-2,transcript1-2,read> 0.0012784453046590359
<1554,registrar4-0,roster5-4,read> 1.1154531298022793E-4
<1555,registrar4-0,roster5-3,read> 1.1230048576204049E-4
<1556,registrar0-0,roster1-5,read> 1.7000177085554324E-4
<1557,registrar4-0,roster5-2,read> 1.3420049643460424E-4
<1558,fac4-2,gradebook4-4,assignGrade> 3.896387625968657E-4
<1559,registrar4-0,roster5-1,read> 1.334453236527917E-4
<1560,admissions2-1,stu2-3application2-3,read> 5.027650112879754E-5
<1561,registrar0-0,roster0-7,read> 1.6490251448868427E-4
<1562,registrar2-1,transcript2-17,read> 2.9946961985734494E-4
<1563,registrar2-1,roster4-8,write> 6.359398810635971E-5
<1564,admissions4-1,stu0-19application0-19,read> 8.170179777226021E-5
<1565,admissions4-1,stu1-13application1-13,read> 9.947129309385613E-5
<1566,registrar4-0,roster5-7,read> 1.2060738636197847E-4
<1567,registrar4-0,roster5-8,read> 1.190970407983534E-4
<1568,fac3-2,gradebook3-5,readScore> 3.9666119460895395E-5
<1569,registrar4-1,roster0-4,read> 1.9764924013328594E-4
<1570,registrar4-0,transcript2-2,read> 1.9098709722364604E-4
<1571,registrar4-0,roster5-9,read> 1.2287290470741608E-4
<1572,fac3-2,gradebook3-4,readScore> 1.8801981911875713E-5
<1573,registrar4-1,roster5-5,read> 1.1788650717084752E-4
<1574,registrar0-1,roster2-7,write> 8.476808899816646E-5
<1575,registrar4-1,roster5-4,read> 1.1328481103839914E-4
<1576,stu2-13,gradebook2-3,addScore> 2.8751955365219703E-4
<1577,fac4-3,roster4-6,read> 0.001273568741679765
<1578,admissions4-0,stu4-16application4-16,read> 1.2328553585306997E-4
<1579,registrar4-1,roster5-7,read> 1.2248820330329585E-4
<1580,registrar0-1,roster2-9,write> 8.615237169443956E-5
<1581,stu1-4,gradebook1-4,readMyScores> 6.736124273910079E-5
<1582,stu3-8,transcript3-8,read> 2.827083689664409E-4
<1583,registrar0-0,transcript1-6,read> 2.5656631697516086E-4
<1584,registrar4-1,roster5-3,read> 1.140517603938072E-4
<1585,registrar0-0,transcript2-9,read> 1.6622262812858877E-4
<1586,registrar4-1,roster5-2,read> 1.3629329170064097E-4
<1587,admissions2-1,stu5-18application5-18,setStatus> 1.0186900440044437E-4
<1588,registrar0-1,roster2-1,write> 6.677241394661652E-5
<1589,admissions4-1,stu1-4application1-4,read> 1.606314165263257E-4
<1590,admissions4-0,stu5-19application5-19,read> 2.5709398844238643E-5
<1591,stu4-16,transcript4-16,read> 0.00150474915368008
<1592,registrar0-1,roster2-3,write> 6.031242803067551E-5
<1593,admissions4-0,stu3-8application3-8,read> 1.2984527615618469E-4
<1594,fac1-2,gradebook1-4,addScore> 4.679191305864769E-4
<1595,registrar0-1,roster2-5,write> 6.215813829237292E-5
<1596,registrar2-0,roster1-1,read> 1.7760551187371554E-4
<1597,registrar0-1,roster2-4,write> 6.26195658577973E-5
<1598,admissions0-0,stu3-19application3-19,setStatus> 1.6570204343045579E-4
<1599,chair1,transcript1-6,read> 0.001459945563368843
<1600,admissions4-0,stu1-13application1-13,read> 9.868650971638979E-5
<1601,stu2-5,transcript2-5,read> 7.805768368127384E-4
<1602,fac1-0,gradebook1-1,readScore> 7.248115453203311E-5
<1603,stu4-14,gradebook4-3,readMyScores> 6.410230347782396E-5
<1604,admissions2-0,stu2-3application2-3,read> 5.194197528627323E-5
<1605,stu4-14,gradebook4-4,readMyScores> 4.003191346559735E-5
<1606,stu4-13,gradebook4-5,readMyScores> 4.812615907739109E-5
<1607,admissions4-0,stu4-17application4-17,setStatus> 8.09290877239738E-5
<1608,admissions4-1,stu2-4application2-4,setStatus> 2.991714934231868E-5
<1609,admissions0-0,stu2-14application2-14,setStatus> 5.950676274054497E-5
<1610,admissions0-0,stu0-7application0-7,setStatus> 1.1807838662621743E-4
<1611,stu5-10,gradebook5-7,readMyScores> 2.4534288736933006E-5
<1612,stu3-2,stu3-2application3-2,checkStatus> 4.976473115066707E-4
<1613,admissions2-1,application2-0,setStatus> 4.594823345783996E-5
<1614,registrar2-1,transcript1-5,read> 2.698457612316214E-4
<1615,admissions2-0,stu2-10application2-10,read> 9.871517326020934E-5
<1616,fac0-4,gradebook0-9,readScore> 1.423185646817124E-5
<1617,fac0-4,gradebook0-8,readScore> 7.390285727514E-6
<1618,registrar4-0,transcript1-1,read> 2.6135293801696343E-4
<1619,stu4-15,gradebook4-3,readMyScores> 6.458977346624849E-5
<1620,admissions4-1,stu1-11application1-11,read> 1.3005135481009093E-4
<1621,stu4-15,gradebook4-4,readMyScores> 4.033633866305437E-5
<1622,admissions0-1,stu2-6application2-6,setStatus> 1.5259373617246884E-4
<1623,stu4-15,gradebook4-1,readMyScores> 3.491217040329216E-5
<1624,admissions2-0,stu3-4application3-4,read> 4.0146994927628475E-5
<1625,stu4-14,gradebook4-8,readMyScores> 6.865405857311145E-5
<1626,fac2-3,gradebook2-7,changeScore> 0.0018450334080892896
<1627,admissions4-1,stu4-17application4-17,setStatus> 8.15726589981207E-5
<1628,stu5-15,gradebook5-9,addScore> 5.9574944673422904E-5
<1629,admissions2-1,stu2-10application2-10,read> 9.554995728393007E-5
<1630,admissions4-0,application4-1,read> 1.1590582801206589E-4
<1631,stu5-16,stu5-16application5-16,checkStatus> 0.0013012031876712237
<1632,fac1-2,gradebook1-4,readScore> 1.7239125863712304E-4
<1633,fac1-2,gradebook1-5,readScore> 1.7611975687138948E-4
<1634,admissions0-0,stu2-6application2-6,setStatus> 1.5311188128680657E-4
<1635,stu4-12,gradebook4-1,readMyScores> 3.333124193219968E-5
<1636,stu4-12,gradebook4-2,readMyScores> 7.209347940705488E-5
<1637,registrar4-1,transcript5-9,read> 3.0065693756833965E-4
<1638,stu2-17,gradebook2-3,readMyScores> 1.3879935991115635E-4
<1639,stu4-11,gradebook4-8,readMyScores> 6.656572219065939E-5
<1640,stu4-11,gradebook4-7,readMyScores> 3.917585926383501E-5
<1641,admissions4-0,stu4-14application4-14,setStatus> 1.4615377823789846E-4
<1642,stu4-6,transcript4-6,read> 8.587545301109172E-4
<1643,admissions2-0,stu4-5application4-5,setStatus> 7.150398718594563E-5
<1644,registrar4-1,transcript5-3,read> 2.9461779696158267E-4
<1645,chair0,transcript0-0,read> 8.50659763794181E-4
<1646,registrar0-1,transcript4-8,read> 1.6795281164588502E-4
<1647,fac1-1,gradebook1-2,readScore> 3.8088177191550676E-5
<1648,admissions0-1,stu3-19application3-19,setStatus> 1.651412920144475E-4
<1649,stu4-13,gradebook4-4,readMyScores> 3.820536228085527E-5
<1650,stu4-13,gradebook4-2,readMyScores> 7.152357047893586E-5
<1651,stu4-2,stu4-2application4-2,checkStatus> 9.368579767394698E-4
<1652,fac2-0,gradebook2-1,assignGrade> 6.399512776120203E-4
<1653,admissions2-1,stu5-19application5-19,read> 2.4687156345461763E-5
<1654,admissions4-1,stu0-12application0-12,read> 4.161712227935784E-5
<1655,admissions0-1,stu2-14application2-14,setStatus> 5.9305386216888314E-5
<1656,admissions4-0,stu2-4application2-4,setStatus> 2.9681116605890128E-5
<1657,chair1,transcript1-14,read> 1.8425342050939477E-4
<1658,stu5-13,gradebook5-7,addScore> 1.070567227450339E-4
<1659,admissions4-0,application5-2,setStatus> 1.764366702622207E-4
<1660,registrar0-1,transcript2-8,read> 1.5879364158298198E-4
<1661,admissions4-0,stu1-2application1-2,read> 1.28205341080406E-4
<1662,registrar4-0,roster4-2,write> 9.92480107491214E-5
<1663,registrar4-0,roster4-1,write> 9.869879418053043E-5
<1664,admissions0-1,stu4-8application4-8,read> 7.955332252449865E-5
<1665,registrar4-0,roster4-4,write> 7.67301314368928E-5
<1666,admissions4-1,stu2-18application2-18,setStatus> 1.4168088841578128E-4
<1667,registrar4-0,roster4-3,write> 9.979722731771231E-5
<1668,admissions4-1,stu5-15application5-15,setStatus> 3.7900273561851726E-5
<1669,registrar4-0,transcript0-17,read> 3.168527561074672E-4
<1670,admissions0-0,stu5-19application5-19,setStatus> 3.4326438453246525E-5
<1671,registrar4-0,roster4-6,write> 8.002543084843844E-5
<1672,registrar4-0,roster4-5,write> 7.563169829971091E-5
<1673,registrar4-0,roster4-8,write> 7.233639888816526E-5
<1674,stu3-15,gradebook3-7,readMyScores> 3.075525585624872E-5
<1675,registrar0-1,transcript1-9,read> 2.5454860133151383E-4
<1676,registrar4-0,roster4-7,write> 7.837778114266562E-5
<1677,registrar2-1,roster1-7,write> 1.311915205446288E-4
<1678,registrar0-0,roster3-3,write> 7.635363794770277E-5
<1679,fac3-3,gradebook3-6,addScore> 6.861649941825735E-5
<1680,registrar4-0,roster4-9,write> 7.068874918239242E-5
<1681,fac4-0,gradebook4-1,addScore> 4.645629427961181E-4
<1682,fac3-3,gradebook3-7,addScore> 5.395713816862241E-5
<1683,fac1-4,gradebook1-8,readScore> 3.996726651439705E-5
<1684,admissions0-1,stu3-17application3-17,setStatus> 1.5477591979716075E-4
<1685,fac0-1,gradebook0-2,readScore> 2.147574182872596E-5
<1686,registrar2-0,roster4-5,write> 6.619616478863588E-5
<1687,admissions4-0,application0-1,setStatus> 5.670277410451608E-5
<1688,registrar2-0,roster4-8,write> 6.331197485533372E-5
<1689,admissions4-1,stu1-6application1-6,read> 2.0954918417037028E-5
<1690,registrar2-0,roster4-9,write> 6.186987988868265E-5
<1691,admissions0-0,stu0-18application0-18,setStatus> 2.1442049694283752E-4
<1692,fac3-2,gradebook3-5,addScore> 1.0766518139385894E-4
<1693,admissions2-1,stu5-10application5-10,read> 1.4121709566649855E-4
<1694,admissions0-0,stu2-4application2-4,setStatus> 3.4873836807318225E-5
<1695,registrar2-0,roster4-2,write> 8.686619264396784E-5
<1696,registrar2-0,roster4-1,write> 8.63854943217508E-5
<1697,stu2-12,transcript2-12,read> 0.0013730814597041998
<1698,stu3-4,gradebook3-8,readMyScores> 6.456592292042528E-5
<1699,fac3-2,gradebook3-4,addScore> 5.103395090366265E-5
<1700,registrar2-0,roster4-3,write> 8.734689096618485E-5
<1701,admissions4-1,stu0-15application0-15,setStatus> 1.1068758262230003E-4
<1702,fac1-3,gradebook1-7,readScore> 1.8233392059516682E-4
<1703,registrar0-1,transcript2-19,read> 2.8951997793532546E-4
<1704,stu2-8,transcript2-8,read> 7.846914522494846E-4
<1705,admissions4-0,stu1-13application1-13,setStatus> 1.1214376104135204E-4
<1706,admissions0-0,stu2-10application2-10,setStatus> 1.328581421861535E-4
<1707,registrar2-1,transcript3-10,read> 3.0992509937230624E-4
<1708,stu5-15,stu5-15application5-15,checkStatus> 4.028177360586799E-4
<1709,registrar2-1,transcript0-9,read> 1.0168679903266134E-4
<1710,admissions4-0,stu4-3application4-3,setStatus> 1.8202735802055707E-4
<1711,chair0,transcript0-6,read> 5.222166374609651E-4
<1712,fac1-3,gradebook1-6,readScore> 6.697703338533767E-5
<1713,admissions0-1,stu3-6application3-6,setStatus> 2.0442059725890243E-4
<1714,registrar0-1,transcript4-14,read> 3.028424071177298E-4
<1715,fac0-0,gradebook0-1,readScore> 2.2367383393544103E-5
<1716,admissions4-0,stu1-6application1-6,read> 2.0789593616902612E-5
<1717,fac3-1,gradebook3-2,addScore> 1.3545100304359733E-4
<1718,fac3-1,gradebook3-3,addScore> 6.486419980393552E-5
<1719,chair0,transcript0-9,read> 5.555369546252043E-4
<1720,admissions0-0,application4-2,setStatus> 1.5365927964087827E-4
<1721,admissions0-0,application4-3,setStatus> 1.569436697653085E-4
<1722,registrar4-0,transcript5-8,read> 2.9703139250371585E-4
<1723,admissions0-0,application4-1,setStatus> 1.5475407634902167E-4
<1724,admissions0-1,stu2-4application2-4,setStatus> 3.475582043910395E-5
<1725,admissions2-0,stu0-4application0-4,read> 1.0318913132728149E-4
<1726,stu1-0,transcript1-0,read> 0.001093287610005454
<1727,admissions4-0,stu2-9application2-9,setStatus> 1.6618707603860392E-4
<1728,fac0-3,gradebook0-7,readScore> 1.1822731174195381E-5
<1729,admissions0-0,stu1-11application1-11,read> 1.515983248377983E-4
<1730,fac0-3,gradebook0-6,readScore> 5.805064611961999E-5
<1731,registrar4-1,roster4-6,write> 8.127339078369674E-5
<1732,registrar4-1,roster4-5,write> 7.681113998859531E-5
<1733,registrar4-1,roster4-4,write> 7.792670268737065E-5
<1734,admissions0-1,stu1-18application1-18,setStatus> 1.2204316542678163E-4
<1735,registrar4-1,roster4-3,write> 1.0135351936165326E-4
<1736,registrar4-1,roster4-2,write> 1.0079573801226558E-4
<1737,registrar2-0,transcript3-13,read> 3.0508100410367987E-4
<1738,admissions4-1,stu1-2application1-2,read> 1.292248666555981E-4
<1739,registrar2-0,roster0-2,read> 1.6835206917103785E-4
<1740,registrar4-1,transcript5-1,read> 2.905917032237447E-4
<1741,admissions2-0,stu4-3application4-3,read> 1.589102454353619E-4
<1742,admissions0-1,application4-4,setStatus> 1.5586701160950675E-4
<1743,admissions4-0,stu4-6application4-6,read> 4.825850613619546E-5
<1744,chair1,transcript1-13,read> 1.7949337520021773E-4
<1745,fac3-0,gradebook3-1,addScore> 1.2654159169159208E-4
<1746,registrar4-1,roster4-8,write> 7.346445189226921E-5
<1747,registrar0-1,roster1-8,write> 1.2583514232093437E-4
<1748,registrar2-1,roster5-4,read> 9.806420302940118E-5
<1749,admissions0-1,application4-0,setStatus> 1.4713827711073895E-4
<1750,registrar0-1,transcript4-11,read> 2.845240669919238E-4
<1751,registrar4-1,roster4-9,write> 7.179110784410614E-5
<1752,admissions0-1,application4-1,setStatus> 1.5423037389098777E-4
<1753,admissions0-1,application4-2,setStatus> 1.531392820786418E-4
<1754,fac0-2,gradebook0-4,readScore> 7.047897356717467E-5
<1755,admissions0-1,stu4-18application4-18,setStatus> 1.0751800567492589E-5
<1756,admissions2-1,stu3-0application3-0,read> 5.893751013238812E-5
<1757,fac0-2,gradebook0-5,readScore> 5.929347886437547E-5
<1758,admissions2-0,stu0-19application0-19,setStatus> 9.137797446736115E-5
<1759,stu2-17,gradebook2-2,readScore> 1.3738910668982437E-4
<1760,admissions0-0,stu1-12application1-12,setStatus> 1.2957375206172327E-4
<1761,fac5-3,gradebook5-7,readScore> 7.702183463811452E-5
<1762,admissions4-1,stu1-8application1-8,setStatus> 1.200794934688095E-4
<1763,admissions4-0,application0-0,setStatus> 5.85663366906282E-5
<1764,admissions4-1,stu2-4application2-4,read> 2.6327091421240435E-5
<1765,registrar4-1,transcript2-10,read> 3.3387221090550316E-4
<1766,registrar4-1,roster2-6,write> 1.0191130071104095E-4
<1767,admissions4-0,application0-4,setStatus> 5.7168664751044106E-5
<1768,fac2-4,gradebook2-9,readScore> 1.6954929046537797E-4
<1769,registrar0-1,transcript5-7,read> 2.4705473491641133E-4
<1770,stu5-10,stu5-10application5-10,checkStatus> 0.0017903241557713865
<1771,admissions4-0,application0-3,setStatus> 5.763455539757215E-5
<1772,admissions4-0,stu1-11application1-11,setStatus> 1.4661966888442654E-4
<1773,admissions2-1,stu0-19application0-19,setStatus> 8.844801937421931E-5
<1774,admissions2-0,stu4-4application4-4,read> 1.1173032400078283E-4
<1775,admissions2-0,stu3-5application3-5,setStatus> 1.0062168948197302E-4
<1776,admissions4-1,application0-0,setStatus> 5.903207296649801E-5
<1777,admissions4-1,application0-1,setStatus> 5.715369079719612E-5
<1778,admissions4-1,application0-2,setStatus> 5.668409525487064E-5
<1779,admissions2-1,application4-1,read> 1.1129724638136747E-4
<1780,admissions4-1,application0-3,setStatus> 5.809288188184707E-5
<1781,admissions4-0,stu0-4application0-4,read> 1.0401629871267049E-4
<1782,admissions2-0,stu0-10application0-10,read> 1.5850352197471895E-4
<1783,admissions0-1,stu0-5application0-5,read> 1.5492594492135835E-4
<1784,admissions0-0,stu3-18application3-18,setStatus> 1.72818222033388E-4
<1785,stu2-14,gradebook2-6,addScore> 3.8329385764777305E-4
<1786,admissions0-1,application0-3,setStatus> 6.74885748094831E-5
<1787,admissions4-0,stu2-0application2-0,read> 8.187717518965834E-5
<1788,admissions0-0,stu0-17application0-17,read> 1.7953753682961812E-4
<1789,admissions2-1,stu3-7application3-7,setStatus> 1.287109744528945E-4
<1790,admissions2-1,stu4-19application4-19,read> 4.988281890136162E-5
<1791,admissions2-0,stu5-10application5-10,read> 1.4589509469478836E-4
<1792,admissions0-0,stu3-6application3-6,setStatus> 2.0511472492361859E-4
<1793,fac2-2,gradebook2-4,readScore> 1.8724420083286687E-4
<1794,stu0-6,gradebook0-8,readMyScores> 2.396456148651774E-5
<1795,admissions2-1,stu1-0application1-0,setStatus> 1.6494763402370214E-4
<1796,admissions4-1,stu4-15application4-15,read> 9.797328331383785E-6
<1797,admissions0-0,stu4-8application4-8,read> 7.98234526519163E-5
<1798,admissions2-1,application4-4,read> 1.1247829306367529E-4
<1799,registrar0-0,transcript0-18,read> 2.6660450462478E-4
<1800,admissions2-1,stu2-19application2-19,setStatus> 1.0365846907060773E-4
<1801,fac3-4,gradebook3-9,addScore> 2.891287628766546E-4
<1802,admissions0-1,stu3-18application3-18,setStatus> 1.7223338879469632E-4
<1803,registrar0-0,transcript0-2,read> 1.4614625282935055E-4
<1804,admissions0-0,stu4-3application4-3,read> 1.8820832675811396E-4
<1805,admissions2-1,application5-0,read> 1.479096935329094E-4
<1806,admissions4-0,stu0-13application0-13,setStatus> 1.5360802858234703E-4
<1807,admissions4-1,stu0-19application0-19,setStatus> 9.284295201393206E-5
<1808,admissions0-1,stu0-17application0-17,read> 1.789299647929697E-4
<1809,fac2-3,gradebook2-6,readScore> 1.2668351734406848E-4
<1810,admissions0-1,stu0-1application0-1,setStatus> 1.675280553539543E-5
<1811,registrar4-1,roster0-5,write> 1.4318712056572935E-4
<1812,fac2-3,gradebook2-7,readScore> 1.2266681441700075E-4
<1813,admissions4-0,stu4-15application4-15,read> 9.720031855396537E-6
<1814,admissions4-1,application3-4,read> 1.02364001634581E-4
<1815,registrar0-0,transcript3-14,read> 2.933730050237643E-4
<1816,admissions4-1,application3-2,read> 1.0319048978907386E-4
<1817,registrar4-0,transcript0-9,read> 1.1566591552939084E-4
<1818,admissions0-1,stu3-0application3-0,setStatus> 8.16727683699807E-5
<1819,admissions4-1,stu0-14application0-14,read> 9.699182863037762E-5
<1820,admissions4-1,stu0-4application0-4,read> 1.0484346609805953E-4
<1821,admissions0-1,stu4-6application4-6,read> 5.650946344775175E-5
<1822,admissions2-1,stu4-2application4-2,setStatus> 8.397435769881095E-5
<1823,fac2-2,gradebook2-4,assignGrade> 6.675719689240374E-4
<1824,admissions4-1,application3-1,read> 1.011242694028418E-4
<1825,admissions4-1,stu0-1application0-1,read> 1.2690036872108698E-5
<1826,admissions4-1,application3-0,read> 1.015375134800882E-4
<1827,fac1-4,gradebook1-8,addScore> 1.0848258053907772E-4
<1828,fac1-4,gradebook1-9,addScore> 2.6878701760750474E-4
<1829,admissions0-1,stu3-3application3-3,read> 1.7844988439553742E-4
<1830,admissions2-1,stu4-4application4-4,setStatus> 1.2289521427486362E-4
<1831,admissions0-1,application5-0,read> 1.8037020598526634E-4
<1832,admissions4-0,application3-3,read> 1.0196637986794716E-4
<1833,admissions4-0,application3-4,read> 1.0155639609900248E-4
<1834,admissions4-1,stu3-2application3-2,read> 4.120387820211142E-5
<1835,admissions0-0,stu4-6application4-6,read> 5.6701346175927474E-5
<1836,admissions2-0,application4-0,setStatus> 1.2465534851996388E-4
<1837,admissions2-0,stu0-2application0-2,setStatus> 7.722353585123672E-6
<1838,admissions4-0,application3-0,read> 1.0073642856111314E-4
<1839,admissions4-0,stu1-0application1-0,read> 1.5116443214130748E-4
<1840,admissions4-0,stu3-2application3-2,read> 4.087879829519141E-5
<1841,admissions2-0,application4-3,setStatus> 1.32512506282384E-4
<1842,admissions4-0,stu5-16application5-16,read> 1.0688618509528317E-4
<1843,admissions4-1,stu1-0application1-0,read> 1.5236653498139737E-4
<1844,chair5,transcript5-17,read> 1.0333265025338502E-4
<1845,chair5,transcript5-18,read> 9.857260494420797E-5
<1846,chair5,transcript5-15,read> 1.1761278618091616E-4
<1847,registrar0-0,roster5-8,write> 7.310865662333797E-5
<1848,chair5,transcript5-16,read> 1.0809269556256206E-4
<1849,chair5,transcript5-19,read> 8.905251432585389E-5
<1850,admissions0-1,stu3-12application3-12,setStatus> 7.676285521442385E-5
<1851,admissions0-0,stu0-17application0-17,setStatus> 2.0401992821547513E-4
<1852,chair5,transcript5-13,read> 1.2713287679927025E-4
<1853,chair5,transcript5-14,read> 1.2237283149009318E-4
<1854,admissions4-0,stu0-14application0-14,setStatus> 1.0934841716218388E-4
<1855,chair5,transcript5-11,read> 1.3189292210844731E-4
<1856,chair5,transcript5-12,read> 1.4141301272680137E-4
<1857,admissions2-1,stu3-18application3-18,read> 1.2428875988675333E-4
<1858,admissions4-1,stu0-14application0-14,setStatus> 1.1021798707997457E-4
<1859,admissions0-1,stu0-3application0-3,read> 7.52325989476086E-5
<1860,stu5-11,gradebook5-7,readMyScores> 2.517154298984036E-5
<1861,stu5-11,gradebook5-8,readMyScores> 1.8326466722537422E-5
<1862,admissions0-0,stu5-2application5-2,setStatus> 1.558488730571651E-4
<1863,stu5-11,gradebook5-3,readMyScores> 2.877157672432905E-5
<1864,admissions0-0,stu1-11application1-11,setStatus> 1.7227082367931627E-4
<1865,admissions2-0,stu3-18application3-18,read> 1.284059858871427E-4
<1866,admissions2-0,stu5-15application5-15,read> 3.282597263605588E-5
<1867,admissions0-0,stu2-19application2-19,setStatus> 1.268367602913647E-4
<1868,admissions4-1,stu3-13application3-13,setStatus> 1.11626773706951E-4
<1869,admissions4-0,stu3-11application3-11,read> 1.0114641233005782E-4
<1870,stu5-12,gradebook5-8,readMyScores> 1.8481120450153772E-5
<1871,admissions4-1,stu1-4application1-4,setStatus> 1.825357005980974E-4
<1872,registrar2-1,roster3-3,write> 7.952769218109456E-5
<1873,registrar2-1,roster3-4,write> 7.807917362884596E-5
<1874,admissions2-1,stu2-16application2-16,setStatus> 9.157958254700517E-5
<1875,registrar2-1,roster3-5,write> 8.049337121592698E-5
<1876,registrar2-1,roster3-6,write> 8.097621073334319E-5
<1877,stu5-12,gradebook5-5,readMyScores> 2.516232717565884E-5
<1878,registrar4-0,transcript2-18,read> 3.4262052879234403E-4
<1879,admissions2-0,stu2-14application2-14,read> 4.421422953405771E-5
<1880,stu5-12,gradebook5-2,readMyScores> 3.554119892290358E-5
<1881,registrar2-0,transcript3-10,read> 3.0855070868772834E-4
<1882,registrar2-1,roster3-1,write> 7.759633411142973E-5
<1883,registrar2-1,roster3-2,write> 7.663065507659731E-5
<1884,stu2-18,gradebook2-5,readMyScores> 1.1056962077693222E-4
<1885,registrar2-1,roster2-6,read> 1.2130085480505617E-4
<1886,admissions4-0,stu0-4application0-4,setStatus> 1.1820033944621647E-4
<1887,registrar2-1,roster3-7,write> 8.14590502507594E-5
<1888,registrar4-1,transcript0-1,read> 1.728284613919832E-4
<1889,registrar4-0,transcript1-9,read> 3.0297780158484126E-4
<1890,registrar2-1,roster3-8,write> 8.194188976817561E-5
<1891,registrar2-1,roster3-9,write> 8.242472928559182E-5
<1892,admissions4-0,stu4-7application4-7,read> 3.0629204071574676E-5
<1893,admissions0-0,stu4-16application4-16,read> 1.448543771156349E-4
<1894,admissions0-0,stu3-17application3-17,setStatus> 1.553014747030934E-4
<1895,registrar2-0,roster3-4,write> 7.773292452184441E-5
<1896,registrar2-0,roster3-5,write> 8.013641613292951E-5
<1897,admissions2-1,stu1-14application1-14,setStatus> 1.519740151650179E-4
<1898,stu3-8,gradebook3-9,readMyScores> 4.3009584314185044E-5
<1899,registrar2-0,roster3-2,write> 7.629082955519334E-5
<1900,admissions2-0,application1-3,read> 1.8183928052910662E-5
<1901,registrar2-0,roster3-3,write> 7.917501948849547E-5
<1902,admissions4-0,stu1-12application1-12,read> 9.704657464061112E-5
<1903,registrar2-0,roster3-8,write> 8.157851109958058E-5
<1904,registrar2-0,roster3-9,write> 8.20592094217976E-5
<1905,admissions0-1,stu2-7application2-7,read> 8.867485007571097E-5
<1906,registrar2-0,roster3-6,write> 8.061711445514654E-5
<1907,stu4-8,gradebook4-4,readMyScores> 8.38691418994074E-5
<1908,admissions0-0,application3-3,read> 1.1980542843331366E-4
<1909,registrar2-0,roster3-7,write> 8.109781277736356E-5
<1910,registrar0-1,transcript2-14,read> 2.8036080787242245E-4
<1911,admissions4-1,stu0-4application0-4,setStatus> 1.1914030238415857E-4
<1912,admissions4-0,stu0-14application0-14,read> 9.62266071027218E-5
<1913,admissions0-1,stu5-19application5-19,setStatus> 3.421027453293096E-5
<1914,admissions4-0,stu5-18application5-18,setStatus> 1.060871826364876E-4
<1915,admissions0-0,stu2-14application2-14,read> 5.2365951211679563E-5
<1916,admissions0-1,stu0-6application0-6,read> 5.314890066572616E-5
<1917,registrar4-1,transcript2-6,read> 1.8993935977779474E-4
<1918,stu5-10,gradebook5-2,readMyScores> 3.435153536063065E-5
<1919,admissions0-0,stu3-3application3-3,read> 1.79055826278035E-4
<1920,admissions2-0,stu0-13application0-13,read> 1.341001143361436E-4
<1921,stu5-10,gradebook5-4,readMyScores> 1.584565117076223E-5
<1922,admissions2-0,stu3-17application3-17,setStatus> 1.3112594903019224E-4
<1923,stu5-10,gradebook5-8,readMyScores> 1.786250553968837E-5
<1924,admissions4-0,application4-0,setStatus> 1.2565458979066498E-4
<1925,admissions0-0,stu2-7application2-7,read> 8.897595313199521E-5
<1926,admissions4-1,stu1-12application1-12,read> 9.781831678487046E-5
<1927,admissions4-1,stu5-8application5-8,setStatus> 1.797181273441446E-4
<1928,admissions4-1,stu5-18application5-18,setStatus> 1.0693081828369626E-4
<1929,admissions2-0,stu4-7application4-7,read> 3.0385631872198344E-5
<1930,admissions4-0,stu5-1application5-1,setStatus> 2.828344466630603E-5
<1931,admissions2-0,application1-0,read> 1.615031074969605E-5
<1932,stu5-15,gradebook5-8,readMyScores> 1.909973536061917E-5
<1933,chair1,transcript1-10,read> 2.175737376736341E-4
<1934,admissions2-0,stu5-15application5-15,setStatus> 3.730224163188169E-5
<1935,stu5-15,gradebook5-5,readMyScores> 2.6004580804969596E-5
<1936,stu5-16,gradebook5-4,readMyScores> 1.6805993665959938E-5
<1937,admissions0-0,stu0-6application0-6,read> 5.3329372314845766E-5
<1938,admissions2-0,application1-4,read> 1.1676352682623902E-5
<1939,admissions2-0,application1-1,read> 1.6963757670981893E-5
<1940,app2-1,application2-1,checkStatus> 5.176114326536161E-4
<1941,stu5-18,stu5-18application5-18,checkStatus> 0.001136499188208924
<1942,stu5-16,gradebook5-2,readMyScores> 3.643344659460827E-5
<1943,admissions2-0,application1-2,read> 1.777720459226774E-5
<1944,stu5-16,gradebook5-1,readMyScores> 1.9443865647117034E-5
<1945,app0-0,application0-0,checkStatus> 6.274140989618159E-4
<1946,admissions0-1,stu2-14application2-14,read> 5.21887398708617E-5
<1947,admissions2-1,stu2-12application2-12,setStatus> 4.7290331960462465E-5
<1948,admissions4-0,stu3-14application3-14,read> 9.540663956483245E-5
<1949,admissions2-1,stu4-7application4-7,read> 2.9411343074692983E-5
<1950,admissions0-1,stu5-4application5-4,read> 5.9870026229777344E-5
<1951,registrar0-1,roster1-9,read> 1.7365778359374324E-4
<1952,admissions2-1,application1-1,read> 1.6419829569307125E-5
<1953,admissions2-1,application1-0,read> 1.5632465114435253E-5
<1954,admissions2-1,application1-2,read> 1.7207194024178993E-5
<1955,admissions2-1,application1-3,read> 1.760087625161493E-5
<1956,chair1,transcript1-17,read> 1.6045319396350958E-4
<1957,admissions4-0,application4-0,read> 1.105760390157852E-4
<1958,stu5-17,gradebook5-4,readMyScores> 1.6668801880931695E-5
<1959,admissions2-1,application1-4,read> 1.130196061263997E-5
<1960,admissions2-1,stu2-5application2-5,setStatus> 1.2110574960470032E-4
<1961,registrar4-1,transcript4-18,read> 3.7010705454604514E-4
<1962,registrar4-1,transcript2-19,read> 3.499765858568551E-4
<1963,admissions2-0,stu2-16application2-16,setStatus> 9.461327472247532E-5
<1964,stu5-18,gradebook5-9,addScore> 5.812778002548549E-5
<1965,registrar0-1,transcript1-5,read> 2.578792086271149E-4
<1966,admissions2-1,application2-3,setStatus> 5.086926130078915E-5
<1967,admissions2-0,stu5-11application5-11,read> 8.651346944092163E-5
<1968,stu3-14,transcript3-14,read> 0.0014430299221288865
<1969,admissions4-1,stu3-14application3-14,read> 9.61653404758848E-5
<1970,admissions2-1,stu0-10application0-10,setStatus> 1.7434232354205973E-4
<1971,registrar4-0,roster2-8,write> 1.0199409359207606E-4
<1972,registrar0-1,roster4-9,write> 5.938957289982678E-5
<1973,stu5-13,gradebook5-4,readMyScores> 1.5982842955790474E-5
<1974,admissions4-1,application5-3,setStatus> 1.7877893625949364E-4
<1975,admissions0-1,stu1-16application1-16,setStatus> 1.2095207361443565E-4
<1976,registrar0-0,roster1-8,read> 1.7382621313068747E-4
<1977,registrar0-0,roster1-7,read> 1.731888060848301E-4
<1978,stu5-13,gradebook5-8,readMyScores> 1.801715926730472E-5
<1979,registrar0-0,transcript4-16,read> 3.0592073958578817E-4
<1980,admissions0-1,application1-2,setStatus> 2.3844902315644244E-5
<1981,chair3,transcript3-8,read> 3.270547797847061E-4
<1982,chair3,transcript3-6,read> 3.7941527818565363E-4
<1983,registrar0-1,roster1-4,read> 1.6604422876424134E-4
<1984,admissions2-0,stu2-5application2-5,setStatus> 1.2511753427069453E-4
<1985,registrar0-1,roster1-6,read> 1.6794761747161678E-4
<1986,chair3,transcript3-5,read> 3.651351422581225E-4
<1987,stu1-8,gradebook1-1,readMyScores> 6.475552155821041E-5
<1988,registrar0-1,roster1-7,read> 1.7238885778882623E-4
<1989,chair3,transcript3-2,read> 3.6037509694894547E-4
<1990,registrar2-1,roster2-2,read> 8.876954231913916E-5
<1991,stu3-18,gradebook3-5,readMyScores> 1.943500362008226E-5
<1992,stu5-14,gradebook5-2,readMyScores> 3.4946367141767116E-5
<1993,stu5-14,gradebook5-3,readMyScores> 2.852877860851193E-5
<1994,registrar2-0,transcript2-14,read> 2.920696119134981E-4
<1995,registrar0-1,roster1-1,read> 1.7048546908145077E-4
<1996,registrar0-1,roster1-2,read> 1.6985100617899227E-4
<1997,chair3,transcript3-1,read> 3.413349157122373E-4
<1998,stu5-14,gradebook5-1,readMyScores> 1.865023847784695E-5
<1999,admissions4-0,stu1-15application1-15,read> 1.1426589293628723E-4
<2000,registrar0-1,roster1-3,read> 1.6667869166669985E-4
<2001,admissions4-0,stu0-3application0-3,setStatus> 7.300894673299723E-5
<2002,admissions2-1,stu5-15application5-15,setStatus> 3.6106177771941586E-5
<2003,stu5-14,gradebook5-9,readMyScores> 2.1981237332049797E-5
<2004,registrar0-1,transcript2-16,read> 2.8369141516802353E-4
<2005,admissions4-1,stu5-1application5-1,setStatus> 2.8508362715342264E-5
<2006,registrar0-0,roster1-6,read> 1.687269567638285E-4
<2007,registrar0-0,roster1-3,read> 1.6745214267211377E-4
<2008,admissions0-1,stu0-0application0-0,read> 1.1603943272934792E-4
<2009,stu4-5,gradebook4-7,readMyScores> 8.372879725015719E-5
<2010,registrar0-0,roster1-4,read> 1.668147356262564E-4
<2011,admissions2-0,stu5-13application5-13,setStatus> 1.727226665959457E-4
<2012,registrar4-0,roster1-9,read> 2.0669708348860857E-4
<2013,registrar2-1,transcript1-3,read> 2.7158834115078174E-4
<2014,registrar0-0,roster1-1,read> 1.7127658494725797E-4
<2015,registrar0-0,roster1-2,read> 1.706391779014006E-4
<2016,stu5-15,gradebook5-4,readMyScores> 1.6943185450988188E-5
<2017,admissions4-1,stu2-12application2-12,setStatus> 4.9640162119988555E-5
<2018,fac0-2,gradebook0-4,changeScore> 2.7410658971831924E-4
<2019,stu3-16,gradebook3-5,readMyScores> 1.8677092615399386E-5
<2020,registrar0-0,roster0-4,read> 1.642651074428269E-4
<2021,registrar0-0,transcript2-7,read> 1.6036701866631095E-4
<2022,admissions2-0,stu2-12application2-12,setStatus> 4.8856885400146525E-5
<2023,registrar2-1,roster3-8,read> 1.1267009843124145E-4
<2024,registrar4-1,transcript0-15,read> 3.2883959373320565E-4
<2025,registrar2-1,roster3-9,read> 1.1333400276768873E-4
<2026,admissions0-1,stu0-12application0-12,read> 4.834809669140388E-5
<2027,registrar0-1,roster1-1,write> 1.2398943205923693E-4
<2028,registrar0-1,roster1-2,write> 1.2352800449381258E-4
<2029,stu5-2,gradebook5-2,addScore> 1.1201157975559765E-4
<2030,admissions0-0,stu0-15application0-15,setStatus> 1.2902635370765154E-4
<2031,registrar0-1,roster1-6,write> 1.221437217975395E-4
<2032,registrar0-1,roster1-3,write> 1.2122086666669079E-4
<2033,registrar0-1,roster1-4,write> 1.2075943910126643E-4
<2034,registrar2-1,roster3-1,read> 1.0669495940321587E-4
<2035,admissions0-0,stu5-5application5-5,setStatus> 9.61824524633492E-5
<2036,registrar2-1,roster3-2,read> 1.053671507303213E-4
<2037,registrar0-1,roster1-7,write> 1.2537371475551E-4
<2038,registrar2-1,transcript3-15,read> 3.0469735961482564E-4
<2039,admissions0-1,stu5-12application5-12,read> 8.291388530652424E-5
<2040,registrar2-1,roster3-3,read> 1.0935057674900502E-4
<2041,registrar2-1,roster3-4,read> 1.0735886373966318E-4
<2042,admissions4-0,stu2-8application2-8,read> 1.614140263649242E-4
<2043,registrar2-1,roster3-5,read> 1.106783854218996E-4
<2044,registrar2-1,roster3-6,read> 1.1134228975834688E-4
<2045,registrar2-1,roster3-7,read> 1.1200619409479416E-4
<2046,registrar2-0,roster3-8,read> 1.121704527619233E-4
<2047,admissions2-1,stu3-15application3-15,setStatus> 1.2602677744764947E-4
<2048,stu3-0,stu3-0application3-0,checkStatus> 7.471988258434885E-4
<2049,registrar2-0,roster3-7,read> 1.1150949256887488E-4
<2050,admissions0-0,stu0-0application0-0,read> 1.1643345457223195E-4
<2051,admissions0-1,stu0-15application0-15,setStatus> 1.2858971630085747E-4
<2052,admissions4-0,stu1-19application1-19,setStatus> 4.132838276909097E-5
<2053,registrar2-0,transcript4-11,read> 2.964067426435587E-4
<2054,registrar2-0,transcript4-15,read> 3.137552655638012E-4
<2055,registrar0-0,transcript5-8,read> 2.50710707512883E-4
<2056,registrar2-1,roster5-8,write> 7.614781555918113E-5
<2057,registrar2-0,roster3-1,read> 1.0622181102448764E-4
<2058,admissions2-0,stu4-6application4-6,setStatus> 5.440311440891366E-5
<2059,admissions0-0,stu5-12application5-12,read> 8.319542651299801E-5
<2060,admissions0-1,stu4-14application4-14,setStatus> 1.7114229698235033E-4
<2061,stu2-7,gradebook2-9,readMyScores> 2.8850330357494785E-4
<2062,registrar2-0,roster3-5,read> 1.1018757218277807E-4
<2063,registrar2-0,roster3-3,read> 1.0886565179668125E-4
<2064,admissions2-0,application5-1,read> 1.5321611698636094E-4
<2065,admissions0-0,stu1-19application1-19,read> 4.273174018001755E-5
<2066,admissions2-1,stu2-18application2-18,read> 1.1877720870265023E-4
<2067,stu5-17,gradebook5-7,readMyScores> 2.5808797242747707E-5
<2068,fac5-0,gradebook5-1,changeScore> 4.626178079228357E-4
<2069,registrar4-0,transcript5-0,read> 2.8910284706221536E-4
<2070,chair4,transcript4-10,read> 0.0016122670132625084
<2071,admissions0-1,stu1-19application1-19,read> 4.258713192221716E-5
<2072,admissions2-0,stu3-6application3-6,setStatus> 1.7318485234667629E-4
<2073,admissions4-1,stu3-8application3-8,setStatus> 1.4872482155066336E-4
<2074,registrar4-0,transcript5-5,read> 2.92076051602778E-4
<2075,registrar4-0,transcript5-3,read> 2.9009391524240286E-4
<2076,registrar4-0,transcript5-9,read> 2.960403243235283E-4
<2077,stu5-18,gradebook5-6,readMyScores> 2.846493161214399E-5
<2078,registrar4-0,transcript5-7,read> 2.9405818796315316E-4
<2079,admissions0-1,stu3-2application3-2,setStatus> 5.439547306133144E-5
<2080,registrar4-0,transcript5-6,read> 2.950492561433408E-4
<2081,registrar4-1,transcript5-2,read> 2.956243203960422E-4
<2082,admissions0-0,stu2-17application2-17,read> 1.029455591279051E-4
<2083,admissions2-0,stu4-2application4-2,setStatus> 8.67561169600552E-5
<2084,stu0-2,stu0-2application0-2,checkStatus> 8.339179770755325E-5
<2085,admissions4-1,stu4-11application4-11,read> 1.465811178999476E-4
<2086,registrar4-1,transcript5-4,read> 2.976373672649612E-4
<2087,stu5-19,gradebook5-4,readMyScores> 1.7080377236016427E-5
<2088,registrar4-1,transcript5-5,read> 2.9663084383050166E-4
<2089,admissions2-0,stu0-19application0-19,read> 8.041261753127781E-5
<2090,fac4-2,gradebook4-4,changeScore> 0.0010909885352712238
<2091,registrar4-1,transcript5-8,read> 3.0166346100279917E-4
<2092,stu5-19,gradebook5-6,readMyScores> 2.9409825607567855E-5
<2093,fac0-0,roster0-1,read> 0.0021913248838110223
<2094,stu5-19,gradebook5-5,readMyScores> 2.6215144212297278E-5
<2095,stu5-1,gradebook5-4,readMyScores> 3.6287227139970644E-5
<2096,stu5-1,gradebook5-5,readMyScores> 5.569402123817375E-5
<2097,registrar0-1,transcript5-10,read> 2.6402001582837945E-5
<2098,stu1-14,gradebook1-2,addScore> 7.656633571953363E-5
<2099,stu3-13,gradebook3-9,readMyScores> 2.8106074871981558E-5
<2100,admissions2-0,application3-2,read> 1.0156223748470977E-4
<2101,stu1-14,transcript1-14,read> 1.5926990586405314E-4
<2102,admissions4-0,stu0-1application0-1,setStatus> 1.4306725270465025E-5
<2103,admissions2-0,stu5-0application5-0,read> 9.912189672085224E-5
<2104,stu3-14,gradebook3-5,readMyScores> 1.889363861673735E-5
<2105,stu3-14,gradebook3-4,readMyScores> 2.6453680402253757E-5
<2106,admissions0-1,stu4-12application4-12,setStatus> 1.7768884785642614E-4
<2107,admissions2-1,stu1-8application1-8,read> 1.0066782624059722E-4
<2108,stu3-14,gradebook3-8,readMyScores> 4.060091369230346E-5
<2109,registrar4-0,roster0-6,read> 1.9612466454323294E-4
<2110,stu5-0,gradebook5-7,readMyScores> 5.682183755090546E-5
<2111,stu1-15,gradebook1-8,addScore> 7.945714092995992E-5
<2112,registrar2-1,transcript2-13,read> 2.9162801022112407E-4
<2113,registrar4-0,transcript3-16,read> 3.455937333329068E-4
<2114,admissions0-1,stu4-2application4-2,read> 9.011509126800764E-5
<2115,admissions0-0,stu1-3application1-3,read> 1.3329332387764046E-4
<2116,admissions2-1,stu2-6application2-6,setStatus> 1.2513204511256784E-4
<2117,admissions4-1,stu4-6application4-6,read> 4.864227159254692E-5
<2118,registrar0-1,transcript1-0,read> 2.2124252837550274E-4
<2119,stu3-15,gradebook3-4,readMyScores> 2.5998889335166305E-5
<2120,stu3-15,gradebook3-2,readMyScores> 2.8356912295481906E-5
<2121,registrar4-0,roster4-9,read> 9.719703012578958E-5
<2122,admissions0-1,stu3-16application3-16,read> 3.346560437100484E-5
<2123,registrar2-0,roster1-6,read> 1.7496167110152188E-4
<2124,admissions0-1,stu1-14application1-14,setStatus> 1.8532649054284794E-4
<2125,admissions4-0,stu4-10application4-10,setStatus> 2.7351663373249957E-5
<2126,admissions0-0,stu1-9application1-9,read> 1.4629950877038418E-4
<2127,admissions4-1,stu3-19application3-19,setStatus> 1.4215048395810676E-4
<2128,admissions0-1,stu5-19application5-19,read> 3.0105041588979247E-5
<2129,admissions4-1,application0-1,read> 5.0295247901532586E-5
<2130,admissions4-0,stu2-17application2-17,setStatus> 9.956471358509513E-5
<2131,admissions4-1,stu3-4application3-4,setStatus> 4.635299332371024E-5
<2132,stu3-16,gradebook3-3,readMyScores> 2.747873720118035E-5
<2133,stu3-16,gradebook3-2,readMyScores> 2.8522258722860812E-5
<2134,stu3-16,gradebook3-6,readMyScores> 1.8932413522492362E-5
<2135,stu1-10,gradebook1-9,readMyScores> 4.3472052844757216E-5
<2136,admissions2-0,stu1-17application1-17,setStatus> 5.5327485910374844E-5
<2137,registrar4-1,roster3-1,write> 8.964011102451195E-5
<2138,registrar0-0,transcript0-10,read> 2.7162359844958944E-4
<2139,registrar4-1,roster3-2,write> 8.852454832573659E-5
<2140,admissions2-1,stu5-4application5-4,read> 4.909545444648975E-5
<2141,admissions0-0,stu1-14application1-14,setStatus> 1.8595578253110886E-4
<2142,stu2-3,gradebook2-5,readMyScores> 1.6949387009379264E-4
<2143,admissions0-0,stu3-16application3-16,read> 3.357923969993864E-5
<2144,registrar4-1,roster3-3,write> 9.187123642206266E-5
<2145,registrar2-0,transcript4-14,read> 3.154901178558253E-4
<2146,registrar2-0,roster1-6,write> 1.2724485171019775E-4
<2147,registrar4-1,roster3-4,write> 9.019789237389965E-5
<2148,registrar4-1,roster3-5,write> 9.298679912083804E-5
<2149,registrar4-1,roster3-7,write> 9.41023618196134E-5
<2150,registrar4-1,roster3-9,write> 9.521792451838876E-5
<2151,stu1-13,gradebook1-8,addScore> 7.800586894950402E-5
<2152,admissions0-1,stu1-9application1-9,read> 1.45804417370146E-4
<2153,fac4-1,gradebook4-2,readScore> 5.8598177950075116E-5
<2154,stu3-17,gradebook3-2,readMyScores> 2.951433728713423E-5
<2155,admissions4-1,stu2-17application2-17,setStatus> 1.0035648069113963E-4
<2156,stu3-17,gradebook3-6,readMyScores> 1.9590932253709488E-5
<2157,stu3-17,gradebook3-5,readMyScores> 1.9326730619413278E-5
<2158,admissions2-0,stu4-13application4-13,read> 1.4548837123414546E-4
<2159,stu3-10,gradebook3-1,readMyScores> 4.15762763939156E-5
<2160,stu3-10,gradebook3-3,readMyScores> 2.620436098315459E-5
<2161,admissions4-1,stu2-10application2-10,setStatus> 1.1397475141857835E-4
<2162,admissions2-1,stu0-3application0-3,setStatus> 7.010600650504507E-5
<2163,admissions4-1,stu4-10application4-10,setStatus> 2.7569171630691318E-5
<2164,stu2-1,gradebook2-8,readMyScores> 1.4726939436019985E-4
<2165,admissions0-1,stu1-13application1-13,read> 1.1555935233191571E-4
<2166,admissions2-0,stu4-10application4-10,setStatus> 2.7134155115808617E-5
<2167,stu3-10,gradebook3-6,readMyScores> 1.8054388547536193E-5
<2168,admissions4-0,application4-3,read> 1.1754576308784457E-4
<2169,stu3-11,gradebook3-3,readMyScores> 2.588576692864815E-5
<2170,stu3-11,gradebook3-4,readMyScores> 2.463451613390393E-5
<2171,stu3-7,transcript3-7,read> 3.2385452333390355E-4
<2172,admissions0-1,stu2-12application2-12,read> 5.074849867856502E-5
<2173,admissions2-0,stu1-3application1-3,setStatus> 1.278906487750781E-4
<2174,admissions2-1,stu1-17application1-17,setStatus> 5.355345830603416E-5
<2175,admissions4-1,stu0-9application0-9,setStatus> 1.02704458402767E-4
<2176,registrar4-1,roster1-3,read> 2.0148398691032624E-4
<2177,admissions0-0,application1-1,setStatus> 2.2831073017740707E-5
<2178,admissions0-0,application1-2,setStatus> 2.3925869725884118E-5
<2179,admissions0-0,application1-3,setStatus> 2.4473268079955825E-5
<2180,registrar0-0,roster5-2,read> 1.1327254377423713E-4
<2181,admissions0-0,application1-4,setStatus> 1.571489441480854E-5
<2182,stu3-11,gradebook3-6,readMyScores> 1.7834882303797154E-5
<2183,registrar4-0,roster4-3,read> 1.3722118756185443E-4
<2184,admissions0-1,stu2-10application2-10,setStatus> 1.3240853764406835E-4
<2185,registrar2-0,transcript0-18,read> 2.764559412852799E-4
<2186,registrar4-0,roster4-2,read> 1.364660147800419E-4
<2187,app2-3,application2-3,checkStatus> 5.675217355209797E-4
<2188,stu0-4,transcript0-4,read> 4.3906375556279886E-4
<2189,admissions0-0,stu2-8application2-8,read> 1.8965345841286325E-4
<2190,admissions2-1,stu5-10application5-10,setStatus> 1.6047397234829382E-4
<2191,admissions2-1,stu4-10application4-10,setStatus> 2.6264122086043208E-5
<2192,registrar4-0,roster4-1,read> 1.3571084199822935E-4
<2193,registrar4-0,roster4-6,read> 1.1003496741660286E-4
<2194,registrar4-0,roster4-5,read> 1.0399358516210251E-4
<2195,registrar0-0,transcript0-6,read> 9.177273639391368E-5
<2196,registrar4-0,roster4-4,read> 1.055039307257276E-4
<2197,admissions0-0,stu2-12application2-12,read> 5.0920819556930255E-5
<2198,stu3-12,gradebook3-5,readMyScores> 1.73778166073716E-5
<2199,admissions4-0,stu4-13application4-13,setStatus> 1.6665296668513197E-4
<2200,admissions2-0,application3-3,read> 1.0115551402406687E-4
<2201,admissions2-0,stu1-13application1-13,setStatus> 1.1125196174877671E-4
<2202,registrar2-1,roster1-1,read> 1.7839662773952276E-4
<2203,admissions2-0,stu2-6application2-6,setStatus> 1.2927720602726986E-4
<2204,admissions0-0,application1-0,setStatus> 2.17362763095973E-5
<2205,registrar2-0,transcript0-16,read> 2.781907935773041E-4
<2206,registrar2-1,transcript0-12,read> 2.881428503828037E-4
<2207,admissions0-1,application1-4,setStatus> 1.5661713723049464E-5
<2208,admissions2-0,stu5-16application5-16,read> 1.0603619555178192E-4
<2209,admissions0-1,application1-3,setStatus> 2.4390448221817228E-5
<2210,stu2-15,stu2-15application2-15,checkStatus> 3.529074331913164E-4
<2211,stu3-12,gradebook3-9,readMyScores> 2.6000144189931067E-5
<2212,registrar4-1,roster4-2,read> 1.3859413976686518E-4
<2213,registrar4-1,roster4-1,read> 1.378271904114571E-4
<2214,registrar4-1,roster1-5,write> 1.4876493405960615E-4
<2215,registrar4-1,roster4-4,read> 1.0714921619513464E-4
<2216,admissions4-1,stu1-1application1-1,read> 1.6228439283531138E-4
<2217,stu3-12,gradebook3-6,readMyScores> 1.7615376060058107E-5
<2218,registrar4-1,roster4-3,read> 1.393610891222732E-4
<2219,registrar4-1,roster4-6,read> 1.1175091232758302E-4
<2220,registrar4-1,roster4-5,read> 1.0561531748431854E-4
<2221,registrar4-1,roster4-8,read> 1.0101362135187016E-4
<2222,admissions4-1,stu1-16application1-16,setStatus> 1.0411324502974343E-4
<2223,registrar4-1,roster4-7,read> 1.0945006426135883E-4
<2224,stu3-13,gradebook3-2,readMyScores> 2.8687605150239714E-5
<2225,registrar4-0,transcript3-9,read> 6.710357470019994E-5
<2226,admissions2-0,stu0-3application0-3,setStatus> 7.242835868740681E-5
<2227,admissions0-1,application1-1,setStatus> 2.2753810503298273E-5
<2228,admissions0-1,application1-0,setStatus> 2.1662718690952298E-5
<2229,fac4-3,gradebook4-6,changeScore> 0.0011054893982100327
<2230,admissions2-1,stu5-13application5-13,setStatus> 1.6718446486140633E-4
<2231,admissions4-1,stu0-1application0-1,setStatus> 1.4420496445578068E-5
<2232,registrar4-0,transcript2-19,read> 3.446026651527191E-4
<2233,fac3-0,gradebook3-1,changeScore> 3.949471142083939E-4
<2234,registrar2-0,transcript4-16,read> 3.1722497014784965E-4
<2235,registrar4-0,transcript2-14,read> 3.337009151706559E-4
<2236,admissions4-0,stu4-16application4-16,setStatus> 1.4009719983303407E-4
<2237,admissions4-0,stu0-6application0-6,read> 4.538861975358277E-5
<2238,admissions4-1,stu3-6application3-6,setStatus> 1.7596136300554083E-4
<2239,admissions2-0,stu4-0application4-0,read> 4.828146414048693E-5
<2240,admissions0-1,stu5-15application5-15,read> 3.874648874275934E-5
<2241,stu4-16,gradebook4-1,addScore> 2.7660184410159674E-4
<2242,admissions2-1,stu5-16application5-16,setStatus> 1.1663208792929194E-4
<2243,admissions2-0,stu4-19application4-19,setStatus> 5.856278616548901E-5
<2244,admissions2-1,stu1-10application1-10,read> 8.531421937059575E-5
<2245,registrar2-1,transcript2-19,read> 3.0295477969566537E-4
<2246,fac4-0,gradebook4-1,assignGrade> 3.792810033548592E-4
<2247,admissions4-0,stu1-1application1-1,read> 1.6100404259597952E-4
<2248,admissions2-1,stu5-18application5-18,read> 8.964472387239104E-5
<2249,admissions0-1,stu1-8application1-8,setStatus> 1.3950063442431715E-4
<2250,registrar2-1,transcript4-13,read> 3.134102592106267E-4
<2251,stu5-9,gradebook5-2,readMyScores> 8.401998908552519E-5
<2252,stu5-9,gradebook5-3,readMyScores> 6.859046771833718E-5
<2253,app0-2,application0-2,checkStatus> 6.024589475281341E-4
<2254,registrar2-1,transcript4-11,read> 2.9772703993818483E-4
<2255,registrar2-1,transcript4-12,read> 3.142815491702068E-4
<2256,registrar2-1,transcript4-10,read> 2.951131700594445E-4
<2257,admissions2-0,stu1-10application1-10,read> 8.814036328349334E-5
<2258,registrar4-0,transcript0-6,read> 1.0872843826807786E-4
<2259,stu5-9,gradebook5-7,readMyScores> 6.00081088154422E-5
<2260,stu5-9,gradebook5-9,readMyScores> 5.28485067770559E-5
<2261,admissions2-1,stu5-3application5-3,read> 1.1444670420085494E-4
<2262,registrar2-1,transcript4-16,read> 3.186379989681073E-4
<2263,registrar4-1,transcript2-15,read> 3.399113515122602E-4
<2264,registrar0-1,transcript0-10,read> 2.7036898598561905E-4
<2265,registrar4-1,transcript4-14,read> 3.6608096080820705E-4
<2266,registrar2-1,transcript4-18,read> 3.203805788872675E-4
<2267,registrar2-1,transcript4-17,read> 3.177667090085272E-4
<2268,registrar0-1,transcript3-19,read> 2.853567188158241E-4
<2269,admissions4-0,stu3-14application3-14,setStatus> 1.0841663586912779E-4
<2270,registrar4-1,transcript2-17,read> 3.459504921190171E-4
<2271,stu1-15,gradebook1-8,readScore> 2.927368350051155E-5
<2272,admissions2-1,stu4-19application4-19,setStatus> 5.668502147882003E-5
<2273,admissions4-0,stu3-5application3-5,setStatus> 1.0142827617120726E-4
<2274,admissions0-1,stu0-13application0-13,setStatus> 1.798710314811181E-4
<2275,admissions0-0,stu4-19application4-19,setStatus> 6.935993311383568E-5
<2276,admissions2-0,stu5-16application5-16,setStatus> 1.2049567676338857E-4
<2277,admissions2-0,stu5-18application5-18,read> 9.261432135056548E-5
<2278,admissions2-1,stu0-2application0-2,setStatus> 7.474743049328123E-6
<2279,fac3-1,gradebook3-2,assignGrade> 1.4968400682371745E-4
<2280,admissions4-1,stu4-3application4-3,setStatus> 1.834748916827484E-4
<2281,admissions0-1,stu4-9application4-9,setStatus> 1.3077189992554938E-4
<2282,fac2-3,gradebook2-6,addScore> 3.438552613624716E-4
<2283,admissions2-1,stu3-16application3-16,read> 2.7442931937513304E-5
<2284,admissions4-1,stu4-8application4-8,read> 6.84779873003749E-5
<2285,stu5-8,gradebook5-3,readMyScores> 6.907606394997143E-5
<2286,stu5-8,gradebook5-1,readMyScores> 4.5157385931467714E-5
<2287,stu5-8,gradebook5-8,readMyScores> 4.399898550685145E-5
<2288,registrar0-1,transcript1-2,read> 2.5871186045101525E-4
<2289,registrar0-0,transcript2-1,read> 1.6204004994124747E-4
<2290,admissions4-1,stu3-5application3-5,setStatus> 1.0223486286044154E-4
<2291,registrar0-1,transcript1-8,read> 2.5371594950761355E-4
<2292,registrar0-1,transcript1-3,read> 2.595445122749156E-4
<2293,registrar0-1,transcript1-4,read> 2.570465568032147E-4
<2294,stu5-7,gradebook5-5,readMyScores> 5.695740168213989E-5
<2295,stu5-7,gradebook5-6,readMyScores> 6.389845644053899E-5
<2296,admissions4-0,stu1-16application1-16,read> 9.089681810644108E-5
<2297,registrar2-1,roster1-2,read> 1.7773272340307545E-4
<2298,stu4-15,gradebook4-2,addScore> 9.601100747758813E-5
<2299,registrar4-1,transcript3-15,read> 3.519896327257742E-4
<2300,admissions2-0,application5-3,read> 1.5484301082893263E-4
<2301,registrar0-0,transcript1-1,read> 2.2059614456402567E-4
<2302,registrar0-0,transcript1-0,read> 2.222691758389622E-4
<2303,admissions0-0,stu0-0application0-0,setStatus> 1.3231074383208177E-4
<2304,stu1-13,gradebook1-8,readScore> 2.873900434981727E-5
<2305,registrar4-0,transcript3-3,read> 7.304998378132536E-5
<2306,admissions2-1,stu4-0application4-0,read> 4.6733361081874126E-5
<2307,registrar0-0,transcript1-8,read> 2.548932857002243E-4
<2308,admissions2-1,stu5-7application5-7,read> 6.971456110844683E-6
<2309,registrar0-0,transcript1-4,read> 2.5823934825009733E-4
<2310,stu5-6,gradebook5-9,readMyScores> 5.116483753460102E-5
<2311,registrar0-0,transcript4-10,read> 2.8333481737414514E-4
<2312,registrar0-0,transcript1-5,read> 2.590758638875656E-4
<2313,stu1-14,gradebook1-2,readScore> 2.820865000193344E-5
<2314,stu5-6,gradebook5-7,readMyScores> 5.809634605672015E-5
<2315,admissions2-0,stu5-3application5-3,read> 1.182378993710696E-4
<2316,registrar4-0,transcript2-10,read> 3.28745574269718E-4
<2317,stu5-6,gradebook5-1,readMyScores> 4.341140615907354E-5
<2318,registrar2-0,transcript4-12,read> 3.12887839417789E-4
<2319,fac5-4,gradebook5-8,readScore> 3.5980879584295425E-5
<2320,registrar0-0,transcript2-4,read> 1.6287656557871576E-4
<2321,stu4-12,transcript4-12,read> 0.0014841760764963488
<2322,admissions4-1,stu4-1application4-1,setStatus> 1.7032621649763514E-4
<2323,registrar4-0,transcript2-12,read> 3.307277106300932E-4
<2324,registrar4-0,transcript2-13,read> 3.317187788102808E-4
<2325,admissions4-1,stu1-16application1-16,read> 9.16196556261742E-5
<2326,registrar2-0,roster1-7,write> 1.306097399657169E-4
<2327,admissions2-1,stu1-3application1-3,setStatus> 1.237899466099453E-4
<2328,admissions4-0,stu3-16application3-16,setStatus> 3.2476460485058334E-5
<2329,stu3-18,gradebook3-6,readMyScores> 1.970068537557901E-5
<2330,admissions2-0,stu0-16application0-16,read> 9.708827941763764E-5
<2331,registrar2-1,transcript0-8,read> 9.820163919434092E-5
<2332,stu3-18,gradebook3-2,readMyScores> 2.967968371451313E-5
<2333,registrar2-1,transcript0-6,read> 9.558776931560062E-5
<2334,registrar2-1,transcript0-7,read> 9.994421911350114E-5
<2335,stu4-12,gradebook4-3,addScore> 2.746750059058571E-4
<2336,fac5-0,roster5-1,read> 0.00154452531697566
<2337,registrar2-1,transcript0-0,read> 1.557067765266278E-4
<2338,stu5-5,gradebook5-1,readMyScores> 4.3887582460635586E-5
<2339,registrar2-1,transcript0-4,read> 9.297389943686031E-5
<2340,registrar0-0,transcript0-14,read> 2.741331453619943E-4
<2341,registrar4-0,roster3-8,write> 9.320662849462103E-5
<2342,admissions0-1,stu5-2application5-2,setStatus> 1.5532146570333376E-4
<2343,registrar2-1,transcript0-3,read> 9.384518939644042E-5
<2344,registrar2-0,transcript3-11,read> 3.068158563957042E-4
<2345,admissions4-0,stu1-1application1-1,setStatus> 1.8295913931361312E-4
<2346,admissions4-0,stu5-15application5-15,read> 3.308910668524269E-5
<2347,registrar2-1,transcript0-2,read> 1.5222161668830737E-4
<2348,registrar0-0,roster5-5,write> 7.125438158084379E-5
<2349,app0-1,application0-1,checkStatus> 6.074499778148704E-4
<2350,stu5-5,gradebook5-4,readMyScores> 3.7933528560309586E-5
<2351,registrar4-0,roster3-5,write> 9.15589787888482E-5
<2352,registrar2-1,roster1-4,read> 1.7374929738439175E-4
<2353,stu5-5,gradebook5-6,readMyScores> 6.53157974336748E-5
<2354,registrar4-1,transcript0-16,read> 3.228004531264486E-4
<2355,stu4-3,gradebook4-7,readMyScores> 8.18852274024473E-5
<2356,admissions0-1,stu4-13application4-13,setStatus> 1.9514631685396176E-4
<2357,registrar4-0,roster3-4,write> 8.881289594589351E-5
<2358,registrar4-0,roster3-7,write> 9.265741192603007E-5
<2359,admissions2-1,stu1-17application1-17,read> 4.712704330931006E-5
<2360,registrar4-0,roster3-1,write> 8.826367937730255E-5
<2361,registrar4-0,roster3-3,write> 9.046054565166632E-5
<2362,registrar4-0,roster3-2,write> 8.716524624012067E-5
<2363,admissions4-1,stu3-16application3-16,setStatus> 3.2734722596271524E-5
<2364,admissions4-0,stu1-3application1-3,read> 1.134459253983979E-4
<2365,registrar0-0,transcript5-0,read> 2.4401858241313693E-4
<2366,registrar2-0,transcript0-5,read> 9.689872906077075E-5
<2367,registrar4-0,roster1-6,write> 1.4538220251076046E-4
<2368,stu3-19,gradebook3-1,readMyScores> 4.4609196252438324E-5
<2369,registrar2-0,transcript0-6,read> 9.51638767687465E-5
<2370,admissions4-1,stu5-2application5-2,setStatus> 1.3369776419624822E-4
<2371,registrar2-0,transcript0-8,read> 9.776615520678286E-5
<2372,fac5-4,gradebook5-8,changeScore> 3.176091785347461E-4
<2373,registrar2-0,transcript5-4,read> 2.565051399270011E-4
<2374,registrar2-0,transcript0-9,read> 1.0123585979083133E-4
<2375,registrar2-0,transcript0-2,read> 1.5154657625953438E-4
<2376,stu5-4,gradebook5-4,readMyScores> 3.8345103915394315E-5
<2377,registrar2-0,transcript0-1,read> 1.48944297821498E-4
<2378,registrar4-1,transcript1-8,read> 3.066960781750967E-4
<2379,registrar2-0,transcript0-4,read> 9.256159833071014E-5
<2380,registrar2-0,transcript0-3,read> 9.342902447672226E-5
<2381,stu3-15,gradebook3-6,readScore> 3.02123996154843E-5
<2382,admissions0-0,stu5-16application5-16,read> 1.255859550523109E-4
<2383,stu5-4,gradebook5-1,readMyScores> 4.436375876219764E-5
<2384,admissions4-0,stu4-4application4-4,setStatus> 1.2798404302330517E-4
<2385,registrar0-0,roster4-8,write> 6.105586884712586E-5
<2386,stu5-4,gradebook5-9,readMyScores> 5.228728369623762E-5
<2387,admissions0-0,application1-3,read> 2.1536475910361123E-5
<2388,admissions4-1,application2-1,setStatus> 4.8700971035337605E-5
<2389,admissions0-0,application1-4,read> 1.3829107085031513E-5
<2390,admissions0-0,application1-1,read> 2.009134425561182E-5
<2391,admissions0-0,application1-2,read> 2.1054765358778025E-5
<2392,admissions0-0,application1-0,read> 1.9127923152445622E-5
<2393,stu4-10,gradebook4-2,addScore> 9.311256196883074E-5
<2394,admissions4-0,stu5-4application5-4,setStatus> 5.810044604410016E-5
<2395,admissions0-1,stu2-11application2-11,read> 6.563099099896408E-5
<2396,stu4-0,gradebook4-4,readMyScores> 7.686736235789604E-5
<2397,admissions4-1,stu4-11application4-11,setStatus> 1.6656945215903136E-4
<2398,stu5-3,gradebook5-1,readMyScores> 4.0871799217409276E-5
<2399,admissions4-1,stu3-12application3-12,read> 5.8146885369214495E-5
<2400,stu5-3,gradebook5-8,readMyScores> 3.982333486121001E-5
<2401,registrar0-0,transcript3-19,read> 2.8668087992401824E-4
<2402,registrar4-0,roster3-4,read> 1.2211773192560358E-4
<2403,admissions2-1,stu5-11application5-11,read> 8.3739490460852E-5
<2404,admissions0-1,application1-4,read> 1.3782308076283527E-5
<2405,admissions0-1,application1-0,read> 1.9063192448038022E-5
<2406,admissions0-1,application1-1,read> 2.0023353242902476E-5
<2407,admissions0-1,application1-2,read> 2.0983514037766934E-5
<2408,admissions2-1,stu4-8application4-8,read> 6.523642577136307E-5
<2409,stu3-4,stu3-4application3-4,checkStatus> 4.926562812199343E-4
<2410,admissions4-1,stu0-6application0-6,read> 4.5749563051822E-5
<2411,admissions0-1,application1-3,read> 2.1463594435199158E-5
<2412,admissions2-1,stu5-0application5-0,read> 9.594363951136601E-5
<2413,admissions0-0,stu2-11application2-11,read> 6.585384665600638E-5
<2414,admissions4-0,stu4-11application4-11,setStatus> 1.6525529474554788E-4
<2415,admissions4-1,stu2-5application2-5,setStatus> 1.2712342660369162E-4
<2416,admissions2-1,stu0-16application0-16,read> 9.397522837418634E-5
<2417,stu4-11,gradebook4-9,addScore> 1.3701377417010938E-4
<2418,admissions4-1,stu5-15application5-15,read> 3.335224073442952E-5
<2419,registrar4-1,transcript3-14,read> 3.5299615616023373E-4
<2420,admissions0-0,stu0-12application0-12,read> 4.851226679901475E-5
<2421,stu5-12,stu5-12application5-12,checkStatus> 8.619925224384245E-4
<2422,stu0-15,gradebook0-4,readMyScores> 1.4344270409107495E-5
<2423,admissions0-0,stu1-8application1-8,setStatus> 1.3997432078908563E-4
<2424,admissions4-0,stu3-12application3-12,read> 5.7688132821922854E-5
<2425,admissions2-0,stu1-17application1-17,read> 4.868818760112986E-5
<2426,stu5-2,gradebook5-5,readMyScores> 5.5062331016190684E-5
<2427,stu5-2,gradebook5-4,readMyScores> 3.587565178488591E-5
<2428,fac0-3,gradebook0-7,changeScore> 2.4027124286109836E-4
<2429,stu5-2,gradebook5-3,readMyScores> 6.34917072861776E-5
<2430,admissions4-0,stu5-15application5-15,setStatus> 3.76012575968667E-5
<2431,registrar4-1,transcript1-3,read> 3.1374174221631323E-4
<2432,admissions4-0,application5-4,read> 1.573141886754775E-4
<2433,stu0-8,gradebook0-9,readMyScores> 2.7268909404775626E-5
<2434,fac4-3,gradebook4-6,assignGrade> 3.948176422178689E-4
<2435,admissions2-1,stu0-19application0-19,read> 7.783425704931299E-5
<2436,registrar4-1,transcript1-4,read> 3.1072217191293466E-4
<2437,admissions2-1,stu4-18application4-18,setStatus> 8.81684155195063E-6
<2438,registrar4-1,transcript1-5,read> 3.1172869534739413E-4
<2439,registrar2-1,transcript1-2,read> 2.707170511912016E-4
<2440,registrar0-1,roster4-3,read> 1.1528719656756189E-4
<2441,admissions2-1,stu3-3application3-3,read> 1.4633496462316566E-4
<2442,registrar4-1,transcript1-0,read> 2.674416642311762E-4
<2443,registrar4-1,transcript1-1,read> 2.654286173622572E-4
<2444,registrar4-1,transcript1-2,read> 3.1273521878185366E-4
<2445,admissions2-0,application2-4,read> 4.7061293758558164E-5
<2446,admissions2-1,stu4-5application4-5,read> 6.090592126956778E-5
<2447,stu2-8,gradebook2-4,readMyScores> 1.8648115446110765E-4
<2448,admissions4-1,application4-4,setStatus> 1.341673597385737E-4
<2449,admissions2-0,application2-1,read> 4.2180612230843095E-5
<2450,registrar4-1,transcript1-7,read> 3.0971564847847525E-4
<2451,admissions2-0,application2-0,read> 4.177388877020017E-5
<2452,admissions2-0,application2-3,read> 4.624784683727232E-5
<2453,admissions4-1,stu5-4application5-4,setStatus> 5.856247742417255E-5
<2454,admissions2-0,application2-2,read> 4.258733569148601E-5
<2455,stu5-14,stu5-14application5-14,checkStatus> 3.229612514708983E-4
<2456,registrar4-0,transcript1-4,read> 3.0595100612540395E-4
<2457,admissions0-0,application4-0,read> 1.2992135001655875E-4
<2458,admissions4-0,stu0-10application0-10,setStatus> 1.8156146737402905E-4
<2459,admissions2-1,application2-0,read> 4.0434445442899166E-5
<2460,admissions2-1,application2-4,read> 4.555231439956632E-5
<2461,registrar4-0,transcript1-7,read> 3.0495993794521644E-4
<2462,registrar2-0,roster1-3,read> 1.736397507154251E-4
<2463,admissions2-1,stu2-9application2-9,read> 1.4042973121162664E-4
<2464,admissions2-1,application2-2,read> 4.122180989777104E-5
<2465,admissions2-1,application2-1,read> 4.08281276703351E-5
<2466,admissions2-1,stu5-17application5-17,read> 9.909309733085348E-5
<2467,registrar4-1,transcript3-16,read> 3.509831092913147E-4
<2468,admissions4-0,stu3-18application3-18,setStatus> 1.4708555953095456E-4
<2469,admissions0-1,stu0-19application0-19,setStatus> 1.0785897186628399E-4
<2470,stu3-8,gradebook3-7,readMyScores> 4.761236402235589E-5
<2471,admissions4-0,stu5-5application5-5,setStatus> 8.186086901702986E-5
<2472,stu3-8,gradebook3-4,readMyScores> 4.0249009437239964E-5
<2473,admissions4-0,stu2-13application2-13,read> 8.310712649649236E-5
<2474,admissions4-1,stu3-17application3-17,read> 1.1724078841545202E-4
<2475,admissions0-0,stu2-8application2-8,setStatus> 2.1551529365098097E-4
<2476,admissions2-0,stu5-17application5-17,read> 1.0237568440599563E-4
<2477,admissions0-0,stu0-19application0-19,setStatus> 1.0822521625292673E-4
<2478,admissions0-0,stu3-14application3-14,setStatus> 1.2738415864543644E-4
<2479,admissions4-1,stu0-13application0-13,setStatus> 1.548295636008945E-4
<2480,admissions4-0,stu3-9application3-9,read> 6.711775950765024E-5
<2481,stu3-9,gradebook3-8,readMyScores> 6.107587303283473E-5
<2482,admissions2-0,stu3-3application3-3,read> 1.5118249968314632E-4
<2483,admissions2-0,stu4-18application4-18,setStatus> 9.108910837315452E-6
<2484,stu3-9,gradebook3-3,readMyScores> 4.18154696539701E-5
<2485,admissions4-1,stu2-13application2-13,read> 8.37680181584923E-5
<2486,admissions4-0,stu5-4application5-4,read> 5.112839251880814E-5
<2487,admissions0-1,stu2-8application2-8,setStatus> 2.1478596947618916E-4
<2488,registrar2-0,transcript5-3,read> 2.539028614889647E-4
<2489,admissions4-1,application4-0,read> 1.1145537133400217E-4
<2490,stu3-6,gradebook3-4,readMyScores> 3.9187830280702565E-5
<2491,registrar0-0,transcript2-6,read> 1.578574717539062E-4
<2492,registrar0-1,transcript0-11,read> 2.695363341617188E-4
<2493,admissions4-1,stu1-14application1-14,read> 1.403824567412513E-4
<2494,registrar4-1,transcript5-12,read> 2.9902133698734297E-5
<2495,registrar0-0,transcript2-5,read> 1.5869398739137443E-4
<2496,registrar4-1,transcript5-13,read> 2.68825633953558E-5
<2497,registrar2-1,roster0-1,read> 1.664463496834716E-4
<2498,admissions4-1,stu3-1application3-1,read> 1.3294406335081582E-4
<2499,registrar4-0,transcript4-15,read> 3.5847761967534517E-4
<2500,stu3-6,gradebook3-9,readMyScores> 4.187562163923477E-5
<2501,registrar4-1,transcript5-10,read> 3.19151805676533E-5
<2502,stu3-6,gradebook3-8,readMyScores> 6.014519306281058E-5
<2503,registrar4-1,transcript5-11,read> 2.78890868298153E-5
<2504,stu3-6,gradebook3-7,readMyScores> 4.6357047456794716E-5
<2505,registrar0-0,transcript2-2,read> 1.6120353430377923E-4
<2506,registrar0-1,transcript4-12,read> 3.0034445164602903E-4
<2507,registrar4-1,transcript5-16,read> 2.2856469657517798E-5
<2508,stu2-10,gradebook2-5,readMyScores> 1.2304769710285557E-4
<2509,registrar4-1,transcript5-14,read> 2.58760399608963E-5
<2510,registrar0-0,transcript2-3,read> 1.63713081216184E-4
<2511,registrar4-1,transcript5-15,read> 2.48695165264368E-5
<2512,stu2-10,gradebook2-3,readMyScores> 1.4886336183824928E-4
<2513,registrar4-0,transcript5-19,read> 1.8541233871009094E-5
<2514,registrar4-0,transcript5-18,read> 2.0523370231384233E-5
<2515,registrar0-0,transcript2-0,read> 1.9550067543997788E-4
<2516,registrar4-0,transcript5-17,read> 2.15144384115718E-5
<2517,admissions4-1,application4-3,read> 1.1848052064719126E-4
<2518,stu2-8,gradebook2-8,readMyScores> 1.4058913317272688E-4
<2519,admissions4-1,application4-4,read> 1.1806727656994484E-4
<2520,admissions4-1,application4-1,read> 1.1682754433820558E-4
<2521,admissions4-1,stu4-9application4-9,read> 9.905804901660969E-5
<2522,admissions4-1,application4-2,read> 1.1600105618371277E-4
<2523,stu3-7,gradebook3-1,readMyScores> 6.432317533283599E-5
<2524,stu3-7,gradebook3-3,readMyScores> 4.0541093435944336E-5
<2525,admissions4-1,stu1-11application1-11,setStatus> 1.4778563046601243E-4
<2526,stu3-7,gradebook3-2,readMyScores> 4.2080665767930874E-5
<2527,stu2-19,gradebook2-1,readScore> 1.318115953062768E-4
<2528,stu3-7,gradebook3-6,readMyScores> 2.793216951579308E-5
<2529,registrar0-1,transcript2-9,read> 1.654548561741842E-4
<2530,registrar2-0,roster2-4,read> 8.96978061982775E-5
<2531,registrar4-0,transcript5-10,read> 3.1425120213447485E-5
<2532,fac4-3,gradebook4-6,addScore> 2.697598729375662E-4
<2533,admissions4-1,application4-0,setStatus> 1.266538310613661E-4
<2534,registrar4-0,transcript5-11,read> 2.7460847492697217E-5
<2535,registrar0-1,transcript2-6,read> 1.5712833793518144E-4
<2536,registrar4-0,transcript5-12,read> 2.944298385307235E-5
<2537,registrar0-1,transcript2-5,read> 1.579609897590817E-4
<2538,registrar4-0,transcript5-13,read> 2.6469779312509643E-5
<2539,stu2-11,gradebook2-3,readMyScores> 1.471860281837338E-4
<2540,registrar0-1,transcript2-4,read> 1.621242488785831E-4
<2541,admissions2-0,stu1-16application1-16,setStatus> 1.0247043248489539E-4
<2542,registrar4-0,transcript5-14,read> 2.5478711132322078E-5
<2543,registrar0-1,transcript2-3,read> 1.6295690070248334E-4
<2544,registrar4-0,transcript5-15,read> 2.4487642952134507E-5
<2545,stu2-11,gradebook2-5,readMyScores> 1.21661244177753E-4
<2546,stu4-4,gradebook4-2,readMyScores> 1.5017100255935935E-4
<2547,stu1-4,gradebook1-1,readScore> 1.1482409704215557E-4
<2548,registrar0-1,transcript0-14,read> 2.728669414573199E-4
<2549,registrar0-1,transcript2-2,read> 1.6045894523078252E-4
<2550,registrar4-0,transcript5-16,read> 2.2505506591759368E-5
<2551,admissions2-0,stu4-4application4-4,setStatus> 1.2696627727361686E-4
<2552,stu2-11,gradebook2-6,readMyScores> 8.172157437861254E-5
<2553,registrar0-1,transcript2-0,read> 1.945976700106939E-4
<2554,registrar2-1,transcript5-5,read> 2.567764118379199E-4
<2555,admissions2-1,stu1-4application1-4,read> 1.530275624895766E-4
<2556,admissions0-0,application4-2,read> 1.3522016608397285E-4
<2557,admissions4-0,stu4-9application4-9,read> 9.827652594744512E-5
<2558,admissions4-0,application4-4,read> 1.1713577931889991E-4
<2559,stu3-4,gradebook3-4,readMyScores> 4.20681737055898E-5
<2560,registrar2-0,roster0-8,write> 1.32532533254585E-4
<2561,registrar2-0,roster0-7,write> 1.2436066177689563E-4
<2562,registrar2-0,roster0-6,write> 1.2484136009911266E-4
<2563,admissions4-0,stu5-16application5-16,setStatus> 1.2146157397191269E-4
<2564,registrar4-0,transcript2-3,read> 1.9396030176420872E-4
<2565,registrar2-0,roster0-5,write> 1.233992651324616E-4
<2566,admissions0-0,stu3-2application3-2,setStatus> 5.458017755389962E-5
<2567,admissions4-0,stu0-7application0-7,setStatus> 1.004964948781512E-4
<2568,registrar2-0,roster1-2,write> 1.2868694667684882E-4
<2569,registrar4-0,transcript2-0,read> 2.3162089261133633E-4
<2570,registrar4-1,transcript0-12,read> 3.328656874710437E-4
<2571,registrar2-0,roster0-2,write> 1.2243786848802754E-4
<2572,registrar2-0,roster0-1,write> 1.2051507519915945E-4
<2573,stu0-7,gradebook0-3,readMyScores> 1.806255877868427E-5
<2574,admissions2-1,stu0-10application0-10,read> 1.5342124471701254E-4
<2575,admissions2-1,stu4-16application4-16,setStatus> 1.3452673463092534E-4
<2576,stu3-4,gradebook3-7,readMyScores> 4.976433527760361E-5
<2577,stu3-4,gradebook3-5,readMyScores> 3.0045757685642493E-5
<2578,registrar2-0,roster0-9,write> 1.3349392989901905E-4
<2579,admissions4-0,stu3-19application3-19,setStatus> 1.410289811260901E-4
<2580,registrar4-0,transcript2-5,read> 1.8801389268308333E-4
<2581,registrar4-0,transcript2-6,read> 1.8702282450289577E-4
<2582,registrar4-0,transcript2-7,read> 1.8999602904345845E-4
<2583,registrar4-1,transcript2-5,read> 1.9094588321225424E-4
<2584,registrar4-1,transcript2-3,read> 1.9698502381901122E-4
<2585,stu3-5,gradebook3-5,readMyScores> 2.972093868363555E-5
<2586,registrar4-1,transcript2-2,read> 1.9396545351563273E-4
<2587,registrar4-1,transcript2-1,read> 1.949719769500922E-4
<2588,admissions2-0,stu5-18application5-18,setStatus> 1.0524354698927897E-4
<2589,admissions2-1,stu3-7application3-7,read> 1.1326565751854716E-4
<2590,admissions0-0,stu0-11application0-11,read> 1.6171424642104335E-4
<2591,admissions2-1,stu4-14application4-14,setStatus> 1.403424948089562E-4
<2592,stu3-5,gradebook3-7,readMyScores> 4.922634246379169E-5
<2593,stu3-5,gradebook3-9,readMyScores> 4.4467536324835386E-5
<2594,admissions0-1,stu2-9application2-9,read> 1.7124867843405404E-4
<2595,stu2-16,gradebook2-3,readScore> 1.0926984199068219E-4
<2596,registrar4-1,transcript2-9,read> 2.0000459412238973E-4
<2597,registrar4-1,transcript2-7,read> 1.929589300811732E-4
<2598,admissions0-0,stu4-16application4-16,setStatus> 1.6460724672231238E-4
<2599,admissions2-0,stu4-5application4-5,read> 6.292350872363214E-5
<2600,admissions2-1,stu3-6application3-6,read> 1.4751601130547353E-4
<2601,admissions2-0,application2-0,setStatus> 4.7470328147954736E-5
<2602,registrar4-1,roster1-7,read> 2.0838653110899876E-4
<2603,admissions0-1,stu3-2application3-2,read> 4.7868016293971655E-5
<2604,admissions2-0,application2-1,setStatus> 4.793251389868534E-5
<2605,stu1-15,transcript1-15,read> 1.4692605955381435E-4
<2606,stu2-13,gradebook2-3,readScore> 1.0592825660870415E-4
<2607,admissions0-0,stu5-11application5-11,read> 1.0246384857632201E-4
<2608,admissions0-1,stu5-6application5-6,setStatus> 3.257363681441201E-5
<2609,stu3-2,gradebook3-4,readMyScores> 4.1158591571414875E-5
<2610,admissions0-1,stu3-3application3-3,setStatus> 2.0278395954038343E-4
<2611,stu3-2,gradebook3-5,readMyScores> 2.9396119681628602E-5
<2612,admissions4-1,stu2-9application2-9,setStatus> 1.6750864324368227E-4
<2613,stu2-14,gradebook2-8,readMyScores> 9.443460133200445E-5
<2614,admissions2-0,application2-4,setStatus> 5.3478742907452466E-5
<2615,admissions2-0,application2-3,setStatus> 5.255437140599128E-5
<2616,admissions2-0,application2-2,setStatus> 4.8394699649415936E-5
<2617,admissions0-0,stu2-9application2-9,read> 1.718301680042885E-4
<2618,stu3-2,gradebook3-2,readMyScores> 4.489155503337223E-5
<2619,registrar2-1,roster0-1,write> 1.2105189067888844E-4
<2620,admissions2-1,application2-1,setStatus> 4.6395599625380794E-5
<2621,admissions2-1,application2-2,setStatus> 4.684296579292163E-5
<2622,registrar4-1,roster4-9,read> 9.871277328564597E-5
<2623,admissions2-1,stu0-17application0-17,setStatus> 1.6673709869386547E-4
<2624,admissions2-0,stu4-16application4-16,setStatus> 1.3898310679261232E-4
<2625,admissions0-0,stu5-6application5-6,setStatus> 3.2684243391031404E-5
<2626,stu2-15,gradebook2-3,readMyScores> 1.312513584658367E-4
<2627,stu3-3,gradebook3-5,readMyScores> 2.9071300679621653E-5
<2628,fac0-4,gradebook0-8,addScore> 2.005934697468086E-5
<2629,admissions2-0,stu2-9application2-9,read> 1.4508164777350248E-4
<2630,fac5-1,roster5-2,read> 0.001553265851662624
<2631,registrar2-1,roster0-4,write> 1.244317673008019E-4
<2632,admissions2-1,application2-4,setStatus> 5.176399363587083E-5
<2633,registrar4-1,roster3-6,read> 1.2862379814656036E-4
<2634,registrar2-1,roster0-5,write> 1.2394892778338568E-4
<2635,registrar2-1,roster0-8,write> 1.3312287861429363E-4
<2636,registrar2-1,roster0-9,write> 1.3408855764912605E-4
<2637,registrar2-1,transcript2-10,read> 2.8901414034238375E-4
<2638,admissions0-0,stu4-12application4-12,read> 1.568971409052124E-4
<2639,registrar2-1,roster0-6,write> 1.2539744633563432E-4
<2640,admissions4-1,application3-2,setStatus> 1.1726192021485668E-4
<2641,stu3-3,gradebook3-1,readMyScores> 6.786158183444584E-5
<2642,registrar2-1,roster0-7,write> 1.249146068182181E-4
<2643,admissions2-1,stu2-9application2-9,setStatus> 1.5957924001321213E-4
<2644,admissions0-0,stu2-15application2-15,setStatus> 3.870562528582017E-5
<2645,admissions2-0,application5-2,setStatus> 1.7503359534959867E-4
<2646,stu5-18,gradebook5-9,readScore> 2.141549790412623E-5
<2647,stu2-11,gradebook2-9,readMyScores> 2.2062017332201889E-4
<2648,admissions2-0,stu1-10application1-10,setStatus> 1.0015950373124243E-4
<2649,stu2-12,gradebook2-5,readMyScores> 1.0918316785182962E-4
<2650,stu3-0,gradebook3-6,readMyScores> 3.111501005000919E-5
<2651,stu3-0,gradebook3-3,readMyScores> 4.51607072262877E-5
<2652,admissions4-1,stu1-15application1-15,setStatus> 1.3088019094229536E-4
<2653,admissions4-0,stu2-11application2-11,setStatus> 6.369113380243658E-5
<2654,admissions0-0,stu3-2application3-2,read> 4.803055624743165E-5
<2655,chair0,transcript0-5,read> 5.317367280793192E-4
<2656,admissions2-0,stu3-15application3-15,setStatus> 1.3020157752873104E-4
<2657,admissions0-1,stu5-11application5-11,read> 1.0211710120381333E-4
<2658,admissions0-1,stu2-15application2-15,setStatus> 3.857464178231485E-5
<2659,registrar4-1,transcript5-18,read> 2.0843422788598805E-5
<2660,stu2-12,gradebook2-8,readMyScores> 9.564919427518136E-5
<2661,stu4-7,stu4-7application4-7,checkStatus> 3.728715543382618E-4
<2662,registrar2-1,transcript3-16,read> 3.038260696552456E-4
<2663,registrar4-1,transcript5-19,read> 1.8830375919679802E-5
<2664,stu3-1,gradebook3-9,readMyScores> 4.560149899978564E-5
<2665,admissions4-0,stu2-5application2-5,read> 1.1098602278472988E-4
<2666,stu3-1,gradebook3-6,readMyScores> 3.089550380627014E-5
<2667,stu2-13,gradebook2-5,readMyScores> 1.0987639431438091E-4
<2668,stu3-1,gradebook3-5,readMyScores> 3.047884968831841E-5
<2669,stu1-3,gradebook1-2,readScore> 6.226702005035076E-5
<2670,stu2-13,gradebook2-2,readMyScores> 8.381514166004763E-5
<2671,registrar0-0,transcript4-13,read> 3.0090164576097856E-4
<2672,admissions0-0,stu3-3application3-3,setStatus> 2.0347252986140343E-4
<2673,stu2-13,gradebook2-1,readMyScores> 1.285042492441934E-4
<2674,admissions2-1,stu0-7application0-7,setStatus> 9.650061038995435E-5
<2675,registrar2-0,roster2-8,read> 1.227458158506978E-4
<2676,registrar2-0,roster2-9,read> 1.2340677604374622E-4
<2677,admissions2-1,stu1-6application1-6,setStatus> 2.2685192745716527E-5
<2678,stu2-18,gradebook2-3,readMyScores> 1.337673589476099E-4
<2679,admissions4-0,stu2-18application2-18,setStatus> 1.405630904795621E-4
<2680,registrar2-1,roster2-5,read> 8.943344665558645E-5
<2681,admissions4-0,stu3-4application3-4,setStatus> 4.5987289234371295E-5
<2682,registrar2-1,roster1-2,write> 1.2926016247496398E-4
<2683,registrar0-1,roster0-3,read> 1.603340626421149E-4
<2684,stu2-18,gradebook2-8,readMyScores> 9.686378721835826E-5
<2685,registrar2-1,roster2-7,read> 1.2196475914150344E-4
<2686,registrar2-1,roster2-1,read> 9.607249002005932E-5
<2687,fac3-1,gradebook3-3,changeScore> 4.239488400860119E-4
<2688,registrar2-1,roster2-4,read> 9.009735099203377E-5
<2689,registrar2-1,roster2-3,read> 8.677782930979732E-5
<2690,stu2-10,gradebook2-8,readScore> 1.483874688164152E-4
<2691,stu2-19,gradebook2-2,readMyScores> 8.540154812679931E-5
<2692,admissions4-0,stu1-15application1-15,setStatus> 1.2984760560941732E-4
<2693,admissions0-0,stu4-14application4-14,read> 1.5111661428621518E-4
<2694,registrar0-1,roster0-2,read> 1.6160298844703188E-4
<2695,admissions4-1,stu5-13application5-13,setStatus> 1.7549176746321535E-4
<2696,registrar2-0,roster2-6,read> 1.2076293527155261E-4
<2697,stu2-19,gradebook2-7,readMyScores> 1.6768672708898262E-4
<2698,registrar2-0,roster2-5,read> 8.903684600522908E-5
<2699,admissions0-0,stu3-12application3-12,setStatus> 7.702351007083955E-5
<2700,registrar2-0,roster2-2,read> 8.837588581218067E-5
<2701,registrar2-0,roster2-1,read> 9.564644793571316E-5
<2702,admissions2-1,stu3-10application3-10,read> 4.004076321546323E-5
<2703,registrar0-1,roster0-1,read> 1.590651368371979E-4
<2704,registrar2-1,transcript0-10,read> 2.82915110625323E-4
<2705,registrar0-1,roster0-4,read> 1.6350637715440737E-4
<2706,admissions0-0,stu2-9application2-9,setStatus> 1.9526155455032787E-4
<2707,registrar0-1,roster5-5,write> 7.092526203543574E-5
<2708,registrar0-1,roster0-5,read> 1.628719142519489E-4
<2709,registrar0-1,roster0-6,read> 1.6477530295932433E-4
<2710,registrar0-1,roster0-7,read> 1.6414084005686585E-4
<2711,registrar0-1,roster0-8,read> 1.749267093986602E-4
<2712,registrar0-0,roster0-9,read> 1.7701324835997436E-4
<2713,admissions2-1,stu5-6application5-6,read> 2.3506109663153956E-5
<2714,stu2-16,gradebook2-1,readMyScores> 1.325580110500039E-4
<2715,registrar0-0,roster0-8,read> 1.757384342682596E-4
<2716,stu2-16,gradebook2-2,readMyScores> 8.64591524379671E-5
<2717,admissions0-1,stu4-12application4-12,read> 1.5636618611365502E-4
<2718,stu1-6,gradebook1-3,readScore> 7.337154872655302E-5
<2719,stu2-16,gradebook2-7,readMyScores> 1.6976334290432605E-4
<2720,registrar2-1,roster2-9,read> 1.2395647215084532E-4
<2721,admissions2-0,stu3-10application3-10,read> 4.136716530955725E-5
<2722,registrar0-0,roster0-2,read> 1.6235288630525477E-4
<2723,admissions2-0,stu1-6application1-6,setStatus> 2.3436669109963864E-5
<2724,stu5-0,gradebook5-4,addScore> 1.686666159167838E-4
<2725,fac4-4,gradebook4-8,addScore> 3.545641010042227E-4
<2726,registrar0-0,roster0-1,read> 1.598032581218253E-4
<2727,stu2-17,gradebook2-4,readMyScores> 1.3331590092143978E-4
<2728,admissions2-0,stu5-6application5-6,read> 2.42847799625545E-5
<2729,stu2-17,gradebook2-5,readMyScores> 1.1472897955224001E-4
<2730,stu2-17,gradebook2-6,readMyScores> 7.706507441401923E-5
<2731,registrar2-1,transcript1-1,read> 2.2976642309093667E-4
<2732,stu5-7,gradebook5-1,readScore> 6.474009334148604E-5
<2733,registrar4-0,roster2-9,write> 1.0254331016066703E-4
<2734,registrar2-1,transcript1-4,read> 2.6897447127204136E-4
<2735,registrar2-1,transcript1-0,read> 2.3150900301009686E-4
<2736,registrar4-0,roster2-3,write> 7.178718231957431E-5
<2737,registrar4-0,roster2-4,write> 7.453326516252902E-5
<2738,registrar4-0,roster2-1,write> 7.94762142798475E-5
<2739,registrar4-0,roster2-2,write> 7.343483202534713E-5
<2740,registrar4-0,roster2-7,write> 1.0089566045489419E-4
<2741,admissions2-1,stu5-8application5-8,setStatus> 1.7121076036927387E-4
<2742,registrar4-0,roster2-6,write> 1.0034644388630327E-4
<2743,registrar2-1,transcript1-9,read> 2.6636060139330103E-4
<2744,registrar2-1,transcript1-6,read> 2.6723189135288114E-4
<2745,admissions2-0,stu3-11application3-11,read> 1.0034206710278104E-4
<2746,registrar2-1,transcript1-7,read> 2.681031813124613E-4
<2747,registrar2-0,transcript1-2,read> 2.695165321171829E-4
<2748,registrar2-0,transcript1-3,read> 2.703839582631951E-4
<2749,registrar2-0,transcript1-1,read> 2.2874750325461323E-4
<2750,admissions2-0,stu5-0application5-0,setStatus> 1.1263851900096845E-4
<2751,admissions4-0,stu3-11application3-11,setStatus> 1.1493910492052026E-4
<2752,admissions0-1,stu3-5application3-5,read> 1.0451750319097446E-4
<2753,admissions0-1,stu0-13application0-13,read> 1.582865077033839E-4
<2754,admissions2-0,stu5-8application5-8,setStatus> 1.7688233835252103E-4
<2755,admissions4-0,stu2-5application2-5,setStatus> 1.2612048043719306E-4
<2756,registrar2-0,transcript1-5,read> 2.686491059711708E-4
<2757,registrar2-0,transcript1-4,read> 2.6778167982515865E-4
<2758,admissions2-0,stu5-8application5-8,read> 1.556564577502185E-4
<2759,stu5-9,gradebook5-8,readScore> 4.568358868567845E-5
<2760,admissions4-1,stu0-10application0-10,setStatus> 1.8300529614042292E-4
<2761,admissions4-1,stu2-3application2-3,setStatus> 5.997126405114896E-5
<2762,admissions0-0,application2-4,setStatus> 6.33385512190469E-5
<2763,admissions0-0,application2-1,setStatus> 5.676977097018643E-5
<2764,admissions0-0,application2-3,setStatus> 6.22437545109035E-5
<2765,registrar2-0,transcript2-11,read> 2.885999073294496E-4
<2766,registrar4-0,transcript0-11,read> 3.208170288282175E-4
<2767,admissions0-0,application2-2,setStatus> 5.731716932425814E-5
<2768,admissions4-1,stu3-11application3-11,setStatus> 1.1585313358788025E-4
<2769,admissions2-1,stu5-0application5-0,setStatus> 1.0902686308109776E-4
<2770,registrar2-0,transcript5-7,read> 2.573725660730132E-4
<2771,admissions4-1,stu5-7application5-7,read> 7.317863867905288E-6
<2772,admissions2-1,stu3-4application3-4,setStatus> 4.415876878767662E-5
<2773,admissions2-1,stu5-11application5-11,setStatus> 9.515851188733184E-5
<2774,admissions4-1,stu4-7application4-7,setStatus> 3.508270030789889E-5
<2775,admissions2-0,stu2-1application2-1,read> 9.139415096863671E-5
<2776,admissions0-1,stu4-19application4-19,read> 6.083018702464179E-5
<2777,admissions0-1,stu4-0application4-0,setStatus> 6.476084527861816E-5
<2778,admissions0-1,application2-4,setStatus> 6.31242075600992E-5
<2779,admissions0-1,application2-3,setStatus> 6.203311574775324E-5
<2780,admissions0-1,application2-2,setStatus> 5.712320259219636E-5
<2781,stu5-8,gradebook5-2,readScore> 4.489706371807842E-5
<2782,stu5-8,gradebook5-2,addScore> 1.2186345866335574E-4
<2783,admissions2-1,stu3-13application3-13,setStatus> 1.0634266607585272E-4
<2784,admissions0-1,application2-1,setStatus> 5.657765668602337E-5
<2785,registrar4-1,roster2-7,write> 1.024690820604286E-4
<2786,admissions0-1,stu1-11application1-11,read> 1.5108530174190053E-4
<2787,admissions4-1,stu4-5application4-5,setStatus> 7.265034369393672E-5
<2788,registrar0-1,roster4-6,read> 9.24465320790562E-5
<2789,registrar4-1,roster2-8,write> 1.0358464475920396E-4
<2790,registrar4-1,roster2-9,write> 1.0414242610859166E-4
<2791,registrar4-1,roster2-2,write> 7.458001459104455E-5
<2792,admissions4-0,stu5-7application5-7,read> 7.260129241728521E-6
<2793,registrar4-1,roster2-3,write> 7.290667054288152E-5
<2794,registrar4-1,roster2-4,write> 7.569557728981994E-5
<2795,registrar4-1,roster2-5,write> 7.513779594043224E-5
<2796,registrar4-1,roster2-1,write> 8.071560943430906E-5
<2797,admissions0-1,application2-0,setStatus> 5.603211077985038E-5
<2798,admissions4-0,stu4-5application4-5,setStatus> 7.207716543994117E-5
<2799,admissions2-1,stu0-11application0-11,setStatus> 1.5018455049485457E-4
<2800,admissions0-1,stu4-13application4-13,read> 1.7172875883148631E-4
<2801,admissions4-0,stu5-11application5-11,setStatus> 9.90988229385671E-5
<2802,admissions4-1,stu2-0application2-0,setStatus> 9.378214309858301E-5
<2803,admissions4-0,stu2-3application2-3,setStatus> 5.949811798368427E-5
<2804,admissions2-0,stu0-11application0-11,setStatus> 1.5515960806818308E-4
<2805,admissions4-0,stu1-17application1-17,read> 4.9078473674084805E-5
<2806,admissions0-1,stu2-3application2-3,read> 6.131026742207402E-5
<2807,admissions2-1,stu0-9application0-9,setStatus> 9.784270889257684E-5
<2808,admissions4-0,stu2-0application2-0,setStatus> 9.304224453370266E-5
<2809,admissions0-1,stu1-18application1-18,read> 1.0739798557556783E-4
<2810,admissions2-1,stu4-12application4-12,read> 1.2822558216111268E-4
<2811,registrar0-1,roster3-6,write> 7.738524795137675E-5
<2812,registrar0-1,transcript5-8,read> 2.495526903881122E-4
<2813,admissions2-0,stu0-9application0-9,setStatus> 1.0108387523270362E-4
<2814,stu1-1,gradebook1-3,readScore> 7.431020393414218E-5
<2815,admissions0-0,stu2-3application2-3,read> 6.151845169175848E-5
<2816,admissions2-0,stu1-7application1-7,setStatus> 2.8520712368000395E-5
<2817,stu1-0,gradebook1-8,readScore> 6.3225809569598E-5
<2818,admissions0-0,stu1-15application1-15,setStatus> 1.5256448293273484E-4
<2819,admissions0-1,application3-0,read> 1.1795975431907682E-4
<2820,admissions0-0,stu1-18application1-18,read> 1.0776266464373611E-4
<2821,registrar2-1,roster5-7,read> 1.0603105506676861E-4
<2822,admissions4-1,stu2-1application2-1,read> 9.285938785791344E-5
<2823,admissions4-1,stu5-3application5-3,setStatus> 1.3651533745020106E-4
<2824,stu3-5,stu3-5application3-5,checkStatus> 0.0010865888853415604
<2825,admissions2-1,stu1-16application1-16,setStatus> 9.918480739519937E-5
<2826,admissions2-1,stu2-13application2-13,setStatus> 9.06848502119235E-5
<2827,admissions2-1,stu1-7application1-7,setStatus> 2.760622058866571E-5
<2828,stu1-11,stu1-11application1-11,checkStatus> 0.0015707188231549871
<2829,registrar4-0,roster0-4,read> 1.9461431897960785E-4
<2830,admissions2-0,stu4-1application4-1,read> 1.4752198853736006E-4
<2831,admissions0-0,stu4-2application4-2,read> 9.04210847867445E-5
<2832,registrar0-1,transcript5-9,read> 2.487200385642119E-4
<2833,admissions2-1,stu5-1application5-1,read> 2.389979189058989E-5
<2834,admissions2-0,stu2-13application2-13,setStatus> 9.368890322101414E-5
<2835,admissions0-0,stu1-2application1-2,read> 1.506349037346321E-4
<2836,admissions2-1,stu1-7application1-7,read> 2.429347411802582E-5
<2837,admissions4-1,stu5-13application5-13,read> 1.544327553676295E-4
<2838,admissions0-0,application0-3,read> 5.959160948542609E-5
<2839,admissions0-0,application0-2,read> 5.814647783067677E-5
<2840,admissions0-0,application0-1,read> 5.8628188382259866E-5
<2841,admissions0-0,application0-0,read> 6.0555030588592286E-5
<2842,registrar0-1,transcript0-1,read> 1.4297325692887668E-4
<2843,registrar0-1,transcript0-0,read> 1.4880181969617866E-4
<2844,admissions0-1,stu2-11application2-11,setStatus> 7.45806715897319E-5
<2845,registrar0-1,transcript0-3,read> 8.968354019925901E-5
<2846,admissions2-1,stu3-2application3-2,read> 3.925339876059136E-5
<2847,admissions0-0,application0-4,read> 5.910989893384298E-5
<2848,stu5-1,gradebook5-3,readScore> 2.7948007866400477E-5
<2849,admissions2-1,stu1-16application1-16,read> 8.728263050777542E-5
<2850,admissions2-0,stu5-1application5-1,read> 2.469150342319742E-5
<2851,registrar0-1,transcript0-4,read> 8.885088837535874E-5
<2852,registrar0-1,transcript0-8,read> 9.384679931876039E-5
<2853,admissions2-0,stu1-7application1-7,read> 2.509822688384034E-5
<2854,registrar0-1,transcript0-9,read> 9.717740661436149E-5
<2855,admissions2-0,stu4-6application4-6,read> 4.787474067984401E-5
<2856,admissions0-1,application0-2,read> 5.794970464004842E-5
<2857,admissions0-1,application0-1,read> 5.8429785037480666E-5
<2858,registrar4-1,roster2-6,read> 1.401280384776813E-4
<2859,admissions0-1,application0-4,read> 5.890986543491289E-5
<2860,admissions2-1,stu1-4application1-4,setStatus> 1.7389495737451887E-4
<2861,admissions0-1,application0-3,read> 5.9389945832345106E-5
<2862,stu4-7,transcript4-7,read> 8.258376066169473E-4
<2863,registrar0-1,roster5-8,write> 7.277097229713317E-5
<2864,registrar0-0,transcript0-1,read> 1.4363670591694574E-4
<2865,registrar0-0,transcript0-0,read> 1.494923153792236E-4
<2866,admissions2-1,stu3-6application3-6,setStatus> 1.676318310289472E-4
<2867,stu5-0,gradebook5-4,readScore> 6.21403321798677E-5
<2868,admissions4-0,stu2-1application2-1,read> 9.212676941327507E-5
<2869,stu0-4,stu0-4application0-4,checkStatus> 0.0012662659756640692
<2870,admissions2-0,stu1-16application1-16,read> 9.017398058670795E-5
<2871,admissions2-1,stu0-1application0-1,read> 1.2089325067511839E-5
<2872,registrar0-0,transcript0-5,read> 9.344576766885018E-5
<2873,registrar0-0,transcript0-3,read> 9.009970511897716E-5
<2874,registrar0-0,transcript0-9,read> 9.762834585619149E-5
<2875,admissions0-1,stu0-19application0-19,read> 9.491589524232992E-5
<2876,registrar0-0,transcript0-7,read> 9.595531458125496E-5
<2877,admissions2-1,stu4-6application4-6,read> 4.633967885443819E-5
<2878,admissions2-0,stu1-1application1-1,setStatus> 1.8150419585982695E-4
<2879,registrar0-0,transcript0-8,read> 9.428228330631846E-5
<2880,admissions0-1,application0-0,read> 6.035010662720956E-5
<2881,stu5-3,gradebook5-3,readScore> 2.7208363045739597E-5
<2882,registrar0-1,transcript4-18,read> 3.06173014413331E-4
<2883,registrar0-1,transcript4-15,read> 3.011771034699294E-4
<2884,registrar2-1,transcript2-16,read> 2.9685574997860467E-4
<2885,admissions2-1,stu2-4application2-4,read> 2.5080838572897696E-5
<2886,registrar4-1,transcript0-13,read> 3.3085264060212465E-4
<2887,admissions2-0,stu0-1application0-1,read> 1.2489799603909747E-5
<2888,registrar2-0,transcript2-16,read> 2.955393164975466E-4
<2889,registrar4-0,transcript0-16,read> 3.178438242876548E-4
<2890,registrar0-0,transcript4-19,read> 3.0675725522325643E-4
<2891,stu5-2,gradebook5-2,readScore> 4.126742412048334E-5
<2892,registrar0-0,transcript4-12,read> 3.0173816139844687E-4
<2893,registrar2-0,transcript2-13,read> 2.903347596214738E-4
<2894,registrar4-0,transcript0-14,read> 3.2478130154896777E-4
<2895,registrar0-0,transcript4-15,read> 3.025746770359152E-4
<2896,stu4-15,transcript4-15,read> 0.0014882906919330952
<2897,registrar0-1,roster3-2,write> 7.323239986255751E-5
<2898,registrar4-0,transcript0-15,read> 3.237902333687802E-4
<2899,registrar2-1,transcript2-12,read> 2.9075672026154396E-4
<2900,stu5-5,gradebook5-3,readScore> 2.9215970416104855E-5
<2901,admissions2-0,stu2-4application2-4,read> 2.5911673805126193E-5
<2902,admissions2-0,stu2-8application2-8,read> 1.6013041581729062E-4
<2903,registrar4-1,transcript0-2,read> 1.7584803169536174E-4
<2904,registrar4-1,transcript0-3,read> 1.0841096158657529E-4
<2905,stu1-2,gradebook1-3,readMyScores> 1.7691491880623435E-4
<2906,registrar4-1,transcript0-6,read> 1.1042400845549426E-4
<2907,stu1-2,gradebook1-5,readMyScores> 7.77663362190734E-5
<2908,registrar4-1,transcript0-7,read> 1.1545662562779177E-4
<2909,admissions2-0,stu1-12application1-12,read> 9.62748324963518E-5
<2910,stu1-2,gradebook1-2,readMyScores> 6.437635877308357E-5
<2911,admissions2-0,application3-0,read> 9.99353436421381E-5
<2912,registrar4-1,transcript0-8,read> 1.1344357875887275E-4
<2913,admissions0-1,stu5-14application5-14,read> 3.10652023838437E-5
<2914,admissions2-0,application3-1,read> 9.952862018149519E-5
<2915,admissions2-0,application3-4,read> 1.0074879056342395E-4
<2916,admissions4-1,stu1-19application1-19,read> 3.665819335240085E-5
<2917,admissions0-1,stu0-9application0-9,read> 1.049975835884067E-4
<2918,stu3-0,gradebook3-4,readScore> 3.740604822467905E-5
<2919,registrar2-0,transcript4-9,read> 1.7670193449388592E-4
<2920,registrar4-0,transcript0-1,read> 1.7017466543970704E-4
<2921,registrar0-0,transcript3-10,read> 2.9755558321110557E-4
<2922,registrar4-0,transcript0-2,read> 1.731478699802698E-4
<2923,registrar4-0,transcript0-0,read> 1.7711214270102008E-4
<2924,fac2-3,gradebook2-7,assignGrade> 6.589405028890321E-4
<2925,stu1-3,gradebook1-6,readMyScores> 1.6251674613372563E-4
<2926,registrar4-0,transcript0-3,read> 1.0674630190770272E-4
<2927,registrar4-0,transcript0-4,read> 1.0575523372751516E-4
<2928,admissions2-0,stu1-19application1-19,setStatus> 4.099972763772644E-5
<2929,admissions2-1,stu1-12application1-12,read> 9.318786391931446E-5
<2930,stu1-3,gradebook1-1,readMyScores> 6.317290188672665E-5
<2931,admissions0-0,stu5-14application5-14,read> 3.117068694202314E-5
<2932,admissions2-1,application3-3,read> 9.79120506485457E-5
<2933,admissions2-1,application3-2,read> 9.830573287598161E-5
<2934,registrar2-0,roster5-9,read> 1.0754373141058445E-4
<2935,admissions2-1,application3-1,read> 9.633732173880194E-5
<2936,registrar4-0,transcript0-8,read> 1.1170164280864054E-4
<2937,admissions2-1,application3-0,read> 9.673100396623788E-5
<2938,registrar4-0,transcript0-7,read> 1.136837791690157E-4
<2939,admissions0-0,stu0-9application0-9,read> 1.0535411188582063E-4
<2940,admissions2-1,application3-4,read> 9.751836842110974E-5
<2941,stu1-4,gradebook1-8,readMyScores> 5.7775499354908045E-5
<2942,stu1-4,gradebook1-2,readMyScores> 6.221698405532815E-5
<2943,admissions2-1,stu1-19application1-19,setStatus> 3.968510711226827E-5
<2944,stu3-2,gradebook3-7,readScore> 3.761068809443128E-5
<2945,admissions2-1,stu0-14application0-14,read> 9.24004994644426E-5
<2946,stu1-5,gradebook1-7,readMyScores> 7.226326249616681E-5
<2947,admissions0-1,stu4-3application4-3,read> 1.875714119467498E-4
<2948,admissions4-1,stu4-18application4-18,setStatus> 9.254945479997864E-6
<2949,admissions0-0,stu5-19application5-19,read> 3.020726583885694E-5
<2950,stu1-5,gradebook1-2,readMyScores> 6.2756827734767E-5
<2951,admissions4-0,stu1-19application1-19,read> 3.636897683680005E-5
<2952,admissions2-1,stu0-15application0-15,read> 9.279418169187852E-5
<2953,admissions2-0,stu2-19application2-19,read> 9.424121519313718E-5
<2954,stu3-3,gradebook3-6,readScore> 4.730046237176405E-5
<2955,admissions4-0,stu5-8application5-8,read> 1.5690420490653285E-4
<2956,admissions4-0,stu4-18application4-18,setStatus> 9.181928158656656E-6
<2957,stu3-4,gradebook3-3,readScore> 4.406319570524384E-5
<2958,admissions4-1,stu4-16application4-16,read> 1.242659377286411E-4
<2959,admissions0-1,stu0-7application0-7,setStatus> 1.1767879817739775E-4
<2960,admissions2-0,stu3-2application3-2,read> 4.0553718388271406E-5
<2961,registrar2-1,roster1-9,write> 1.321571995794612E-4
<2962,registrar2-1,roster1-6,write> 1.2781164392271533E-4
<2963,registrar2-1,roster1-5,write> 1.2877732295754775E-4
<2964,registrar2-1,roster1-8,write> 1.31674360062045E-4
<2965,registrar2-1,roster1-1,write> 1.2974300199238017E-4
<2966,registrar2-1,roster1-4,write> 1.2636312537046674E-4
<2967,registrar2-1,roster1-3,write> 1.2684596488788294E-4
<2968,admissions4-1,stu4-4application4-4,setStatus> 1.290018087729935E-4
<2969,registrar2-0,roster1-8,write> 1.3109043828793393E-4
<2970,admissions0-1,stu3-15application3-15,read> 1.35242648626637E-4
<2971,stu1-0,gradebook1-2,readMyScores> 6.383651509364472E-5
<2972,registrar2-0,roster1-3,write> 1.2628345506576373E-4
<2973,admissions2-0,stu1-11application1-11,setStatus> 1.4545370730284065E-4
<2974,stu1-0,gradebook1-4,readMyScores> 6.911468072797109E-5
<2975,stu3-6,gradebook3-3,readScore> 4.104625617947939E-5
<2976,registrar4-0,transcript3-0,read> 7.20589156011378E-5
<2977,registrar4-0,transcript3-2,read> 7.503212014170051E-5
<2978,registrar2-0,roster1-4,write> 1.258027567435467E-4
<2979,registrar4-0,transcript3-4,read> 7.701425650207563E-5
<2980,stu5-7,stu5-7application5-7,checkStatus> 8.838282799428961E-5
<2981,admissions0-1,stu1-9application1-9,setStatus> 1.6568683792062043E-4
<2982,registrar4-0,transcript3-6,read> 7.899639286245078E-5
<2983,admissions4-0,stu5-12application5-12,setStatus> 8.046319707744577E-5
<2984,registrar4-0,transcript3-7,read> 7.800532468226321E-5
<2985,registrar4-0,transcript3-8,read> 6.809464288038752E-5
<2986,admissions2-0,stu0-8application0-8,setStatus> 1.3389906353457578E-4
<2987,admissions4-0,stu3-10application3-10,read> 4.169876583308075E-5
<2988,stu1-1,gradebook1-1,readMyScores> 6.264536199623206E-5
<2989,registrar4-1,transcript3-0,read> 7.318264138049278E-5
<2990,stu3-7,gradebook3-4,readScore> 3.357967997594645E-5
<2991,admissions2-1,stu1-3application1-3,read> 1.0893515301675188E-4
<2992,admissions0-0,stu3-15application3-15,read> 1.3570187663555596E-4
<2993,stu1-1,gradebook1-4,readMyScores> 6.94069203927828E-5
<2994,registrar2-1,transcript5-7,read> 2.5851899175708006E-4
<2995,registrar4-1,transcript3-4,read> 7.821525855279027E-5
<2996,registrar4-1,transcript3-3,read> 7.418916481495227E-5
<2997,stu1-1,gradebook1-8,readMyScores> 5.9530069834232805E-5
<2998,fac4-1,gradebook4-3,assignGrade> 3.844598829758625E-4
<2999,registrar4-1,transcript3-2,read> 7.620221168387128E-5
<3000,registrar4-1,transcript3-1,read> 7.217611794603328E-5
<3001,registrar4-1,transcript3-8,read> 6.915654764265478E-5
<3002,registrar4-1,transcript3-5,read> 7.720873511833077E-5
<3003,registrar4-1,transcript3-6,read> 8.022830542170928E-5
<3004,admissions0-0,stu5-14application5-14,setStatus> 3.542123516138994E-5
<3005,admissions0-0,stu2-10application2-10,read> 1.1691516512381507E-4
<3006,registrar4-1,transcript3-9,read> 6.815002420819528E-5
<3007,admissions4-1,stu3-10application3-10,read> 4.2030366356604256E-5
<3008,admissions2-0,application4-4,read> 1.1620428206785498E-4
<3009,admissions0-0,stu4-15application4-15,read> 1.1420554327116011E-5
<3010,admissions2-0,application1-1,setStatus> 1.927699735338852E-5
<3011,stu3-8,gradebook3-8,readScore> 6.817411245511472E-5
<3012,admissions2-0,application1-2,setStatus> 2.0201368854849705E-5
<3013,admissions2-0,application1-0,setStatus> 1.835262585192733E-5
<3014,admissions4-1,application5-0,read> 1.552592435221223E-4
<3015,admissions4-1,application5-2,read> 1.5649897575386158E-4
<3016,admissions2-0,stu4-1application4-1,setStatus> 1.6763862333790916E-4
<3017,stu0-1,stu0-1application0-1,checkStatus> 1.5326622172186222E-4
<3018,admissions0-1,stu1-17application1-17,read> 5.7469624242616205E-5
<3019,registrar2-0,roster1-7,read> 1.7958839245286077E-4
<3020,admissions2-0,application1-4,setStatus> 1.32685825938908E-5
<3021,admissions2-0,application1-3,setStatus> 2.06635546055803E-5
<3022,admissions0-1,stu4-15application4-15,read> 1.1381906089122388E-5
<3023,admissions0-1,stu2-12application2-12,setStatus> 5.766874849836935E-5
<3024,admissions2-1,application1-0,setStatus> 1.7764164902767336E-5
<3025,admissions2-1,application1-1,setStatus> 1.8658897237849007E-5
<3026,admissions0-1,stu2-17application2-17,read> 1.0259718160124555E-4
<3027,admissions0-1,stu1-5application1-5,setStatus> 1.1713325227122476E-4
<3028,fac5-2,gradebook5-4,changeScore> 4.4811694498402666E-4
<3029,admissions2-1,application1-2,setStatus> 1.9553629572930674E-5
<3030,chair4,transcript4-0,read> 9.982211683786694E-4
<3031,admissions2-1,application1-3,setStatus> 2.0000995740471513E-5
<3032,admissions4-0,application5-2,read> 1.5526426983075419E-4
<3033,admissions4-0,stu2-14application2-14,read> 4.456865221569344E-5
<3034,admissions4-0,application5-1,read> 1.544443022928648E-4
<3035,registrar2-1,roster0-2,read> 1.6910196702926076E-4
<3036,registrar0-1,transcript0-13,read> 2.7369959328122024E-4
<3037,registrar2-0,transcript5-5,read> 2.556377137809889E-4
<3038,admissions2-0,stu1-3application1-3,read> 1.1254377092206869E-4
<3039,admissions2-1,application1-4,setStatus> 1.284313705981815E-5
<3040,admissions4-0,stu4-12application4-12,read> 1.3353513007668667E-4
<3041,stu3-9,gradebook3-5,readScore> 7.30691674279652E-5
<3042,admissions4-0,stu5-11application5-11,read> 8.720696418593905E-5
<3043,admissions2-1,stu0-17application0-17,read> 1.4672864685060161E-4
<3044,admissions0-0,stu1-0application1-0,setStatus> 2.0183033479918836E-4
<3045,admissions0-0,stu1-5application1-5,setStatus> 1.175309882721457E-4
<3046,admissions0-1,stu3-11application3-11,read> 1.1843983471650907E-4
<3047,registrar4-1,roster3-1,read> 1.2325515265870394E-4
<3048,admissions2-0,stu0-17application0-17,setStatus> 1.7226048084521508E-4
<3049,registrar4-1,roster3-4,read> 1.24022102014112E-4
<3050,registrar4-1,roster3-5,read> 1.278568487911523E-4
<3051,registrar4-1,roster3-2,read> 1.217212539478878E-4
<3052,registrar4-1,roster3-3,read> 1.2632295008033616E-4
<3053,registrar4-1,roster3-9,read> 1.3092464621278452E-4
<3054,stu0-8,gradebook0-3,readMyScores> 1.8124522959743223E-5
<3055,admissions4-0,stu3-0application3-0,setStatus> 6.974771220730101E-5
<3056,registrar4-1,roster3-7,read> 1.2939074750196842E-4
<3057,admissions4-1,stu5-11application5-11,read> 8.790045893095645E-5
<3058,admissions0-1,stu4-19application4-19,setStatus> 6.912521252800205E-5
<3059,admissions2-1,stu4-1application4-1,setStatus> 1.6226343701845718E-4
<3060,registrar4-0,roster3-1,read> 1.21362559143791E-4
<3061,admissions2-1,stu2-7application2-7,setStatus> 8.263225919618846E-5
<3062,registrar4-0,roster3-2,read> 1.1985221358016593E-4
<3063,admissions0-0,stu1-9application1-9,setStatus> 1.6624944178452749E-4
<3064,registrar4-0,roster3-6,read> 1.266487686164788E-4
<3065,registrar4-0,roster1-5,write> 1.4648063564794234E-4
<3066,registrar4-0,roster3-7,read> 1.2740394139829132E-4
<3067,admissions2-0,application5-1,setStatus> 1.7410922384813744E-4
<3068,registrar4-0,roster3-8,read> 1.281591141801039E-4
<3069,admissions4-0,stu5-7application5-7,setStatus> 8.250146865600592E-6
<3070,admissions2-1,stu5-5application5-5,setStatus> 7.860596368832093E-5
<3071,registrar2-0,roster1-9,read> 1.8091031283895757E-4
<3072,registrar2-1,roster1-3,read> 1.7441320172083903E-4
<3073,stu1-6,gradebook1-5,readMyScores> 7.646207900785205E-5
<3074,registrar2-1,roster1-5,read> 1.7706881906662817E-4
<3075,registrar2-1,roster1-7,read> 1.803883407488646E-4
<3076,admissions4-1,stu3-2application3-2,setStatus> 4.682258886603571E-5
<3077,admissions0-0,stu4-17application4-17,setStatus> 9.50876557552058E-5
<3078,registrar2-1,roster1-6,read> 1.757410103937336E-4
<3079,registrar2-1,roster1-9,read> 1.8171614942175918E-4
<3080,admissions4-0,stu5-12application5-12,read> 7.080761342815227E-5
<3081,stu1-6,gradebook1-8,readMyScores> 5.8778111057379336E-5
<3082,stu1-6,gradebook1-7,readMyScores> 7.288488195849943E-5
<3083,admissions0-0,stu3-11application3-11,read> 1.1884200733014746E-4
<3084,admissions4-1,stu5-7application5-7,setStatus> 8.315754395346918E-6
<3085,admissions4-0,stu1-14application1-14,read> 1.39274902841912E-4
<3086,app2-2,application2-2,checkStatus> 5.226024629403524E-4
<3087,registrar2-0,roster1-4,read> 1.729787905223767E-4
<3088,stu1-7,gradebook1-7,readMyScores> 7.319569168966573E-5
<3089,registrar2-0,roster1-2,read> 1.769445516806671E-4
<3090,admissions2-0,stu1-8application1-8,read> 1.0400257824856731E-4
<3091,stu1-7,gradebook1-1,readMyScores> 6.211782210573746E-5
<3092,registrar2-0,roster1-8,read> 1.8024935264590917E-4
<3093,admissions4-1,stu1-8application1-8,read> 1.0566995425255234E-4
<3094,admissions4-1,stu5-12application5-12,read> 7.13706958410998E-5
<3095,registrar2-0,roster1-5,read> 1.762835914876187E-4
<3096,stu1-7,gradebook1-9,readMyScores> 9.019972198185308E-5
<3097,admissions4-1,stu3-9application3-9,setStatus> 7.687670357486598E-5
<3098,admissions0-0,stu2-12application2-12,setStatus> 5.786456767832984E-5
<3099,registrar4-0,transcript3-12,read> 3.49558006053657E-4
<3100,stu1-9,gradebook1-1,readMyScores> 6.528306144870499E-5
<3101,stu1-8,gradebook1-4,readMyScores> 7.174483771127654E-5
<3102,admissions4-0,stu1-8application1-8,read> 1.0483626625055982E-4
<3103,admissions4-1,stu1-1application1-1,setStatus> 1.844140827673993E-4
<3104,stu1-8,gradebook1-9,readMyScores> 9.402985879636912E-5
<3105,registrar2-1,roster0-9,read> 1.843717667675483E-4
<3106,stu1-9,gradebook1-2,readMyScores> 6.680565533055842E-5
<3107,admissions4-1,stu0-16application0-16,read> 9.864480493936328E-5
<3108,stu1-9,gradebook1-5,readMyScores> 8.070091494432145E-5
<3109,admissions0-0,stu1-17application1-17,read> 5.766476727909367E-5
<3110,admissions2-1,stu3-5application3-5,read> 8.570790159803168E-5
<3111,stu1-19,gradebook1-1,readMyScores> 2.6245109552105645E-5
<3112,stu1-19,gradebook1-3,readMyScores> 7.38072722063745E-5
<3113,stu1-19,gradebook1-4,readMyScores> 2.9077846648765852E-5
<3114,admissions2-0,stu1-14application1-14,read> 1.381673489425728E-4
<3115,admissions0-0,stu5-0application5-0,read> 1.1739687567539815E-4
<3116,stu1-18,gradebook1-8,readMyScores> 2.8198454132005015E-5
<3117,registrar0-0,roster5-1,write> 8.191646307518529E-5
<3118,admissions2-0,stu2-12application2-12,read> 4.299405915212894E-5
<3119,stu1-18,gradebook1-2,readMyScores> 3.0366206968435653E-5
<3120,registrar2-1,transcript5-2,read> 2.559051218783398E-4
<3121,registrar0-0,roster5-2,write> 8.238003183580883E-5
<3122,registrar0-0,roster5-3,write> 6.893653777772608E-5
<3123,admissions4-0,stu0-3application0-3,read> 6.424787312503756E-5
<3124,stu0-17,gradebook0-8,readScore> 1.1285526580283112E-5
<3125,registrar0-0,roster5-6,write> 7.032724405959672E-5
<3126,registrar0-0,roster5-7,write> 7.403579414458504E-5
<3127,stu1-18,gradebook1-5,readMyScores> 3.668223406560067E-5
<3128,registrar0-0,roster5-9,write> 7.542650042645568E-5
<3129,admissions2-1,stu1-14application1-14,read> 1.3373713334521574E-4
<3130,admissions0-1,stu4-14application4-14,read> 1.5060522134446828E-4
<3131,stu5-1,stu5-1application5-1,checkStatus> 3.0299713032395285E-4
<3132,registrar2-0,roster5-3,read> 9.82902887079068E-5
<3133,registrar2-0,roster5-4,read> 9.762932851485838E-5
<3134,registrar2-0,roster5-2,read> 1.1745813430631054E-4
<3135,admissions0-0,stu4-13application4-13,setStatus> 1.9580895290439963E-4
<3136,admissions4-0,stu3-17application3-17,setStatus> 1.3217705884205748E-4
<3137,admissions2-1,stu2-2application2-2,setStatus> 2.4027291248339027E-5
<3138,admissions0-0,stu1-7application1-7,read> 2.972555528727383E-5
<3139,admissions4-1,stu0-3application0-3,read> 6.475879060515715E-5
<3140,admissions0-0,stu4-5application4-5,read> 7.45246365845022E-5
<3141,admissions0-1,stu0-14application0-14,setStatus> 1.2804417039468448E-4
<3142,admissions2-0,stu3-5application3-5,read> 8.854708674413625E-5
<3143,admissions0-1,stu0-2application0-2,read> 8.021343307096796E-6
<3144,registrar2-1,roster5-2,read> 1.1798133312281971E-4
<3145,registrar2-1,roster5-3,read> 9.872810736584848E-5
<3146,registrar2-1,roster5-5,read> 1.0204762904808488E-4
<3147,registrar2-0,roster5-6,read> 1.0027316928705198E-4
<3148,registrar2-0,roster5-5,read> 1.0159508967314881E-4
<3149,registrar4-1,transcript4-15,read> 3.640679139392882E-4
<3150,registrar2-0,roster5-8,read> 1.0423893044534244E-4
<3151,admissions0-1,stu4-5application4-5,read> 7.427243815274414E-5
<3152,registrar4-0,roster2-6,read> 1.3797636034366698E-4
<3153,registrar4-0,roster2-5,read> 1.0172806681666483E-4
<3154,registrar4-0,roster2-4,read> 1.024832395984774E-4
<3155,registrar4-0,roster2-3,read> 9.870737568941468E-5
<3156,fac5-2,gradebook5-5,changeScore> 4.432833240044237E-4
<3157,registrar4-0,roster2-2,read> 1.009728940348523E-4
<3158,stu1-15,gradebook1-6,readMyScores> 7.430306347241318E-5
<3159,stu1-15,gradebook1-7,readMyScores> 3.403366556271082E-5
<3160,stu1-15,gradebook1-9,readMyScores> 4.193999811895079E-5
<3161,admissions4-1,stu3-10application3-10,setStatus> 4.776177995068666E-5
<3162,stu4-9,gradebook4-2,addScore> 2.0325349130161105E-4
<3163,admissions0-1,application5-4,read> 1.8421084916472413E-4
<3164,admissions4-1,stu4-19application4-19,setStatus> 5.95016685088235E-5
<3165,admissions4-1,stu3-4application3-4,read> 4.0790634124865005E-5
<3166,admissions0-0,application4-4,read> 1.3762871884188838E-4
<3167,admissions0-0,application4-1,read> 1.3618358718713906E-4
<3168,registrar4-1,roster2-8,read> 1.4242888654390543E-4
<3169,admissions0-1,stu0-8application0-8,read> 1.3908329180609483E-4
<3170,registrar2-0,transcript0-15,read> 2.833953504533768E-4
<3171,stu0-13,gradebook0-8,readScore> 1.1072088725336858E-5
<3172,admissions2-0,stu2-2application2-2,setStatus> 2.4823226362155643E-5
<3173,admissions0-0,stu3-13application3-13,read> 1.1450661236589956E-4
<3174,registrar4-1,roster2-4,read> 1.0408141877350239E-4
<3175,registrar2-0,transcript1-11,read> 3.531147269391012E-5
<3176,registrar4-1,roster2-5,read> 1.0331446941809431E-4
<3177,stu1-14,gradebook1-5,readMyScores> 3.5377976854379305E-5
<3178,registrar4-1,roster2-2,read> 1.0254752006268627E-4
<3179,stu1-14,gradebook1-4,readMyScores> 3.17080036320713E-5
<3180,registrar4-1,roster2-1,read> 1.1098396297217496E-4
<3181,admissions4-0,stu3-10application3-10,setStatus> 4.73849611739554E-5
<3182,stu1-14,gradebook1-8,readMyScores> 2.7195842429533724E-5
<3183,stu4-8,gradebook4-5,addScore> 2.748812874008389E-4
<3184,admissions0-1,application4-0,read> 1.2948168385745027E-4
<3185,admissions0-1,application4-1,read> 1.3572272902406923E-4
<3186,admissions0-1,application4-4,read> 1.371629702163659E-4
<3187,stu1-17,gradebook1-6,readMyScores> 7.5660197051818E-5
<3188,admissions4-1,stu4-1application4-1,read> 1.4988707051791892E-4
<3189,stu0-12,gradebook0-9,readScore> 2.1424852517066446E-5
<3190,stu1-17,gradebook1-9,readMyScores> 4.270602548185401E-5
<3191,stu4-7,gradebook4-6,addScore> 3.3917889215852017E-4
<3192,admissions0-1,stu0-11application0-11,read> 1.6116699008797726E-4
<3193,stu1-16,gradebook1-4,readMyScores> 3.229248296169474E-5
<3194,stu1-16,gradebook1-1,readMyScores> 2.914657894982587E-5
<3195,admissions2-0,stu5-13application5-13,read> 1.519959466044322E-4
<3196,stu1-16,gradebook1-9,readMyScores> 4.23230118004024E-5
<3197,admissions0-1,stu0-18application0-18,read> 1.8805149234418198E-4
<3198,admissions4-0,stu3-4application3-4,read> 4.0468814526246736E-5
<3199,stu4-6,gradebook4-9,addScore> 2.896095069713292E-4
<3200,admissions0-0,stu0-9application0-9,setStatus> 1.1972058168843254E-4
<3201,admissions2-0,stu5-14application5-14,read> 2.6318397265769117E-5
<3202,registrar2-1,transcript3-13,read> 3.0643993953398586E-4
<3203,admissions4-1,stu3-0application3-0,setStatus> 7.030236598230936E-5
<3204,admissions2-1,stu5-14application5-14,setStatus> 2.8948319091288214E-5
<3205,admissions4-1,application3-3,setStatus> 1.1679232467253121E-4
<3206,admissions4-1,application3-1,setStatus> 1.1491394250322933E-4
<3207,admissions4-1,stu5-12application5-12,setStatus> 8.110306345579524E-5
<3208,admissions2-0,application4-4,setStatus> 1.320503205316534E-4
<3209,admissions2-0,application4-1,setStatus> 1.3066376327946163E-4
<3210,admissions4-1,stu0-17application0-17,read> 1.5401951129038306E-4
<3211,admissions4-1,application3-4,setStatus> 1.1632272913020572E-4
<3212,admissions2-0,application4-2,setStatus> 1.2973939177800045E-4
<3213,admissions4-0,stu0-6application0-6,setStatus> 5.15779769927077E-5
<3214,admissions2-0,stu0-8application0-8,read> 1.1783117591042668E-4
<3215,admissions2-1,stu5-14application5-14,read> 2.5474520800333632E-5
<3216,admissions4-0,stu1-5application1-5,setStatus> 1.0003060423162317E-4
<3217,admissions2-1,application4-0,setStatus> 1.2065838343715946E-4
<3218,registrar2-1,transcript1-16,read> 3.1983602266253E-5
<3219,admissions0-1,stu2-18application2-18,read> 1.4484425657528154E-4
<3220,admissions2-0,stu4-16application4-16,read> 1.2230513397749884E-4
<3221,admissions2-0,stu5-14application5-14,setStatus> 2.9907269620192184E-5
<3222,admissions4-0,application3-1,setStatus> 1.1400732362746418E-4
<3223,admissions4-0,application3-2,setStatus> 1.1633677686010434E-4
<3224,admissions2-1,application4-4,setStatus> 1.2781624211781283E-4
<3225,admissions4-0,application3-3,setStatus> 1.1587088621357633E-4
<3226,admissions2-1,application4-2,setStatus> 1.2557941128010867E-4
<3227,admissions2-1,application4-1,setStatus> 1.264741436151903E-4
<3228,registrar0-0,roster4-3,write> 8.4234306878303E-5
<3229,admissions4-0,stu4-19application4-19,read> 5.194836005669749E-5
<3230,admissions0-1,stu2-5application2-5,read> 1.2996176425488252E-4
<3231,admissions0-0,stu3-13application3-13,setStatus> 1.3012115041579497E-4
<3232,admissions4-1,stu2-14application2-14,read> 4.4923074897329166E-5
<3233,stu5-5,gradebook5-3,addScore> 7.930049112942748E-5
<3234,fac2-0,gradebook2-1,addScore> 3.3783644175138184E-4
<3235,admissions4-1,stu4-19application4-19,read> 5.2361468287764674E-5
<3236,admissions4-1,stu0-6application0-6,setStatus> 5.1988139831615915E-5
<3237,registrar2-1,roster5-6,read> 1.0071982037519032E-4
<3238,registrar2-1,roster5-8,read> 1.0470324639387403E-4
<3239,registrar2-1,roster5-9,read> 1.0802276807611045E-4
<3240,admissions4-1,stu2-6application2-6,setStatus> 1.3134978648462087E-4
<3241,registrar2-1,roster0-6,read> 1.724214887114972E-4
<3242,registrar2-1,roster0-5,read> 1.7042977570215533E-4
<3243,registrar2-1,roster0-3,read> 1.6777415835636617E-4
<3244,registrar2-1,roster0-8,read> 1.8304395809465375E-4
<3245,registrar2-1,roster0-7,read> 1.717575843750499E-4
<3246,registrar2-0,roster0-3,read> 1.6703014878494102E-4
<3247,admissions0-1,stu1-7application1-7,read> 2.962496119154702E-5
<3248,registrar2-0,roster0-5,read> 1.6967398955713468E-4
<3249,admissions0-1,stu1-1application1-1,read> 1.8853157274161423E-4
<3250,registrar2-0,roster0-7,read> 1.709959099432315E-4
<3251,registrar2-0,roster0-6,read> 1.7165687013627988E-4
<3252,registrar2-0,roster0-9,read> 1.835541536111512E-4
<3253,admissions0-1,stu3-13application3-13,setStatus> 1.2968080811320343E-4
<3254,stu3-17,gradebook3-1,addScore> 1.4909355852771742E-4
<3255,admissions2-0,stu5-4application5-4,read> 5.072180490434447E-5
<3256,admissions0-0,stu2-18application2-18,read> 1.4533608766721797E-4
<3257,registrar0-1,roster5-7,write> 7.369382742798189E-5
<3258,registrar0-1,roster5-9,write> 7.507811012425496E-5
<3259,registrar0-1,roster5-4,write> 6.815669664288959E-5
<3260,registrar0-1,roster5-3,write> 6.861812420831395E-5
<3261,registrar0-1,roster5-6,write> 7.000240690458701E-5
<3262,registrar0-1,roster5-2,write> 8.199952360562033E-5
<3263,admissions2-0,stu5-4application5-4,setStatus> 5.763841466402781E-5
<3264,registrar0-1,roster5-1,write> 8.153809604019597E-5
<3265,admissions2-0,stu5-7application5-7,read> 7.202394615551754E-6
<3266,stu5-9,gradebook5-8,addScore> 1.2399831214684152E-4
<3267,admissions4-0,stu2-6application2-6,setStatus> 1.3031349625594534E-4
<3268,admissions2-1,stu3-2application3-2,setStatus> 4.460613495521746E-5
<3269,admissions2-1,stu5-12application5-12,read> 6.799220136341461E-5
<3270,admissions4-1,stu5-10application5-10,setStatus> 1.6844783432833326E-4
<3271,admissions0-1,stu1-12application1-12,read> 1.1363903074218679E-4
<3272,admissions0-0,stu3-5application3-5,read> 1.0487240133423753E-4
<3273,admissions0-0,stu2-4application2-4,read> 3.068897639044004E-5
<3274,admissions0-1,stu3-18application3-18,read> 1.5156538213933275E-4
<3275,admissions0-1,stu1-10application1-10,setStatus> 1.1822434408357072E-4
<3276,admissions0-0,stu1-14application1-14,read> 1.6364108862737577E-4
<3277,admissions4-0,stu1-2application1-2,setStatus> 1.4568788759137047E-4
<3278,admissions2-0,stu5-12application5-12,read> 7.024453101520475E-5
<3279,admissions2-0,stu3-1application3-1,read> 1.3084632665100022E-4
<3280,admissions0-0,stu1-12application1-12,read> 1.1402490181431645E-4
<3281,admissions0-0,stu1-10application1-10,setStatus> 1.1862578498028913E-4
<3282,admissions0-0,stu3-18application3-18,read> 1.5208003538938142E-4
<3283,admissions4-1,stu4-12application4-12,read> 1.3459703965980148E-4
<3284,admissions0-0,stu2-5application2-5,read> 1.3040306056814188E-4
<3285,admissions4-0,stu5-6application5-6,read> 2.4479447537404638E-5
<3286,stu4-6,gradebook4-1,readMyScores> 7.101003715990368E-5
<3287,admissions2-1,stu4-14application4-14,read> 1.2350139543188145E-4
<3288,admissions2-0,stu3-2application3-2,setStatus> 4.608377089576297E-5
<3289,admissions4-1,stu5-6application5-6,read> 2.4674115112254772E-5
<3290,fac0-4,gradebook0-9,changeScore> 2.5477210579990736E-4
<3291,admissions2-1,stu1-15application1-15,setStatus> 1.2468467894502698E-4
<3292,fac0-3,gradebook0-6,changeScore> 2.2577037992228943E-4
<3293,admissions4-1,stu0-7application0-7,read> 8.91401911626957E-5
<3294,stu5-3,gradebook5-3,addScore> 7.385127112415036E-5
<3295,admissions2-0,stu1-18application1-18,setStatus> 1.0339480398635658E-4
<3296,admissions2-0,stu1-9application1-9,read> 1.2352530435942762E-4
<3297,admissions4-0,stu3-12application3-12,setStatus> 6.55546963885487E-5
<3298,fac0-2,gradebook0-5,changeScore> 2.3060400090189241E-4
<3299,admissions2-0,stu5-5application5-5,setStatus> 8.120988795128807E-5
<3300,admissions2-1,stu1-18application1-18,setStatus> 1.0007953973028103E-4
<3301,admissions4-1,stu3-12application3-12,setStatus> 6.607600610138013E-5
<3302,admissions4-0,stu5-5application5-5,read> 7.203756473498627E-5
<3303,admissions4-1,stu4-16application4-16,setStatus> 1.412112928734558E-4
<3304,fac0-1,gradebook0-2,changeScore> 2.644393477591133E-4
<3305,admissions4-1,stu5-1application5-1,read> 2.508735918950119E-5
<3306,admissions4-1,stu1-2application1-2,setStatus> 1.468464393813615E-4
<3307,admissions0-1,stu4-1application4-1,setStatus> 1.9787404638482665E-4
<3308,registrar0-1,roster5-5,read> 9.752223529872414E-5
<3309,admissions0-0,stu5-12application5-12,setStatus> 9.45402574011341E-5
<3310,stu5-1,gradebook5-3,addScore> 7.585887849451561E-5
<3311,admissions4-0,stu0-7application0-7,read> 8.843691549277304E-5
<3312,admissions4-1,stu3-19application3-19,read> 1.2509242588313395E-4
<3313,admissions0-1,stu5-12application5-12,setStatus> 9.422032421195938E-5
<3314,admissions2-0,stu5-7application5-7,setStatus> 8.184539335854265E-6
<3315,admissions4-0,stu2-7application2-7,setStatus> 8.605388483578217E-5
<3316,registrar2-1,transcript0-11,read> 2.8204382066574293E-4
<3317,admissions0-0,stu1-15application1-15,read> 1.3425674498080664E-4
<3318,admissions2-1,application4-3,read> 1.1287197529111122E-4
<3319,admissions2-1,application4-2,read> 1.1050988192649563E-4
<3320,admissions2-1,application4-0,read> 1.061793774247003E-4
<3321,stu1-10,gradebook1-5,readMyScores> 3.700829836840601E-5
<3322,admissions4-0,stu2-15application2-15,setStatus> 3.294235113158636E-5
<3323,stu1-10,gradebook1-3,readMyScores> 8.419221502938196E-5
<3324,admissions4-1,stu2-9application2-9,read> 1.474076060544404E-4
<3325,admissions4-0,stu0-17application0-17,read> 1.5280436721708615E-4
<3326,registrar0-0,roster4-5,read> 8.777626193994227E-5
<3327,admissions2-1,stu5-7application5-7,setStatus> 7.922109216868957E-6
<3328,admissions2-0,stu3-0application3-0,read> 6.0889891420417536E-5
<3329,admissions2-0,application4-3,read> 1.166110055284979E-4
<3330,admissions4-1,stu4-9application4-9,setStatus> 1.1256596479160192E-4
<3331,stu3-10,stu3-10application3-10,checkStatus> 5.076293720801434E-4
<3332,admissions2-0,application4-0,read> 1.0969670669756822E-4
<3333,stu1-11,gradebook1-7,readMyScores> 3.279042663804558E-5
<3334,admissions4-1,stu2-15application2-15,setStatus> 3.320431813859699E-5
<3335,stu1-11,gradebook1-8,readMyScores> 2.6443883652680254E-5
<3336,stu1-11,gradebook1-6,readMyScores> 7.158879631360358E-5
<3337,admissions4-0,stu4-12application4-12,setStatus> 1.517444659962349E-4
<3338,admissions2-1,stu0-7application0-7,read> 8.492053714315982E-5
<3339,admissions4-1,stu5-2application5-2,read> 1.1765403249269844E-4
<3340,stu1-12,gradebook1-2,readMyScores> 2.8746675930119075E-5
<3341,stu1-12,gradebook1-5,readMyScores> 3.472584824876863E-5
<3342,stu1-12,gradebook1-8,readMyScores> 2.669453657829808E-5
<3343,admissions4-0,stu1-3application1-3,setStatus> 1.2891582431636127E-4
<3344,stu4-3,gradebook4-2,addScore> 1.9310893202096024E-4
<3345,admissions2-1,application5-1,setStatus> 1.6852656336402883E-4
<3346,stu1-13,gradebook1-2,readMyScores> 2.901659776983851E-5
<3347,registrar0-1,roster3-8,read> 1.0767364173805999E-4
<3348,admissions0-0,stu0-14application0-14,setStatus> 1.2847895535357984E-4
<3349,stu4-0,gradebook4-7,addScore> 4.1278892759835883E-4
<3350,registrar4-1,roster0-2,write> 1.42071557866954E-4
<3351,admissions4-0,stu0-17application0-17,setStatus> 1.7364132638305246E-4
<3352,registrar4-1,roster0-1,write> 1.3984043246940327E-4
<3353,registrar4-1,roster0-6,write> 1.448604646138924E-4
<3354,registrar0-1,transcript4-6,read> 1.73781374413187E-4
<3355,registrar4-1,roster0-7,write> 1.4430268326450472E-4
<3356,admissions0-0,stu4-17application4-17,read> 8.367713706458109E-5
<3357,registrar4-1,roster0-4,write> 1.4374490191511704E-4
<3358,admissions0-1,stu1-11application1-11,setStatus> 1.7168784288852334E-4
<3359,registrar0-1,transcript4-4,read> 1.721160707653864E-4
<3360,admissions2-1,stu3-9application3-9,setStatus> 7.323756967783091E-5
<3361,registrar0-1,transcript4-3,read> 1.7128341894148615E-4
<3362,registrar0-1,transcript3-13,read> 2.928505852309266E-4
<3363,fac3-3,gradebook3-6,changeScore> 3.9978073518799693E-4
<3364,registrar0-1,transcript4-1,read> 1.7544667806098754E-4
<3365,registrar0-1,transcript4-0,read> 1.7461402623708726E-4
<3366,fac3-3,gradebook3-7,changeScore> 4.046143561675999E-4
<3367,registrar4-1,roster0-9,write> 1.5490052890287066E-4
<3368,admissions0-1,application0-0,setStatus> 6.857966662182905E-5
<3369,admissions4-1,stu5-10application5-10,read> 1.4823409420893326E-4
<3370,admissions4-1,stu0-17application0-17,setStatus> 1.7502217192088984E-4
<3371,admissions2-0,stu3-9application3-9,setStatus> 7.566365894252096E-5
<3372,registrar0-0,transcript4-3,read> 1.720782375908666E-4
<3373,registrar0-0,transcript4-6,read> 1.745877845032714E-4
<3374,admissions0-1,stu4-17application4-17,read> 8.339396570395646E-5
<3375,admissions0-1,stu2-13application2-13,setStatus> 1.1058670139714895E-4
<3376,registrar0-0,transcript4-0,read> 1.7542430014073963E-4
<3377,registrar0-0,transcript4-2,read> 1.7709733141567615E-4
<3378,registrar0-0,transcript4-1,read> 1.762608157782079E-4
<3379,registrar0-0,transcript4-7,read> 1.678956594035253E-4
<3380,registrar4-0,roster1-1,write> 1.4757906878512422E-4
<3381,registrar0-0,transcript4-9,read> 1.7040520631593007E-4
<3382,registrar4-0,roster0-2,write> 1.3989003682485105E-4
<3383,registrar4-0,roster0-1,write> 1.3769317055048726E-4
<3384,admissions4-1,stu2-7application2-7,setStatus> 8.673820996370092E-5
<3385,registrar4-0,roster0-7,write> 1.4208690309921483E-4
<3386,admissions2-1,application5-4,read> 1.510591513523969E-4
<3387,registrar0-1,transcript3-6,read> 6.636928913005124E-5
<3388,registrar4-0,roster0-8,write> 1.5142358476526082E-4
<3389,registrar4-0,roster0-9,write> 1.525220179024427E-4
<3390,admissions4-0,stu4-11application4-11,read> 1.4542465937608212E-4
<3391,registrar4-0,roster0-3,write> 1.387916036876692E-4
<3392,admissions0-1,stu1-5application1-5,read> 1.0307726199867777E-4
<3393,registrar4-0,roster0-5,write> 1.4098846996203295E-4
<3394,registrar4-0,roster0-6,write> 1.4263611966780577E-4
<3395,registrar4-0,roster1-5,read> 2.0141087401592074E-4
<3396,registrar4-0,roster1-6,read> 1.999005284522956E-4
<3397,registrar4-0,roster1-3,read> 1.9839018288867057E-4
<3398,registrar4-0,roster1-7,read> 2.0518673792498346E-4
<3399,admissions4-1,stu0-8application0-8,read> 1.197202528789305E-4
<3400,registrar4-0,roster1-1,read> 2.029212195795458E-4
<3401,registrar0-1,roster4-4,read> 8.863975466430525E-5
<3402,admissions2-1,stu3-16application3-16,setStatus> 3.11851499289924E-5
<3403,admissions2-0,stu4-2application4-2,read> 7.634538292484857E-5
<3404,admissions0-0,application5-4,read> 1.848363528970322E-4
<3405,admissions0-0,application5-3,read> 1.8339122124228294E-4
<3406,admissions0-0,application5-2,read> 1.8242780013911675E-4
<3407,admissions4-1,stu5-17application5-17,read> 1.0401697794356668E-4
<3408,admissions0-0,application5-1,read> 1.8146437903595054E-4
<3409,admissions0-0,application5-0,read> 1.809826684843674E-4
<3410,registrar4-1,roster1-4,read> 2.0071703755491818E-4
<3411,admissions4-1,stu3-6application3-6,read> 1.5484599944487593E-4
<3412,admissions2-0,stu3-4application3-4,setStatus> 4.5621585145032365E-5
<3413,registrar4-1,roster1-2,read> 2.0531873368736657E-4
<3414,admissions0-0,stu3-1application3-1,read> 1.5497029869888E-4
<3415,admissions2-0,stu3-16application3-16,setStatus> 3.221819837384515E-5
<3416,admissions0-1,application5-1,read> 1.808502863826986E-4
<3417,admissions0-1,application5-2,read> 1.818104471775631E-4
<3418,admissions4-1,stu3-18application3-18,setStatus> 1.482552260083379E-4
<3419,admissions0-1,stu5-1application5-1,setStatus> 3.311918272058499E-5
<3420,admissions0-1,stu5-5application5-5,setStatus> 9.585696193047832E-5
<3421,admissions0-1,stu0-16application0-16,read> 1.1459919153705124E-4
<3422,admissions4-0,stu2-14application2-14,setStatus> 5.064619569965163E-5
<3423,registrar0-1,transcript5-3,read> 2.4372412762081023E-4
<3424,admissions4-0,stu2-15application2-15,read> 2.8989268995795998E-5
<3425,admissions0-1,stu1-7application1-7,setStatus> 3.366472862675798E-5
<3426,admissions0-0,stu0-16application0-16,read> 1.1498832291748265E-4
<3427,admissions4-1,stu2-15application2-15,read> 2.9219799961965352E-5
<3428,admissions2-0,stu4-8application4-8,setStatus> 7.658803044398215E-5
<3429,admissions4-1,stu4-2application4-2,read> 7.756935699979605E-5
<3430,admissions4-0,stu4-8application4-8,read> 6.793772704553959E-5
<3431,admissions4-0,stu2-8application2-8,setStatus> 1.834250299601412E-4
<3432,admissions2-0,stu4-12application4-12,read> 1.324732204935719E-4
<3433,admissions2-0,stu2-11application2-11,setStatus> 6.318464367279494E-5
<3434,admissions4-1,stu2-8application2-8,setStatus> 1.8488367830972482E-4
<3435,admissions2-1,stu1-12application1-12,setStatus> 1.0589529990831189E-4
<3436,admissions4-0,stu3-1application3-1,read> 1.3189519500090798E-4
<3437,admissions4-1,stu2-14application2-14,setStatus> 5.1048948746964966E-5
<3438,admissions4-0,stu0-11application0-11,setStatus> 1.564033724615152E-4
<3439,registrar2-0,transcript4-7,read> 1.7409965605584953E-4
<3440,admissions2-1,stu2-11application2-11,setStatus> 6.115868315422836E-5
<3441,admissions0-0,stu1-7application1-7,setStatus> 3.377904009917481E-5
<3442,admissions4-0,stu5-17application5-17,read> 1.0319633117478114E-4
<3443,admissions2-0,stu1-12application1-12,setStatus> 1.0940321874585431E-4
<3444,admissions2-0,application3-0,setStatus> 1.1356289050242967E-4
<3445,admissions4-0,stu4-15application4-15,setStatus> 1.1045490744768793E-5
<3446,admissions4-1,stu2-13application2-13,setStatus> 9.519092972555945E-5
<3447,admissions2-0,stu0-9application0-9,read> 8.895381020477918E-5
<3448,admissions2-0,application3-2,setStatus> 1.1541163350535203E-4
<3449,admissions2-0,application3-4,setStatus> 1.1448726200389086E-4
<3450,admissions2-0,application3-3,setStatus> 1.1494944775462145E-4
<3451,admissions2-1,application3-0,setStatus> 1.0992159541617942E-4
<3452,admissions4-1,stu0-0application0-0,setStatus> 1.135051558762529E-4
<3453,admissions4-1,stu4-15application4-15,setStatus> 1.1133327649299758E-5
<3454,stu1-19,gradebook1-9,readScore> 6.590746620793065E-5
<3455,admissions0-1,stu2-2application2-2,setStatus> 2.9300361377374094E-5
<3456,admissions0-1,stu3-5application3-5,setStatus> 1.187698899897437E-4
<3457,admissions2-1,application3-4,setStatus> 1.1081632775126107E-4
<3458,admissions0-0,stu0-11application0-11,setStatus> 1.8376618911482203E-4
<3459,admissions2-1,application3-3,setStatus> 1.1126369391880194E-4
<3460,admissions4-0,application4-3,setStatus> 1.3357473078164157E-4
<3461,admissions2-1,application3-2,setStatus> 1.1171106008634275E-4
<3462,admissions4-0,stu0-0application0-0,setStatus> 1.1260965168788007E-4
<3463,admissions2-1,stu1-18application1-18,read> 8.80699949626473E-5
<3464,admissions4-0,stu5-1application5-1,read> 2.4889431306349304E-5
<3465,admissions0-0,stu2-2application2-2,setStatus> 2.939985326660117E-5
<3466,admissions2-1,stu3-12application3-12,read> 5.539437008546471E-5
<3467,admissions0-0,stu3-5application3-5,setStatus> 1.1917318333436083E-4
<3468,stu2-4,stu2-4application2-4,checkStatus> 3.1797022118416196E-4
<3469,admissions2-0,stu1-18application1-18,read> 9.09874275079938E-5
<3470,admissions0-1,stu1-19application1-19,setStatus> 4.839446809342859E-5
<3471,admissions2-1,stu3-9application3-9,read> 6.44490613164912E-5
<3472,registrar4-0,transcript4-13,read> 3.5649548331496994E-4
<3473,admissions2-0,stu3-16application3-16,read> 2.835201456898373E-5
<3474,admissions2-0,stu3-12application3-12,read> 5.722938027463123E-5
<3475,admissions0-1,stu2-4application2-4,read> 3.058512198641148E-5
<3476,admissions4-1,application4-2,setStatus> 1.3181938202694635E-4
<3477,admissions4-1,application4-1,setStatus> 1.3275857311159726E-4
<3478,admissions0-0,stu1-19application1-19,setStatus> 4.855879565911086E-5
<3479,admissions0-0,stu0-5application0-5,read> 1.5545200925046312E-4
<3480,admissions4-0,application4-1,setStatus> 1.3171116819552943E-4
<3481,admissions4-1,stu2-0application2-0,read> 8.252828592675304E-5
<3482,admissions0-0,stu5-13application5-13,setStatus> 2.0456732656954688E-4
<3483,admissions2-1,stu4-7application4-7,setStatus> 3.342198076669657E-5
<3484,admissions2-0,stu4-9application4-9,read> 9.749500287828055E-5
<3485,admissions4-0,application5-0,setStatus> 1.750389983226365E-4
<3486,admissions0-1,stu3-1application3-1,read> 1.544458645239261E-4
<3487,admissions4-0,application5-1,setStatus> 1.7550488896916458E-4
<3488,admissions0-1,stu5-13application5-13,setStatus> 2.0387505135272945E-4
<3489,admissions2-1,stu4-9application4-9,read> 9.436891060162227E-5
<3490,admissions2-0,stu4-7application4-7,setStatus> 3.452912712749812E-5
<3491,stu0-9,transcript0-9,read> 4.8020990993026145E-4
<3492,admissions4-1,application5-1,setStatus> 1.7690055409019174E-4
<3493,admissions4-1,application5-2,setStatus> 1.778397451748427E-4
<3494,admissions4-1,application5-4,setStatus> 1.8018772288647006E-4
<3495,admissions2-0,stu2-0application2-0,setStatus> 9.230234596882234E-5
<3496,admissions4-0,stu0-8application0-8,read> 1.1877571439467857E-4
<3497,admissions2-1,stu0-9application0-9,read> 8.610158382546762E-5
<3498,stu2-19,gradebook2-1,addScore> 3.577743301170371E-4
<3499,admissions2-0,stu3-7application3-7,read> 1.1701772898914084E-4
<3500,fac1-3,gradebook1-7,assignGrade> 2.532615992437814E-4
<3501,admissions2-0,stu3-8application3-8,read> 1.288127093477856E-4
<3502,admissions0-0,application5-1,setStatus> 2.06209521631762E-4
<3503,admissions4-0,stu3-15application3-15,read> 1.1549584424312123E-4
<3504,admissions4-1,stu0-0application0-0,read> 9.988453717110253E-5
<3505,admissions4-0,stu4-1application4-1,setStatus> 1.6898241991777213E-4
<3506,admissions4-0,stu0-0application0-0,read> 9.909649348533444E-5
<3507,admissions4-1,stu5-18application5-18,read> 9.409912008965271E-5
<3508,admissions2-1,stu2-3application2-3,setStatus> 5.7132387646360854E-5
<3509,admissions4-0,stu5-18application5-18,read> 9.335672072010909E-5
<3510,admissions2-0,stu0-5application0-5,setStatus> 1.4915119330868542E-4
<3511,admissions2-1,stu2-2application2-2,read> 2.1144016298538344E-5
<3512,admissions0-1,stu1-0application1-0,read> 1.7700964320324075E-4
<3513,admissions2-1,stu3-1application3-1,setStatus> 1.439214241492829E-4
<3514,admissions2-1,stu0-5application0-5,setStatus> 1.4436879031682375E-4
<3515,admissions4-1,stu2-8application2-8,read> 1.6269763691255783E-4
<3516,admissions4-0,stu5-2application5-2,read> 1.1672579554995525E-4
<3517,admissions2-0,stu2-2application2-2,read> 2.1844439198696962E-5
<3518,registrar4-0,transcript4-14,read> 3.6045975603572023E-4
<3519,admissions2-1,stu2-18application2-18,setStatus> 1.3497410079846617E-4
<3520,admissions2-0,stu2-3application2-3,setStatus> 5.902497191621959E-5
<3521,registrar4-0,transcript3-11,read> 3.505490742338446E-4
<3522,registrar2-0,transcript5-11,read> 2.4034932795752533E-5
<3523,registrar2-1,transcript3-18,read> 3.003409098169251E-4
<3524,registrar2-0,transcript5-12,read> 2.5769785087776775E-5
<3525,stu2-15,gradebook2-5,addScore> 6.568707417928529E-4
<3526,registrar2-0,transcript5-13,read> 2.3167506649740415E-5
<3527,fac2-4,gradebook2-8,addScore> 3.188091332035577E-4
<3528,admissions2-0,stu2-18application2-18,setStatus> 1.394452925433429E-4
<3529,registrar2-0,transcript5-14,read> 2.230008050372829E-5
<3530,registrar2-0,transcript5-10,read> 2.7504637379801017E-5
<3531,admissions4-0,stu5-17application5-17,setStatus> 1.172685581531604E-4
<3532,registrar4-1,transcript4-13,read> 3.620548670703691E-4
<3533,admissions0-1,stu1-10application1-10,read> 1.0403742279354222E-4
<3534,stu5-11,transcript5-11,read> 1.1400913605984428E-4
<3535,admissions4-0,stu5-9application5-9,setStatus> 2.409042884755373E-5
<3536,admissions4-1,stu1-13application1-13,setStatus> 1.1303556033392743E-4
<3537,admissions2-0,stu5-10application5-10,setStatus> 1.6578988033498677E-4
<3538,registrar2-1,transcript5-14,read> 2.2399412710871846E-5
<3539,admissions2-0,stu3-15application3-15,read> 1.145773882252833E-4
<3540,admissions0-0,stu2-11application2-11,setStatus> 7.483391665455273E-5
<3541,registrar2-1,transcript5-15,read> 2.1528122751291744E-5
<3542,registrar2-1,transcript5-12,read> 2.5884572549192266E-5
<3543,registrar4-1,transcript3-13,read> 3.5400267959469315E-4
<3544,registrar2-1,transcript5-13,read> 2.3270702670451954E-5
<3545,registrar2-1,transcript5-10,read> 2.7627152468352476E-5
<3546,registrar4-1,transcript3-11,read> 3.5601572646361214E-4
<3547,registrar2-1,transcript5-11,read> 2.4141992630032056E-5
<3548,admissions0-0,stu1-10application1-10,read> 1.0439069078265443E-4
<3549,admissions0-0,stu4-8application4-8,setStatus> 9.070846892263217E-5
<3550,admissions4-1,stu5-9application5-9,setStatus> 2.4282002834413008E-5
<3551,registrar4-1,transcript4-17,read> 3.670874842426666E-4
<3552,registrar2-0,transcript5-19,read> 1.622809748164344E-5
<3553,stu0-8,gradebook0-7,readScore> 2.5150173588742892E-5
<3554,registrar4-0,transcript3-18,read> 3.416294606121564E-4
<3555,registrar2-0,transcript5-18,read> 1.796294977366768E-5
<3556,registrar2-0,transcript5-17,read> 1.8830375919679802E-5
<3557,admissions0-0,stu0-1application0-1,read> 1.4792528188197715E-5
<3558,registrar2-0,transcript5-16,read> 1.9697802065691923E-5
<3559,registrar4-0,transcript3-15,read> 3.465848015130943E-4
<3560,admissions0-0,stu0-5application0-5,setStatus> 1.766500105118899E-4
<3561,registrar2-0,transcript5-15,read> 2.143265435771617E-5
<3562,admissions0-0,stu5-18application5-18,setStatus> 1.2464716687507788E-4
<3563,registrar0-1,transcript2-17,read> 2.861893706397244E-4
<3564,registrar4-1,transcript3-17,read> 3.4897006242239574E-4
<3565,registrar2-1,transcript5-17,read> 1.891425287255143E-5
<3566,admissions0-1,stu0-1application0-1,read> 1.4742468871147976E-5
<3567,admissions0-1,stu5-9application5-9,setStatus> 2.8209269565028123E-5
<3568,registrar2-1,transcript5-16,read> 1.978554283213153E-5
<3569,registrar2-1,transcript5-19,read> 1.6300382993811117E-5
<3570,registrar2-1,transcript5-18,read> 1.8042962912971327E-5
<3571,fac2-1,gradebook2-2,addScore> 3.48127512031057E-4
<3572,admissions0-1,stu5-18application5-18,setStatus> 1.2422534905147357E-4
<3573,admissions4-1,stu5-17application5-17,setStatus> 1.182011112995076E-4
<3574,admissions2-1,stu0-6application0-6,setStatus> 4.9527162798166646E-5
<3575,registrar2-1,transcript0-17,read> 2.785586608274225E-4
<3576,admissions4-0,stu1-18application1-18,setStatus> 1.0422362005037547E-4
<3577,stu1-6,stu1-6application1-6,checkStatus> 2.530868274565893E-4
<3578,admissions0-0,application3-1,read> 1.1787858622698126E-4
<3579,admissions0-0,stu0-12application0-12,setStatus> 5.512757590797132E-5
<3580,admissions0-1,application0-1,setStatus> 6.639748299713713E-5
<3581,admissions0-1,application0-2,setStatus> 6.585193709096413E-5
<3582,admissions0-1,stu1-2application1-2,read> 1.5012514094703608E-4
<3583,admissions2-1,stu1-13application1-13,setStatus> 1.0768476457847523E-4
<3584,admissions2-1,application5-3,read> 1.498781046700891E-4
<3585,admissions2-1,application5-2,read> 1.4909074021521727E-4
<3586,registrar0-1,transcript3-0,read> 6.0540726362749306E-5
<3587,registrar0-1,transcript3-3,read> 6.137337818664958E-5
<3588,registrar0-1,transcript3-4,read> 6.470398548225067E-5
<3589,registrar0-1,transcript3-1,read> 5.970807453884902E-5
<3590,registrar0-1,transcript3-2,read> 6.303868183445014E-5
<3591,admissions2-0,stu0-6application0-6,setStatus> 5.11678141537995E-5
<3592,registrar0-1,roster4-1,read> 1.1401827076264492E-4
<3593,admissions0-0,stu3-0application3-0,read> 7.211608382658669E-5
<3594,registrar0-1,transcript3-7,read> 6.553663730615097E-5
<3595,registrar0-1,transcript3-8,read> 5.7210119067148186E-5
<3596,registrar0-1,transcript3-5,read> 6.38713336583504E-5
<3597,registrar0-1,roster5-4,read> 9.371545788397318E-5
<3598,registrar0-1,transcript3-9,read> 5.6377467243247916E-5
<3599,registrar0-1,roster5-6,read> 9.625330949380714E-5
<3600,registrar0-1,roster5-7,read> 1.013290127134751E-4
<3601,registrar0-1,roster5-8,read> 1.0006008690855811E-4
<3602,admissions0-1,application0-4,setStatus> 6.69430289033101E-5
<3603,registrar0-1,roster5-9,read> 1.0323240142085056E-4
<3604,stu4-15,stu4-15application4-15,checkStatus> 1.1832900971470774E-4
<3605,admissions0-0,application0-0,setStatus> 6.881253475976397E-5
<3606,admissions0-0,application0-1,setStatus> 6.662294134347714E-5
<3607,admissions0-0,stu0-7application0-7,read> 1.0390898023107133E-4
<3608,registrar0-0,transcript3-0,read> 6.0821657807588056E-5
<3609,registrar0-0,transcript3-1,read> 5.998514217011979E-5
<3610,registrar0-0,transcript3-2,read> 6.333120471999284E-5
<3611,registrar0-0,transcript3-4,read> 6.500423599492934E-5
<3612,registrar0-0,transcript3-5,read> 6.41677203574611E-5
<3613,registrar0-0,transcript3-6,read> 6.667726726986588E-5
<3614,registrar0-0,transcript3-7,read> 6.584075163239762E-5
<3615,registrar0-0,transcript3-8,read> 5.747559525771501E-5
<3616,registrar0-1,transcript2-18,read> 2.878546742875249E-4
<3617,registrar0-0,transcript3-9,read> 5.6639079620246754E-5
<3618,admissions2-0,stu4-0application4-0,setStatus> 5.486530015964424E-5
<3619,admissions0-0,application0-4,setStatus> 6.717033969754884E-5
<3620,fac4-4,gradebook4-9,addScore> 2.3695323297654206E-4
<3621,admissions0-0,application0-3,setStatus> 6.771773805162055E-5
<3622,admissions2-0,stu1-11application1-11,read> 1.2799926242649975E-4
<3623,admissions0-0,stu0-15application0-15,read> 1.1354319126273333E-4
<3624,admissions0-1,stu0-7application0-7,read> 1.0355734239611001E-4
<3625,registrar0-1,roster5-3,read> 9.43499207864317E-5
<3626,admissions2-0,stu3-1application3-1,setStatus> 1.486890075579548E-4
<3627,registrar0-1,roster5-2,read> 1.1274934495772795E-4
<3628,registrar0-1,roster5-1,read> 1.1211488205526947E-4
<3629,admissions0-1,stu0-12application0-12,setStatus> 5.494101896750441E-5
<3630,registrar4-0,roster1-3,write> 1.4428376937357861E-4
<3631,registrar4-0,roster1-2,write> 1.4702985221653328E-4
<3632,stu0-2,transcript0-2,read> 7.188576052615445E-4
<3633,registrar4-0,roster1-4,write> 1.4373455280498765E-4
<3634,registrar4-0,roster1-7,write> 1.4922671849089707E-4
<3635,registrar4-0,roster1-9,write> 1.5032515162807894E-4
<3636,registrar0-0,roster5-7,read> 1.0179921694880444E-4
<3637,registrar0-0,roster5-8,read> 1.005244028570897E-4
<3638,registrar0-0,roster5-5,read> 9.797477467366022E-5
<3639,registrar0-1,roster3-9,write> 7.876953064764982E-5
<3640,registrar0-0,roster5-6,read> 9.669996058194548E-5
<3641,registrar4-1,roster1-4,write> 1.4597602731266778E-4
<3642,admissions0-1,stu0-10application0-10,setStatus> 2.1260378585149725E-4
<3643,registrar0-0,roster5-3,read> 9.478773944437337E-5
<3644,registrar4-1,roster1-2,write> 1.4932271540899386E-4
<3645,registrar4-1,roster1-1,write> 1.4988049675838155E-4
<3646,stu4-18,stu4-18application4-18,checkStatus> 9.83648885677623E-5
<3647,registrar4-1,roster0-9,read> 2.1298822724144715E-4
<3648,registrar4-1,roster1-7,write> 1.5155384080654455E-4
<3649,registrar4-1,roster1-6,write> 1.4764937136083078E-4
<3650,admissions0-0,stu3-1application3-1,setStatus> 1.7610261215781817E-4
<3651,admissions2-1,stu2-0application2-0,read> 7.862162150418485E-5
<3652,admissions0-0,stu5-8application5-8,setStatus> 2.0949391175619227E-4
<3653,admissions2-0,stu2-0application2-0,read> 8.122606445256365E-5
<3654,fac4-1,gradebook4-2,addScore> 1.5905219729306103E-4
<3655,admissions2-1,stu4-0application4-0,setStatus> 5.310609213849333E-5
<3656,fac4-2,gradebook4-5,addScore> 2.180092969041136E-4
<3657,admissions0-0,stu0-2application0-2,read> 8.048580466034305E-6
<3658,admissions4-1,application1-3,setStatus> 2.0994834038134694E-5
<3659,registrar2-1,transcript5-1,read> 2.5154867208043925E-4
<3660,admissions4-1,application1-2,setStatus> 2.052523849580922E-5
<3661,admissions4-1,application1-4,setStatus> 1.3481305360927125E-5
<3662,admissions4-1,application1-1,setStatus> 1.958604741115827E-5
<3663,admissions0-1,stu4-10application4-10,read> 2.8184719999250338E-5
<3664,admissions4-1,application1-0,setStatus> 1.8646856326507324E-5
<3665,admissions4-1,stu1-17application1-17,setStatus> 5.6214499712545175E-5
<3666,admissions4-0,stu4-2application4-2,read> 7.69573699623223E-5
<3667,registrar2-1,transcript5-0,read> 2.5416254195917957E-4
<3668,admissions4-0,application1-4,setStatus> 1.3374943977408959E-5
<3669,registrar2-0,transcript5-2,read> 2.5477028763497685E-4
<3670,admissions4-0,application1-3,setStatus> 2.0829194321857494E-5
<3671,admissions4-0,application1-2,setStatus> 2.036330367532946E-5
<3672,admissions4-0,application1-1,setStatus> 1.9431522382273395E-5
<3673,admissions0-0,stu5-17application5-17,setStatus> 1.3778472737279883E-4
<3674,admissions4-0,application1-0,setStatus> 1.8499741089217327E-5
<3675,registrar2-0,transcript5-6,read> 2.582399922190253E-4
<3676,admissions0-0,stu5-13application5-13,read> 1.8001924738120126E-4
<3677,registrar2-0,transcript5-8,read> 2.599748445110496E-4
<3678,registrar2-1,roster5-7,write> 7.711349459401354E-5
<3679,registrar2-0,transcript5-9,read> 2.5910741836503745E-4
<3680,admissions0-1,stu0-6application0-6,setStatus> 6.0396478029234275E-5
<3681,admissions4-1,stu5-19application5-19,setStatus> 2.944755379999321E-5
<3682,registrar0-1,transcript2-10,read> 2.76197548752921E-4
<3683,stu0-7,gradebook0-8,readScore> 1.5554283679208166E-5
<3684,admissions4-0,stu1-16application1-16,setStatus> 1.0329183875731942E-4
<3685,admissions4-1,stu2-18application2-18,read> 1.246791818058875E-4
<3686,registrar0-0,transcript2-17,read> 2.8751739556148644E-4
<3687,registrar2-0,transcript0-17,read> 2.77323367431292E-4
<3688,registrar0-0,transcript2-16,read> 2.850078486490817E-4
<3689,admissions0-0,stu0-6application0-6,setStatus> 6.0601559448688376E-5
<3690,registrar0-0,transcript2-14,read> 2.816617860992086E-4
<3691,registrar2-0,transcript0-14,read> 2.84262776599389E-4
<3692,registrar0-0,transcript2-12,read> 2.7915223918680384E-4
<3693,registrar0-0,transcript2-11,read> 2.783157235493356E-4
<3694,admissions4-1,stu5-6application5-6,setStatus> 2.803876717301679E-5
<3695,registrar2-0,transcript0-19,read> 2.755885151392678E-4
<3696,registrar0-0,transcript2-18,read> 2.8919042683642296E-4
<3697,admissions0-0,stu4-10application4-10,read> 2.828042363252453E-5
<3698,admissions4-0,stu1-17application1-17,setStatus> 5.5770992811460006E-5
<3699,admissions4-1,stu0-18application0-18,setStatus> 1.8394448722507383E-4
<3700,registrar0-1,transcript2-15,read> 2.8119345969632273E-4
<3701,registrar2-1,transcript0-15,read> 2.846576905444832E-4
<3702,registrar2-1,transcript0-18,read> 2.776873708678424E-4
<3703,admissions0-1,stu5-4application5-4,setStatus> 6.803412071565608E-5
<3704,registrar0-1,transcript2-13,read> 2.786955042246219E-4
<3705,registrar2-1,transcript0-13,read> 2.864002704636434E-4
<3706,admissions4-0,stu4-10application4-10,read> 2.406946376845996E-5
<3707,registrar2-1,transcript1-14,read> 3.37261821854132E-5
<3708,admissions0-0,stu2-17application2-17,setStatus> 1.1698358991807399E-4
<3709,registrar2-1,transcript1-15,read> 3.111231230667289E-5
<3710,registrar2-1,transcript1-12,read> 3.721134202373362E-5
<3711,stu0-19,gradebook0-7,readMyScores> 1.4811034112929811E-5
<3712,registrar2-1,transcript1-13,read> 3.28548922258331E-5
<3713,registrar0-1,transcript3-18,read> 2.870220224636246E-4
<3714,registrar2-1,transcript1-19,read> 2.8498442427932574E-5
<3715,stu0-19,gradebook0-6,readMyScores> 1.5571929397156854E-5
<3716,stu0-19,gradebook0-3,readMyScores> 1.3229352656086077E-5
<3717,registrar0-1,transcript3-17,read> 2.886873261114253E-4
<3718,registrar2-1,transcript1-17,read> 2.936973238751268E-5
<3719,stu0-19,gradebook0-4,readMyScores> 1.4618146693768259E-5
<3720,admissions0-1,stu1-6application1-6,read> 2.4344076819792524E-5
<3721,registrar4-0,roster0-3,read> 1.908384550705451E-4
<3722,registrar4-0,roster0-1,read> 1.8932810950692E-4
<3723,registrar0-1,transcript0-19,read> 2.645404232183172E-4
<3724,admissions0-1,stu4-5application4-5,setStatus> 8.440049790084563E-5
<3725,admissions0-0,stu2-15application2-15,read> 3.4060950251521746E-5
<3726,admissions0-0,stu3-11application3-11,setStatus> 1.350477356024403E-4
<3727,registrar4-0,roster0-8,read> 2.0820742905223362E-4
<3728,admissions0-0,stu5-4application5-4,setStatus> 6.826513640569225E-5
<3729,registrar4-0,roster0-9,read> 2.097177746158587E-4
<3730,registrar4-0,roster0-7,read> 1.9536949176142038E-4
<3731,stu0-6,gradebook0-9,readScore> 2.9850933602915124E-5
<3732,admissions0-0,stu2-16application2-16,setStatus> 1.1205700473142867E-4
<3733,stu0-18,gradebook0-6,readMyScores> 1.5644865834614266E-5
<3734,admissions4-0,stu5-19application5-19,setStatus> 2.92152259593621E-5
<3735,admissions0-0,stu3-8application3-8,read> 1.5256174594096452E-4
<3736,stu0-18,gradebook0-9,readMyScores> 1.999720023016879E-5
<3737,admissions0-1,stu2-17application2-17,setStatus> 1.1658770636505178E-4
<3738,stu4-5,gradebook4-4,readMyScores> 8.295586630703634E-5
<3739,stu0-18,gradebook0-2,readMyScores> 1.5649848688489323E-5
<3740,admissions4-1,stu3-7application3-7,read> 1.1889376472443769E-4
<3741,stu0-18,gradebook0-4,readMyScores> 1.4686615764933449E-5
<3742,registrar4-1,roster0-3,read> 1.938144933562456E-4
<3743,admissions4-0,stu5-6application5-6,setStatus> 2.7817554019777996E-5
<3744,admissions2-0,stu2-14application2-14,setStatus> 5.024344265233831E-5
<3745,admissions0-1,stu2-15application2-15,read> 3.394568476843707E-5
<3746,registrar4-1,roster0-5,read> 1.9688229077787788E-4
<3747,registrar4-1,roster0-6,read> 1.9918313884410206E-4
<3748,registrar4-1,roster0-8,read> 2.1145432853063106E-4
<3749,registrar0-0,transcript0-17,read> 2.674410202622482E-4
<3750,admissions0-0,stu2-5application2-5,setStatus> 1.4818529610016124E-4
<3751,admissions0-1,stu1-3application1-3,read> 1.3284224663947586E-4
<3752,admissions0-1,stu5-13application5-13,read> 1.7941004519040192E-4
<3753,stu0-17,gradebook0-2,readMyScores> 1.5430969685853108E-5
<3754,stu0-17,gradebook0-5,readMyScores> 2.9216621535098914E-5
<3755,stu0-17,gradebook0-6,readMyScores> 1.5426056522242037E-5
<3756,registrar2-0,transcript1-10,read> 3.964860342397072E-5
<3757,admissions0-1,application5-1,setStatus> 2.0551168907124843E-4
<3758,admissions0-1,application5-2,setStatus> 2.0660278088359445E-4
<3759,admissions4-1,stu3-8application3-8,read> 1.3087784296458377E-4
<3760,admissions4-1,stu4-10application4-10,read> 2.4260871035008357E-5
<3761,stu0-16,gradebook0-9,readMyScores> 1.9810746148768614E-5
<3762,stu0-4,gradebook0-7,readScore> 2.4806239590948117E-5
<3763,registrar2-0,transcript1-19,read> 2.8372063525813135E-5
<3764,registrar2-0,transcript1-15,read> 3.097434196384951E-5
<3765,registrar0-0,transcript3-16,read> 2.9169997374882775E-4
<3766,registrar2-0,transcript1-16,read> 3.1841768109861627E-5
<3767,registrar0-0,roster3-2,read> 1.0116180990294706E-4
<3768,registrar2-0,transcript1-17,read> 2.9239489671825266E-5
<3769,stu0-16,gradebook0-2,readMyScores> 1.5503929353398515E-5
<3770,registrar0-0,transcript3-18,read> 2.883539111989547E-4
<3771,registrar2-0,transcript1-18,read> 3.0106915817837384E-5
<3772,registrar0-0,transcript3-12,read> 2.950460362987008E-4
<3773,registrar2-0,transcript4-1,read> 1.8277391751597076E-4
<3774,admissions2-1,stu4-11application4-11,read> 1.396423667567548E-4
<3775,registrar2-0,transcript1-12,read> 3.7046324985934354E-5
<3776,stu0-16,gradebook0-5,readMyScores> 2.935476158963839E-5
<3777,registrar2-0,transcript1-13,read> 3.2709194255873744E-5
<3778,registrar2-0,transcript1-14,read> 3.357662040188587E-5
<3779,registrar0-1,transcript3-11,read> 2.9451588887872716E-4
<3780,registrar2-1,transcript1-11,read> 3.546876210457342E-5
<3781,registrar0-1,transcript3-10,read> 2.9618119252652767E-4
<3782,registrar2-1,transcript1-10,read> 3.982521190247393E-5
<3783,admissions0-0,application5-3,setStatus> 2.0839911504804881E-4
<3784,admissions0-0,stu1-6application1-6,read> 2.442673921985973E-5
<3785,admissions0-0,application5-2,setStatus> 2.073043183399054E-4
<3786,admissions0-1,stu3-11application3-11,setStatus> 1.3459072126876032E-4
<3787,admissions4-0,stu0-13application0-13,read> 1.351750651524654E-4
<3788,stu2-2,stu2-2application2-2,checkStatus> 2.680599183167983E-4
<3789,registrar2-1,transcript4-0,read> 1.8271676527361103E-4
<3790,stu2-6,gradebook2-1,readScore> 2.0445080262676373E-4
<3791,admissions0-0,stu4-3application4-3,setStatus> 2.1387309858876587E-4
<3792,admissions2-1,stu4-6application4-6,setStatus> 5.26587259709525E-5
<3793,stu0-15,gradebook0-3,readMyScores> 1.2981495931850272E-5
<3794,stu0-15,gradebook0-6,readMyScores> 1.5280183647327217E-5
<3795,registrar0-0,roster3-7,write> 7.820791299019694E-5
<3796,registrar0-0,roster3-6,write> 7.77443442295734E-5
<3797,registrar0-0,roster3-5,write> 7.728077546894986E-5
<3798,registrar0-0,roster3-9,write> 7.913505051144403E-5
<3799,registrar0-0,roster3-8,write> 7.867148175082049E-5
<3800,registrar0-0,roster3-2,write> 7.35722253839615E-5
<3801,stu0-14,gradebook0-2,readMyScores> 1.5358010018307704E-5
<3802,admissions0-1,stu5-14application5-14,setStatus> 3.530136634527694E-5
<3803,admissions4-1,stu4-14application4-14,read> 1.296381107328445E-4
<3804,admissions0-1,stu3-0application3-0,read> 7.187203616558303E-5
<3805,admissions4-0,stu2-3application2-3,read> 5.2358343825642154E-5
<3806,stu0-14,gradebook0-8,readMyScores> 1.736502648162473E-5
<3807,admissions0-0,stu3-9application3-9,setStatus> 8.961367221448875E-5
<3808,registrar2-1,roster4-7,write> 6.890522279793801E-5
<3809,registrar2-1,roster4-6,write> 7.035374135018662E-5
<3810,registrar2-1,roster4-1,write> 8.677028494233768E-5
<3811,admissions2-1,stu2-14application2-14,setStatus> 4.8632430463084975E-5
<3812,registrar2-1,roster4-4,write> 6.745670424568939E-5
<3813,registrar2-1,roster4-3,write> 8.773596397717009E-5
<3814,registrar2-1,roster4-2,write> 8.72531244597539E-5
<3815,admissions2-1,stu5-9application5-9,read> 2.0356651843666473E-5
<3816,admissions2-1,stu4-12application4-12,setStatus> 1.4571088881944622E-4
<3817,stu0-13,gradebook0-4,readMyScores> 1.420733226677711E-5
<3818,admissions0-1,stu2-2application2-2,read> 2.5784318012089202E-5
<3819,stu0-13,gradebook0-3,readMyScores> 1.2857567569732372E-5
<3820,stu0-13,gradebook0-7,readMyScores> 1.4394798962215155E-5
<3821,admissions4-0,stu4-14application4-14,read> 1.2861532484935065E-4
<3822,admissions0-1,stu3-9application3-9,setStatus> 8.93104110564025E-5
<3823,admissions0-0,stu4-5application4-5,setStatus> 8.46870870278434E-5
<3824,admissions2-0,stu5-9application5-9,read> 2.103099227741112E-5
<3825,admissions4-1,stu2-10application2-10,read> 1.0029778124834895E-4
<3826,stu0-12,gradebook0-7,readMyScores> 1.4464171487334262E-5
<3827,stu0-12,gradebook0-5,readMyScores> 2.880220137148049E-5
<3828,stu0-12,gradebook0-8,readMyScores> 1.7200038106502408E-5
<3829,admissions2-0,stu0-2application0-2,read> 6.795671154908832E-6
<3830,admissions2-1,stu5-5application5-5,read> 6.91732480457224E-5
<3831,admissions4-1,stu4-6application4-6,setStatus> 5.5275308627894225E-5
<3832,stu0-11,gradebook0-7,readMyScores> 1.4256053911976934E-5
<3833,stu0-11,gradebook0-9,readMyScores> 1.9158156863868E-5
<3834,fac0-4,gradebook0-9,addScore> 3.862932469932194E-5
<3835,stu0-11,gradebook0-3,readMyScores> 1.2733639207614465E-5
<3836,stu2-4,gradebook2-8,readScore> 2.0607048486335968E-4
<3837,admissions2-1,stu2-13application2-13,read> 7.980266818649267E-5
<3838,admissions4-0,stu0-18application0-18,setStatus> 1.8249324866708507E-4
<3839,admissions2-1,stu3-17application3-17,setStatus> 1.2692150978273117E-4
<3840,admissions0-1,stu2-19application2-19,setStatus> 1.264075326761655E-4
<3841,admissions2-0,stu5-5application5-5,read> 7.146470139713351E-5
<3842,admissions0-0,stu4-4application4-4,setStatus> 1.5037488951644801E-4
<3843,fac0-3,gradebook0-7,addScore> 3.20902703299589E-5
<3844,stu0-10,gradebook0-7,readMyScores> 1.4325426437096044E-5
<3845,fac0-3,gradebook0-6,addScore> 1.5756603946754E-4
<3846,stu0-10,gradebook0-4,readMyScores> 1.4138863195611922E-5
<3847,stu2-1,gradebook2-7,readScore> 2.132380107248938E-4
<3848,stu0-10,gradebook0-3,readMyScores> 1.2795603388673419E-5
<3849,admissions0-0,stu2-2application2-2,read> 2.587187087460903E-5
<3850,stu0-10,gradebook0-1,readMyScores> 2.841450141641944E-5
<3851,admissions2-0,stu4-12application4-12,setStatus> 1.5053775056087716E-4
<3852,registrar0-1,roster3-1,write> 7.415525499340623E-5
<3853,registrar0-1,roster3-3,write> 7.600096525510366E-5
<3854,admissions2-0,stu2-16application2-16,read> 8.325968175577828E-5
<3855,admissions2-0,stu2-19application2-19,setStatus> 1.0709228999220134E-4
<3856,registrar0-1,roster3-5,write> 7.692382038595238E-5
<3857,registrar0-1,roster3-7,write> 7.78466755168011E-5
<3858,admissions4-1,stu0-13application0-13,read> 1.3625001596878717E-4
<3859,registrar0-1,roster3-8,write> 7.830810308222545E-5
<3860,admissions0-1,stu5-7application5-7,setStatus> 9.660708755146617E-6
<3861,admissions0-1,stu4-3application4-3,setStatus> 2.1314933175767026E-4
<3862,admissions4-0,stu4-6application4-6,setStatus> 5.483921151840393E-5
<3863,admissions2-1,stu0-2application0-2,read> 6.577773883408748E-6
<3864,admissions4-0,stu1-8application1-8,setStatus> 1.1913212073927253E-4
<3865,admissions4-0,stu1-14application1-14,setStatus> 1.582669350476273E-4
<3866,admissions2-1,stu1-2application1-2,setStatus> 1.398951286414154E-4
<3867,admissions0-0,stu0-8application0-8,setStatus> 1.585858648275236E-4
<3868,stu4-6,gradebook4-7,readMyScores> 8.280701232630223E-5
<3869,stu3-15,gradebook3-6,addScore> 8.200508467060025E-5
<3870,admissions0-0,stu3-19application3-19,read> 1.4581779821880108E-4
<3871,admissions2-0,stu5-1application5-1,setStatus> 2.80585266172698E-5
<3872,admissions4-0,stu3-5application3-5,read> 8.925688303066239E-5
<3873,admissions0-0,stu5-15application5-15,setStatus> 4.417960882653722E-5
<3874,fac4-1,gradebook4-3,readScore> 1.755931543891614E-4
<3875,admissions0-0,stu0-14application0-14,read> 1.1306148071115026E-4
<3876,admissions0-0,stu0-10application0-10,setStatus> 2.1332570023469417E-4
<3877,stu4-1,gradebook4-8,readMyScores> 1.3548082281157733E-4
<3878,stu3-14,gradebook3-2,addScore> 1.5705116299739356E-4
<3879,stu4-5,gradebook4-6,readMyScores> 1.5617615091533866E-4
<3880,admissions4-0,stu0-18application0-18,read> 1.6059405882703484E-4
<3881,stu4-5,gradebook4-3,readMyScores> 1.3283557184568085E-4
<3882,admissions2-1,stu5-12application5-12,setStatus> 7.726386518569843E-5
<3883,admissions0-1,stu0-14application0-14,read> 1.1267886994732234E-4
<3884,fac4-2,gradebook4-5,readScore> 8.031921464888394E-5
<3885,registrar0-0,transcript1-11,read> 3.4053157408603744E-5
<3886,registrar0-0,transcript1-12,read> 3.5726188683540265E-5
<3887,stu3-13,gradebook3-7,readScore> 2.4034822778577627E-5
<3888,stu3-13,gradebook3-7,addScore> 6.523737611328215E-5
<3889,registrar0-0,transcript1-10,read> 3.8235735595945046E-5
<3890,registrar0-0,transcript1-15,read> 2.9870579221262445E-5
<3891,registrar0-0,transcript1-16,read> 3.07070948587307E-5
<3892,admissions4-1,stu0-18application0-18,read> 1.6187114875806496E-4
<3893,registrar0-0,transcript1-13,read> 3.154361049619896E-5
<3894,stu4-4,gradebook4-7,readMyScores> 8.096344247859236E-5
<3895,registrar0-0,transcript1-14,read> 3.238012613366722E-5
<3896,registrar0-0,transcript1-19,read> 2.736103230885766E-5
<3897,registrar0-0,transcript1-17,read> 2.8197547946325928E-5
<3898,registrar0-0,transcript1-18,read> 2.9034063583794185E-5
<3899,stu4-4,gradebook4-4,readMyScores> 8.02160395299232E-5
<3900,admissions2-0,stu1-2application1-2,setStatus> 1.4452933580137947E-4
<3901,admissions2-0,stu5-12application5-12,setStatus> 7.98233306990963E-5
<3902,stu2-2,gradebook2-6,readMyScores> 1.13385774137847E-4
<3903,admissions2-0,stu0-7application0-7,setStatus> 9.969731798051184E-5
<3904,admissions0-1,stu0-8application0-8,setStatus> 1.5804919523419866E-4
<3905,fac4-3,gradebook4-6,readScore> 9.938521634541913E-5
<3906,admissions4-0,stu3-3application3-3,read> 1.5239438344814146E-4
<3907,fac4-4,gradebook4-9,readScore> 8.729855951767338E-5
<3908,fac4-4,gradebook4-8,readScore> 1.3062887931734518E-4
<3909,admissions2-0,stu5-9application5-9,setStatus> 2.389885486069446E-5
<3910,admissions2-1,stu3-10application3-10,setStatus> 4.550086729029912E-5
<3911,admissions2-1,stu3-0application3-0,setStatus> 6.697444333225924E-5
<3912,admissions0-1,stu2-18application2-18,setStatus> 1.645957461082745E-4
<3913,admissions2-1,stu5-9application5-9,setStatus> 2.3132558913257362E-5
<3914,admissions2-0,stu3-10application3-10,setStatus> 4.700814239722415E-5
<3915,stu4-9,gradebook4-9,readMyScores> 1.221224656425658E-4
<3916,registrar2-1,roster5-2,write> 8.580460590750526E-5
<3917,registrar2-1,roster5-3,write> 7.180225990243525E-5
<3918,admissions4-1,stu2-11application2-11,read> 5.649390906022883E-5
<3919,stu4-9,gradebook4-6,readMyScores> 1.6076113883211924E-4
<3920,admissions2-1,application5-2,setStatus> 1.6942129569911052E-4
<3921,registrar2-1,roster5-6,write> 7.325077845468387E-5
<3922,registrar2-1,roster5-9,write> 7.856201314626215E-5
<3923,admissions4-0,stu4-3application4-3,read> 1.6018407505809023E-4
<3924,admissions2-0,stu4-17application4-17,read> 7.065125447584766E-5
<3925,admissions2-1,stu1-19application1-19,read> 3.492289425879608E-5
<3926,registrar2-0,roster5-3,write> 7.148384633302312E-5
<3927,stu4-8,gradebook4-7,readMyScores> 8.465058217401213E-5
<3928,registrar2-0,roster5-1,write> 8.494339935509975E-5
<3929,stu4-8,gradebook4-1,readMyScores> 7.259096563099617E-5
<3930,registrar2-0,roster5-9,write> 7.821362284406143E-5
<3931,stu2-5,gradebook2-2,readMyScores> 1.3140733566259833E-4
<3932,registrar2-0,roster5-6,write> 7.292594129967418E-5
<3933,registrar2-0,roster5-7,write> 7.677152787741036E-5
<3934,admissions2-0,stu0-3application0-3,read> 6.373695564491798E-5
<3935,registrar2-0,roster5-4,write> 7.100314801080608E-5
<3936,registrar2-0,roster5-5,write> 7.388733794410824E-5
<3937,admissions2-1,stu4-17application4-17,read> 6.838588359085053E-5
<3938,fac1-2,gradebook1-5,assignGrade> 2.446301332087761E-4
<3939,admissions4-1,stu3-5application3-5,read> 8.996667931718853E-5
<3940,admissions0-1,stu5-15application5-15,setStatus> 4.4030100844044714E-5
<3941,admissions2-1,stu5-1application5-1,setStatus> 2.715885442112488E-5
<3942,admissions4-1,stu2-5application2-5,read> 1.118686154112486E-4
<3943,admissions0-1,stu3-19application3-19,read> 1.453243369727138E-4
<3944,admissions0-0,stu2-18application2-18,setStatus> 1.6515464507638409E-4
<3945,stu4-7,gradebook4-8,readMyScores> 1.4540042062822464E-4
<3946,admissions2-0,stu3-0application3-0,setStatus> 6.919305843229267E-5
<3947,registrar0-1,roster4-9,read> 8.166066273726181E-5
<3948,registrar0-1,roster4-5,read> 8.737082885938825E-5
<3949,registrar0-1,roster4-8,read> 8.35640514446373E-5
<3950,stu0-0,gradebook0-1,readScore> 4.686875742887509E-5
<3951,admissions4-0,stu0-10application0-10,read> 1.5977409128914555E-4
<3952,registrar0-1,roster4-7,read> 9.05431433716807E-5
<3953,admissions0-0,stu4-9application4-9,read> 1.1547003346906575E-4
<3954,admissions0-0,stu3-4application3-4,read> 4.7548845695848555E-5
<3955,admissions4-0,stu5-2application5-2,setStatus> 1.326429494885855E-4
<3956,stu2-12,stu2-12application2-12,checkStatus> 5.275934932270889E-4
<3957,admissions2-0,stu1-19application1-19,read> 3.607976032119926E-5
<3958,admissions2-0,stu0-13application0-13,setStatus> 1.5238649356379955E-4
<3959,admissions2-1,stu1-5application1-5,setStatus> 9.605324422241352E-5
<3960,admissions0-1,stu0-5application0-5,setStatus> 1.7605221013790724E-4
<3961,admissions2-0,stu0-14application0-14,setStatus> 1.0847884724439315E-4
<3962,stu0-7,transcript0-7,read> 4.7198067905676887E-4
<3963,admissions0-1,stu3-4application3-4,read> 4.738793589653943E-5
<3964,admissions4-1,stu3-3application3-3,read> 1.5360626721313663E-4
<3965,admissions0-1,stu2-16application2-16,setStatus> 1.1167779320949491E-4
<3966,admissions2-1,stu2-15application2-15,setStatus> 3.163251609653324E-5
<3967,stu4-2,gradebook4-1,readMyScores> 6.73212040606879E-5
<3968,stu4-2,gradebook4-6,readMyScores> 1.4643305159217992E-4
<3969,stu4-2,gradebook4-8,readMyScores> 1.333924864291253E-4
<3970,admissions2-1,stu2-14application2-14,read> 4.2796538807514774E-5
<3971,stu3-11,gradebook3-7,addScore> 6.11012888669069E-5
<3972,admissions0-1,application2-4,read> 5.5549302652887296E-5
<3973,admissions0-1,application2-3,read> 5.458914185802284E-5
<3974,admissions0-0,stu3-17application3-17,read> 1.3666529773872217E-4
<3975,admissions0-1,application2-2,read> 5.0268418281132794E-5
<3976,admissions0-1,application2-1,read> 4.978833788370057E-5
<3977,admissions2-0,stu0-11application0-11,read> 1.365404551000011E-4
<3978,admissions0-1,application2-0,read> 4.930825748626833E-5
<3979,admissions2-0,stu2-15application2-15,setStatus> 3.268038412457574E-5
<3980,admissions2-0,stu3-13application3-13,setStatus> 1.0986540449658491E-4
<3981,stu4-1,gradebook4-2,readMyScores> 1.4789136684688334E-4
<3982,admissions0-0,stu4-19application4-19,read> 6.10367411401754E-5
<3983,stu3-10,gradebook3-4,addScore> 5.891287665721058E-5
<3984,admissions0-0,application2-3,read> 5.4774503969595074E-5
<3985,admissions0-0,application2-2,read> 5.043910900534716E-5
<3986,admissions4-0,stu1-4application1-4,setStatus> 1.8109557672750097E-4
<3987,admissions4-0,stu2-6application2-6,read> 1.1467587670523189E-4
<3988,fac5-0,gradebook5-1,readScore> 5.4209357271151894E-5
<3989,registrar0-0,transcript5-1,read> 2.4150903550073218E-4
<3990,admissions0-0,application2-1,read> 4.995739845376406E-5
<3991,admissions0-0,application2-0,read> 4.947568790218096E-5
<3992,admissions2-1,stu2-1application2-1,read> 8.846367719008325E-5
<3993,admissions2-0,stu4-19application4-19,read> 5.153525182563033E-5
<3994,stu4-0,gradebook4-1,readMyScores> 6.653073982514166E-5
<3995,stu3-3,transcript3-3,read> 3.032814461501723E-4
<3996,fac5-1,gradebook5-2,readScore> 3.52706282635871E-5
<3997,fac5-1,gradebook5-3,readScore> 2.361580248824389E-5
<3998,stu4-0,gradebook4-9,readMyScores> 1.0993198778876244E-4
<3999,admissions2-0,stu1-5application1-5,setStatus> 9.923513222978125E-5
<4000,registrar2-0,transcript4-2,read> 1.8364134366198286E-4
<4001,admissions4-1,stu2-19application2-19,read> 9.575209639863835E-5
<4002,registrar2-0,transcript4-4,read> 1.7930421293192226E-4
<4003,registrar2-0,transcript4-3,read> 1.7843678678591016E-4
<4004,registrar0-0,roster4-1,read> 1.1454735786595188E-4
<4005,registrar2-0,transcript4-5,read> 1.8017163907793436E-4
<4006,registrar2-0,transcript4-8,read> 1.7496708220186163E-4
<4007,registrar0-0,roster4-3,read> 1.158221719576666E-4
<4008,registrar0-0,roster4-6,read> 9.287551830680124E-5
<4009,registrar0-0,roster4-7,read> 9.096329716922913E-5
<4010,registrar0-0,roster4-4,read> 8.905107603165702E-5
<4011,registrar2-1,transcript4-1,read> 1.8358805523319114E-4
<4012,registrar0-0,roster4-8,read> 8.395181966479804E-5
<4013,admissions0-1,stu3-17application3-17,read> 1.3620280942150146E-4
<4014,fac5-2,gradebook5-4,readScore> 5.3080620198503814E-5
<4015,fac5-2,gradebook5-5,readScore> 1.1397811963361607E-4
<4016,registrar2-1,transcript4-2,read> 1.8445934519277122E-4
<4017,admissions4-0,stu2-19application2-19,read> 9.499665579588776E-5
<4018,registrar2-1,transcript4-8,read> 1.7574644559697016E-4
<4019,registrar0-1,roster4-2,read> 1.1465273366510343E-4
<4020,admissions0-0,application3-4,read> 1.1932371788173054E-4
<4021,admissions0-0,application3-2,read> 1.2028713898489675E-4
<4022,admissions2-1,stu4-10application4-10,read> 2.311242743571802E-5
<4023,admissions4-0,stu5-14application5-14,read> 2.6529366382127978E-5
<4024,admissions2-1,stu3-12application3-12,setStatus> 6.294814782439172E-5
<4025,stu2-0,gradebook2-2,readMyScores> 1.2717691841792716E-4
<4026,fac0-1,gradebook0-2,assignGrade> 9.444262419968332E-5
<4027,stu2-0,gradebook2-6,readMyScores> 1.1198882414846905E-4
<4028,fac0-1,gradebook0-3,assignGrade> 9.962150382068652E-5
<4029,admissions0-0,stu0-19application0-19,read> 9.523819030257551E-5
<4030,admissions0-1,application3-2,read> 1.1988007590880573E-4
<4031,admissions0-1,application3-3,read> 1.1939999551137353E-4
<4032,admissions0-1,application3-4,read> 1.1891991511394127E-4
<4033,stu0-9,gradebook0-1,readMyScores> 4.038574414391818E-5
<4034,admissions2-1,stu5-4application5-4,setStatus> 5.579028914373835E-5
<4035,admissions4-1,stu5-14application5-14,read> 2.6740335498486853E-5
<4036,admissions2-0,stu3-12application3-12,setStatus> 6.503338667571731E-5
<4037,admissions0-1,stu0-4application0-4,read> 1.2180039749853466E-4
<4038,admissions4-0,stu2-2application2-2,setStatus> 2.5022210140609793E-5
<4039,stu0-8,gradebook0-1,readMyScores> 4.02481436527975E-5
<4040,stu0-8,gradebook0-2,readMyScores> 2.1340702757030895E-5
<4041,admissions4-0,stu1-7application1-7,setStatus> 2.874933531283406E-5
<4042,admissions2-0,stu0-7application0-7,read> 8.77336398228504E-5
<4043,admissions0-1,stu0-9application0-9,setStatus> 1.1931543589591671E-4
<4044,admissions0-1,stu5-7application5-7,read> 8.501423704529023E-6
<4045,admissions4-1,stu1-7application1-7,setStatus> 2.897795825766773E-5
<4046,stu0-9,gradebook0-8,readMyScores> 2.4212044049201232E-5
<4047,admissions4-1,stu2-2application2-2,setStatus> 2.5221193919063947E-5
<4048,admissions2-1,stu3-8application3-8,read> 1.2468244211418926E-4
<4049,admissions2-0,stu4-8application4-8,read> 6.73974667907043E-5
<4050,admissions2-0,stu0-12application0-12,setStatus> 4.654595664649356E-5
<4051,admissions0-0,stu5-7application5-7,read> 8.530291017617407E-6
<4052,admissions4-1,stu0-10application0-10,read> 1.6104466060357217E-4
<4053,stu1-19,transcript1-19,read> 1.3458221324357558E-4
<4054,admissions0-0,stu2-3application2-3,setStatus> 6.990733146790737E-5
<4055,admissions2-1,stu2-4application2-4,setStatus> 2.8500952923747385E-5
<4056,stu2-4,gradebook2-1,readMyScores> 1.9985045702645849E-4
<4057,admissions0-1,stu3-10application3-10,read> 4.882817708883611E-5
<4058,stu2-4,gradebook2-6,readMyScores> 1.1478272412722502E-4
<4059,admissions0-0,stu5-3application5-3,setStatus> 1.5913326318159533E-4
<4060,admissions4-1,stu3-14application3-14,setStatus> 1.0927879599532364E-4
<4061,stu1-18,transcript1-18,read> 1.428114441170681E-4
<4062,admissions0-1,stu1-14application1-14,read> 1.6308731167770615E-4
<4063,stu2-3,gradebook2-2,readMyScores> 1.2929212704026273E-4
<4064,stu2-3,gradebook2-6,readMyScores> 1.1385142413430633E-4
<4065,stu2-3,gradebook2-8,readMyScores> 1.4848398730337673E-4
<4066,admissions0-1,stu3-8application3-8,setStatus> 1.727789347008693E-4
<4067,admissions4-1,stu1-18application1-18,read> 9.244614378066703E-5
<4068,stu1-17,transcript1-17,read> 1.3869682868032185E-4
<4069,admissions4-1,stu2-2application2-2,read> 2.219465064877627E-5
<4070,registrar0-0,transcript0-13,read> 2.749696609994626E-4
<4071,registrar0-0,transcript0-15,read> 2.73296629724526E-4
<4072,stu1-19,stu1-19application1-19,checkStatus> 4.4274597835257075E-4
<4073,admissions4-1,application0-2,read> 4.988200382428616E-5
<4074,admissions4-1,application0-3,read> 5.1121736056025416E-5
<4075,registrar0-0,transcript0-16,read> 2.6827753589971646E-4
<4076,registrar0-0,transcript0-19,read> 2.6576798898731173E-4
<4077,admissions4-1,application0-0,read> 5.1948224210518246E-5
<4078,admissions4-0,stu1-18application1-18,read> 9.171678564433041E-5
<4079,stu1-16,transcript1-16,read> 1.5104067499056061E-4
<4080,admissions2-1,stu4-16application4-16,read> 1.183835264752143E-4
<4081,admissions4-0,application0-4,read> 5.030842498091881E-5
<4082,admissions2-0,stu4-10application4-10,read> 2.387805650191158E-5
<4083,stu2-1,gradebook2-1,readMyScores> 1.9660744758181006E-4
<4084,stu2-1,gradebook2-9,readMyScores> 3.0484553863583807E-4
<4085,admissions4-0,application0-2,read> 4.9488457443029465E-5
<4086,admissions4-0,application0-3,read> 5.071840874986348E-5
<4087,admissions4-0,application0-0,read> 5.1538376287752815E-5
<4088,admissions4-0,application0-1,read> 4.989844121197414E-5
<4089,registrar0-1,transcript0-17,read> 2.662057268661177E-4
<4090,admissions2-0,application5-3,setStatus> 1.7595796685105982E-4
<4091,admissions4-1,stu5-3application5-3,read> 1.2013349695617692E-4
<4092,admissions0-1,stu5-3application5-3,setStatus> 1.5859474114037164E-4
<4093,fac5-2,gradebook5-4,assignGrade> 1.6004176606572383E-4
<4094,admissions2-0,stu4-18application4-18,read> 8.015841536837597E-6
<4095,fac5-2,gradebook5-5,assignGrade> 1.5831547285872276E-4
<4096,stu2-9,gradebook2-1,readMyScores> 1.8931067633135113E-4
<4097,stu3-14,gradebook3-2,readScore> 5.786095478851341E-5
<4098,admissions0-0,stu4-6application4-6,setStatus> 6.443334792719031E-5
<4099,stu2-7,gradebook2-8,readMyScores> 1.3937454022954998E-4
<4100,stu0-0,gradebook0-7,readMyScores> 2.056895369781587E-5
<4101,registrar0-0,roster4-2,write> 8.377073811767946E-5
<4102,registrar0-0,roster4-1,write> 8.330716935705592E-5
<4103,admissions2-1,application5-3,setStatus> 1.7031602803419218E-4
<4104,stu0-0,gradebook0-4,readMyScores> 2.0301079600479106E-5
<4105,admissions2-1,application5-4,setStatus> 1.7165812653681468E-4
<4106,registrar0-0,roster4-9,write> 5.966516256525522E-5
<4107,registrar0-0,roster4-7,write> 6.615512521398483E-5
<4108,admissions2-0,stu1-0application1-0,read> 1.4996232930121755E-4
<4109,registrar0-0,roster4-6,write> 6.754583149585545E-5
<4110,registrar0-0,roster4-5,write> 6.383728141086711E-5
<4111,stu4-10,stu4-10application4-10,checkStatus> 2.930150697504801E-4
<4112,stu2-7,gradebook2-6,readMyScores> 1.068666741874164E-4
<4113,registrar0-0,roster4-4,write> 6.47644189321142E-5
<4114,admissions4-0,stu3-2application3-2,setStatus> 4.645317988089934E-5
<4115,admissions0-0,stu2-0application2-0,read> 9.62016114057417E-5
<4116,admissions4-0,stu2-2application2-2,read> 2.2019544923736617E-5
<4117,admissions0-1,stu4-6application4-6,setStatus> 6.421529937244518E-5
<4118,stu0-0,gradebook0-9,readMyScores> 2.7641817567575978E-5
<4119,stu0-1,gradebook0-2,readMyScores> 2.082998508421306E-5
<4120,stu2-5,gradebook2-7,readMyScores> 2.5801951505642217E-4
<4121,stu3-17,gradebook3-1,readScore> 5.4929205773369564E-5
<4122,admissions4-0,stu0-1application0-1,read> 1.258991823800922E-5
<4123,stu0-1,gradebook0-6,readMyScores> 2.0823352894090313E-5
<4124,registrar0-1,roster4-1,write> 8.292237873646903E-5
<4125,stu0-1,gradebook0-7,readMyScores> 1.980585592150567E-5
<4126,registrar0-1,roster4-3,write> 8.384523386731774E-5
<4127,stu2-6,gradebook2-8,readMyScores> 1.5212776613290747E-4
<4128,registrar0-1,roster4-2,write> 8.338380630189341E-5
<4129,registrar0-1,roster4-5,write> 6.3542420988646E-5
<4130,registrar0-1,roster4-4,write> 6.446527611949474E-5
<4131,stu0-17,gradebook0-8,addScore> 3.063214357505417E-5
<4132,registrar0-1,roster4-7,write> 6.58495588157678E-5
<4133,stu2-6,gradebook2-4,readMyScores> 2.0178630320737563E-4
<4134,admissions0-1,stu5-16application5-16,read> 1.2516096028056023E-4
<4135,stu2-6,gradebook2-2,readMyScores> 1.324649399737661E-4
<4136,registrar0-1,roster4-8,write> 6.077385559609986E-5
<4137,fac5-4,gradebook5-9,assignGrade> 1.1515814268369611E-4
<4138,admissions4-0,stu5-9application5-9,read> 2.119957738584728E-5
<4139,admissions2-0,stu4-14application4-14,read> 1.2759253896585683E-4
<4140,admissions4-1,stu1-10application1-10,setStatus> 1.0176526731811605E-4
<4141,stu0-2,gradebook0-3,readMyScores> 1.775273787338951E-5
<4142,stu0-2,gradebook0-4,readMyScores> 1.961638888882719E-5
<4143,admissions0-1,stu5-1application5-1,read> 2.9144880794114792E-5
<4144,stu2-5,gradebook2-6,readMyScores> 1.1571402412014368E-4
<4145,stu0-2,gradebook0-8,readMyScores> 2.363458473627309E-5
<4146,admissions4-0,stu4-0application4-0,read> 4.866848990514013E-5
<4147,fac5-3,gradebook5-6,assignGrade> 1.6349435247972597E-4
<4148,stu2-5,gradebook2-5,readMyScores> 1.7226677594399782E-4
<4149,fac5-3,gradebook5-7,assignGrade> 1.617680592727249E-4
<4150,admissions4-1,stu5-9application5-9,read> 2.1368162494283443E-5
<4151,admissions0-1,stu2-3application2-3,setStatus> 6.967075843417503E-5
<4152,stu0-3,gradebook0-3,readMyScores> 1.7814702054448467E-5
<4153,stu0-3,gradebook0-2,readMyScores> 2.0975904419303875E-5
<4154,admissions2-1,stu3-11application3-11,setStatus> 1.1036896158372027E-4
<4155,admissions0-0,stu5-1application5-1,read> 2.924384473569073E-5
<4156,stu0-3,gradebook0-6,readMyScores> 2.0969225769005127E-5
<4157,admissions4-1,application2-0,setStatus> 4.823137549301213E-5
<4158,admissions2-1,stu0-12application0-12,setStatus> 4.505350112275829E-5
<4159,admissions4-1,application2-3,setStatus> 5.339692645859233E-5
<4160,admissions4-1,application2-2,setStatus> 4.917056657766308E-5
<4161,stu0-4,gradebook0-4,readMyScores> 1.9753327031157575E-5
<4162,stu0-4,gradebook0-3,readMyScores> 1.7876666235507416E-5
<4163,fac0-4,gradebook0-8,assignGrade> 8.408486495767694E-5
<4164,admissions4-0,application2-4,setStatus> 5.3907430225347864E-5
<4165,stu0-4,gradebook0-8,readMyScores> 2.3799573111395418E-5
<4166,admissions4-0,application2-0,setStatus> 4.785085182048343E-5
<4167,admissions4-0,application2-1,setStatus> 4.8316742467011466E-5
<4168,admissions4-0,application2-2,setStatus> 4.87826331135395E-5
<4169,admissions4-0,application2-3,setStatus> 5.297564893229181E-5
<4170,registrar0-1,transcript1-13,read> 3.139791252623961E-5
<4171,registrar0-1,transcript1-12,read> 3.5561171645741E-5
<4172,registrar0-1,transcript1-11,read> 3.3895867997940444E-5
<4173,fac5-0,gradebook5-1,assignGrade> 1.6522064568672703E-4
<4174,stu0-5,gradebook0-1,readMyScores> 3.9835342179435476E-5
<4175,registrar0-1,transcript1-10,read> 3.805912711744183E-5
<4176,registrar0-1,transcript1-16,read> 3.056526070233934E-5
<4177,stu0-5,gradebook0-2,readMyScores> 2.1121823754394683E-5
<4178,registrar0-1,transcript1-15,read> 2.973260887843906E-5
<4179,registrar0-1,transcript1-14,read> 3.2230564350139884E-5
<4180,fac0-3,gradebook0-6,assignGrade> 8.06322785436748E-5
<4181,stu0-5,gradebook0-6,readMyScores> 2.111509864391995E-5
<4182,registrar0-1,transcript1-19,read> 2.723465340673822E-5
<4183,stu0-5,gradebook0-9,readMyScores> 2.698922828267536E-5
<4184,registrar0-1,transcript1-18,read> 2.8899957054538778E-5
<4185,fac0-3,gradebook0-7,assignGrade> 8.5811158164678E-5
<4186,stu0-13,gradebook0-8,addScore> 3.0052812254485764E-5
<4187,admissions4-0,stu0-5application0-5,read> 1.323051787698527E-4
<4188,admissions4-1,stu4-12application4-12,setStatus> 1.529511814315926E-4
<4189,admissions2-1,stu4-18application4-18,read> 7.758820565716554E-6
<4190,stu0-6,gradebook0-5,readMyScores> 4.0129685843717425E-5
<4191,stu0-6,gradebook0-4,readMyScores> 1.9890265173487956E-5
<4192,stu2-9,gradebook2-4,readMyScores> 1.8809222275018847E-4
<4193,admissions4-0,stu5-3application5-3,read> 1.1918569816362323E-4
<4194,fac0-2,gradebook0-5,assignGrade> 8.235857175067587E-5
<4195,fac0-2,gradebook0-4,assignGrade> 9.789521061368545E-5
<4196,stu0-12,gradebook0-9,addScore> 5.8153171117751794E-5
<4197,fac0-1,gradebook0-2,addScore> 5.829129924939904E-5
<4198,admissions2-1,stu5-13application5-13,read> 1.4712232907803757E-4
<4199,stu4-4,gradebook4-8,readScore> 1.5610299183728096E-4
<4200,fac0-2,gradebook0-5,addScore> 1.6093944263187627E-4
<4201,stu5-17,gradebook5-6,readScore> 3.033160990656993E-5
<4202,stu4-3,gradebook4-2,readScore> 7.114539600772218E-5
<4203,fac3-4,gradebook3-8,assignGrade> 1.4623142040971532E-4
<4204,admissions2-0,stu5-17application5-17,setStatus> 1.1633600500681323E-4
<4205,fac3-4,gradebook3-9,assignGrade> 1.4795771361671638E-4
<4206,admissions2-1,stu4-15application4-15,setStatus> 1.060630622211397E-5
<4207,admissions2-0,stu4-15application4-15,read> 9.642735379409289E-6
<4208,admissions4-1,stu2-17application2-17,read> 8.831370300820287E-5
<4209,admissions2-0,stu2-8application2-8,setStatus> 1.8196638161055757E-4
<4210,registrar0-0,transcript5-11,read> 2.3178454121516366E-5
<4211,registrar2-0,transcript3-12,read> 3.05948430249692E-4
<4212,registrar4-0,transcript1-12,read> 4.232687019551075E-5
<4213,registrar0-0,transcript5-12,read> 2.4851485396452883E-5
<4214,registrar4-0,transcript1-10,read> 4.530007473607345E-5
<4215,registrar0-0,transcript5-10,read> 2.6524516671389404E-5
<4216,fac0-0,gradebook0-1,addScore> 6.071146921104828E-5
<4217,admissions2-0,stu4-15application4-15,setStatus> 1.0957653840237829E-5
<4218,registrar0-0,transcript5-18,read> 1.7322844659238546E-5
<4219,admissions2-1,stu5-2application5-2,read> 1.1208461083623934E-4
<4220,registrar2-0,transcript3-17,read> 3.007438733736194E-4
<4221,registrar4-0,transcript1-17,read> 3.340725657382263E-5
<4222,registrar0-0,transcript5-17,read> 1.8159360296706803E-5
<4223,admissions2-1,stu4-15application4-15,read> 9.333549475460293E-6
<4224,registrar4-0,transcript1-19,read> 3.241618839363505E-5
<4225,registrar0-0,transcript5-19,read> 1.5649813384302026E-5
<4226,registrar4-0,transcript1-14,read> 3.836259747476047E-5
<4227,registrar0-0,transcript5-14,read> 2.1505422846579845E-5
<4228,registrar4-0,transcript1-13,read> 3.73715292945729E-5
<4229,registrar0-0,transcript5-13,read> 2.2341938484048105E-5
<4230,registrar2-0,transcript3-16,read> 3.0247872566564353E-4
<4231,registrar4-0,transcript1-16,read> 3.638046111438533E-5
<4232,registrar0-0,transcript5-16,read> 1.8995875934175064E-5
<4233,stu4-5,gradebook4-5,readScore> 1.0016927227377973E-4
<4234,registrar4-0,transcript1-15,read> 3.538939293419776E-5
<4235,registrar0-0,transcript5-15,read> 2.0668907209111585E-5
<4236,registrar4-1,transcript1-10,read> 4.60065086500863E-5
<4237,admissions4-1,stu1-6application1-6,setStatus> 2.3812407292087533E-5
<4238,registrar4-1,transcript1-11,read> 4.09738914777888E-5
<4239,registrar0-1,transcript5-11,read> 2.307139428723684E-5
<4240,registrar4-1,transcript1-12,read> 4.2986938346707794E-5
<4241,registrar0-1,transcript5-12,read> 2.4736697935037392E-5
<4242,registrar4-1,transcript1-13,read> 3.795432117441029E-5
<4243,registrar0-1,transcript5-13,read> 2.2238742463336566E-5
<4244,registrar4-1,transcript1-16,read> 3.69477977399508E-5
<4245,registrar0-1,transcript5-16,read> 1.8908135167735453E-5
<4246,registrar0-1,transcript5-17,read> 1.8075483343835176E-5
<4247,registrar4-1,transcript1-14,read> 3.8960844608869795E-5
<4248,registrar0-1,transcript5-14,read> 2.1406090639436286E-5
<4249,registrar4-1,transcript1-15,read> 3.59412743054913E-5
<4250,registrar0-1,transcript5-15,read> 2.057343881553601E-5
<4251,registrar4-1,transcript1-18,read> 3.4934750871031796E-5
<4252,registrar0-1,transcript5-18,read> 1.7242831519934903E-5
<4253,stu4-0,gradebook4-7,readScore> 1.52080131220448E-4
<4254,registrar4-1,transcript1-19,read> 3.2921704002112796E-5
<4255,registrar0-1,transcript5-19,read> 1.557752787213435E-5
<4256,admissions0-0,stu2-0application2-0,setStatus> 1.0932001296107013E-4
<4257,admissions2-1,stu5-6application5-6,setStatus> 2.6711488253584047E-5
<4258,admissions0-0,stu4-7application4-7,read> 3.5987792457854145E-5
<4259,admissions4-0,stu1-6application1-6,setStatus> 2.3624538201025697E-5
<4260,admissions0-1,stu1-4application1-4,read> 1.866112511518853E-4
<4261,stu3-10,gradebook3-4,readScore> 2.1704744031603893E-5
<4262,admissions2-0,stu5-6application5-6,setStatus> 2.7596340866539206E-5
<4263,admissions0-1,stu4-7application4-7,read> 3.586600635816597E-5
<4264,fac3-0,gradebook3-1,assignGrade> 1.4105254078871214E-4
<4265,fac1-0,gradebook1-1,assignGrade> 2.601667720717857E-4
<4266,stu5-10,transcript5-10,read> 1.3046759780682932E-4
<4267,admissions0-0,stu1-4application1-4,read> 1.8724490565494775E-4
<4268,stu3-11,gradebook3-7,readScore> 2.2511001161492016E-5
<4269,fac3-1,gradebook3-3,assignGrade> 1.5141030003071852E-4
<4270,stu4-10,gradebook4-2,readScore> 3.430462809377974E-5
<4271,fac3-2,gradebook3-5,assignGrade> 1.565891796517217E-4
<4272,fac3-2,gradebook3-4,assignGrade> 1.5486288644472063E-4
<4273,admissions4-1,stu4-8application4-8,setStatus> 7.781589465951693E-5
<4274,admissions2-1,stu1-0application1-0,read> 1.4515391794085787E-4
<4275,admissions0-0,stu3-0application3-0,setStatus> 8.19500952574849E-5
<4276,admissions4-0,application1-0,read> 1.6279772158511245E-5
<4277,registrar0-1,roster3-7,read> 1.0703917883560151E-4
<4278,registrar0-1,roster3-9,read> 1.0830810464051849E-4
<4279,admissions4-0,application1-1,read> 1.7099739696400584E-5
<4280,fac1-3,gradebook1-6,assignGrade> 2.480827196227782E-4
<4281,stu5-15,transcript5-15,read> 1.0166528974960549E-4
<4282,registrar0-1,transcript5-2,read> 2.4455677944471054E-4
<4283,admissions0-0,stu0-8application0-8,read> 1.3955556104822077E-4
<4284,registrar0-1,transcript5-5,read> 2.4538943126861077E-4
<4285,admissions4-0,stu5-13application5-13,read> 1.5321435098603083E-4
<4286,admissions2-0,stu2-7application2-7,setStatus> 8.536955970786345E-5
<4287,admissions4-0,stu0-16application0-16,read> 9.786654217850046E-5
<4288,stu5-10,gradebook5-3,readScore> 1.2204139540904558E-5
<4289,admissions4-0,application1-3,read> 1.8329691003234592E-5
<4290,admissions4-0,application1-4,read> 1.1769950700119884E-5
<4291,stu4-11,gradebook4-9,readScore> 5.047875890477712E-5
<4292,admissions4-1,application1-3,read> 1.847545395355853E-5
<4293,registrar0-0,transcript5-7,read> 2.4820116060047826E-4
<4294,admissions4-1,application1-2,read> 1.806220987631211E-5
<4295,admissions4-1,application1-1,read> 1.7235721721819278E-5
<4296,admissions4-1,application1-0,read> 1.6409233567326445E-5
<4297,stu5-14,transcript5-14,read> 1.0577990518635176E-4
<4298,admissions4-0,stu2-12application2-12,read> 4.3338700908859426E-5
<4299,admissions4-1,application1-4,read> 1.186354871761587E-5
<4300,stu5-13,transcript5-13,read> 1.0989452062309802E-4
<4301,admissions0-0,stu1-1application1-1,read> 1.8917174786128014E-4
<4302,admissions0-1,stu5-9application5-9,read> 2.4824157217224748E-5
<4303,admissions4-1,stu2-12application2-12,read> 4.368334266558992E-5
<4304,registrar0-0,roster3-1,read> 1.024366239946618E-4
<4305,stu1-12,transcript1-12,read> 1.757283676110382E-4
<4306,registrar0-0,roster3-3,read> 1.0498625217809129E-4
<4307,admissions0-0,stu3-16application3-16,setStatus> 3.815822693174846E-5
<4308,fac1-2,gradebook1-4,assignGrade> 2.3945125358777286E-4
<4309,stu5-12,transcript5-12,read> 1.2223836693333681E-4
<4310,admissions0-0,stu4-18application4-18,setStatus> 1.078830922816319E-5
<4311,registrar0-0,roster3-5,read> 1.0626106626980604E-4
<4312,admissions0-0,stu5-9application5-9,read> 2.4908449771442834E-5
<4313,admissions2-1,stu2-7application2-7,read> 7.271638809264584E-5
<4314,stu0-1,gradebook0-8,readScore> 1.5234126896788787E-5
<4315,registrar0-1,roster3-4,read> 1.0259793851839208E-4
<4316,registrar0-1,roster3-5,read> 1.0577025303068452E-4
<4317,registrar0-1,roster3-2,read> 1.0069454981101659E-4
<4318,registrar0-1,roster3-3,read> 1.0450132722576753E-4
<4319,stu1-13,transcript1-13,read> 1.5515529042730688E-4
<4320,registrar0-1,roster3-1,read> 1.0196347561593357E-4
<4321,admissions0-1,stu3-16application3-16,setStatus> 3.802909587614186E-5
<4322,fac4-2,gradebook4-5,assignGrade> 3.9136505580386675E-4
<4323,admissions4-0,stu2-16application2-16,read> 8.392709403438169E-5
<4324,stu5-19,transcript5-19,read> 7.697759712912794E-5
<4325,stu4-8,gradebook4-5,readScore> 1.0127205325294062E-4
<4326,admissions2-0,stu1-5application1-5,read> 8.732691636220749E-5
<4327,admissions4-0,stu1-12application1-12,setStatus> 1.1028019845523993E-4
<4328,admissions2-0,stu2-7application2-7,read> 7.512521254291982E-5
<4329,admissions4-1,stu4-18application4-18,read> 8.144352022398121E-6
<4330,stu5-18,transcript5-18,read> 8.520682800262046E-5
<4331,stu4-7,gradebook4-6,readScore> 1.2496064447945477E-4
<4332,stu5-13,gradebook5-7,readScore> 3.9441950485012485E-5
<4333,admissions0-1,stu2-16application2-16,read> 9.827645802435552E-5
<4334,admissions4-1,stu1-12application1-12,setStatus> 1.1115717816462554E-4
<4335,stu1-11,transcript1-11,read> 1.6749913673754567E-4
<4336,admissions4-1,stu5-16application5-16,setStatus> 1.2242747118043688E-4
<4337,stu4-16,gradebook4-1,readScore> 1.0190594256374615E-4
<4338,chair1,transcript1-12,read> 2.0329360174610299E-4
<4339,admissions4-0,stu4-18application4-18,read> 8.080096779617857E-6
<4340,fac4-4,gradebook4-9,assignGrade> 3.395762595938347E-4
<4341,admissions2-1,stu5-17application5-17,setStatus> 1.1260579242142443E-4
<4342,stu5-16,gradebook5-6,readScore> 3.058125278645939E-5
<4343,admissions4-0,stu2-18application2-18,read> 1.236955196220146E-4
<4344,admissions4-0,stu0-9application0-9,read> 8.966686679960706E-5
<4345,stu5-16,transcript5-16,read> 9.343605887611297E-5
<4346,stu4-9,gradebook4-2,readScore> 7.4882865216383E-5
<4347,admissions0-0,stu4-2application4-2,setStatus> 1.0275123271220966E-4
<4348,stu0-12,stu0-12application0-12,checkStatus> 5.026383417934071E-4
<4349,chair1,transcript1-19,read> 1.556931486543325E-4
<4350,stu4-18,gradebook4-6,readScore> 5.9900344840241336E-5
<4351,chair1,transcript1-15,read> 1.6997328458186366E-4
<4352,chair1,transcript1-16,read> 1.747333298910407E-4
<4353,chair1,transcript1-18,read> 1.6521323927268662E-4

