<0,fac0-4,roster0-9,read> 0.0025291657578218885
<1,admissions0-0,application0-0,read> 6.309582284619621E-5
<2,stu1-14,stu1-14application1-14,checkStatus> 0.0017666348218627443
<3,registrar0-1,transcript4-3,read> 1.7847019732261115E-4
<4,admissions0-1,stu1-11application1-11,read> 1.5742459942158648E-4
<5,admissions2-1,stu1-4application1-4,setStatus> 1.81191311732513E-4
<6,stu3-8,gradebook3-2,readMyScores> 4.935074039503997E-5
<7,registrar2-1,roster2-9,read> 1.2915748751917208E-4
<8,stu4-11,transcript4-11,read> 0.001464991827202912
<9,admissions2-1,stu0-18application0-18,setStatus> 1.825897225423255E-4
<10,admissions2-1,stu1-10application1-10,read> 8.889386760020409E-5
<11,admissions2-0,stu1-14application1-14,read> 1.4396462997826406E-4
<12,admissions4-0,application4-2,setStatus> 1.3626668086411808E-4
<13,chair5,transcript5-6,read> 0.00147656462200096
<14,stu1-9,transcript1-9,read> 0.001310650534835723
<15,admissions4-1,stu4-8application4-8,read> 7.135121415300685E-5
<16,registrar0-0,transcript5-1,read> 2.5164236846377837E-4
<17,stu1-6,transcript1-6,read> 0.001314937792957034
<18,registrar0-0,transcript2-7,read> 1.6709576234692511E-4
<19,registrar4-1,roster0-2,read> 2.0354489824127994E-4
<20,admissions0-1,stu1-18application1-18,setStatus> 1.2716390150429354E-4
<21,fac1-3,roster1-6,read> 0.0024107712017167977
<22,fac1-1,roster1-2,read> 0.002438093022356434
<23,admissions2-0,stu4-11application4-11,setStatus> 1.7081984531697232E-4
<24,chair4,transcript4-16,read> 0.0018138289275440762
<25,app4-0,application4-0,checkStatus> 0.0014026036062697834
<26,stu3-15,transcript3-15,read> 0.0014992898921733983
<27,admissions2-1,stu5-8application5-8,setStatus> 1.78394490112888E-4
<28,fac5-4,roster5-8,read> 0.0014362929322364363
<29,registrar2-1,roster1-3,write> 1.321682187512333E-4
<30,stu1-4,stu1-4application1-4,checkStatus> 0.0020214566727778174
<31,stu4-14,transcript4-14,read> 0.0015593115058717493
<32,app0-3,application0-3,checkStatus> 6.43338499461608E-4
<33,stu5-5,gradebook5-7,readMyScores> 6.220034877983267E-5
<34,registrar4-1,roster4-9,read> 1.0285460341359623E-4
<35,admissions4-1,stu0-14application0-14,read> 1.0106145067233784E-4
<36,registrar4-1,transcript1-0,read> 2.786630888301639E-4
<37,admissions2-1,stu2-18application2-18,read> 1.2376091045819608E-4
<38,stu5-7,transcript5-7,read> 0.0012720652117439257
<39,fac3-2,gradebook3-5,changeScore> 4.568463514942556E-4
<40,chair0,transcript0-15,read> 0.0016203979287767007
<41,admissions4-1,stu5-2application5-2,read> 1.225906075704038E-4
<42,chair4,transcript4-3,read> 0.00102026585567792
<43,registrar0-1,transcript3-6,read> 6.915403837920907E-5
<44,stu4-18,transcript4-18,read> 0.0015764605383569927
<45,registrar4-1,transcript2-12,read> 3.499784661189874E-4
<46,registrar0-0,transcript1-5,read> 2.6994627288082906E-4
<47,stu1-15,stu1-15application1-15,checkStatus> 0.0014494076197031642
<48,chair2,transcript2-13,read> 0.0016600760823700085
<49,chair2,transcript2-16,read> 0.0016898346975649891
<50,admissions0-1,stu2-10application2-10,setStatus> 1.3796418816586144E-4
<51,admissions4-0,application5-1,read> 1.6092453826471614E-4
<52,admissions4-1,stu0-18application0-18,setStatus> 1.9166250378666464E-4
<53,stu3-16,transcript3-16,read> 0.0014950026340520874
<54,fac4-1,gradebook4-3,addScore> 7.828077135544263E-4
<55,stu4-7,gradebook4-7,readScore> 1.1009269767340335E-4
<56,stu1-1,stu1-1application1-1,checkStatus> 0.002042258456525986
<57,registrar0-0,transcript4-16,read> 3.18756684659631E-4
<58,stu2-11,stu2-11application2-11,checkStatus> 7.109442966431578E-4
<59,stu4-12,transcript4-12,read> 0.001546449731507817
<60,stu0-7,transcript0-7,read> 4.917842336653598E-4
<61,fac5-1,roster5-3,read> 0.0013543274703175275
<62,stu3-14,transcript3-14,read> 0.0015035771502947093
<63,registrar0-1,transcript3-11,read> 3.068733046529565E-4
<64,fac2-1,gradebook2-2,assignGrade> 6.650038842457725E-4
<65,fac0-1,gradebook0-3,changeScore> 2.906440959207827E-4
<66,admissions4-1,application2-0,setStatus> 5.02550868880043E-5
<67,registrar4-0,roster0-1,read> 1.9727201425118733E-4
<68,stu2-13,transcript2-13,read> 0.0014349810203537362
<69,registrar0-0,transcript1-3,read> 2.716895018729292E-4
<70,fac4-3,roster4-6,read> 0.0013270056496778914
<71,chair5,transcript5-8,read> 0.0014864841603992867
<72,admissions4-1,stu3-12application3-12,read> 6.0586635703973896E-5
<73,chair5,transcript5-16,read> 1.1262809223100393E-4
<74,stu5-4,transcript5-4,read> 0.001267777953622615
<75,registrar4-0,roster4-4,read> 1.0993070696098244E-4
<76,admissions2-0,application5-4,setStatus> 1.8478561676541733E-4
<77,registrar0-1,roster1-7,read> 1.7962201861641814E-4
<78,fac2-1,roster2-3,read> 0.0011903965464797096
<79,stu3-5,stu3-5application3-5,checkStatus> 0.001132180417543584
<80,chair1,transcript1-17,read> 1.6718555342180218E-4
<81,registrar0-1,roster5-7,write> 7.678590259237773E-5
<82,fac4-3,gradebook4-7,changeScore> 0.0011569103976976716
<83,admissions4-0,stu2-14application2-14,read> 4.643868159856702E-5
<84,app3-1,application3-1,checkStatus> 0.0012725924578437262
<85,chair1,transcript1-9,read> 0.0015162427755942677
<86,admissions4-1,stu0-10application0-10,setStatus> 1.906839057458435E-4
<87,registrar4-1,transcript2-15,read> 3.5417348831244766E-4
<88,registrar4-0,transcript4-16,read> 3.7764937466602924E-4
<89,chair4,transcript4-13,read> 0.001784070312349095
<90,chair1,transcript1-2,read> 0.0015410416215900851
<91,admissions2-0,stu1-1application1-1,setStatus> 1.891198216976934E-4
<92,registrar4-1,transcript2-13,read> 3.5102722166735245E-4
<93,chair4,transcript4-19,read> 0.0018187886967432397
<94,registrar2-1,roster4-9,read> 8.903536687050269E-5
<95,stu2-10,gradebook2-8,addScore> 4.241738949353395E-4
<96,fac4-1,roster4-2,read> 0.0016457602238069814
<97,chair1,transcript1-16,read> 1.820648610192926E-4
<98,chair5,transcript5-5,read> 0.0014616853144034693
<99,stu1-5,transcript1-5,read> 0.0013277995673209664
<100,stu5-8,transcript5-8,read> 0.0012849269861078582
<101,chair5,transcript5-3,read> 0.0014517657760051423
<102,stu2-16,gradebook2-2,readScore> 9.628297898902884E-5
<103,registrar4-0,roster4-8,write> 7.537151852152275E-5
<104,registrar2-0,roster2-4,read> 9.346138272193588E-5
<105,fac4-4,gradebook4-8,changeScore> 0.0011619468296847468
<106,registrar0-1,transcript0-18,read> 2.7650770494645587E-4
<107,registrar0-0,transcript4-14,read> 3.170134556675308E-4
<108,fac4-0,gradebook4-1,addScore> 2.2100944155925765E-4
<109,chair4,transcript4-15,read> 0.0017939898507474223
<110,registrar4-0,transcript2-6,read> 1.9487000317448404E-4
<111,app3-3,application3-3,checkStatus> 0.0012933942415918956
<112,fac5-2,roster5-4,read> 0.0013452201967709822
<113,fac2-3,gradebook2-6,changeScore> 0.0019375573556942866
<114,registrar4-1,roster0-8,read> 2.203266140458939E-4
<115,fac0-0,roster0-1,read> 0.0022832693720651618
<116,stu1-9,gradebook1-2,readMyScores> 6.981650101314778E-5
<117,chair5,transcript5-13,read> 1.3246716902765785E-4
<118,admissions0-0,stu0-19application0-19,setStatus> 1.1276617327763921E-4
<119,chair5,transcript5-9,read> 0.0014815243912001232
<120,chair4,transcript4-10,read> 0.0016799151591666624
<121,fac1-2,gradebook1-4,assignGrade> 2.494982453120902E-4
<122,stu3-1,stu3-1application3-1,checkStatus> 0.001673026794995983
<123,stu0-15,stu0-15application0-15,checkStatus> 0.0012257884444103453
<124,stu3-8,gradebook3-9,readMyScores> 5.620157476626081E-5
<125,stu4-6,transcript4-6,read> 8.947864970685752E-4
<126,stu5-5,stu5-5application5-5,checkStatus> 9.137616881878074E-4
<127,stu3-8,stu3-8application3-8,checkStatus> 0.0016470245653107717
<128,registrar2-0,roster2-8,read> 1.2789603401647777E-4
<129,admissions4-1,stu2-10application2-10,setStatus> 1.1875694974548682E-4
<130,registrar2-1,roster0-3,read> 1.748136937745545E-4
<131,stu1-14,gradebook1-5,addScore> 7.617129816242312E-5
<132,registrar2-1,roster0-9,write> 1.3971469912402377E-4
<133,chair2,transcript2-0,read> 0.0011591393932544973
<134,stu3-6,stu3-6application3-6,checkStatus> 0.0019486504296592252
<135,stu5-16,stu5-16application5-16,checkStatus> 0.001355799592836403
<136,stu2-4,stu2-4application2-4,checkStatus> 3.313117432390699E-4
<137,chair5,transcript5-1,read> 0.0014319266992084887
<138,chair4,transcript4-7,read> 9.954670096821027E-4
<139,admissions0-0,stu3-11application3-11,setStatus> 1.4071412265055888E-4
<140,admissions2-0,stu4-17application4-17,setStatus> 8.365416834564284E-5
<141,stu0-8,gradebook0-8,readMyScores> 2.315381137315795E-5
<142,stu3-13,stu3-13application3-13,checkStatus> 0.00123618933628443
<143,chair2,transcript2-15,read> 0.0016749553899674992
<144,admissions0-1,stu2-14application2-14,setStatus> 6.179374539480386E-5
<145,fac2-4,gradebook2-8,addScore> 3.357545478220574E-4
<146,stu3-7,stu3-7application3-7,checkStatus> 0.001496211633136545
<147,registrar2-0,roster2-6,read> 1.258299549388053E-4
<148,admissions4-0,application4-3,setStatus> 1.391793129027752E-4
<149,registrar4-1,transcript2-6,read> 1.9790891160605497E-4
<150,stu0-16,stu0-16application0-16,checkStatus> 0.0012413897822214724
<151,admissions4-1,stu0-17application0-17,setStatus> 1.8236582239886345E-4
<152,stu5-12,stu5-12application5-12,checkStatus> 8.981603503766804E-4
<153,fac4-0,roster4-1,read> 0.0016366529502604356
<154,stu2-16,gradebook2-2,addScore> 2.613395143987926E-4
<155,stu0-2,gradebook0-2,readMyScores> 1.560776605618927E-5
<156,registrar0-0,transcript5-7,read> 2.586152844321786E-4
<157,registrar4-0,transcript4-17,read> 3.7661672284969284E-4
<158,stu4-13,stu4-13application4-13,checkStatus> 0.0018602428487295062
<159,registrar4-1,transcript0-15,read> 3.4263717728043205E-4
<160,stu2-16,transcript2-16,read> 0.001460704569081601
<161,admissions0-0,application5-3,setStatus> 2.171432086907881E-4
<162,fac0-2,roster0-4,read> 0.00234702028689098
<163,admissions0-1,stu2-8application2-8,read> 1.969422798801232E-4
<164,chair3,transcript3-17,read> 0.0017195933127599704
<165,chair0,transcript0-11,read> 0.00160551862117921
<166,admissions0-0,stu0-8application0-8,read> 1.4541108924415056E-4
<167,registrar4-0,roster1-2,write> 1.5319898971869142E-4
<168,admissions0-0,application3-1,read> 1.2282458322032165E-4
<169,admissions0-1,stu0-18application0-18,read> 1.9594183227357792E-4
<170,chair4,transcript4-8,read> 0.001000426778881266
<171,fac3-4,roster3-9,read> 0.0015546874883415268
<172,registrar4-0,transcript0-1,read> 1.7731492229676495E-4
<173,stu0-14,stu0-14application0-14,checkStatus> 0.0012205879984733034
<174,fac0-4,gradebook0-9,changeScore> 2.6546193598540814E-4
<175,admissions2-0,stu3-11application3-11,read> 1.0455225979410055E-4
<176,fac1-4,roster1-8,read> 0.0024836293900891617
<177,registrar0-0,transcript4-17,read> 3.178850701635809E-4
<178,registrar0-0,roster3-4,write> 7.810825641478405E-5
<179,registrar2-1,transcript0-16,read> 2.9115438472091947E-4
<180,stu5-1,transcript5-1,read> 0.0012377671467734394
<181,registrar4-0,transcript2-10,read> 3.425392129105911E-4
<182,fac2-3,gradebook2-6,assignGrade> 6.919847698908168E-4
<183,stu2-14,transcript2-14,read> 0.0014435555365963579
<184,stu2-10,transcript2-10,read> 0.0014221192459898037
<185,stu3-4,stu3-4application3-4,checkStatus> 5.133273510355504E-4
<186,stu5-0,transcript5-0,read> 0.0012506289211373718
<187,admissions0-1,stu0-9application0-9,read> 1.0940311430741525E-4
<188,registrar4-1,transcript4-7,read> 2.1049397818643554E-4
<189,chair0,transcript0-2,read> 8.665130105038522E-4
<190,registrar4-1,roster3-4,read> 1.2922587110656103E-4
<191,admissions0-1,stu5-8application5-8,read> 1.9143981804412445E-4
<192,fac1-0,roster1-1,read> 0.0024472002959029793
<193,admissions2-0,stu2-14application2-14,read> 4.606938790792236E-5
<194,chair4,transcript4-17,read> 0.0018088691583449125
<195,admissions2-1,stu0-11application0-11,read> 1.3770772760139286E-4
<196,registrar2-0,roster0-1,write> 1.2557169505409622E-4
<197,chair0,transcript0-6,read> 5.441280125582264E-4
<198,stu2-19,gradebook2-4,addScore> 6.968898391340545E-4
<199,chair3,transcript3-15,read> 0.0017344726203574606
<200,fac3-0,roster3-1,read> 0.0014636147528760727
<201,admissions0-1,stu4-16application4-16,setStatus> 1.7093348429064755E-4
<202,stu1-8,transcript1-8,read> 0.001306363276714412
<203,chair2,transcript2-12,read> 0.001655116313170845
<204,registrar4-1,transcript5-11,read> 2.9059268319281636E-5
<205,registrar4-0,roster5-8,read> 1.2409416219723188E-4
<206,stu4-13,transcript4-13,read> 0.0015421624733865061
<207,admissions4-1,stu1-14application1-14,read> 1.4627268015827627E-4
<208,stu2-6,stu2-6application2-6,checkStatus> 0.0014546080656402068
<209,fac2-2,gradebook2-4,changeScore> 0.001947630219668437
<210,stu4-16,transcript4-16,read> 0.0015678860221143712
<211,registrar0-0,transcript2-17,read> 2.9958116574653015E-4
<212,app2-0,application2-0,checkStatus> 5.341291347837196E-4
<213,registrar0-1,transcript2-11,read> 2.8865394482905613E-4
<214,registrar0-1,transcript2-13,read> 2.903891219551419E-4
<215,stu1-7,transcript1-7,read> 0.001319225051078345
<216,registrar0-1,transcript0-8,read> 9.778446095962389E-5
<217,admissions4-1,stu2-19application2-19,read> 9.976970125845388E-5
<218,stu3-15,gradebook3-6,readMyScores> 2.490506448680349E-5
<219,registrar0-1,roster4-6,read> 9.632544074553204E-5
<220,registrar0-1,transcript2-8,read> 1.6545636887696806E-4
<221,admissions0-1,application4-1,setStatus> 1.607016337691622E-4
<222,fac5-0,roster5-1,read> 0.0016093311296207999
<223,registrar0-0,transcript3-7,read> 6.860332429327137E-5
<224,stu4-15,transcript4-15,read> 0.001550736989629128
<225,admissions0-0,stu4-12application4-12,read> 1.6348029406321372E-4
<226,chair2,transcript2-17,read> 0.0017047140051624794
<227,stu1-5,stu1-5application1-5,checkStatus> 0.001116579079732457
<228,chair0,transcript0-14,read> 0.001625357697975864
<229,chair0,transcript0-10,read> 0.0016104783903783735
<230,chair1,transcript1-7,read> 0.0015261623139925947
<231,registrar4-0,transcript4-10,read> 3.4976777562494607E-4
<232,stu1-17,stu1-17application1-17,checkStatus> 6.225367157134386E-4
<233,stu5-0,stu5-0application5-0,checkStatus> 0.0012673920119066838
<234,app4-1,application4-1,checkStatus> 0.0014702094034513334
<235,registrar2-1,roster5-7,read> 1.1047994859651564E-4
<236,admissions4-0,application2-2,read> 4.4729937469221505E-5
<237,stu2-7,transcript2-7,read> 8.219031090062915E-4
<238,registrar0-0,transcript3-19,read> 2.987095512504802E-4
<239,admissions2-0,stu0-5application0-5,read> 1.3676021822416965E-4
<240,admissions2-1,stu0-12application0-12,read> 4.1310609111650315E-5
<241,registrar0-0,transcript1-1,read> 2.2985200606252755E-4
<242,registrar0-0,roster5-7,read> 1.06070549317719E-4
<243,fac5-0,gradebook5-1,changeScore> 4.820285114296303E-4
<244,admissions0-1,stu0-10application0-10,setStatus> 2.2152430075799177E-4
<245,stu2-9,gradebook2-2,readMyScores> 2.1745271659895843E-4
<246,registrar0-1,roster0-5,read> 1.697057593460746E-4
<247,registrar4-0,roster4-2,read> 1.4219191055466173E-4
<248,registrar2-0,transcript2-18,read> 3.124587834587644E-4
<249,registrar0-0,roster3-5,write> 8.052335323770959E-5
<250,chair0,transcript0-16,read> 0.0015906393135817196
<251,admissions0-1,stu5-18application5-18,read> 1.1390512853686879E-4
<252,stu1-1,transcript1-1,read> 0.0011305856937406694
<253,stu5-10,stu5-10application5-10,checkStatus> 0.0018654432946665484
<254,chair5,transcript5-4,read> 0.0014666450836026328
<255,registrar2-0,roster2-2,read> 9.20839966701542E-5
<256,stu0-19,transcript0-19,read> 0.0013620976322914525
<257,stu1-0,transcript1-0,read> 0.001139160209983291
<258,admissions4-0,stu5-18application5-18,read> 9.727381944659591E-5
<259,admissions0-1,stu3-12application3-12,setStatus> 7.99837018774445E-5
<260,admissions0-0,stu5-11application5-11,setStatus> 1.21321667983635E-4
<261,chair0,transcript0-19,read> 0.0015757600059842294
<262,registrar0-1,transcript0-15,read> 2.834484134507989E-4
<263,fac2-1,gradebook2-2,changeScore> 0.0018620108758881629
<264,stu5-17,stu5-17application5-17,checkStatus> 0.0013089955794030224
<265,registrar0-1,roster1-8,read> 1.802831025677744E-4
<266,registrar4-0,transcript0-14,read> 3.384086056452455E-4
<267,admissions0-0,application5-1,read> 1.8907833422355318E-4
<268,registrar4-1,transcript3-16,read> 3.657097993444632E-4
<269,registrar0-0,roster2-4,read> 9.013091028641034E-5
<270,registrar0-0,transcript0-18,read> 2.777908033452794E-4
<271,admissions0-1,application5-2,setStatus> 2.1527150321708408E-4
<272,fac2-0,roster2-1,read> 0.001317898376131346
<273,registrar4-1,transcript2-16,read> 3.573197549575428E-4
<274,admissions0-0,application3-0,read> 1.2332650557640669E-4
<275,fac2-1,gradebook2-3,assignGrade> 6.973809470198257E-4
<276,fac2-0,gradebook2-1,addScore> 2.7714156524568875E-4
<277,stu1-0,stu1-0application1-0,checkStatus> 0.0019174477540369712
<278,registrar4-0,transcript3-15,read> 3.6112694560464664E-4
<279,fac1-1,gradebook1-3,changeScore> 7.842144306541267E-4
<280,registrar0-0,roster1-4,write> 1.264101928732952E-4
<281,stu5-3,transcript5-3,read> 0.0012549161792586826
<282,fac4-1,roster4-3,read> 0.0016548674973535264
<283,registrar4-1,roster1-5,read> 2.1313445012963075E-4
<284,registrar4-0,roster1-8,write> 1.5606029380682261E-4
<285,admissions2-0,application5-2,setStatus> 1.8237772513637513E-4
<286,stu1-11,stu1-11application1-11,checkStatus> 0.0016366236734366873
<287,fac0-2,roster0-5,read> 0.0023379130133444346
<288,fac2-4,gradebook2-9,changeScore> 0.0019023023317847622
<289,registrar2-1,transcript4-5,read> 1.8856757279898446E-4
<290,registrar2-0,transcript5-2,read> 2.654600415331843E-4
<291,registrar2-0,transcript2-13,read> 3.0251674189758396E-4
<292,fac5-2,roster5-5,read> 0.0013998638380502547
<293,stu5-8,stu5-8application5-8,checkStatus> 0.001990253997155564
<294,stu2-7,gradebook2-6,addScore> 5.90554783895037E-4
<295,registrar4-1,transcript2-14,read> 3.531247327640826E-4
<296,stu1-9,stu1-9application1-9,checkStatus> 0.0015794187681292219
<297,fac0-1,roster0-3,read> 0.002301483919158253
<298,registrar0-0,transcript0-16,read> 2.795340323373794E-4
<299,registrar0-1,roster2-6,read> 1.2078554694571287E-4
<300,chair1,transcript1-1,read> 0.0013079324692294016
<301,stu2-11,transcript2-11,read> 0.0014264065041111147
<302,fac4-2,gradebook4-5,addScore> 3.642584686445883E-4
<303,stu0-14,transcript0-14,read> 0.0014049702135045606
<304,registrar0-1,transcript4-5,read> 1.8020537444869686E-4
<305,registrar4-0,transcript3-19,read> 3.5389838289029174E-4
<306,fac1-2,roster1-5,read> 0.0024289857488098885
<307,admissions4-1,stu0-16application0-16,setStatus> 1.1679975366384446E-4
<308,registrar0-0,roster4-1,read> 1.1935358184380956E-4
<309,fac4-3,gradebook4-7,readScore> 8.756026044760803E-5
<310,fac0-4,roster0-8,read> 0.0025109512107287977
<311,chair2,transcript2-3,read> 9.706681636862852E-4
<312,stu5-18,stu5-18application5-18,checkStatus> 0.001184184876914007
<313,stu2-0,transcript2-0,read> 0.0010019679501013453
<314,chair4,transcript4-12,read> 0.0017890300815482589
<315,fac5-1,gradebook5-3,changeScore> 4.8706494341670527E-4
<316,registrar0-1,transcript3-17,read> 3.0080018471165645E-4
<317,app0-1,application0-1,checkStatus> 6.329376075875232E-4
<318,admissions0-1,stu3-15application3-15,setStatus> 1.6013319762907968E-4
<319,fac2-0,gradebook2-1,changeScore> 0.0018670473078752378
<320,app5-3,application5-3,checkStatus> 0.0019798531052814786
<321,fac1-1,gradebook1-2,changeScore> 7.691051346929018E-4
<322,registrar2-0,transcript3-13,read> 3.178817152194082E-4
<323,stu0-9,stu0-9application0-9,checkStatus> 0.0011373808634806263
<324,stu3-16,stu3-16application3-16,checkStatus> 3.6251441886132364E-4
<325,stu4-1,stu4-1application4-1,checkStatus> 0.0018862450784147176
<326,chair3,transcript3-13,read> 0.0017443921587557872
<327,registrar2-0,transcript3-15,read> 3.1607407129919366E-4
<328,stu4-8,transcript4-8,read> 8.647756902193996E-4
<329,admissions2-0,stu3-7application3-7,setStatus> 1.3855409748780615E-4
<330,stu2-0,stu2-0application2-0,checkStatus> 0.0010385723906768225
<331,stu3-0,gradebook3-1,addScore> 1.0332652559687293E-4
<332,registrar2-1,roster3-6,read> 1.1601403420322865E-4
<333,stu1-14,transcript1-14,read> 1.6595261644573896E-4
<334,fac3-2,roster3-4,read> 0.0014727220264226183
<335,registrar0-1,transcript2-1,read> 1.6805913456609665E-4
<336,admissions4-0,stu5-0application5-0,read> 1.0410879596397796E-4
<337,stu4-8,stu4-8application4-8,checkStatus> 8.617572288173845E-4
<338,chair5,transcript5-7,read> 0.0014716048528017962
<339,app5-1,application5-1,checkStatus> 0.00195905132153331
<340,stu3-13,transcript3-13,read> 0.0015078644084160198
<341,chair3,transcript3-8,read> 3.407774753925238E-4
<342,fac0-1,gradebook0-2,addScore> 1.922968246767E-4
<343,registrar2-1,transcript4-11,read> 3.1021919047632333E-4
<344,stu3-17,transcript3-17,read> 0.001486428117809466
<345,fac0-4,gradebook0-8,addScore> 1.712071500739241E-4
<346,admissions2-1,stu2-9application2-9,setStatus> 1.662749297611795E-4
<347,admissions2-0,stu2-12application2-12,setStatus> 5.090684219066824E-5
<348,registrar4-0,transcript4-14,read> 3.755840710333563E-4
<349,stu0-8,transcript0-8,read> 4.832097174227383E-4
<350,stu4-11,stu4-11application4-11,checkStatus> 0.0018446415109183794
<351,admissions2-0,stu5-8application5-8,setStatus> 1.8430403843960893E-4
<352,admissions4-1,stu1-15application1-15,setStatus> 1.36371714480268E-4
<353,registrar2-0,transcript3-14,read> 3.16977893259301E-4
<354,stu3-8,gradebook3-7,readMyScores> 6.289492185016598E-5
<355,stu3-7,transcript3-7,read> 3.3744294129817105E-4
<356,stu3-10,transcript3-10,read> 0.0015250134409012632
<357,registrar4-1,transcript3-5,read> 8.044829018916916E-5
<358,admissions2-0,stu1-13application1-13,read> 1.0200952623383192E-4
<359,stu4-16,gradebook4-1,readMyScores> 4.599753168755357E-5
<360,stu2-6,transcript2-6,read> 8.090413346423592E-4
<361,registrar4-0,transcript1-8,read> 3.14657613869508E-4
<362,stu2-1,stu2-1application2-1,checkStatus> 0.00116858353910288
<363,fac0-3,roster0-7,read> 0.0023561275604375253
<364,admissions0-1,stu2-19application2-19,setStatus> 1.317113906249537E-4
<365,admissions0-0,stu3-15application3-15,setStatus> 1.6067694363121576E-4
<366,fac2-3,gradebook2-7,addScore> 4.874086735121209E-4
<367,stu1-3,gradebook1-9,readMyScores> 5.130882546283252E-5
<368,admissions4-0,stu4-5application4-5,read> 6.608923908604038E-5
<369,fac2-1,gradebook2-3,addScore> 0.0013627737651307646
<370,chair0,transcript0-17,read> 0.001585679544382556
<371,registrar2-0,transcript4-8,read> 1.8230842120331182E-4
<372,registrar4-1,roster1-7,read> 2.1713009674977692E-4
<373,admissions0-0,stu1-0application1-0,read> 1.8506295537487245E-4
<374,admissions0-1,stu5-13application5-13,read> 1.8693780381467086E-4
<375,fac1-4,gradebook1-9,addScore> 2.6821599184485265E-4
<376,registrar2-0,transcript4-0,read> 1.8953899688417032E-4
<377,fac4-3,gradebook4-6,changeScore> 0.0011518739657105969
<378,admissions2-0,stu4-5application4-5,setStatus> 7.45041801552823E-5
<379,registrar2-0,transcript5-13,read> 2.4139578184532722E-5
<380,admissions0-1,stu5-0application5-0,setStatus> 1.3853262430594396E-4
<381,admissions2-0,stu0-11application0-11,read> 1.4226947427141832E-4
<382,fac3-0,gradebook3-1,changeScore> 4.115184636105813E-4
<383,registrar4-0,transcript5-6,read> 3.074290511551531E-4
<384,stu2-0,gradebook2-8,readScore> 2.1174106808707013E-4
<385,registrar2-0,transcript1-8,read> 2.754020830943647E-4
<386,stu4-4,gradebook4-4,readMyScores> 8.837635523440019E-5
<387,stu0-3,stu0-3application0-3,checkStatus> 8.149532153840037E-4
<388,admissions0-1,stu0-15application0-15,setStatus> 1.339851351852838E-4
<389,admissions2-1,application5-4,read> 1.5739735180355307E-4
<390,registrar0-1,roster5-2,write> 8.544009250104122E-5
<391,registrar0-0,roster0-8,read> 1.8311213796904426E-4
<392,admissions4-1,application5-1,setStatus> 1.843230184805058E-4
<393,admissions2-1,stu4-0application4-0,setStatus> 5.533433884938681E-5
<394,stu2-18,gradebook2-6,readMyScores> 1.637484838892993E-4
<395,admissions0-1,stu4-5application4-5,read> 7.738879089796776E-5
<396,registrar2-0,roster2-7,read> 1.2651864796469608E-4
<397,chair2,transcript2-18,read> 0.0017146335435608067
<398,admissions0-1,application4-3,setStatus> 1.6297537832949226E-4
<399,stu3-0,gradebook3-3,readMyScores> 4.37549974437931E-5
<400,fac1-1,gradebook1-3,assignGrade> 2.800765823764738E-4
<401,registrar2-1,transcript2-1,read> 1.758577022953819E-4
<402,admissions0-1,stu0-0application0-0,read> 1.2090826178268543E-4
<403,app0-2,application0-2,checkStatus> 6.277371616504809E-4
<404,stu4-10,transcript4-10,read> 0.0014521300528389795
<405,registrar4-1,transcript3-6,read> 8.359455683426433E-5
<406,registrar0-0,roster1-2,write> 1.2930830906080585E-4
<407,admissions2-0,stu4-13application4-13,setStatus> 1.7226458029439767E-4
<408,registrar0-0,transcript0-15,read> 2.8476371931367964E-4
<409,stu2-7,stu2-7application2-7,checkStatus> 9.605657016211882E-4
<410,admissions0-1,application5-4,read> 1.9194004184739698E-4
<411,admissions0-1,stu2-1application2-1,read> 1.1240445712705094E-4
<412,admissions0-0,stu2-8application2-8,read> 1.9761101427699966E-4
<413,chair2,transcript2-6,read> 9.35949779292141E-4
<414,stu5-2,transcript5-2,read> 0.0012592034373799935
<415,stu0-19,stu0-19application0-19,checkStatus> 0.0010281714988027379
<416,registrar2-1,transcript3-5,read> 6.963949880098905E-5
<417,stu3-19,stu3-19application3-19,checkStatus> 0.0015742183221921795
<418,registrar2-0,transcript0-18,read> 2.8805559053586707E-4
<419,fac4-4,gradebook4-9,changeScore> 9.90708142124199E-4
<420,stu4-0,transcript4-0,read> 8.99073755189886E-4
<421,admissions4-0,stu4-2application4-2,setStatus> 9.112088426493276E-5
<422,admissions4-1,stu4-9application4-9,read> 1.0321436636214443E-4
<423,admissions2-1,stu5-19application5-19,read> 2.5722989951606843E-5
<424,registrar0-1,transcript2-18,read> 2.999325961486135E-4
<425,registrar0-0,roster1-1,write> 1.2979132842539095E-4
<426,admissions4-1,stu1-2application1-2,setStatus> 1.530078811742281E-4
<427,admissions4-0,stu4-0application4-0,setStatus> 5.7625615820375906E-5
<428,registrar4-0,roster2-9,read> 1.469130623000782E-4
<429,stu3-6,transcript3-6,read> 3.417301994194818E-4
<430,admissions2-1,stu2-6application2-6,read> 1.1473649936553936E-4
<431,stu3-3,stu3-3application3-3,checkStatus> 0.001933049091848098
<432,registrar0-0,roster1-5,write> 1.2882528969622073E-4
<433,registrar2-1,roster2-2,read> 9.249417037469832E-5
<434,stu2-19,gradebook2-4,readScore> 2.5674888810202004E-4
<435,admissions0-1,stu5-15application5-15,setStatus> 4.587753347249333E-5
<436,stu2-12,transcript2-12,read> 0.0014306937622324254
<437,stu5-11,stu5-11application5-11,checkStatus> 0.0011061781878583725
<438,admissions0-1,stu5-14application5-14,setStatus> 3.678255523117301E-5
<439,fac2-2,roster2-5,read> 0.0012268256406658914
<440,admissions0-0,stu3-17application3-17,setStatus> 1.618176762586819E-4
<441,stu2-14,gradebook2-1,addScore> 2.8259353046363676E-4
<442,registrar2-1,transcript4-17,read> 3.3109969201795613E-4
<443,stu0-12,transcript0-12,read> 0.0014178319878684932
<444,stu2-5,stu2-5application2-5,checkStatus> 0.001407804052206826
<445,registrar0-0,roster1-3,write> 1.2689321223788029E-4
<446,fac2-3,roster2-6,read> 0.0016639747709000722
<447,registrar0-0,roster1-8,read> 1.8111968309013067E-4
<448,stu5-14,stu5-14application5-14,checkStatus> 3.365121891761122E-4
<449,admissions4-1,stu0-8application0-8,read> 1.2474352326021036E-4
<450,chair2,transcript2-7,read> 9.508290868896313E-4
<451,stu3-18,transcript3-18,read> 0.0014778536015668444
<452,admissions2-1,stu3-6application3-6,setStatus> 1.746653946200546E-4
<453,fac4-4,roster4-8,read> 0.001199503820026255
<454,stu2-17,stu2-17application2-17,checkStatus> 0.0011113786337954147
<455,admissions0-0,application4-0,read> 1.353726421224488E-4
<456,stu2-13,gradebook2-3,readMyScores> 1.0152736276279045E-4
<457,registrar0-1,roster3-1,read> 1.062417000158756E-4
<458,stu1-13,stu1-13application1-13,checkStatus> 0.0012517906740955572
<459,chair2,transcript2-1,read> 9.607486252879582E-4
<460,registrar0-0,roster1-9,write> 1.3220642524831651E-4
<461,admissions4-0,stu3-13application3-13,read> 1.0154567976995969E-4
<462,registrar0-0,roster1-8,write> 1.317234058837314E-4
<463,chair1,transcript1-3,read> 0.0015460013907892486
<464,registrar0-0,roster1-7,write> 1.312403865191463E-4
<465,registrar0-0,roster1-6,write> 1.2785925096705052E-4
<466,admissions0-1,stu5-11application5-11,read> 1.0640177148777954E-4
<467,registrar2-0,transcript1-2,read> 2.8082501485500856E-4
<468,registrar2-0,roster3-5,read> 1.1481086652455185E-4
<469,admissions2-1,stu5-3application5-3,setStatus> 1.355098919453042E-4
<470,registrar0-1,transcript4-14,read> 3.155491902833851E-4
<471,registrar0-1,transcript0-1,read> 1.489721861791534E-4
<472,fac2-1,roster2-2,read> 0.001217718367119346
<473,registrar0-0,transcript1-4,read> 2.69074658384779E-4
<474,chair2,transcript2-14,read> 0.0016699956207683352
<475,stu4-1,gradebook4-5,readScore> 1.5938227346570986E-4
<476,stu4-19,stu4-19application4-19,checkStatus> 6.589398372727347E-4
<477,fac3-1,gradebook3-3,changeScore> 4.417370555330309E-4
<478,registrar0-1,transcript1-5,read> 2.6869940787907E-4
<479,registrar4-0,roster0-5,read> 2.0199316599660386E-4
<480,stu4-3,stu4-3application4-3,checkStatus> 0.0020318575646519023
<481,fac4-0,gradebook4-1,changeScore> 0.0011065460778269223
<482,stu2-17,transcript2-17,read> 0.0014735663434455332
<483,stu0-10,transcript0-10,read> 0.0013921084391406281
<484,stu3-18,stu3-18application3-18,checkStatus> 0.00164182411937373
<485,admissions0-1,stu0-10application0-10,read> 1.9494138466703273E-4
<486,admissions4-1,stu5-13application5-13,setStatus> 1.8285512141927407E-4
<487,admissions4-0,stu0-8application0-8,setStatus> 1.4063562892210375E-4
<488,admissions2-0,stu3-19application3-19,setStatus> 1.4577777237493293E-4
<489,stu2-8,transcript2-8,read> 8.176158508849808E-4
<490,admissions0-0,stu1-13application1-13,setStatus> 1.372919247681606E-4
<491,registrar2-0,transcript0-19,read> 2.8715176857575976E-4
<492,chair0,transcript0-18,read> 0.001580719775183393
<493,stu5-10,transcript5-10,read> 1.3594180959656334E-4
<494,admissions0-0,stu0-3application0-3,setStatus> 8.9381154414584E-5
<495,registrar4-1,roster1-8,read> 2.1792922607380617E-4
<496,registrar0-0,transcript0-4,read> 9.300853018267233E-5
<497,stu2-9,stu2-9application2-9,checkStatus> 0.0018550424027924636
<498,registrar4-0,transcript3-4,read> 8.024565156114212E-5
<499,fac1-0,gradebook1-1,changeScore> 7.590322707187519E-4
<500,registrar0-0,roster1-7,read> 1.8045553146382615E-4
<501,fac5-3,roster5-6,read> 0.0013816492909571637
<502,stu1-2,stu1-2application1-2,checkStatus> 0.0016262227815626025
<503,registrar2-0,roster3-2,write> 7.949187077630921E-5
<504,stu4-16,stu4-16application4-16,checkStatus> 0.0015638174303180949
<505,fac4-4,gradebook4-9,assignGrade> 3.538243364729282E-4
<506,registrar2-1,transcript5-4,read> 2.6845818739305773E-4
<507,registrar2-0,transcript0-10,read> 2.9347852229651085E-4
<508,fac3-3,roster3-7,read> 0.0015364729412484358
<509,admissions2-1,stu4-13application4-13,setStatus> 1.6674106669778375E-4
<510,admissions4-1,stu3-2application3-2,setStatus> 4.878718982677253E-5
<511,admissions2-1,stu2-18application2-18,setStatus> 1.4063739824795012E-4
<512,stu1-11,gradebook1-5,readMyScores> 7.541994857239686E-5
<513,admissions4-1,stu0-18application0-18,read> 1.6866300333226488E-4
<514,app3-4,application3-4,checkStatus> 0.001288193795654853
<515,fac5-3,gradebook5-6,changeScore> 4.7699207944255543E-4
<516,admissions4-0,stu1-14application1-14,read> 1.4511865506827015E-4
<517,admissions0-0,stu2-7application2-7,setStatus> 1.0535141119910951E-4
<518,admissions2-1,stu1-4application1-4,read> 1.5944835432461142E-4
<519,registrar2-1,transcript4-7,read> 1.822126375471832E-4
<520,admissions0-0,stu5-8application5-8,read> 1.9208986836006373E-4
<521,registrar4-1,transcript3-13,read> 3.6885606598955836E-4
<522,admissions4-1,stu1-12application1-12,read> 1.019226169482605E-4
<523,fac2-4,roster2-9,read> 0.0017004038650862538
<524,admissions0-0,stu4-18application4-18,read> 9.892053101176931E-6
<525,fac3-3,gradebook3-7,changeScore> 4.215913275847311E-4
<526,registrar0-0,roster2-7,read> 1.2201018834902765E-4
<527,admissions0-1,stu1-13application1-13,setStatus> 1.368273158856964E-4
<528,registrar4-0,transcript0-18,read> 3.291147392982178E-4
<529,admissions2-1,stu2-17application2-17,setStatus> 9.961734782678306E-5
<530,registrar2-1,transcript2-16,read> 3.093113425832088E-4
<531,stu2-12,stu2-12application2-12,checkStatus> 5.497304725948465E-4
<532,stu0-0,stu0-0application0-0,checkStatus> 0.0012569911200325991
<533,fac3-4,roster3-8,read> 0.0015455802147949812
<534,admissions4-0,stu2-7application2-7,read> 7.890482005613169E-5
<535,stu0-1,transcript0-1,read> 7.361579465800755E-4
<536,registrar0-1,transcript0-9,read> 1.012548152117954E-4
<537,stu0-4,stu0-4application0-4,checkStatus> 0.0013193964712771068
<538,registrar2-1,transcript2-17,read> 3.120348862625522E-4
<539,admissions0-1,stu4-7application4-7,setStatus> 4.24669166319982E-5
<540,chair1,transcript1-5,read> 0.0015360818523909216
<541,registrar0-1,transcript1-9,read> 2.652290536268985E-4
<542,fac1-4,roster1-9,read> 0.002492736663635707
<543,chair2,transcript2-5,read> 9.409095484913043E-4
<544,chair4,transcript4-6,read> 0.0010351451632754105
<545,stu5-6,stu5-6application5-6,checkStatus> 3.105099594909006E-4
<546,admissions4-0,stu2-19application2-19,setStatus> 1.1248018588175164E-4
<547,admissions2-1,stu5-18application5-18,setStatus> 1.0614326493924146E-4
<548,admissions0-1,stu4-18application4-18,read> 9.85857745616449E-6
<549,registrar0-0,roster2-1,read> 9.610827492315108E-5
<550,chair1,transcript1-13,read> 1.8702463021845608E-4
<551,admissions2-0,stu3-17application3-17,setStatus> 1.3662778418457237E-4
<552,admissions0-1,stu2-7application2-7,setStatus> 1.049948920410753E-4
<553,admissions4-0,stu0-17application0-17,setStatus> 1.809270387901939E-4
<554,fac5-1,gradebook5-2,addScore> 8.702803470548617E-5
<555,admissions4-0,application5-2,setStatus> 1.8383967082885106E-4
<556,chair4,transcript4-5,read> 0.001030185394076247
<557,stu3-4,gradebook3-5,readMyScores> 4.114769354532777E-5
<558,stu3-0,stu3-0application3-0,checkStatus> 7.785500938247077E-4
<559,stu5-13,stu5-13application5-13,checkStatus> 0.001943449983722183
<560,stu4-17,stu4-17application4-17,checkStatus> 9.033607963137227E-4
<561,fac5-1,gradebook5-3,addScore> 2.1957553824070928E-4
<562,stu1-1,gradebook1-7,readMyScores> 5.998622992037864E-5
<563,admissions0-1,stu5-3application5-3,setStatus> 1.6524912288982233E-4
<564,admissions4-1,stu3-15application3-15,setStatus> 1.378396115414998E-4
<565,registrar2-0,roster4-2,write> 9.051095919056263E-5
<566,registrar0-0,transcript3-14,read> 3.056824672188805E-4
<567,admissions2-0,stu1-5application1-5,read> 9.099101413933457E-5
<568,registrar4-1,transcript3-15,read> 3.6675855489282826E-4
<569,fac5-2,gradebook5-4,assignGrade> 1.6675686266728768E-4
<570,admissions2-0,application4-3,setStatus> 1.380725191619977E-4
<571,admissions2-1,stu1-13application1-13,read> 9.87386797012842E-5
<572,admissions4-1,stu5-0application5-0,read> 1.0493669891398971E-4
<573,admissions4-1,stu0-2application0-2,read> 7.194326596770366E-6
<574,admissions0-0,stu2-1application2-1,read> 1.1278613609861984E-4
<575,admissions0-1,application5-1,read> 1.884384752244887E-4
<576,registrar4-0,transcript3-18,read> 3.559636865229645E-4
<577,stu2-1,gradebook2-2,readMyScores> 2.2583419175694824E-4
<578,admissions0-0,stu1-1application1-1,setStatus> 2.2398760445558477E-4
<579,stu5-0,gradebook5-6,addScore> 1.7989761678646672E-4
<580,stu3-1,gradebook3-9,addScore> 1.41932603152042E-4
<581,fac2-2,gradebook2-5,changeScore> 0.001942593787681362
<582,admissions0-0,stu4-7application4-7,setStatus> 4.261111668847358E-5
<583,fac2-3,roster2-7,read> 0.0016730820444466174
<584,registrar4-0,roster3-6,write> 9.59729079560674E-5
<585,admissions4-1,stu4-12application4-12,read> 1.4024451622681784E-4
<586,admissions2-0,stu0-7application0-7,read> 9.1414803066046E-5
<587,stu2-8,stu2-8application2-8,checkStatus> 0.002047458902463029
<588,registrar2-1,transcript3-14,read> 3.183898215143536E-4
<589,admissions0-1,stu2-7application2-7,read> 9.239550499614627E-5
<590,registrar4-0,transcript2-18,read> 3.5699633833930096E-4
<591,admissions4-1,stu4-5application4-5,read> 6.661479963543234E-5
<592,stu4-4,gradebook4-8,readMyScores> 1.2752250387306274E-4
<593,fac2-1,gradebook2-3,changeScore> 0.0019526666516555115
<594,registrar0-1,transcript2-5,read> 1.6458878031392517E-4
<595,admissions2-1,stu3-11application3-11,setStatus> 1.1499986673472073E-4
<596,admissions0-1,stu1-5application1-5,setStatus> 1.2204797624355089E-4
<597,stu3-11,stu3-11application3-11,checkStatus> 0.0012829933497178108
<598,admissions0-0,stu1-4application1-4,setStatus> 2.2170613920065256E-4
<599,registrar4-1,roster2-9,write> 1.0851207578712136E-4
<600,admissions0-1,application5-4,setStatus> 2.1811368391749661E-4
<601,admissions2-1,application5-3,setStatus> 1.7746221623967962E-4
<602,fac2-3,gradebook2-6,readScore> 1.3225014252344993E-4
<603,admissions2-1,stu3-10application3-10,read> 4.172080961586199E-5
<604,registrar4-1,transcript3-19,read> 3.594172660542729E-4
<605,stu1-18,stu1-18application1-18,checkStatus> 0.0011633830931658377
<606,fac4-1,gradebook4-2,changeScore> 0.0011115825098139973
<607,registrar0-0,transcript3-17,read> 3.0219600923468037E-4
<608,fac1-0,gradebook1-1,addScore> 5.29731618321115E-4
<609,stu2-10,stu2-10application2-10,checkStatus> 0.0012621915659696418
<610,admissions0-0,stu3-14application3-14,read> 1.1680151494730059E-4
<611,stu4-2,gradebook4-3,readMyScores> 1.4920394815761456E-4
<612,admissions2-0,stu2-17application2-17,setStatus> 1.0291730137798083E-4
<613,admissions0-0,stu3-4application3-4,setStatus> 5.629990821806688E-5
<614,admissions4-1,stu4-0application4-0,setStatus> 5.808387121457373E-5
<615,chair2,transcript2-19,read> 0.0017245530819591335
<616,admissions4-1,stu2-19application2-19,setStatus> 1.1337466052097032E-4
<617,registrar2-1,transcript0-17,read> 2.9024653682780495E-4
<618,stu4-12,stu4-12application4-12,checkStatus> 0.0016938285787441523
<619,admissions4-1,stu3-13application3-13,read> 1.023532000862218E-4
<620,admissions0-0,stu0-16application0-16,read> 1.198130490838111E-4
<621,admissions2-0,stu1-15application1-15,setStatus> 1.342198925555301E-4
<622,registrar4-0,transcript1-7,read> 3.1775556931851727E-4
<623,fac5-0,gradebook5-1,addScore> 1.4911306194856952E-4
<624,chair2,transcript2-2,read> 9.557888560887949E-4
<625,admissions0-1,stu3-13application3-13,read> 1.1890736656959497E-4
<626,stu2-2,transcript2-2,read> 8.261903671276025E-4
<627,admissions2-1,stu2-10application2-10,setStatus> 1.1313531898830403E-4
<628,stu5-3,stu5-3application5-3,checkStatus> 0.0015118129709476718
<629,fac3-2,roster3-5,read> 0.001518258394155345
<630,stu5-9,transcript5-9,read> 0.0012806397279865474
<631,registrar2-1,transcript2-5,read> 1.7222631072292402E-4
<632,admissions4-0,stu0-15application0-15,setStatus> 1.1442194057418971E-4
<633,registrar2-1,transcript2-4,read> 1.7676555018849638E-4
<634,admissions2-0,stu0-13application0-13,read> 1.397267407111497E-4
<635,chair4,transcript4-2,read> 0.0010500244708729009
<636,stu3-15,stu3-15application3-15,checkStatus> 0.001465008957514291
<637,registrar2-1,transcript2-7,read> 1.7404200650915296E-4
<638,app0-4,application0-4,checkStatus> 6.381380535245655E-4
<639,registrar4-0,roster5-9,read> 1.2802845531841223E-4
<640,admissions0-1,stu2-19application2-19,read> 1.1590602374995926E-4
<641,registrar0-0,transcript4-1,read> 1.8365643777187577E-4
<642,stu2-5,gradebook2-2,addScore> 3.9720409374984693E-4
<643,registrar2-1,transcript2-6,read> 1.7131846282980958E-4
<644,chair0,transcript0-13,read> 0.0016303174671750274
<645,registrar2-1,transcript2-9,read> 1.8039694176095425E-4
<646,stu0-18,transcript0-18,read> 0.0013663848904127635
<647,registrar2-0,transcript2-8,read> 1.7236637964213145E-4
<648,registrar2-1,transcript2-8,read> 1.7313415861603852E-4
<649,admissions4-0,stu0-2application0-2,read> 7.137566623620305E-6
<650,registrar4-0,transcript2-5,read> 1.9590265499082045E-4
<651,app1-1,application1-1,checkStatus> 2.1690193262413927E-4
<652,registrar4-1,transcript5-0,read> 3.0593073308765524E-4
<653,fac0-1,roster0-2,read> 0.0023196984662513438
<654,registrar4-1,roster3-8,read> 1.3561890569879488E-4
<655,admissions0-0,stu0-16application0-16,setStatus> 1.3615119214069446E-4
<656,registrar2-1,roster1-1,read> 1.8588186498798054E-4
<657,registrar4-0,roster0-5,write> 1.469041207248028E-4
<658,registrar0-0,transcript3-11,read> 3.0829731070703054E-4
<659,admissions4-0,stu5-18application5-18,setStatus> 1.1053843118931355E-4
<660,admissions2-0,stu4-3application4-3,setStatus> 1.8815666504607656E-4
<661,registrar0-1,transcript2-10,read> 2.877863562660132E-4
<662,admissions4-1,stu1-16application1-16,read> 9.54638698788407E-5
<663,stu1-4,transcript1-4,read> 0.0013235123091996552
<664,fac3-1,gradebook3-2,changeScore> 4.367006235459559E-4
<665,admissions2-0,stu2-10application2-10,setStatus> 1.1688307282642589E-4
<666,admissions4-0,stu5-2application5-2,setStatus> 1.3820843555655617E-4
<667,admissions0-0,stu5-10application5-10,read> 1.800437318140216E-4
<668,fac5-3,gradebook5-7,addScore> 1.4779858763866704E-4
<669,chair3,transcript3-11,read> 0.0017543116971541145
<670,registrar4-1,transcript4-15,read> 3.793436214732089E-4
<671,chair0,transcript0-12,read> 0.0016402370055733546
<672,admissions2-0,stu3-14application3-14,setStatus> 1.1206728956834141E-4
<673,fac5-3,gradebook5-6,addScore> 1.5299703857540626E-4
<674,registrar2-1,transcript2-0,read> 2.1217161801996066E-4
<675,admissions0-1,application2-3,read> 5.687961496379048E-5
<676,admissions0-0,stu2-17application2-17,setStatus> 1.2189203429736805E-4
<677,registrar0-1,transcript4-8,read> 1.7499984307043964E-4
<678,admissions2-1,stu3-19application3-19,setStatus> 1.411035351845543E-4
<679,registrar4-0,roster2-2,read> 1.0520955521556593E-4
<680,stu3-11,transcript3-11,read> 0.0015164389246586417
<681,registrar0-1,transcript1-8,read> 2.6436146506385566E-4
<682,registrar2-1,transcript2-2,read> 1.7494985440226745E-4
<683,registrar2-1,transcript2-3,read> 1.7767339808161082E-4
<684,stu0-18,stu0-18application0-18,checkStatus> 0.002037058010588944
<685,registrar2-0,transcript2-6,read> 1.7055873572191686E-4
<686,registrar2-0,transcript2-5,read> 1.7146255768202414E-4
<687,registrar4-1,roster5-2,write> 1.0328141112074819E-4
<688,registrar4-1,transcript4-14,read> 3.814411325699389E-4
<689,registrar0-0,transcript4-15,read> 3.1527022667543085E-4
<690,registrar2-0,transcript4-3,read> 1.859237090437411E-4
<691,fac4-2,gradebook4-4,changeScore> 0.001136764669749372
<692,registrar0-1,roster2-7,write> 8.83248224705957E-5
<693,admissions4-1,stu1-10application1-10,read> 9.33109541890341E-5
<694,stu2-10,gradebook2-9,readMyScores> 1.7721392474413886E-4
<695,registrar0-1,roster3-2,write> 7.630511426411863E-5
<696,admissions0-0,stu2-19application2-19,read> 1.1629959259121548E-4
<697,admissions2-1,stu5-17application5-17,setStatus> 1.1733055141774156E-4
<698,registrar0-0,roster0-8,write> 1.3317246397748675E-4
<699,registrar4-0,transcript2-16,read> 3.5183307925761893E-4
<700,stu2-0,gradebook2-1,readMyScores> 1.2797441690761858E-4
<701,fac1-1,roster1-3,read> 0.002392556654623707
<702,fac0-3,roster0-6,read> 0.002365234833984071
<703,fac4-3,roster4-7,read> 0.0012996838290382548
<704,fac4-2,gradebook4-5,changeScore> 0.0011418011017364472
<705,registrar2-1,transcript3-15,read> 3.1748197362123907E-4
<706,registrar4-0,roster4-1,read> 1.414050519304256E-4
<707,admissions2-1,stu3-7application3-7,setStatus> 1.3411148113549174E-4
<708,registrar4-0,transcript5-19,read> 1.9319194397293736E-5
<709,admissions2-1,application4-2,read> 1.1514669986975103E-4
<710,registrar2-0,transcript2-4,read> 1.759816674825607E-4
<711,registrar2-0,transcript2-3,read> 1.76885489442668E-4
<712,registrar2-0,transcript2-9,read> 1.795969553229899E-4
<713,chair3,transcript3-14,read> 0.0017394323895566241
<714,admissions0-0,stu5-17application5-17,read> 1.2633803971291724E-4
<715,registrar4-0,roster3-5,write> 9.540064713844114E-5
<716,stu1-12,stu1-12application1-12,checkStatus> 0.0012309888903473877
<717,registrar2-0,transcript2-7,read> 1.7327020160223875E-4
<718,admissions0-0,stu0-10application0-10,setStatus> 2.222765055143856E-4
<719,app4-4,application4-4,checkStatus> 0.0014858107412624604
<720,stu0-13,gradebook0-1,addScore> 1.1642103830113062E-4
<721,registrar0-1,roster2-4,read> 8.971460123196963E-5
<722,registrar0-0,transcript0-14,read> 2.8563533380972965E-4
<723,fac4-2,roster4-4,read> 0.0012723620083986186
<724,registrar0-0,transcript1-2,read> 2.7081788737687914E-4
<725,app1-0,application1-0,checkStatus> 2.0650104075005464E-4
<726,chair3,transcript3-19,read> 0.0016997542359633163
<727,stu0-13,stu0-13application0-13,checkStatus> 0.0017146303624923217
<728,registrar2-0,transcript3-11,read> 3.196893591396229E-4
<729,registrar0-1,transcript4-13,read> 3.1207883603121363E-4
<730,admissions2-0,application4-0,setStatus> 1.29885687623254E-4
<731,admissions0-1,stu5-10application5-10,read> 1.7943444676558163E-4
<732,fac5-2,gradebook5-4,addScore> 2.127431386703139E-4
<733,admissions0-0,stu0-4application0-4,setStatus> 1.4470668684669023E-4
<734,admissions2-0,stu2-9application2-9,setStatus> 1.7178300196858917E-4
<735,fac5-2,gradebook5-5,addScore> 1.5155747618687408E-4
<736,stu3-12,transcript3-12,read> 0.0015121516665373307
<737,admissions4-1,stu0-11application0-11,read> 1.4455034760643102E-4
<738,registrar0-1,transcript0-17,read> 2.773752935094987E-4
<739,admissions2-1,stu3-14application3-14,setStatus> 1.0847394962226233E-4
<740,admissions2-0,stu4-0application4-0,read> 5.030727717503671E-5
<741,fac3-1,roster3-2,read> 0.0014454002057829817
<742,fac3-1,roster3-3,read> 0.0015000438470622543
<743,stu1-6,gradebook1-5,readScore> 6.0652527738839446E-5
<744,stu1-16,stu1-16application1-16,checkStatus> 0.0011529822012917531
<745,stu4-5,stu4-5application4-5,checkStatus> 8.045523235099191E-4
<746,admissions0-0,stu2-0application2-0,read> 1.0023807719649267E-4
<747,admissions4-1,stu5-3application5-3,read> 1.251741063981717E-4
<748,registrar2-0,transcript2-1,read> 1.7507784552245337E-4
<749,registrar2-0,transcript2-2,read> 1.7417402356234606E-4
<750,registrar2-0,transcript2-0,read> 2.1123072392674572E-4
<751,admissions2-1,application5-2,setStatus> 1.7652994236647132E-4
<752,stu3-19,gradebook3-7,readScore> 3.3072963312689164E-5
<753,admissions4-0,stu5-4application5-4,setStatus> 6.0538247859033017E-5
<754,stu1-3,transcript1-3,read> 0.0013363740835635879
<755,admissions0-1,stu0-3application0-3,setStatus> 8.907868011876476E-5
<756,stu5-2,stu5-2application5-2,checkStatus> 0.001480610295325418
<757,admissions0-0,stu1-18application1-18,read> 1.1228421374253476E-4
<758,admissions4-1,stu0-11application0-11,setStatus> 1.642617586436716E-4
<759,stu3-4,transcript3-4,read> 3.331556831768602E-4
<760,app1-3,application1-3,checkStatus> 2.3250327043526615E-4
<761,stu3-6,gradebook3-7,addScore> 1.3147540211272589E-4
<762,admissions4-1,stu1-5application1-5,read> 9.244978791311146E-5
<763,registrar0-0,transcript4-13,read> 3.135269976833307E-4
<764,stu4-0,gradebook4-7,addScore> 2.7092573331015775E-4
<765,admissions4-0,stu3-16application3-16,read> 2.9778426337448304E-5
<766,stu2-18,stu2-18application2-18,checkStatus> 0.001569017876255137
<767,admissions0-0,application3-0,setStatus> 1.401437563368258E-4
<768,admissions0-0,application3-2,setStatus> 1.4242522159175802E-4
<769,admissions0-0,application3-1,setStatus> 1.3957339002309277E-4
<770,registrar0-0,transcript5-2,read> 2.5600044094402857E-4
<771,registrar2-0,roster4-2,read> 1.244525688870236E-4
<772,admissions4-1,stu3-9application3-9,setStatus> 8.010232713305025E-5
<773,stu0-0,transcript0-0,read> 7.661687534292512E-4
<774,registrar0-1,roster0-8,read> 1.822663544218431E-4
<775,admissions4-0,stu0-4application0-4,setStatus> 1.2315983669016107E-4
<776,admissions0-0,stu5-16application5-16,read> 1.3085534091768303E-4
<777,fac1-3,gradebook1-7,assignGrade> 2.638880509894472E-4
<778,stu2-0,gradebook2-2,readMyScores> 2.2397164172183946E-4
<779,stu2-18,gradebook2-2,readMyScores> 1.4853836529993094E-4
<780,fac4-4,roster4-9,read> 0.0011721819993866188
<781,admissions0-0,application3-4,setStatus> 1.4128448896429192E-4
<782,admissions2-0,application5-1,read> 1.596448202665872E-4
<783,admissions0-0,application3-3,setStatus> 1.4185485527802498E-4
<784,admissions0-1,stu0-19application0-19,read> 9.889841443869028E-5
<785,admissions0-0,stu2-2application2-2,setStatus> 3.063342410007944E-5
<786,admissions0-0,stu5-13application5-13,read> 1.8757256715529793E-4
<787,registrar4-0,transcript4-7,read> 2.07261824970521E-4
<788,stu3-5,gradebook3-8,addScore> 1.950621879858333E-4
<789,stu0-11,stu0-11application0-11,checkStatus> 0.0017458330381145753
<790,admissions2-1,stu2-7application2-7,setStatus> 8.60993766652621E-5
<791,admissions0-1,stu1-6application1-6,setStatus> 2.8824449270017744E-5
<792,admissions4-0,stu2-12application2-12,setStatus> 5.131491306995215E-5
<793,registrar2-0,transcript4-5,read> 1.8773135296395565E-4
<794,app1-2,application1-2,checkStatus> 2.2730282449822387E-4
<795,fac0-2,gradebook0-5,addScore> 4.091150292739498E-5
<796,fac5-4,gradebook5-8,addScore> 1.0360659930567496E-4
<797,registrar2-1,roster3-9,write> 8.588313913145166E-5
<798,registrar2-0,transcript1-9,read> 2.7630590505447203E-4
<799,fac5-4,gradebook5-9,addScore> 1.529939844246365E-4
<800,admissions0-1,stu5-13application5-13,setStatus> 2.1242932251667145E-4
<801,chair3,transcript3-10,read> 0.0017642312355524413
<802,admissions0-0,stu2-14application2-14,read> 5.456314279274972E-5
<803,admissions2-1,stu4-3application4-3,setStatus> 1.8212358560572135E-4
<804,admissions0-1,application3-3,setStatus> 1.4137480500635657E-4
<805,chair4,transcript4-11,read> 0.0016947944667641528
<806,registrar4-1,transcript5-3,read> 3.069794886360203E-4
<807,stu5-1,gradebook5-2,addScore> 1.0299290908098922E-4
<808,stu0-13,transcript0-13,read> 0.0014092574716258715
<809,admissions0-1,application3-2,setStatus> 1.4194324114643906E-4
<810,admissions0-1,application3-1,setStatus> 1.3910106044602648E-4
<811,admissions0-1,stu2-9application2-9,setStatus> 2.027659081352686E-4
<812,chair3,transcript3-16,read> 0.001729512851158297
<813,fac5-3,gradebook5-7,changeScore> 4.719556474554805E-4
<814,registrar0-1,transcript2-19,read> 3.016677732746992E-4
<815,admissions4-1,stu2-17application2-17,read> 9.201920477515015E-5
<816,admissions4-1,stu3-16application3-16,read> 3.0015232908720257E-5
<817,admissions0-1,application3-0,setStatus> 1.3966949658610896E-4
<818,admissions4-1,stu3-3application3-3,read> 1.600513405730385E-4
<819,registrar4-0,roster2-5,read> 1.0599641383980199E-4
<820,admissions0-1,application3-4,setStatus> 1.4080636886627403E-4
<821,stu1-2,transcript1-2,read> 0.0013320868254422772
<822,registrar4-0,transcript0-12,read> 3.4150656109425476E-4
<823,admissions2-0,stu3-3application3-3,setStatus> 1.7900667685571593E-4
<824,admissions0-1,stu2-6application2-6,setStatus> 1.5899632534891465E-4
<825,admissions2-0,stu2-15application2-15,read> 2.996540869288779E-5
<826,stu0-17,transcript0-17,read> 0.001370672148534074
<827,admissions2-1,application5-1,read> 1.5452594827407138E-4
<828,admissions4-1,stu4-2application4-2,setStatus> 9.184550362290439E-5
<829,admissions2-1,stu2-15application2-15,read> 2.9004593985300208E-5
<830,stu2-2,gradebook2-1,addScore> 4.4251784352344404E-4
<831,stu2-3,stu2-3application2-3,checkStatus> 6.64140283209777E-4
<832,admissions2-1,stu5-15application5-15,read> 3.310659902741691E-5
<833,fac4-4,gradebook4-9,addScore> 4.306720812310694E-4
<834,chair4,transcript4-14,read> 0.001803909389145749
<835,registrar2-0,roster4-1,read> 1.2376387586113277E-4
<836,stu2-4,gradebook2-2,addScore> 3.9400728011805737E-4
<837,admissions4-0,stu3-0application3-0,read> 6.39533089243585E-5
<838,admissions2-1,stu0-6application0-6,read> 4.541261415376702E-5
<839,registrar0-0,transcript0-2,read> 1.5227831591407457E-4
<840,stu1-19,stu1-19application1-19,checkStatus> 4.613228916651273E-4
<841,registrar2-0,roster1-1,read> 1.8505755516541738E-4
<842,admissions0-1,stu1-16application1-16,read> 1.1090378571723308E-4
<843,registrar4-0,transcript2-0,read> 2.413393349096226E-4
<844,admissions2-1,stu0-16application0-16,setStatus> 1.1127077124188734E-4
<845,stu0-15,transcript0-15,read> 0.0014006829553832498
<846,registrar2-0,transcript3-17,read> 3.133626054188718E-4
<847,admissions2-1,application4-0,setStatus> 1.2572101627661664E-4
<848,admissions2-0,stu1-6application1-6,read> 2.148963015865907E-5
<849,fac2-3,gradebook2-7,assignGrade> 6.86588592761808E-4
<850,admissions0-0,stu3-12application3-12,read> 7.062465818747254E-5
<851,admissions4-1,stu2-7application2-7,read> 7.95322937742719E-5
<852,admissions4-0,stu4-11application4-11,read> 1.5152644555331587E-4
<853,admissions4-0,stu1-0application1-0,setStatus> 1.7898528409775584E-4
<854,admissions2-1,stu4-1application4-1,setStatus> 1.6907175138080458E-4
<855,admissions4-1,stu3-3application3-3,setStatus> 1.8187652337845286E-4
<856,stu4-9,stu4-9application4-9,checkStatus> 0.0012465902281585145
<857,stu1-15,gradebook1-4,addScore> 2.077314142729734E-4
<858,stu3-17,stu3-17application3-17,checkStatus> 0.0014754098493883758
<859,stu1-15,gradebook1-3,readMyScores> 2.90481521179964E-5
<860,registrar2-1,transcript0-13,read> 2.984171678658352E-4
<861,admissions0-0,stu1-16application1-16,read> 1.112803690303646E-4
<862,registrar0-1,transcript0-10,read> 2.8171323632471306E-4
<863,admissions2-0,stu2-17application2-17,read> 9.056722521262313E-5
<864,stu0-17,stu0-17application0-17,checkStatus> 0.0019382495377851406
<865,admissions0-1,stu5-12application5-12,read> 8.639281935687486E-5
<866,registrar4-0,roster5-7,write> 9.139482141505747E-5
<867,admissions0-1,stu5-17application5-17,read> 1.259104998154116E-4
<868,admissions2-0,stu0-6application0-6,read> 4.691696576134523E-5
<869,admissions2-0,stu1-9application1-9,setStatus> 1.4625935070074135E-4
<870,registrar4-0,transcript0-5,read> 1.153558133165802E-4
<871,admissions4-0,stu2-17application2-17,read> 9.129321499388663E-5
<872,fac4-1,gradebook4-3,changeScore> 0.0011216553737881472
<873,admissions4-1,stu3-0application3-0,read> 6.446188394562577E-5
<874,registrar4-1,roster5-9,write> 9.456363667679292E-5
<875,registrar4-1,roster5-8,write> 9.165771186214113E-5
<876,registrar4-1,roster5-7,write> 9.282008178800184E-5
<877,admissions2-0,stu5-12application5-12,read> 7.319187921745425E-5
<878,admissions4-0,stu2-0application2-0,read> 8.531261054117735E-5
<879,registrar4-1,roster5-1,write> 1.0270022615781784E-4
<880,admissions0-1,stu0-16application0-16,setStatus> 1.3569044360553135E-4
<881,chair2,transcript2-11,read> 0.0016501565439716813
<882,stu4-17,transcript4-17,read> 0.0015635987639930602
<883,stu4-3,gradebook4-6,addScore> 3.4807254905588046E-4
<884,registrar4-1,roster2-4,read> 1.0844850868180088E-4
<885,admissions4-0,application2-4,read> 4.942898382492166E-5
<886,admissions4-0,stu3-7application3-7,setStatus> 1.3966475157588474E-4
<887,stu1-3,stu1-3application1-3,checkStatus> 0.0014390067278290798
<888,admissions0-0,application5-4,setStatus> 2.1885430763198723E-4
<889,registrar4-1,roster5-6,write> 8.817060208455903E-5
<890,stu5-11,gradebook5-3,readMyScores> 4.321248176136323E-5
<891,admissions2-0,stu0-18application0-18,read> 1.6600165416725873E-4
<892,registrar4-1,roster5-5,write> 8.933297201041974E-5
<893,chair4,transcript4-0,read> 0.0010401049324745737
<894,registrar4-1,roster5-4,write> 8.584586223283761E-5
<895,admissions0-0,stu5-13application5-13,setStatus> 2.1315064449465676E-4
<896,registrar4-0,transcript0-19,read> 3.280820874818814E-4
<897,admissions0-1,stu3-12application3-12,read> 7.038565765215115E-5
<898,admissions0-0,stu4-3application4-3,read> 1.961052472087444E-4
<899,registrar2-0,roster0-9,read> 1.9125579239843494E-4
<900,admissions2-0,application5-2,read> 1.6049239812001008E-4
<901,admissions0-1,application5-1,setStatus> 2.14134630936919E-4
<902,chair3,transcript3-7,read> 3.903751673841586E-4
<903,chair1,transcript1-8,read> 0.001511283006395104
<904,admissions4-1,stu5-13application5-13,read> 1.6091250684896116E-4
<905,registrar2-1,transcript0-11,read> 2.9387792840026287E-4
<906,registrar4-1,roster5-3,write> 8.642704719576797E-5
<907,stu0-16,transcript0-16,read> 0.0013749594066553847
<908,fac5-1,gradebook5-2,changeScore> 4.921013754037802E-4
<909,fac1-2,roster1-4,read> 0.0023834493810771617
<910,registrar0-1,transcript4-16,read> 3.17284367409471E-4
<911,stu2-6,gradebook2-9,addScore> 8.505623760066434E-4
<912,admissions2-1,stu2-17application2-17,read> 8.766326608756908E-5
<913,registrar2-0,transcript0-2,read> 1.579052282804145E-4
<914,admissions4-1,stu2-10application2-10,read> 1.0450611577602839E-4
<915,registrar4-0,roster5-2,write> 1.016955161323298E-4
<916,admissions2-1,stu1-8application1-8,setStatus> 1.1919509916415823E-4
<917,admissions0-1,stu2-1application2-1,setStatus> 1.2773233764437608E-4
<918,chair3,transcript3-18,read> 0.0017096737743616433
<919,registrar4-0,roster5-3,write> 8.509995242116885E-5
<920,registrar4-0,roster5-4,write> 8.45276916035426E-5
<921,admissions0-0,stu5-2application5-2,setStatus> 1.6238804257241493E-4
<922,registrar4-0,roster5-5,write> 8.796125650930004E-5
<923,stu0-6,stu0-6application0-6,checkStatus> 5.757327022800579E-4
<924,registrar4-0,roster5-1,write> 1.0112325531470356E-4
<925,registrar4-0,roster5-6,write> 8.681673487404755E-5
<926,registrar4-0,roster5-8,write> 9.025029977980501E-5
<927,registrar0-1,transcript3-10,read> 3.086084817790422E-4
<928,admissions0-1,stu3-4application3-4,setStatus> 5.6109383993978664E-5
<929,admissions0-1,stu2-9application2-9,read> 1.7843399915903636E-4
<930,admissions4-0,stu1-12application1-12,setStatus> 1.1490737924729924E-4
<931,admissions2-0,stu0-14application0-14,setStatus> 1.1303044621995832E-4
<932,stu4-2,transcript4-2,read> 9.076482714325075E-4
<933,registrar4-0,roster5-9,write> 9.311160386793619E-5
<934,admissions0-1,stu2-13application2-13,read> 1.0139953345505337E-4
<935,admissions2-1,stu1-6application1-6,read> 2.0800583901066794E-5
<936,fac2-3,gradebook2-6,addScore> 3.5896467256364977E-4
<937,chair5,transcript5-15,read> 1.2254763062933088E-4
<938,stu4-19,transcript4-19,read> 0.001572173280235682
<939,chair5,transcript5-14,read> 1.2750739982849435E-4
<940,admissions4-1,application3-2,read> 1.0752019774175763E-4
<941,registrar2-1,transcript3-4,read> 7.054734669410352E-5
<942,registrar0-1,transcript4-4,read> 1.79337785885654E-4
<943,admissions2-0,stu0-16application0-16,setStatus> 1.1495675952319212E-4
<944,registrar2-0,transcript3-3,read> 6.661921030957625E-5
<945,admissions2-0,stu5-13application5-13,setStatus> 1.7996983350733285E-4
<946,stu5-6,transcript5-6,read> 0.0012763524698652365
<947,registrar4-0,roster0-3,write> 1.4461507745429784E-4
<948,registrar2-0,transcript2-15,read> 3.0522820777790594E-4
<949,admissions2-0,stu5-19application5-19,setStatus> 3.0198974180904888E-5
<950,registrar0-0,roster1-4,read> 1.7381401520078087E-4
<951,admissions2-0,stu3-10application3-10,setStatus> 4.898052888743444E-5
<952,admissions4-1,stu1-3application1-3,read> 1.1914594246671325E-4
<953,stu4-9,gradebook4-6,readMyScores> 1.3411831534471154E-4
<954,registrar2-1,roster1-4,write> 1.3166512005971393E-4
<955,stu5-17,gradebook5-4,readScore> 4.167638821584751E-5
<956,stu2-0,gradebook2-8,addScore> 5.747257562363332E-4
<957,registrar4-1,transcript0-10,read> 3.4053966618370195E-4
<958,admissions2-1,stu1-9application1-9,setStatus> 1.4156967212115845E-4
<959,registrar4-0,roster0-3,read> 1.9884573149965952E-4
<960,admissions4-1,stu0-12application0-12,setStatus> 4.927648884718312E-5
<961,admissions0-0,stu2-13application2-13,read> 1.0174384426474795E-4
<962,fac1-1,gradebook1-3,addScore> 5.473063471567617E-4
<963,registrar4-1,transcript4-9,read> 2.136402448315307E-4
<964,stu2-9,transcript2-9,read> 8.519139158554672E-4
<965,fac4-0,gradebook4-1,assignGrade> 3.9519502779532945E-4
<966,fac1-1,gradebook1-2,addScore> 5.367615098553737E-4
<967,stu2-5,transcript2-5,read> 8.1332859276367E-4
<968,stu2-3,gradebook2-7,addScore> 8.542754170158678E-4
<969,stu4-11,gradebook4-1,readMyScores> 4.5287145097784396E-5
<970,admissions0-1,stu5-2application5-2,read> 1.4241788532340797E-4
<971,admissions2-1,stu5-19application5-19,setStatus> 2.9230670399553233E-5
<972,admissions4-1,stu4-17application4-17,read> 7.479587925669739E-5
<973,registrar2-1,transcript2-13,read> 3.0386425522452206E-4
<974,fac2-0,gradebook2-1,assignGrade> 6.668026099554421E-4
<975,chair3,transcript3-2,read> 3.754958597866682E-4
<976,admissions4-0,stu0-12application0-12,setStatus> 4.888771970440455E-5
<977,admissions0-0,stu4-17application4-17,read> 8.71880959382804E-5
<978,registrar0-1,transcript4-7,read> 1.7413225450739678E-4
<979,admissions2-0,stu5-3application5-3,setStatus> 1.399988324652315E-4
<980,admissions2-0,stu1-8application1-8,setStatus> 1.2314359106193573E-4
<981,fac1-3,gradebook1-7,changeScore> 7.388865427704521E-4
<982,admissions2-0,stu3-12application3-12,read> 5.963063356268831E-5
<983,admissions2-1,stu3-3application3-3,setStatus> 1.7326698381024206E-4
<984,admissions4-0,stu4-17application4-17,read> 7.420577370043153E-5
<985,admissions2-0,stu0-4application0-4,read> 1.075187822810806E-4
<986,admissions0-1,stu5-11application5-11,setStatus> 1.2091110396338584E-4
<987,admissions2-0,stu0-1application0-1,setStatus> 1.4788467755034487E-5
<988,stu5-19,stu5-19application5-19,checkStatus> 3.2611129730202753E-4
<989,admissions4-0,stu3-18application3-18,read> 1.3486619029219715E-4
<990,chair2,transcript2-8,read> 9.45869317690468E-4
<991,admissions0-1,stu1-17application1-17,setStatus> 6.804654293571156E-5
<992,stu0-7,gradebook0-6,addScore> 3.94052456684335E-5
<993,admissions4-0,stu5-8application5-8,read> 1.6348765445873441E-4
<994,admissions2-1,stu3-5application3-5,setStatus> 1.0148189557319973E-4
<995,stu2-11,gradebook2-7,readMyScores> 1.4031299033725697E-4
<996,admissions2-1,stu1-9application1-9,read> 1.2458131146661944E-4
<997,registrar2-1,roster2-1,write> 7.280257315194818E-5
<998,registrar2-1,roster2-3,write> 6.575919147067706E-5
<999,registrar2-1,roster2-2,write> 6.726848754523515E-5
<1000,admissions4-0,stu2-0application2-0,setStatus> 9.694614834224698E-5
<1001,registrar2-1,roster2-5,write> 6.77715862367545E-5
<1002,registrar2-0,transcript0-11,read> 2.925747003364036E-4
<1003,admissions4-1,application5-2,setStatus> 1.85301616521327E-4
<1004,stu4-3,gradebook4-7,readMyScores> 9.277352882865601E-5
<1005,admissions4-1,stu3-18application3-18,read> 1.359386848472047E-4
<1006,fac4-4,gradebook4-8,readScore> 2.987626819915908E-4
<1007,registrar2-1,roster2-4,write> 6.827468492827389E-5
<1008,stu2-18,transcript2-18,read> 0.0014821408596881551
<1009,stu1-9,gradebook1-3,readMyScores> 6.56567821845124E-5
<1010,app2-1,application2-1,checkStatus> 5.393295807207619E-4
<1011,registrar2-1,roster2-7,write> 9.24234221212034E-5
<1012,registrar2-1,roster1-4,read> 1.8103954008210664E-4
<1013,registrar4-1,transcript1-1,read> 2.7656557773343384E-4
<1014,admissions4-1,stu1-8application1-8,setStatus> 1.2511783701082448E-4
<1015,registrar2-1,roster2-6,write> 9.192032342968405E-5
<1016,registrar2-1,roster2-9,write> 9.393271819576152E-5
<1017,stu5-5,transcript5-5,read> 0.001263490695501304
<1018,stu3-10,stu3-10application3-10,checkStatus> 5.289286888466772E-4
<1019,admissions0-1,stu1-15application1-15,read> 1.3941654250377225E-4
<1020,stu2-1,transcript2-1,read> 8.304776252489131E-4
<1021,registrar2-1,roster2-8,write> 9.342961950424214E-5
<1022,admissions4-0,stu4-4application4-4,read> 1.1735156296640565E-4
<1023,registrar2-1,roster0-4,read> 1.7827249727875012E-4
<1024,registrar0-1,transcript0-16,read> 2.782428820725416E-4
<1025,fac1-2,gradebook1-4,changeScore> 6.985950868738525E-4
<1026,fac2-4,roster2-8,read> 0.0016912965915397082
<1027,admissions4-1,stu5-8application5-8,setStatus> 1.8725881260296936E-4
<1028,registrar4-0,roster1-3,read> 2.0671431774202034E-4
<1029,registrar4-1,transcript4-5,read> 2.1783526702499087E-4
<1030,admissions0-1,application4-1,read> 1.414174377168627E-4
<1031,admissions2-1,stu3-3application3-3,read> 1.52474945753013E-4
<1032,registrar0-1,transcript4-15,read> 3.138140131572995E-4
<1033,admissions4-0,stu0-2application0-2,setStatus> 8.110871163204893E-6
<1034,fac1-2,gradebook1-5,changeScore> 7.137043828350775E-4
<1035,admissions4-0,stu4-10application4-10,setStatus> 2.8499295433804715E-5
<1036,stu0-8,gradebook0-3,addScore> 5.886030369899875E-5
<1037,admissions0-0,stu1-17application1-17,setStatus> 6.827760080646102E-5
<1038,admissions4-1,stu2-8application2-8,read> 1.6952416960818755E-4
<1039,admissions4-1,stu0-5application0-5,setStatus> 1.5790087137833398E-4
<1040,admissions2-1,stu4-9application4-9,setStatus> 1.117369081784915E-4
<1041,admissions4-0,stu1-10application1-10,read> 9.257477309089576E-5
<1042,app3-2,application3-2,checkStatus> 0.0012985946875289376
<1043,admissions0-0,stu4-10application4-10,setStatus> 3.348525566874471E-5
<1044,admissions0-0,stu3-2application3-2,read> 5.004584158798393E-5
<1045,admissions0-1,stu1-9application1-9,read> 1.5192213758558767E-4
<1046,admissions2-1,stu0-18application0-18,read> 1.606789558372464E-4
<1047,admissions4-1,stu1-1application1-1,setStatus> 1.9215180280707524E-4
<1048,registrar0-1,transcript2-9,read> 1.7239707738131104E-4
<1049,fac2-2,roster2-4,read> 0.001235932914212437
<1050,admissions4-1,stu0-2application0-2,setStatus> 8.175371132693598E-6
<1051,registrar4-1,transcript4-11,read> 3.583685105059078E-4
<1052,admissions4-1,stu5-14application5-14,setStatus> 3.16617241124019E-5
<1053,admissions2-1,stu3-17application3-17,read> 1.1637730138238602E-4
<1054,admissions2-1,stu0-1application0-1,setStatus> 1.4314288428219754E-5
<1055,admissions2-0,stu0-4application0-4,setStatus> 1.2218043441031886E-4
<1056,admissions4-1,stu2-16application2-16,setStatus> 1.0016358696988444E-4
<1057,admissions0-1,stu5-3application5-3,read> 1.4541922814304367E-4
<1058,stu0-7,stu0-7application0-7,checkStatus> 0.0011217795256694993
<1059,registrar4-0,roster2-8,read> 1.461262036758421E-4
<1060,fac2-1,gradebook2-3,readScore> 5.020745450481763E-4
<1061,admissions2-0,stu4-9application4-9,setStatus> 1.1543833784900054E-4
<1062,stu0-9,gradebook0-3,addScore> 5.906153550651669E-5
<1063,admissions4-0,stu5-14application5-14,setStatus> 3.1411927472461836E-5
<1064,admissions4-0,stu2-16application2-16,setStatus> 9.93733417077946E-5
<1065,admissions4-1,application2-4,read> 4.982205725494092E-5
<1066,registrar0-0,roster0-3,read> 1.6783665056404012E-4
<1067,stu2-9,gradebook2-4,readMyScores> 1.4852204402996029E-4
<1068,admissions4-1,application2-3,read> 4.8960890979018285E-5
<1069,admissions2-1,stu0-4application0-4,setStatus> 1.1826282529094989E-4
<1070,registrar4-0,roster3-3,write> 9.425612550318867E-5
<1071,admissions4-0,stu3-15application3-15,setStatus> 1.367521195372276E-4
<1072,admissions2-0,stu3-17application3-17,read> 1.2023245008242367E-4
<1073,app5-2,application5-2,checkStatus> 0.0019694522134073946
<1074,admissions4-0,stu2-9application2-9,setStatus> 1.7316002002044158E-4
<1075,admissions4-1,stu0-15application0-15,read> 1.0149203381029915E-4
<1076,stu0-2,gradebook0-3,addScore> 5.765291285389108E-5
<1077,registrar4-1,roster3-9,write> 9.921311638023572E-5
<1078,admissions4-1,stu1-0application1-0,setStatus> 1.8040862631722108E-4
<1079,registrar0-0,transcript0-1,read> 1.4966347242592444E-4
<1080,registrar0-0,transcript5-4,read> 2.577436699361286E-4
<1081,registrar2-1,transcript3-2,read> 6.873165090787459E-5
<1082,stu1-16,gradebook1-5,readMyScores> 7.89943537180081E-5
<1083,chair3,transcript3-12,read> 0.001749351927954951
<1084,admissions0-0,stu3-7application3-7,read> 1.444072445319804E-4
<1085,admissions0-0,stu3-1application3-1,read> 1.6147260463887335E-4
<1086,fac4-4,gradebook4-9,readScore> 1.5866866150618345E-4
<1087,fac2-4,gradebook2-9,addScore> 4.77061931452828E-4
<1088,admissions0-0,stu4-11application4-11,read> 1.7803604238968127E-4
<1089,admissions4-1,application2-1,read> 4.4655059599405094E-5
<1090,chair3,transcript3-1,read> 3.556567829900143E-4
<1091,registrar4-0,transcript0-17,read> 3.301473911145542E-4
<1092,stu4-14,stu4-14application4-14,checkStatus> 0.0016314232274996449
<1093,admissions2-0,stu5-2application5-2,setStatus> 1.3710936251038082E-4
<1094,admissions4-1,application2-2,read> 4.5085642737366415E-5
<1095,admissions4-1,application2-0,read> 4.4224476461443774E-5
<1096,admissions0-0,stu2-16application2-16,read> 1.0274768897691812E-4
<1097,admissions4-0,application2-3,read> 4.8574611760248903E-5
<1098,stu0-3,gradebook0-6,addScore> 3.886452188567626E-5
<1099,admissions0-1,stu1-2application1-2,setStatus> 1.7775471797163778E-4
<1100,admissions2-1,stu0-10application0-10,setStatus> 1.8165744866911718E-4
<1101,admissions0-0,stu1-9application1-9,setStatus> 1.7322500253334294E-4
<1102,admissions2-1,stu4-8application4-8,setStatus> 7.724277486978286E-5
<1103,chair3,transcript3-3,read> 3.6557632138834123E-4
<1104,app5-0,application5-0,checkStatus> 0.0019538508755962674
<1105,registrar0-0,transcript0-17,read> 2.786624178413294E-4
<1106,admissions4-0,stu0-15application0-15,read> 1.0069130770528694E-4
<1107,admissions2-0,stu3-6application3-6,read> 1.5879724241316435E-4
<1108,admissions0-1,stu3-7application3-7,read> 1.439185567332258E-4
<1109,admissions0-0,stu4-14application4-14,read> 1.5745722579019265E-4
<1110,admissions2-0,stu2-1application2-1,setStatus> 1.0821466296187378E-4
<1111,admissions2-0,stu2-4application2-4,setStatus> 3.068055250671334E-5
<1112,admissions0-1,stu4-11application4-11,read> 1.7743355155249113E-4
<1113,admissions2-1,stu4-17application4-17,setStatus> 8.09718703626162E-5
<1114,admissions4-0,stu0-5application0-5,setStatus> 1.5665510513471794E-4
<1115,admissions4-0,application2-0,read> 4.387556540454876E-5
<1116,admissions4-0,application2-1,read> 4.430275143688513E-5
<1117,admissions4-1,application5-1,read> 1.6220425626284509E-4
<1118,registrar0-1,roster2-2,read> 8.839243332925714E-5
<1119,registrar0-1,roster2-1,read> 9.56643567941758E-5
<1120,fac2-3,gradebook2-7,changeScore> 0.0019224480597330622
<1121,registrar0-0,transcript3-6,read> 6.94749387893214E-5
<1122,registrar0-1,transcript3-12,read> 3.0600571608991364E-4
<1123,registrar0-1,roster2-5,read> 8.905351728061339E-5
<1124,stu3-18,gradebook3-4,addScore> 6.195941632343472E-5
<1125,admissions4-1,application3-3,setStatus> 1.2169274386795038E-4
<1126,registrar0-1,roster3-4,read> 1.0690278396723186E-4
<1127,registrar0-1,roster2-3,read> 8.640918147518844E-5
<1128,admissions0-0,stu0-10application0-10,read> 1.9560332485265932E-4
<1129,stu0-4,gradebook0-6,addScore> 3.8999702831365566E-5
<1130,fac1-3,gradebook1-6,changeScore> 7.237772468092273E-4
<1131,stu2-19,transcript2-19,read> 0.0014907153759307766
<1132,chair1,transcript1-19,read> 1.6222578422263868E-4
<1133,admissions0-1,stu0-7application0-7,setStatus> 1.226164123836334E-4
<1134,fac1-1,gradebook1-2,readScore> 1.9775424047303237E-4
<1135,registrar0-1,roster0-2,write> 1.224607937769906E-4
<1136,registrar2-0,roster2-9,write> 9.351616512172265E-5
<1137,stu2-15,stu2-15application2-15,checkStatus> 3.6771486479836594E-4
<1138,admissions2-1,stu2-1application2-1,setStatus> 1.0474485412942894E-4
<1139,registrar4-1,transcript4-13,read> 3.772461103764787E-4
<1140,registrar0-0,transcript2-4,read> 1.6971060583507525E-4
<1141,registrar0-0,transcript2-1,read> 1.688389913390252E-4
<1142,registrar2-0,roster2-7,write> 9.201356215614261E-5
<1143,registrar2-1,transcript4-15,read> 3.2837614833861273E-4
<1144,registrar2-0,roster2-8,write> 9.301529746652929E-5
<1145,registrar2-0,roster2-5,write> 6.747104705166911E-5
<1146,admissions4-0,stu4-3application4-3,setStatus> 1.896649349061653E-4
<1147,chair3,transcript3-6,read> 3.953349365833221E-4
<1148,admissions0-0,stu3-19application3-19,read> 1.519360798732567E-4
<1149,admissions0-0,stu0-5application0-5,read> 1.6197452699495847E-4
<1150,admissions0-1,stu4-13application4-13,setStatus> 2.033343442753512E-4
<1151,registrar0-0,roster2-8,read> 1.2333849160163672E-4
<1152,registrar2-0,roster2-6,write> 9.151269450094932E-5
<1153,fac2-4,gradebook2-8,changeScore> 0.0019123751957589121
<1154,admissions4-1,stu3-5application3-5,setStatus> 1.065244742352221E-4
<1155,registrar0-0,roster1-1,read> 1.7846307658491255E-4
<1156,stu1-10,stu1-10application1-10,checkStatus> 0.0011269799716065417
<1157,registrar0-0,roster2-9,read> 1.2400264322794124E-4
<1158,chair0,transcript0-9,read> 5.788463969523707E-4
<1159,registrar2-0,roster2-3,write> 6.546757643089577E-5
<1160,admissions0-1,stu1-17application1-17,read> 5.988095778342618E-5
<1161,registrar0-0,roster2-6,read> 1.2134603672272316E-4
<1162,admissions2-1,stu0-5application0-5,read> 1.323751210466412E-4
<1163,registrar2-0,roster2-4,write> 6.797191470686246E-5
<1164,stu2-15,transcript2-15,read> 0.0014478427947176688
<1165,fac0-1,gradebook0-2,changeScore> 2.755347999595579E-4
<1166,registrar2-0,roster2-1,write> 7.24797236036025E-5
<1167,admissions0-1,stu5-5application5-5,read> 8.78934907666927E-5
<1168,registrar2-0,roster2-2,write> 6.697017939647577E-5
<1169,registrar0-0,roster2-3,read> 8.68101521548877E-5
<1170,admissions4-1,stu4-13application4-13,setStatus> 1.7502633709270466E-4
<1171,stu1-0,gradebook1-7,addScore> 1.672927147287234E-4
<1172,registrar0-0,roster2-2,read> 8.880260703380127E-5
<1173,admissions4-1,stu0-4application0-4,setStatus> 1.2413923897000332E-4
<1174,stu2-5,gradebook2-2,readScore> 1.4633835032889096E-4
<1175,registrar2-1,transcript5-9,read> 2.7118173107240113E-4
<1176,registrar4-1,transcript2-5,read> 1.9895766715442E-4
<1177,chair4,transcript4-4,read> 0.0010252256248770833
<1178,admissions4-0,stu1-0application1-0,read> 1.5750705000602513E-4
<1179,registrar0-0,roster2-5,read> 8.94667586601058E-5
<1180,stu2-2,stu2-2application2-2,checkStatus> 2.793072838686468E-4
<1181,admissions0-0,stu2-1application2-1,setStatus> 1.2816606374843167E-4
<1182,admissions2-0,stu3-7application3-7,read> 1.2192760578926939E-4
<1183,fac2-2,gradebook2-4,assignGrade> 6.955822213101561E-4
<1184,stu0-11,transcript0-11,read> 0.0013878211810193174
<1185,admissions4-0,stu4-16application4-16,read> 1.284583998071515E-4
<1186,stu2-3,transcript2-3,read> 8.390521414915348E-4
<1187,registrar0-0,transcript2-13,read> 2.917366352820799E-4
<1188,registrar2-1,roster0-8,read> 1.907241898938544E-4
<1189,fac1-4,gradebook1-9,changeScore> 6.683764949514029E-4
<1190,fac1-4,gradebook1-8,changeScore> 6.532671989901781E-4
<1191,admissions2-1,stu2-5application2-5,read> 1.1104469482763432E-4
<1192,stu4-3,transcript4-3,read> 8.819247227046428E-4
<1193,admissions2-1,stu5-2application5-2,setStatus> 1.3271307032567921E-4
<1194,admissions0-0,stu5-5application5-5,read> 8.819194065045057E-5
<1195,registrar0-1,roster5-3,write> 7.149723098152782E-5
<1196,fac4-4,gradebook4-8,assignGrade> 4.1498101060169533E-4
<1197,admissions2-0,application0-1,read> 5.157864395517103E-5
<1198,stu2-13,gradebook2-1,readMyScores> 8.434072798277565E-5
<1199,admissions2-0,application0-0,read> 5.3273799662016776E-5
<1200,admissions2-0,application0-4,setStatus> 5.9093673729411905E-5
<1201,stu0-5,stu0-5application0-5,checkStatus> 0.0016782272409330255
<1202,chair1,transcript1-6,read> 0.0015212025447934312
<1203,admissions0-1,stu0-2application0-2,setStatus> 9.49762050721209E-6
<1204,stu4-16,gradebook4-8,readMyScores> 6.267235010080312E-5
<1205,admissions0-1,stu5-6application5-6,read> 2.9867529587069162E-5
<1206,fac2-4,gradebook2-8,assignGrade> 6.829911413424687E-4
<1207,stu2-5,gradebook2-7,readMyScores> 1.9867679828380829E-4
<1208,admissions2-0,stu2-5application2-5,read> 1.14723194035175E-4
<1209,admissions0-1,stu4-4application4-4,read> 1.3741564729068177E-4
<1210,admissions2-0,stu0-12application0-12,read> 4.267907649423087E-5
<1211,admissions4-0,stu1-5application1-5,read> 9.172040102622301E-5
<1212,chair2,transcript2-4,read> 9.657083944871219E-4
<1213,app1-4,application1-4,checkStatus> 1.4929613544258937E-4
<1214,stu3-7,gradebook3-4,addScore> 8.784775183461914E-5
<1215,admissions0-1,stu4-0application4-0,read> 5.938073398015357E-5
<1216,admissions2-1,stu3-14application3-14,read> 9.545707566759084E-5
<1217,admissions2-0,stu0-0application0-0,setStatus> 1.1640149450061744E-4
<1218,stu4-17,gradebook4-8,readMyScores> 6.31563064722379E-5
<1219,registrar4-0,transcript5-4,read> 3.053637475224803E-4
<1220,stu4-17,gradebook4-7,readMyScores> 4.542943906994225E-5
<1221,admissions2-0,application0-4,read> 5.200243288188247E-5
<1222,admissions4-1,stu4-4application4-4,read> 1.1828477619079058E-4
<1223,registrar4-0,transcript2-19,read> 3.590616419719737E-4
<1224,stu2-15,gradebook2-6,readScore> 1.4836664734709616E-4
<1225,admissions2-0,application0-3,setStatus> 5.957525205522034E-5
<1226,admissions2-0,application0-2,setStatus> 5.8130517077795E-5
<1227,stu4-17,gradebook4-4,readMyScores> 4.376893494531015E-5
<1228,registrar4-0,transcript2-9,read> 2.0519652133784815E-4
<1229,admissions2-0,application0-2,read> 5.115485502845959E-5
<1230,stu4-1,transcript4-1,read> 9.033610133111969E-4
<1231,stu3-3,gradebook3-9,readMyScores> 5.683662080881743E-5
<1232,registrar4-0,transcript5-1,read> 2.981351848081254E-4
<1233,registrar4-0,transcript5-9,read> 3.084617029714895E-4
<1234,registrar2-1,transcript4-18,read> 3.338232356972995E-4
<1235,admissions2-0,application0-1,setStatus> 5.861209540360344E-5
<1236,chair5,transcript5-2,read> 0.001456725545204306
<1237,stu4-17,gradebook4-3,readMyScores> 7.620788741514168E-5
<1238,admissions2-0,application0-3,read> 5.2426221808593895E-5
<1239,admissions2-0,application0-0,setStatus> 6.0538408706837256E-5
<1240,admissions2-1,application0-0,read> 5.156562171694208E-5
<1241,registrar4-0,transcript0-15,read> 3.373759538289091E-4
<1242,admissions2-1,application0-2,read> 4.951461919588373E-5
<1243,admissions2-1,application0-1,read> 4.99248197000954E-5
<1244,chair2,transcript2-9,read> 9.855474712837757E-4
<1245,app5-4,application5-4,checkStatus> 0.0019954544430926054
<1246,stu4-15,gradebook4-9,readMyScores> 5.0141523381444703E-5
<1247,registrar2-0,transcript5-4,read> 2.672676854533989E-4
<1248,registrar0-1,transcript1-3,read> 2.7043458500515587E-4
<1249,registrar0-1,roster2-9,read> 1.2342988275113783E-4
<1250,admissions0-0,stu5-6application5-6,read> 2.9968947344580432E-5
<1251,registrar0-1,roster2-8,read> 1.2276879879978157E-4
<1252,admissions4-0,stu2-6application2-6,setStatus> 1.357812421910086E-4
<1253,registrar2-0,roster2-9,read> 1.2858472704236864E-4
<1254,registrar0-1,roster2-7,read> 1.2144663089706907E-4
<1255,admissions2-0,stu3-14application3-14,read> 9.861921482014043E-5
<1256,admissions2-1,application0-0,setStatus> 5.859729740561601E-5
<1257,admissions0-0,stu1-6application1-6,setStatus> 2.8922325158880285E-5
<1258,stu4-16,gradebook4-4,readMyScores> 4.34335408077982E-5
<1259,registrar2-1,transcript5-2,read> 2.666424916068288E-4
<1260,registrar4-0,transcript4-0,read> 2.165556913175487E-4
<1261,admissions0-1,stu1-13application1-13,read> 1.2040803797941284E-4
<1262,stu4-16,gradebook4-3,readMyScores> 7.56239189292019E-5
<1263,registrar2-1,transcript2-18,read> 3.138505820487812E-4
<1264,admissions2-1,stu4-14application4-14,read> 1.2868331650873612E-4
<1265,fac3-3,roster3-6,read> 0.0015273656677018905
<1266,chair4,transcript4-9,read> 0.001010346317279593
<1267,admissions2-1,application0-2,setStatus> 5.6266612722595154E-5
<1268,admissions2-1,application0-3,read> 5.0745220708518745E-5
<1269,fac2-2,gradebook2-4,addScore> 6.623689802295811E-4
<1270,stu1-2,gradebook1-7,addScore> 1.68707452273998E-4
<1271,registrar0-1,transcript3-19,read> 2.9732983045948486E-4
<1272,admissions4-1,stu5-0application5-0,setStatus> 1.192462487658974E-4
<1273,admissions2-1,stu0-10application0-10,read> 1.598585548288231E-4
<1274,stu4-2,gradebook4-6,readMyScores> 1.2216481130329342E-4
<1275,admissions2-1,application0-1,setStatus> 5.6732749659199326E-5
<1276,admissions2-1,application0-4,read> 5.033502020430707E-5
<1277,admissions2-1,application0-4,setStatus> 5.7198886595803504E-5
<1278,admissions2-1,application0-3,setStatus> 5.7665023532407676E-5
<1279,registrar4-1,transcript4-19,read> 3.8458739921503417E-4
<1280,admissions0-0,stu3-15application3-15,read> 1.4139571039546985E-4
<1281,admissions4-1,stu4-0application4-0,read> 5.1113806668824874E-5
<1282,admissions4-1,stu4-14application4-14,setStatus> 1.5349718019463867E-4
<1283,admissions4-1,stu3-7application3-7,setStatus> 1.4077540566396338E-4
<1284,admissions2-1,stu2-11application2-11,read> 5.607782726327046E-5
<1285,stu4-1,gradebook4-2,readMyScores> 8.63742404277176E-5
<1286,admissions2-0,stu1-15application1-15,read> 1.1811350544886646E-4
<1287,stu4-4,stu4-4application4-4,checkStatus> 0.001428605835954995
<1288,admissions0-0,application2-2,read> 5.2555453368409364E-5
<1289,stu4-19,gradebook4-2,readMyScores> 4.4768151589703344E-5
<1290,app3-0,application3-0,checkStatus> 0.0012777929037807684
<1291,admissions2-1,stu3-18application3-18,read> 1.2950371751715948E-4
<1292,admissions4-0,stu5-11application5-11,read> 9.086602896155026E-5
<1293,admissions2-1,application3-1,setStatus> 1.1406759286151238E-4
<1294,stu4-19,gradebook4-1,readMyScores> 4.7773498161976485E-5
<1295,admissions0-0,stu1-2application1-2,setStatus> 1.7835829935694046E-4
<1296,registrar4-0,transcript4-19,read> 3.786820264823657E-4
<1297,chair0,transcript0-1,read> 8.516337029063617E-4
<1298,admissions0-1,stu1-1application1-1,read> 1.9644205607685056E-4
<1299,stu1-16,gradebook1-9,addScore> 1.9824660266793459E-4
<1300,fac1-3,roster1-7,read> 0.002474522116542616
<1301,registrar0-1,transcript0-19,read> 2.75640116383413E-4
<1302,stu4-19,gradebook4-3,readMyScores> 7.854376135890081E-5
<1303,stu4-19,gradebook4-7,readMyScores> 4.682191229813971E-5
<1304,registrar0-1,transcript1-6,read> 2.660966421899414E-4
<1305,admissions4-1,stu2-5application2-5,read> 1.1656244363894532E-4
<1306,admissions4-0,stu1-7application1-7,read> 2.636093807875728E-5
<1307,admissions0-0,stu0-2application0-2,setStatus> 9.529870491956444E-6
<1308,admissions4-0,stu3-3application3-3,setStatus> 1.8044160011708438E-4
<1309,admissions2-0,stu5-11application5-11,setStatus> 1.0243572305217238E-4
<1310,admissions2-0,stu2-11application2-11,read> 5.793547785584257E-5
<1311,stu4-18,gradebook4-1,readMyScores> 4.7418304867091904E-5
<1312,stu4-18,gradebook4-5,readMyScores> 5.254384448946991E-5
<1313,admissions2-1,stu2-8application2-8,read> 1.6149935684566977E-4
<1314,chair0,transcript0-3,read> 5.342084741598995E-4
<1315,admissions0-1,stu2-5application2-5,read> 1.3541475207759133E-4
<1316,stu5-17,gradebook5-4,addScore> 1.1312162515730039E-4
<1317,admissions2-1,stu3-19application3-19,read> 1.2417111096240776E-4
<1318,stu4-1,gradebook4-5,addScore> 4.326090279783554E-4
<1319,stu4-18,gradebook4-4,readMyScores> 4.477511735784602E-5
<1320,stu4-18,gradebook4-3,readMyScores> 7.795979287296104E-5
<1321,admissions2-1,stu2-12application2-12,read> 4.3361611632708667E-5
<1322,registrar2-1,roster4-3,read> 1.256986840149764E-4
<1323,registrar2-1,transcript2-14,read> 3.05679951010751E-4
<1324,admissions4-0,stu4-19application4-19,setStatus> 6.150912520525207E-5
<1325,admissions0-0,stu3-10application3-10,setStatus> 5.8011007159266036E-5
<1326,admissions0-1,stu0-14application0-14,read> 1.1740669515977713E-4
<1327,registrar4-1,roster3-2,read> 1.268284831344733E-4
<1328,registrar4-1,transcript3-1,read> 7.52045124473439E-5
<1329,registrar2-1,roster4-4,read> 9.664473457973312E-5
<1330,registrar2-1,roster4-5,read> 9.526121317805486E-5
<1331,registrar2-1,roster4-6,read> 1.0079529878476786E-4
<1332,chair4,transcript4-18,read> 0.0018237484659424028
<1333,admissions0-0,stu4-1application4-1,read> 1.8205142123836198E-4
<1334,registrar2-1,roster4-1,read> 1.2431516261329818E-4
<1335,registrar0-1,roster0-8,write> 1.3255734867043137E-4
<1336,registrar0-0,roster5-2,write> 8.583656624814582E-5
<1337,registrar2-1,roster4-2,read> 1.2500692331413732E-4
<1338,admissions2-1,application3-3,setStatus> 1.1593214060792907E-4
<1339,registrar4-1,roster4-2,read> 1.444093282631165E-4
<1340,registrar0-1,roster0-9,write> 1.3351892532694954E-4
<1341,registrar0-1,roster0-6,write> 1.2486473541828603E-4
<1342,admissions4-1,stu0-3application0-3,setStatus> 7.667723399017612E-5
<1343,stu3-19,transcript3-19,read> 0.0014692790853242227
<1344,registrar0-1,roster0-7,write> 1.2438394709002695E-4
<1345,stu4-15,gradebook4-4,addScore> 2.994849372888758E-4
<1346,registrar4-1,transcript0-4,read> 1.1191095664012072E-4
<1347,fac4-2,gradebook4-5,assignGrade> 4.0778610776301687E-4
<1348,registrar0-1,roster0-4,write> 1.2390315876176786E-4
<1349,stu3-3,gradebook3-8,readMyScores> 3.381505587619563E-5
<1350,registrar0-1,transcript1-7,read> 2.669642307529843E-4
<1351,registrar0-1,roster0-5,write> 1.234223704335088E-4
<1352,admissions2-0,stu0-15application0-15,setStatus> 1.1351202454576674E-4
<1353,registrar4-0,roster1-1,write> 1.537712505363177E-4
<1354,admissions0-0,stu5-3application5-3,read> 1.4591301160023565E-4
<1355,registrar0-1,roster0-3,write> 1.2149921712047245E-4
<1356,admissions4-1,stu1-7application1-7,read> 2.6570567805029707E-5
<1357,registrar0-1,roster0-1,write> 1.2053764046395429E-4
<1358,admissions2-0,stu0-0application0-0,read> 1.0243331516054335E-4
<1359,admissions0-0,stu3-7application3-7,setStatus> 1.640991415136141E-4
<1360,registrar2-0,roster4-7,read> 9.828223390317174E-5
<1361,admissions0-0,stu1-14application1-14,setStatus> 1.9375818982773286E-4
<1362,registrar2-0,roster4-6,read> 1.0034831298084427E-4
<1363,registrar4-1,transcript3-18,read> 3.6151477715100296E-4
<1364,registrar2-0,roster4-9,read> 8.864053154070001E-5
<1365,registrar2-0,roster4-8,read> 9.070661061837252E-5
<1366,stu3-14,stu3-14application3-14,checkStatus> 0.0012101871065992185
<1367,admissions0-1,application3-2,read> 1.2491005220886635E-4
<1368,registrar2-0,roster4-4,read> 9.621615482549925E-5
<1369,registrar2-0,roster4-5,read> 9.483876877371758E-5
<1370,registrar2-0,roster4-3,read> 1.2514126191291443E-4
<1371,stu2-10,gradebook2-7,readMyScores> 1.4191199877414877E-4
<1372,registrar2-0,roster3-3,read> 1.1343348047277017E-4
<1373,admissions0-1,stu3-10application3-10,setStatus> 5.7814692414226215E-5
<1374,registrar4-0,transcript4-15,read> 3.735187674006836E-4
<1375,admissions0-1,stu4-10application4-10,setStatus> 3.3371938390677896E-5
<1376,registrar0-1,transcript0-3,read> 9.344651814440954E-5
<1377,admissions2-1,stu0-15application0-15,setStatus> 1.0987236043207482E-4
<1378,registrar0-0,transcript3-18,read> 3.004527802425802E-4
<1379,stu4-5,transcript4-5,read> 8.904992389472643E-4
<1380,stu5-3,gradebook5-5,addScore> 1.7079234187361084E-4
<1381,admissions4-1,stu4-1application4-1,setStatus> 1.7747283219475757E-4
<1382,admissions0-0,stu3-10application3-10,read> 5.104968630015411E-5
<1383,admissions4-1,stu1-17application1-17,read> 5.1544389806786194E-5
<1384,admissions2-0,stu3-8application3-8,setStatus> 1.525198689362512E-4
<1385,registrar4-0,roster0-4,read> 2.0278002462083993E-4
<1386,admissions4-1,stu2-6application2-6,setStatus> 1.3686101350067866E-4
<1387,admissions0-1,stu3-7application3-7,setStatus> 1.6354381446957478E-4
<1388,fac5-4,roster5-9,read> 0.0014818292999691635
<1389,admissions0-1,stu3-11application3-11,setStatus> 1.402379327261915E-4
<1390,stu1-6,gradebook1-5,addScore> 1.6462828957684996E-4
<1391,registrar2-1,transcript4-19,read> 3.3291538780418507E-4
<1392,admissions2-0,stu2-6application2-6,read> 1.1853729437557792E-4
<1393,admissions2-1,stu1-15application1-15,read> 1.1432629886132767E-4
<1394,admissions0-1,stu1-3application1-3,setStatus> 1.572910169286671E-4
<1395,fac3-4,gradebook3-9,changeScore> 4.3166419155888096E-4
<1396,admissions4-1,stu3-1application3-1,setStatus> 1.5741157235792336E-4
<1397,admissions4-1,stu4-13application4-13,read> 1.540231766415801E-4
<1398,registrar0-0,transcript4-3,read> 1.792983652916256E-4
<1399,registrar0-0,transcript2-10,read> 2.891217917939298E-4
<1400,registrar2-1,roster5-2,read> 1.229316412116199E-4
<1401,registrar0-0,roster0-5,read> 1.7049325706925824E-4
<1402,admissions0-0,stu3-9application3-9,read> 8.216887237742952E-5
<1403,stu4-9,gradebook4-4,readMyScores> 9.407805557210343E-5
<1404,admissions0-1,stu3-15application3-15,read> 1.409172139135901E-4
<1405,registrar4-0,transcript4-1,read> 2.1758834313388513E-4
<1406,registrar4-0,transcript4-2,read> 2.1862099495022154E-4
<1407,admissions0-0,stu5-18application5-18,read> 1.1429190316687512E-4
<1408,registrar4-0,transcript4-9,read> 2.1035978041953024E-4
<1409,registrar4-0,transcript4-8,read> 2.0829447678685737E-4
<1410,admissions0-0,stu4-15application4-15,setStatus> 1.3522434688087822E-5
<1411,registrar4-0,transcript4-6,read> 2.155230395012123E-4
<1412,registrar4-0,transcript4-5,read> 2.1449038768487586E-4
<1413,registrar0-0,transcript5-8,read> 2.612301279203287E-4
<1414,fac2-2,gradebook2-5,addScore> 0.001355743873596506
<1415,admissions4-0,application4-3,read> 1.2247779535444218E-4
<1416,registrar4-0,transcript4-4,read> 2.1345773586853946E-4
<1417,registrar4-0,transcript4-3,read> 2.1242508405220305E-4
<1418,admissions4-0,stu3-1application3-1,setStatus> 1.561696664616084E-4
<1419,registrar0-0,roster2-9,write> 9.018374052941181E-5
<1420,admissions0-0,stu1-3application1-3,setStatus> 1.5782511206255048E-4
<1421,registrar0-0,roster0-7,write> 1.2496113477953986E-4
<1422,admissions4-0,stu2-8application2-8,read> 1.6818670081443455E-4
<1423,admissions4-0,stu4-13application4-13,read> 1.5280800365032501E-4
<1424,admissions2-0,stu3-9application3-9,read> 6.937777887705134E-5
<1425,chair5,transcript5-0,read> 0.0014468060068059789
<1426,stu4-7,transcript4-7,read> 8.604884320980889E-4
<1427,registrar4-1,roster0-4,write> 1.4977620815517646E-4
<1428,admissions0-0,stu4-16application4-16,setStatus> 1.715139035921438E-4
<1429,registrar0-0,roster0-9,write> 1.3413850270665696E-4
<1430,admissions4-0,application3-2,read> 1.0667191215799623E-4
<1431,stu4-2,stu4-2application4-2,checkStatus> 9.76167039432315E-4
<1432,fac4-1,gradebook4-2,assignGrade> 3.969937535049991E-4
<1433,admissions0-1,stu4-1application4-1,read> 1.8143534197867208E-4
<1434,stu3-7,gradebook3-4,readScore> 3.23649612022281E-5
<1435,registrar2-1,transcript3-19,read> 3.111270383694378E-4
<1436,admissions0-1,stu3-9application3-9,read> 8.18908051274213E-5
<1437,admissions0-0,stu4-4application4-4,read> 1.3788225390287424E-4
<1438,registrar4-1,transcript4-0,read> 2.1993277812172102E-4
<1439,registrar4-1,transcript4-1,read> 2.2098153367008607E-4
<1440,registrar4-1,transcript4-2,read> 2.220302892184511E-4
<1441,registrar4-0,roster1-3,write> 1.5033768563056026E-4
<1442,registrar0-0,roster0-1,write> 1.2109697986285895E-4
<1443,registrar4-1,transcript4-3,read> 2.157377559282608E-4
<1444,stu4-4,transcript4-4,read> 8.862119808259537E-4
<1445,registrar4-1,transcript4-6,read> 2.18884022573356E-4
<1446,registrar0-0,roster0-2,write> 1.230290573211994E-4
<1447,registrar0-0,roster0-3,write> 1.2206301859202917E-4
<1448,registrar0-0,roster0-4,write> 1.2447811541495474E-4
<1449,registrar0-0,roster0-5,write> 1.2399509605036962E-4
<1450,fac2-2,gradebook2-4,readScore> 2.4403067692668772E-4
<1451,stu4-7,gradebook4-5,readMyScores> 1.0961393775518631E-4
<1452,registrar0-0,roster0-6,write> 1.2544415414412495E-4
<1453,chair0,transcript0-4,read> 5.29248704960736E-4
<1454,admissions0-1,stu2-2application2-2,read> 2.6866186767433462E-5
<1455,stu2-17,gradebook2-5,readMyScores> 1.0383188049962364E-4
<1456,registrar4-1,transcript4-8,read> 2.115427337348006E-4
<1457,registrar2-1,transcript1-8,read> 2.76628818431088E-4
<1458,registrar2-1,transcript4-10,read> 3.0749564679697993E-4
<1459,admissions2-1,stu0-0application0-0,read> 9.914888020549586E-5
<1460,registrar4-1,transcript4-4,read> 2.1678651147662584E-4
<1461,registrar4-1,transcript1-9,read> 3.2061331076476595E-4
<1462,registrar4-0,roster1-4,read> 2.0592745911778425E-4
<1463,admissions0-1,stu4-15application4-15,setStatus> 1.3476673487789727E-5
<1464,registrar4-1,roster0-5,read> 2.0514315688933843E-4
<1465,admissions2-1,stu0-0application0-0,setStatus> 1.1266918205169986E-4
<1466,stu3-19,gradebook3-7,addScore> 8.976947184872773E-5
<1467,registrar2-1,roster4-8,read> 9.111064897302009E-5
<1468,stu1-8,stu1-8application1-8,checkStatus> 0.0013297973631511914
<1469,registrar2-1,roster4-7,read> 9.872001668225047E-5
<1470,registrar0-0,transcript2-6,read> 1.6448091885877503E-4
<1471,registrar0-1,transcript4-10,read> 2.938594762073133E-4
<1472,fac5-3,roster5-7,read> 0.0014545074793295273
<1473,registrar2-0,roster0-8,read> 1.8987840634665328E-4
<1474,registrar4-1,transcript2-8,read> 2.0000642270278504E-4
<1475,admissions0-0,stu4-0application4-0,read> 5.95823663536006E-5
<1476,admissions2-0,stu1-14application1-14,setStatus> 1.635961704298455E-4
<1477,registrar2-1,transcript3-7,read> 7.145519458721799E-5
<1478,admissions4-0,stu3-19application3-19,read> 1.293127718718242E-4
<1479,registrar2-1,transcript3-8,read> 6.237671565607329E-5
<1480,registrar2-1,transcript3-9,read> 6.146886776295882E-5
<1481,admissions0-0,stu0-1application0-1,setStatus> 1.75149988842192E-5
<1482,registrar0-0,transcript3-8,read> 5.9887179332771036E-5
<1483,registrar2-0,transcript2-16,read> 3.0793967365822785E-4
<1484,stu4-11,gradebook4-6,readScore> 6.135178237037092E-5
<1485,app0-0,application0-0,checkStatus> 6.537393913356924E-4
<1486,registrar2-1,transcript3-3,read> 6.691595512164565E-5
<1487,admissions4-0,stu0-11application0-11,read> 1.4340991093892463E-4
<1488,admissions2-0,stu1-1application1-1,read> 1.6642544309397017E-4
<1489,registrar4-1,roster1-9,read> 2.1872835539783544E-4
<1490,admissions4-0,stu4-1application4-1,setStatus> 1.7607265205909874E-4
<1491,fac4-4,gradebook4-8,addScore> 8.109272796914609E-4
<1492,registrar2-1,transcript3-6,read> 7.236304248033246E-5
<1493,fac3-3,gradebook3-7,readScore> 2.688934977547249E-5
<1494,stu2-5,gradebook2-1,readMyScores> 1.3223136216857883E-4
<1495,admissions2-0,stu5-8application5-8,read> 1.6218755382685585E-4
<1496,registrar2-0,transcript3-7,read> 7.11383201101128E-5
<1497,fac4-2,roster4-5,read> 0.0012541474613055278
<1498,admissions2-1,stu4-5application4-5,read> 6.346143633908052E-5
<1499,fac3-3,gradebook3-6,readScore> 1.0710563911022352E-4
<1500,fac2-0,gradebook2-1,readScore> 1.0210478719578006E-4
<1501,registrar4-0,roster4-9,write> 7.365473606864402E-5
<1502,stu4-18,gradebook4-9,readScore> 9.60646998234716E-5
<1503,registrar4-1,roster5-8,read> 1.2602935381044405E-4
<1504,registrar4-1,roster5-9,read> 1.3002500043059027E-4
<1505,admissions4-0,stu0-12application0-12,read> 4.3021193339876004E-5
<1506,registrar0-0,roster2-8,write> 8.97007211648267E-5
<1507,stu1-11,transcript1-11,read> 1.7452713268836057E-4
<1508,registrar0-0,roster2-7,write> 8.873468243565648E-5
<1509,admissions4-1,stu2-16application2-16,read> 8.81439565334983E-5
<1510,registrar0-0,roster2-6,write> 8.825166307107139E-5
<1511,admissions0-1,stu3-14application3-14,read> 1.1640624755323188E-4
<1512,registrar0-0,roster2-5,write> 6.506673357098604E-5
<1513,registrar2-1,transcript3-0,read> 6.600810722853118E-5
<1514,admissions4-1,stu4-16application4-16,read> 1.294799377777849E-4
<1515,registrar0-0,roster2-4,write> 6.554975293557117E-5
<1516,registrar0-0,roster2-3,write> 6.31346561126456E-5
<1517,admissions2-0,stu5-19application5-19,read> 2.6575097279196297E-5
<1518,admissions0-0,stu3-13application3-13,setStatus> 1.355808258269614E-4
<1519,registrar0-0,roster2-2,write> 6.458371420640092E-5
<1520,chair0,transcript0-0,read> 8.863520873005061E-4
<1521,admissions4-1,stu5-19application5-19,read> 2.700115094299103E-5
<1522,registrar2-1,transcript0-3,read> 9.77827834875376E-5
<1523,admissions2-1,stu2-13application2-13,read> 8.315106054124071E-5
<1524,registrar2-0,roster0-3,read> 1.7403846675116398E-4
<1525,registrar2-1,transcript3-1,read> 6.51002593354167E-5
<1526,registrar0-0,roster2-1,write> 6.989692721683716E-5
<1527,registrar4-1,roster1-3,read> 2.0993793283351385E-4
<1528,registrar2-0,transcript3-8,read> 6.21001005090397E-5
<1529,registrar0-0,roster1-3,read> 1.744781668270854E-4
<1530,stu4-11,gradebook4-2,readMyScores> 4.2438210614774545E-5
<1531,registrar2-0,transcript3-9,read> 6.119627854893239E-5
<1532,registrar2-1,transcript4-16,read> 3.320075399110706E-4
<1533,admissions4-1,stu3-18application3-18,setStatus> 1.5447577823545988E-4
<1534,registrar4-0,roster0-7,read> 2.03566883245076E-4
<1535,registrar4-0,transcript3-13,read> 3.6319224923731945E-4
<1536,registrar0-1,roster0-1,read> 1.6573925563793715E-4
<1537,admissions0-0,stu3-18application3-18,read> 1.5846107050236286E-4
<1538,fac2-2,gradebook2-5,assignGrade> 6.937834956004864E-4
<1539,stu2-12,gradebook2-8,readMyScores> 1.471166136313356E-4
<1540,registrar2-0,transcript3-6,read> 7.20421420702201E-5
<1541,registrar2-0,transcript3-4,read> 7.023449815000549E-5
<1542,registrar2-1,transcript5-14,read> 2.3339256252151136E-5
<1543,fac3-4,gradebook3-9,readScore> 2.6842073121116287E-5
<1544,registrar2-0,transcript3-5,read> 6.933067618989818E-5
<1545,registrar2-1,transcript1-2,read> 2.8207590578977474E-4
<1546,app4-3,application4-3,checkStatus> 0.0014910111871995024
<1547,registrar4-1,transcript5-5,read> 3.090769997327504E-4
<1548,admissions2-0,stu3-8application3-8,read> 1.3421748466390103E-4
<1549,registrar4-1,transcript5-10,read> 3.3254290512741844E-5
<1550,fac3-4,gradebook3-8,readScore> 3.7830582522801326E-5
<1551,registrar2-0,transcript3-2,read> 6.842685422979088E-5
<1552,fac2-1,gradebook2-2,readScore> 9.098299849421993E-5
<1553,stu5-11,gradebook5-9,addScore> 8.148218945761541E-5
<1554,admissions4-0,stu1-2application1-2,setStatus> 1.5180071840362275E-4
<1555,fac4-1,gradebook4-2,readScore> 2.858128817969038E-4
<1556,registrar2-0,transcript3-1,read> 6.481156638936164E-5
<1557,stu4-10,gradebook4-8,readMyScores> 6.218839372936836E-5
<1558,registrar2-0,transcript3-0,read> 6.571538834946895E-5
<1559,stu4-10,gradebook4-6,readMyScores> 6.144101077288925E-5
<1560,stu4-10,gradebook4-4,readMyScores> 4.309814667028624E-5
<1561,admissions0-0,stu1-11application1-11,setStatus> 1.7949903198440656E-4
<1562,stu4-10,gradebook4-5,readMyScores> 5.0575910238927956E-5
<1563,registrar0-0,roster5-9,read> 1.0806300419663258E-4
<1564,stu1-13,transcript1-13,read> 1.6166535832442814E-4
<1565,admissions0-1,stu3-19application3-19,setStatus> 1.720703565708126E-4
<1566,admissions2-1,stu3-4application3-4,read> 4.049020810322697E-5
<1567,stu2-10,gradebook2-8,readScore> 1.562745928709145E-4
<1568,admissions4-0,stu0-19application0-19,read> 8.44582384765046E-5
<1569,registrar4-0,transcript3-12,read> 3.6422490105365586E-4
<1570,admissions4-1,application3-4,read> 1.0665903146583497E-4
<1571,registrar2-0,transcript1-15,read> 3.2273975825498505E-5
<1572,stu2-19,stu2-19application2-19,checkStatus> 0.0012049866606621761
<1573,fac3-1,gradebook3-3,readScore> 1.1358053920756703E-4
<1574,fac3-1,gradebook3-2,readScore> 1.1228555918809833E-4
<1575,registrar4-0,roster5-6,read> 1.193730104518154E-4
<1576,registrar4-0,roster5-5,read> 1.2094672770028754E-4
<1577,registrar4-0,roster5-4,read> 1.1622557595487107E-4
<1578,registrar2-1,roster4-1,write> 9.041102735512595E-5
<1579,admissions0-0,stu5-17application5-17,setStatus> 1.4356595421922413E-4
<1580,registrar4-0,roster4-7,read> 1.1229128283369066E-4
<1581,registrar4-0,roster5-3,read> 1.1701243457910715E-4
<1582,admissions4-0,application3-3,setStatus> 1.2073264332461349E-4
<1583,registrar4-0,roster5-2,read> 1.3983133468195344E-4
<1584,registrar4-0,roster5-1,read> 1.390444760577174E-4
<1585,admissions2-1,stu1-1application1-1,read> 1.610891563414581E-4
<1586,admissions2-1,stu2-3application2-3,read> 5.238602272536542E-5
<1587,admissions4-1,stu0-19application0-19,read> 8.512987456776905E-5
<1588,admissions4-1,stu1-13application1-13,read> 1.0364494950010578E-4
<1589,registrar4-0,roster5-7,read> 1.2566787944570405E-4
<1590,fac1-4,gradebook1-8,assignGrade> 2.3330971392506364E-4
<1591,stu5-4,stu5-4application5-4,checkStatus> 6.485389453986501E-4
<1592,registrar0-0,transcript2-18,read> 3.0132439473863024E-4
<1593,fac5-4,gradebook5-9,readScore> 5.6366204788023984E-5
<1594,fac5-2,gradebook5-4,changeScore> 4.669192154684055E-4
<1595,fac3-2,gradebook3-5,readScore> 5.5243665991423E-5
<1596,registrar4-0,transcript2-8,read> 1.9693530680715688E-4
<1597,registrar4-1,roster1-3,write> 1.5268213296982825E-4
<1598,fac3-2,gradebook3-4,readScore> 1.8121834857829093E-5
<1599,registrar4-1,roster5-5,read> 1.2283283651432715E-4
<1600,registrar4-1,roster5-4,read> 1.1803806057015172E-4
<1601,admissions4-1,stu4-14application4-14,read> 1.3507751857128202E-4
<1602,registrar4-0,transcript1-5,read> 3.198208729511901E-4
<1603,registrar0-1,roster2-6,write> 8.784403414233664E-5
<1604,registrar4-1,roster5-7,read> 1.2762761245850254E-4
<1605,registrar0-1,roster2-9,write> 8.976718745537297E-5
<1606,registrar4-1,roster5-6,read> 1.2123457786626866E-4
<1607,registrar0-1,roster2-8,write> 8.928639912711387E-5
<1608,registrar4-1,roster5-1,read> 1.4121281096699954E-4
<1609,registrar4-1,roster5-3,read> 1.1883718989418095E-4
<1610,registrar2-0,transcript0-0,read> 1.6152051612084375E-4
<1611,admissions4-1,stu3-8application3-8,read> 1.36369267985166E-4
<1612,registrar4-1,roster5-2,read> 1.4201194029102876E-4
<1613,registrar0-1,roster2-1,write> 6.957407766849148E-5
<1614,admissions4-0,stu5-19application5-19,read> 2.678812411109366E-5
<1615,registrar0-1,roster2-3,write> 6.284304107286433E-5
<1616,registrar0-1,roster2-2,write> 6.428540605764156E-5
<1617,admissions0-1,stu0-6application0-6,setStatus> 6.29306176749689E-5
<1618,registrar0-1,roster2-5,write> 6.476619438590064E-5
<1619,registrar0-1,roster2-4,write> 6.524698271415974E-5
<1620,admissions0-0,stu3-19application3-19,setStatus> 1.726546362196099E-4
<1621,admissions4-0,stu1-13application1-13,read> 1.0282723786696882E-4
<1622,fac1-0,gradebook1-1,readScore> 1.9516428043409498E-4
<1623,admissions2-0,stu2-3application2-3,read> 5.4121377515439644E-5
<1624,stu4-14,gradebook4-4,readMyScores> 4.410432908282211E-5
<1625,registrar2-0,transcript4-9,read> 1.8411606512352646E-4
<1626,admissions0-0,stu5-16application5-16,setStatus> 1.4869925104282164E-4
<1627,stu4-14,gradebook4-5,readMyScores> 5.175667078925313E-5
<1628,admissions4-0,stu4-17application4-17,setStatus> 8.432474284139948E-5
<1629,registrar2-1,roster3-6,write> 8.437384305689356E-5
<1630,stu4-13,gradebook4-8,readMyScores> 6.073652461506403E-5
<1631,stu4-13,gradebook4-7,readMyScores> 4.368884753469542E-5
<1632,admissions4-1,stu2-4application2-4,setStatus> 3.117242509199131E-5
<1633,registrar4-1,transcript2-17,read> 3.604660216026379E-4
<1634,admissions0-0,stu2-14application2-14,setStatus> 6.200357135539742E-5
<1635,stu3-2,stu3-2application3-2,checkStatus> 5.185277969725927E-4
<1636,stu5-15,gradebook5-2,addScore> 4.808931671645433E-5
<1637,registrar4-0,transcript2-14,read> 3.4770247199227325E-4
<1638,admissions2-0,stu2-10application2-10,read> 1.0285710408725479E-4
<1639,stu2-4,transcript2-4,read> 8.347648833702241E-4
<1640,fac0-4,gradebook0-9,readScore> 6.825623852616261E-5
<1641,stu2-6,gradebook2-6,readMyScores> 2.571723837885233E-4
<1642,stu4-15,gradebook4-5,readMyScores> 5.215025763936152E-5
<1643,fac0-4,gradebook0-8,readScore> 6.307631844828782E-5
<1644,stu4-15,gradebook4-2,readMyScores> 4.410245416829512E-5
<1645,admissions2-0,stu3-4application3-4,read> 4.183149864080799E-5
<1646,admissions4-1,stu4-6application4-6,setStatus> 5.7594572194163136E-5
<1647,admissions4-1,stu2-17application2-17,setStatus> 1.0456727815357972E-4
<1648,admissions0-0,stu3-6application3-6,setStatus> 2.137210108083898E-4
<1649,stu2-8,gradebook2-3,readMyScores> 1.4828759924029016E-4
<1650,stu4-14,gradebook4-9,readMyScores> 4.976309678988662E-5
<1651,admissions4-1,stu4-17application4-17,setStatus> 8.499531733715613E-5
<1652,admissions0-0,stu4-4application4-4,setStatus> 1.5668437943508435E-4
<1653,admissions4-1,stu5-12application5-12,setStatus> 8.450601831674556E-5
<1654,stu4-14,gradebook4-6,readMyScores> 6.287543125785942E-5
<1655,admissions2-1,stu4-5application4-5,setStatus> 7.211526856713696E-5
<1656,admissions2-1,stu2-10application2-10,read> 9.955908070970753E-5
<1657,chair5,transcript5-17,read> 1.0766832303184045E-4
<1658,registrar4-0,roster2-6,read> 1.4376562780313388E-4
<1659,fac1-2,gradebook1-4,readScore> 1.0309189388937514E-4
<1660,admissions2-0,stu3-6application3-6,setStatus> 1.804514118331413E-4
<1661,fac1-2,gradebook1-5,readScore> 3.815031062464315E-5
<1662,admissions0-0,stu2-6application2-6,setStatus> 1.5953621100374965E-4
<1663,stu4-12,gradebook4-1,readMyScores> 4.493195180289981E-5
<1664,admissions4-0,stu4-14application4-14,setStatus> 1.5228615707673222E-4
<1665,admissions4-1,application5-0,read> 1.6177367312488375E-4
<1666,fac1-1,gradebook1-3,readScore> 2.016391805314385E-4
<1667,stu4-13,gradebook4-4,readMyScores> 4.2091964257750375E-5
<1668,stu4-13,gradebook4-2,readMyScores> 4.1772513193366315E-5
<1669,stu4-12,gradebook4-7,readMyScores> 4.403696584174479E-5
<1670,admissions4-0,application0-0,read> 5.3700844148285436E-5
<1671,stu4-12,gradebook4-9,readMyScores> 4.787096383209626E-5
<1672,registrar0-0,roster3-1,read> 1.0673470094402351E-4
<1673,registrar2-0,transcript5-5,read> 2.663638634932916E-4
<1674,admissions4-1,stu0-12application0-12,read> 4.336331018552114E-5
<1675,admissions4-1,stu4-9application4-9,setStatus> 1.1728905268425504E-4
<1676,registrar2-1,roster1-9,write> 1.3770230435794628E-4
<1677,registrar4-0,transcript2-15,read> 3.4873512380860966E-4
<1678,admissions4-0,stu1-11application1-11,setStatus> 1.527715957498418E-4
<1679,admissions0-1,stu3-17application3-17,setStatus> 1.612700699092447E-4
<1680,registrar4-1,transcript3-4,read> 8.149704573753421E-5
<1681,admissions4-0,stu2-4application2-4,setStatus> 3.0926488799352314E-5
<1682,admissions4-0,stu1-2application1-2,read> 1.33584632195188E-4
<1683,registrar4-0,roster4-2,write> 1.0341229858520854E-4
<1684,admissions0-1,stu2-8application2-8,setStatus> 2.237980453183218E-4
<1685,fac4-2,gradebook4-5,readScore> 1.342004884480062E-4
<1686,admissions4-0,stu5-0application5-0,setStatus> 1.1830544995906587E-4
<1687,registrar4-0,roster4-1,write> 1.0284003776758227E-4
<1688,registrar4-0,roster4-4,write> 7.994960506253269E-5
<1689,registrar4-0,roster4-3,write> 1.0398455940283475E-4
<1690,stu3-9,stu3-9application3-9,checkStatus> 8.513563369432998E-4
<1691,admissions4-1,stu5-15application5-15,setStatus> 3.9490508438971334E-5
<1692,admissions0-0,stu5-19application5-19,setStatus> 3.576672092367693E-5
<1693,registrar4-0,roster4-6,write> 8.338316996829012E-5
<1694,registrar4-0,roster4-5,write> 7.88050834272802E-5
<1695,registrar4-0,roster4-7,write> 8.16663875154114E-5
<1696,registrar0-0,transcript1-6,read> 2.6733142939267896E-4
<1697,fac3-3,gradebook3-6,addScore> 2.907153061563211E-4
<1698,fac3-3,gradebook3-7,addScore> 7.298537796199676E-5
<1699,registrar0-0,transcript3-15,read> 3.048108527228305E-4
<1700,fac1-4,gradebook1-9,readScore> 9.881641804810359E-5
<1701,fac1-4,gradebook1-8,readScore> 9.809168028818447E-5
<1702,fac0-1,gradebook0-2,readScore> 7.08461985651E-5
<1703,fac0-1,gradebook0-3,readScore> 1.0045703654251068E-5
<1704,admissions2-0,stu0-13application0-13,setStatus> 1.5878038717176106E-4
<1705,registrar2-0,roster4-6,write> 7.298059125879583E-5
<1706,registrar2-0,roster4-5,write> 6.897365001724915E-5
<1707,registrar2-0,roster4-8,write> 6.596844408608911E-5
<1708,admissions0-0,stu5-0application5-0,read> 1.2232266086423653E-4
<1709,admissions0-1,stu1-8application1-8,setStatus> 1.4535385798693416E-4
<1710,registrar2-0,roster4-7,write> 7.147798829321583E-5
<1711,admissions4-0,stu2-13application2-13,setStatus> 9.840246436157556E-5
<1712,admissions4-1,stu1-6application1-6,read> 2.1834153287455206E-5
<1713,registrar0-1,transcript0-12,read> 2.869187677029704E-4
<1714,registrar2-0,roster4-9,write> 6.44658411205091E-5
<1715,admissions0-0,stu0-18application0-18,setStatus> 2.2341723814185165E-4
<1716,stu5-1,gradebook5-1,readMyScores> 5.799598468217116E-5
<1717,fac3-2,gradebook3-5,addScore> 1.4994709340529104E-4
<1718,admissions0-0,stu2-10application2-10,read> 1.2182073850815146E-4
<1719,stu1-7,gradebook1-2,readMyScores> 6.643145853978305E-5
<1720,registrar4-1,roster0-9,read> 2.2192487269395234E-4
<1721,admissions0-0,stu2-6application2-6,read> 1.4039186568329967E-4
<1722,admissions0-0,stu2-4application2-4,setStatus> 3.6337087237409985E-5
<1723,admissions4-1,application3-1,setStatus> 1.1973554778630802E-4
<1724,admissions0-1,stu3-19application3-19,read> 1.514219137823151E-4
<1725,admissions0-1,stu0-8application0-8,read> 1.4491900433977103E-4
<1726,registrar2-1,roster5-1,read> 1.2223988051078083E-4
<1727,registrar4-1,roster0-7,read> 2.0674141553739687E-4
<1728,admissions2-1,stu1-1application1-1,setStatus> 1.8305585947892968E-4
<1729,admissions0-0,stu2-9application2-9,setStatus> 2.034544171611948E-4
<1730,registrar0-1,transcript4-2,read> 1.836757287008684E-4
<1731,admissions2-1,stu0-4application0-4,read> 1.040712862560359E-4
<1732,registrar2-0,roster4-1,write> 9.001009153536928E-5
<1733,registrar2-0,roster4-4,write> 6.997538532763583E-5
<1734,admissions4-0,stu4-12application4-12,setStatus> 1.581114211540465E-4
<1735,fac3-2,gradebook3-4,addScore> 4.91878374712504E-5
<1736,registrar0-1,transcript2-0,read> 2.0276267708781162E-4
<1737,chair0,transcript0-7,read> 5.689268585540437E-4
<1738,registrar2-0,roster4-3,write> 9.101182684575595E-5
<1739,admissions4-1,stu0-15application0-15,setStatus> 1.1533185660261268E-4
<1740,fac1-3,gradebook1-7,readScore> 3.870051785034115E-5
<1741,stu5-15,stu5-15application5-15,checkStatus> 4.1971932416878896E-4
<1742,fac1-3,gradebook1-6,readScore> 1.8609942029781414E-4
<1743,admissions0-1,stu3-6application3-6,setStatus> 2.1299775865675396E-4
<1744,fac0-0,gradebook0-1,readScore> 2.924921710520479E-5
<1745,admissions4-0,stu1-6application1-6,read> 2.1661891723057135E-5
<1746,fac3-1,gradebook3-2,addScore> 3.0477508922483837E-4
<1747,admissions0-0,application4-4,setStatus> 1.6295840888614797E-4
<1748,fac3-1,gradebook3-3,addScore> 3.0829003499196773E-4
<1749,admissions0-0,application4-2,setStatus> 1.601065773174827E-4
<1750,admissions4-1,stu0-19application0-19,setStatus> 9.673849382701028E-5
<1751,stu5-11,transcript5-11,read> 1.1879277711132013E-4
<1752,admissions0-0,application4-3,setStatus> 1.63528775199881E-4
<1753,admissions0-1,application0-4,read> 6.138162919324403E-5
<1754,admissions0-0,application4-0,setStatus> 1.538325478664191E-4
<1755,admissions0-0,stu1-0application1-0,setStatus> 2.1029881292599145E-4
<1756,admissions0-0,application4-1,setStatus> 1.612473099449488E-4
<1757,admissions0-1,stu2-4application2-4,setStatus> 3.6214119091090494E-5
<1758,fac0-3,gradebook0-7,readScore> 6.437129846775652E-5
<1759,fac0-3,gradebook0-6,readScore> 6.8479821171557725E-6
<1760,registrar2-0,roster1-9,write> 1.37091651123543E-4
<1761,registrar4-1,roster4-7,write> 8.293993741818584E-5
<1762,registrar0-1,roster0-2,read> 1.683835914433621E-4
<1763,registrar0-1,transcript5-3,read> 2.5395040230734116E-4
<1764,registrar4-1,roster4-6,write> 8.468349230697691E-5
<1765,registrar4-1,roster4-5,write> 8.003401260353409E-5
<1766,registrar4-1,roster4-4,write> 8.119638252939478E-5
<1767,registrar4-1,roster4-3,write> 1.0560615097246961E-4
<1768,registrar4-1,roster4-2,write> 1.0502496600953928E-4
<1769,registrar4-1,roster4-1,write> 1.044437810466089E-4
<1770,admissions4-1,stu1-2application1-2,read> 1.346469354333207E-4
<1771,admissions2-0,stu4-3application4-3,read> 1.6557786524054735E-4
<1772,admissions0-1,application4-4,setStatus> 1.6240694218940975E-4
<1773,registrar0-1,transcript3-15,read> 3.03402950400785E-4
<1774,registrar2-1,roster0-2,read> 1.7619721517623274E-4
<1775,fac3-0,gradebook3-1,addScore> 5.521682055705909E-5
<1776,admissions0-1,application4-0,setStatus> 1.5331196394808945E-4
<1777,registrar0-1,roster0-3,read> 1.670614235406496E-4
<1778,registrar4-1,roster4-9,write> 7.480334793716089E-5
<1779,stu0-3,transcript0-3,read> 4.6177342681618435E-4
<1780,registrar0-0,transcript4-19,read> 3.19628299155681E-4
<1781,registrar4-1,roster4-8,write> 7.654690282595196E-5
<1782,admissions4-1,stu3-6application3-6,setStatus> 1.8334442043968467E-4
<1783,admissions0-1,application4-2,setStatus> 1.5956476148899714E-4
<1784,admissions4-0,stu2-4application2-4,read> 2.7215310143430038E-5
<1785,chair2,transcript2-10,read> 0.0016451967747725179
<1786,fac0-2,gradebook0-4,readScore> 2.922459373017815E-5
<1787,fac0-2,gradebook0-5,readScore> 1.5072658973250781E-5
<1788,admissions2-0,stu0-19application0-19,setStatus> 9.521204816504564E-5
<1789,admissions0-0,stu1-12application1-12,setStatus> 1.3501045951322835E-4
<1790,admissions4-0,application0-0,setStatus> 6.1023686532142545E-5
<1791,registrar0-1,transcript3-0,read> 6.308091843790895E-5
<1792,admissions4-0,stu5-10application5-10,setStatus> 1.7413089736666065E-4
<1793,admissions2-0,stu2-13application2-13,read> 8.590554701879734E-5
<1794,registrar0-0,roster4-7,read> 9.477997167054202E-5
<1795,admissions4-0,application0-1,setStatus> 5.908193183970447E-5
<1796,admissions0-1,application0-1,read> 6.0881405389971424E-5
<1797,admissions2-0,stu5-2application5-2,read> 1.206562390091351E-4
<1798,admissions4-1,stu2-4application2-4,read> 2.7431734080952345E-5
<1799,stu4-0,stu4-0application4-0,checkStatus> 6.173362697763963E-4
<1800,admissions0-0,stu2-16application2-16,setStatus> 1.167587374737706E-4
<1801,admissions4-0,application0-4,setStatus> 5.9567370512813986E-5
<1802,registrar2-0,roster5-6,read> 1.0448047113618928E-4
<1803,fac2-4,gradebook2-9,readScore> 1.7575965895630502E-4
<1804,admissions4-0,application0-2,setStatus> 5.859649316659495E-5
<1805,fac2-4,gradebook2-8,readScore> 1.236990439344422E-4
<1806,admissions2-1,application2-4,read> 4.746361667482538E-5
<1807,admissions4-0,application0-3,setStatus> 6.0052809185923515E-5
<1808,registrar0-1,transcript2-4,read> 1.6892672312913954E-4
<1809,admissions4-1,stu3-14application3-14,read> 1.0020028439641521E-4
<1810,stu1-18,transcript1-18,read> 1.4880358396049577E-4
<1811,admissions4-0,stu3-7application3-7,read> 1.2290498138677855E-4
<1812,admissions4-0,stu3-15application3-15,read> 1.203418651927603E-4
<1813,admissions2-1,stu0-19application0-19,setStatus> 9.215915684111632E-5
<1814,admissions0-1,stu1-12application1-12,setStatus> 1.345535713253663E-4
<1815,admissions2-0,stu4-4application4-4,read> 1.1641834974202071E-4
<1816,admissions2-0,stu1-0application1-0,setStatus> 1.7756194187829057E-4
<1817,stu3-8,transcript3-8,read> 2.9457036008506297E-4
<1818,admissions0-1,stu4-1application4-1,setStatus> 2.0617652497576376E-4
<1819,fac3-0,gradebook3-1,readScore> 2.0343039152600712E-5
<1820,registrar2-0,transcript5-10,read> 2.8658687985069267E-5
<1821,admissions2-0,stu3-5application3-5,setStatus> 1.0484361468121463E-4
<1822,admissions0-1,stu4-17application4-17,setStatus> 9.874209450016759E-5
<1823,registrar4-0,transcript3-10,read> 3.67322856502665E-4
<1824,admissions4-0,application5-4,setStatus> 1.8626686419439861E-4
<1825,admissions4-1,application0-0,setStatus> 6.150896435744785E-5
<1826,admissions0-1,stu3-11application3-11,read> 1.2340938079904851E-4
<1827,admissions4-1,application0-1,setStatus> 5.9551768275805495E-5
<1828,admissions4-1,application0-2,setStatus> 5.906246925539491E-5
<1829,admissions4-1,application0-3,setStatus> 6.0530366316626675E-5
<1830,fac2-2,gradebook2-5,readScore> 4.99484585009239E-4
<1831,admissions4-1,application0-4,setStatus> 6.004106729621608E-5
<1832,admissions0-1,application2-4,setStatus> 6.577279837538149E-5
<1833,admissions0-1,stu2-6application2-6,read> 1.3991676630704489E-4
<1834,admissions2-1,application3-1,read> 1.0037948171813088E-4
<1835,admissions2-0,stu3-13application3-13,read> 1.007381594536976E-4
<1836,registrar2-0,transcript4-7,read> 1.814045992432045E-4
<1837,registrar2-1,roster3-2,write> 7.984595483321926E-5
<1838,admissions2-1,stu4-4application4-4,read> 1.1268549684448099E-4
<1839,registrar2-0,roster1-9,read> 1.885010202948716E-4
<1840,admissions4-0,stu0-4application0-4,read> 1.0838065628734172E-4
<1841,admissions0-0,stu3-1application3-1,setStatus> 1.834915961805379E-4
<1842,admissions2-0,stu0-10application0-10,read> 1.6515407631383588E-4
<1843,admissions0-0,stu3-18application3-18,setStatus> 1.8006939829813963E-4
<1844,registrar0-0,roster3-9,read> 1.1337621720706881E-4
<1845,admissions0-0,stu0-17application0-17,read> 1.870706447992128E-4
<1846,registrar4-1,roster3-7,read> 1.3481977637476566E-4
<1847,admissions0-1,stu0-18application0-18,setStatus> 2.2266117303815678E-4
<1848,stu3-12,stu3-12application3-12,checkStatus> 7.31746080391327E-4
<1849,stu0-8,stu0-8application0-8,checkStatus> 0.0015066125250106294
<1850,registrar4-0,transcript0-16,read> 3.311800429308906E-4
<1851,admissions2-1,stu1-0application1-0,setStatus> 1.7186857300042956E-4
<1852,admissions4-1,stu4-15application4-15,read> 1.0208408562499599E-5
<1853,admissions0-0,stu4-8application4-8,read> 8.317271708959972E-5
<1854,admissions4-1,application3-3,read> 1.0708961460379634E-4
<1855,fac3-4,gradebook3-8,addScore> 1.0268300970474647E-4
<1856,stu4-6,stu4-6application4-6,checkStatus> 6.12135823839354E-4
<1857,stu0-9,gradebook0-3,readScore> 2.175951308134825E-5
<1858,fac0-4,gradebook0-8,changeScore> 2.4531620803710835E-4
<1859,fac3-4,gradebook3-9,addScore> 7.28570556144585E-5
<1860,admissions0-1,stu3-18application3-18,setStatus> 1.7946002639188533E-4
<1861,admissions0-0,stu5-11application5-11,read> 1.0676306782559881E-4
<1862,stu4-7,stu4-7application4-7,checkStatus> 3.8851664854653515E-4
<1863,admissions0-1,stu0-17application0-17,read> 1.8643758001139825E-4
<1864,admissions0-1,stu0-1application0-1,setStatus> 1.745572646836736E-5
<1865,fac2-3,gradebook2-7,readScore> 1.7957161655709713E-4
<1866,admissions4-0,stu4-15application4-15,read> 1.0127868849974946E-5
<1867,admissions0-1,stu4-8application4-8,read> 8.289125273396654E-5
<1868,admissions0-1,stu3-0application3-0,setStatus> 8.509962713818715E-5
<1869,admissions4-1,stu0-4application0-4,read> 1.092425302936029E-4
<1870,chair5,transcript5-19,read> 9.278901543435003E-5
<1871,admissions0-1,stu4-6application4-6,read> 5.8880510176880944E-5
<1872,fac0-2,gradebook0-4,addScore> 7.932389726762641E-5
<1873,admissions2-1,stu4-2application4-2,setStatus> 8.74977874750746E-5
<1874,admissions4-1,application3-1,read> 1.0536728205195105E-4
<1875,admissions4-1,application3-0,read> 1.0579786518991235E-4
<1876,fac1-4,gradebook1-8,addScore> 2.6624884649650073E-4
<1877,admissions0-1,stu3-3application3-3,read> 1.8593735620812558E-4
<1878,admissions4-0,application3-1,read> 1.0453598199631434E-4
<1879,admissions4-0,application3-3,read> 1.0624472612565985E-4
<1880,admissions4-0,application3-4,read> 1.0581754009332346E-4
<1881,admissions4-1,stu3-2application3-2,read> 4.293272704755982E-5
<1882,admissions0-0,stu4-6application4-6,read> 5.9080443997515515E-5
<1883,admissions2-0,stu0-2application0-2,setStatus> 8.046371193716186E-6
<1884,admissions4-1,application5-0,setStatus> 1.838337194600952E-4
<1885,admissions4-0,application3-0,read> 1.0496316802865072E-4
<1886,admissions4-0,stu3-2application3-2,read> 4.259400730753962E-5
<1887,admissions2-0,stu2-6application2-6,setStatus> 1.3470147088133854E-4
<1888,admissions0-1,stu4-3application4-3,setStatus> 2.2209273689807429E-4
<1889,admissions4-0,stu5-16application5-16,read> 1.1137095851369636E-4
<1890,admissions4-1,stu3-12application3-12,setStatus> 6.884844966360671E-5
<1891,stu1-18,gradebook1-2,readMyScores> 3.1734773187794454E-5
<1892,admissions4-1,stu1-0application1-0,read> 1.5875959115915452E-4
<1893,admissions4-1,stu1-19application1-19,setStatus> 4.3404900602256047E-5
<1894,fac1-2,gradebook1-4,addScore> 2.798208548425897E-4
<1895,fac1-2,gradebook1-5,addScore> 1.0355084312403144E-4
<1896,admissions0-1,stu1-8application1-8,read> 1.2791139502850207E-4
<1897,chair5,transcript5-18,read> 1.0270855383267698E-4
<1898,admissions4-0,stu2-19application2-19,read> 9.898256357594143E-5
<1899,chair5,transcript5-10,read> 1.572660150234752E-4
<1900,admissions2-0,stu0-8application0-8,setStatus> 1.3951725413942305E-4
<1901,registrar4-1,transcript0-12,read> 3.4683219947389225E-4
<1902,admissions4-0,stu0-14application0-14,setStatus> 1.1393650190108021E-4
<1903,chair5,transcript5-11,read> 1.3742693822682133E-4
<1904,chair5,transcript5-12,read> 1.4734647662514825E-4
<1905,admissions4-1,stu5-16application5-16,read> 1.1225661225933213E-4
<1906,registrar4-0,transcript2-13,read> 3.4563716835960044E-4
<1907,fac1-3,gradebook1-6,addScore> 5.051269979512099E-4
<1908,registrar0-0,transcript4-5,read> 1.8104159428372564E-4
<1909,fac1-3,gradebook1-7,addScore> 1.0504426273664028E-4
<1910,registrar2-1,transcript3-10,read> 3.2292906097992587E-4
<1911,admissions4-1,stu0-14application0-14,setStatus> 1.148425575822021E-4
<1912,admissions0-1,stu0-17application0-17,setStatus> 2.1186088637658893E-4
<1913,admissions2-1,stu3-11application3-11,read> 1.0119988272655422E-4
<1914,admissions4-0,application4-0,setStatus> 1.3092685545991337E-4
<1915,stu5-11,gradebook5-5,readMyScores> 1.2996558582335941E-5
<1916,admissions0-1,stu0-3application0-3,read> 7.8389238504513E-5
<1917,stu5-11,gradebook5-2,readMyScores> 1.8811204203690924E-5
<1918,admissions2-0,stu3-18application3-18,read> 1.3379369573718965E-4
<1919,admissions2-0,stu5-15application5-15,read> 3.4203297960002155E-5
<1920,admissions2-1,application5-4,setStatus> 1.7886062704949212E-4
<1921,admissions0-0,stu0-17application0-17,setStatus> 2.1258027818092366E-4
<1922,admissions4-0,stu5-3application5-3,setStatus> 1.4112106759521327E-4
<1923,admissions2-1,stu1-12application1-12,setStatus> 1.10338497368679E-4
<1924,admissions4-0,stu3-11application3-11,read> 1.053903540609871E-4
<1925,admissions2-0,stu2-5application2-5,setStatus> 1.3036726594906252E-4
<1926,registrar2-1,roster3-3,write> 8.286454698233545E-5
<1927,admissions2-1,stu4-3application4-3,read> 1.6026875533303478E-4
<1928,registrar2-1,roster3-4,write> 8.135525090777738E-5
<1929,registrar2-1,transcript4-2,read> 1.9219896437144233E-4
<1930,registrar2-1,roster3-5,write> 8.38707443653742E-5
<1931,stu5-12,gradebook5-4,readMyScores> 2.985064074645195E-5
<1932,stu5-12,gradebook5-5,readMyScores> 1.3106234182186876E-5
<1933,stu5-12,gradebook5-2,readMyScores> 1.896994854296258E-5
<1934,registrar2-1,roster3-1,write> 8.085215221625801E-5
<1935,admissions0-0,stu0-8application0-8,setStatus> 1.6523987414108018E-4
<1936,admissions0-0,stu3-11application3-11,read> 1.238284279324918E-4
<1937,admissions4-0,stu0-5application0-5,read> 1.378564925185518E-4
<1938,registrar2-1,roster3-7,write> 8.487694174841293E-5
<1939,registrar2-1,roster3-8,write> 8.53800404399323E-5
<1940,admissions4-0,stu4-7application4-7,read> 3.19143564991302E-5
<1941,registrar2-0,roster3-1,write> 8.049360608669589E-5
<1942,registrar2-0,roster3-4,write> 8.099447374188923E-5
<1943,admissions4-0,stu2-9application2-9,read> 1.5238081761798856E-4
<1944,registrar2-0,roster3-5,write> 8.34988120178559E-5
<1945,admissions2-1,stu0-13application0-13,read> 1.3524652457612285E-4
<1946,registrar0-1,roster3-3,write> 7.918984423367313E-5
<1947,admissions4-1,application4-4,read> 1.2302119070836507E-4
<1948,registrar2-0,roster3-3,write> 8.249707670746923E-5
<1949,admissions2-0,stu5-0application5-0,read> 1.032808930139662E-4
<1950,admissions4-0,stu1-12application1-12,read> 1.0111849373762333E-4
<1951,fac5-1,roster5-2,read> 0.0016184384031673448
<1952,admissions2-0,stu1-0application1-0,read> 1.562545088528957E-4
<1953,app4-2,application4-2,checkStatus> 0.0014598085115772488
<1954,chair0,transcript0-5,read> 5.540475509565534E-4
<1955,registrar2-0,roster3-8,write> 8.500141498343592E-5
<1956,registrar4-1,roster2-2,write> 7.770927275181266E-5
<1957,registrar2-0,roster3-9,write> 8.550228263862925E-5
<1958,registrar2-0,roster3-6,write> 8.399967967304924E-5
<1959,registrar2-0,roster3-7,write> 8.450054732824258E-5
<1960,admissions4-0,stu0-14application0-14,read> 1.0026412167295058E-4
<1961,admissions0-1,stu5-19application5-19,setStatus> 3.564568295100797E-5
<1962,admissions4-0,stu5-8application5-8,setStatus> 1.8578142552128915E-4
<1963,registrar0-1,transcript3-16,read> 3.0253536183774216E-4
<1964,admissions0-0,stu1-8application1-8,read> 1.2834572913725758E-4
<1965,admissions0-1,stu0-6application0-6,read> 5.537894355397263E-5
<1966,registrar2-1,transcript1-4,read> 2.8026021000354586E-4
<1967,admissions2-0,stu1-16application1-16,read> 9.395753662631461E-5
<1968,fac5-2,gradebook5-5,readScore> 5.583696491095361E-5
<1969,registrar2-0,transcript5-11,read> 2.504340014464003E-5
<1970,admissions4-1,stu4-7application4-7,read> 3.2168148598526856E-5
<1971,stu5-10,gradebook5-1,readMyScores> 2.5325278755352618E-5
<1972,admissions0-0,stu3-3application3-3,read> 1.8656872244312772E-4
<1973,stu5-10,gradebook5-7,readMyScores> 2.598242417385415E-5
<1974,stu5-10,gradebook5-5,readMyScores> 1.2667531782783132E-5
<1975,admissions0-0,stu0-3application0-3,read> 7.865541588483392E-5
<1976,admissions0-0,stu2-7application2-7,read> 9.270924185521637E-5
<1977,admissions2-1,stu0-17application0-17,read> 1.5288514625722469E-4
<1978,admissions0-1,stu0-13application0-13,setStatus> 1.874181323530406E-4
<1979,stu5-10,gradebook5-9,readMyScores> 1.2624621469818685E-5
<1980,admissions4-1,stu5-18application5-18,setStatus> 1.1141746443932799E-4
<1981,admissions2-0,stu4-7application4-7,read> 3.166056439973354E-5
<1982,registrar0-0,transcript3-12,read> 3.074256962109805E-4
<1983,admissions4-0,stu5-1application5-1,setStatus> 2.9470172780023762E-5
<1984,registrar4-0,transcript3-7,read> 8.127830337747855E-5
<1985,admissions0-0,stu5-4application5-4,read> 6.259390049011114E-5
<1986,stu5-15,gradebook5-9,readMyScores> 1.3499054125736862E-5
<1987,admissions4-0,application5-0,read> 1.6049735223237974E-4
<1988,stu2-7,gradebook2-1,readMyScores> 1.2212111717379822E-4
<1989,admissions0-1,stu4-12application4-12,read> 1.6292706125758526E-4
<1990,admissions2-0,application1-0,read> 1.682795196483327E-5
<1991,registrar0-1,transcript5-2,read> 2.5481799087038407E-4
<1992,stu5-15,gradebook5-8,readMyScores> 1.220509467618042E-5
<1993,admissions4-1,stu5-19application5-19,setStatus> 3.068312607158072E-5
<1994,fac1-1,gradebook1-2,assignGrade> 2.7468040524746495E-4
<1995,admissions2-0,stu5-15application5-15,setStatus> 3.8867384045456995E-5
<1996,admissions4-0,stu3-19application3-19,setStatus> 1.4694633167252754E-4
<1997,registrar2-1,transcript5-1,read> 2.6210325214125646E-4
<1998,admissions4-0,stu2-1application2-1,setStatus> 1.0908211516998498E-4
<1999,admissions2-0,application1-3,read> 1.8946896598390453E-5
<2000,admissions0-0,stu0-6application0-6,read> 5.55669875049199E-5
<2001,admissions2-0,application1-4,read> 1.2166273771007476E-5
<2002,registrar2-0,transcript1-7,read> 2.7811354897468664E-4
<2003,stu5-16,gradebook5-5,readMyScores> 1.3435260981739686E-5
<2004,registrar0-0,transcript2-15,read> 2.9435147877023005E-4
<2005,admissions2-0,application1-1,read> 1.767552981825614E-5
<2006,admissions2-0,application1-2,read> 1.8523107671679016E-5
<2007,admissions0-1,stu2-14application2-14,read> 5.437849594742739E-5
<2008,admissions2-1,stu2-12application2-12,setStatus> 4.927455867353258E-5
<2009,registrar0-0,transcript2-9,read> 1.7319706381927535E-4
<2010,registrar2-0,roster1-2,write> 1.3408644519238296E-4
<2011,admissions4-0,stu3-14application3-14,read> 9.940974960827782E-5
<2012,admissions2-1,stu4-7application4-7,read> 3.064539600214689E-5
<2013,admissions2-0,stu0-10application0-10,setStatus> 1.8767508672026806E-4
<2014,registrar2-0,transcript2-10,read> 2.9980527601726205E-4
<2015,admissions0-1,stu5-4application5-4,read> 6.238207679978927E-5
<2016,chair1,transcript1-10,read> 2.2670278381176388E-4
<2017,registrar0-1,roster1-9,read> 1.8094418651913065E-4
<2018,registrar0-0,transcript3-1,read> 6.250202282092114E-5
<2019,stu5-16,gradebook5-7,readMyScores> 2.755711654802713E-5
<2020,stu5-16,gradebook5-6,readMyScores> 6.442149590344324E-5
<2021,admissions2-1,application1-1,read> 1.7108779363161758E-5
<2022,stu5-16,gradebook5-9,readMyScores> 1.338975004374709E-5
<2023,registrar2-1,transcript4-8,read> 1.8312048544029763E-4
<2024,admissions2-1,application1-0,read> 1.6288378354738416E-5
<2025,fac4-2,gradebook4-4,assignGrade> 4.059873820533472E-4
<2026,admissions2-1,application1-2,read> 1.79291803715851E-5
<2027,admissions4-0,stu2-11application2-11,setStatus> 6.636351193634726E-5
<2028,admissions4-1,stu0-1application0-1,read> 1.3222490528228828E-5
<2029,admissions2-1,application1-3,read> 1.833938087579677E-5
<2030,admissions2-1,application1-4,read> 1.1776172808410041E-5
<2031,stu5-17,gradebook5-5,readMyScores> 1.332558538188875E-5
<2032,admissions0-1,stu1-10application1-10,read> 1.0840266670086998E-4
<2033,admissions2-1,stu2-5application2-5,setStatus> 1.2618715321322083E-4
<2034,admissions2-0,stu2-16application2-16,setStatus> 9.85830964457048E-5
<2035,stu5-17,gradebook5-2,readMyScores> 1.9287437221505887E-5
<2036,app2-4,application2-4,checkStatus> 6.017349319652694E-4
<2037,admissions4-0,stu5-5application5-5,read> 7.50601457651043E-5
<2038,admissions0-1,stu3-6application3-6,read> 1.8743802761794347E-4
<2039,registrar2-1,transcript0-2,read> 1.58608592326207E-4
<2040,admissions0-1,stu0-13application0-13,read> 1.6492795647067568E-4
<2041,admissions4-0,stu3-8application3-8,setStatus> 1.5374247309606081E-4
<2042,admissions0-0,stu4-14application4-14,setStatus> 1.789286656706735E-4
<2043,fac3-4,gradebook3-8,changeScore> 4.26627759571806E-4
<2044,registrar4-0,roster4-8,read> 1.0363583796709378E-4
<2045,stu5-13,gradebook5-5,readMyScores> 1.2777207382634069E-5
<2046,admissions0-1,stu1-16application1-16,setStatus> 1.260270292241285E-4
<2047,stu2-16,stu2-16application2-16,checkStatus> 0.001064574620362034
<2048,admissions2-0,stu1-3application1-3,read> 1.1726592759544361E-4
<2049,admissions4-1,stu1-3application1-3,setStatus> 1.3539311643944688E-4
<2050,registrar0-1,transcript4-17,read> 3.164167788464281E-4
<2051,stu5-13,gradebook5-3,readMyScores> 4.248315717467355E-5
<2052,chair3,transcript3-9,read> 3.358177061933603E-4
<2053,registrar2-1,transcript0-8,read> 1.0232202295310994E-4
<2054,registrar2-0,transcript4-16,read> 3.305352226609106E-4
<2055,stu5-13,gradebook5-8,readMyScores> 1.1513307933400961E-5
<2056,registrar0-0,roster1-9,read> 1.8178383471643522E-4
<2057,admissions4-1,stu5-2application5-2,setStatus> 1.3930750860273157E-4
<2058,registrar0-1,roster1-4,read> 1.730111791028558E-4
<2059,registrar0-1,roster1-5,read> 1.7631659885963694E-4
<2060,admissions2-1,stu2-16application2-16,setStatus> 9.542211539734552E-5
<2061,registrar4-1,roster2-4,write> 7.887164267767338E-5
<2062,chair3,transcript3-4,read> 3.8541539818499513E-4
<2063,stu4-8,gradebook4-9,readMyScores> 1.0425652597424918E-4
<2064,admissions0-0,stu0-13application0-13,setStatus> 1.8805452669040234E-4
<2065,registrar0-1,roster1-6,read> 1.7499443095692446E-4
<2066,registrar4-1,transcript2-4,read> 2.0420144489624527E-4
<2067,chair3,transcript3-5,read> 3.8045562898583166E-4
<2068,admissions4-1,stu1-11application1-11,read> 1.3550810170924335E-4
<2069,stu5-14,gradebook5-3,readMyScores> 4.2847819468018384E-5
<2070,registrar0-1,transcript2-15,read> 2.929918876442705E-4
<2071,registrar4-0,transcript3-16,read> 3.6009429378831023E-4
<2072,registrar0-1,roster1-1,read> 1.7763876676234945E-4
<2073,admissions4-1,stu3-11application3-11,read> 1.0622844832787367E-4
<2074,chair3,transcript3-0,read> 3.6061655218917776E-4
<2075,registrar0-1,roster1-2,read> 1.769776828109932E-4
<2076,registrar2-1,transcript0-18,read> 2.8933868893469053E-4
<2077,registrar0-1,roster1-3,read> 1.7367226305421203E-4
<2078,admissions4-0,stu0-3application0-3,setStatus> 7.607228539853765E-5
<2079,stu5-14,gradebook5-4,readMyScores> 2.93510484327038E-5
<2080,admissions2-1,stu5-15application5-15,setStatus> 3.762113525842831E-5
<2081,admissions0-0,stu1-16application1-16,setStatus> 1.264549648072325E-4
<2082,stu5-14,gradebook5-7,readMyScores> 2.6432336280760715E-5
<2083,stu5-14,gradebook5-6,readMyScores> 6.17920470910578E-5
<2084,admissions4-1,stu5-1application5-1,setStatus> 2.9704528030759537E-5
<2085,registrar0-1,transcript0-11,read> 2.8084564776167026E-4
<2086,registrar0-0,roster1-5,read> 1.7713477333230348E-4
<2087,registrar0-0,roster1-6,read> 1.7580647007969444E-4
<2088,registrar4-0,transcript1-1,read> 2.723188893997151E-4
<2089,registrar0-0,roster1-2,read> 1.7779892495860803E-4
<2090,registrar4-0,roster0-7,write> 1.480486423600553E-4
<2091,admissions4-1,stu2-12application2-12,setStatus> 5.1722983949236064E-5
<2092,stu5-16,gradebook5-3,addScore> 1.203490086554223E-4
<2093,registrar2-1,roster3-8,read> 1.173975556049069E-4
<2094,registrar2-1,roster3-9,read> 1.1808931630574603E-4
<2095,registrar0-1,roster1-1,write> 1.2919183037261777E-4
<2096,registrar0-1,roster1-2,write> 1.287110420443587E-4
<2097,admissions0-0,stu0-15application0-15,setStatus> 1.3444009319949526E-4
<2098,registrar0-1,roster1-5,write> 1.282302537160996E-4
<2099,admissions4-0,stu0-10application0-10,setStatus> 1.8917949623305577E-4
<2100,registrar0-1,roster1-6,write> 1.2726867705958146E-4
<2101,registrar0-1,roster1-3,write> 1.263071004030633E-4
<2102,registrar0-1,roster1-4,write> 1.258263120748042E-4
<2103,registrar0-1,roster1-9,write> 1.315957720139132E-4
<2104,registrar2-1,roster3-1,read> 1.1117170929735475E-4
<2105,registrar2-1,roster3-2,read> 1.0978818789567649E-4
<2106,registrar0-1,roster1-7,write> 1.3063419535739503E-4
<2107,registrar2-1,roster3-3,read> 1.1393875210071126E-4
<2108,registrar0-1,roster1-8,write> 1.311149836856541E-4
<2109,registrar2-1,roster3-4,read> 1.118634699981939E-4
<2110,registrar2-1,roster3-5,read> 1.1532227350238951E-4
<2111,stu2-7,gradebook2-5,readMyScores> 1.4398439017923644E-4
<2112,registrar2-1,roster3-7,read> 1.1670579490406777E-4
<2113,registrar2-0,roster3-8,read> 1.1687694560222437E-4
<2114,registrar2-0,roster3-7,read> 1.1618825257633353E-4
<2115,registrar2-0,roster3-9,read> 1.1756563862811521E-4
<2116,admissions0-0,stu0-0application0-0,read> 1.2131881615206636E-4
<2117,admissions4-0,stu1-19application1-19,setStatus> 4.306245562709032E-5
<2118,registrar2-0,roster3-1,read> 1.1067870836920682E-4
<2119,registrar2-0,roster3-2,read> 1.0930132231742515E-4
<2120,stu4-9,gradebook4-1,addScore> 2.850259694591805E-4
<2121,admissions0-0,stu5-12application5-12,read> 8.668617358219532E-5
<2122,admissions0-1,stu4-14application4-14,setStatus> 1.7832315411172027E-4
<2123,registrar4-1,transcript5-6,read> 3.1222326637784554E-4
<2124,registrar2-0,roster3-6,read> 1.154995595504427E-4
<2125,registrar2-0,roster3-4,read> 1.113674013950977E-4
<2126,fac1-4,gradebook1-9,assignGrade> 2.3870589105407249E-4
<2127,stu4-15,stu4-15application4-15,checkStatus> 1.2329390575737786E-4
<2128,fac5-4,gradebook5-8,assignGrade> 1.1819126850620796E-4
<2129,admissions0-0,stu1-19application1-19,read> 4.452469567104797E-5
<2130,stu5-17,gradebook5-9,readMyScores> 1.3280445961757316E-5
<2131,registrar4-0,transcript5-0,read> 3.012331402571346E-4
<2132,admissions2-0,stu2-18application2-18,read> 1.278606507632295E-4
<2133,admissions0-1,stu1-19application1-19,read> 4.437401988197505E-5
<2134,admissions4-1,stu3-8application3-8,setStatus> 1.5496507725587045E-4
<2135,registrar4-0,transcript5-5,read> 3.043310957061438E-4
<2136,registrar4-0,transcript5-3,read> 3.02265792073471E-4
<2137,registrar4-0,transcript5-2,read> 3.032984438898075E-4
<2138,registrar4-0,transcript5-8,read> 3.094943547878259E-4
<2139,registrar4-0,transcript5-7,read> 3.063963993388167E-4
<2140,stu5-18,gradebook5-5,readMyScores> 1.3215909782037813E-5
<2141,stu5-18,gradebook5-8,readMyScores> 1.190861464356065E-5
<2142,admissions4-0,application5-3,read> 1.6263328239406164E-4
<2143,stu5-18,gradebook5-9,readMyScores> 1.3171141879767546E-5
<2144,registrar4-1,transcript5-1,read> 3.027844664425601E-4
<2145,fac3-2,gradebook3-4,changeScore> 4.518099195071807E-4
<2146,stu4-14,gradebook4-1,addScore> 1.3362180029904543E-4
<2147,registrar4-1,transcript5-2,read> 3.080282441843854E-4
<2148,admissions2-0,stu4-2application4-2,setStatus> 9.039626490696112E-5
<2149,stu0-2,stu0-2application0-2,checkStatus> 8.689078419808176E-5
<2150,stu5-9,stu5-9application5-9,checkStatus> 2.6890639199456226E-4
<2151,registrar4-1,transcript5-4,read> 3.1012575528111544E-4
<2152,stu5-19,gradebook5-3,readMyScores> 4.540045552143225E-5
<2153,registrar4-1,transcript5-8,read> 3.143207774745757E-4
<2154,registrar4-1,transcript5-7,read> 3.111745108294805E-4
<2155,stu5-19,gradebook5-5,readMyScores> 1.3654612181441556E-5
<2156,registrar0-1,transcript0-13,read> 2.8518359057688465E-4
<2157,registrar0-0,roster0-1,read> 1.6650834731143105E-4
<2158,stu5-19,gradebook5-8,readMyScores> 1.2303921353720339E-5
<2159,registrar4-1,transcript5-9,read> 3.132720219262106E-4
<2160,admissions0-0,stu5-4application5-4,setStatus> 7.112943237512629E-5
<2161,registrar2-1,transcript1-9,read> 2.775366663242024E-4
<2162,stu5-1,gradebook5-4,readMyScores> 6.607108349319283E-5
<2163,stu5-1,gradebook5-5,readMyScores> 2.9009196160572628E-5
<2164,stu3-13,gradebook3-8,readMyScores> 2.1850697186294017E-5
<2165,admissions2-0,stu0-15application0-15,read> 9.989058160027473E-5
<2166,admissions0-1,stu0-12application0-12,read> 5.037670552124645E-5
<2167,registrar4-0,transcript2-12,read> 3.44604516543264E-4
<2168,admissions4-0,stu0-1application0-1,setStatus> 1.4907012586738167E-5
<2169,registrar4-0,roster2-8,write> 1.062736026733397E-4
<2170,registrar4-1,transcript1-8,read> 3.1956455521640095E-4
<2171,stu3-14,gradebook3-6,readMyScores> 2.5340721591528918E-5
<2172,registrar2-0,transcript4-14,read> 3.287275787406959E-4
<2173,app2-3,application2-3,checkStatus> 5.913340400911849E-4
<2174,registrar0-0,transcript2-19,read> 3.030676237307303E-4
<2175,admissions0-1,stu4-12application4-12,setStatus> 1.851443877927105E-4
<2176,stu5-0,gradebook5-2,readMyScores> 4.246411075516728E-5
<2177,admissions0-0,stu2-5application2-5,read> 1.3587456447853392E-4
<2178,registrar2-1,transcript4-12,read> 3.274683004454982E-4
<2179,registrar2-1,transcript3-16,read> 3.1657412572812466E-4
<2180,registrar2-0,roster5-8,write> 7.899100312111588E-5
<2181,admissions2-1,stu1-8application1-8,read> 1.0489168726445925E-4
<2182,stu5-0,gradebook5-5,readMyScores> 2.9338222960125435E-5
<2183,registrar4-0,transcript4-12,read> 3.7248611558434716E-4
<2184,stu3-14,gradebook3-8,readMyScores> 2.197663780408245E-5
<2185,stu2-15,gradebook2-5,readMyScores> 9.81854338259281E-5
<2186,admissions4-1,stu3-17application3-17,read> 1.2216002443244246E-4
<2187,stu5-0,gradebook5-8,readMyScores> 2.6436136241929246E-5
<2188,admissions2-1,stu2-6application2-6,setStatus> 1.3038238564265836E-4
<2189,stu3-15,gradebook3-8,readMyScores> 2.1598815950717137E-5
<2190,admissions4-1,stu4-6application4-6,read> 5.068322353086356E-5
<2191,stu3-15,gradebook3-4,readMyScores> 4.754989708629339E-5
<2192,stu3-15,gradebook3-1,readMyScores> 2.6162827540233928E-5
<2193,admissions0-1,stu3-16application3-16,read> 3.486976761979533E-5
<2194,admissions0-1,stu1-14application1-14,setStatus> 1.9310249375386576E-4
<2195,admissions0-0,stu4-12application4-12,setStatus> 1.8577306143547013E-4
<2196,admissions0-0,stu1-9application1-9,read> 1.5243800222934179E-4
<2197,stu1-12,gradebook1-8,addScore> 1.896689107148985E-4
<2198,registrar4-1,transcript1-6,read> 3.2166206631313105E-4
<2199,admissions4-0,stu2-17application2-17,setStatus> 1.0374228976578027E-4
<2200,stu3-16,gradebook3-1,readMyScores> 2.6315380470497682E-5
<2201,chair0,transcript0-8,read> 5.590073201557168E-4
<2202,stu3-16,gradebook3-6,readMyScores> 2.5050283521711966E-5
<2203,admissions2-0,stu1-17application1-17,setStatus> 5.764893875198655E-5
<2204,admissions4-0,stu0-9application0-9,setStatus> 1.0616948313132788E-4
<2205,registrar2-1,roster0-4,write> 1.2965272529363647E-4
<2206,registrar4-1,roster3-1,write> 9.340126675093218E-5
<2207,registrar4-1,roster3-2,write> 9.223889682507149E-5
<2208,admissions0-0,stu3-16application3-16,read> 3.498817090543131E-5
<2209,registrar4-1,roster3-3,write> 9.57260066026536E-5
<2210,registrar4-1,roster3-4,write> 9.398245171386256E-5
<2211,registrar4-1,roster3-5,write> 9.688837652851431E-5
<2212,registrar4-1,roster3-6,write> 9.746956149144466E-5
<2213,registrar4-1,roster3-7,write> 9.805074645437502E-5
<2214,registrar4-1,roster3-8,write> 9.863193141730537E-5
<2215,fac0-1,gradebook0-2,assignGrade> 9.840528569984212E-5
<2216,registrar0-1,transcript0-14,read> 2.8431600201384174E-4
<2217,admissions0-1,stu3-18application3-18,read> 1.579248232248591E-4
<2218,stu1-13,gradebook1-5,addScore> 7.546925854802291E-5
<2219,stu3-17,gradebook3-6,readMyScores> 2.5921597731162822E-5
<2220,registrar2-0,transcript0-14,read> 2.961899881768328E-4
<2221,stu3-17,gradebook3-9,readMyScores> 3.778523953211885E-5
<2222,admissions2-0,stu4-13application4-13,read> 1.5159283065906997E-4
<2223,stu3-10,gradebook3-2,readMyScores> 3.0577012410486154E-5
<2224,stu3-10,gradebook3-3,readMyScores> 2.538870222047254E-5
<2225,registrar2-1,transcript3-17,read> 3.147584299418957E-4
<2226,admissions2-1,stu0-3application0-3,setStatus> 7.304754244034531E-5
<2227,stu1-11,gradebook1-7,addScore> 7.462740551323602E-5
<2228,admissions4-1,stu4-10application4-10,setStatus> 2.8725929989938357E-5
<2229,admissions2-0,stu4-10application4-10,setStatus> 2.827266087767109E-5
<2230,admissions2-1,stu4-13application4-13,read> 1.4673213869404966E-4
<2231,admissions0-0,stu2-10application2-10,setStatus> 1.3843265739562667E-4
<2232,stu3-11,gradebook3-3,readMyScores> 2.50800249898285E-5
<2233,admissions4-0,stu0-11application0-11,setStatus> 1.6296580788514165E-4
<2234,admissions0-1,stu2-12application2-12,read> 5.287782453760954E-5
<2235,admissions2-0,stu1-3application1-3,setStatus> 1.332567359039132E-4
<2236,stu3-11,gradebook3-2,readMyScores> 3.0205255420693012E-5
<2237,admissions2-1,stu1-17application1-17,setStatus> 5.580047578599098E-5
<2238,admissions4-0,stu3-17application3-17,setStatus> 1.3772299688344665E-4
<2239,admissions4-1,stu0-9application0-9,setStatus> 1.0701377325563267E-4
<2240,registrar4-0,roster1-6,write> 1.514822072658127E-4
<2241,stu1-7,stu1-7application1-7,checkStatus> 3.209108513649852E-4
<2242,admissions2-1,stu5-16application5-16,read> 1.069426897855176E-4
<2243,admissions0-0,application1-1,setStatus> 2.3789028335282795E-5
<2244,admissions4-0,application3-0,setStatus> 1.1927632730528493E-4
<2245,admissions0-0,application1-2,setStatus> 2.49297609627489E-5
<2246,admissions0-1,stu3-8application3-8,setStatus> 1.8002846253196788E-4
<2247,admissions0-0,application1-3,setStatus> 2.5500127276481956E-5
<2248,admissions0-0,application1-4,setStatus> 1.6374266256753095E-5
<2249,registrar4-0,roster4-3,read> 1.4297876917889778E-4
<2250,admissions2-1,stu4-10application4-10,setStatus> 2.7366122653136544E-5
<2251,admissions0-1,stu4-4application4-4,setStatus> 1.56154144648502E-4
<2252,stu3-11,gradebook3-7,readMyScores> 3.8495008665355824E-5
<2253,admissions0-0,application4-3,read> 1.4390532217589528E-4
<2254,registrar4-0,roster4-6,read> 1.1465185870639891E-4
<2255,registrar4-0,roster4-5,read> 1.0835698971251027E-4
<2256,admissions4-0,stu4-14application4-14,read> 1.3401181822752435E-4
<2257,admissions0-0,stu2-12application2-12,read> 5.305737572449445E-5
<2258,stu0-4,transcript0-4,read> 4.5748616869487356E-4
<2259,admissions4-0,stu4-6application4-6,read> 5.028335588959441E-5
<2260,registrar2-0,roster5-4,write> 7.39823265691825E-5
<2261,admissions4-1,stu0-5application0-5,read> 1.3895276681293392E-4
<2262,admissions4-0,stu4-13application4-13,setStatus> 1.7364545869355115E-4
<2263,stu4-18,gradebook4-9,addScore> 2.607470423779944E-4
<2264,admissions0-0,application1-0,setStatus> 2.264829570781669E-5
<2265,admissions0-1,application1-4,setStatus> 1.6318854188202323E-5
<2266,stu5-4,gradebook5-7,addScore> 1.8158112195607663E-4
<2267,registrar4-1,roster0-9,write> 1.6139990741378352E-4
<2268,admissions0-1,application1-2,setStatus> 2.484539628944011E-5
<2269,admissions2-0,stu5-16application5-16,read> 1.1048530476806061E-4
<2270,admissions0-1,application1-3,setStatus> 2.541383242952263E-5
<2271,stu3-12,gradebook3-9,readMyScores> 3.3974963276779126E-5
<2272,registrar4-1,roster4-1,read> 1.4361019893908722E-4
<2273,registrar4-1,roster4-4,read> 1.1164502597791782E-4
<2274,admissions0-0,stu4-13application4-13,read> 1.7954180945793655E-4
<2275,admissions4-1,stu1-1application1-1,read> 1.6909358647022619E-4
<2276,stu5-17,transcript5-17,read> 9.306922838345532E-5
<2277,stu3-12,gradebook3-6,readMyScores> 2.3307655102810265E-5
<2278,registrar4-1,roster4-3,read> 1.452084575871457E-4
<2279,registrar4-1,roster4-6,read> 1.1643980192209324E-4
<2280,registrar4-1,roster4-5,read> 1.1004676732985937E-4
<2281,stu0-3,gradebook0-4,readMyScores> 2.1743612411837694E-5
<2282,registrar4-1,roster4-8,read> 1.0525199138568395E-4
<2283,chair1,transcript1-0,read> 0.0013178520076277285
<2284,admissions2-0,stu3-19application3-19,read> 1.2828443968994097E-4
<2285,registrar4-1,roster4-7,read> 1.1404241395000553E-4
<2286,registrar4-0,roster4-9,read> 1.0127526209438554E-4
<2287,stu3-13,gradebook3-2,readMyScores> 3.2249918864555315E-5
<2288,stu3-13,gradebook3-5,readMyScores> 2.572657596437609E-5
<2289,admissions4-0,stu3-6application3-6,setStatus> 1.8189791613641297E-4
<2290,stu3-13,gradebook3-3,readMyScores> 2.677774975837074E-5
<2291,admissions4-0,stu2-10application2-10,setStatus> 1.1782001128595636E-4
<2292,admissions2-0,stu0-3application0-3,setStatus> 7.546733680689918E-5
<2293,admissions0-1,application1-1,setStatus> 2.3708524009275073E-5
<2294,admissions0-1,application1-0,setStatus> 2.257165172911003E-5
<2295,admissions4-1,stu0-1application0-1,setStatus> 1.5025557418441851E-5
<2296,registrar2-0,transcript4-19,read> 3.314390446210179E-4
<2297,registrar2-0,transcript4-18,read> 3.323428665811252E-4
<2298,registrar4-1,roster0-8,write> 1.6023753748792283E-4
<2299,registrar2-0,transcript4-17,read> 3.296314007008033E-4
<2300,registrar4-0,transcript2-17,read> 3.549310347066281E-4
<2301,registrar2-0,transcript4-15,read> 3.269199348204814E-4
<2302,admissions4-0,stu0-6application0-6,read> 4.7293053663239775E-5
<2303,admissions0-1,stu0-0application0-0,setStatus> 1.3739575202577892E-4
<2304,stu1-16,gradebook1-9,readScore> 7.303822203555483E-5
<2305,admissions2-1,stu5-16application5-16,setStatus> 1.215257838471791E-4
<2306,stu3-9,transcript3-9,read> 2.902831019637522E-4
<2307,admissions2-0,stu4-19application4-19,setStatus> 6.1019987032645707E-5
<2308,stu1-17,gradebook1-5,readScore> 2.8839048370492968E-5
<2309,admissions0-0,stu4-9application4-9,setStatus> 1.367215584544275E-4
<2310,admissions4-0,stu1-1application1-1,read> 1.6775951478209818E-4
<2311,admissions2-1,stu5-18application5-18,read> 9.340607314653247E-5
<2312,registrar2-1,transcript4-13,read> 3.2656045255238374E-4
<2313,registrar2-1,transcript4-14,read> 3.3019184412484156E-4
<2314,registrar4-1,transcript2-11,read> 3.4892971057062235E-4
<2315,registrar4-1,transcript2-10,read> 3.478809550222573E-4
<2316,stu5-9,gradebook5-8,readMyScores> 2.7918536405028074E-5
<2317,stu5-9,gradebook5-9,readMyScores> 3.087840316211063E-5
<2318,admissions2-1,stu5-3application5-3,read> 1.1924870491186771E-4
<2319,registrar4-1,transcript2-19,read> 3.6466104379609805E-4
<2320,stu5-9,gradebook5-1,readMyScores> 6.194278137131701E-5
<2321,registrar4-1,transcript2-18,read> 3.6256353269936806E-4
<2322,stu1-15,gradebook1-4,readScore> 7.653262631109545E-5
<2323,admissions2-1,stu4-19application4-19,setStatus> 5.90634343422202E-5
<2324,admissions2-1,stu0-8application0-8,setStatus> 1.3504375500870006E-4
<2325,admissions4-0,stu3-5application3-5,setStatus> 1.0568404445821833E-4
<2326,admissions2-0,stu5-16application5-16,setStatus> 1.2555148269097799E-4
<2327,stu4-17,gradebook4-1,addScore> 1.3260566493555458E-4
<2328,stu4-9,transcript4-9,read> 8.733502064620212E-4
<2329,admissions2-0,stu5-11application5-11,read> 9.014343628591169E-5
<2330,admissions2-0,stu5-18application5-18,read> 9.650027018658323E-5
<2331,admissions2-1,stu0-2application0-2,setStatus> 7.788371315761357E-6
<2332,admissions0-1,stu4-9application4-9,setStatus> 1.3625887974561384E-4
<2333,admissions2-0,stu1-10application1-10,read> 9.183859199275744E-5
<2334,stu5-8,gradebook5-8,readMyScores> 2.8116189760107926E-5
<2335,admissions2-0,stu1-4application1-4,setStatus> 1.871935083944596E-4
<2336,registrar4-0,transcript1-0,read> 2.743841930323879E-4
<2337,stu5-8,gradebook5-5,readMyScores> 3.120270815759135E-5
<2338,registrar0-1,transcript1-0,read> 2.3052551110518357E-4
<2339,stu1-14,gradebook1-5,readScore> 2.806310984931378E-5
<2340,registrar0-1,transcript1-2,read> 2.695669964421129E-4
<2341,registrar2-0,roster1-3,read> 1.8092539701007238E-4
<2342,registrar0-1,transcript1-1,read> 2.2879033397909786E-4
<2343,stu5-7,gradebook5-8,readMyScores> 2.6732616274549015E-5
<2344,admissions0-0,stu1-13application1-13,read> 1.208168937959813E-4
<2345,registrar0-1,transcript1-4,read> 2.6783181931602714E-4
<2346,stu5-7,gradebook5-4,readMyScores> 6.756986043443727E-5
<2347,stu5-7,gradebook5-7,readMyScores> 6.085061245911297E-5
<2348,admissions4-0,stu1-16application1-16,read> 9.471070325257765E-5
<2349,registrar0-0,transcript1-0,read> 2.315952350546276E-4
<2350,stu1-13,gradebook1-5,readScore> 2.7804463675587383E-5
<2351,admissions0-0,stu0-0application0-0,setStatus> 1.3786229108189358E-4
<2352,admissions2-1,stu4-0application4-0,read> 4.8694218187460387E-5
<2353,registrar0-1,transcript5-5,read> 2.5568557943342693E-4
<2354,admissions0-1,stu4-13application4-13,read> 1.7893422296230902E-4
<2355,registrar0-0,transcript1-8,read> 2.655882004005789E-4
<2356,stu4-7,gradebook4-3,readMyScores> 1.6263522333422959E-4
<2357,registrar0-0,transcript1-9,read> 2.6645981489662894E-4
<2358,registrar0-0,transcript1-7,read> 2.6820304388872903E-4
<2359,registrar2-0,transcript3-19,read> 3.097473175784425E-4
<2360,stu5-6,gradebook5-5,readMyScores> 2.9996276559231058E-5
<2361,admissions2-0,stu5-3application5-3,read> 1.231989725694037E-4
<2362,admissions2-0,stu4-6application4-6,read> 4.9883488248325284E-5
<2363,fac3-1,gradebook3-2,assignGrade> 1.5596450840926998E-4
<2364,registrar2-0,transcript4-6,read> 1.88635174924063E-4
<2365,registrar2-0,transcript4-10,read> 3.061320297380132E-4
<2366,stu5-6,gradebook5-1,readMyScores> 5.996938302674409E-5
<2367,admissions2-1,stu1-14application1-14,setStatus> 1.5835060183890857E-4
<2368,registrar2-0,transcript4-11,read> 3.0884349561833516E-4
<2369,admissions0-1,stu3-1application3-1,read> 1.6092616604449476E-4
<2370,admissions4-1,stu1-18application1-18,read> 9.632503615476334E-5
<2371,registrar4-0,transcript2-11,read> 3.435718647269276E-4
<2372,registrar0-1,transcript4-19,read> 3.1815195597251385E-4
<2373,stu5-6,gradebook5-2,readMyScores> 4.3416576790797205E-5
<2374,registrar2-0,transcript4-12,read> 3.2601611286037403E-4
<2375,registrar2-0,transcript4-13,read> 3.2511229090026667E-4
<2376,registrar4-1,transcript3-10,read> 3.730510881830185E-4
<2377,stu1-12,gradebook1-8,readScore> 6.987801973706785E-5
<2378,admissions4-0,stu3-16application3-16,setStatus> 3.383912083800944E-5
<2379,stu3-18,gradebook3-5,readMyScores> 2.6616255824815613E-5
<2380,admissions2-0,stu0-16application0-16,read> 1.0116194838040905E-4
<2381,registrar2-0,roster5-1,read> 1.2169779678346025E-4
<2382,registrar2-1,transcript0-9,read> 1.0595341452556781E-4
<2383,registrar2-1,transcript0-6,read> 9.959847927376654E-5
<2384,registrar2-1,transcript0-7,read> 1.0413771873933887E-4
<2385,stu3-18,gradebook3-1,readMyScores> 2.738325098234397E-5
<2386,registrar2-1,transcript0-1,read> 1.5588504864686356E-4
<2387,registrar2-1,transcript0-0,read> 1.6223998389866488E-4
<2388,registrar2-1,transcript0-5,read> 1.0141417505999547E-4
<2389,registrar4-0,roster3-9,write> 9.768969040894612E-5
<2390,registrar2-1,transcript0-4,read> 9.687493559442314E-5
<2391,stu5-5,gradebook5-2,readMyScores> 4.3892809808612155E-5
<2392,stu5-14,transcript5-14,read> 1.1021826086869852E-4
<2393,registrar4-0,roster3-8,write> 9.711742959131987E-5
<2394,admissions0-1,stu5-2application5-2,setStatus> 1.6183850604932726E-4
<2395,registrar0-1,transcript5-7,read> 2.5742075655951264E-4
<2396,admissions4-0,stu5-15application5-15,read> 3.447747269314845E-5
<2397,registrar4-0,roster3-4,write> 9.253934305030998E-5
<2398,stu5-5,gradebook5-9,readMyScores> 3.0222578670172E-5
<2399,registrar4-0,roster3-7,write> 9.654516877369362E-5
<2400,admissions2-1,stu1-17application1-17,read> 4.910441869167206E-5
<2401,admissions2-0,stu2-16application2-16,read> 8.675312487222023E-5
<2402,registrar4-0,roster3-1,write> 9.196708223268371E-5
<2403,registrar4-0,roster3-2,write> 9.082256059743123E-5
<2404,admissions4-1,stu3-16application3-16,setStatus> 3.410821921445484E-5
<2405,stu1-11,gradebook1-7,readScore> 2.7494307294350107E-5
<2406,stu3-19,gradebook3-6,readMyScores> 2.563115966134587E-5
<2407,admissions4-0,stu1-3application1-3,read> 1.1820593503107843E-4
<2408,registrar2-0,transcript0-5,read> 1.0096444479365402E-4
<2409,stu3-19,gradebook3-1,readMyScores> 2.6925592191552706E-5
<2410,registrar2-0,transcript0-6,read> 9.91568008734394E-5
<2411,registrar2-0,transcript0-7,read> 1.0367591067397595E-4
<2412,registrar0-1,transcript0-4,read> 9.257892958136667E-5
<2413,registrar2-0,transcript0-8,read> 1.0186826675376133E-4
<2414,stu3-19,gradebook3-4,readMyScores> 4.893619146198707E-5
<2415,registrar4-0,transcript2-7,read> 1.9796795862349326E-4
<2416,registrar2-0,transcript0-9,read> 1.0548355459419055E-4
<2417,registrar2-0,transcript0-1,read> 1.5519376240009252E-4
<2418,registrar2-0,transcript0-4,read> 9.644533499311748E-5
<2419,stu5-4,gradebook5-2,readMyScores> 4.4369042826427126E-5
<2420,registrar2-0,transcript0-3,read> 9.734915695322478E-5
<2421,stu5-4,gradebook5-1,readMyScores> 6.128498192312605E-5
<2422,stu4-3,gradebook4-2,readMyScores> 8.87041814026464E-5
<2423,stu5-4,gradebook5-5,readMyScores> 3.065433015833667E-5
<2424,stu4-6,gradebook4-8,readMyScores> 1.304262421016714E-4
<2425,registrar2-1,transcript2-15,read> 3.0658779890386546E-4
<2426,stu5-4,gradebook5-9,readMyScores> 3.0550490916141326E-5
<2427,admissions0-0,application1-3,read> 2.244011200330412E-5
<2428,admissions0-0,application1-4,read> 1.4409354305942719E-5
<2429,admissions0-0,application1-1,read> 2.0934344935048857E-5
<2430,admissions0-0,application1-2,read> 2.1938189647219033E-5
<2431,admissions0-0,application1-0,read> 1.9930500222878683E-5
<2432,admissions0-1,stu2-11application2-11,read> 6.838476243906067E-5
<2433,registrar4-1,transcript3-17,read> 3.6361228824773316E-4
<2434,admissions4-1,stu4-11application4-11,setStatus> 1.7355844003147286E-4
<2435,stu5-3,gradebook5-2,readMyScores> 4.087666736245074E-5
<2436,stu5-3,gradebook5-9,readMyScores> 2.814580111236633E-5
<2437,admissions2-1,stu5-11application5-11,read> 8.72530655833574E-5
<2438,stu5-3,gradebook5-7,readMyScores> 5.7926183764220286E-5
<2439,admissions0-1,application1-4,read> 1.4360591685618046E-5
<2440,admissions0-1,application1-0,read> 1.9863053521616825E-5
<2441,admissions0-1,application1-1,read> 2.0863501128162062E-5
<2442,admissions0-1,application1-2,read> 2.1863948734707295E-5
<2443,admissions4-1,stu0-6application0-6,read> 4.7669141565134324E-5
<2444,admissions0-1,application1-3,read> 2.2364172537979914E-5
<2445,admissions2-1,stu5-0application5-0,read> 9.996928121391921E-5
<2446,registrar0-0,roster3-8,write> 8.197241133146494E-5
<2447,admissions0-0,stu2-11application2-11,read> 6.861696876313217E-5
<2448,admissions4-0,stu4-11application4-11,setStatus> 1.721891426742226E-4
<2449,admissions2-1,stu0-16application0-16,read> 9.791827869286086E-5
<2450,registrar0-0,transcript2-8,read> 1.662241478508751E-4
<2451,admissions4-1,stu5-15application5-15,read> 3.4751647426294765E-5
<2452,admissions0-0,stu0-12application0-12,read> 5.054776394406902E-5
<2453,stu4-11,gradebook4-6,addScore> 1.6652626643386397E-4
<2454,admissions0-0,stu1-8application1-8,setStatus> 1.4584741947415637E-4
<2455,admissions4-0,stu3-12application3-12,read> 6.010863463333109E-5
<2456,stu5-2,gradebook5-8,readMyScores> 2.5843176176689712E-5
<2457,admissions2-0,stu3-15application3-15,setStatus> 1.3566462753295544E-4
<2458,stu5-2,gradebook5-6,readMyScores> 1.3752017288775844E-4
<2459,admissions2-0,stu1-17application1-17,read> 5.073106610174816E-5
<2460,stu1-17,gradebook1-5,addScore> 7.827741700562377E-5
<2461,stu5-2,gradebook5-4,readMyScores> 6.532169502257058E-5
<2462,chair4,transcript4-1,read> 0.0010450647016737372
<2463,stu5-2,gradebook5-3,readMyScores> 9.535918970967498E-5
<2464,admissions4-0,stu2-12application2-12,read> 4.5157123501557886E-5
<2465,stu3-1,transcript3-1,read> 3.074321344489954E-4
<2466,admissions4-0,stu5-15application5-15,setStatus> 3.917894624221416E-5
<2467,registrar4-1,transcript1-3,read> 3.2690584405495636E-4
<2468,registrar4-1,transcript1-4,read> 3.237595774098611E-4
<2469,admissions2-1,stu4-18application4-18,setStatus> 9.186782125573872E-6
<2470,registrar4-1,transcript1-5,read> 3.2480833295822615E-4
<2471,registrar4-1,transcript1-2,read> 3.2585708850659125E-4
<2472,admissions2-0,stu5-10application5-10,setStatus> 1.727461586202061E-4
<2473,admissions4-1,stu3-11application3-11,setStatus> 1.2071414582712918E-4
<2474,registrar4-1,roster1-2,read> 2.1393357945366002E-4
<2475,admissions2-0,application2-4,read> 4.903591039490241E-5
<2476,admissions4-1,stu2-15application2-15,setStatus> 3.4597518234865436E-5
<2477,admissions0-0,application5-0,read> 1.8857641186746806E-4
<2478,admissions2-0,application2-1,read> 4.3950443274365176E-5
<2479,admissions4-0,stu3-12application3-12,setStatus> 6.830526662878534E-5
<2480,fac4-2,gradebook4-4,addScore> 4.938676135669384E-4
<2481,registrar4-1,transcript1-7,read> 3.2271082186149615E-4
<2482,admissions2-0,application2-0,read> 4.352665434765374E-5
<2483,admissions4-1,stu5-4application5-4,read> 5.36973054965928E-5
<2484,admissions2-0,application2-3,read> 4.8188332541479535E-5
<2485,admissions4-1,stu5-4application5-4,setStatus> 6.1019665337037275E-5
<2486,admissions2-0,application2-2,read> 4.437423220107661E-5
<2487,registrar4-0,transcript1-4,read> 3.187882211348536E-4
<2488,admissions2-1,application2-0,read> 4.2131010120073664E-5
<2489,registrar4-0,transcript1-2,read> 3.208535247675265E-4
<2490,registrar4-0,transcript1-3,read> 3.21886176583863E-4
<2491,admissions4-1,stu5-5application5-5,setStatus> 8.597391537797731E-5
<2492,registrar4-0,transcript1-9,read> 3.156902656858444E-4
<2493,admissions2-1,application2-3,read> 4.664321566640204E-5
<2494,fac5-4,gradebook5-9,changeScore> 3.359719838044572E-4
<2495,admissions2-1,application2-2,read> 4.2951411128497006E-5
<2496,stu4-7,gradebook4-7,addScore> 2.9882303654209485E-4
<2497,registrar4-0,transcript1-6,read> 3.1672291750218086E-4
<2498,admissions2-1,application2-1,read> 4.254121062428533E-5
<2499,admissions2-1,stu5-17application5-17,read> 1.0325088524761256E-4
<2500,admissions4-0,stu3-17application3-17,read> 1.2119623725743306E-4
<2501,admissions0-1,stu3-14application3-14,setStatus> 1.3227982676503625E-4
<2502,registrar0-0,roster3-6,read> 1.1138376232815523E-4
<2503,registrar0-0,roster3-7,write> 8.148939196687983E-5
<2504,admissions0-1,stu0-19application0-19,setStatus> 1.1238456186214805E-4
<2505,admissions4-1,stu3-9application3-9,read> 7.049004787708421E-5
<2506,admissions4-0,stu0-13application0-13,setStatus> 1.6005317584648457E-4
<2507,admissions4-0,stu5-5application5-5,setStatus> 8.529562018761852E-5
<2508,stu3-8,gradebook3-8,readMyScores> 3.343723402283032E-5
<2509,stu3-9,gradebook3-1,readMyScores> 4.004514419423561E-5
<2510,admissions4-0,stu2-13application2-13,read> 8.65941686381865E-5
<2511,admissions0-1,stu2-18application2-18,setStatus> 1.7150192043073004E-4
<2512,admissions4-1,stu4-3application4-3,read> 1.682324201943036E-4
<2513,chair1,transcript1-4,read> 0.001531122083191758
<2514,admissions0-0,stu2-8application2-8,setStatus> 2.245579707693178E-4
<2515,registrar4-1,transcript0-19,read> 3.331983773451466E-4
<2516,admissions2-0,stu5-17application5-17,read> 1.0667120442765771E-4
<2517,admissions0-0,stu3-14application3-14,setStatus> 1.3272899425829614E-4
<2518,admissions4-1,stu0-13application0-13,setStatus> 1.6132596452120808E-4
<2519,admissions0-0,stu0-12application0-12,setStatus> 5.7440640845532984E-5
<2520,admissions4-0,stu3-9application3-9,read> 6.993391337706776E-5
<2521,admissions2-0,stu3-3application3-3,read> 1.5752587563303E-4
<2522,registrar0-1,roster5-7,read> 1.0558061606451937E-4
<2523,admissions2-0,stu4-18application4-18,setStatus> 9.491106171141534E-6
<2524,stu3-9,gradebook3-5,readMyScores> 3.892349389422896E-5
<2525,admissions4-1,stu2-13application2-13,read> 8.728279025757565E-5
<2526,admissions4-0,stu5-4application5-4,read> 5.3273658115949056E-5
<2527,stu3-6,gradebook3-2,readMyScores> 4.8049590930763964E-5
<2528,admissions4-1,application4-0,read> 1.1613186050098399E-4
<2529,stu3-6,gradebook3-5,readMyScores> 3.833037398726928E-5
<2530,stu3-6,gradebook3-3,readMyScores> 3.989653206074257E-5
<2531,registrar4-1,transcript5-12,read> 3.115677941601174E-5
<2532,registrar0-0,transcript2-5,read> 1.6535253335482505E-4
<2533,registrar4-1,transcript5-13,read> 2.8010512770916586E-5
<2534,stu2-10,gradebook2-1,readMyScores> 9.445097297755634E-5
<2535,stu0-13,gradebook0-7,readMyScores> 1.5644154125382942E-5
<2536,admissions4-0,stu4-10application4-10,read> 2.507937998174815E-5
<2537,admissions2-1,stu5-10application5-10,read> 1.471423391982613E-4
<2538,registrar0-0,transcript2-2,read> 1.679673768429752E-4
<2539,registrar0-0,transcript3-9,read> 5.9015564836721005E-5
<2540,registrar4-1,transcript5-16,read> 2.3815490577456376E-5
<2541,registrar4-1,transcript5-17,read> 2.276673502909133E-5
<2542,stu2-10,gradebook2-5,readMyScores> 1.1136047606455105E-4
<2543,registrar4-1,transcript5-14,read> 2.6961757222551536E-5
<2544,registrar0-0,transcript2-3,read> 1.7058222033112527E-4
<2545,registrar4-1,transcript5-15,read> 2.5913001674186483E-5
<2546,registrar4-0,transcript5-18,read> 2.1384498029966565E-5
<2547,registrar0-0,transcript2-0,read> 2.0370357118102653E-4
<2548,registrar4-0,transcript5-17,read> 2.2417149846302974E-5
<2549,admissions4-1,application4-3,read> 1.234517738463264E-4
<2550,admissions2-1,stu3-15application3-15,setStatus> 1.313146595158667E-4
<2551,admissions4-1,application4-1,read> 1.2172944129448113E-4
<2552,registrar2-1,roster0-5,read> 1.77580736577911E-4
<2553,admissions4-1,application4-2,read> 1.2086827501855851E-4
<2554,stu3-7,gradebook3-1,readMyScores> 3.882472075212557E-5
<2555,admissions4-0,stu0-7application0-7,setStatus> 1.047131671119993E-4
<2556,admissions4-1,stu1-11application1-11,setStatus> 1.539864792150493E-4
<2557,stu3-7,gradebook3-9,readMyScores> 5.387307261021987E-5
<2558,registrar4-0,transcript5-10,read> 3.274366800966711E-5
<2559,stu3-7,gradebook3-8,readMyScores> 3.20518872271575E-5
<2560,registrar0-1,transcript2-7,read> 1.663239574400109E-4
<2561,registrar4-0,transcript5-11,read> 2.861306074432146E-5
<2562,admissions2-0,stu5-10application5-10,read> 1.5201661958578138E-4
<2563,registrar0-1,transcript2-6,read> 1.6372119175088232E-4
<2564,registrar4-0,transcript5-12,read> 3.067836437699428E-5
<2565,registrar4-0,transcript5-13,read> 2.7580408927985044E-5
<2566,stu2-11,gradebook2-3,readMyScores> 1.1241673290138627E-4
<2567,registrar4-0,transcript5-14,read> 2.6547757111648632E-5
<2568,stu2-11,gradebook2-4,readMyScores> 1.116300587891136E-4
<2569,registrar0-1,transcript2-3,read> 1.697943116921824E-4
<2570,registrar4-0,transcript5-15,read> 2.5515105295312216E-5
<2571,registrar0-1,transcript2-2,read> 1.671915460030538E-4
<2572,registrar4-0,transcript5-16,read> 2.344980166263939E-5
<2573,admissions4-1,stu3-19application3-19,setStatus> 1.481148909701222E-4
<2574,admissions4-0,application4-0,read> 1.1521563280472376E-4
<2575,admissions4-0,stu4-9application4-9,read> 1.0240005183463245E-4
<2576,admissions4-0,application4-1,read> 1.2076905122509667E-4
<2577,admissions4-0,application4-2,read> 1.1991467916042392E-4
<2578,admissions4-0,application4-4,read> 1.2205060932210579E-4
<2579,admissions2-1,stu5-0application5-0,setStatus> 1.136014559249082E-4
<2580,stu0-0,gradebook0-4,readMyScores> 2.2424282017773484E-5
<2581,registrar4-0,transcript2-2,read> 1.990006104398297E-4
<2582,registrar2-0,roster0-8,write> 1.3809338643392966E-4
<2583,registrar4-0,transcript2-1,read> 2.0003326225616607E-4
<2584,registrar4-1,roster1-5,write> 1.5500687282154964E-4
<2585,registrar2-0,roster0-7,write> 1.2957863629564292E-4
<2586,registrar4-0,transcript2-4,read> 2.0106591407250253E-4
<2587,registrar2-0,roster0-6,write> 1.3007950395083626E-4
<2588,registrar4-0,transcript2-3,read> 2.020985658888389E-4
<2589,registrar2-0,roster0-5,write> 1.2857690098525625E-4
<2590,registrar2-0,roster0-4,write> 1.2907776864044959E-4
<2591,admissions0-1,stu2-5application2-5,setStatus> 1.53880400088172E-4
<2592,registrar2-0,roster0-3,write> 1.265734303644829E-4
<2593,registrar2-0,roster0-2,write> 1.2757516567486957E-4
<2594,admissions2-1,stu4-16application4-16,setStatus> 1.4017126131134593E-4
<2595,stu3-4,gradebook3-6,readMyScores> 4.0298282187101864E-5
<2596,registrar0-0,roster4-6,write> 7.037994658142227E-5
<2597,registrar2-0,roster0-9,write> 1.390951217443163E-4
<2598,admissions2-0,stu1-2application1-2,setStatus> 1.505935556330174E-4
<2599,stu3-5,gradebook3-2,readMyScores> 5.102364684910913E-5
<2600,registrar4-1,transcript2-3,read> 2.052502004446103E-4
<2601,registrar0-1,transcript3-13,read> 3.0513812752687073E-4
<2602,registrar4-1,transcript2-2,read> 2.0210393379951514E-4
<2603,registrar4-1,transcript2-1,read> 2.0315268934788017E-4
<2604,stu2-17,gradebook2-1,readScore> 1.108088018419777E-4
<2605,registrar4-1,transcript2-0,read> 2.451029112824823E-4
<2606,stu3-5,gradebook3-1,readMyScores> 4.1875779357400665E-5
<2607,admissions2-0,stu5-18application5-18,setStatus> 1.0965939793929914E-4
<2608,stu3-5,gradebook3-7,readMyScores> 6.502695309932415E-5
<2609,stu3-5,gradebook3-6,readMyScores> 3.986262508237644E-5
<2610,registrar4-1,transcript2-9,read> 2.0839646708970547E-4
<2611,registrar4-1,transcript2-7,read> 2.010551782511501E-4
<2612,admissions2-0,stu4-5application4-5,read> 6.556367853664841E-5
<2613,admissions2-0,application2-0,setStatus> 4.9462107213242883E-5
<2614,admissions0-1,stu3-2application3-2,read> 4.9876481717973834E-5
<2615,admissions2-0,application2-1,setStatus> 4.994368553905134E-5
<2616,stu2-14,gradebook2-3,readMyScores> 9.96057092089206E-5
<2617,stu3-2,gradebook3-3,readMyScores> 4.190293405992885E-5
<2618,admissions0-1,stu5-6application5-6,setStatus> 3.394037453076041E-5
<2619,stu3-2,gradebook3-4,readMyScores> 7.527578460016709E-5
<2620,admissions0-1,stu3-3application3-3,setStatus> 2.1129245023650636E-4
<2621,admissions4-1,stu2-9application2-9,setStatus> 1.7453703807229401E-4
<2622,registrar0-1,roster3-9,read> 1.12852539529438E-4
<2623,registrar4-0,roster3-9,read> 1.343233243123009E-4
<2624,stu2-14,gradebook2-6,readMyScores> 1.5964193883878398E-4
<2625,stu2-14,gradebook2-9,readMyScores> 1.552493819589498E-4
<2626,admissions2-1,stu2-9application2-9,read> 1.4632193818983795E-4
<2627,stu2-14,gradebook2-8,readMyScores> 1.45248466156652E-4
<2628,admissions2-0,application2-4,setStatus> 5.5722625448752745E-5
<2629,admissions2-0,application2-3,setStatus> 5.4759468797135845E-5
<2630,admissions2-0,application2-2,setStatus> 5.042526386485979E-5
<2631,admissions0-0,stu2-9application2-9,read> 1.790398871018514E-4
<2632,registrar2-1,roster0-1,write> 1.261310344530009E-4
<2633,admissions2-1,application2-0,setStatus> 4.7876147863720075E-5
<2634,admissions2-1,application2-1,setStatus> 4.834228480032424E-5
<2635,stu2-14,gradebook2-1,readScore> 1.0411340596028722E-4
<2636,admissions2-1,application2-2,setStatus> 4.880842173692841E-5
<2637,admissions2-0,stu4-16application4-16,setStatus> 1.44814615723316E-4
<2638,admissions0-0,stu5-6application5-6,setStatus> 3.405562198247777E-5
<2639,stu2-15,gradebook2-3,readMyScores> 1.002462603935439E-4
<2640,registrar4-1,transcript4-17,read> 3.82489888118304E-4
<2641,stu3-3,gradebook3-5,readMyScores> 3.9813173754668476E-5
<2642,admissions2-0,stu2-9application2-9,read> 1.5116904173235847E-4
<2643,stu2-15,gradebook2-7,readMyScores> 1.251224101867847E-4
<2644,admissions2-1,application2-4,setStatus> 5.3935928039574304E-5
<2645,registrar2-1,roster0-5,write> 1.291496266021171E-4
<2646,admissions2-1,application2-3,setStatus> 5.3003654166365954E-5
<2647,registrar2-1,roster0-2,write> 1.2814342921907835E-4
<2648,registrar2-1,roster0-3,write> 1.271372318360396E-4
<2649,registrar2-1,roster0-8,write> 1.3870850174098502E-4
<2650,stu2-15,gradebook2-1,readMyScores> 8.327649166753559E-5
<2651,stu3-3,gradebook3-3,readMyScores> 4.1439918213962784E-5
<2652,registrar2-1,roster0-6,write> 1.306589226766752E-4
<2653,registrar0-1,roster0-9,read> 1.835885223245556E-4
<2654,registrar2-1,roster0-7,write> 1.301558239851558E-4
<2655,admissions4-0,stu3-13application3-13,setStatus> 1.1539281792040874E-4
<2656,admissions2-0,stu1-4application1-4,read> 1.6473028738712444E-4
<2657,admissions0-0,stu2-15application2-15,setStatus> 4.0329651433541366E-5
<2658,admissions2-0,stu1-10application1-10,setStatus> 1.0436203635540618E-4
<2659,registrar4-1,roster0-1,write> 1.45707913414664E-4
<2660,admissions2-0,application3-0,read> 1.0412847086738908E-4
<2661,stu1-2,gradebook1-7,readScore> 6.21553771535782E-5
<2662,stu3-0,gradebook3-5,readMyScores> 4.2037373405767276E-5
<2663,stu3-0,gradebook3-8,readMyScores> 3.57041651430222E-5
<2664,stu2-12,gradebook2-1,readMyScores> 8.380860982515562E-5
<2665,admissions4-0,stu0-16application0-16,setStatus> 1.1587825659351827E-4
<2666,admissions0-1,stu2-15application2-15,setStatus> 4.019317207166813E-5
<2667,admissions2-1,stu1-10application1-10,setStatus> 1.0101575863659557E-4
<2668,registrar4-1,transcript5-18,read> 2.171797948072628E-5
<2669,registrar4-1,transcript5-19,read> 1.962046838399617E-5
<2670,stu3-1,gradebook3-8,readMyScores> 3.545228390744532E-5
<2671,stu3-1,gradebook3-7,readMyScores> 6.668519962644717E-5
<2672,stu3-1,gradebook3-4,readMyScores> 7.804837335155445E-5
<2673,admissions0-0,stu3-3application3-3,setStatus> 2.120099118671906E-4
<2674,admissions4-1,stu3-4application3-4,setStatus> 4.829789080636194E-5
<2675,admissions4-1,stu2-11application2-11,setStatus> 6.689125358196435E-5
<2676,admissions2-1,stu1-6application1-6,setStatus> 2.3637027160303175E-5
<2677,stu2-18,gradebook2-3,readMyScores> 1.0216791394741373E-4
<2678,admissions4-0,stu2-18application2-18,setStatus> 1.4646089299941801E-4
<2679,registrar2-1,roster2-6,read> 1.2639044471581557E-4
<2680,stu2-18,gradebook2-7,readMyScores> 1.2752092284212243E-4
<2681,registrar2-1,roster2-5,read> 9.318593107553745E-5
<2682,admissions4-0,stu3-4application3-4,setStatus> 4.791684235818551E-5
<2683,registrar2-1,roster2-8,read> 1.2846572681833295E-4
<2684,registrar2-1,roster2-7,read> 1.2708220541665467E-4
<2685,registrar2-1,roster2-1,read> 1.0010353808392873E-4
<2686,registrar2-1,roster2-4,read> 9.38776917763766E-5
<2687,registrar2-1,roster2-3,read> 9.041888827218095E-5
<2688,stu2-19,gradebook2-1,readMyScores> 8.593708245563576E-5
<2689,registrar2-1,transcript0-10,read> 2.9478577629337734E-4
<2690,stu2-19,gradebook2-3,readMyScores> 1.034490163166603E-4
<2691,admissions4-0,stu1-15application1-15,setStatus> 1.3529580351789907E-4
<2692,stu2-19,gradebook2-7,readMyScores> 1.2911993127901424E-4
<2693,registrar2-0,roster2-5,read> 9.277268969604504E-5
<2694,registrar2-0,roster2-3,read> 9.00179175924817E-5
<2695,registrar2-0,roster2-1,read> 9.965961995495344E-5
<2696,registrar0-0,transcript0-7,read> 9.998144615107258E-5
<2697,stu1-10,transcript1-10,read> 1.9596342329491456E-4
<2698,registrar0-1,roster0-4,read> 1.7036684329743083E-4
<2699,admissions2-1,stu5-5application5-5,read> 7.207564692752559E-5
<2700,registrar0-1,roster0-6,read> 1.7168901120014329E-4
<2701,registrar2-1,transcript4-4,read> 1.8765972490587E-4
<2702,admissions4-1,stu0-3application0-3,read> 6.747596591135498E-5
<2703,registrar0-1,roster0-7,read> 1.7102792724878706E-4
<2704,registrar0-0,roster0-9,read> 1.8444044122165333E-4
<2705,admissions4-0,stu5-13application5-13,setStatus> 1.8141247746330345E-4
<2706,admissions2-1,stu5-6application5-6,read> 2.4492388438971826E-5
<2707,stu2-16,gradebook2-1,readMyScores> 8.700131877087583E-5
<2708,admissions0-1,stu1-4application1-4,setStatus> 2.209558646179092E-4
<2709,registrar0-1,transcript2-14,read> 2.921242990812276E-4
<2710,admissions2-1,stu3-5application3-5,read> 8.930406810441575E-5
<2711,stu2-16,gradebook2-8,readMyScores> 1.527210560553865E-4
<2712,admissions4-0,stu1-18application1-18,setStatus> 1.0859667649687547E-4
<2713,admissions4-0,stu2-5application2-5,read> 1.1564281883706016E-4
<2714,registrar2-0,transcript5-6,read> 2.6907532937361353E-4
<2715,stu2-16,gradebook2-4,readMyScores> 1.0399723425652463E-4
<2716,admissions2-0,stu3-10application3-10,read> 4.31028654209423E-5
<2717,admissions2-1,stu3-15application3-15,read> 1.1555690037396269E-4
<2718,registrar0-0,roster0-2,read> 1.6916495381664917E-4
<2719,admissions2-0,stu1-6application1-6,setStatus> 2.442003427120349E-5
<2720,registrar0-0,roster0-6,read> 1.7248571194817183E-4
<2721,registrar0-0,roster0-7,read> 1.7182156032186728E-4
<2722,registrar0-1,transcript5-4,read> 2.565531679964698E-4
<2723,stu0-12,stu0-12application0-12,checkStatus> 5.23728242909635E-4
<2724,admissions2-1,stu4-12application4-12,setStatus> 1.518246847264502E-4
<2725,registrar0-0,roster0-4,read> 1.7115740869556276E-4
<2726,stu2-17,gradebook2-4,readMyScores> 1.0526937167862279E-4
<2727,admissions2-0,stu5-6application5-6,read> 2.530373049906199E-5
<2728,admissions4-1,stu2-18application2-18,setStatus> 1.476255919497116E-4
<2729,admissions0-0,stu5-2application5-2,read> 1.4290147746372513E-4
<2730,stu2-17,gradebook2-8,readMyScores> 1.545892035300701E-4
<2731,registrar2-1,transcript1-1,read> 2.3940705481339473E-4
<2732,stu5-7,gradebook5-2,readScore> 3.880550658538515E-5
<2733,registrar2-1,transcript1-3,read> 2.829837536828893E-4
<2734,registrar4-0,roster2-9,write> 1.0684586349096596E-4
<2735,admissions0-0,stu4-0application4-0,setStatus> 6.770723449272796E-5
<2736,registrar2-1,transcript1-0,read> 2.4122275059962366E-4
<2737,admissions0-0,application5-0,setStatus> 2.142913771221228E-4
<2738,registrar4-0,roster2-3,write> 7.479925770389651E-5
<2739,registrar4-0,roster2-4,write> 7.766056179202772E-5
<2740,registrar4-0,roster2-1,write> 8.281090915066388E-5
<2741,registrar4-0,roster2-2,write> 7.651604015677521E-5
<2742,admissions4-0,stu3-2application3-2,setStatus> 4.840228103129503E-5
<2743,registrar4-0,roster2-7,write> 1.0512908103808721E-4
<2744,admissions0-0,stu0-13application0-13,read> 1.6548798348755406E-4
<2745,registrar4-0,roster2-5,write> 7.708830097440145E-5
<2746,registrar4-0,roster2-6,write> 1.0455682022046102E-4
<2747,registrar2-1,transcript1-6,read> 2.784445142173169E-4
<2748,registrar2-1,transcript1-5,read> 2.811680578966603E-4
<2749,registrar2-1,transcript1-7,read> 2.793523621104314E-4
<2750,registrar4-1,transcript0-11,read> 3.394909106353369E-4
<2751,registrar2-0,transcript1-3,read> 2.81728836815116E-4
<2752,registrar2-1,roster1-5,write> 1.3418061351731073E-4
<2753,registrar2-0,transcript1-0,read> 2.4015302665017965E-4
<2754,admissions0-1,stu2-3application2-3,read> 6.388274820960711E-5
<2755,registrar2-0,transcript1-1,read> 2.3834538272996504E-4
<2756,admissions2-0,stu5-0application5-0,setStatus> 1.1736465115223433E-4
<2757,admissions4-0,stu3-11application3-11,setStatus> 1.1976176597839444E-4
<2758,admissions0-1,stu3-5application3-5,read> 1.0890289050414262E-4
<2759,admissions4-0,stu2-5application2-5,setStatus> 1.3141229413302292E-4
<2760,stu5-6,gradebook5-8,readScore> 4.692012640348069E-5
<2761,registrar0-0,transcript4-0,read> 1.8278482327582573E-4
<2762,registrar2-0,transcript1-6,read> 2.7720972701457934E-4
<2763,registrar2-0,transcript1-5,read> 2.7992119289490126E-4
<2764,registrar2-0,transcript1-4,read> 2.7901737093479395E-4
<2765,admissions4-1,stu2-3application2-3,setStatus> 6.248756239826903E-5
<2766,admissions0-1,stu1-12application1-12,read> 1.1840714276632236E-4
<2767,admissions0-0,application2-4,setStatus> 6.599613555152879E-5
<2768,admissions0-0,application2-1,setStatus> 5.915173978673214E-5
<2769,admissions0-0,application2-0,setStatus> 5.858137347299909E-5
<2770,admissions2-1,application3-4,read> 1.0161008323076588E-4
<2771,registrar0-0,transcript4-10,read> 2.9522309326628E-4
<2772,registrar4-0,transcript0-10,read> 3.353106501962362E-4
<2773,admissions0-0,application2-3,setStatus> 6.48554029240627E-5
<2774,fac5-3,gradebook5-7,assignGrade> 1.6855558837695732E-4
<2775,stu0-18,gradebook0-5,addScore> 6.42895046001921E-5
<2776,registrar0-0,transcript4-11,read> 2.9783793675443017E-4
<2777,registrar2-0,transcript2-11,read> 3.0070909797736935E-4
<2778,registrar4-0,transcript0-11,read> 3.3427799837989987E-4
<2779,admissions0-0,application2-2,setStatus> 5.9722106100465194E-5
<2780,admissions0-0,stu5-0application5-0,setStatus> 1.3900302370935968E-4
<2781,admissions4-1,stu5-7application5-7,read> 7.624909734731684E-6
<2782,admissions2-1,stu5-11application5-11,setStatus> 9.915121089017888E-5
<2783,admissions4-1,stu4-7application4-7,setStatus> 3.6554714316507795E-5
<2784,admissions0-1,stu4-0application4-0,setStatus> 6.747810679562906E-5
<2785,stu5-8,gradebook5-1,readScore> 6.900398811910679E-5
<2786,admissions0-1,application2-3,setStatus> 6.463592609521646E-5
<2787,stu0-5,transcript0-5,read> 4.789224593014275E-4
<2788,admissions0-1,application2-2,setStatus> 5.952000083447378E-5
<2789,admissions0-1,application2-1,setStatus> 5.895156469439126E-5
<2790,registrar4-1,roster2-6,write> 1.0618733593539997E-4
<2791,registrar4-1,roster2-7,write> 1.0676852089833031E-4
<2792,admissions4-1,stu4-5application4-5,setStatus> 7.569863594935494E-5
<2793,registrar4-1,roster2-8,write> 1.07930890824191E-4
<2794,admissions4-0,stu5-7application5-7,read> 7.564752655956682E-6
<2795,registrar4-1,roster2-3,write> 7.59657178630216E-5
<2796,registrar4-1,roster2-5,write> 7.8290457714743E-5
<2797,registrar4-1,roster2-1,write> 8.410230734404656E-5
<2798,admissions0-1,application2-0,setStatus> 5.838312855430874E-5
<2799,admissions4-1,stu5-11application5-11,setStatus> 1.0407797913316913E-4
<2800,admissions4-0,stu4-5application4-5,setStatus> 7.510140805231862E-5
<2801,admissions2-1,stu0-11application0-11,setStatus> 1.564860540924919E-4
<2802,admissions4-0,stu5-11application5-11,setStatus> 1.0325685109267075E-4
<2803,admissions0-0,stu1-10application1-10,setStatus> 1.2360313323856725E-4
<2804,admissions0-1,stu1-5application1-5,read> 1.0740221909432477E-4
<2805,admissions4-1,stu2-0application2-0,setStatus> 9.771709186783147E-5
<2806,admissions2-0,stu3-15application3-15,read> 1.1938487222900077E-4
<2807,admissions4-0,stu2-3application2-3,setStatus> 6.199456387836158E-5
<2808,admissions2-0,stu0-11application0-11,setStatus> 1.6166985712661174E-4
<2809,admissions4-0,stu1-17application1-17,read> 5.113772795426718E-5
<2810,admissions2-1,stu0-9application0-9,setStatus> 1.0194803250980391E-4
<2811,admissions0-1,stu1-18application1-18,read> 1.1190423332377833E-4
<2812,registrar2-1,roster1-5,read> 1.8449834358630224E-4
<2813,admissions0-1,stu4-2application4-2,read> 9.38961764059641E-5
<2814,admissions2-0,stu0-9application0-9,setStatus> 1.053251930070231E-4
<2815,admissions0-0,stu2-3application2-3,read> 6.409966755836638E-5
<2816,admissions2-0,stu1-7application1-7,setStatus> 2.9717395855096437E-5
<2817,admissions2-1,stu5-4application5-4,setStatus> 5.813116046901185E-5
<2818,stu1-0,gradebook1-7,readScore> 6.163415805795072E-5
<2819,admissions4-1,stu2-1application2-1,read> 9.675561929272465E-5
<2820,admissions4-1,stu5-3application5-3,setStatus> 1.422433027251951E-4
<2821,admissions2-1,stu1-16application1-16,setStatus> 1.0334644331961643E-4
<2822,admissions2-1,stu2-13application2-13,setStatus> 9.448984152413718E-5
<2823,admissions2-1,stu3-8application3-8,setStatus> 1.4762945229701267E-4
<2824,admissions2-1,stu1-7application1-7,setStatus> 2.8764533462949055E-5
<2825,admissions0-0,stu4-2application4-2,read> 9.421500892347161E-5
<2826,admissions2-1,stu5-1application5-1,read> 2.4902588943183497E-5
<2827,admissions2-0,stu1-16application1-16,setStatus> 1.0676992798444843E-4
<2828,admissions2-0,stu2-13application2-13,setStatus> 9.76199397940879E-5
<2829,admissions2-1,stu1-7application1-7,read> 2.5312789447395162E-5
<2830,stu2-2,gradebook2-5,readMyScores> 1.527677516716517E-4
<2831,admissions0-0,application0-3,read> 6.209197813402604E-5
<2832,admissions0-1,stu5-17application5-17,setStatus> 1.430801134266041E-4
<2833,admissions0-0,application0-2,read> 6.058621106577077E-5
<2834,admissions0-0,application0-1,read> 6.108813342185585E-5
<2835,registrar0-1,transcript0-0,read> 1.5504530612045356E-4
<2836,admissions2-1,stu3-2application3-2,read> 4.090040860743865E-5
<2837,registrar0-1,transcript0-2,read> 1.5157495186828205E-4
<2838,admissions0-0,application0-4,read> 6.159005577794095E-5
<2839,stu5-1,gradebook5-2,readScore> 3.794475597720655E-5
<2840,admissions2-1,stu1-16application1-16,read> 9.094487012126244E-5
<2841,admissions2-1,stu0-13application0-13,setStatus> 1.5368923247286692E-4
<2842,admissions2-0,stu5-1application5-1,read> 2.5727519425773426E-5
<2843,registrar0-1,transcript0-5,read> 9.691687239658103E-5
<2844,registrar0-1,transcript0-6,read> 9.518169527049528E-5
<2845,registrar0-1,transcript0-7,read> 9.951963808570966E-5
<2846,admissions2-0,stu1-7application1-7,read> 2.615130835248486E-5
<2847,stu0-10,stu0-10application0-10,checkStatus> 0.00202665711871486
<2848,admissions0-1,application0-2,read> 6.0381181586698786E-5
<2849,admissions0-1,application0-3,read> 6.188185299651664E-5
<2850,registrar0-0,transcript0-0,read> 1.5576477389827472E-4
<2851,stu5-0,gradebook5-6,readScore> 6.627806934238247E-5
<2852,admissions4-0,stu2-1application2-1,read> 9.599226134958677E-5
<2853,admissions2-1,stu0-1application0-1,read> 1.2596573816833382E-5
<2854,registrar4-0,transcript3-14,read> 3.621595974209831E-4
<2855,admissions2-0,stu1-12application1-12,read> 1.0031437052698617E-4
<2856,admissions2-1,stu0-5application0-5,setStatus> 1.5042627391663772E-4
<2857,registrar0-0,transcript0-5,read> 9.736660266292249E-5
<2858,registrar0-0,transcript0-6,read> 9.562337367082241E-5
<2859,registrar0-0,transcript0-3,read> 9.388014467872235E-5
<2860,registrar0-0,transcript0-9,read> 1.0172467514317264E-4
<2861,admissions2-1,stu4-6application4-6,read> 4.828401768324872E-5
<2862,registrar0-0,transcript0-8,read> 9.823821715897252E-5
<2863,admissions0-1,application0-0,read> 6.288230060306188E-5
<2864,registrar2-1,transcript2-19,read> 3.156662778350101E-4
<2865,registrar4-1,transcript0-17,read> 3.3529588844187665E-4
<2866,registrar0-1,transcript4-18,read> 3.190195445355567E-4
<2867,registrar4-1,transcript0-18,read> 3.342471328935117E-4
<2868,stu5-3,gradebook5-5,readScore> 6.29234943744882E-5
<2869,registrar0-0,transcript3-13,read> 3.065540817149305E-4
<2870,registrar4-1,transcript0-16,read> 3.363446439902417E-4
<2871,admissions2-1,stu2-4application2-4,read> 2.6133190455818507E-5
<2872,admissions0-0,stu0-11application0-11,read> 1.6849951762406453E-4
<2873,registrar4-1,transcript0-13,read> 3.4473468837716215E-4
<2874,registrar4-1,transcript0-14,read> 3.436859328287971E-4
<2875,admissions2-0,stu0-1application0-1,read> 1.3013851624430348E-5
<2876,admissions2-0,stu1-18application1-18,setStatus> 1.0773308463606533E-4
<2877,admissions4-0,stu4-7application4-7,setStatus> 3.626631420355704E-5
<2878,registrar2-0,transcript2-17,read> 3.106511395385497E-4
<2879,registrar0-0,transcript4-18,read> 3.20499913651731E-4
<2880,registrar2-0,transcript2-19,read> 3.1426642737897894E-4
<2881,stu2-6,gradebook2-5,readMyScores> 1.5715943241785936E-4
<2882,registrar0-0,transcript4-12,read> 3.143986121793808E-4
<2883,registrar2-0,transcript2-12,read> 3.016129199374767E-4
<2884,registrar4-0,transcript0-13,read> 3.3944125746158195E-4
<2885,registrar2-0,transcript2-14,read> 3.0432438581779863E-4
<2886,registrar2-1,transcript2-10,read> 3.011407115451786E-4
<2887,registrar0-1,transcript4-12,read> 3.1294642459425655E-4
<2888,registrar2-1,transcript2-12,read> 3.0295640733140754E-4
<2889,registrar0-1,transcript4-11,read> 2.96462241896442E-4
<2890,registrar2-1,transcript2-11,read> 3.020485594382931E-4
<2891,admissions4-1,stu2-5application2-5,setStatus> 1.3245732231698332E-4
<2892,admissions2-0,stu2-4application2-4,read> 2.6998886205907738E-5
<2893,fac5-4,gradebook5-8,changeScore> 3.3093555181738224E-4
<2894,stu5-4,gradebook5-7,readScore> 6.689830808908085E-5
<2895,fac3-3,gradebook3-6,assignGrade> 1.4876960557059151E-4
<2896,admissions2-0,stu2-8application2-8,read> 1.668492320206816E-4
<2897,registrar4-1,transcript0-0,read> 1.8742135612240444E-4
<2898,admissions2-0,stu5-17application5-17,setStatus> 1.2121727775870196E-4
<2899,registrar4-1,transcript0-1,read> 1.80080067283849E-4
<2900,registrar4-1,transcript0-2,read> 1.832263339289442E-4
<2901,registrar4-1,transcript0-3,read> 1.1295971218848578E-4
<2902,registrar4-0,roster1-6,read> 2.0828803499049246E-4
<2903,registrar4-1,transcript0-5,read> 1.1715473438194599E-4
<2904,registrar4-1,transcript0-6,read> 1.1505722328521587E-4
<2905,registrar4-1,transcript0-7,read> 1.2030100102704114E-4
<2906,admissions0-1,stu2-11application2-11,setStatus> 7.77099573171144E-5
<2907,stu1-2,gradebook1-6,readMyScores> 1.0453868151705276E-4
<2908,stu1-2,gradebook1-1,readMyScores> 8.504066495480453E-5
<2909,stu1-2,gradebook1-2,readMyScores> 6.727771915812422E-5
<2910,admissions0-1,stu5-19application5-19,read> 3.136820099688701E-5
<2911,admissions0-1,stu3-5application3-5,setStatus> 1.2375328466379844E-4
<2912,registrar4-1,transcript0-9,read> 1.2239851212377122E-4
<2913,registrar4-1,transcript0-8,read> 1.1820348993031102E-4
<2914,admissions2-0,application3-2,read> 1.0582362657423482E-4
<2915,admissions0-1,stu2-10application2-10,read> 1.2140848558595807E-4
<2916,admissions0-1,stu5-14application5-14,read> 3.236864860343225E-5
<2917,admissions2-0,application3-1,read> 1.0370468194067767E-4
<2918,stu3-0,gradebook3-1,readScore> 3.80676673251637E-5
<2919,admissions2-0,application3-4,read> 1.0497604872081196E-4
<2920,admissions2-0,application3-3,read> 1.053998376475234E-4
<2921,admissions4-1,stu1-19application1-19,read> 3.8196312529985315E-5
<2922,registrar4-0,transcript0-2,read> 1.8041287774577425E-4
<2923,admissions2-1,stu4-14application4-14,setStatus> 1.4623104148720015E-4
<2924,registrar4-0,transcript0-0,read> 1.845434850111199E-4
<2925,registrar4-0,transcript0-6,read> 1.1329050968390738E-4
<2926,stu1-3,gradebook1-7,readMyScores> 6.049137711970814E-5
<2927,registrar4-0,transcript0-3,read> 1.1122520605123455E-4
<2928,registrar4-0,transcript0-4,read> 1.1019255423489816E-4
<2929,stu1-3,gradebook1-2,readMyScores> 6.755980603090463E-5
<2930,stu1-3,gradebook1-3,readMyScores> 6.353454276036655E-5
<2931,admissions2-0,stu1-19application1-19,setStatus> 4.27200106519246E-5
<2932,admissions2-1,stu1-12application1-12,read> 9.709787768443751E-5
<2933,stu3-1,gradebook3-9,readScore> 5.229095905601547E-5
<2934,admissions0-0,stu5-14application5-14,read> 3.247855912500587E-5
<2935,admissions2-1,application3-3,read> 1.0202028373497757E-4
<2936,admissions2-1,application3-2,read> 1.0243048423918921E-4
<2937,admissions4-1,stu0-0application0-0,read> 1.0407553263806708E-4
<2938,admissions0-0,application4-1,read> 1.4189763275155491E-4
<2939,registrar4-0,transcript0-9,read> 1.2051907239826227E-4
<2940,registrar0-0,transcript5-0,read> 2.542572119519285E-4
<2941,registrar4-0,transcript0-8,read> 1.163884651329166E-4
<2942,stu0-16,gradebook0-8,readMyScores> 1.68211450146874E-5
<2943,admissions2-1,application3-0,read> 1.0078968222234256E-4
<2944,registrar4-0,transcript0-7,read> 1.1845376876558945E-4
<2945,admissions0-0,stu0-9application0-9,read> 1.0977460196210933E-4
<2946,stu1-4,gradebook1-7,readMyScores> 5.821821472272537E-5
<2947,stu1-4,gradebook1-8,readMyScores> 1.4391726769080927E-4
<2948,stu1-4,gradebook1-9,readMyScores> 4.938072763750687E-5
<2949,admissions2-1,stu1-19application1-19,setStatus> 4.135023075126168E-5
<2950,admissions2-1,stu2-19application2-19,read> 9.504687516337916E-5
<2951,admissions2-1,stu0-14application0-14,read> 9.627747667601419E-5
<2952,admissions0-1,stu3-13application3-13,setStatus> 1.3512200746544883E-4
<2953,stu1-5,gradebook1-9,readMyScores> 4.980919382091257E-5
<2954,registrar0-0,transcript0-11,read> 2.8214887582552953E-4
<2955,stu1-5,gradebook1-6,readMyScores> 1.0190877757951685E-4
<2956,admissions0-1,stu4-3application4-3,read> 1.9544160847030537E-4
<2957,registrar2-0,roster1-6,write> 1.3258384222680292E-4
<2958,registrar0-0,transcript5-5,read> 2.568720554400786E-4
<2959,admissions4-1,stu4-18application4-18,setStatus> 9.643268193925366E-6
<2960,admissions0-0,stu5-19application5-19,read> 3.14747144128357E-5
<2961,admissions2-1,stu2-0application2-0,setStatus> 9.309143071432465E-5
<2962,stu1-5,gradebook1-3,readMyScores> 6.167758326423892E-5
<2963,app2-2,application2-2,checkStatus> 5.445300266578041E-4
<2964,admissions0-0,stu0-7application0-7,setStatus> 1.2303276692483418E-4
<2965,admissions4-0,stu1-19application1-19,read> 3.789496095183948E-5
<2966,admissions2-1,stu0-15application0-15,read> 9.668767718022583E-5
<2967,stu2-14,stu2-14application2-14,checkStatus> 5.653318104059733E-4
<2968,admissions2-0,stu2-19application2-19,read> 9.819542589342898E-5
<2969,admissions4-0,stu4-18application4-18,setStatus> 9.56718718253345E-6
<2970,admissions0-0,stu5-10application5-10,setStatus> 2.0459514978866093E-4
<2971,admissions2-0,stu3-2application3-2,read> 4.225528756751943E-5
<2972,registrar2-1,roster1-6,write> 1.33174416134272E-4
<2973,registrar2-1,roster1-8,write> 1.3719920566642694E-4
<2974,registrar2-1,roster1-7,write> 1.3669610697490756E-4
<2975,registrar2-1,roster1-2,write> 1.346837122088301E-4
<2976,registrar2-0,roster1-4,read> 1.8023670398418154E-4
<2977,admissions4-1,stu1-4application1-4,read> 1.673712539183809E-4
<2978,admissions0-1,stu5-18application5-18,setStatus> 1.2943764606462363E-4
<2979,registrar0-0,transcript0-12,read> 2.882501772978798E-4
<2980,admissions4-0,stu0-18application0-18,setStatus> 1.901503735792748E-4
<2981,registrar2-1,roster1-1,write> 1.3518681090034948E-4
<2982,admissions2-1,stu1-11application1-11,setStatus> 1.4669717842380437E-4
<2983,admissions0-1,application4-4,read> 1.4291810912668055E-4
<2984,admissions4-1,stu4-4application4-4,setStatus> 1.3441451839862567E-4
<2985,stu3-5,gradebook3-8,readScore> 7.186501662635962E-5
<2986,admissions2-0,stu0-14application0-14,read> 9.94667926735633E-5
<2987,admissions0-1,stu5-10application5-10,setStatus> 2.039027804154337E-4
<2988,registrar4-0,transcript4-13,read> 3.714534637680107E-4
<2989,registrar2-0,roster1-8,write> 1.3659078346834962E-4
<2990,admissions0-1,application5-2,read> 1.8943892283103397E-4
<2991,admissions0-0,application2-4,read> 5.807659928534533E-5
<2992,registrar2-0,roster1-3,write> 1.315821069164163E-4
<2993,stu1-0,gradebook1-1,readMyScores> 8.432753568893613E-5
<2994,admissions2-0,stu1-11application1-11,setStatus> 1.515567122846343E-4
<2995,stu1-0,gradebook1-4,readMyScores> 1.1312761397462356E-4
<2996,registrar2-0,roster1-1,write> 1.3458731284757627E-4
<2997,registrar4-0,transcript3-1,read> 7.404974066312366E-5
<2998,registrar2-1,transcript0-19,read> 2.8843084104157607E-4
<2999,registrar2-0,roster1-7,write> 1.360899158131563E-4
<3000,registrar4-0,transcript3-0,read> 7.508239247946006E-5
<3001,stu1-0,gradebook1-5,readMyScores> 1.6906936338741097E-4
<3002,registrar4-0,transcript3-3,read> 7.611504429579648E-5
<3003,stu1-0,gradebook1-8,readMyScores> 1.4766348724024465E-4
<3004,registrar2-0,roster1-5,write> 1.3358557753718962E-4
<3005,registrar4-0,transcript3-2,read> 7.81803479284693E-5
<3006,registrar2-0,roster1-4,write> 1.3108123926122296E-4
<3007,registrar4-0,transcript3-5,read> 7.921299974480571E-5
<3008,admissions4-0,stu1-4application1-4,read> 1.6605077065275266E-4
<3009,stu5-7,stu5-7application5-7,checkStatus> 9.209123013512406E-5
<3010,registrar0-0,roster3-6,write> 8.100637260229471E-5
<3011,registrar4-0,transcript3-6,read> 8.231095519381496E-5
<3012,registrar4-0,transcript3-8,read> 7.09517852141144E-5
<3013,registrar4-0,transcript3-9,read> 6.991913339777799E-5
<3014,admissions4-0,stu4-4application4-4,setStatus> 1.3335404882546098E-4
<3015,stu3-6,gradebook3-7,readScore> 4.8438306041530584E-5
<3016,admissions4-0,stu3-10application3-10,read> 4.344837937221238E-5
<3017,registrar4-1,transcript3-0,read> 7.625326799570896E-5
<3018,stu1-1,gradebook1-3,readMyScores> 6.300398290433009E-5
<3019,registrar4-1,transcript3-3,read> 7.7302023544074E-5
<3020,registrar4-1,transcript3-2,read> 7.939953464080411E-5
<3021,admissions4-0,stu0-19application0-19,setStatus> 9.597527099602795E-5
<3022,registrar4-1,transcript3-7,read> 8.254580128589928E-5
<3023,registrar4-1,transcript3-8,read> 7.205824580224875E-5
<3024,registrar4-1,transcript3-9,read> 7.10094902538837E-5
<3025,admissions4-1,stu3-10application3-10,read> 4.379389332348246E-5
<3026,admissions0-0,stu4-15application4-15,read> 1.1899742525517283E-5
<3027,registrar0-1,roster3-7,write> 8.111299754670948E-5
<3028,admissions2-0,application1-1,setStatus> 2.0085829338927436E-5
<3029,admissions2-0,application1-2,setStatus> 2.1048985990544337E-5
<3030,admissions4-1,application5-4,read> 1.6521833822857431E-4
<3031,fac3-3,gradebook3-6,changeScore> 4.165548955976562E-4
<3032,admissions0-0,stu2-17application2-17,read> 1.0726499018168389E-4
<3033,admissions2-0,application1-0,setStatus> 1.9122672687310535E-5
<3034,admissions4-1,application5-3,read> 1.6392658881469037E-4
<3035,admissions4-1,application5-2,read> 1.6306542253876775E-4
<3036,admissions2-0,stu4-1application4-1,setStatus> 1.7467247192343993E-4
<3037,admissions2-0,application1-4,setStatus> 1.3825311103417588E-5
<3038,admissions2-0,application1-3,setStatus> 2.153056431635279E-5
<3039,admissions0-1,stu4-15application4-15,read> 1.1859472669254957E-5
<3040,admissions4-0,stu5-3application5-3,read> 1.2418653948378767E-4
<3041,admissions2-1,stu1-3application1-3,setStatus> 1.2898397483284584E-4
<3042,admissions0-1,application5-0,read> 1.8793825142121608E-4
<3043,admissions0-1,stu2-12application2-12,setStatus> 6.00884369745563E-5
<3044,admissions2-1,application1-0,setStatus> 1.8509520857657293E-5
<3045,admissions2-1,application1-1,setStatus> 1.9441794730865636E-5
<3046,admissions0-1,stu2-17application2-17,read> 1.0690199529105216E-4
<3047,admissions2-1,application1-2,setStatus> 2.0374068604073975E-5
<3048,admissions4-1,stu1-10application1-10,setStatus> 1.0603517521481149E-4
<3049,admissions4-0,application5-4,read> 1.6391484049107076E-4
<3050,admissions2-1,application1-3,setStatus> 2.084020554067815E-5
<3051,admissions4-0,application5-2,read> 1.6177891032938892E-4
<3052,admissions2-1,application1-4,setStatus> 1.3382014555011413E-5
<3053,admissions0-0,stu3-6application3-6,read> 1.8807448951138302E-4
<3054,admissions0-0,stu4-19application4-19,setStatus> 7.227016500259241E-5
<3055,admissions2-1,stu1-3application1-3,read> 1.1350589785290435E-4
<3056,registrar2-1,roster0-6,read> 1.796560186804284E-4
<3057,stu2-13,stu2-13application2-13,checkStatus> 0.0010541737284879495
<3058,admissions0-0,stu1-5application1-5,setStatus> 1.2246240061110112E-4
<3059,admissions2-0,stu2-8application2-8,setStatus> 1.8960140002350186E-4
<3060,registrar4-1,roster3-1,read> 1.2842674178253175E-4
<3061,registrar4-1,roster3-5,read> 1.3322151772670717E-4
<3062,admissions0-1,stu1-9application1-9,setStatus> 1.7263879271089508E-4
<3063,registrar4-1,roster3-3,read> 1.3162325907864868E-4
<3064,registrar4-1,roster3-9,read> 1.364180350228241E-4
<3065,stu0-1,stu0-1application0-1,checkStatus> 1.5969702731667395E-4
<3066,registrar4-1,roster3-6,read> 1.3402064705073642E-4
<3067,admissions4-1,stu5-11application5-11,read> 9.158862163718882E-5
<3068,admissions0-1,stu4-19application4-19,setStatus> 7.202559591628922E-5
<3069,registrar4-0,roster3-1,read> 1.264547380699401E-4
<3070,registrar4-0,roster3-2,read> 1.2488102082146795E-4
<3071,registrar4-0,roster3-3,read> 1.2960217256688443E-4
<3072,admissions2-1,stu4-1application4-1,read> 1.4878314121510804E-4
<3073,registrar4-0,roster3-4,read> 1.2724159669417622E-4
<3074,registrar4-0,roster3-5,read> 1.3117588981535657E-4
<3075,registrar0-1,roster3-6,write> 8.063220921845038E-5
<3076,registrar4-0,roster3-6,read> 1.3196274843959264E-4
<3077,registrar4-0,roster3-7,read> 1.3274960706382872E-4
<3078,registrar4-0,roster3-8,read> 1.3353646568806481E-4
<3079,admissions4-0,stu5-7application5-7,setStatus> 8.596309836314412E-6
<3080,registrar2-1,roster1-3,read> 1.8173130078294578E-4
<3081,registrar2-1,roster1-2,read> 1.8519010428714138E-4
<3082,registrar2-1,roster1-7,read> 1.879571470904979E-4
<3083,admissions0-0,stu4-17application4-17,setStatus> 9.907738174804591E-5
<3084,admissions2-0,stu4-1application4-1,read> 1.5371177529262711E-4
<3085,stu1-6,gradebook1-1,readMyScores> 8.361440642306776E-5
<3086,registrar2-1,roster1-6,read> 1.83114822184624E-4
<3087,registrar4-1,transcript3-11,read> 3.7095357708628846E-4
<3088,registrar2-1,roster1-9,read> 1.8934066849217614E-4
<3089,admissions4-0,stu5-12application5-12,read> 7.377858766809516E-5
<3090,registrar2-1,roster1-8,read> 1.8864890779133706E-4
<3091,stu1-6,gradebook1-9,readMyScores> 5.023766000431827E-5
<3092,admissions4-0,stu3-9application3-9,setStatus> 7.947035611030429E-5
<3093,admissions0-1,stu1-0application1-0,setStatus> 2.0958714181625883E-4
<3094,admissions4-1,stu5-7application5-7,setStatus> 8.664670153104188E-6
<3095,admissions4-0,stu1-1application1-1,setStatus> 1.9063581225238428E-4
<3096,registrar0-1,roster3-5,write> 8.01514208901913E-5
<3097,registrar2-1,roster0-9,read> 1.9210771129553266E-4
<3098,admissions2-0,stu4-14application4-14,setStatus> 1.5107513395882583E-4
<3099,stu1-7,gradebook1-7,readMyScores> 5.9481082721049135E-5
<3100,registrar2-0,roster1-2,read> 1.8436886213952654E-4
<3101,admissions2-0,stu1-8application1-8,read> 1.0836636013450344E-4
<3102,registrar2-0,roster1-8,read> 1.8781232726898075E-4
<3103,admissions4-1,application2-2,setStatus> 5.123368492882548E-5
<3104,registrar4-1,roster2-9,read> 1.492041042072919E-4
<3105,fac0-4,gradebook0-9,addScore> 1.8526693314244142E-4
<3106,stu1-6,stu1-6application1-6,checkStatus> 2.6370594605751996E-4
<3107,admissions4-1,stu2-9application2-9,read> 1.5359259350361873E-4
<3108,admissions4-1,stu1-8application1-8,read> 1.1010369656952552E-4
<3109,registrar2-0,roster1-7,read> 1.8712363424308994E-4
<3110,admissions4-1,stu5-12application5-12,read> 7.436529611873607E-5
<3111,registrar2-0,roster1-6,read> 1.82302783061854E-4
<3112,admissions4-1,stu3-17application3-17,setStatus> 1.38818209582321E-4
<3113,registrar2-0,roster1-5,read> 1.836801691136357E-4
<3114,stu1-7,gradebook1-9,readMyScores> 5.0451893096021117E-5
<3115,admissions0-0,stu2-12application2-12,setStatus> 6.0292472414198246E-5
<3116,stu1-8,gradebook1-3,readMyScores> 6.512622232847594E-5
<3117,admissions4-0,stu1-8application1-8,read> 1.0923502835201447E-4
<3118,stu1-8,gradebook1-1,readMyScores> 8.753661738534385E-5
<3119,stu1-8,gradebook1-7,readMyScores> 6.200681871769665E-5
<3120,stu1-9,gradebook1-4,readMyScores> 1.1838936346181534E-4
<3121,admissions0-0,stu1-17application1-17,read> 6.0084288709685685E-5
<3122,stu1-19,gradebook1-2,readMyScores> 2.8067643841649317E-5
<3123,stu1-19,gradebook1-5,readMyScores> 7.113066239766339E-5
<3124,stu1-19,gradebook1-7,readMyScores> 2.513107316664284E-5
<3125,admissions0-0,stu4-16application4-16,read> 1.509322351610865E-4
<3126,admissions0-0,stu5-7application5-7,setStatus> 1.0100236805689498E-5
<3127,stu1-18,gradebook1-9,readMyScores> 2.4101222816570596E-5
<3128,registrar0-0,roster5-1,write> 8.535354688356072E-5
<3129,registrar0-0,roster5-3,write> 7.182900467517761E-5
<3130,admissions4-0,stu0-3application0-3,read> 6.694361115071313E-5
<3131,registrar0-0,roster5-4,write> 7.134598531059249E-5
<3132,registrar0-0,roster5-5,write> 7.424410149810315E-5
<3133,stu1-18,gradebook1-6,readMyScores> 4.931069882879848E-5
<3134,admissions0-1,stu0-15application0-15,read> 1.1790691896304972E-4
<3135,registrar0-0,roster5-6,write> 7.327806276893294E-5
<3136,stu1-18,gradebook1-7,readMyScores> 2.841452996228462E-5
<3137,registrar0-0,roster5-7,write> 7.714221768561381E-5
<3138,registrar0-0,roster5-8,write> 7.61761789564436E-5
<3139,registrar0-0,roster5-9,write> 7.859127577936916E-5
<3140,admissions2-1,stu1-14application1-14,read> 1.3934852961823953E-4
<3141,stu0-18,gradebook0-5,readScore> 2.3685606957965507E-5
<3142,admissions0-1,stu4-14application4-14,read> 1.5692437561831384E-4
<3143,admissions0-1,stu1-1application1-1,setStatus> 2.232296091782393E-4
<3144,stu5-1,stu5-1application5-1,checkStatus> 3.157104054279429E-4
<3145,registrar2-0,roster5-3,read> 1.024143920585168E-4
<3146,registrar2-0,roster5-4,read> 1.0172569903262595E-4
<3147,registrar2-0,roster5-2,read> 1.2238648980935108E-4
<3148,admissions2-1,stu2-2application2-2,setStatus> 2.5035437970115686E-5
<3149,admissions0-0,stu1-7application1-7,read> 3.0972792056750605E-5
<3150,admissions0-0,stu4-5application4-5,read> 7.765157117266375E-5
<3151,admissions0-1,stu0-14application0-14,setStatus> 1.3341669904520128E-4
<3152,stu2-17,gradebook2-1,addScore> 3.0076674785679667E-4
<3153,admissions2-1,stu5-8application5-8,read> 1.5698715129934144E-4
<3154,admissions4-1,stu4-19application4-19,read> 5.4558471772515444E-5
<3155,admissions2-0,stu3-5application3-5,read> 9.226238091946888E-5
<3156,admissions0-1,stu0-2application0-2,read> 8.357906046346639E-6
<3157,stu0-15,gradebook0-6,readScore> 1.0433834571230066E-5
<3158,registrar2-1,roster5-3,read> 1.0287058088728525E-4
<3159,registrar2-1,roster5-4,read> 1.0217882018644611E-4
<3160,registrar2-1,roster5-5,read> 1.0632938439148088E-4
<3161,registrar2-0,roster5-9,read> 1.1205609442098851E-4
<3162,admissions0-1,stu5-0application5-0,read> 1.2190870938923067E-4
<3163,registrar2-0,roster5-5,read> 1.0585785718797097E-4
<3164,registrar2-0,roster5-8,read> 1.0861262929153434E-4
<3165,registrar2-0,roster5-7,read> 1.0999001534331601E-4
<3166,registrar4-0,roster2-7,read> 1.4455248642736992E-4
<3167,stu1-15,gradebook1-2,readMyScores> 3.0888512569453264E-5
<3168,registrar4-0,roster2-4,read> 1.067832724640381E-4
<3169,registrar4-0,roster2-3,read> 1.0284897934285771E-4
<3170,fac5-2,gradebook5-5,changeScore> 4.6188278348133053E-4
<3171,registrar4-0,roster2-1,read> 1.1386500008216283E-4
<3172,stu1-15,gradebook1-7,readMyScores> 2.765680916329036E-5
<3173,registrar4-1,transcript3-12,read> 3.699048215379234E-4
<3174,admissions4-1,stu3-10application3-10,setStatus> 4.976578786759371E-5
<3175,admissions4-1,stu4-19application4-19,setStatus> 6.199826337785846E-5
<3176,admissions4-1,stu3-4application3-4,read> 4.25021439095985E-5
<3177,admissions0-0,application4-4,read> 1.4340339981981022E-4
<3178,admissions2-1,stu3-9application3-9,read> 6.715324087698557E-5
<3179,admissions0-1,stu5-16application5-16,setStatus> 1.4819603868734677E-4
<3180,admissions0-0,application4-2,read> 1.4089378803938476E-4
<3181,registrar4-1,roster2-8,read> 1.4840497488326262E-4
<3182,registrar4-1,roster2-7,read> 1.4680671623520418E-4
<3183,admissions2-0,stu2-2application2-2,setStatus> 2.5864769248628834E-5
<3184,admissions0-0,stu3-13application3-13,read> 1.1931112672772602E-4
<3185,admissions4-0,stu4-1application4-1,read> 1.5494393381200688E-4
<3186,registrar2-0,transcript0-17,read> 2.889594124959743E-4
<3187,stu1-14,gradebook1-3,readMyScores> 2.878287218997817E-5
<3188,admissions4-1,stu4-3application4-3,setStatus> 1.9117320476625408E-4
<3189,admissions0-0,stu0-4application0-4,read> 1.273418844250874E-4
<3190,registrar4-1,roster2-3,read> 1.044528620616547E-4
<3191,admissions2-0,application3-4,setStatus> 1.1929096445546816E-4
<3192,stu1-14,gradebook1-1,readMyScores> 3.868726267335971E-5
<3193,registrar4-1,roster2-6,read> 1.4600758691117496E-4
<3194,registrar4-1,roster2-5,read> 1.0764937935777162E-4
<3195,stu1-12,gradebook1-9,readMyScores> 2.2815824266353496E-5
<3196,registrar4-0,transcript3-17,read> 3.580289901556375E-4
<3197,registrar4-1,roster2-2,read> 1.068502500337424E-4
<3198,registrar4-1,roster2-1,read> 1.15640672598064E-4
<3199,stu1-14,gradebook1-9,readMyScores> 2.3244290449759197E-5
<3200,chair1,transcript1-15,read> 1.7710509182012913E-4
<3201,stu2-2,gradebook2-8,readMyScores> 2.2744695504273152E-4
<3202,admissions4-0,stu3-10application3-10,setStatus> 4.937315837751407E-5
<3203,admissions0-1,application4-0,read> 1.349145282743187E-4
<3204,registrar4-1,roster1-1,read> 2.1473270877768924E-4
<3205,admissions0-1,application4-2,read> 1.404169901103175E-4
<3206,admissions0-1,application4-3,read> 1.4341833292995317E-4
<3207,stu0-12,gradebook0-5,readScore> 2.3023072497602837E-5
<3208,admissions4-1,stu4-1application4-1,read> 1.5617609233138665E-4
<3209,stu1-17,gradebook1-2,readMyScores> 3.145268631501405E-5
<3210,stu1-17,gradebook1-8,readMyScores> 6.961724662700751E-5
<3211,stu1-17,gradebook1-9,readMyScores> 2.388698972486775E-5
<3212,registrar0-0,roster5-1,read> 1.1736112696489598E-4
<3213,admissions0-1,stu0-11application0-11,read> 1.6792929929031138E-4
<3214,admissions4-1,stu1-18application1-18,setStatus> 1.0946026835768563E-4
<3215,stu0-13,gradebook0-1,readScore> 4.2891961479363906E-5
<3216,stu1-16,gradebook1-4,readMyScores> 5.2856665303153935E-5
<3217,admissions2-1,stu5-13application5-13,setStatus> 1.7419925768345044E-4
<3218,stu1-16,gradebook1-6,readMyScores> 4.843406418295317E-5
<3219,admissions4-0,stu3-4application3-4,read> 4.216682127520324E-5
<3220,admissions4-1,stu0-7application0-7,setStatus> 1.0554587619440091E-4
<3221,registrar4-1,transcript1-16,read> 3.849806825456711E-5
<3222,admissions2-0,stu5-14application5-14,read> 2.7422675132619175E-5
<3223,admissions4-1,application3-2,setStatus> 1.2218204288836097E-4
<3224,admissions2-1,stu5-14application5-14,setStatus> 3.0162944272761566E-5
<3225,admissions4-1,application3-0,setStatus> 1.202248468067186E-4
<3226,admissions2-0,application4-4,setStatus> 1.3759094083618925E-4
<3227,admissions2-0,application4-1,setStatus> 1.361462058587639E-4
<3228,stu4-15,gradebook4-4,readScore> 1.1033655584327001E-4
<3229,stu0-6,transcript0-6,read> 4.7034794305880593E-4
<3230,stu5-8,gradebook5-1,addScore> 1.8729653918043277E-4
<3231,admissions4-1,application3-4,setStatus> 1.2120344484753976E-4
<3232,admissions4-0,stu1-17application1-17,setStatus> 5.8111054493485435E-5
<3233,admissions2-0,application4-2,setStatus> 1.35183049207147E-4
<3234,admissions4-0,stu0-6application0-6,setStatus> 5.3742106435499745E-5
<3235,admissions2-0,stu1-2application1-2,read> 1.3252232895705532E-4
<3236,admissions2-0,stu0-8application0-8,read> 1.2277518364269227E-4
<3237,admissions2-1,stu5-14application5-14,read> 2.6543390960030178E-5
<3238,admissions4-0,stu1-5application1-5,setStatus> 1.0422772843888979E-4
<3239,admissions4-0,stu5-12application5-12,setStatus> 8.383930416828997E-5
<3240,admissions0-1,stu2-18application2-18,read> 1.5092168997904242E-4
<3241,admissions2-0,stu5-14application5-14,setStatus> 3.1162130832521795E-5
<3242,admissions4-0,application3-1,setStatus> 1.1879088863217539E-4
<3243,admissions4-0,application3-2,setStatus> 1.2121808199772299E-4
<3244,stu5-7,gradebook5-2,addScore> 1.0532923216033114E-4
<3245,registrar0-0,transcript2-16,read> 2.9696632225838015E-4
<3246,admissions2-0,stu4-4application4-4,setStatus> 1.322935792522963E-4
<3247,admissions4-0,application3-4,setStatus> 1.2024720465150393E-4
<3248,admissions2-1,application4-4,setStatus> 1.3317920726228338E-4
<3249,admissions2-1,application4-3,setStatus> 1.3364534419888757E-4
<3250,admissions2-1,application4-2,setStatus> 1.3084852257926256E-4
<3251,admissions2-1,application4-1,setStatus> 1.3178079645247086E-4
<3252,admissions4-1,stu1-5application1-5,setStatus> 1.0505657717399032E-4
<3253,admissions0-0,stu3-2application3-2,setStatus> 5.687027453179993E-5
<3254,stu5-6,gradebook5-8,addScore> 1.2735462880944761E-4
<3255,admissions4-0,stu4-19application4-19,read> 5.412803018062182E-5
<3256,admissions4-1,stu2-14application2-14,read> 4.680797528921169E-5
<3257,admissions2-1,stu0-8application0-8,read> 1.1883850440765603E-4
<3258,admissions4-1,stu0-6application0-6,setStatus> 5.416947905128901E-5
<3259,registrar2-1,roster5-6,read> 1.0494586298980262E-4
<3260,admissions4-1,stu0-8application0-8,setStatus> 1.417540037047845E-4
<3261,registrar2-1,roster5-8,read> 1.0909642719483738E-4
<3262,registrar2-1,roster5-9,read> 1.12555230699033E-4
<3263,registrar2-1,roster0-7,read> 1.7896425797958926E-4
<3264,registrar0-0,transcript2-11,read> 2.8999340628997985E-4
<3265,registrar2-1,roster0-1,read> 1.7343017237287622E-4
<3266,registrar2-0,roster0-2,read> 1.7541585280294567E-4
<3267,registrar2-0,transcript3-16,read> 3.1517024933908636E-4
<3268,admissions0-1,stu1-7application1-7,read> 3.08679771936144E-5
<3269,registrar2-0,roster0-5,read> 1.7679323885472735E-4
<3270,registrar2-0,roster0-4,read> 1.774819318806182E-4
<3271,registrar2-0,roster0-7,read> 1.7817062490650904E-4
<3272,registrar2-0,roster0-6,read> 1.7885931793239985E-4
<3273,admissions0-0,stu4-1application4-1,setStatus> 2.0687661504359317E-4
<3274,registrar2-0,roster0-1,read> 1.7266108069938232E-4
<3275,admissions2-0,stu5-4application5-4,read> 5.285001073530533E-5
<3276,admissions2-1,stu4-4application4-4,setStatus> 1.2805170095963749E-4
<3277,admissions0-0,stu2-18application2-18,read> 1.514341575171716E-4
<3278,registrar0-1,roster5-8,write> 7.582432593585957E-5
<3279,registrar0-1,roster5-9,write> 7.822826757715498E-5
<3280,registrar0-1,roster5-4,write> 7.101644265326873E-5
<3281,fac0-3,gradebook0-7,assignGrade> 8.941165715149403E-5
<3282,registrar0-1,roster5-6,write> 7.293959596630506E-5
<3283,admissions2-0,stu1-19application1-19,read> 3.759360937369365E-5
<3284,registrar0-1,roster5-5,write> 7.390117262282323E-5
<3285,registrar0-1,roster5-1,write> 8.495930417278213E-5
<3286,admissions2-0,stu5-7application5-7,read> 7.50459557718168E-6
<3287,admissions0-1,stu4-16application4-16,read> 1.5042146617576984E-4
<3288,admissions2-1,stu1-2application1-2,read> 1.2827311600452446E-4
<3289,admissions2-1,stu5-7application5-7,read> 7.2639672620816644E-6
<3290,admissions2-1,stu3-2application3-2,setStatus> 4.647773705390756E-5
<3291,admissions2-1,stu5-12application5-12,read> 7.08450454148906E-5
<3292,admissions4-1,stu5-10application5-10,setStatus> 1.7551563611311523E-4
<3293,stu3-0,transcript3-0,read> 3.117193925703062E-4
<3294,admissions0-0,stu3-5application3-5,read> 1.0927267960602425E-4
<3295,admissions2-1,stu5-4application5-4,read> 5.115542121273042E-5
<3296,admissions0-0,stu2-4application2-4,read> 3.197663676892078E-5
<3297,admissions0-1,stu1-10application1-10,setStatus> 1.231848485237159E-4
<3298,admissions4-1,application0-2,read> 5.197497294474751E-5
<3299,admissions2-0,stu3-1application3-1,read> 1.3633642929745824E-4
<3300,admissions0-0,stu1-12application1-12,read> 1.1880920437164093E-4
<3301,registrar4-1,transcript4-16,read> 3.835386436666691E-4
<3302,admissions2-1,stu5-5application5-5,setStatus> 8.190414423582454E-5
<3303,admissions2-1,application4-0,read> 1.1063449432342262E-4
<3304,stu4-0,gradebook4-9,readMyScores> 9.555271436841349E-5
<3305,admissions2-1,stu3-1application3-1,read> 1.3196492054242951E-4
<3306,registrar0-0,transcript3-10,read> 3.100405396991306E-4
<3307,admissions4-0,stu5-6application5-6,read> 2.5506566014084533E-5
<3308,admissions2-0,stu3-2application3-2,setStatus> 4.8017372235817546E-5
<3309,admissions4-1,stu5-6application5-6,read> 2.5709401529107073E-5
<3310,chair1,transcript1-11,read> 2.019039378159465E-4
<3311,admissions2-1,stu1-15application1-15,setStatus> 1.2991624870605417E-4
<3312,fac0-3,gradebook0-6,changeScore> 2.352433440629585E-4
<3313,fac0-3,gradebook0-7,changeScore> 2.5035264002418325E-4
<3314,admissions4-1,stu0-7application0-7,read> 9.28803710510728E-5
<3315,admissions2-0,stu1-9application1-9,read> 1.2870822861665238E-4
<3316,admissions4-0,stu4-16application4-16,setStatus> 1.4597545432630852E-4
<3317,fac0-2,gradebook0-5,changeScore> 2.402797760500334E-4
<3318,fac0-2,gradebook0-4,changeScore> 2.856076639337078E-4
<3319,admissions2-0,stu5-5application5-5,setStatus> 8.461732499725973E-5
<3320,admissions2-1,stu1-18application1-18,setStatus> 1.0427871719282478E-4
<3321,admissions4-1,stu4-16application4-16,setStatus> 1.47136292929301E-4
<3322,admissions4-1,stu5-1application5-1,read> 2.613998466706839E-5
<3323,admissions0-0,stu5-12application5-12,setStatus> 9.850701543431287E-5
<3324,fac0-0,gradebook0-1,changeScore> 2.805712319466328E-4
<3325,admissions4-0,stu0-7application0-7,read> 9.214758705855938E-5
<3326,admissions4-1,stu3-19application3-19,read> 1.3034110405370754E-4
<3327,admissions2-1,stu4-11application4-11,setStatus> 1.653426558879712E-4
<3328,admissions2-0,stu0-18application0-18,setStatus> 1.8863824337188493E-4
<3329,admissions0-1,stu5-12application5-12,setStatus> 9.817365836008509E-5
<3330,admissions2-0,stu5-7application5-7,setStatus> 8.527949519524637E-6
<3331,admissions0-1,stu4-9application4-9,read> 1.1990781417614018E-4
<3332,admissions0-0,stu1-11application1-11,read> 1.5795914814627777E-4
<3333,admissions4-0,stu2-7application2-7,setStatus> 8.96645682456042E-5
<3334,admissions4-0,stu4-9application4-9,setStatus> 1.163636952666278E-4
<3335,admissions0-0,stu1-15application1-15,read> 1.3988994332721458E-4
<3336,admissions2-1,application4-4,read> 1.1719770239080937E-4
<3337,admissions2-1,application4-3,read> 1.1760790289502104E-4
<3338,admissions2-1,application4-1,read> 1.1596710087817435E-4
<3339,admissions4-0,application5-3,setStatus> 1.8481054817507008E-4
<3340,admissions4-0,stu2-15application2-15,setStatus> 3.432455951111896E-5
<3341,stu1-10,gradebook1-6,readMyScores> 4.9749016151721136E-5
<3342,stu1-10,gradebook1-1,readMyScores> 4.0470085838030664E-5
<3343,stu1-10,gradebook1-2,readMyScores> 3.201686006057485E-5
<3344,admissions0-0,stu1-5application1-5,read> 1.0776691253776898E-4
<3345,admissions4-0,stu0-17application0-17,read> 1.5921579413537062E-4
<3346,admissions2-1,stu5-7application5-7,setStatus> 8.254508252365529E-6
<3347,admissions2-0,stu3-0application3-0,read> 6.344473390309124E-5
<3348,admissions2-0,application4-3,read> 1.2150381686255795E-4
<3349,admissions4-1,application4-4,setStatus> 1.3979680762314216E-4
<3350,admissions2-0,application4-2,read> 1.1896108330228936E-4
<3351,admissions2-0,application4-4,read> 1.210800279358465E-4
<3352,stu1-10,gradebook1-9,readMyScores> 2.4315455908273448E-5
<3353,admissions0-1,application2-0,read> 5.137715312779168E-5
<3354,admissions2-0,application4-1,read> 1.1980866115571223E-4
<3355,admissions2-0,application4-0,read> 1.1429940510846354E-4
<3356,stu1-11,gradebook1-6,readMyScores> 4.6242477568339904E-5
<3357,stu1-11,gradebook1-4,readMyScores> 5.046496099079402E-5
<3358,admissions4-1,stu0-17application0-17,read> 1.604819237109998E-4
<3359,admissions4-0,stu1-11application1-11,read> 1.3443900425986075E-4
<3360,admissions2-1,stu0-7application0-7,read> 8.848366709599242E-5
<3361,admissions4-1,stu5-5application5-5,read> 7.565704553262003E-5
<3362,stu1-12,gradebook1-3,readMyScores> 2.8252312333941706E-5
<3363,admissions4-0,stu1-3application1-3,setStatus> 1.3432492617168002E-4
<3364,stu1-13,gradebook1-3,readMyScores> 2.8517592261959932E-5
<3365,stu1-13,gradebook1-4,readMyScores> 5.1421642715737986E-5
<3366,fac3-2,gradebook3-5,assignGrade> 1.6315941124794844E-4
<3367,stu1-13,gradebook1-7,readMyScores> 2.7151661963960858E-5
<3368,admissions0-0,stu0-14application0-14,setStatus> 1.3386972688576225E-4
<3369,registrar4-1,roster0-3,write> 1.4687028334052472E-4
<3370,registrar4-1,roster0-2,write> 1.480326532663854E-4
<3371,registrar4-1,roster0-6,write> 1.5093857808103718E-4
<3372,registrar0-1,transcript4-6,read> 1.810729630117398E-4
<3373,registrar4-1,roster0-7,write> 1.503573931181068E-4
<3374,admissions0-1,stu1-11application1-11,setStatus> 1.7889159025180282E-4
<3375,registrar4-1,roster0-5,write> 1.491950231922461E-4
<3376,admissions2-1,stu3-9application3-9,setStatus> 7.631050099657451E-5
<3377,registrar0-1,transcript4-1,read> 1.8280814013782554E-4
<3378,registrar0-1,transcript4-0,read> 1.8194055157478266E-4
<3379,admissions4-1,stu5-10application5-10,read> 1.544537597795414E-4
<3380,stu0-9,transcript0-9,read> 5.003587499079815E-4
<3381,registrar0-1,transcript4-9,read> 1.7673502019652538E-4
<3382,registrar0-0,transcript4-4,read> 1.8016997978767562E-4
<3383,admissions2-0,stu3-9application3-9,setStatus> 7.883838508755834E-5
<3384,registrar0-0,transcript4-6,read> 1.819132087797757E-4
<3385,admissions0-1,stu4-17application4-17,read> 8.689304316014748E-5
<3386,admissions4-0,stu5-10application5-10,read> 1.5323518968266136E-4
<3387,registrar0-0,transcript4-2,read> 1.845280522679258E-4
<3388,registrar0-0,transcript4-8,read> 1.7581190730742545E-4
<3389,registrar0-0,transcript4-7,read> 1.7494029281137544E-4
<3390,admissions4-1,application4-3,setStatus> 1.4028610664355273E-4
<3391,registrar0-0,transcript4-9,read> 1.7755513629952552E-4
<3392,admissions4-0,stu4-12application4-12,read> 1.391380506155609E-4
<3393,admissions2-1,stu3-0application3-0,read> 6.141043381802219E-5
<3394,admissions4-0,stu2-8application2-8,setStatus> 1.9112125092549386E-4
<3395,admissions4-1,stu4-11application4-11,read> 1.5273142722769612E-4
<3396,registrar4-0,roster0-2,write> 1.4575959908955032E-4
<3397,registrar4-0,roster0-1,write> 1.4347055581904534E-4
<3398,admissions4-1,stu2-7application2-7,setStatus> 9.037760656167263E-5
<3399,registrar4-0,roster0-8,write> 1.5777707625970136E-4
<3400,registrar4-0,roster0-9,write> 1.5892159789495383E-4
<3401,registrar4-0,roster0-4,write> 1.4747638154242906E-4
<3402,registrar4-0,roster0-6,write> 1.486209031776815E-4
<3403,registrar4-0,roster1-5,read> 2.0986175223896466E-4
<3404,registrar4-0,roster1-9,read> 2.1536976260861724E-4
<3405,registrar4-0,roster1-7,read> 2.1379604536014504E-4
<3406,registrar4-0,roster1-8,read> 2.145829039843811E-4
<3407,registrar4-0,roster1-1,read> 2.1143546948743677E-4
<3408,registrar4-0,roster1-2,read> 2.106486108632007E-4
<3409,admissions4-1,stu3-1application3-1,read> 1.3852218367497256E-4
<3410,admissions2-1,stu3-16application3-16,setStatus> 3.249362895578243E-5
<3411,admissions2-0,stu4-2application4-2,read> 7.954871311812578E-5
<3412,admissions0-0,application5-4,read> 1.9259179071614874E-4
<3413,admissions0-0,application5-3,read> 1.9108602364789352E-4
<3414,admissions0-0,application5-2,read> 1.9008217893572336E-4
<3415,admissions4-1,stu5-17application5-17,read> 1.0838136401768025E-4
<3416,admissions4-1,stu4-12application4-12,setStatus> 1.5936876843956573E-4
<3417,registrar4-1,roster1-4,read> 2.091388035094846E-4
<3418,registrar4-1,roster1-6,read> 2.1153619148157229E-4
<3419,admissions2-0,stu3-4application3-4,setStatus> 4.753579391000909E-5
<3420,admissions0-0,stu5-1application5-1,setStatus> 3.462598829621082E-5
<3421,admissions2-0,stu3-16application3-16,setStatus> 3.357002246156404E-5
<3422,admissions0-1,application5-3,read> 1.9043937043757914E-4
<3423,admissions0-1,stu5-1application5-1,setStatus> 3.4508810670842936E-5
<3424,admissions2-1,stu3-4application3-4,setStatus> 4.601160011730339E-5
<3425,admissions0-0,stu5-5application5-5,setStatus> 1.0021811437551201E-4
<3426,admissions4-0,stu3-18application3-18,setStatus> 1.5325703442295132E-4
<3427,admissions2-1,stu4-2application4-2,read> 7.699805297806564E-5
<3428,admissions0-1,stu5-5application5-5,setStatus> 9.987896678033262E-5
<3429,admissions0-1,stu0-16application0-16,read> 1.1940759037286757E-4
<3430,admissions0-1,stu3-2application3-2,setStatus> 5.667782013406119E-5
<3431,admissions4-0,stu2-14application2-14,setStatus> 5.27712290892807E-5
<3432,registrar2-0,transcript4-2,read> 1.9134664080438493E-4
<3433,fac0-3,gradebook0-6,assignGrade> 8.401548002248517E-5
<3434,admissions4-0,stu2-15application2-15,read> 3.0205612369784678E-5
<3435,admissions0-1,stu1-7application1-7,setStatus> 3.5077246810925447E-5
<3436,admissions4-1,stu2-15application2-15,read> 3.0445816046681578E-5
<3437,admissions2-0,stu4-8application4-8,setStatus> 7.980154173917524E-5
<3438,admissions2-1,stu4-12application4-12,read> 1.3360572255927618E-4
<3439,admissions0-1,stu3-8application3-8,read> 1.584250470281317E-4
<3440,admissions4-0,stu4-8application4-8,read> 7.078828544174053E-5
<3441,admissions2-0,stu4-12application4-12,read> 1.3803158500430397E-4
<3442,admissions2-0,stu2-11application2-11,setStatus> 6.58357702907302E-5
<3443,admissions2-0,application5-0,read> 1.5922103133987573E-4
<3444,admissions4-1,stu2-8application2-8,setStatus> 1.9264110182748586E-4
<3445,admissions4-0,stu3-1application3-1,read> 1.3742930648621537E-4
<3446,admissions4-1,stu2-14application2-14,setStatus> 5.319088101046783E-5
<3447,admissions2-1,stu2-11application2-11,setStatus> 6.372480370826189E-5
<3448,admissions0-0,stu1-7application1-7,setStatus> 3.519635460994387E-5
<3449,admissions4-0,stu5-17application5-17,read> 1.0752628422266896E-4
<3450,admissions2-0,stu1-12application1-12,setStatus> 1.1399360287157519E-4
<3451,admissions2-0,application3-0,setStatus> 1.1832780780385126E-4
<3452,admissions4-0,stu4-15application4-15,setStatus> 1.150894187497153E-5
<3453,admissions4-1,stu2-13application2-13,setStatus> 9.918498892906325E-5
<3454,admissions2-0,stu0-9application0-9,read> 9.26861698461803E-5
<3455,admissions2-0,application3-2,setStatus> 1.2025412110708503E-4
<3456,admissions2-0,application3-1,setStatus> 1.1784622947804282E-4
<3457,admissions0-0,stu0-18application0-18,read> 1.9660716956482945E-4
<3458,admissions0-1,stu0-11application0-11,setStatus> 1.9082874919353564E-4
<3459,admissions2-0,application3-3,setStatus> 1.1977254278127661E-4
<3460,admissions2-1,application3-0,setStatus> 1.1453372979811655E-4
<3461,admissions4-1,stu0-0application0-0,setStatus> 1.1826765072507624E-4
<3462,admissions4-1,stu4-15application4-15,setStatus> 1.1600464275567726E-5
<3463,admissions0-1,stu2-2application2-2,setStatus> 3.05297576902653E-5
<3464,admissions2-1,application3-4,setStatus> 1.1546600367132488E-4
<3465,registrar2-1,transcript3-18,read> 3.129427341556667E-4
<3466,admissions0-0,stu0-11application0-11,setStatus> 1.9147672457280065E-4
<3467,admissions2-1,application3-2,setStatus> 1.1639827754453322E-4
<3468,admissions4-0,stu0-0application0-0,setStatus> 1.1733457261284683E-4
<3469,admissions2-1,stu1-18application1-18,read> 9.17652711296858E-5
<3470,admissions4-0,stu5-1application5-1,read> 2.5933752046420906E-5
<3471,admissions2-1,stu3-12application3-12,read> 5.7718629280117156E-5
<3472,admissions2-1,stu3-16application3-16,read> 2.859439348108853E-5
<3473,admissions4-1,application4-2,setStatus> 1.3735031252108923E-4
<3474,registrar0-1,roster5-2,read> 1.1748012718893168E-4
<3475,admissions0-0,stu3-5application3-5,setStatus> 1.241734995523003E-4
<3476,admissions4-1,stu3-13application3-13,setStatus> 1.1631045464343388E-4
<3477,admissions2-0,stu1-18application1-18,read> 9.48051144797375E-5
<3478,admissions0-1,stu1-19application1-19,setStatus> 5.0425022593153476E-5
<3479,admissions2-0,stu3-16application3-16,read> 2.9541619766176355E-5
<3480,admissions0-1,stu2-4application2-4,read> 3.1868424800159635E-5
<3481,admissions4-1,application4-1,setStatus> 1.3832891056191039E-4
<3482,admissions4-1,application4-0,setStatus> 1.3196802329657273E-4
<3483,admissions0-0,stu1-19application1-19,setStatus> 5.059624508073634E-5
<3484,admissions4-0,application4-1,setStatus> 1.3723755821033713E-4
<3485,admissions2-0,stu0-7application0-7,setStatus> 1.0388045802959773E-4
<3486,admissions0-1,stu1-4application1-4,read> 1.944411608637601E-4
<3487,admissions4-0,application4-4,setStatus> 1.386938742296657E-4
<3488,admissions4-1,stu2-0application2-0,read> 8.599104084369168E-5
<3489,admissions2-1,stu4-7application4-7,setStatus> 3.482431363880328E-5
<3490,admissions2-0,stu4-9application4-9,read> 1.0158573730712047E-4
<3491,admissions4-0,application5-0,setStatus> 1.8238335480952244E-4
<3492,admissions4-0,application5-1,setStatus> 1.82868793482632E-4
<3493,admissions2-1,stu4-9application4-9,read> 9.832847919707251E-5
<3494,admissions2-0,stu4-7application4-7,setStatus> 3.597791409060629E-5
<3495,admissions4-1,application5-3,setStatus> 1.8628021456214817E-4
<3496,admissions4-1,application5-4,setStatus> 1.8774811162337992E-4
<3497,admissions2-0,stu2-0application2-0,setStatus> 9.617520481666254E-5
<3498,admissions4-0,stu0-8application0-8,read> 1.237593534514513E-4
<3499,admissions2-1,stu0-9application0-9,read> 8.971426860862742E-5
<3500,admissions0-1,stu0-5application0-5,read> 1.6142638984776743E-4
<3501,admissions2-0,stu4-6application4-6,setStatus> 5.6685782100369646E-5
<3502,admissions4-1,stu5-18application5-18,read> 9.804736870660861E-5
<3503,registrar0-0,transcript2-12,read> 2.9086502078602987E-4
<3504,admissions2-1,stu2-3application2-3,setStatus> 5.9529571278824355E-5
<3505,admissions2-1,stu3-7application3-7,read> 1.180181033992327E-4
<3506,admissions2-0,stu0-5application0-5,setStatus> 1.554093388911019E-4
<3507,admissions2-1,stu2-2application2-2,read> 2.20311854137018E-5
<3508,admissions0-1,stu1-0application1-0,read> 1.8443668479830775E-4
<3509,admissions2-1,stu3-1application3-1,setStatus> 1.4996013698003355E-4
<3510,admissions4-0,stu5-2application5-2,read> 1.2162342328976943E-4
<3511,admissions2-0,stu2-2application2-2,read> 2.276099693879337E-5
<3512,registrar4-0,transcript4-11,read> 3.5286573107395534E-4
<3513,admissions2-0,stu2-3application2-3,setStatus> 6.150156535845415E-5
<3514,registrar4-0,roster0-8,read> 2.1694347985708935E-4
<3515,registrar4-0,transcript3-11,read> 3.652575528699923E-4
<3516,stu2-15,gradebook2-6,addScore> 4.0270947137068956E-4
<3517,registrar2-0,transcript5-12,read> 2.6851044064854648E-5
<3518,admissions2-0,stu2-18application2-18,setStatus> 1.4529619404912442E-4
<3519,registrar2-0,transcript5-14,read> 2.323575622442541E-5
<3520,admissions4-0,stu5-17application5-17,setStatus> 1.22188959343942E-4
<3521,registrar4-1,transcript4-10,read> 3.5522224386081266E-4
<3522,admissions0-1,stu4-8application4-8,setStatus> 9.419460537950744E-5
<3523,registrar4-1,transcript4-12,read> 3.782948659248438E-4
<3524,admissions4-0,stu5-9application5-9,setStatus> 2.5101224722038083E-5
<3525,admissions4-1,stu1-13application1-13,setStatus> 1.1777835170466566E-4
<3526,registrar4-0,transcript4-18,read> 3.7971467829870205E-4
<3527,registrar4-1,transcript3-14,read> 3.6780731044119337E-4
<3528,registrar2-1,transcript5-15,read> 2.243140835903667E-5
<3529,registrar2-1,transcript5-12,read> 2.6970647824609015E-5
<3530,registrar2-1,transcript5-13,read> 2.424710414526561E-5
<3531,registrar2-1,transcript5-10,read> 2.8786343610837952E-5
<3532,registrar2-1,transcript5-11,read> 2.5154952038380077E-5
<3533,admissions0-0,stu1-10application1-10,read> 1.0877075724993916E-4
<3534,admissions0-0,stu4-8application4-8,setStatus> 9.45144512381815E-5
<3535,admissions4-1,stu5-9application5-9,setStatus> 2.5300836847064235E-5
<3536,admissions2-1,stu5-10application5-10,setStatus> 1.672072036343879E-4
<3537,registrar4-1,transcript4-18,read> 3.8563615476339916E-4
<3538,registrar2-0,transcript5-19,read> 1.6909002503674246E-5
<3539,registrar2-0,transcript5-18,read> 1.8716646423888862E-5
<3540,registrar2-0,transcript5-17,read> 1.962046838399617E-5
<3541,admissions0-0,stu0-1application0-1,read> 1.5413199018112896E-5
<3542,registrar2-0,transcript5-16,read> 2.052429034410348E-5
<3543,registrar2-0,transcript5-15,read> 2.23319342643181E-5
<3544,admissions0-0,stu5-18application5-18,setStatus> 1.2987716268963084E-4
<3545,registrar2-1,transcript5-17,read> 1.970786467969326E-5
<3546,admissions0-1,stu0-1application0-1,read> 1.5361039292163274E-5
<3547,registrar2-1,transcript5-16,read> 2.0615712572807727E-5
<3548,registrar2-1,transcript5-19,read> 1.6984321000349855E-5
<3549,registrar2-1,transcript5-18,read> 1.8800016786578793E-5
<3550,fac2-1,gradebook2-2,addScore> 2.469538530557399E-4
<3551,admissions4-1,stu3-15application3-15,read> 1.212988581565198E-4
<3552,admissions4-1,stu5-17application5-17,setStatus> 1.231606409291821E-4
<3553,admissions2-1,stu0-6application0-6,setStatus> 5.160524335655344E-5
<3554,admissions4-0,stu1-13application1-13,setStatus> 1.168491339397373E-4
<3555,admissions0-1,application0-0,setStatus> 7.145715977620669E-5
<3556,admissions2-1,application5-0,read> 1.5411574776985967E-4
<3557,admissions0-1,application0-1,setStatus> 6.918341521587662E-5
<3558,admissions0-1,application0-2,setStatus> 6.861497907579409E-5
<3559,admissions0-1,stu1-2application1-2,read> 1.5642415181504126E-4
<3560,admissions0-1,stu0-4application0-4,setStatus> 1.4421698570676915E-4
<3561,admissions2-1,application5-3,read> 1.5616675029091805E-4
<3562,admissions2-1,application5-2,read> 1.5534634928249475E-4
<3563,registrar0-1,transcript3-3,read> 6.394850700095182E-5
<3564,registrar0-1,transcript3-4,read> 6.74188612531233E-5
<3565,registrar0-1,transcript3-1,read> 6.221332987486607E-5
<3566,registrar4-0,roster1-7,write> 1.554880329891964E-4
<3567,registrar0-1,transcript3-2,read> 6.568368412703756E-5
<3568,admissions2-0,stu0-6application0-6,setStatus> 5.331473381971049E-5
<3569,registrar0-1,transcript3-7,read> 6.82864498161662E-5
<3570,fac3-2,gradebook3-4,assignGrade> 1.6136068553827883E-4
<3571,registrar0-1,transcript3-8,read> 5.961056418573744E-5
<3572,registrar0-1,transcript3-5,read> 6.655127269008043E-5
<3573,registrar0-1,roster5-4,read> 9.764760864824451E-5
<3574,registrar0-1,roster5-5,read> 1.0161411235638195E-4
<3575,registrar0-1,transcript3-9,read> 5.874297562269457E-5
<3576,registrar2-0,transcript5-9,read> 2.699791513337209E-4
<3577,registrar0-1,roster5-6,read> 1.0029194445366945E-4
<3578,registrar0-1,roster5-8,read> 1.042584481618069E-4
<3579,admissions0-1,application0-4,setStatus> 6.975185135595912E-5
<3580,registrar0-1,roster5-9,read> 1.0756386791858809E-4
<3581,admissions0-1,application0-3,setStatus> 7.032028749604165E-5
<3582,fac4-3,gradebook4-6,addScore> 2.8929857266745784E-4
<3583,fac4-3,gradebook4-7,addScore> 2.3766356407207897E-4
<3584,admissions0-0,application0-0,setStatus> 7.169979868885934E-5
<3585,admissions0-0,application0-1,setStatus> 6.941833343392712E-5
<3586,admissions2-0,application5-4,read> 1.6261134275356723E-4
<3587,admissions2-0,application5-3,read> 1.6133997597343294E-4
<3588,admissions0-0,stu0-7application0-7,read> 1.0826883489385408E-4
<3589,registrar0-0,transcript3-0,read> 6.337363731697117E-5
<3590,registrar2-0,transcript5-7,read> 2.681715074135062E-4
<3591,registrar0-0,transcript3-2,read> 6.598848080512128E-5
<3592,registrar0-0,transcript3-3,read> 6.42452518130212E-5
<3593,registrar0-0,transcript3-4,read> 6.773170979722133E-5
<3594,registrar0-0,transcript3-5,read> 6.68600953011713E-5
<3595,admissions2-0,stu4-0application4-0,setStatus> 5.716736042617809E-5
<3596,admissions0-0,application0-4,setStatus> 6.998869974766017E-5
<3597,admissions0-0,application0-3,setStatus> 7.055906606139324E-5
<3598,admissions0-0,application0-2,setStatus> 6.884796712019407E-5
<3599,registrar0-0,roster5-2,read> 1.180252785912005E-4
<3600,stu2-7,gradebook2-2,readMyScores> 2.137276165287408E-4
<3601,admissions0-0,stu0-15application0-15,read> 1.1830728201555582E-4
<3602,admissions0-1,stu0-7application0-7,read> 1.0790244289759739E-4
<3603,registrar0-1,roster5-3,read> 9.830869259960075E-5
<3604,registrar0-1,roster5-1,read> 1.1681904323757545E-4
<3605,admissions0-0,stu1-2application1-2,read> 1.5695530343410756E-4
<3606,admissions0-1,stu0-12application0-12,setStatus> 5.72462562741437E-5
<3607,registrar4-0,roster1-5,write> 1.5262672890106518E-4
<3608,stu0-10,gradebook0-4,readScore> 4.421156487385924E-5
<3609,registrar4-0,roster1-4,write> 1.4976542481293402E-4
<3610,registrar4-0,roster1-9,write> 1.5663255462444888E-4
<3611,registrar0-0,roster5-8,read> 1.0474224606510996E-4
<3612,registrar0-0,roster5-5,read> 1.0208563955989183E-4
<3613,registrar0-0,roster5-6,read> 1.0075733630728279E-4
<3614,registrar0-0,roster5-3,read> 9.876488142836922E-5
<3615,registrar0-0,roster5-4,read> 9.810072980206469E-5
<3616,admissions0-1,application5-0,setStatus> 2.1356619479683648E-4
<3617,registrar4-1,roster1-2,write> 1.5558805778448002E-4
<3618,registrar4-1,roster1-1,write> 1.5616924274741036E-4
<3619,stu4-18,stu4-18application4-18,checkStatus> 1.0249212200920864E-4
<3620,admissions0-1,stu5-8application5-8,setStatus> 2.1754524777741412E-4
<3621,registrar4-1,roster1-9,write> 1.5907516756206213E-4
<3622,registrar4-1,roster1-7,write> 1.579127976362014E-4
<3623,registrar4-1,roster1-8,write> 1.5849398259913178E-4
<3624,registrar4-1,roster1-6,write> 1.5384450289568892E-4
<3625,stu4-10,stu4-10application4-10,checkStatus> 3.053095135538583E-4
<3626,registrar4-1,roster1-4,write> 1.521009480068979E-4
<3627,admissions2-1,stu2-0application2-0,read> 8.192045902860568E-5
<3628,admissions0-0,stu5-8application5-8,setStatus> 2.1828394131825427E-4
<3629,admissions2-0,stu3-1application3-1,setStatus> 1.5492776056529346E-4
<3630,admissions4-1,stu0-9application0-9,read> 9.417212046495673E-5
<3631,admissions2-0,stu2-0application2-0,read> 8.463418023866301E-5
<3632,admissions0-0,stu1-3application1-3,read> 1.3888609861504442E-4
<3633,fac4-1,gradebook4-2,addScore> 7.757778220201677E-4
<3634,admissions0-0,stu0-2application0-2,read> 8.38628603292167E-6
<3635,admissions4-0,stu0-0application0-0,read> 1.0325442389930518E-4
<3636,admissions4-1,application1-3,setStatus> 2.1875743704190106E-5
<3637,admissions4-1,application1-2,setStatus> 2.1386444683779516E-5
<3638,registrar2-1,transcript5-3,read> 2.6573464371371433E-4
<3639,admissions4-1,application1-4,setStatus> 1.4046959377620675E-5
<3640,registrar2-1,transcript5-5,read> 2.6755033949994327E-4
<3641,registrar2-1,transcript5-6,read> 2.702738831792867E-4
<3642,admissions4-1,application1-1,setStatus> 2.0407846642958337E-5
<3643,registrar2-1,transcript5-7,read> 2.6936603528617215E-4
<3644,admissions0-1,stu4-10application4-10,read> 2.9367305783796547E-5
<3645,admissions4-1,application1-0,setStatus> 1.9429248602137157E-5
<3646,registrar4-1,transcript1-17,read> 3.535180160947195E-5
<3647,registrar2-1,transcript5-8,read> 2.7208957896551566E-4
<3648,admissions4-1,stu1-17application1-17,setStatus> 5.8573170234984315E-5
<3649,registrar0-0,roster3-9,write> 8.245543069605005E-5
<3650,admissions4-0,stu4-2application4-2,read> 8.018637815314081E-5
<3651,registrar2-1,transcript5-0,read> 2.6482679582059986E-4
<3652,admissions4-0,application1-4,setStatus> 1.3936135240519128E-5
<3653,admissions4-0,application1-3,setStatus> 2.1703154010271443E-5
<3654,registrar2-0,transcript5-3,read> 2.64556219573077E-4
<3655,admissions4-0,application1-2,setStatus> 2.1217715337161925E-5
<3656,registrar2-0,transcript5-0,read> 2.636523976129697E-4
<3657,admissions4-0,application1-1,setStatus> 2.0246837990942885E-5
<3658,registrar2-0,transcript5-1,read> 2.609409317326478E-4
<3659,admissions4-0,application1-0,setStatus> 1.9275960644723844E-5
<3660,registrar2-0,transcript5-8,read> 2.7088297329382814E-4
<3661,admissions2-1,stu1-11application1-11,read> 1.2909351701294783E-4
<3662,registrar2-0,roster5-1,write> 8.850748856978928E-5
<3663,admissions4-0,stu1-16application1-16,setStatus> 1.0762579915065644E-4
<3664,admissions4-1,stu2-18application2-18,read> 1.299105209157462E-4
<3665,registrar2-0,transcript0-16,read> 2.898632344560816E-4
<3666,registrar2-0,transcript0-15,read> 2.9528616621672546E-4
<3667,admissions0-0,stu0-6application0-6,setStatus> 6.314430398286353E-5
<3668,registrar0-0,transcript2-14,read> 2.9347986427418E-4
<3669,registrar2-0,transcript0-13,read> 2.970938101369401E-4
<3670,stu0-7,gradebook0-6,readScore> 1.4517722088370234E-5
<3671,registrar2-0,transcript0-12,read> 2.989014540571548E-4
<3672,admissions4-1,stu5-6application5-6,setStatus> 2.9215229010348947E-5
<3673,admissions0-0,stu4-10application4-10,read> 2.9467024988495344E-5
<3674,admissions2-0,stu2-1application2-1,read> 9.522890340644892E-5
<3675,admissions4-1,stu1-16application1-16,setStatus> 1.0848167031686445E-4
<3676,admissions4-1,stu2-6application2-6,read> 1.2043769188059719E-4
<3677,registrar0-1,transcript2-16,read> 2.955946533333991E-4
<3678,admissions4-1,stu1-9application1-9,read> 1.3077168719166882E-4
<3679,admissions0-0,stu2-11application2-11,setStatus> 7.797382813992294E-5
<3680,registrar2-1,transcript0-15,read> 2.966014720796062E-4
<3681,admissions2-1,stu3-13application3-13,read> 9.750807818864917E-5
<3682,stu0-8,gradebook0-3,readScore> 2.1685375046999536E-5
<3683,registrar0-1,transcript2-17,read> 2.981974190225277E-4
<3684,registrar0-1,transcript2-12,read> 2.89521533392099E-4
<3685,registrar2-1,transcript0-12,read> 3.002328636520642E-4
<3686,admissions0-1,stu5-4application5-4,setStatus> 7.088872363612417E-5
<3687,registrar2-1,transcript0-14,read> 2.9750931997272074E-4
<3688,admissions4-0,stu2-10application2-10,read> 1.0368160993164158E-4
<3689,registrar0-1,transcript3-14,read> 3.042705389638279E-4
<3690,registrar2-1,transcript1-14,read> 3.514127886263923E-5
<3691,registrar2-1,transcript1-15,read> 3.241773518329583E-5
<3692,registrar2-1,transcript1-12,read> 3.8772670435097115E-5
<3693,stu0-19,gradebook0-7,readMyScores> 1.6096515208526547E-5
<3694,admissions4-1,stu0-16application0-16,read> 1.0278378322418312E-4
<3695,registrar2-1,transcript1-13,read> 3.4233430969524766E-5
<3696,stu0-19,gradebook0-8,readMyScores> 1.690030334416828E-5
<3697,registrar0-1,transcript3-18,read> 2.9906500758557057E-4
<3698,registrar2-1,transcript1-18,read> 3.150988729018136E-5
<3699,registrar2-1,transcript1-19,read> 2.969419150395242E-5
<3700,registrar2-1,transcript1-16,read> 3.33255830764103E-5
<3701,registrar2-1,transcript1-17,read> 3.060203939706689E-5
<3702,stu0-19,gradebook0-2,readMyScores> 1.1630918160545932E-5
<3703,registrar2-0,roster5-5,write> 7.698753250034254E-5
<3704,registrar4-0,roster0-2,read> 2.0041944874813166E-4
<3705,admissions0-1,stu1-6application1-6,read> 2.5365515357615614E-5
<3706,stu0-19,gradebook0-1,readMyScores> 1.0293828991014482E-5
<3707,admissions0-1,stu2-16application2-16,read> 1.0239998106159861E-4
<3708,admissions0-1,stu4-5application4-5,setStatus> 8.794180783859973E-5
<3709,admissions0-0,stu2-15application2-15,read> 3.54900932615164E-5
<3710,admissions0-0,stu1-15application1-15,setStatus> 1.5896584469001656E-4
<3711,registrar4-0,roster0-9,read> 2.1851719710556152E-4
<3712,registrar4-0,roster0-6,read> 2.0435374186931208E-4
<3713,admissions0-0,stu0-5application0-5,setStatus> 1.8406196249427098E-4
<3714,stu0-18,gradebook0-6,readMyScores> 1.758013478563337E-5
<3715,admissions4-0,stu5-19application5-19,setStatus> 3.0441050126242802E-5
<3716,admissions0-0,stu3-8application3-8,read> 1.5896299285844795E-4
<3717,admissions0-1,stu2-17application2-17,setStatus> 1.2147954010346836E-4
<3718,stu0-18,gradebook0-2,readMyScores> 1.16853955289794E-5
<3719,admissions4-1,stu3-7application3-7,read> 1.2388235698428774E-4
<3720,registrar4-1,roster0-1,read> 2.00348380945163E-4
<3721,stu0-18,gradebook0-1,readMyScores> 1.0342043646710099E-5
<3722,admissions2-1,stu1-0application1-0,read> 1.5124434424037801E-4
<3723,registrar4-1,roster0-3,read> 2.0194663959322145E-4
<3724,registrar4-1,roster0-4,read> 2.0594228621336765E-4
<3725,admissions4-0,stu5-6application5-6,setStatus> 2.898473410691424E-5
<3726,admissions2-0,stu2-14application2-14,setStatus> 5.235157716809359E-5
<3727,admissions0-1,stu2-15application2-15,read> 3.536999142306795E-5
<3728,registrar4-1,roster0-6,read> 2.0754054486142614E-4
<3729,admissions0-0,stu2-5application2-5,setStatus> 1.5440291418015217E-4
<3730,stu0-3,gradebook0-6,readScore> 1.4318508063143886E-5
<3731,stu0-17,gradebook0-9,readMyScores> 3.93700002594538E-5
<3732,admissions0-1,stu1-3application1-3,read> 1.3841609489722702E-4
<3733,stu4-0,gradebook4-5,readMyScores> 9.938067965236816E-5
<3734,stu0-17,gradebook0-3,readMyScores> 5.4078057245706866E-5
<3735,stu0-17,gradebook0-4,readMyScores> 1.599573573949103E-5
<3736,registrar2-0,transcript1-10,read> 4.13121954265716E-5
<3737,admissions0-1,application5-3,setStatus> 2.1640837549724904E-4
<3738,admissions4-1,stu4-10application4-10,read> 2.5278818391145753E-5
<3739,stu0-4,gradebook0-6,readScore> 1.436831156945047E-5
<3740,registrar2-0,transcript1-19,read> 2.9562509945176573E-5
<3741,admissions4-1,stu4-2application4-2,read> 8.082404318815586E-5
<3742,registrar0-0,transcript3-16,read> 3.039392382267804E-4
<3743,registrar2-0,transcript1-16,read> 3.317779778560581E-5
<3744,stu0-16,gradebook0-1,readMyScores> 1.0245614335318862E-5
<3745,registrar2-0,transcript1-17,read> 3.046633190528389E-5
<3746,registrar2-0,transcript1-18,read> 3.137015386539119E-5
<3747,stu2-7,gradebook2-4,readMyScores> 1.4597776918576398E-4
<3748,registrar2-0,transcript1-11,read> 3.6793085626035056E-5
<3749,stu0-16,gradebook0-4,readMyScores> 1.607136569570612E-5
<3750,registrar2-0,transcript1-12,read> 3.860072954624967E-5
<3751,registrar2-0,transcript1-13,read> 3.408161974571312E-5
<3752,registrar2-0,transcript1-14,read> 3.498544170582043E-5
<3753,registrar2-1,transcript1-11,read> 3.695697464886818E-5
<3754,registrar2-1,transcript1-10,read> 4.149621411444052E-5
<3755,admissions0-0,stu1-6application1-6,read> 2.5451646139814648E-5
<3756,admissions0-0,application5-2,setStatus> 2.16002476063322E-4
<3757,admissions0-0,application5-1,setStatus> 2.148617434358559E-4
<3758,admissions4-0,stu3-8application3-8,read> 1.3529337632453353E-4
<3759,admissions0-0,stu4-3application4-3,setStatus> 2.2284687182811866E-4
<3760,admissions4-0,stu1-9application1-9,setStatus> 1.4743177034563703E-4
<3761,registrar4-1,transcript1-10,read> 4.793686818985257E-5
<3762,admissions2-1,stu4-6application4-6,setStatus> 5.486820191278265E-5
<3763,stu0-15,gradebook0-3,readMyScores> 5.356668081785148E-5
<3764,admissions0-0,stu5-14application5-14,setStatus> 3.6907453551143044E-5
<3765,stu0-15,gradebook0-2,readMyScores> 1.141300868681205E-5
<3766,stu0-15,gradebook0-1,readMyScores> 1.0100970368232009E-5
<3767,stu2-6,gradebook2-9,readScore> 3.1336508589718435E-4
<3768,stu0-15,gradebook0-7,readMyScores> 1.5794941153097477E-5
<3769,registrar0-0,roster3-3,write> 7.955731450853937E-5
<3770,registrar0-0,roster3-2,write> 7.66591983210287E-5
<3771,admissions2-1,stu2-16application2-16,read> 8.397146154966406E-5
<3772,registrar0-0,roster3-1,write> 7.762523705019893E-5
<3773,stu0-14,gradebook0-5,readMyScores> 5.615577977217438E-5
<3774,stu0-14,gradebook0-1,readMyScores> 1.0149185023927627E-5
<3775,admissions2-0,stu5-4application5-4,setStatus> 6.005683038102879E-5
<3776,admissions0-1,stu3-0application3-0,read> 7.488767188160469E-5
<3777,admissions4-0,stu2-3application2-3,read> 5.455521621295819E-5
<3778,stu0-14,gradebook0-7,readMyScores> 1.5870334666954745E-5
<3779,registrar2-1,roster4-9,write> 6.475299408763832E-5
<3780,admissions0-0,stu3-9application3-9,setStatus> 9.337371861071538E-5
<3781,registrar2-1,roster4-8,write> 6.626229016219642E-5
<3782,registrar2-1,roster4-7,write> 7.179637576890944E-5
<3783,registrar2-1,roster4-6,write> 7.330567184346754E-5
<3784,admissions2-1,stu2-14application2-14,setStatus> 5.0672969483345104E-5
<3785,registrar2-1,roster4-5,write> 6.928088231131262E-5
<3786,registrar2-1,roster4-4,write> 7.028707969435135E-5
<3787,registrar2-1,roster4-3,write> 9.141722473816468E-5
<3788,registrar2-1,roster4-2,write> 9.091412604664533E-5
<3789,admissions2-1,stu5-9application5-9,read> 2.121078440527846E-5
<3790,stu0-13,gradebook0-2,readMyScores> 1.1304053949945108E-5
<3791,stu0-13,gradebook0-3,readMyScores> 5.30553043899961E-5
<3792,registrar2-1,transcript4-6,read> 1.8947542069209895E-4
<3793,admissions2-0,stu0-19application0-19,read> 8.378660238524015E-5
<3794,admissions4-1,stu2-3application2-3,read> 5.498905491047675E-5
<3795,admissions0-0,stu3-0application3-0,read> 7.51419593922383E-5
<3796,admissions2-1,stu0-17application0-17,setStatus> 1.7373312074684625E-4
<3797,stu2-7,gradebook2-6,readScore> 2.175728151192241E-4
<3798,admissions0-1,stu3-9application3-9,setStatus> 9.305773309934241E-5
<3799,admissions0-0,stu4-5application4-5,setStatus> 8.82404217871179E-5
<3800,admissions2-0,stu5-9application5-9,read> 2.1913419085370504E-5
<3801,stu0-12,gradebook0-1,readMyScores> 1.0052755712536389E-5
<3802,admissions2-1,stu0-19application0-19,read> 8.110005802018235E-5
<3803,stu0-3,gradebook0-5,readMyScores> 7.669732391686524E-5
<3804,stu0-12,gradebook0-4,readMyScores> 1.576884587084577E-5
<3805,admissions4-1,stu2-1application2-1,setStatus> 1.0994956737809621E-4
<3806,admissions2-0,stu0-17application0-17,setStatus> 1.794882551815244E-4
<3807,stu0-12,gradebook0-8,readMyScores> 1.650451169676387E-5
<3808,admissions4-0,stu3-5application3-5,read> 9.300195912323213E-5
<3809,admissions2-0,stu0-2application0-2,read> 7.080806650470244E-6
<3810,admissions4-0,stu1-9application1-9,read> 1.2973995790416056E-4
<3811,stu2-2,gradebook2-1,readScore> 1.6303288971916357E-4
<3812,stu0-11,gradebook0-7,readMyScores> 1.5493367097668407E-5
<3813,stu0-11,gradebook0-8,readMyScores> 1.6267036708321223E-5
<3814,admissions4-0,stu3-6application3-6,read> 1.6007016620004342E-4
<3815,stu0-11,gradebook0-2,readMyScores> 1.1195099213078168E-5
<3816,admissions2-1,stu3-17application3-17,setStatus> 1.3224693338907505E-4
<3817,admissions2-0,stu5-5application5-5,read> 7.446324599758856E-5
<3818,fac0-3,gradebook0-7,addScore> 1.7472209584105342E-4
<3819,stu0-10,gradebook0-6,readMyScores> 1.692446542299902E-5
<3820,stu0-10,gradebook0-7,readMyScores> 1.5568760611525678E-5
<3821,fac0-3,gradebook0-6,addScore> 1.8587380032279958E-5
<3822,admissions0-0,stu2-2application2-2,read> 2.6957413208069906E-5
<3823,stu0-10,gradebook0-1,readMyScores> 9.956326401145154E-6
<3824,admissions2-0,stu4-12application4-12,setStatus> 1.5685407386852723E-4
<3825,admissions0-0,stu2-19application2-19,setStatus> 1.3215862794456305E-4
<3826,registrar0-1,roster3-1,write> 7.72666909206368E-5
<3827,registrar0-1,roster3-4,write> 7.77474792488959E-5
<3828,stu2-4,gradebook2-2,readScore> 1.4516057688560005E-4
<3829,registrar0-1,roster3-9,write> 8.207457420322764E-5
<3830,admissions2-0,stu2-19application2-19,setStatus> 1.1158571124253294E-4
<3831,admissions4-1,stu1-14application1-14,setStatus> 1.6621895472531398E-4
<3832,admissions4-1,stu0-13application0-13,read> 1.4196684877866312E-4
<3833,registrar0-1,roster3-8,write> 8.159378587496854E-5
<3834,admissions0-0,stu1-18application1-18,setStatus> 1.275956974346986E-4
<3835,admissions0-1,stu5-7application5-7,setStatus> 1.0066056647294609E-5
<3836,admissions2-1,stu2-19application2-19,setStatus> 1.0800781268565815E-4
<3837,admissions0-1,stu3-10application3-10,read> 5.087692932451907E-5
<3838,admissions4-0,stu4-6application4-6,setStatus> 5.7140177147266384E-5
<3839,admissions2-1,stu0-2application0-2,read> 6.853766757869994E-6
<3840,admissions4-0,stu0-13application0-13,read> 1.408467947449064E-4
<3841,admissions4-0,stu1-8application1-8,setStatus> 1.241307140363801E-4
<3842,admissions4-0,stu1-14application1-14,setStatus> 1.6490756257757973E-4
<3843,stu2-3,gradebook2-7,readScore> 3.147330483742671E-4
<3844,admissions4-1,stu3-6application3-6,read> 1.613430899869225E-4
<3845,admissions2-1,stu1-2application1-2,setStatus> 1.4576490455059602E-4
<3846,admissions4-1,stu2-12application2-12,read> 4.5516225875327735E-5
<3847,fac4-0,gradebook4-1,readScore> 8.142453110077913E-5
<3848,admissions2-1,stu0-7application0-7,setStatus> 1.005496216999914E-4
<3849,stu3-5,transcript3-5,read> 3.288684250555494E-4
<3850,stu4-6,gradebook4-9,readMyScores> 1.0198596642490074E-4
<3851,admissions2-1,stu3-18application3-18,setStatus> 1.4716331536040854E-4
<3852,admissions0-0,stu2-13application2-13,setStatus> 1.156180048463045E-4
<3853,stu3-15,gradebook3-9,addScore> 8.647048469120855E-5
<3854,stu4-6,gradebook4-1,readMyScores> 9.572459297139526E-5
<3855,admissions2-0,stu5-1application5-1,setStatus> 2.9235817529287987E-5
<3856,admissions0-0,stu5-15application5-15,setStatus> 4.6033314570871906E-5
<3857,fac4-1,gradebook4-3,readScore> 2.884028418358412E-4
<3858,stu5-19,transcript5-19,read> 8.020745401952292E-5
<3859,admissions0-0,stu0-14application0-14,read> 1.1780535965947076E-4
<3860,admissions2-0,stu3-18application3-18,setStatus> 1.5203829061044278E-4
<3861,admissions0-1,stu2-13application2-13,setStatus> 1.1522674256256067E-4
<3862,stu4-5,gradebook4-6,readMyScores> 1.3029319405145776E-4
<3863,admissions4-0,stu0-18application0-18,read> 1.6733232874976178E-4
<3864,stu4-5,gradebook4-4,readMyScores> 9.13949024720078E-5
<3865,stu3-14,gradebook3-1,addScore> 6.359957219278423E-5
<3866,stu4-5,gradebook4-2,readMyScores> 9.07012736668711E-5
<3867,admissions2-1,stu5-12application5-12,setStatus> 8.050573342601205E-5
<3868,admissions4-1,stu1-4application1-4,setStatus> 1.901946067254329E-4
<3869,fac4-2,gradebook4-4,readScore> 1.819512260509773E-4
<3870,registrar0-0,transcript1-11,read> 3.548197344337011E-5
<3871,registrar0-0,transcript1-12,read> 3.722520243547018E-5
<3872,registrar0-0,transcript1-10,read> 3.984004592362028E-5
<3873,registrar0-0,transcript1-15,read> 3.112390096311994E-5
<3874,registrar0-0,transcript1-16,read> 3.199551545916998E-5
<3875,stu4-4,gradebook4-6,readMyScores> 1.259899325965472E-4
<3876,registrar0-0,transcript1-13,read> 3.286712995522001E-5
<3877,stu4-4,gradebook4-7,readMyScores> 9.172917390750792E-5
<3878,registrar0-0,transcript1-14,read> 3.373874445127004E-5
<3879,registrar0-0,transcript1-19,read> 2.850905747496984E-5
<3880,registrar0-0,transcript1-17,read> 2.9380671971019877E-5
<3881,registrar0-0,transcript1-18,read> 3.025228646706991E-5
<3882,admissions2-0,stu5-12application5-12,setStatus> 8.317259001983439E-5
<3883,admissions0-1,stu0-8application0-8,setStatus> 1.6468068674973981E-4
<3884,fac4-3,gradebook4-6,readScore> 1.0658368466695814E-4
<3885,stu3-12,gradebook3-5,addScore> 1.6888777888806458E-4
<3886,stu4-3,gradebook4-5,readMyScores> 1.0489089555388561E-4
<3887,stu4-3,gradebook4-1,readMyScores> 9.465901308674152E-5
<3888,admissions4-0,stu3-3application3-3,read> 1.5878860810303425E-4
<3889,admissions4-1,stu1-9application1-9,setStatus> 1.486041899905328E-4
<3890,admissions2-0,stu5-9application5-9,setStatus> 2.490161259701194E-5
<3891,admissions2-1,stu3-10application3-10,setStatus> 4.7410010927115897E-5
<3892,admissions4-0,stu2-11application2-11,read> 5.839989050398559E-5
<3893,admissions2-1,stu3-0application3-0,setStatus> 6.978458388411613E-5
<3894,admissions0-1,stu5-16application5-16,read> 1.3041251404486513E-4
<3895,admissions2-1,stu5-9application5-9,setStatus> 2.4103164096907347E-5
<3896,admissions0-0,stu3-12application3-12,setStatus> 8.025529339485516E-5
<3897,admissions0-1,stu3-1application3-1,setStatus> 1.8287064323238043E-4
<3898,stu4-9,gradebook4-5,readMyScores> 1.1040111145540304E-4
<3899,registrar2-1,roster5-1,write> 8.890173128056786E-5
<3900,stu4-9,gradebook4-8,readMyScores> 1.357497621874539E-4
<3901,registrar2-1,roster5-2,write> 8.94048299720872E-5
<3902,registrar2-1,roster5-3,write> 7.481496791802563E-5
<3903,admissions4-1,stu2-11application2-11,read> 5.886430315212862E-5
<3904,registrar2-1,roster5-4,write> 7.431186922650627E-5
<3905,registrar2-1,roster5-5,write> 7.733046137562246E-5

