<0,fac1-1,roster1-3,read> 0.0023903795976456216
<1,stu1-0,transcript1-0,read> 0.0011381236549326472
<2,chair1,transcript1-9,read> 0.0015148631021354596
<3,stu4-7,transcript4-7,read> 8.597054486138565E-4
<4,stu2-3,gradebook2-4,readMyScores> 1.264681489814702E-4
<5,chair3,transcript3-8,read> 3.404673920432564E-4
<6,admissions2-1,application5-3,read> 1.5602464961680918E-4
<7,stu5-8,transcript5-8,read> 0.0012837577936224763
<8,registrar2-1,transcript1-1,read> 2.391892113620068E-4
<9,registrar0-0,roster3-5,read> 1.1061886370360364E-4
<10,fac0-3,roster0-7,read> 0.0023539836513531585
<11,stu3-4,stu3-4application3-4,checkStatus> 5.128602595292931E-4
<12,admissions2-1,stu4-12application4-12,read> 1.3348415082134148E-4
<13,stu2-5,stu2-5application2-5,checkStatus> 0.0014065230503004717
<14,chair5,transcript5-8,read> 0.0014851315651711
<15,chair0,transcript0-12,read> 0.0016387445061536244
<16,chair0,transcript0-9,read> 5.783196877581331E-4
<17,fac4-4,roster4-8,read> 0.001198412356567456
<18,chair4,transcript4-12,read> 0.0017874021909754223
<19,admissions2-0,stu2-13application2-13,read> 8.582737905975149E-5
<20,chair0,transcript0-4,read> 5.287671261508672E-4
<21,app0-1,application0-1,checkStatus> 6.32361679225439E-4
<22,stu2-12,gradebook2-3,readMyScores> 9.699685542178426E-5
<23,stu3-12,transcript3-12,read> 0.0015107757156977983
<24,stu5-3,transcript5-3,read> 0.0012537742944804529
<25,chair0,transcript0-19,read> 0.0015743261760641787
<26,registrar4-1,transcript2-18,read> 3.622336255820854E-4
<27,admissions2-0,stu2-9application2-9,read> 1.5103148861881445E-4
<28,registrar4-0,roster3-3,read> 1.2948424377568255E-4
<29,registrar2-1,transcript5-5,read> 2.673068876542067E-4
<30,stu0-17,gradebook0-8,readMyScores> 1.5883231194055955E-5
<31,stu4-16,transcript4-16,read> 0.0015664593569615565
<32,chair4,transcript4-10,read> 0.0016783865554394373
<33,fac3-3,roster3-7,read> 0.0015350748597727393
<34,stu3-15,stu3-15application3-15,checkStatus> 0.001463675903198628
<35,registrar4-0,transcript4-17,read> 3.7627402832542356E-4
<36,registrar2-1,transcript4-0,read> 1.9021003330462635E-4
<37,stu3-17,transcript3-17,read> 0.0014850755735760638
<38,admissions0-0,application5-1,read> 1.889062863407452E-4
<39,fac1-2,roster1-5,read> 0.0024267755439380846
<40,fac0-4,roster0-8,read> 0.002508666423096127
<41,registrar0-0,roster4-3,write> 8.768878046150561E-5
<42,admissions2-1,stu1-19application1-19,setStatus> 4.131260497206498E-5
<43,admissions0-1,stu4-3application4-3,read> 1.9526377045894365E-4
<44,registrar4-0,transcript5-2,read> 3.0302246380280027E-4
<45,fac2-1,gradebook2-2,addScore> 0.0012983222841130395
<46,registrar2-1,transcript4-16,read> 3.3170543658150327E-4
<47,fac2-3,roster2-7,read> 0.0016715596583694757
<48,registrar4-1,transcript0-14,read> 3.4337320298940594E-4
<49,admissions0-0,stu2-15application2-15,read> 3.545779979208546E-5
<50,stu4-3,transcript4-3,read> 8.811222337153018E-4
<51,stu4-15,stu4-15application4-15,checkStatus> 1.231817170418606E-4
<52,stu3-8,stu3-8application3-8,checkStatus> 0.0016455258896927634
<53,registrar4-0,roster0-8,write> 1.576335103030962E-4
<54,stu4-4,stu4-4application4-4,checkStatus> 0.0014273059058998012
<55,registrar0-1,transcript5-2,read> 2.5458612455946767E-4
<56,stu2-10,gradebook2-3,addScore> 4.7620145502057215E-4
<57,registrar2-0,transcript5-0,read> 2.634124926180752E-4
<58,stu5-10,stu5-10application5-10,checkStatus> 0.0018637458734857256
<59,chair2,transcript2-14,read> 0.001668476043117984
<60,fac0-1,roster0-2,read> 0.002317587705060696
<61,chair0,transcript0-18,read> 0.0015792814322249053
<62,registrar2-1,transcript4-10,read> 3.07215847552813E-4
<63,registrar2-1,roster4-6,write> 7.323896887778785E-5
<64,admissions4-0,stu1-2application1-2,read> 1.334630796479898E-4
<65,admissions4-1,application5-3,setStatus> 1.861107127699093E-4
<66,admissions2-0,stu0-13application0-13,setStatus> 1.5863590827333774E-4
<67,registrar2-1,transcript5-7,read> 2.691209312859615E-4
<68,chair5,transcript5-6,read> 0.0014752210528496468
<69,app5-3,application5-3,checkStatus> 0.001978051579282039
<70,stu3-3,stu3-3application3-3,checkStatus> 0.001931290154183547
<71,stu3-15,transcript3-15,read> 0.0014979256446369309
<72,chair1,transcript1-2,read> 0.0015396393829390925
<73,fac1-4,roster1-8,read> 0.0024813694633767794
<74,stu1-1,gradebook1-3,readMyScores> 6.321739204110982E-5
<75,registrar4-1,transcript5-1,read> 3.025089540386006E-4
<76,admissions4-1,stu5-10application5-10,read> 1.5431321780538595E-4
<77,stu2-1,stu2-1application2-1,checkStatus> 0.0011675202109081796
<78,chair4,transcript4-17,read> 0.0018072232156183285
<79,registrar0-1,transcript3-15,read> 3.031268752202599E-4
<80,stu3-19,stu3-19application3-19,checkStatus> 0.0015727858950951095
<81,registrar4-0,transcript3-13,read> 3.6286177003254887E-4
<82,admissions4-1,stu4-17application4-17,setStatus> 8.491797762260608E-5
<83,stu3-9,stu3-9application3-9,checkStatus> 8.505816630184012E-4
<84,registrar0-0,transcript1-6,read> 2.670881767396243E-4
<85,admissions2-0,stu2-18application2-18,setStatus> 1.451639848107214E-4
<86,stu1-6,stu1-6application1-6,checkStatus> 2.634659923373363E-4
<87,stu4-1,stu4-1application4-1,checkStatus> 0.0018845287290850555
<88,app5-1,application5-1,checkStatus> 0.0019572687236827095
<89,admissions2-1,application5-0,read> 1.539755133626757E-4
<90,chair4,transcript4-3,read> 0.0010193374860628
<91,admissions0-0,application0-0,setStatus> 7.163455695393062E-5
<92,registrar4-1,roster2-6,read> 1.4587473035568898E-4
<93,fac2-3,gradebook2-6,changeScore> 0.0019357943158291688
<94,registrar4-0,transcript2-1,read> 1.998512461653026E-4
<95,registrar4-0,roster2-8,write> 1.0617690122727817E-4
<96,admissions2-0,application5-0,setStatus> 1.8076835396192166E-4
<97,admissions4-1,stu3-1application3-1,setStatus> 1.5726833898396296E-4
<98,fac0-2,gradebook0-5,changeScore> 2.4006113848417616E-4
<99,admissions2-0,stu5-0application5-0,setStatus> 1.1725785763815902E-4
<100,stu4-1,gradebook4-2,readMyScores> 1.227618723591503E-4
<101,fac1-0,roster1-1,read> 0.002444973517084316
<102,app3-1,application3-1,checkStatus> 0.0012714344889048284
<103,stu3-14,transcript3-14,read> 0.0015022090016572202
<104,registrar4-0,transcript1-1,read> 2.72071098511551E-4
<105,stu0-11,stu0-11application0-11,checkStatus> 0.0017442444537895795
<106,registrar4-1,transcript3-10,read> 3.727116381335739E-4
<107,stu5-9,transcript5-9,read> 0.0012794744366021872
<108,stu1-14,stu1-14application1-14,checkStatus> 0.001765027309388909
<109,fac4-3,roster4-7,read> 0.0012985012088717295
<110,fac2-4,roster2-8,read> 0.001689757631515707
<111,registrar0-0,transcript2-9,read> 1.730394667669159E-4
<112,stu0-10,stu0-10application0-10,checkStatus> 0.0020248130043805314
<113,registrar2-1,roster1-2,read> 1.8502159441798885E-4
<114,admissions0-0,stu2-18application2-18,setStatus> 1.719276854171069E-4
<115,registrar0-0,transcript0-12,read> 2.879878900668928E-4
<116,chair1,transcript1-8,read> 0.0015099078459747328
<117,stu1-5,stu1-5application1-5,checkStatus> 0.0011155630719098552
<118,fac2-4,gradebook2-8,changeScore> 0.0019106350698744952
<119,stu5-8,stu5-8application5-8,checkStatus> 0.0019884430070817045
<120,registrar4-1,roster0-5,read> 2.0495649115653358E-4
<121,stu2-5,gradebook2-8,readMyScores> 2.0287304512184176E-4
<122,admissions4-0,application4-1,read> 1.2065915994824926E-4
<123,registrar4-0,transcript4-10,read> 3.494495117396742E-4
<124,registrar4-1,roster1-5,read> 2.1294051288637744E-4
<125,fac1-1,roster1-2,read> 0.0024358745305112003
<126,fac1-4,gradebook1-8,addScore> 4.555029043664929E-4
<127,stu3-0,transcript3-0,read> 3.1143575001685265E-4
<128,admissions2-1,stu0-13application0-13,read> 1.3512345982464823E-4
<129,registrar4-0,transcript0-12,read> 3.4119581432867435E-4
<130,fac0-0,roster0-1,read> 0.0022811917587682324
<131,chair3,transcript3-16,read> 0.001727939117046703
<132,admissions2-1,stu5-13application5-13,read> 1.531558588610224E-4
<133,registrar2-1,transcript1-4,read> 2.800051930764905E-4
<134,registrar2-1,transcript1-0,read> 2.4100325499376164E-4
<135,registrar4-0,transcript0-18,read> 3.288152682121746E-4
<136,admissions0-1,application5-4,read> 1.91765390013481E-4
<137,registrar4-0,transcript3-17,read> 3.5770320915067406E-4
<138,fac2-1,gradebook2-3,addScore> 4.1449647775030084E-4
<139,registrar2-1,transcript4-7,read> 1.820468369617296E-4
<140,fac3-4,gradebook3-8,addScore> 2.974742706640155E-4
<141,registrar4-1,roster1-3,read> 2.097469041944399E-4
<142,chair1,transcript1-0,read> 0.0013166528557063957
<143,fac2-0,roster2-1,read> 0.0013166991820179612
<144,admissions2-0,stu2-12application2-12,setStatus> 5.086052057240716E-5
<145,stu3-10,transcript3-10,read> 0.0015236257867586654
<146,registrar4-1,transcript1-4,read> 3.234649791415777E-4
<147,admissions0-0,stu4-11application4-11,setStatus> 2.0212959342022252E-4
<148,registrar2-0,roster4-3,read> 1.25027392234231E-4
<149,fac3-2,roster3-5,read> 0.0015168768866265078
<150,stu2-0,transcript2-0,read> 0.0010010562302833963
<151,chair4,transcript4-11,read> 0.0016932523239216169
<152,stu5-18,stu5-18application5-18,checkStatus> 0.0011831073526076769
<153,admissions0-1,stu5-8application5-8,setStatus> 2.1734729702092614E-4
<154,stu1-19,transcript1-19,read> 1.4010146920528902E-4
<155,fac3-1,roster3-2,read> 0.0014440849940415817
<156,registrar0-1,transcript4-12,read> 3.1266166552862976E-4
<157,chair1,transcript1-6,read> 0.0015198183582961862
<158,stu5-0,gradebook5-1,readMyScores> 3.603784589914135E-5
<159,registrar2-1,transcript4-1,read> 1.911170551205038E-4
<160,stu0-5,stu0-5application0-5,checkStatus> 0.001676700173091758
<161,fac4-4,gradebook4-9,assignGrade> 3.5350238140480217E-4
<162,admissions2-1,stu0-4application0-4,setStatus> 1.1815521450206838E-4
<163,admissions2-1,stu5-1application5-1,read> 2.4879929352269996E-5
<164,fac4-1,roster4-3,read> 0.0016533616852232441
<165,registrar0-0,transcript0-4,read> 9.292389901238662E-5
<166,stu1-4,stu1-4application1-4,checkStatus> 0.0020196172904806985
<167,stu0-19,stu0-19application0-19,checkStatus> 0.0010272359356127039
<168,stu1-15,stu1-15application1-15,checkStatus> 0.001448088761499131
<169,stu1-0,stu1-0application1-0,checkStatus> 0.00191570301248405
<170,registrar0-0,transcript1-4,read> 2.688298195168966E-4
<171,fac0-3,roster0-6,read> 0.0023630826379262746
<172,registrar2-1,transcript0-13,read> 2.981456293940388E-4
<173,registrar2-0,transcript2-12,read> 3.0133847355780094E-4
<174,stu1-1,stu1-1application1-1,checkStatus> 0.0020404001460800282
<175,stu4-14,transcript4-14,read> 0.001557892642920978
<176,stu1-10,stu1-10application1-10,checkStatus> 0.0011259544997095203
<177,stu1-7,transcript1-7,read> 0.0013180246497847892
<178,admissions2-0,stu4-12application4-12,read> 1.3790598604523688E-4
<179,admissions2-1,stu0-9application0-9,read> 8.96326349828862E-5
<180,fac0-4,gradebook0-8,changeScore> 2.4509298767511084E-4
<181,admissions2-0,application5-2,read> 1.6034636141296635E-4
<182,stu2-12,stu2-12application2-12,checkStatus> 5.492302568281201E-4
<183,registrar0-1,transcript1-7,read> 2.667213122246657E-4
<184,app5-2,application5-2,checkStatus> 0.0019676601514823744
<185,fac1-0,gradebook1-1,changeScore> 7.5834160515045E-4
<186,fac2-3,gradebook2-6,addScore> 0.0013509984953471988
<187,stu1-13,stu1-13application1-13,checkStatus> 0.0012506516333054987
<188,fac4-1,gradebook4-2,changeScore> 0.0011105710485158787
<189,stu4-5,transcript4-5,read> 8.896889477558799E-4
<190,admissions4-0,stu4-11application4-11,setStatus> 1.7203246275866656E-4
<191,fac2-4,gradebook2-9,assignGrade> 6.787754898187951E-4
<192,admissions2-0,stu3-11application3-11,setStatus> 1.1870127800915368E-4
<193,stu2-2,gradebook2-8,addScore> 8.455535967149399E-4
<194,admissions0-0,stu4-2application4-2,read> 9.412927994304357E-5
<195,fac2-0,gradebook2-1,assignGrade> 6.661958668414584E-4
<196,admissions2-0,stu3-3application3-3,read> 1.5738253825119073E-4
<197,registrar4-1,transcript4-6,read> 2.1868485362669225E-4
<198,stu5-5,gradebook5-1,readMyScores> 3.725033417238349E-5
<199,stu0-18,transcript0-18,read> 0.0013651415770079692
<200,stu2-14,stu2-14application2-14,checkStatus> 5.648173985276174E-4
<201,admissions2-1,stu1-4application1-4,read> 1.5930326762342263E-4
<202,stu5-2,transcript5-2,read> 0.001258057651500742
<203,admissions0-1,stu4-11application4-11,setStatus> 2.0144556772336901E-4
<204,registrar4-1,roster3-6,write> 9.738087109885321E-5
<205,registrar0-1,transcript4-17,read> 3.161288620044007E-4
<206,registrar4-0,transcript0-16,read> 3.3087869256492457E-4
<207,registrar2-0,roster0-8,read> 1.897056304549201E-4
<208,fac5-2,roster5-4,read> 0.0013439961417373084
<209,admissions2-1,stu5-2application5-2,read> 1.1668123353744741E-4
<210,admissions2-0,application3-4,setStatus> 1.1918241813281852E-4
<211,chair3,transcript3-12,read> 0.0017477601416896096
<212,stu2-5,transcript2-5,read> 8.125885213906763E-4
<213,stu4-17,transcript4-17,read> 0.0015621759999412672
<214,admissions4-1,stu3-0application3-0,setStatus> 7.318548659103472E-5
<215,registrar0-1,roster2-2,read> 8.83120024799322E-5
<216,chair5,transcript5-3,read> 0.0014504447720460137
<217,registrar0-0,transcript0-17,read> 2.784088547918947E-4
<218,registrar4-0,roster2-1,write> 8.273555709273888E-5
<219,fac5-4,gradebook5-9,addScore> 1.032148055905405E-4
<220,admissions0-0,stu2-7application2-7,setStatus> 1.0525554888192722E-4
<221,admissions0-1,stu3-6application3-6,read> 1.8726747229788634E-4
<222,chair2,transcript2-5,read> 9.400533874911744E-4
<223,admissions2-0,stu0-17application0-17,read> 1.5780594156001584E-4
<224,admissions0-1,stu3-13application3-13,read> 1.1879916929383314E-4
<225,registrar0-1,transcript0-2,read> 1.5143702940528412E-4
<226,admissions2-1,stu4-2application4-2,setStatus> 8.741817069006702E-5
<227,stu4-3,stu4-3application4-3,checkStatus> 0.002030008718280364
<228,fac1-2,gradebook1-4,addScore> 4.8710863110698843E-4
<229,registrar4-1,roster5-1,write> 1.0260677623111465E-4
<230,stu1-17,gradebook1-8,readMyScores> 2.533811780413889E-5
<231,admissions4-0,application5-0,read> 1.6035131101744488E-4
<232,chair0,transcript0-16,read> 0.0015891919445463582
<233,registrar2-0,transcript1-3,read> 2.814724835417542E-4
<234,registrar4-1,transcript2-15,read> 3.538512155408945E-4
<235,fac2-0,gradebook2-1,addScore> 6.424909055278937E-4
<236,chair2,transcript2-0,read> 0.0011580846585631448
<237,admissions0-1,stu5-2application5-2,setStatus> 1.6169124447947615E-4
<238,admissions0-0,stu5-11application5-11,setStatus> 1.2121127386470523E-4
<239,app3-0,application3-0,checkStatus> 0.0012766302028046606
<240,admissions0-1,stu0-5application0-5,setStatus> 1.8327216281187512E-4
<241,admissions0-0,stu1-5application1-5,read> 1.0766885228557237E-4
<242,stu0-9,stu0-9application0-9,checkStatus> 0.0011363459275091849
<243,registrar4-0,roster4-4,read> 1.0983067780922433E-4
<244,fac4-0,roster4-1,read> 0.0016351637120770126
<245,stu0-5,transcript0-5,read> 4.7848667380812727E-4
<246,admissions4-1,stu1-16application1-16,read> 9.537700452345899E-5
<247,admissions2-1,stu1-13application1-13,setStatus> 1.1210094829667419E-4
<248,app2-0,application2-0,checkStatus> 5.336431151286229E-4
<249,registrar4-1,roster3-4,read> 1.2910828472301688E-4
<250,registrar4-0,transcript4-0,read> 2.1635864098730224E-4
<251,fac2-2,gradebook2-5,changeScore> 0.0019408261650201038
<252,fac5-4,roster5-8,read> 0.001434986007468466
<253,registrar4-0,transcript4-9,read> 2.1016836792905238E-4
<254,admissions2-1,stu5-3application5-3,setStatus> 1.3538658754819034E-4
<255,chair1,transcript1-12,read> 2.1163073186436501E-4
<256,registrar2-1,transcript2-7,read> 1.7388364061883286E-4
<257,fac4-3,gradebook4-6,assignGrade> 4.1100922930119874E-4
<258,fac5-1,roster5-2,read> 0.001616965738930781
<259,registrar0-0,transcript2-11,read> 2.897295328441652E-4
<260,admissions4-1,stu1-16application1-16,setStatus> 1.0838295968574887E-4
<261,registrar2-1,roster2-8,write> 9.334460517251943E-5
<262,stu4-9,stu4-9application4-9,checkStatus> 0.001245455919405666
<263,fac2-2,roster2-4,read> 0.0012348083028599192
<264,chair2,transcript2-13,read> 0.0016585655307965307
<265,registrar0-0,transcript3-10,read> 3.097584247827975E-4
<266,registrar2-1,roster4-3,write> 9.133404154304626E-5
<267,fac3-1,gradebook3-2,changeScore> 4.363032569306293E-4
<268,admissions2-0,stu2-9application2-9,setStatus> 1.7162669161228917E-4
<269,chair4,transcript4-7,read> 9.94561205259167E-4
<270,stu4-4,transcript4-4,read> 8.854055907355909E-4
<271,chair3,transcript3-13,read> 0.0017428048855288826
<272,stu2-19,stu2-19application2-19,checkStatus> 0.0012038902082070065
<273,stu1-12,transcript1-12,read> 1.8293503940817996E-4
<274,admissions0-0,stu3-17application3-17,setStatus> 1.616704336424639E-4
<275,app1-0,application1-0,checkStatus> 2.063131394391795E-4
<276,admissions2-1,stu5-1application5-1,setStatus> 2.8272646991215905E-5
<277,admissions0-1,stu1-1application1-1,read> 1.9626330772907577E-4
<278,fac1-2,roster1-4,read> 0.002381280611072506
<279,registrar2-0,transcript2-2,read> 1.7401553754586456E-4
<280,admissions2-1,application0-0,setStatus> 5.8543978018186956E-5
<281,registrar4-1,roster0-2,write> 1.4789795404404716E-4
<282,registrar2-1,transcript3-12,read> 3.199141529750968E-4
<283,fac4-3,roster4-6,read> 0.0013257981685910769
<284,admissions4-0,stu5-0application5-0,read> 1.0401406433858659E-4
<285,fac2-1,roster2-2,read> 0.0012166103297136877
<286,stu4-3,gradebook4-8,readMyScores> 1.626023650274972E-4
<287,admissions2-1,stu0-10application0-10,setStatus> 1.8149215326619244E-4
<288,registrar4-1,transcript5-3,read> 3.06700159059196E-4
<289,fac1-3,roster1-7,read> 0.0024722704768036638
<290,admissions0-0,stu2-8application2-8,setStatus> 2.243536389319491E-4
<291,chair0,transcript0-15,read> 0.001618923481510718
<292,admissions0-0,stu5-13application5-13,read> 1.8740188941379757E-4
<293,registrar2-0,transcript1-9,read> 2.760544862646505E-4
<294,registrar0-0,transcript5-2,read> 2.5576749868735384E-4
<295,admissions4-0,stu1-9application1-9,read> 1.296219037380676E-4
<296,registrar0-0,roster4-5,read> 9.137599213706825E-5
<297,chair5,transcript5-1,read> 0.0014306237474031075
<298,fac3-4,roster3-9,read> 0.0015532728329189706
<299,registrar0-0,transcript3-15,read> 3.0453349645098043E-4
<300,chair2,transcript2-4,read> 9.648296682948076E-4
<301,admissions4-1,stu3-11application3-11,read> 1.061317879690661E-4
<302,registrar2-0,roster3-7,write> 8.442365781933274E-5
<303,fac2-4,gradebook2-9,addScore> 0.0013264162634379244
<304,admissions2-0,stu1-2application1-2,setStatus> 1.5045652617103498E-4
<305,registrar4-0,roster1-9,write> 1.5649003010141137E-4
<306,fac0-4,roster0-9,read> 0.002526864396242358
<307,admissions0-1,stu1-17application1-17,setStatus> 6.798462540458582E-5
<308,stu0-13,transcript0-13,read> 0.00140797514721086
<309,stu1-10,gradebook1-2,readMyScores> 3.848483514220244E-5
<310,fac2-3,gradebook2-7,changeScore> 0.001920698768256365
<311,admissions2-1,application3-4,setStatus> 1.1536093779188644E-4
<312,registrar2-0,transcript4-9,read> 1.8394853255388797E-4
<313,fac4-4,roster4-9,read> 0.0011711153968481088
<314,stu5-4,transcript5-4,read> 0.0012666243655413201
<315,stu2-10,transcript2-10,read> 0.0014208252182717272
<316,admissions4-1,stu4-16application4-16,read> 1.2936212021157745E-4
<317,chair0,transcript0-14,read> 0.0016238787376714446
<318,stu3-14,stu3-14application3-14,checkStatus> 0.0012090859221068392
<319,fac2-1,gradebook2-3,changeScore> 0.0019508898634019729
<320,stu2-9,gradebook2-5,readMyScores> 2.2492763598507825E-4
<321,registrar2-0,transcript3-8,read> 6.204359381905526E-5
<322,admissions4-1,stu2-8application2-8,read> 1.693699146292359E-4
<323,fac4-1,roster4-2,read> 0.0016442626986501287
<324,stu4-14,stu4-14application4-14,checkStatus> 0.0016299387479932661
<325,registrar0-1,roster3-8,read> 1.120893693053175E-4
<326,registrar2-0,roster0-7,read> 1.780085022660721E-4
<327,chair2,transcript2-12,read> 0.0016536102746358041
<328,registrar4-1,roster2-9,write> 1.084133374891829E-4
<329,fac3-2,gradebook3-4,assignGrade> 1.6121385875122622E-4
<330,stu1-11,stu1-11application1-11,checkStatus> 0.0016351344618930987
<331,registrar4-1,transcript0-6,read> 1.1495252936695562E-4
<332,registrar4-1,transcript2-14,read> 3.528034142857457E-4
<333,stu5-7,gradebook5-3,addScore> 1.8596340551758748E-4
<334,stu4-12,stu4-12application4-12,checkStatus> 0.0016922873147912553
<335,stu0-18,stu0-18application0-18,checkStatus> 0.0020352044321801954
<336,admissions2-0,stu1-13application1-13,read> 1.0191670479510472E-4
<337,stu2-6,gradebook2-8,readMyScores> 2.0450582616910002E-4
<338,registrar0-1,transcript3-12,read> 3.0572727257708807E-4
<339,admissions0-0,stu3-15application3-15,setStatus> 1.6053073900083688E-4
<340,admissions0-1,stu1-14application1-14,read> 1.6977557007057342E-4
<341,stu4-6,stu4-6application4-6,checkStatus> 6.115788236261093E-4
<342,fac0-2,roster0-5,read> 0.002335785678206927
<343,registrar0-1,roster0-6,read> 1.7153278636878076E-4
<344,registrar0-0,roster4-1,read> 1.1924497854377468E-4
<345,registrar2-1,roster4-2,read> 1.2489317587405723E-4
<346,admissions4-0,stu4-5application4-5,read> 6.602910256268969E-5
<347,stu3-5,gradebook3-3,readMyScores> 1.0971844444334893E-4
<348,fac2-1,gradebook2-2,changeScore> 0.0018603165779651485
<349,stu0-8,stu0-8application0-8,checkStatus> 0.0015052416143972876
<350,stu1-8,gradebook1-1,readMyScores> 1.244701911974402E-4
<351,registrar4-0,transcript4-18,read> 3.793691648545484E-4
<352,registrar2-1,transcript3-2,read> 6.866910997705268E-5
<353,admissions2-0,stu4-13application4-13,setStatus> 1.721078317359541E-4
<354,stu4-13,transcript4-13,read> 0.0015407592148398218
<355,registrar4-1,transcript5-5,read> 3.087957615694937E-4
<356,fac3-2,gradebook3-4,changeScore> 4.5139880450343337E-4
<357,admissions2-1,stu1-10application1-10,read> 8.881298048123283E-5
<358,stu3-0,gradebook3-5,addScore> 1.0488668767386993E-4
<359,registrar4-0,roster3-2,write> 9.073991850453278E-5
<360,stu5-5,transcript5-5,read> 0.0012623410085210308
<361,stu0-14,transcript0-14,read> 0.0014036917901905708
<362,registrar2-0,roster4-5,read> 9.475247221603613E-5
<363,chair3,transcript3-7,read> 3.9001995365052245E-4
<364,admissions4-1,stu0-13application0-13,setStatus> 1.6117916932782009E-4
<365,registrar2-0,transcript0-15,read> 2.9501747673451326E-4
<366,registrar4-1,transcript2-2,read> 2.0192003354431055E-4
<367,registrar4-1,transcript2-17,read> 3.6013802307178756E-4
<368,chair4,transcript4-1,read> 0.001044113766866433
<369,chair2,transcript2-6,read> 9.350981313304479E-4
<370,registrar0-0,transcript3-12,read> 3.071459606168889E-4
<371,admissions2-0,stu3-8application3-8,read> 1.340953562658111E-4
<372,registrar2-0,roster1-5,read> 1.8351303317847112E-4
<373,registrar4-0,transcript1-5,read> 3.195298586247998E-4
<374,admissions0-1,stu2-1application2-1,read> 1.1230217703797408E-4
<375,app4-0,application4-0,checkStatus> 0.001401327336400639
<376,admissions0-1,stu3-18application3-18,read> 1.5778112282898753E-4
<377,registrar0-0,roster1-1,write> 1.2967322751576465E-4
<378,stu2-0,stu2-0application2-0,checkStatus> 0.0010376273634123687
<379,admissions4-0,stu4-0application4-0,setStatus> 5.757318059431939E-5
<380,registrar0-0,roster1-5,write> 1.2870806781336793E-4
<381,admissions4-0,stu3-13application3-13,read> 1.0145328039863846E-4
<382,registrar4-0,transcript0-17,read> 3.298469803885496E-4
<383,registrar4-0,transcript2-16,read> 3.515129360924241E-4
<384,stu2-8,transcript2-8,read> 8.168718784109654E-4
<385,admissions4-1,application4-1,setStatus> 1.3820304105765946E-4
<386,stu1-6,transcript1-6,read> 0.0013137412927645001
<387,stu0-11,transcript0-11,read> 0.0013865583621094145
<388,admissions0-0,stu1-13application1-13,setStatus> 1.3716699884748336E-4
<389,admissions0-1,stu3-7application3-7,setStatus> 1.6339500118992865E-4
<390,stu2-14,gradebook2-3,readMyScores> 9.576514932119017E-5
<391,admissions4-1,stu3-17application3-17,setStatus> 1.3869189485064162E-4
<392,chair2,transcript2-18,read> 0.0017130733485645235
<393,admissions0-0,stu0-4application0-4,setStatus> 1.4457501401805883E-4
<394,registrar2-0,transcript0-0,read> 1.6137354389928932E-4
<395,registrar4-1,roster0-6,write> 1.5080123467308128E-4
<396,registrar0-0,roster1-4,write> 1.2629516855737602E-4
<397,admissions2-1,stu4-1application4-1,setStatus> 1.6891790807037373E-4
<398,registrar0-0,roster0-2,write> 1.2291710959898736E-4
<399,fac2-4,roster2-9,read> 0.0016988566180888233
<400,registrar0-0,roster0-3,write> 1.2195194989659061E-4
<401,stu5-1,transcript5-1,read> 0.0012366408663992963
<402,fac3-1,gradebook3-2,addScore> 3.044977654952367E-4
<403,registrar0-0,roster1-3,write> 1.267777484085744E-4
<404,registrar0-0,roster1-2,write> 1.291906476645663E-4
<405,admissions4-0,stu0-13application0-13,setStatus> 1.5990753880057893E-4
<406,stu3-6,stu3-6application3-6,checkStatus> 0.0019468772958830447
<407,registrar4-1,transcript4-13,read> 3.7690284315416924E-4
<408,chair4,transcript4-8,read> 9.995164614198934E-4
<409,admissions2-0,stu4-1application4-1,read> 1.5357190847176502E-4
<410,registrar0-0,roster1-9,write> 1.320861267717566E-4
<411,registrar0-0,roster1-8,write> 1.316035469205582E-4
<412,admissions2-1,stu1-0application1-0,setStatus> 1.717121847805556E-4
<413,registrar0-0,roster1-7,write> 1.3112096706935982E-4
<414,stu2-12,transcript2-12,read> 0.0014293919323123054
<415,registrar4-0,roster5-4,read> 1.1611981891849094E-4
<416,registrar0-0,roster1-6,write> 1.2774290811097116E-4
<417,stu5-0,stu5-0application5-0,checkStatus> 0.0012662387750049958
<418,chair0,transcript0-3,read> 5.337223823115938E-4
<419,fac2-2,gradebook2-4,changeScore> 0.0019458580142110386
<420,stu2-16,stu2-16application2-16,checkStatus> 0.001063605932911531
<421,stu1-9,stu1-9application1-9,checkStatus> 0.001577981608994942
<422,stu3-11,transcript3-11,read> 0.0015150590727180874
<423,admissions2-0,stu3-19application3-19,setStatus> 1.4564512493438631E-4
<424,chair4,transcript4-14,read> 0.0018022679594576019
<425,registrar2-1,transcript0-19,read> 2.881683894193873E-4
<426,admissions2-0,stu4-2application4-2,setStatus> 9.031401071292637E-5
<427,registrar4-1,transcript4-19,read> 3.8423745194021133E-4
<428,admissions0-1,stu3-4application3-4,setStatus> 5.6058328431417964E-5
<429,registrar2-0,transcript4-15,read> 3.2662246085095147E-4
<430,admissions4-1,stu3-3application3-3,read> 1.599057051971016E-4
<431,registrar4-1,transcript2-13,read> 3.5070781177544793E-4
<432,fac5-0,roster5-1,read> 0.0016078667523576656
<433,admissions0-0,stu0-3application0-3,setStatus> 8.929982389914915E-5
<434,stu2-9,stu2-9application2-9,checkStatus> 0.0018533544456860607
<435,fac3-4,roster3-8,read> 0.001544173846345855
<436,stu5-3,gradebook5-1,readMyScores> 3.4690636706650085E-5
<437,fac2-2,gradebook2-4,readScore> 5.003238911183652E-4
<438,fac4-1,gradebook4-3,changeScore> 0.001120634746897748
<439,admissions2-1,stu4-13application4-13,setStatus> 1.665893441452221E-4
<440,registrar2-1,transcript4-2,read> 1.9202407693638118E-4
<441,registrar0-1,roster4-5,write> 6.614831427432528E-5
<442,fac3-2,roster3-4,read> 0.0014713819537609293
<443,admissions4-1,stu2-17application2-17,read> 9.193547382086471E-5
<444,chair5,transcript5-14,read> 1.2739137713201288E-4
<445,admissions0-0,stu1-2application1-2,setStatus> 1.7819600594605546E-4
<446,registrar2-0,roster5-1,write> 8.842695302835026E-5
<447,admissions0-0,stu4-18application4-18,read> 9.883052033975497E-6
<448,chair2,transcript2-16,read> 0.0016882970677608903
<449,stu3-18,stu3-18application3-18,checkStatus> 0.0016403301757929314
<450,registrar2-1,transcript1-5,read> 2.809122148923679E-4
<451,admissions2-0,stu4-8application4-8,read> 7.016145663322336E-5
<452,registrar4-0,transcript3-10,read> 3.669886187380487E-4
<453,admissions4-1,stu4-6application4-6,setStatus> 5.754216521560619E-5
<454,admissions2-1,stu1-3application1-3,read> 1.1340261553083395E-4
<455,admissions4-0,stu1-14application1-14,setStatus> 1.647575083838139E-4
<456,registrar4-0,transcript3-12,read> 3.6389348220892384E-4
<457,stu2-15,gradebook2-1,readScore> 2.4291588852659446E-4
<458,chair2,transcript2-19,read> 0.0017229838608859764
<459,stu3-2,gradebook3-7,addScore> 1.1525028889811106E-4
<460,admissions0-1,stu1-13application1-13,setStatus> 1.3670281272617208E-4
<461,admissions4-1,stu2-3application2-3,read> 5.493901876797629E-5
<462,stu4-18,transcript4-18,read> 0.0015750260710021345
<463,stu3-7,stu3-7application3-7,checkStatus> 0.001494850186597623
<464,admissions2-1,stu2-17application2-17,setStatus> 9.952670310085543E-5
<465,fac3-1,roster3-3,read> 0.0014986789134802763
<466,registrar2-1,roster0-2,write> 1.2802682778093142E-4
<467,stu2-13,gradebook2-9,readMyScores> 2.5274497008354193E-4
<468,admissions4-1,stu3-9application3-9,read> 7.042590692965051E-5
<469,registrar4-0,transcript0-1,read> 1.771535782850531E-4
<470,registrar0-1,roster1-5,read> 1.7615616325149456E-4
<471,chair0,transcript0-13,read> 0.0016288339938321712
<472,admissions0-1,stu4-7application4-7,setStatus> 4.242827474779755E-5
<473,admissions0-0,stu4-9application4-9,read> 1.2020549334346943E-4
<474,stu0-15,transcript0-15,read> 0.0013994084331702818
<475,admissions0-0,stu1-12application1-12,setStatus> 1.3488760956422932E-4
<476,registrar2-1,roster2-1,read> 1.000124509593269E-4
<477,admissions4-0,stu2-19application2-19,setStatus> 1.1237783688487543E-4
<478,admissions0-1,stu4-18application4-18,read> 9.849606849427358E-6
<479,stu1-2,stu1-2application1-2,checkStatus> 0.0016247430340934337
<480,admissions0-1,stu5-10application5-10,read> 1.7927117413682903E-4
<481,admissions0-0,stu3-3application3-3,read> 1.8639895812916577E-4
<482,chair0,transcript0-7,read> 5.684091754366799E-4
<483,admissions4-0,stu1-4application1-4,read> 1.6589967622066579E-4
<484,registrar2-0,transcript4-10,read> 3.0585347128872064E-4
<485,fac5-1,gradebook5-2,addScore> 1.231949905372917E-4
<486,admissions4-0,stu0-10application0-10,setStatus> 1.8900735629998923E-4
<487,stu1-4,gradebook1-5,readMyScores> 3.5637583035254906E-5
<488,registrar0-0,transcript1-12,read> 3.719133013967055E-5
<489,fac5-1,gradebook5-3,addScore> 1.5365183413375527E-4
<490,registrar4-1,transcript2-12,read> 3.496600105202991E-4
<491,stu0-10,transcript0-10,read> 0.0013908417191297036
<492,fac5-2,gradebook5-4,changeScore> 4.6649435207623744E-4
<493,registrar0-0,transcript4-18,read> 3.2020828144643175E-4
<494,admissions2-1,stu1-13application1-13,read> 9.864883450107329E-5
<495,admissions0-1,stu2-16application2-16,read> 1.0230680433665246E-4
<496,registrar0-1,roster1-6,read> 1.7483519842786203E-4
<497,admissions4-1,stu5-0application5-0,read> 1.0484121395559323E-4
<498,registrar4-1,roster0-2,read> 2.0335968681056482E-4
<499,admissions4-1,stu0-2application0-2,read> 7.187780269480747E-6
<500,registrar4-1,transcript4-12,read> 3.779506444093181E-4
<501,admissions4-0,stu5-3application5-3,setStatus> 1.4099265742596222E-4
<502,registrar4-0,roster1-6,write> 1.5134436919382954E-4
<503,registrar2-0,roster1-2,read> 1.8420109954252103E-4
<504,admissions0-1,application5-2,setStatus> 2.1507562140698943E-4
<505,admissions0-0,stu2-1application2-1,read> 1.1268350870873118E-4
<506,fac3-1,gradebook3-3,changeScore> 4.4133510612156407E-4
<507,stu0-19,transcript0-19,read> 0.00136085821998768
<508,app3-4,application3-4,checkStatus> 0.0012870216306043257
<509,registrar4-0,roster1-3,read> 2.06526222364199E-4
<510,fac1-4,gradebook1-8,assignGrade> 2.3309741862172188E-4
<511,stu2-16,transcript2-16,read> 0.001459375431454329
<512,admissions0-0,stu4-7application4-7,setStatus> 4.2572343592442026E-5
<513,admissions4-1,stu4-5application4-5,read> 6.655418488923195E-5
<514,registrar4-1,roster1-2,read> 2.1373891505936185E-4
<515,stu3-1,stu3-1application3-1,checkStatus> 0.0016715044591919255
<516,registrar0-1,transcript3-18,read> 2.9879287962554627E-4
<517,admissions2-1,stu2-19application2-19,read> 9.49603892436331E-5
<518,stu1-4,transcript1-4,read> 0.001322308006805078
<519,chair4,transcript4-13,read> 0.0017824469348146953
<520,stu0-1,stu0-1application0-1,checkStatus> 1.595517143406876E-4
<521,admissions0-1,stu3-15application3-15,setStatus> 1.5998748776902357E-4
<522,fac5-0,gradebook5-1,changeScore> 4.8158989964904156E-4
<523,chair1,transcript1-7,read> 0.0015247736144569128
<524,stu2-0,gradebook2-7,readMyScores> 2.0238087531553598E-4
<525,admissions2-0,stu2-17application2-17,setStatus> 1.0282365392821297E-4
<526,fac1-1,gradebook1-3,addScore> 5.468083371723689E-4
<527,registrar2-1,transcript5-4,read> 2.682139094700841E-4
<528,admissions4-0,stu1-13application1-13,setStatus> 1.1674280950978698E-4
<529,admissions0-0,stu3-4application3-4,setStatus> 5.624867929196607E-5
<530,stu5-3,stu5-3application5-3,checkStatus> 0.00151043732829712
<531,registrar4-0,roster1-1,read> 2.1124307819614892E-4
<532,admissions4-1,stu4-0application4-0,setStatus> 5.803101900858833E-5
<533,registrar2-1,transcript2-15,read> 3.063088257369356E-4
<534,chair5,transcript5-7,read> 0.00147026579668892
<535,admissions0-0,stu1-18application1-18,read> 1.121820430664153E-4
<536,registrar4-1,transcript3-4,read> 8.142288920219225E-5
<537,registrar0-1,transcript2-19,read> 3.0139327698237443E-4
<538,stu1-9,transcript1-9,read> 0.0013094579357442108
<539,stu2-8,stu2-8application2-8,checkStatus> 0.002045595859979861
<540,admissions4-1,stu2-19application2-19,setStatus> 1.1327149761557026E-4
<541,stu3-5,stu3-5application3-5,checkStatus> 0.0011311502136093525
<542,fac0-2,roster0-4,read> 0.002344884664780043
<543,stu2-4,gradebook2-1,readMyScores> 1.2437998030684808E-4
<544,admissions4-1,stu3-13application3-13,read> 1.0226006592864754E-4
<545,admissions0-1,stu1-10application1-10,read> 1.0830402795744541E-4
<546,admissions4-0,stu4-2application4-2,read> 8.011341423240426E-5
<547,registrar4-1,transcript3-15,read> 3.664248306026808E-4
<548,fac2-4,gradebook2-8,assignGrade> 6.823696678123198E-4
<549,registrar0-0,roster2-3,write> 6.307720805038826E-5
<550,fac5-0,gradebook5-1,addScore> 1.6283944597089486E-4
<551,admissions0-0,stu4-17application4-17,setStatus> 9.898722835297869E-5
<552,admissions4-0,stu3-1application3-1,setStatus> 1.5602756313399084E-4
<553,chair5,transcript5-5,read> 0.0014603552843674668
<554,stu0-17,stu0-17application0-17,checkStatus> 0.0019364858680833796
<555,admissions2-1,stu2-10application2-10,setStatus> 1.1303237386673485E-4
<556,registrar4-0,transcript4-12,read> 3.721471796199236E-4
<557,chair5,transcript5-0,read> 0.001445489515885287
<558,registrar2-1,transcript2-5,read> 1.7206959698707805E-4
<559,registrar2-0,transcript2-4,read> 1.758215366382325E-4
<560,chair0,transcript0-1,read> 8.508587765980955E-4
<561,registrar2-1,transcript2-4,read> 1.7660470606646516E-4
<562,admissions4-1,stu3-18application3-18,setStatus> 1.5433521622607014E-4
<563,admissions0-0,application4-2,read> 1.4076558467842056E-4
<564,fac2-0,gradebook2-1,changeScore> 0.001865348427156083
<565,admissions0-1,stu2-19application2-19,read> 1.1580055748343665E-4
<566,registrar2-0,transcript5-10,read> 2.8632610610249283E-5
<567,fac5-4,gradebook5-8,addScore> 1.5056338129985217E-4
<568,admissions4-0,stu4-9application4-9,setStatus> 1.1625781255146347E-4
<569,registrar2-1,transcript2-6,read> 1.7116257517120066E-4
<570,fac1-3,roster1-6,read> 0.0024085775707918533
<571,stu3-17,stu3-17application3-17,checkStatus> 0.0014740673309982934
<572,registrar2-1,transcript2-9,read> 1.802327933299748E-4
<573,registrar2-1,transcript2-8,read> 1.7297661880295547E-4
<574,stu3-4,gradebook3-7,addScore> 1.1779725660856657E-4
<575,registrar2-1,transcript3-17,read> 3.1447202207983237E-4
<576,stu0-15,stu0-15application0-15,checkStatus> 0.0012246730638063362
<577,registrar2-1,transcript4-11,read> 3.0993691300044523E-4
<578,admissions4-0,stu0-2application0-2,read> 7.131071943883266E-6
<579,app1-1,application1-1,checkStatus> 2.167045672388444E-4
<580,stu3-8,gradebook3-1,addScore> 1.8269139579079677E-4
<581,admissions4-1,stu3-6application3-6,read> 1.6119627921057448E-4
<582,admissions2-0,stu4-3application4-3,setStatus> 1.8798545581689478E-4
<583,admissions0-1,application3-3,setStatus> 1.4124616395404553E-4
<584,fac1-4,gradebook1-9,changeScore> 6.677683197136253E-4
<585,stu2-17,transcript2-17,read> 0.0014722255025151963
<586,registrar4-1,transcript2-11,read> 3.486122092651502E-4
<587,stu3-13,transcript3-13,read> 0.001506492358677509
<588,fac5-2,roster5-5,read> 0.001398590061176003
<589,stu0-16,stu0-16application0-16,checkStatus> 0.001240260205505834
<590,stu3-10,stu3-10application3-10,checkStatus> 5.284474012287903E-4
<591,registrar2-0,roster1-8,read> 1.8764143136277046E-4
<592,admissions0-0,stu2-10application2-10,read> 1.2170989027041709E-4
<593,fac2-2,roster2-5,read> 0.0012257093162868033
<594,stu0-17,transcript0-17,read> 0.001369424934028258
<595,fac2-2,gradebook2-4,addScore> 0.0013580219901784198
<596,fac5-3,roster5-6,read> 0.0013803920880297714
<597,chair0,transcript0-10,read> 0.0016090129691892646
<598,fac2-2,gradebook2-5,addScore> 0.0013545102427628094
<599,fac2-3,gradebook2-7,addScore> 4.794733943782082E-4
<600,admissions0-1,application5-1,setStatus> 2.1393978360002104E-4
<601,admissions2-0,stu2-10application2-10,setStatus> 1.1677671751449417E-4
<602,registrar4-1,transcript3-13,read> 3.685204331129785E-4
<603,admissions2-1,stu2-6application2-6,setStatus> 1.3026374691285682E-4
<604,admissions4-1,stu2-3application2-3,setStatus> 6.243070314542761E-5
<605,fac4-2,gradebook4-4,addScore> 7.926306562651116E-4
<606,admissions0-0,stu5-10application5-10,read> 1.7987990477905935E-4
<607,stu4-6,gradebook4-2,readMyScores> 1.27492580349869E-4
<608,stu2-8,gradebook2-2,readMyScores> 1.266248663883673E-4
<609,stu4-2,stu4-2application4-2,checkStatus> 9.752787966143796E-4
<610,fac5-3,gradebook5-7,addScore> 3.2907999740451095E-4
<611,admissions0-0,stu3-18application3-18,setStatus> 1.7990554790849598E-4
<612,admissions0-1,application4-0,setStatus> 1.5317246092721337E-4
<613,fac0-3,gradebook0-7,readScore> 2.563188321140083E-5
<614,admissions2-0,stu3-14application3-14,setStatus> 1.119653162778455E-4
<615,admissions0-0,stu2-2application2-2,setStatus> 3.0605549855358486E-5
<616,admissions2-1,stu3-17application3-17,setStatus> 1.3212659805297811E-4
<617,stu3-11,stu3-11application3-11,checkStatus> 0.0012818259167044932
<618,fac5-3,gradebook5-6,addScore> 3.325917448201216E-4
<619,stu2-7,stu2-7application2-7,checkStatus> 9.596916549148823E-4
<620,registrar2-1,transcript2-0,read> 2.1197855688568433E-4
<621,registrar2-1,transcript2-1,read> 1.756976842505877E-4
<622,admissions0-1,stu3-1application3-1,setStatus> 1.827042439083909E-4
<623,chair4,transcript4-6,read> 0.0010342032545449797
<624,admissions2-0,application4-3,setStatus> 1.3794688295574838E-4
<625,registrar4-1,roster0-1,read> 2.0016607811862726E-4
<626,registrar2-1,transcript2-2,read> 1.747906624347103E-4
<627,admissions2-1,stu4-16application4-16,read> 1.2323846955067437E-4
<628,stu3-14,gradebook3-2,readMyScores> 1.6389239526794935E-5
<629,admissions4-1,stu2-16application2-16,setStatus> 1.0007244520505248E-4
<630,admissions2-0,stu2-14application2-14,read> 4.602746803019355E-5
<631,registrar4-0,transcript2-15,read> 3.484177995632992E-4
<632,stu2-7,gradebook2-4,readMyScores> 1.1870936683536775E-4
<633,registrar0-0,transcript1-5,read> 2.6970064090553285E-4
<634,admissions4-0,stu4-16application4-16,read> 1.283415117680936E-4
<635,fac2-1,gradebook2-2,assignGrade> 6.64398777844696E-4
<636,registrar4-1,roster0-7,read> 2.0655329550250235E-4
<637,registrar2-1,transcript2-3,read> 1.7751172788234252E-4
<638,admissions4-0,stu3-16application3-16,read> 2.9751330080091532E-5
<639,registrar4-0,transcript0-15,read> 3.370689656231744E-4
<640,registrar2-0,transcript2-6,read> 1.704035393611288E-4
<641,fac5-1,gradebook5-2,changeScore> 4.916535980309109E-4
<642,stu4-11,gradebook4-4,readMyScores> 4.988441052581059E-5
<643,stu3-9,gradebook3-6,readMyScores> 4.494293298139886E-5
<644,fac4-2,roster4-5,read> 0.0012530062760061507
<645,stu2-17,stu2-17application2-17,checkStatus> 0.0011103673580100228
<646,admissions2-0,stu0-3application0-3,read> 6.635082685379759E-5
<647,fac4-2,roster4-4,read> 0.0012712042491523823
<648,admissions2-0,application5-1,read> 1.5949955479531617E-4
<649,admissions0-1,stu1-16application1-16,setStatus> 1.2591235355997253E-4
<650,chair4,transcript4-16,read> 0.0018121784717790553
<651,stu5-15,stu5-15application5-15,checkStatus> 4.193374093323093E-4
<652,fac1-4,roster1-9,read> 0.002490468449949895
<653,registrar2-1,roster0-4,read> 1.7811028194167488E-4
<654,registrar2-0,transcript2-5,read> 1.713065389073127E-4
<655,admissions0-0,stu2-19application2-19,read> 1.1619376820494238E-4
<656,stu4-16,stu4-16application4-16,checkStatus> 0.0015623944672954445
<657,admissions2-0,stu2-6application2-6,setStatus> 1.3457890209009433E-4
<658,stu1-8,stu1-8application1-8,checkStatus> 0.001328587341802985
<659,chair3,transcript3-18,read> 0.0017081180924037969
<660,admissions0-0,application4-0,setStatus> 1.5369257115107485E-4
<661,registrar2-0,transcript2-3,read> 1.767245361844164E-4
<662,registrar2-0,transcript2-9,read> 1.7943353482296822E-4
<663,registrar2-0,transcript2-8,read> 1.7220953845349668E-4
<664,fac4-2,gradebook4-5,readScore> 1.3520983859978509E-4
<665,admissions0-0,stu5-17application5-17,read> 1.2622308105126E-4
<666,stu2-14,transcript2-14,read> 0.0014422420033731729
<667,registrar2-1,transcript1-12,read> 3.873739005309796E-5
<668,fac4-1,gradebook4-3,addScore> 2.8398667225312227E-4
<669,registrar2-0,transcript2-7,read> 1.7311253799968062E-4
<670,stu4-0,transcript4-0,read> 8.982556617964581E-4
<671,registrar2-0,transcript4-18,read> 3.3204045812805505E-4
<672,registrar0-0,transcript1-2,read> 2.7057146229416903E-4
<673,admissions4-1,stu3-4application3-4,read> 4.2463469971072045E-5
<674,admissions0-1,stu4-1application4-1,read> 1.8127024867709335E-4
<675,fac0-1,roster0-3,read> 0.002299389731914464
<676,stu5-7,transcript5-7,read> 0.001270907722561609
<677,registrar2-0,roster5-3,write> 7.441541979678899E-5
<678,fac5-2,gradebook5-4,addScore> 1.5878835671817237E-4
<679,admissions4-0,stu4-4application4-4,read> 1.172447813616518E-4
<680,fac5-2,gradebook5-5,addScore> 1.5018349150611575E-4
<681,admissions0-0,stu5-5application5-5,setStatus> 1.0012692299460568E-4
<682,admissions2-1,stu3-14application3-14,setStatus> 1.0837524601643161E-4
<683,registrar2-0,transcript2-1,read> 1.749185370920485E-4
<684,fac0-1,gradebook0-2,changeScore> 2.7528408282071897E-4
<685,registrar4-1,transcript4-11,read> 3.580424205614899E-4
<686,registrar4-1,transcript1-5,read> 3.245127803967265E-4
<687,registrar2-0,transcript2-0,read> 2.1103851893940632E-4
<688,fac4-4,gradebook4-8,addScore> 3.5800954154743044E-4
<689,admissions0-1,stu0-3application0-3,setStatus> 8.89976248335006E-5
<690,app1-3,application1-3,checkStatus> 2.3229170893834168E-4
<691,stu1-16,stu1-16application1-16,checkStatus> 0.0011519330692086824
<692,admissions0-1,stu2-5application2-5,read> 1.3529153425101385E-4
<693,stu0-7,stu0-7application0-7,checkStatus> 0.0011207587858096876
<694,stu3-11,gradebook3-5,readMyScores> 3.983421878935161E-5
<695,registrar4-0,transcript1-0,read> 2.741345228643009E-4
<696,admissions2-1,stu3-19application3-19,setStatus> 1.4097514096855426E-4
<697,stu5-6,stu5-6application5-6,checkStatus> 3.1022741743582814E-4
<698,registrar2-0,transcript1-2,read> 2.805694839955702E-4
<699,admissions4-1,stu1-5application1-5,read> 9.2365665158689E-5
<700,chair3,transcript3-19,read> 0.0016982075800823437
<701,fac4-2,gradebook4-4,assignGrade> 4.056179623109115E-4
<702,admissions0-0,application3-0,setStatus> 1.400162354515508E-4
<703,admissions0-0,application3-2,setStatus> 1.4229562473480484E-4
<704,fac5-4,roster5-9,read> 0.0014804809403340447
<705,admissions0-0,application3-1,setStatus> 1.3944638813073734E-4
<706,fac0-4,gradebook0-9,changeScore> 2.6522038443884966E-4
<707,admissions0-0,application4-3,setStatus> 1.6337997560490438E-4
<708,chair4,transcript4-19,read> 0.0018171337279397819
<709,fac3-3,gradebook3-6,assignGrade> 1.4863423577388948E-4
<710,admissions0-0,application3-4,setStatus> 1.411559300931778E-4
<711,admissions0-1,stu2-2application2-2,read> 2.684174044167413E-5
<712,admissions4-1,stu1-12application1-12,setStatus> 1.15715766580481E-4
<713,admissions0-0,application3-3,setStatus> 1.4172577741399133E-4
<714,chair3,transcript3-14,read> 0.0017378496293681564
<715,stu4-11,stu4-11application4-11,checkStatus> 0.0018429630178863961
<716,admissions0-1,stu1-6application1-6,setStatus> 2.8798221064177148E-5
<717,admissions4-0,stu2-12application2-12,setStatus> 5.1268220136113823E-5
<718,fac4-4,gradebook4-8,changeScore> 0.0011608895404252256
<719,chair2,transcript2-15,read> 0.0016734312992787107
<720,chair1,transcript1-19,read> 1.6207817025709902E-4
<721,app1-2,application1-2,checkStatus> 2.2709599503850926E-4
<722,admissions2-1,stu4-3application4-3,setStatus> 1.8195786605122277E-4
<723,registrar4-1,transcript3-18,read> 3.611858243269365E-4
<724,admissions0-1,application3-2,setStatus> 1.4181408285752968E-4
<725,admissions0-1,application3-1,setStatus> 1.389744883401088E-4
<726,admissions4-1,stu3-16application3-16,read> 2.9987921174167804E-5
<727,fac2-3,gradebook2-6,assignGrade> 6.913551127961318E-4
<728,registrar4-1,transcript5-6,read> 3.119391653349403E-4
<729,admissions0-1,stu5-2application5-2,read> 1.42288295141939E-4
<730,admissions0-1,application3-0,setStatus> 1.3954240724359295E-4
<731,fac4-0,gradebook4-1,changeScore> 0.0011055391993249437
<732,admissions0-1,application3-4,setStatus> 1.4067824505056132E-4
<733,stu5-2,stu5-2application5-2,checkStatus> 0.0014792630448981256
<734,admissions2-0,stu3-3application3-3,setStatus> 1.788437934672622E-4
<735,fac5-1,roster5-3,read> 0.001353095128310424
<736,app5-0,application5-0,checkStatus> 0.001952073009782877
<737,admissions0-1,stu5-12application5-12,read> 8.631420801453783E-5
<738,registrar0-1,transcript1-3,read> 2.701885087004367E-4
<739,registrar4-0,transcript1-9,read> 3.1540300991929994E-4
<740,admissions2-0,stu3-10application3-10,read> 4.306364486841796E-5
<741,chair0,transcript0-8,read> 5.584986631152267E-4
<742,stu1-10,transcript1-10,read> 1.957851104690472E-4
<743,chair1,transcript1-1,read> 0.0013067423433849423
<744,admissions0-0,stu0-16application0-16,setStatus> 1.3602730420585632E-4
<745,fac2-3,roster2-6,read> 0.0016624606717963602
<746,registrar4-1,transcript3-9,read> 7.094487665070371E-5
<747,registrar4-1,transcript1-0,read> 2.7840952517017696E-4
<748,chair2,transcript2-17,read> 0.0017031628362430698
<749,stu1-17,stu1-17application1-17,checkStatus> 6.219702514257742E-4
<750,stu1-12,stu1-12application1-12,checkStatus> 0.0012298687777061688
<751,chair5,transcript5-2,read> 0.0014554000282067405
<752,fac5-1,gradebook5-3,assignGrade> 1.7379348172856296E-4
<753,stu2-15,transcript2-15,read> 0.001446525360393462
<754,admissions2-0,stu2-15application2-15,read> 2.9938142294840343E-5
<755,admissions4-1,stu4-2application4-2,setStatus> 9.176193072435606E-5
<756,admissions2-1,stu2-15application2-15,read> 2.897820186053685E-5
<757,stu2-3,stu2-3application2-3,checkStatus> 6.635359626244337E-4
<758,registrar2-1,transcript0-7,read> 1.0404296079627189E-4
<759,admissions4-0,stu2-7application2-7,read> 7.883302226243022E-5
<760,registrar4-1,roster0-6,read> 2.0735169767548676E-4
<761,admissions2-1,stu5-15application5-15,read> 3.307647436880369E-5
<762,registrar0-1,roster4-7,read> 9.425634418627853E-5
<763,stu1-5,transcript1-5,read> 0.0013265913638253674
<764,registrar2-0,transcript2-11,read> 3.0043547401161695E-4
<765,registrar2-1,roster1-7,write> 1.3657172320619232E-4
<766,admissions0-1,stu1-15application1-15,read> 1.392896833315425E-4
<767,admissions4-0,stu3-0application3-0,read> 6.389511594606628E-5
<768,registrar0-1,transcript3-5,read> 6.64907157488977E-5
<769,admissions2-1,stu0-6application0-6,read> 4.537129189360424E-5
<770,admissions0-1,stu1-16application1-16,read> 1.1080287113277583E-4
<771,app4-3,application4-3,checkStatus> 0.0014896544726977902
<772,admissions2-1,stu0-16application0-16,setStatus> 1.1116952272661355E-4
<773,admissions2-1,stu4-11application4-11,read> 1.4536914109531535E-4
<774,admissions2-0,stu1-6application1-6,read> 2.147007611833866E-5
<775,fac5-4,gradebook5-9,assignGrade> 1.1988081182569121E-4
<776,admissions4-1,stu4-9application4-9,setStatus> 1.1718232795942739E-4
<777,chair1,transcript1-5,read> 0.001534684126778366
<778,fac4-4,gradebook4-9,changeScore> 9.89806667933446E-4
<779,admissions0-0,stu3-12application3-12,read> 7.056039475419717E-5
<780,admissions4-1,stu2-7application2-7,read> 7.945992502396046E-5
<781,fac4-1,gradebook4-2,assignGrade> 3.9663251732709957E-4
<782,registrar4-0,roster4-1,write> 1.0274646062222364E-4
<783,stu4-6,transcript4-6,read> 8.93972304776169E-4
<784,registrar0-1,transcript2-0,read> 2.0257817742290454E-4
<785,admissions4-0,stu1-0application1-0,setStatus> 1.7882242017519558E-4
<786,stu0-3,stu0-3application0-3,checkStatus> 8.142116657195742E-4
<787,admissions2-0,stu2-17application2-17,read> 9.048481545682741E-5
<788,admissions0-1,stu5-17application5-17,read> 1.257959301847583E-4
<789,stu0-12,transcript0-12,read> 0.0014165418612514383
<790,stu3-12,stu3-12application3-12,checkStatus> 7.310802433222553E-4
<791,stu5-16,gradebook5-4,addScore> 8.512723719026743E-5
<792,chair5,transcript5-9,read> 0.0014801763090103732
<793,stu2-3,transcript2-3,read> 8.382886635124109E-4
<794,admissions2-0,stu0-6application0-6,read> 4.6874274647843726E-5
<795,registrar0-0,transcript3-1,read> 6.244515041012E-5
<796,admissions2-0,stu1-9application1-9,setStatus> 1.4612626505805117E-4
<797,stu2-6,stu2-6application2-6,checkStatus> 0.0014532844753989637
<798,registrar4-0,roster4-1,read> 1.412763833555575E-4
<799,admissions4-1,stu3-0application3-0,read> 6.440322820011054E-5
<800,stu4-4,gradebook4-7,addScore> 4.38267133406001E-4
<801,stu2-11,transcript2-11,read> 0.0014251085752920165
<802,admissions2-0,stu2-8application2-8,read> 1.666974110453426E-4
<803,registrar4-1,roster5-9,write> 9.44775904698191E-5
<804,fac2-4,gradebook2-9,changeScore> 0.001900571371492626
<805,registrar4-1,roster5-8,write> 9.157430984078495E-5
<806,admissions0-1,stu0-18application0-18,setStatus> 2.2245856715228377E-4
<807,admissions2-1,stu3-6application3-6,read> 1.5356568611184907E-4
<808,registrar4-1,roster5-7,write> 9.27356220923986E-5
<809,admissions4-1,application2-1,read> 4.4614426660193466E-5
<810,admissions0-1,stu4-13application4-13,read> 1.7877140550176296E-4
<811,admissions0-0,stu1-16application1-16,read> 1.1117911178178354E-4
<812,fac2-2,gradebook2-4,assignGrade> 6.949492907896566E-4
<813,stu2-7,transcript2-7,read> 8.211552354312544E-4
<814,registrar2-0,transcript4-11,read> 3.085624699272725E-4
<815,registrar4-0,transcript4-16,read> 3.7730574050179853E-4
<816,registrar4-0,transcript2-0,read> 2.4111973322030165E-4
<817,stu4-15,transcript4-15,read> 0.0015493259288804002
<818,registrar4-1,roster5-2,write> 1.0318743235692148E-4
<819,admissions0-1,stu0-16application0-16,setStatus> 1.3556697491920369E-4
<820,fac4-2,gradebook4-5,assignGrade> 4.0741505130767393E-4
<821,registrar0-0,roster3-1,write> 7.755460358633964E-5
<822,registrar4-1,roster5-6,write> 8.8090373085944E-5
<823,registrar4-1,roster5-5,write> 8.925168533755765E-5
<824,admissions2-1,application5-3,setStatus> 1.7730073820091953E-4
<825,admissions0-0,stu3-1application3-1,read> 1.613256760133717E-4
<826,registrar4-1,transcript1-3,read> 3.266083829070243E-4
<827,registrar0-0,roster4-3,read> 1.205720731345702E-4
<828,registrar4-1,roster5-4,write> 8.57677485827167E-5
<829,admissions0-1,stu3-12application3-12,read> 7.032161169242324E-5
<830,chair1,transcript1-11,read> 2.0172021954291183E-4
<831,registrar2-0,roster0-4,write> 1.289603170196525E-4
<832,registrar4-1,roster5-3,write> 8.634840470852352E-5
<833,admissions2-1,stu0-7application0-7,setStatus> 1.0045812867091609E-4
<834,stu0-16,transcript0-16,read> 0.0013737082910485472
<835,registrar0-0,transcript5-1,read> 2.514133917441729E-4
<836,registrar4-0,transcript4-8,read> 2.0810494357630243E-4
<837,admissions2-1,stu3-9application3-9,read> 6.709213618741855E-5
<838,stu2-6,gradebook2-7,addScore> 8.609898587221585E-4
<839,admissions2-1,stu2-17application2-17,read> 8.758349872875277E-5
<840,admissions2-1,stu0-8application0-8,setStatus> 1.3492087476316004E-4
<841,admissions4-0,stu4-12application4-12,read> 1.390114448512107E-4
<842,admissions4-0,stu4-2application4-2,setStatus> 9.103797071864121E-5
<843,stu5-14,gradebook5-1,readMyScores> 1.582970801177237E-5
<844,stu4-8,stu4-8application4-8,checkStatus> 8.609730908180662E-4
<845,registrar4-0,roster5-2,write> 1.016029804205388E-4
<846,admissions2-1,stu1-8application1-8,setStatus> 1.1908664007212904E-4
<847,admissions4-1,stu4-14application4-14,read> 1.3495460760329313E-4
<848,registrar4-0,roster5-3,write> 8.502251749610857E-5
<849,registrar4-1,transcript4-4,read> 2.165892511163945E-4
<850,stu2-6,gradebook2-7,readScore> 3.172067900555321E-4
<851,stu5-12,stu5-12application5-12,checkStatus> 8.97343088116893E-4
<852,registrar4-0,roster5-4,write> 8.445077739526615E-5
<853,stu0-7,gradebook0-2,addScore> 1.311557816136902E-4
<854,registrar4-0,roster5-5,write> 8.788121800032068E-5
<855,stu0-6,stu0-6application0-6,checkStatus> 5.752088263272822E-4
<856,registrar4-0,roster5-1,write> 1.0103124031969638E-4
<857,registrar0-1,roster4-2,read> 1.1935467583529636E-4
<858,admissions2-1,stu3-18application3-18,read> 1.2938587831307465E-4
<859,registrar4-0,roster5-6,write> 8.673773779863583E-5
<860,stu5-13,stu5-13application5-13,checkStatus> 0.0019416815819832125
<861,registrar4-0,transcript0-10,read> 3.3500554127042446E-4
<862,registrar2-0,transcript3-17,read> 3.130774676581923E-4
<863,registrar0-1,transcript1-6,read> 2.65854513105723E-4
<864,registrar4-0,roster5-7,write> 9.131165860537521E-5
<865,registrar4-0,roster5-8,write> 9.016817840369037E-5
<866,registrar2-0,transcript4-14,read> 3.2842845994331924E-4
<867,registrar4-0,roster5-9,write> 9.302687890790246E-5
<868,admissions0-1,stu2-13application2-13,read> 1.0130726706652029E-4
<869,admissions2-1,stu1-6application1-6,read> 2.078165684400315E-5
<870,chair2,transcript2-11,read> 0.0016486550184750775
<871,admissions2-0,stu0-16application0-16,setStatus> 1.1485215701983472E-4
<872,stu4-8,gradebook4-2,readScore> 1.0144397137006636E-4
<873,admissions2-0,stu5-19application5-19,setStatus> 3.0171495254817808E-5
<874,registrar2-0,transcript3-16,read> 3.1488346675056015E-4
<875,registrar4-0,roster1-2,write> 1.530595894963568E-4
<876,admissions2-0,stu2-8application2-8,setStatus> 1.8942887618788934E-4
<877,admissions2-1,stu1-9application1-9,setStatus> 1.414408537535846E-4
<878,admissions4-1,stu0-12application0-12,setStatus> 4.9231650734909795E-5
<879,chair1,transcript1-3,read> 0.0015445946390998191
<880,admissions0-0,stu2-13application2-13,read> 1.0165126457778181E-4
<881,fac1-1,gradebook1-2,addScore> 5.36273094925537E-4
<882,admissions4-1,stu4-13application4-13,setStatus> 1.748670755313201E-4
<883,admissions4-0,stu1-8application1-8,setStatus> 1.2401776388463955E-4
<884,admissions2-1,stu5-19application5-19,setStatus> 2.9204072561276557E-5
<885,admissions4-1,stu4-17application4-17,read> 7.472782030789334E-5
<886,admissions4-0,stu0-12application0-12,setStatus> 4.88432353444963E-5
<887,registrar2-0,transcript2-16,read> 3.076594703810886E-4
<888,admissions2-0,stu5-3application5-3,setStatus> 1.3987144345040787E-4
<889,admissions2-0,stu1-8application1-8,setStatus> 1.2303153912213746E-4
<890,registrar0-0,transcript2-13,read> 2.9147117562143755E-4
<891,admissions2-0,stu0-10application0-10,setStatus> 1.8750431569322987E-4
<892,fac0-0,gradebook0-1,assignGrade> 1.0011283286130489E-4
<893,registrar2-0,transcript5-5,read> 2.6612149125662703E-4
<894,fac1-0,gradebook1-1,addScore> 3.143094563825426E-4
<895,admissions0-0,application5-3,setStatus> 2.1694562376137357E-4
<896,admissions2-1,stu3-3application3-3,setStatus> 1.7310932313564656E-4
<897,registrar2-1,transcript5-9,read> 2.7093497491771635E-4
<898,fac4-3,gradebook4-7,addScore> 3.68410512521553E-4
<899,admissions4-0,stu4-17application4-17,read> 7.413825170585867E-5
<900,admissions0-1,stu5-11application5-11,setStatus> 1.208010834286149E-4
<901,admissions0-1,stu2-1application2-1,setStatus> 1.276161102704251E-4
<902,admissions2-0,stu0-1application0-1,setStatus> 1.4775011297542009E-5
<903,stu5-19,stu5-19application5-19,checkStatus> 3.258145591353255E-4
<904,admissions4-0,stu3-18application3-18,read> 1.347434716179639E-4
<905,fac1-1,gradebook1-2,changeScore> 7.684053035323193E-4
<906,stu2-9,gradebook2-4,readMyScores> 1.2077837540766172E-4
<907,fac1-1,gradebook1-3,changeScore> 7.835008511051236E-4
<908,admissions2-1,stu3-5application3-5,setStatus> 1.0138955424097674E-4
<909,registrar2-1,roster2-1,write> 7.273632797041957E-5
<910,admissions4-0,stu0-11application0-11,read> 1.432794180844575E-4
<911,registrar2-1,roster2-3,write> 6.56993552672635E-5
<912,registrar2-1,roster2-2,write> 6.720727798936838E-5
<913,registrar2-1,transcript3-11,read> 3.208211747909742E-4
<914,stu2-18,transcript2-18,read> 0.0014807922165557747
<915,registrar2-1,roster2-5,write> 6.770991889673667E-5
<916,registrar0-1,transcript0-15,read> 2.8319049548457736E-4
<917,admissions2-0,stu2-18application2-18,read> 1.2774430663343485E-4
<918,registrar4-0,transcript4-14,read> 3.752423161490485E-4
<919,admissions0-1,stu3-14application3-14,setStatus> 1.3215946149829858E-4
<920,admissions4-1,stu3-18application3-18,read> 1.3581499027894172E-4
<921,registrar0-0,transcript5-9,read> 2.601216056305348E-4
<922,registrar2-1,roster5-4,read> 1.020858447022211E-4
<923,admissions2-0,stu0-5application0-5,read> 1.3663577611876162E-4
<924,registrar2-1,roster2-4,write> 6.821255980410497E-5
<925,registrar2-1,roster2-7,write> 9.233932335778284E-5
<926,registrar2-1,roster2-6,write> 9.183668245041456E-5
<927,registrar2-1,roster2-9,write> 9.384724607988773E-5
<928,fac1-2,gradebook1-4,changeScore> 6.979594148592334E-4
<929,registrar0-0,transcript1-17,read> 2.9353937641944856E-5
<930,admissions4-0,stu0-16application0-16,setStatus> 1.1577281559313997E-4
<931,admissions4-0,stu0-2application0-2,setStatus> 8.103490845321894E-6
<932,registrar2-1,roster1-8,read> 1.8847725065614587E-4
<933,fac1-2,gradebook1-5,changeScore> 7.130549624320377E-4
<934,chair0,transcript0-6,read> 5.43632894633047E-4
<935,admissions4-1,stu4-3application4-3,setStatus> 1.9099925069973072E-4
<936,stu5-4,stu5-4application5-4,checkStatus> 6.479488209249363E-4
<937,registrar0-1,transcript4-5,read> 1.8004140033039381E-4
<938,admissions0-0,stu1-17application1-17,setStatus> 6.821547302904962E-5
<939,stu0-14,gradebook0-4,addScore> 5.465462152172922E-5
<940,stu2-10,stu2-10application2-10,checkStatus> 0.0012610430611051636
<941,admissions4-1,stu0-5application0-5,setStatus> 1.577571927769451E-4
<942,registrar4-0,transcript2-4,read> 2.0088295834167763E-4
<943,admissions2-1,stu4-9application4-9,setStatus> 1.1163523551164386E-4
<944,admissions2-0,application5-2,setStatus> 1.8221177433291636E-4
<945,admissions4-0,stu1-10application1-10,read> 9.24905366088201E-5
<946,admissions0-0,stu4-10application4-10,setStatus> 3.3454786459425994E-5
<947,fac3-4,gradebook3-9,addScore> 3.009860180796261E-4
<948,chair3,transcript3-0,read> 3.6028841668616285E-4
<949,chair2,transcript2-7,read> 9.499638998126276E-4
<950,admissions2-1,stu0-18application0-18,read> 1.6053274937590265E-4
<951,admissions4-1,stu0-2application0-2,setStatus> 8.167932124409939E-6
<952,admissions4-1,stu5-14application5-14,setStatus> 3.163291418755272E-5
<953,stu0-9,gradebook0-6,addScore> 1.1169879237490347E-4
<954,admissions2-1,stu3-17application3-17,read> 1.1627140628662073E-4
<955,registrar4-0,roster3-4,write> 9.245513880706007E-5
<956,registrar4-0,transcript3-5,read> 7.914092152943045E-5
<957,stu4-12,gradebook4-8,readMyScores> 7.718273611999396E-5
<958,admissions2-1,stu0-1application0-1,setStatus> 1.4301263440306193E-5
<959,admissions4-1,stu2-13application2-13,read> 8.72033691047976E-5
<960,admissions2-1,stu0-9application0-9,setStatus> 1.0185526702600705E-4
<961,admissions2-0,stu0-4application0-4,setStatus> 1.2206925887480774E-4
<962,stu0-9,transcript0-9,read> 4.999034589095728E-4
<963,stu5-11,stu5-11application5-11,checkStatus> 0.0011051716441101904
<964,chair2,transcript2-3,read> 9.69784924455534E-4
<965,registrar2-0,roster1-5,write> 1.334640241297972E-4
<966,registrar0-1,transcript2-12,read> 2.8925808931717635E-4
<967,registrar4-0,transcript3-14,read> 3.6183005785617395E-4
<968,admissions0-1,stu5-3application5-3,read> 1.4528690695233548E-4
<969,admissions2-0,stu4-9application4-9,setStatus> 1.1533329714349956E-4
<970,admissions4-1,stu1-10application1-10,read> 9.322604783433756E-5
<971,admissions4-0,stu5-14application5-14,setStatus> 3.1383344844850125E-5
<972,admissions4-0,stu2-16application2-16,setStatus> 9.92829190101408E-5
<973,registrar2-1,transcript0-14,read> 2.972386075781614E-4
<974,admissions0-0,stu5-17application5-17,setStatus> 1.4343531937643185E-4
<975,admissions4-1,application2-4,read> 4.977672271408488E-5
<976,registrar4-1,transcript1-2,read> 3.255605816518754E-4
<977,registrar2-1,roster3-2,read> 1.0968828842616645E-4
<978,admissions4-1,application2-3,read> 4.891634003843631E-5
<979,admissions4-0,stu3-15application3-15,setStatus> 1.3662768480105067E-4
<980,registrar4-0,transcript2-3,read> 2.0191467051805257E-4
<981,stu0-13,stu0-13application0-13,checkStatus> 0.0017130701703905852
<982,admissions2-0,stu3-17application3-17,read> 1.2012304707458333E-4
<983,admissions0-1,stu0-17application0-17,read> 1.8626793502775417E-4
<984,stu2-10,gradebook2-3,readScore> 1.754426413233687E-4
<985,chair2,transcript2-2,read> 9.549191559733543E-4
<986,registrar0-0,transcript5-4,read> 2.575091414646262E-4
<987,registrar4-0,transcript3-8,read> 7.088722411843063E-5
<988,admissions4-1,stu0-15application0-15,read> 1.0139968325299896E-4
<989,chair0,transcript0-17,read> 0.0015842366883856316
<990,admissions4-0,stu5-16application5-16,read> 1.1126961883510621E-4
<991,admissions4-1,stu1-0application1-0,setStatus> 1.802444672541236E-4
<992,registrar0-0,transcript0-2,read> 1.521397534396474E-4
<993,registrar2-0,roster1-4,read> 1.8007270135822175E-4
<994,chair3,transcript3-11,read> 0.0017527153978503362
<995,admissions0-1,stu4-13application4-13,setStatus> 2.031493244338216E-4
<996,registrar0-1,roster0-4,read> 1.7021182154514826E-4
<997,stu4-8,transcript4-8,read> 8.639888056341453E-4
<998,admissions0-1,stu1-2application1-2,read> 1.5628181692378928E-4
<999,admissions0-0,stu3-7application3-7,read> 1.4427584417463175E-4
<1000,admissions4-0,stu3-12application3-12,setStatus> 6.82431136774365E-5
<1001,stu4-0,stu4-0application4-0,checkStatus> 6.167745375259418E-4
<1002,chair3,transcript3-17,read> 0.00171802860472525
<1003,chair3,transcript3-15,read> 0.0017328943732074296
<1004,admissions4-0,application5-1,setStatus> 1.8270239584178364E-4
<1005,admissions0-0,stu4-11application4-11,read> 1.778740422097958E-4
<1006,stu0-14,stu0-14application0-14,checkStatus> 0.0012194773499065042
<1007,admissions2-1,stu5-11application5-11,setStatus> 9.906099031582512E-5
<1008,fac4-2,gradebook4-4,changeScore> 0.001135730294470552
<1009,stu2-18,gradebook2-9,readMyScores> 2.54339575573028E-4
<1010,registrar4-1,transcript0-0,read> 1.872508159722266E-4
<1011,registrar0-0,roster5-7,read> 1.0597403263581923E-4
<1012,admissions2-0,stu4-17application4-17,setStatus> 8.357804898161822E-5
<1013,registrar2-0,roster0-2,write> 1.2745908131627095E-4
<1014,registrar4-0,transcript2-11,read> 3.432592386814243E-4
<1015,chair3,transcript3-10,read> 0.0017626259101717892
<1016,admissions2-0,stu5-2application5-2,setStatus> 1.3698460270841867E-4
<1017,chair5,transcript5-15,read> 1.2243612097128628E-4
<1018,admissions4-1,application2-2,read> 4.504461799801775E-5
<1019,registrar0-1,roster2-1,read> 9.557730900991107E-5
<1020,admissions4-1,stu0-9application0-9,setStatus> 1.0691639830680243E-4
<1021,admissions4-1,application2-0,read> 4.4184235322369185E-5
<1022,admissions4-0,application2-3,read> 4.8530412306377636E-5
<1023,registrar2-1,transcript0-10,read> 2.9451754213052916E-4
<1024,admissions0-1,stu2-13application2-13,setStatus> 1.1512189439377308E-4
<1025,fac0-3,gradebook0-6,changeScore> 2.3502928929324145E-4
<1026,admissions4-0,application2-2,read> 4.4689236396455476E-5
<1027,registrar0-1,roster4-8,write> 6.326620920458161E-5
<1028,stu5-2,gradebook5-5,addScore> 1.7187301106717402E-4
<1029,admissions4-0,application2-4,read> 4.9384006953027E-5
<1030,admissions0-1,stu1-2application1-2,setStatus> 1.7759297377703328E-4
<1031,fac4-3,gradebook4-6,changeScore> 0.0011508258420433563
<1032,admissions0-1,stu0-10application0-10,read> 1.9476400182387755E-4
<1033,admissions4-0,stu0-15application0-15,read> 1.0059968575198912E-4
<1034,registrar2-0,roster1-3,write> 1.3146237652528848E-4
<1035,admissions0-1,stu3-7application3-7,read> 1.4378760104713723E-4
<1036,registrar2-0,roster3-8,write> 8.492406972045992E-5
<1037,app4-2,application4-2,checkStatus> 0.0014584801892987959
<1038,registrar2-0,roster0-3,read> 1.7388010408177278E-4
<1039,registrar4-1,transcript3-19,read> 3.590902218166388E-4
<1040,admissions2-0,stu2-1application2-1,setStatus> 1.0811619528852653E-4
<1041,stu3-16,transcript3-16,read> 0.0014936422876166418
<1042,admissions2-0,stu2-4application2-4,setStatus> 3.0652635378482674E-5
<1043,app3-3,application3-3,checkStatus> 0.0012922173445041583
<1044,registrar0-0,transcript0-18,read> 2.7753803340325854E-4
<1045,admissions0-1,stu4-11application4-11,read> 1.7727209959656469E-4
<1046,admissions2-1,application5-4,read> 1.572541313692892E-4
<1047,stu0-0,stu0-0application0-0,checkStatus> 0.001255847347205331
<1048,admissions0-1,stu2-3application2-3,read> 6.382461943656418E-5
<1049,stu5-14,transcript5-14,read> 1.1011797006326538E-4
<1050,admissions2-1,stu4-17application4-17,setStatus> 8.089819169964247E-5
<1051,stu2-19,transcript2-19,read> 0.0014893589305963527
<1052,registrar2-1,transcript4-18,read> 3.33519480213258E-4
<1053,chair1,transcript1-4,read> 0.0015297288706176391
<1054,admissions4-0,application3-0,setStatus> 1.1916779430140452E-4
<1055,admissions4-0,stu0-5application0-5,setStatus> 1.5651256009231441E-4
<1056,admissions4-0,application2-0,read> 4.383564174980611E-5
<1057,admissions4-0,application2-1,read> 4.426243907313079E-5
<1058,app2-4,application2-4,checkStatus> 6.011873958264444E-4
<1059,fac3-3,roster3-6,read> 0.0015259758731996234
<1060,registrar0-0,transcript1-0,read> 2.3138449980554057E-4
<1061,stu0-2,transcript0-2,read> 7.4833816608634E-4
<1062,stu4-9,gradebook4-2,addScore> 2.803451622591488E-4
<1063,stu1-18,stu1-18application1-18,checkStatus> 0.001162324497008347
<1064,registrar0-1,roster2-6,read> 1.2067564065892888E-4
<1065,fac1-4,gradebook1-8,changeScore> 6.526727721408212E-4
<1066,registrar0-0,transcript3-17,read> 3.019210322850719E-4
<1067,fac1-4,gradebook1-9,readScore> 1.716982645417512E-4
<1068,admissions4-1,application5-3,read> 1.6377742723752014E-4
<1069,registrar0-1,roster2-5,read> 8.897248489174847E-5
<1070,registrar0-1,roster2-4,read> 8.963296730356475E-5
<1071,registrar0-1,roster2-3,read> 8.633055524448346E-5
<1072,admissions0-0,stu0-10application0-10,read> 1.9542533969085164E-4
<1073,admissions0-0,application3-4,read> 1.2421721848199647E-4
<1074,registrar4-0,transcript4-4,read> 2.132635044581773E-4
<1075,app0-2,application0-2,checkStatus> 6.271659653256066E-4
<1076,stu0-4,gradebook0-5,addScore> 6.699262550053085E-5
<1077,stu2-6,gradebook2-1,readMyScores> 1.2639831670127968E-4
<1078,fac1-3,gradebook1-7,changeScore> 7.382142083867112E-4
<1079,fac1-3,gradebook1-6,changeScore> 7.231186608139071E-4
<1080,registrar2-0,roster2-9,write> 9.343107203962213E-5
<1081,admissions2-1,stu2-1application2-1,setStatus> 1.04649543736189E-4
<1082,admissions0-0,stu3-3application3-3,setStatus> 2.1181699787405203E-4
<1083,registrar2-0,roster3-1,read> 1.1057799858918344E-4
<1084,registrar2-0,roster2-7,write> 9.192983633624054E-5
<1085,registrar2-0,roster2-8,write> 9.293066013849493E-5
<1086,registrar0-1,roster5-2,read> 1.1737322859984759E-4
<1087,registrar2-0,roster2-5,write> 6.740965318100834E-5
<1088,chair3,transcript3-1,read> 3.5533316052543625E-4
<1089,admissions4-1,application5-4,setStatus> 1.875772741488557E-4
<1090,stu4-10,transcript4-10,read> 0.001450808717413751
<1091,admissions0-1,stu3-0application3-0,read> 7.481952940801797E-5
<1092,registrar2-0,roster1-8,write> 1.3646649553656032E-4
<1093,admissions4-1,stu4-8application4-8,read> 7.128628960529909E-5
<1094,registrar0-0,roster2-8,read> 1.232262623161613E-4
<1095,fac4-2,gradebook4-5,changeScore> 0.001140762143661487
<1096,registrar2-0,roster2-6,write> 9.142942443511339E-5
<1097,registrar0-0,roster2-9,read> 1.2388980961155907E-4
<1098,registrar2-0,roster2-3,write> 6.540800557649958E-5
<1099,registrar0-0,roster2-6,read> 1.2123562042996801E-4
<1100,app5-4,application5-4,checkStatus> 0.0019936387209815365
<1101,admissions2-1,stu0-5application0-5,read> 1.3225466906886146E-4
<1102,admissions4-1,stu5-17application5-17,setStatus> 1.230485734752131E-4
<1103,registrar2-0,roster2-4,write> 6.791006508213553E-5
<1104,stu2-7,gradebook2-7,readMyScores> 1.9312436958384828E-4
<1105,admissions0-1,stu5-17application5-17,setStatus> 1.4294992066449808E-4
<1106,admissions4-0,stu5-10application5-10,setStatus> 1.7397245059196057E-4
<1107,admissions0-0,stu4-16application4-16,setStatus> 1.7135783809629342E-4
<1108,admissions4-0,stu3-5application3-5,read> 9.291733393214479E-5
<1109,stu4-19,transcript4-19,read> 0.0015707427139818456
<1110,registrar0-0,roster2-7,read> 1.2189916772536575E-4
<1111,chair2,transcript2-9,read> 9.846506929377138E-4
<1112,stu4-12,transcript4-12,read> 0.0015450425718601109
<1113,registrar2-0,roster2-1,write> 7.241377219228022E-5
<1114,registrar2-1,roster0-3,write> 1.270215459661948E-4
<1115,admissions0-1,stu5-5application5-5,read> 8.781351391973607E-5
<1116,registrar2-0,roster2-2,write> 6.690924127988114E-5
<1117,admissions0-1,stu2-11application2-11,setStatus> 7.763924676381695E-5
<1118,registrar0-0,roster1-8,read> 1.809548770157675E-4
<1119,admissions4-1,stu3-15application3-15,setStatus> 1.3771418726467733E-4
<1120,registrar0-0,roster2-1,read> 9.602082320485265E-5
<1121,stu1-0,gradebook1-6,addScore> 1.252401181277674E-4
<1122,stu0-5,gradebook0-8,addScore> 7.719309398556304E-5
<1123,registrar0-0,roster2-3,read> 8.673116106928385E-5
<1124,registrar0-0,roster2-2,read> 8.872180295547714E-5
<1125,fac5-0,gradebook5-1,readScore> 5.9993480094540206E-5
<1126,registrar0-0,roster2-5,read> 8.938535025087492E-5
<1127,admissions0-0,stu2-1application2-1,setStatus> 1.2804944171446728E-4
<1128,registrar0-1,transcript0-0,read> 1.54904225881055E-4
<1129,admissions4-0,stu0-8application0-8,read> 1.2364674121152205E-4
<1130,registrar0-0,roster2-4,read> 9.004889754627271E-5
<1131,admissions2-1,stu2-5application2-5,read> 1.1094365202587384E-4
<1132,admissions2-1,stu5-2application5-2,setStatus> 1.3259231083800844E-4
<1133,admissions0-0,stu5-5application5-5,read> 8.811169223525299E-5
<1134,admissions0-1,stu2-9application2-9,setStatus> 2.0258140553033733E-4
<1135,stu3-5,gradebook3-4,readMyScores> 5.178421479514695E-5
<1136,admissions2-0,application0-1,read> 5.153171104491965E-5
<1137,admissions2-0,application3-4,read> 1.048805279568803E-4
<1138,admissions4-1,application4-3,setStatus> 1.4015845622958803E-4
<1139,admissions2-0,application0-0,read> 5.322532428021999E-5
<1140,admissions2-0,application0-4,setStatus> 5.903990267470994E-5
<1141,registrar0-1,roster3-2,write> 7.623568201842812E-5
<1142,admissions0-1,stu0-2application0-2,setStatus> 9.4889783457149E-6
<1143,admissions0-1,stu5-6application5-6,read> 2.984035225207062E-5
<1144,stu4-16,gradebook4-9,readMyScores> 3.314873264702792E-5
<1145,admissions2-0,stu2-5application2-5,read> 1.1461880405985725E-4
<1146,admissions4-1,stu3-3application3-3,setStatus> 1.8171102863307002E-4
<1147,admissions0-1,stu4-4application4-4,read> 1.3729060879127817E-4
<1148,admissions2-0,stu0-12application0-12,read> 4.2640241559592877E-5
<1149,admissions4-0,stu1-5application1-5,read> 9.163694196217074E-5
<1150,registrar0-1,transcript5-0,read> 2.528525263215822E-4
<1151,app1-4,application1-4,checkStatus> 1.4916028654102278E-4
<1152,admissions0-1,stu4-0application4-0,read> 5.9326701720969445E-5
<1153,admissions2-1,stu3-14application3-14,read> 9.537021649445981E-5
<1154,admissions2-0,stu0-0application0-0,setStatus> 1.162955773908293E-4
<1155,admissions4-1,stu4-11application4-11,read> 1.525924524540888E-4
<1156,stu3-7,gradebook3-6,addScore> 1.293433463682347E-4
<1157,chair0,transcript0-5,read> 5.535434069545001E-4
<1158,stu4-17,gradebook4-8,readMyScores> 7.962329694592264E-5
<1159,stu4-17,gradebook4-7,readMyScores> 5.807843767882872E-5
<1160,admissions2-0,application0-4,read> 5.195511435374474E-5
<1161,admissions4-0,stu1-4application1-4,setStatus> 1.8852235934166568E-4
<1162,registrar2-1,transcript5-2,read> 2.6639986583832926E-4
<1163,admissions2-0,application0-3,setStatus> 5.95210427983748E-5
<1164,fac4-1,gradebook4-3,assignGrade> 4.002266953206243E-4
<1165,admissions2-1,stu2-5application2-5,setStatus> 1.260723318475839E-4
<1166,admissions2-0,application0-2,setStatus> 5.80776224273802E-5
<1167,admissions4-1,stu0-14application0-14,setStatus> 1.147380589945167E-4
<1168,chair4,transcript4-9,read> 0.0010094269737413468
<1169,admissions2-0,application0-2,read> 5.110830773609457E-5
<1170,admissions2-0,application0-1,setStatus> 5.855876255104506E-5
<1171,registrar2-1,transcript2-10,read> 3.00866694841671E-4
<1172,stu3-2,stu3-2application3-2,checkStatus> 5.180559734291255E-4
<1173,stu1-1,gradebook1-6,addScore> 1.2576967465262055E-4
<1174,admissions4-0,stu5-4application5-4,setStatus> 6.0483162344260414E-5
<1175,admissions4-0,application5-4,read> 1.6376568960404237E-4
<1176,registrar0-1,transcript2-13,read> 2.901248884361191E-4
<1177,stu4-17,gradebook4-3,readMyScores> 5.5307204750075324E-5
<1178,admissions2-0,application0-3,read> 5.237851766256981E-5
<1179,admissions2-0,application0-0,setStatus> 6.048332304570455E-5
<1180,fac3-0,roster3-1,read> 0.0014622829671878132
<1181,admissions2-0,stu4-19application4-19,read> 5.364872758904508E-5
<1182,stu4-11,transcript4-11,read> 0.0014636587884746183
<1183,chair5,transcript5-4,read> 0.0014653105405281934
<1184,admissions2-1,application0-0,read> 5.151870065600451E-5
<1185,admissions2-1,application0-2,read> 4.946956440187109E-5
<1186,admissions4-1,stu1-1application1-1,setStatus> 1.91976958285695E-4
<1187,admissions2-1,application0-1,read> 4.9879391652697776E-5
<1188,registrar2-0,transcript2-19,read> 3.1398046720437615E-4
<1189,registrar4-1,roster1-4,read> 2.0894850202145553E-4
<1190,registrar4-1,transcript4-8,read> 2.113502448406502E-4
<1191,chair2,transcript2-8,read> 9.450086436519012E-4
<1192,registrar0-1,roster2-9,read> 1.233175703061939E-4
<1193,registrar4-1,roster0-8,read> 2.2012613244323695E-4
<1194,admissions0-0,stu5-6application5-6,read> 2.994167772661076E-5
<1195,stu4-17,stu4-17application4-17,checkStatus> 9.025388020167254E-4
<1196,registrar4-0,roster1-7,write> 1.553465498997265E-4
<1197,registrar0-1,roster2-8,read> 1.2265708789437762E-4
<1198,registrar0-1,roster2-7,read> 1.213361230707451E-4
<1199,stu5-5,stu5-5application5-5,checkStatus> 9.129302298163904E-4
<1200,admissions0-1,stu0-10application0-10,setStatus> 2.2132272934531543E-4
<1201,admissions2-1,application5-1,read> 1.5438534061350243E-4
<1202,admissions4-0,stu3-7application3-7,setStatus> 1.3953766655099172E-4
<1203,admissions2-0,stu3-14application3-14,read> 9.852947832450402E-5
<1204,stu2-2,transcript2-2,read> 8.254385924515437E-4
<1205,admissions0-0,application2-4,setStatus> 6.593608374579559E-5
<1206,admissions0-0,stu1-6application1-6,setStatus> 2.8896007892917987E-5
<1207,stu4-16,gradebook4-4,readMyScores> 5.066691108307821E-5
<1208,admissions2-1,application0-2,setStatus> 5.6215414093035336E-5
<1209,admissions2-1,application0-3,read> 5.069904615435115E-5
<1210,chair2,transcript2-1,read> 9.598744121340808E-4
<1211,admissions2-1,application0-1,setStatus> 5.6681126878065666E-5
<1212,admissions2-1,application0-4,read> 5.028921890352446E-5
<1213,registrar2-1,roster0-3,read> 1.746546257035179E-4
<1214,fac2-3,gradebook2-6,readScore> 4.977362877594941E-4
<1215,stu4-1,transcript4-1,read> 9.025390188167473E-4
<1216,admissions2-1,application0-4,setStatus> 5.714683966309599E-5
<1217,admissions2-1,application0-3,setStatus> 5.761255244812632E-5
<1218,admissions2-1,stu5-3application5-3,read> 1.1914019704240751E-4
<1219,admissions4-1,stu4-0application4-0,read> 5.1067296727557724E-5
<1220,admissions4-1,stu4-14application4-14,setStatus> 1.5335750864010585E-4
<1221,stu2-1,gradebook2-4,readMyScores> 1.2543364469532319E-4
<1222,admissions0-1,stu1-9application1-9,read> 1.517838992081945E-4
<1223,admissions4-1,stu3-7application3-7,setStatus> 1.4064731002257018E-4
<1224,admissions2-1,stu2-11application2-11,read> 5.602680041509805E-5
<1225,registrar0-0,transcript3-19,read> 2.984377467305271E-4
<1226,admissions0-0,stu5-18application5-18,read> 1.1418790563567885E-4
<1227,admissions2-0,stu1-15application1-15,read> 1.1800603053045789E-4
<1228,admissions0-1,stu0-9application0-9,setStatus> 1.2420859684952E-4
<1229,stu3-9,gradebook3-5,addScore> 9.711730340173143E-5
<1230,stu0-0,gradebook0-5,addScore> 6.885030662359582E-5
<1231,registrar4-1,transcript5-7,read> 3.108913640797914E-4
<1232,registrar2-1,transcript3-0,read> 6.594804452942043E-5
<1233,registrar2-1,transcript1-11,read> 3.6923346421343135E-5
<1234,stu4-19,gradebook4-5,readMyScores> 8.118122133464021E-5
<1235,stu4-19,gradebook4-9,readMyScores> 3.4428606494403517E-5
<1236,admissions4-0,stu1-7application1-7,read> 2.633695149349405E-5
<1237,registrar0-0,transcript0-15,read> 2.8450460451234804E-4
<1238,stu4-17,gradebook4-9,readMyScores> 3.340470741650304E-5
<1239,stu5-16,stu5-16application5-16,checkStatus> 0.0013545659113021473
<1240,registrar4-0,roster1-5,write> 1.5248784939551438E-4
<1241,admissions2-0,application4-0,read> 1.1419540075103213E-4
<1242,admissions2-1,application3-2,setStatus> 1.162923633619471E-4
<1243,admissions0-0,stu0-2application0-2,setStatus> 9.521198985258925E-6
<1244,admissions2-0,stu3-1application3-1,read> 1.3621237280993654E-4
<1245,admissions2-1,stu0-12application0-12,read> 4.127301938533739E-5
<1246,admissions4-0,stu3-3application3-3,setStatus> 1.8027741105016608E-4
<1247,admissions2-0,stu2-11application2-11,read> 5.788276067729592E-5
<1248,stu4-18,gradebook4-3,readMyScores> 5.657863474432993E-5
<1249,admissions2-1,stu3-8application3-8,setStatus> 1.474951199589788E-4
<1250,stu3-13,stu3-13application3-13,checkStatus> 0.001235064491606001
<1251,admissions2-1,stu2-12application2-12,read> 4.332215563947082E-5
<1252,stu4-18,gradebook4-8,readMyScores> 8.145371756536914E-5
<1253,stu4-13,gradebook4-6,addScore> 2.110938644256521E-4
<1254,stu4-18,gradebook4-7,readMyScores> 5.94135741771926E-5
<1255,app2-3,application2-3,checkStatus> 5.907959680267796E-4
<1256,registrar2-1,roster4-3,read> 1.255843071216886E-4
<1257,admissions0-0,stu3-10application3-10,setStatus> 5.795822125440657E-5
<1258,registrar2-1,roster4-4,read> 9.655679472116992E-5
<1259,registrar2-0,roster0-7,write> 1.2946072892077972E-4
<1260,registrar2-1,roster4-5,read> 9.517453222590713E-5
<1261,registrar2-1,roster4-6,read> 1.007035822069583E-4
<1262,admissions2-0,stu3-17application3-17,setStatus> 1.365034625847538E-4
<1263,registrar0-1,transcript4-10,read> 2.9359208491189E-4
<1264,admissions0-0,stu4-1application4-1,read> 1.818857673483229E-4
<1265,admissions2-1,stu1-1application1-1,setStatus> 1.828892916212834E-4
<1266,admissions4-1,stu1-11application1-11,read> 1.3538479894111742E-4
<1267,registrar2-1,roster4-1,read> 1.2420204462642583E-4
<1268,registrar4-0,roster1-9,read> 2.1517379138944064E-4
<1269,registrar4-0,roster5-1,read> 1.3891795543958252E-4
<1270,stu1-2,transcript1-2,read> 0.0013308747208456565
<1271,registrar0-1,roster0-8,write> 1.3243673087842974E-4
<1272,registrar0-1,roster0-9,write> 1.3339743256834431E-4
<1273,stu4-2,transcript4-2,read> 9.068223758370361E-4
<1274,fac4-4,gradebook4-9,readScore> 2.545015720256225E-4
<1275,registrar0-1,roster0-6,write> 1.247511173591133E-4
<1276,registrar0-1,roster0-7,write> 1.2427076651415602E-4
<1277,registrar0-1,roster0-4,write> 1.2379041566919875E-4
<1278,registrar0-1,roster0-5,write> 1.2331006482424147E-4
<1279,stu2-0,gradebook2-5,readMyScores> 2.316706486270292E-4
<1280,admissions2-0,stu0-15application0-15,setStatus> 1.1340873664884008E-4
<1281,chair4,transcript4-15,read> 0.001792357447136149
<1282,registrar4-1,transcript4-18,read> 3.8528525319536015E-4
<1283,registrar0-1,roster0-2,write> 1.223493631343269E-4
<1284,admissions0-0,stu5-3application5-3,read> 1.4578024110157938E-4
<1285,registrar0-1,roster0-3,write> 1.2138866144441234E-4
<1286,admissions4-1,stu1-7application1-7,read> 2.654639047157353E-5
<1287,registrar0-1,roster0-1,write> 1.204279597544978E-4
<1288,admissions2-0,stu0-0application0-0,read> 1.0234010810392978E-4
<1289,registrar0-1,roster1-6,write> 1.2715287158389968E-4
<1290,registrar2-0,transcript4-16,read> 3.302344590356872E-4
<1291,admissions0-0,stu3-7application3-7,setStatus> 1.6394982292571792E-4
<1292,registrar2-0,roster4-7,read> 9.819280403628553E-5
<1293,registrar2-1,roster5-4,write> 7.424425069252444E-5
<1294,registrar2-0,roster4-6,read> 1.0025700312843519E-4
<1295,stu4-10,gradebook4-3,readMyScores> 5.445958475390559E-5
<1296,registrar2-0,roster4-9,read> 8.855987493958716E-5
<1297,registrar2-0,roster4-8,read> 9.062407403173681E-5
<1298,stu3-3,gradebook3-7,readMyScores> 4.153501081954949E-5
<1299,fac4-3,gradebook4-7,changeScore> 0.0011558576912342909
<1300,fac1-3,gradebook1-6,assignGrade> 2.582566645763954E-4
<1301,registrar2-0,roster4-4,read> 9.61286049441359E-5
<1302,stu2-13,stu2-13application2-13,checkStatus> 0.0010532145051118662
<1303,registrar2-0,roster4-2,read> 1.2433932587018113E-4
<1304,admissions2-0,stu2-7application2-7,setStatus> 8.887059034193179E-5
<1305,registrar4-1,transcript1-6,read> 3.2136937663128004E-4
<1306,fac4-0,gradebook4-1,readScore> 2.8425901065263863E-4
<1307,admissions4-0,stu3-6application3-6,read> 1.5992451369412024E-4
<1308,admissions0-1,stu3-10application3-10,setStatus> 5.776208514187051E-5
<1309,registrar0-1,roster5-3,read> 9.821923865717611E-5
<1310,registrar0-0,transcript1-3,read> 2.7144228368280527E-4
<1311,admissions0-1,stu4-10application4-10,setStatus> 3.3341572292050614E-5
<1312,registrar2-0,roster4-1,read> 1.2365125950613122E-4
<1313,admissions4-1,application5-0,setStatus> 1.8366644380499858E-4
<1314,admissions2-0,stu0-18application0-18,read> 1.6585060442769243E-4
<1315,registrar0-0,transcript5-6,read> 2.592507842418986E-4
<1316,admissions2-1,stu0-15application0-15,setStatus> 1.0977238437152256E-4
<1317,stu1-8,transcript1-8,read> 0.0013051745787239217
<1318,admissions4-1,stu1-17application1-17,read> 5.149748806538201E-5
<1319,registrar4-0,transcript2-19,read> 3.5873492132704887E-4
<1320,admissions2-0,stu2-6application2-6,read> 1.1842943383928298E-4
<1321,admissions2-1,stu1-15application1-15,read> 1.142222700324873E-4
<1322,registrar0-1,transcript0-16,read> 2.77989700770921E-4
<1323,registrar4-0,transcript2-10,read> 3.4222752650504926E-4
<1324,registrar4-1,roster5-6,read> 1.21124262993173E-4
<1325,registrar0-0,roster0-3,read> 1.6768393110781207E-4
<1326,admissions0-0,stu3-13application3-13,read> 1.1920256205883768E-4
<1327,admissions0-0,application5-1,setStatus> 2.1466623447811956E-4
<1328,admissions4-1,stu3-17application3-17,read> 1.2204886746856461E-4
<1329,admissions0-1,stu1-3application1-3,setStatus> 1.5714789325160265E-4
<1330,admissions4-1,stu4-13application4-13,read> 1.5388302646756168E-4
<1331,admissions4-1,stu4-4application4-4,read> 1.1817714542814604E-4
<1332,admissions0-0,stu3-9application3-9,read> 8.209410452746243E-5
<1333,chair3,transcript3-9,read> 3.3551213588252983E-4
<1334,registrar4-0,transcript4-1,read> 2.1739035316367723E-4
<1335,registrar4-0,transcript4-2,read> 2.184220653400522E-4
<1336,registrar4-0,transcript4-7,read> 2.0707323139992746E-4
<1337,admissions0-0,stu4-15application4-15,setStatus> 1.3510130230953437E-5
<1338,admissions0-0,stu2-17application2-17,setStatus> 1.2178112118551874E-4
<1339,registrar4-0,transcript4-6,read> 2.1532692881092726E-4
<1340,registrar4-0,transcript4-5,read> 2.1429521663455226E-4
<1341,admissions0-1,stu3-0application3-0,setStatus> 8.502219250911133E-5
<1342,registrar4-0,transcript4-3,read> 2.1223179228180235E-4
<1343,stu2-13,transcript2-13,read> 0.0014336752893325945
<1344,admissions0-1,application5-4,setStatus> 2.1791521592441027E-4
<1345,admissions0-0,stu1-3application1-3,setStatus> 1.5768150239676938E-4
<1346,admissions4-0,stu3-15application3-15,read> 1.2023236262492458E-4
<1347,admissions4-1,stu1-13application1-13,read> 1.0355063994212041E-4
<1348,registrar4-0,transcript0-6,read> 1.1318742334980467E-4
<1349,app4-4,application4-4,checkStatus> 0.001484458758797958
<1350,registrar2-1,transcript4-15,read> 3.280773493179936E-4
<1351,admissions2-1,stu2-6application2-6,read> 1.1463209728331401E-4
<1352,admissions4-1,stu5-18application5-18,setStatus> 1.1131608244364172E-4
<1353,registrar2-1,transcript0-8,read> 1.0222891716451706E-4
<1354,admissions2-0,stu1-14application1-14,setStatus> 1.634473095099864E-4
<1355,registrar0-0,roster0-7,write> 1.2484742900378088E-4
<1356,registrar0-0,roster0-8,write> 1.3305128647415334E-4
<1357,fac5-3,gradebook5-7,assignGrade> 1.6840221473827578E-4
<1358,admissions4-0,stu4-13application4-13,read> 1.5266895919760062E-4
<1359,registrar0-0,roster0-9,write> 1.3401644617655012E-4
<1360,admissions0-1,stu3-9application3-9,read> 8.18162902989431E-5
<1361,fac2-4,gradebook2-9,readScore> 4.886796760034457E-4
<1362,chair4,transcript4-0,read> 0.0010391585107057061
<1363,admissions0-0,application3-0,read> 1.232142871973647E-4
<1364,fac0-4,gradebook0-9,addScore> 1.8509835336447597E-4
<1365,admissions2-0,application5-3,setStatus> 1.8317405458024604E-4
<1366,admissions0-1,stu4-9application4-9,setStatus> 1.3613489382268784E-4
<1367,admissions0-0,stu4-4application4-4,read> 1.3775679082452525E-4
<1368,registrar4-1,transcript4-0,read> 2.197326548818411E-4
<1369,fac4-0,gradebook4-1,addScore> 7.715601717714478E-4
<1370,registrar4-1,transcript4-1,read> 2.2078045613698992E-4
<1371,registrar4-1,transcript0-2,read> 1.8305961095163117E-4
<1372,registrar4-1,transcript4-2,read> 2.2182825739213878E-4
<1373,stu3-6,transcript3-6,read> 3.414192491588763E-4
<1374,registrar0-0,roster0-1,write> 1.2098679019419383E-4
<1375,registrar4-1,transcript4-3,read> 2.1554144986124567E-4
<1376,registrar0-0,roster0-4,write> 1.243648491525825E-4
<1377,registrar0-0,roster0-5,write> 1.2388226930138413E-4
<1378,registrar0-0,roster0-6,write> 1.2533000885497927E-4
<1379,admissions0-0,stu1-1application1-1,setStatus> 2.2378379161113558E-4
<1380,admissions0-1,stu5-18application5-18,read> 1.1380148294317233E-4
<1381,registrar4-1,transcript4-9,read> 2.1344584735094794E-4
<1382,admissions2-1,stu0-0application0-0,read> 9.905866175189995E-5
<1383,registrar4-1,transcript4-5,read> 2.1763705237154334E-4
<1384,registrar4-1,transcript4-7,read> 2.1030244358550139E-4
<1385,admissions0-1,stu4-15application4-15,setStatus> 1.3464410670104189E-5
<1386,fac5-3,gradebook5-6,changeScore> 4.765580504581069E-4
<1387,admissions0-1,stu2-7application2-7,setStatus> 1.0489935413105776E-4
<1388,fac1-1,gradebook1-3,assignGrade> 2.798217325375441E-4
<1389,admissions2-1,stu0-0application0-0,setStatus> 1.1256666108170452E-4
<1390,registrar0-1,roster1-7,read> 1.7945857531057586E-4
<1391,registrar2-1,roster4-9,read> 8.895435099722453E-5
<1392,app3-2,application3-2,checkStatus> 0.0012974130584039905
<1393,stu1-7,stu1-7application1-7,checkStatus> 3.2061884523549303E-4
<1394,admissions4-0,stu1-18application1-18,read> 9.54781178720929E-5
<1395,registrar2-0,roster5-6,write> 7.591665550017054E-5
<1396,registrar2-1,roster4-8,read> 9.102774474011873E-5
<1397,admissions0-1,stu1-3application1-3,read> 1.3829014606141034E-4
<1398,registrar2-1,transcript0-2,read> 1.584642697489168E-4
<1399,admissions4-1,stu1-18application1-18,setStatus> 1.0936066727171315E-4
<1400,admissions2-1,application1-2,setStatus> 2.03555296457004E-5
<1401,registrar2-1,roster4-7,read> 9.863018846406411E-5
<1402,admissions0-0,stu4-0application4-0,read> 5.952815062324777E-5
<1403,registrar2-1,transcript3-7,read> 7.139017542468492E-5
<1404,registrar2-1,transcript3-8,read> 6.231995726591076E-5
<1405,registrar2-1,transcript3-9,read> 6.141293545003334E-5
<1406,admissions4-0,stu1-15application1-15,read> 1.1895197065495053E-4
<1407,admissions4-0,stu1-10application1-10,setStatus> 1.0510288251002286E-4
<1408,admissions4-1,stu0-4application0-4,setStatus> 1.2402628106117738E-4
<1409,admissions0-0,stu0-1application0-1,setStatus> 1.7499061476647947E-5
<1410,registrar2-1,transcript3-3,read> 6.685506634529785E-5
<1411,admissions2-0,stu1-1application1-1,read> 1.662740077365175E-4
<1412,registrar4-1,roster4-7,write> 8.286446795368256E-5
<1413,stu1-10,gradebook1-1,readMyScores> 5.754528187743164E-5
<1414,registrar2-0,transcript4-19,read> 3.3113745858187116E-4
<1415,app0-4,application0-4,checkStatus> 6.375573931252716E-4
<1416,registrar2-1,transcript3-4,read> 7.04831536088075E-5
<1417,admissions4-1,application5-1,read> 1.6205666188622302E-4
<1418,admissions4-1,stu2-9application2-9,setStatus> 1.743782217383379E-4
<1419,registrar2-1,transcript3-5,read> 6.957613179293008E-5
<1420,registrar2-1,transcript3-6,read> 7.229719724056233E-5
<1421,registrar2-1,transcript5-11,read> 2.5132062814936726E-5
<1422,admissions0-0,application5-2,setStatus> 2.1580592911974656E-4
<1423,fac3-3,gradebook3-7,readScore> 2.244236022063634E-5
<1424,fac3-3,gradebook3-6,readScore> 2.6869070711796454E-5
<1425,fac2-0,gradebook2-1,readScore> 2.367071757208029E-4
<1426,registrar4-1,roster5-8,read> 1.259146760310793E-4
<1427,admissions0-1,application4-0,read> 1.3479176561594772E-4
<1428,stu5-0,gradebook5-7,readMyScores> 3.072261974377599E-5
<1429,registrar4-1,roster5-9,read> 1.2990668689600126E-4
<1430,stu2-1,transcript2-1,read> 8.297219494718326E-4
<1431,admissions4-0,stu0-12application0-12,read> 4.2982047103156746E-5
<1432,registrar0-0,roster2-9,write> 9.010167971749751E-5
<1433,registrar0-0,roster2-8,write> 8.961909986629913E-5
<1434,registrar0-0,roster2-7,write> 8.865394016390237E-5
<1435,registrar0-0,roster2-6,write> 8.817136031270401E-5
<1436,admissions0-1,stu3-14application3-14,read> 1.1630032611850275E-4
<1437,registrar0-0,roster2-5,write> 6.500752745518175E-5
<1438,registrar0-0,roster2-4,write> 6.549010730638017E-5
<1439,fac3-2,gradebook3-5,changeScore> 4.56430653694368E-4
<1440,admissions2-0,stu5-19application5-19,read> 2.6550915824239668E-5
<1441,registrar0-0,roster2-2,write> 6.452494760398338E-5
<1442,admissions4-1,stu5-19application5-19,read> 2.697658180939782E-5
<1443,admissions4-0,stu2-6application2-6,read> 1.193787679782752E-4
<1444,registrar2-1,transcript3-1,read> 6.5041022713543E-5
<1445,registrar0-0,roster2-1,write> 6.983332596716557E-5
<1446,fac1-4,gradebook1-9,assignGrade> 2.3848868561200906E-4
<1447,admissions4-0,stu4-6application4-6,setStatus> 5.708818363599588E-5
<1448,stu4-11,gradebook4-2,readMyScores> 6.031652688166343E-5
<1449,registrar0-0,transcript3-13,read> 3.062751392282528E-4
<1450,registrar2-0,transcript3-9,read> 6.114059427287132E-5
<1451,registrar2-0,transcript3-6,read> 7.197658882707868E-5
<1452,admissions2-1,stu5-16application5-16,setStatus> 1.2141520399728066E-4
<1453,admissions2-1,application4-0,read> 1.1053382477504714E-4
<1454,registrar2-0,transcript3-7,read> 7.107358928089474E-5
<1455,registrar2-0,transcript3-4,read> 7.017058973471079E-5
<1456,fac3-4,gradebook3-9,readScore> 1.1088958560828328E-4
<1457,stu5-17,stu5-17application5-17,checkStatus> 0.0013078044862036553
<1458,registrar2-0,transcript3-5,read> 6.926759018852685E-5
<1459,fac3-4,gradebook3-8,readScore> 1.095957839288478E-4
<1460,registrar2-0,transcript3-2,read> 6.83645906423429E-5
<1461,registrar2-0,transcript3-3,read> 6.6558591549975E-5
<1462,admissions4-1,stu0-11application0-11,read> 1.4441881703542735E-4
<1463,fac2-1,gradebook2-3,readScore> 1.5270922864484766E-4
<1464,fac2-1,gradebook2-2,readScore> 4.7832926256796183E-4
<1465,stu5-11,gradebook5-8,addScore> 8.018768846756172E-5
<1466,admissions0-0,stu3-14application3-14,read> 1.1669523384725828E-4
<1467,registrar2-0,transcript3-1,read> 6.475259245760712E-5
<1468,stu0-4,transcript0-4,read> 4.5706988870668186E-4
<1469,registrar0-1,roster0-5,read> 1.6955133913333203E-4
<1470,registrar2-0,transcript3-0,read> 6.565559200379106E-5
<1471,stu2-11,gradebook2-3,addScore> 4.7083580482315735E-4
<1472,admissions0-0,application2-1,read> 5.200616598850954E-5
<1473,admissions4-1,stu1-6application1-6,read> 2.181428575550641E-5
<1474,stu4-10,gradebook4-5,readMyScores> 7.755975421190531E-5
<1475,admissions0-1,stu0-9application0-9,read> 1.093035652275776E-4
<1476,registrar4-0,roster0-2,write> 1.4562696818540532E-4
<1477,admissions2-1,stu3-4application3-4,read> 4.045336488368402E-5
<1478,admissions0-1,stu3-6application3-6,setStatus> 2.1280394579305264E-4
<1479,admissions4-0,stu0-19application0-19,read> 8.438138746565111E-5
<1480,chair0,transcript0-11,read> 0.0016040577130285382
<1481,registrar4-1,transcript0-11,read> 3.3918199796881054E-4
<1482,fac3-1,gradebook3-3,readScore> 1.1347718896715426E-4
<1483,admissions0-1,stu0-14application0-14,read> 1.1729986338863492E-4
<1484,fac3-1,gradebook3-2,readScore> 1.1218338728771876E-4
<1485,registrar4-0,roster5-6,read> 1.1926438947312427E-4
<1486,registrar4-0,roster5-5,read> 1.2083667475044091E-4
<1487,admissions4-0,stu3-7application3-7,read> 1.2279314656487268E-4
<1488,registrar4-0,roster5-3,read> 1.1690596155714929E-4
<1489,registrar2-1,roster1-6,read> 1.8294820067509465E-4
<1490,registrar0-0,roster5-9,read> 1.0796467452201254E-4
<1491,registrar4-0,roster5-2,read> 1.3970409807824083E-4
<1492,admissions2-1,stu1-1application1-1,read> 1.6094257662672938E-4
<1493,admissions2-1,stu2-3application2-3,read> 5.233835515765789E-5
<1494,admissions4-1,stu0-19application0-19,read> 8.505241241567617E-5
<1495,registrar4-0,roster5-7,read> 1.255535305823909E-4
<1496,registrar4-0,roster5-8,read> 1.2398124530507427E-4
<1497,fac3-2,gradebook3-5,readScore> 1.9423460680346284E-5
<1498,registrar0-0,transcript4-11,read> 2.9756692534189087E-4
<1499,admissions4-0,stu3-9application3-9,setStatus> 7.93980437188771E-5
<1500,admissions0-1,stu0-11application0-11,read> 1.677764955303091E-4
<1501,registrar4-0,roster5-9,read> 1.2791195849836588E-4
<1502,stu0-10,gradebook0-4,readMyScores> 4.174227691186937E-5
<1503,fac3-2,gradebook3-4,readScore> 1.1606479232602522E-4
<1504,stu4-12,gradebook4-7,readMyScores> 5.629825568101021E-5
<1505,stu1-18,gradebook1-5,readMyScores> 1.7393614279679722E-5
<1506,registrar4-1,roster5-5,read> 1.2272106733914178E-4
<1507,registrar0-1,roster2-7,write> 8.824445314236008E-5
<1508,admissions2-1,stu1-14application1-14,read> 1.3922173233291504E-4
<1509,registrar2-1,transcript0-12,read> 2.999596730257937E-4
<1510,registrar4-1,roster5-4,read> 1.1793065430123546E-4
<1511,registrar0-1,roster2-6,write> 8.776410229740283E-5
<1512,registrar4-1,roster5-7,read> 1.2751148037704808E-4
<1513,registrar0-1,roster2-9,write> 8.968550567723195E-5
<1514,registrar0-1,roster2-8,write> 8.920515483227464E-5
<1515,registrar4-1,roster5-1,read> 1.4108431731778265E-4
<1516,admissions4-0,stu3-8application3-8,setStatus> 1.5360257834237337E-4
<1517,admissions0-0,stu0-5application0-5,read> 1.618271416556876E-4
<1518,registrar4-1,roster5-3,read> 1.1872905647421984E-4
<1519,registrar4-1,roster5-2,read> 1.41882719490767E-4
<1520,admissions2-1,application4-4,read> 1.1709106078827411E-4
<1521,registrar0-1,roster2-1,write> 6.951077018902623E-5
<1522,admissions4-0,stu5-19application5-19,read> 2.676374881681874E-5
<1523,admissions4-1,stu2-10application2-10,setStatus> 1.1864888933837382E-4
<1524,admissions4-1,stu1-19application1-19,read> 3.816155659282921E-5
<1525,registrar0-1,roster2-3,write> 6.278585835962433E-5
<1526,registrar0-1,roster2-2,write> 6.422691089449615E-5
<1527,registrar0-1,roster2-5,write> 6.470726173945344E-5
<1528,admissions2-0,application3-3,read> 1.0530393126570538E-4
<1529,admissions0-1,stu5-5application5-5,setStatus> 9.978808399970009E-5
<1530,admissions2-1,stu1-0application1-0,read> 1.5110672260688893E-4
<1531,registrar0-1,roster2-4,write> 6.518761258441073E-5
<1532,admissions0-0,stu1-8application1-8,read> 1.2822894362052352E-4
<1533,admissions0-0,stu3-19application3-19,setStatus> 1.7249753273792043E-4
<1534,fac3-1,gradebook3-2,assignGrade> 1.5582259176093904E-4
<1535,registrar0-1,roster4-7,write> 6.855006849911167E-5
<1536,admissions4-0,stu1-13application1-13,read> 1.0273367236861254E-4
<1537,registrar4-0,transcript2-17,read> 3.5460807262154904E-4
<1538,stu5-14,gradebook5-4,addScore> 8.165265608046061E-5
<1539,fac1-0,gradebook1-1,readScore> 1.1579822077251571E-4
<1540,admissions0-0,stu3-1application3-1,setStatus> 1.8332463183337694E-4
<1541,stu4-14,gradebook4-3,readMyScores> 5.57310147481602E-5
<1542,admissions2-0,stu2-3application2-3,read> 5.407213089787015E-5
<1543,stu4-14,gradebook4-4,readMyScores> 5.1449411640345835E-5
<1544,stu4-14,gradebook4-1,readMyScores> 4.646311065945972E-5
<1545,stu4-13,gradebook4-9,readMyScores> 3.2124833569127446E-5
<1546,admissions4-0,stu4-17application4-17,setStatus> 8.424801330211215E-5
<1547,stu4-13,gradebook4-8,readMyScores> 7.65725959135118E-5
<1548,admissions4-1,stu2-4application2-4,setStatus> 3.1144060394570576E-5
<1549,admissions0-0,stu2-14application2-14,setStatus> 6.194715250010108E-5
<1550,admissions2-0,stu2-10application2-10,read> 1.0276351141275487E-4
<1551,stu4-4,gradebook4-3,readMyScores> 1.1167393449536283E-4
<1552,stu2-4,transcript2-4,read> 8.340053064921218E-4
<1553,fac0-4,gradebook0-9,readScore> 6.819413018691219E-5
<1554,fac0-4,gradebook0-8,readScore> 1.3605800312517655E-5
<1555,stu4-15,gradebook4-6,readMyScores> 6.835036155728772E-5
<1556,registrar2-0,transcript1-1,read> 2.3812850532492475E-4
<1557,admissions4-1,stu3-7application3-7,read> 1.2376963281986175E-4
<1558,stu1-3,transcript1-3,read> 0.0013351580778659456
<1559,admissions0-1,stu2-6application2-6,setStatus> 1.588516499620552E-4
<1560,stu1-19,stu1-19application1-19,checkStatus> 4.6090312053096875E-4
<1561,stu4-15,gradebook4-4,readMyScores> 5.184066191897964E-5
<1562,registrar2-0,roster1-7,read> 1.8695336499872058E-4
<1563,admissions2-0,stu0-13application0-13,read> 1.3959959928053718E-4
<1564,admissions0-1,stu1-14application1-14,setStatus> 1.929267841711062E-4
<1565,stu4-15,gradebook4-1,readMyScores> 4.6816442299455606E-5
<1566,admissions2-0,stu3-4application3-4,read> 4.17934349419427E-5
<1567,stu4-14,gradebook4-7,readMyScores> 5.852348317828334E-5
<1568,admissions2-1,stu4-5application4-5,setStatus> 7.204964878406633E-5
<1569,stu5-12,gradebook5-2,addScore> 6.586935735662799E-5
<1570,stu2-19,gradebook2-5,readMyScores> 1.5557093452501128E-4
<1571,admissions2-1,stu2-10application2-10,read> 9.946848900272665E-5
<1572,admissions2-1,application2-0,read> 4.209267388699076E-5
<1573,fac1-2,gradebook1-4,readScore> 1.7946107461836412E-4
<1574,fac1-2,gradebook1-5,readScore> 1.8334247965667063E-4
<1575,admissions0-0,stu2-6application2-6,setStatus> 1.5939104435920987E-4
<1576,stu4-12,gradebook4-3,readMyScores> 5.361196475773585E-5
<1577,registrar0-1,transcript3-14,read> 3.0399367433920266E-4
<1578,stu4-11,gradebook4-5,readMyScores> 7.695617635811617E-5
<1579,stu4-11,gradebook4-7,readMyScores> 5.674330118046485E-5
<1580,stu4-18,stu4-18application4-18,checkStatus> 1.0239886144253085E-4
<1581,admissions4-0,stu4-14application4-14,setStatus> 1.5214758746740281E-4
<1582,admissions2-0,stu4-5application4-5,setStatus> 7.443638663198572E-5
<1583,stu5-13,gradebook5-1,addScore> 8.375627132719316E-5
<1584,registrar2-0,transcript0-17,read> 2.8869647991122563E-4
<1585,fac1-1,gradebook1-3,readScore> 2.0145570316876748E-4
<1586,chair0,transcript0-2,read> 8.657245450802755E-4
<1587,admissions2-1,application3-4,read> 1.0151762525686006E-4
<1588,admissions4-0,application4-4,setStatus> 1.3856767263434468E-4
<1589,registrar2-0,roster4-6,write> 7.291418409340742E-5
<1590,registrar4-0,roster4-3,read> 1.4284866863287416E-4
<1591,fac1-1,gradebook1-2,readScore> 1.9757429813046097E-4
<1592,registrar4-1,transcript3-14,read> 3.6747263185782966E-4
<1593,chair5,transcript5-19,read> 9.270458400692672E-5
<1594,admissions0-1,stu3-19application3-19,setStatus> 1.7191378474219144E-4
<1595,registrar4-0,transcript4-15,read> 3.7317889179629864E-4
<1596,stu4-13,gradebook4-1,readMyScores> 4.434312081948437E-5
<1597,registrar2-1,transcript4-3,read> 1.865819460411167E-4
<1598,registrar2-1,roster5-7,read> 1.1037941967379786E-4
<1599,registrar0-1,transcript3-17,read> 3.0052647786343184E-4
<1600,chair5,transcript5-10,read> 1.5712291409637243E-4
<1601,registrar0-1,transcript3-10,read> 3.083276699339162E-4
<1602,registrar0-1,transcript4-2,read> 1.8350859680616471E-4
<1603,stu4-13,gradebook4-2,readMyScores> 5.93703852835197E-5
<1604,fac3-4,gradebook3-9,changeScore> 4.312714077396946E-4
<1605,stu4-12,gradebook4-5,readMyScores> 7.635259850432702E-5
<1606,admissions2-1,stu5-19application5-19,read> 2.5699583853923368E-5
<1607,admissions4-1,stu0-12application0-12,read> 4.3323852646720615E-5
<1608,admissions0-1,stu2-14application2-14,setStatus> 6.17375174662598E-5
<1609,admissions4-0,stu2-4application2-4,setStatus> 3.089834788652662E-5
<1610,registrar0-0,roster0-8,read> 1.8294551890196085E-4
<1611,admissions4-1,stu5-0application5-0,setStatus> 1.1913774313135595E-4
<1612,registrar4-0,roster4-2,write> 1.0331820072306609E-4
<1613,stu3-18,transcript3-18,read> 0.0014765088595354856
<1614,admissions0-0,application5-4,read> 1.9241654583695633E-4
<1615,admissions4-1,stu3-13application3-13,setStatus> 1.1620462037346313E-4
<1616,registrar2-1,transcript0-16,read> 2.908894548670195E-4
<1617,stu1-14,transcript1-14,read> 1.6580161132702357E-4
<1618,registrar2-1,transcript5-3,read> 2.6549284402245185E-4
<1619,admissions4-0,stu5-0application5-0,setStatus> 1.181978003847575E-4
<1620,chair4,transcript4-18,read> 0.001822088984100508
<1621,registrar4-0,roster4-4,write> 7.987685658852677E-5
<1622,registrar4-0,roster4-3,write> 1.0388994082390848E-4
<1623,admissions4-1,stu5-15application5-15,setStatus> 3.945457487526698E-5
<1624,admissions4-0,stu2-5application2-5,read> 1.1553759206835307E-4
<1625,stu5-6,transcript5-6,read> 0.001275191079581898
<1626,registrar0-1,roster1-2,read> 1.7681664566331084E-4
<1627,admissions0-0,stu5-19application5-19,setStatus> 3.5734175742680005E-5
<1628,registrar4-0,roster4-6,write> 8.33072971935813E-5
<1629,registrar2-0,transcript3-10,read> 3.212044635738477E-4
<1630,registrar4-0,roster4-5,write> 7.873337638684193E-5
<1631,registrar4-0,roster4-8,write> 7.530293578178739E-5
<1632,registrar4-0,roster4-7,write> 8.159207689105403E-5
<1633,fac3-3,gradebook3-6,addScore> 7.293033478916181E-5
<1634,registrar4-0,roster4-9,write> 7.35877154792601E-5
<1635,fac3-3,gradebook3-7,addScore> 6.091497774172722E-5
<1636,admissions4-0,stu0-15application0-15,setStatus> 1.1431782471816946E-4
<1637,fac1-4,gradebook1-8,readScore> 1.6781685950344476E-4
<1638,registrar0-1,transcript5-9,read> 2.589201201541812E-4
<1639,admissions0-1,stu3-17application3-17,setStatus> 1.6112332557599194E-4
<1640,fac0-1,gradebook0-2,readScore> 2.2461182424949923E-5
<1641,admissions4-1,stu4-12application4-12,setStatus> 1.5922375415589152E-4
<1642,admissions4-1,stu5-5application5-5,read> 7.558820298354192E-5
<1643,admissions4-0,stu2-1application2-1,read> 9.590491519541757E-5
<1644,fac0-1,gradebook0-3,readScore> 2.9324218197519256E-5
<1645,stu2-9,transcript2-9,read> 8.511387345732782E-4
<1646,registrar2-0,roster4-5,write> 6.891088888438992E-5
<1647,registrar2-0,roster4-8,write> 6.590841747762678E-5
<1648,registrar2-0,roster4-7,write> 7.141294839002585E-5
<1649,admissions0-0,stu0-8application0-8,setStatus> 1.650895175673449E-4
<1650,admissions2-0,stu3-7application3-7,setStatus> 1.3842802307941326E-4
<1651,registrar2-0,roster4-9,write> 6.440718177424521E-5
<1652,admissions0-0,stu0-18application0-18,setStatus> 2.2321394429032203E-4
<1653,admissions2-0,stu3-19application3-19,read> 1.2816770994225995E-4
<1654,fac3-2,gradebook3-5,addScore> 5.272082184665421E-5
<1655,registrar2-1,roster1-4,read> 1.8087480693220048E-4
<1656,admissions0-1,stu1-4application1-4,setStatus> 2.2075481044183122E-4
<1657,admissions0-0,stu2-6application2-6,read> 1.4026411903610467E-4
<1658,admissions0-0,stu2-4application2-4,setStatus> 3.630402306349351E-5
<1659,admissions2-1,stu0-4application0-4,read> 1.0397658876182018E-4
<1660,admissions0-1,stu4-17application4-17,read> 8.68139766496039E-5
<1661,registrar2-0,roster4-2,write> 9.042860063285901E-5
<1662,registrar2-0,roster4-1,write> 8.99281887317318E-5
<1663,stu4-19,stu4-19application4-19,checkStatus> 6.583402487246012E-4
<1664,registrar2-0,roster4-4,write> 6.99117126866443E-5
<1665,fac3-2,gradebook3-4,addScore> 3.150330077420685E-4
<1666,registrar2-0,roster4-3,write> 9.092901253398619E-5
<1667,registrar0-0,roster3-1,read> 1.06637579931217E-4
<1668,registrar4-1,roster1-6,write> 1.5370451530211538E-4
<1669,admissions4-1,stu0-15application0-15,setStatus> 1.1522691278749882E-4
<1670,fac1-3,gradebook1-7,readScore> 1.0799619147891355E-4
<1671,fac1-3,gradebook1-6,readScore> 2.8972316188675685E-5
<1672,registrar2-1,roster3-2,write> 7.97733006735756E-5
<1673,admissions2-0,stu1-2application1-2,read> 1.3240174303051077E-4
<1674,admissions4-0,stu0-17application0-17,setStatus> 1.807624080084896E-4
<1675,admissions4-1,stu4-12application4-12,read> 1.4011690365718453E-4
<1676,registrar2-0,transcript0-10,read> 2.932114776421454E-4
<1677,fac0-0,gradebook0-1,readScore> 7.207553522521863E-5
<1678,admissions4-0,stu1-6application1-6,read> 2.1642180936922533E-5
<1679,stu3-9,gradebook3-4,readMyScores> 4.9520423984430145E-5
<1680,admissions0-0,application4-4,setStatus> 1.628101282840909E-4
<1681,admissions0-1,stu2-15application2-15,read> 3.533780723779752E-5
<1682,fac3-1,gradebook3-3,addScore> 3.0800951291084735E-4
<1683,admissions0-0,application4-2,setStatus> 1.599608916800234E-4
<1684,admissions0-0,application4-1,setStatus> 1.611005863216504E-4
<1685,admissions0-1,stu2-4application2-4,setStatus> 3.6181166809471534E-5
<1686,admissions2-0,stu0-4application0-4,read> 1.0742094780983081E-4
<1687,fac0-3,gradebook0-6,readScore> 1.927913344586113E-5
<1688,registrar4-1,roster4-6,write> 8.460643633110304E-5
<1689,registrar4-1,roster4-5,write> 7.996118732464844E-5
<1690,registrar4-1,roster4-4,write> 8.112249957626209E-5
<1691,stu3-9,transcript3-9,read> 2.900189649154072E-4
<1692,registrar4-1,roster4-3,write> 1.0551005686014878E-4
<1693,registrar4-1,roster4-2,write> 1.0492940073434197E-4
<1694,registrar4-1,roster4-1,write> 1.0434874460853513E-4
<1695,registrar0-1,transcript4-15,read> 3.1352846464757257E-4
<1696,admissions4-1,stu1-2application1-2,read> 1.3452441626546886E-4
<1697,admissions0-1,application4-3,setStatus> 1.6282708228644447E-4
<1698,admissions4-1,stu0-0application0-0,read> 1.0398083127994468E-4
<1699,admissions2-0,stu4-3application4-3,read> 1.654272011188674E-4
<1700,registrar4-0,transcript3-18,read> 3.5563978479792395E-4
<1701,admissions0-1,application4-4,setStatus> 1.622591633829603E-4
<1702,registrar4-1,transcript4-17,read> 3.821418494299136E-4
<1703,registrar0-0,roster3-2,read> 1.0531048534042146E-4
<1704,fac3-0,gradebook3-1,addScore> 1.0424763262638687E-4
<1705,registrar4-1,roster4-9,write> 7.473528219238698E-5
<1706,admissions0-1,application4-1,setStatus> 1.6055540667250776E-4
<1707,stu1-7,gradebook1-5,readMyScores> 3.641063255879622E-5
<1708,fac1-0,gradebook1-1,assignGrade> 2.708362875537321E-4
<1709,registrar0-1,transcript4-13,read> 3.11794866409687E-4
<1710,registrar4-1,roster4-8,write> 7.647725056980748E-5
<1711,stu3-19,transcript3-19,read> 0.0014679421454949072
<1712,admissions0-1,application4-2,setStatus> 1.594195688655394E-4
<1713,admissions4-0,stu2-4application2-4,read> 2.7190546140143423E-5
<1714,fac0-2,gradebook0-4,readScore> 1.3057254872862175E-5
<1715,stu2-6,transcript2-6,read> 8.083051643703872E-4
<1716,admissions0-0,stu2-16application2-16,setStatus> 1.1665249529819725E-4
<1717,fac0-2,gradebook0-5,readScore> 1.1677725744003871E-5
<1718,admissions2-0,stu0-19application0-19,setStatus> 9.512541194957507E-5
<1719,admissions4-1,stu1-8application1-8,setStatus> 1.2500398864714166E-4
<1720,admissions4-0,application0-0,setStatus> 6.0968159302583924E-5
<1721,admissions4-0,application0-1,setStatus> 5.902817146928991E-5
<1722,admissions4-1,stu2-4application2-4,read> 2.74067731472221E-5
<1723,registrar0-0,transcript4-13,read> 3.1324171033734224E-4
<1724,admissions4-0,application0-4,setStatus> 5.951316842761341E-5
<1725,registrar4-1,transcript4-10,read> 3.5489901679604333E-4
<1726,admissions4-0,application0-2,setStatus> 5.85431745109664E-5
<1727,registrar2-1,transcript3-15,read> 3.1719308752746456E-4
<1728,fac2-4,gradebook2-8,readScore> 1.7974753320418102E-4
<1729,admissions4-0,application0-3,setStatus> 5.9998165385936924E-5
<1730,admissions4-0,stu1-11application1-11,setStatus> 1.5263258442572636E-4
<1731,registrar2-1,transcript1-6,read> 2.781911494447357E-4
<1732,fac4-3,gradebook4-6,addScore> 3.725680555400952E-4
<1733,stu5-14,stu5-14application5-14,checkStatus> 3.3620598693499034E-4
<1734,admissions2-1,stu0-19application0-19,setStatus> 9.207529854037026E-5
<1735,admissions0-1,stu1-12application1-12,setStatus> 1.344311371122353E-4
<1736,admissions2-0,stu4-4application4-4,read> 1.1631241729515754E-4
<1737,admissions0-1,stu1-8application1-8,setStatus> 1.452215962784348E-4
<1738,stu2-13,gradebook2-5,readMyScores> 1.5268107196417518E-4
<1739,admissions2-0,stu1-0application1-0,setStatus> 1.7740037309626761E-4
<1740,fac3-0,gradebook3-1,readScore> 3.8407022546563575E-5
<1741,stu2-18,stu2-18application2-18,checkStatus> 0.0015675901811952769
<1742,admissions2-0,stu3-5application3-5,setStatus> 1.0474821442287244E-4
<1743,registrar2-0,transcript2-10,read> 2.99532474465433E-4
<1744,registrar4-0,transcript5-7,read> 3.0611760033192513E-4
<1745,admissions4-1,application0-0,setStatus> 6.145299555946333E-5
<1746,registrar0-0,transcript4-1,read> 1.834893234305502E-4
<1747,admissions0-1,application2-1,setStatus> 5.889792294883888E-5
<1748,admissions4-1,application0-1,setStatus> 5.9497580387534754E-5
<1749,admissions4-1,application0-2,setStatus> 5.900872659455261E-5
<1750,admissions4-1,application0-3,setStatus> 6.047528797349904E-5
<1751,admissions4-1,application0-4,setStatus> 5.9986434180516895E-5
<1752,admissions0-1,stu2-6application2-6,read> 1.397894519666086E-4
<1753,admissions2-1,stu4-4application4-4,read> 1.1258296102918055E-4
<1754,admissions4-0,stu0-4application0-4,read> 1.0828203757183343E-4
<1755,admissions2-0,stu0-10application0-10,read> 1.6500379781004228E-4
<1756,admissions0-0,stu0-17application0-17,read> 1.8690042377148165E-4
<1757,stu4-10,stu4-10application4-10,checkStatus> 3.050317035359957E-4
<1758,admissions2-1,stu3-7application3-7,setStatus> 1.339894491930994E-4
<1759,app2-2,application2-2,checkStatus> 5.440345429282877E-4
<1760,admissions0-0,stu3-6application3-6,setStatus> 2.1352653983649258E-4
<1761,fac2-2,gradebook2-5,readScore> 4.990300894389297E-4
<1762,admissions4-1,stu4-15application4-15,read> 1.0199119634250736E-5
<1763,admissions0-0,stu4-8application4-8,read> 8.30970358120942E-5
<1764,admissions0-1,stu3-18application3-18,setStatus> 1.7929673048748583E-4
<1765,admissions0-1,stu0-1application0-1,setStatus> 1.7439842994493476E-5
<1766,fac2-3,gradebook2-7,readScore> 1.7664809266565562E-4
<1767,admissions4-0,stu4-15application4-15,read> 1.0118653207156056E-5
<1768,admissions0-1,stu4-8application4-8,read> 8.281582756907527E-5
<1769,admissions4-1,application3-4,read> 1.0656197930689035E-4
<1770,admissions4-1,application3-2,read> 1.0742236198253894E-4
<1771,admissions4-1,application3-3,read> 1.0699217064471469E-4
<1772,admissions0-0,stu1-7application1-7,read> 3.094460901124252E-5
<1773,admissions4-1,stu0-4application0-4,read> 1.0914312733383608E-4
<1774,admissions0-1,stu4-6application4-6,read> 5.882693308590336E-5
<1775,admissions4-1,application3-1,read> 1.0527140529341754E-4
<1776,registrar4-0,roster0-6,read> 2.0416779444822397E-4
<1777,admissions2-1,application5-4,setStatus> 1.7869787655601046E-4
<1778,admissions4-1,application3-0,read> 1.0570159663124182E-4
<1779,fac1-4,gradebook1-9,addScore> 4.6603814661332483E-4
<1780,admissions0-1,stu3-3application3-3,read> 1.8576816639268804E-4
<1781,stu1-2,gradebook1-7,readMyScores> 2.1949854475491483E-4
<1782,admissions2-0,stu1-12application1-12,read> 1.0022309155980437E-4
<1783,admissions4-0,application3-1,read> 1.0444086166191128E-4
<1784,registrar4-1,transcript0-5,read> 1.1704813187725333E-4
<1785,admissions4-0,application3-2,read> 1.065748482785347E-4
<1786,admissions4-0,application3-3,read> 1.0614805095521002E-4
<1787,admissions4-0,application3-4,read> 1.0572125363188532E-4
<1788,admissions4-1,stu3-2application3-2,read> 4.2893661308896327E-5
<1789,admissions0-1,stu0-11application0-11,setStatus> 1.9065510855716944E-4
<1790,registrar0-0,transcript2-17,read> 2.9930856811916323E-4
<1791,admissions0-0,stu4-6application4-6,read> 5.902668498093189E-5
<1792,registrar4-1,transcript5-0,read> 3.056523578040472E-4
<1793,admissions2-0,stu0-2application0-2,setStatus> 8.039049566233849E-6
<1794,stu2-4,stu2-4application2-4,checkStatus> 3.31010273035158E-4
<1795,stu5-7,gradebook5-5,readMyScores> 5.725203897780926E-5
<1796,admissions4-0,application3-0,read> 1.0486765898523597E-4
<1797,admissions4-1,stu2-14application2-14,setStatus> 5.314248107876692E-5
<1798,admissions4-0,stu1-0application1-0,read> 1.5736372975417212E-4
<1799,registrar4-0,transcript5-5,read> 3.040541759791752E-4
<1800,stu1-1,transcript1-1,read> 0.0011295569408920692
<1801,admissions4-0,stu3-2application3-2,read> 4.255524977983205E-5
<1802,registrar0-1,transcript1-5,read> 2.684549104625511E-4
<1803,registrar0-0,transcript0-19,read> 2.766672120146224E-4
<1804,stu0-0,transcript0-0,read> 7.654715941674963E-4
<1805,admissions4-1,stu1-0application1-0,read> 1.5861513118362874E-4
<1806,admissions0-0,stu5-0application5-0,read> 1.2221135591273296E-4
<1807,admissions4-1,stu1-19application1-19,setStatus> 4.336540521912411E-5
<1808,fac1-2,gradebook1-5,addScore> 4.976438733538203E-4
<1809,chair5,transcript5-17,read> 1.075703524891065E-4
<1810,chair5,transcript5-18,read> 1.026150963283799E-4
<1811,chair5,transcript5-16,read> 1.125256086498331E-4
<1812,chair5,transcript5-13,read> 1.323466332927395E-4
<1813,fac2-2,gradebook2-5,assignGrade> 6.931522017928943E-4
<1814,registrar0-0,roster3-6,write> 8.09326625447283E-5
<1815,admissions4-0,stu0-14application0-14,setStatus> 1.1383282775984598E-4
<1816,chair5,transcript5-11,read> 1.3730188945346609E-4
<1817,registrar4-1,transcript5-12,read> 3.112842895504723E-5
<1818,chair5,transcript5-12,read> 1.4721240177491924E-4
<1819,stu5-7,gradebook5-2,readMyScores> 7.287688669141361E-5
<1820,registrar0-0,transcript2-1,read> 1.6868535982373498E-4
<1821,admissions4-1,stu5-16application5-16,read> 1.1215446669860608E-4
<1822,registrar2-0,transcript4-6,read> 1.884635302848077E-4
<1823,fac1-3,gradebook1-6,addScore> 7.863914394069116E-5
<1824,fac1-3,gradebook1-7,addScore> 2.931325197284797E-4
<1825,registrar0-1,roster1-8,read> 1.8011905772239212E-4
<1826,admissions0-1,stu3-9application3-9,setStatus> 9.297305715788989E-5
<1827,stu5-12,gradebook5-1,readMyScores> 1.6099149850270623E-5
<1828,admissions0-1,stu0-17application0-17,setStatus> 2.1166810798608427E-4
<1829,admissions0-1,stu0-3application0-3,read> 7.831790985348052E-5
<1830,stu5-11,gradebook5-6,readMyScores> 3.127091419316992E-5
<1831,stu5-11,gradebook5-7,readMyScores> 1.3609833419205437E-5
<1832,stu5-11,gradebook5-1,readMyScores> 1.5964428931021494E-5
<1833,admissions0-0,stu5-2application5-2,setStatus> 1.622402809632774E-4
<1834,admissions4-1,stu0-3application0-3,setStatus> 7.660746314190969E-5
<1835,admissions2-0,stu3-18application3-18,read> 1.3367195295698606E-4
<1836,admissions4-0,stu2-9application2-9,setStatus> 1.7300245667531354E-4
<1837,chair0,transcript0-0,read> 8.855455697231819E-4
<1838,admissions2-0,stu5-15application5-15,read> 3.417217538309119E-5
<1839,stu5-13,gradebook5-2,readMyScores> 3.1386903140664265E-5
<1840,stu3-1,transcript3-1,read> 3.071523929965636E-4
<1841,admissions0-0,stu0-17application0-17,setStatus> 2.1238684519486552E-4
<1842,stu4-7,gradebook4-6,readMyScores> 1.4366472221663873E-4
<1843,admissions4-0,stu3-11application3-11,read> 1.0529445630856065E-4
<1844,registrar2-1,roster3-3,write> 8.278914611778533E-5
<1845,admissions2-1,stu4-3application4-3,read> 1.6012292212507601E-4
<1846,registrar2-1,roster3-4,write> 8.128122339568049E-5
<1847,registrar2-1,roster3-5,write> 8.379442793252191E-5
<1848,registrar2-1,roster3-6,write> 8.42970688398902E-5
<1849,admissions0-1,stu0-5application0-5,read> 1.612795032744501E-4
<1850,stu5-12,gradebook5-4,readMyScores> 4.12342010945836E-5
<1851,admissions0-1,stu0-4application0-4,setStatus> 1.4408575847146645E-4
<1852,registrar2-1,roster3-1,write> 8.077858248831219E-5
<1853,registrar2-0,roster2-6,read> 1.2571545859828092E-4
<1854,stu5-12,gradebook5-3,readMyScores> 1.9392302653405365E-5
<1855,admissions4-0,stu0-4application0-4,setStatus> 1.2304776996799254E-4
<1856,stu3-2,transcript3-2,read> 3.242858210777199E-4
<1857,admissions4-1,stu0-14application0-14,read> 1.0096949191517468E-4
<1858,registrar2-1,roster3-7,write> 8.47997097472585E-5
<1859,registrar4-0,roster2-6,read> 1.4363481127153252E-4
<1860,registrar2-1,roster3-8,write> 8.530235065462679E-5
<1861,registrar2-1,roster3-9,write> 8.580499156199509E-5
<1862,admissions0-1,stu1-8application1-8,read> 1.277950047250226E-4
<1863,admissions4-0,stu4-7application4-7,read> 3.188531669671496E-5
<1864,registrar0-0,transcript1-11,read> 3.544968736239817E-5
<1865,registrar2-1,transcript0-0,read> 1.6209235701242648E-4
<1866,registrar2-0,roster3-1,write> 8.042036261031523E-5
<1867,registrar2-0,roster3-4,write> 8.092077451144243E-5
<1868,registrar2-0,roster3-5,write> 8.342283401707836E-5
<1869,registrar2-0,roster3-2,write> 7.941953880806085E-5
<1870,registrar2-0,roster3-3,write> 8.242201021482399E-5
<1871,app4-1,application4-1,checkStatus> 0.0014688716170984607
<1872,stu1-5,gradebook1-2,readMyScores> 7.883457418997417E-5
<1873,admissions4-0,stu1-12application1-12,read> 1.010264830753138E-4
<1874,registrar2-0,roster3-9,write> 8.542448162158712E-5
<1875,registrar0-0,transcript4-10,read> 2.9495446117598227E-4
<1876,admissions0-1,stu2-7application2-7,read> 9.231143163533082E-5
<1877,registrar2-0,roster3-6,write> 8.392324591820555E-5
<1878,admissions4-0,stu0-14application0-14,read> 1.0017288842866445E-4
<1879,admissions0-1,stu5-19application5-19,setStatus> 3.561324790598735E-5
<1880,admissions4-0,stu5-8application5-8,setStatus> 1.856123775917247E-4
<1881,admissions4-0,stu0-18application0-18,read> 1.6718006819063983E-4
<1882,admissions4-0,stu5-18application5-18,setStatus> 1.1043784905158142E-4
<1883,admissions0-0,stu2-14application2-14,read> 5.4513494200088944E-5
<1884,admissions2-0,stu4-6application4-6,setStatus> 5.6634202056385594E-5
<1885,fac0-3,gradebook0-6,assignGrade> 8.393903189044338E-5
<1886,chair1,transcript1-16,read> 1.8189919490000544E-4
<1887,admissions0-1,stu0-6application0-6,read> 5.5328552640440784E-5
<1888,admissions4-1,stu3-5application3-5,read> 9.365623917216185E-5
<1889,admissions4-1,stu4-7application4-7,read> 3.2138877863289226E-5
<1890,stu5-10,gradebook5-2,readMyScores> 3.1117487663062E-5
<1891,stu5-10,gradebook5-3,readMyScores> 1.8743187920236985E-5
<1892,stu5-10,gradebook5-6,readMyScores> 3.0479245479418782E-5
<1893,stu5-10,gradebook5-4,readMyScores> 3.9853976790162385E-5
<1894,admissions0-0,stu0-3application0-3,read> 7.858384503125126E-5
<1895,admissions0-0,stu2-7application2-7,read> 9.262488301609595E-5
<1896,admissions4-1,stu1-12application1-12,read> 1.0182987459082327E-4
<1897,admissions4-1,stu5-8application5-8,setStatus> 1.8708842035587359E-4
<1898,admissions2-0,stu4-7application4-7,read> 3.1631755530140684E-5
<1899,registrar4-1,roster4-3,read> 1.4507632818270457E-4
<1900,stu4-2,gradebook4-5,addScore> 4.291442703384484E-4
<1901,admissions4-0,stu5-1application5-1,setStatus> 2.944335701155611E-5
<1902,admissions0-0,stu5-4application5-4,read> 6.253694447714307E-5
<1903,stu5-15,gradebook5-9,readMyScores> 2.2471340409868034E-5
<1904,admissions2-0,application1-0,read> 1.6812639721262726E-5
<1905,stu5-15,gradebook5-7,readMyScores> 1.4184087993855456E-5
<1906,admissions2-0,stu5-15application5-15,setStatus> 3.883201748078545E-5
<1907,admissions2-0,application1-3,read> 1.8929656265388147E-5
<1908,admissions0-0,stu0-6application0-6,read> 5.5516425484720714E-5
<1909,admissions2-0,application1-4,read> 1.21552033241868E-5
<1910,admissions0-0,stu4-14application4-14,read> 1.5731395087484465E-4
<1911,registrar0-0,roster5-6,write> 7.321138492555423E-5
<1912,stu5-19,gradebook5-1,addScore> 8.950777493764419E-5
<1913,admissions2-0,application1-1,read> 1.7659446338912893E-5
<1914,admissions2-0,application1-2,read> 1.8506252956563064E-5
<1915,stu5-16,gradebook5-3,readMyScores> 1.987913870328165E-5
<1916,admissions0-1,stu2-14application2-14,read> 5.4329015370308624E-5
<1917,admissions0-0,stu0-5application0-5,setStatus> 1.8389447915419046E-4
<1918,registrar4-1,roster4-6,read> 1.1633384995526668E-4
<1919,admissions2-1,stu2-12application2-12,setStatus> 4.9229722317580476E-5
<1920,admissions4-0,stu3-14application3-14,read> 9.931929378201507E-5
<1921,admissions2-1,stu4-7application4-7,read> 3.061751086384359E-5
<1922,admissions0-1,stu5-4application5-4,read> 6.232531353136593E-5
<1923,registrar0-1,roster1-9,read> 1.807795401342084E-4
<1924,stu5-16,gradebook5-6,readMyScores> 3.232647247817144E-5
<1925,admissions2-1,application1-1,read> 1.7093211586562985E-5
<1926,admissions2-1,application1-0,read> 1.627355708490961E-5
<1927,registrar4-1,transcript2-9,read> 2.0820684107520368E-4
<1928,admissions2-1,application1-2,read> 1.7912866088216353E-5
<1929,stu4-5,stu4-5application4-5,checkStatus> 8.038202379199093E-4
<1930,stu5-17,gradebook5-3,readMyScores> 1.9716860019989556E-5
<1931,registrar2-0,transcript3-13,read> 3.1759246538911196E-4
<1932,admissions2-1,application1-3,read> 1.8322693339043037E-5
<1933,admissions2-1,application1-4,read> 1.176545732581608E-5
<1934,admissions2-0,stu2-16application2-16,setStatus> 9.849339281522916E-5
<1935,stu5-17,gradebook5-2,readMyScores> 3.273398052867561E-5
<1936,admissions4-1,stu3-14application3-14,read> 1.0010910923952613E-4
<1937,registrar0-0,roster5-1,write> 8.527588120551372E-5
<1938,registrar4-1,transcript3-12,read> 3.6956823436812736E-4
<1939,fac0-1,gradebook0-3,changeScore> 2.903796303935231E-4
<1940,admissions0-0,stu4-14application4-14,setStatus> 1.7876585326686895E-4
<1941,admissions4-0,stu3-6application3-6,setStatus> 1.8173240192513666E-4
<1942,stu5-13,gradebook5-9,readMyScores> 2.1197661196353244E-5
<1943,registrar0-0,roster1-7,read> 1.8029132972036975E-4
<1944,stu5-13,gradebook5-8,readMyScores> 1.001527993416472E-5
<1945,registrar0-1,transcript3-19,read> 2.9705928138766086E-4
<1946,admissions2-1,stu0-12application0-12,setStatus> 4.690115839242886E-5
<1947,registrar0-0,roster1-9,read> 1.8161842431116529E-4
<1948,chair3,transcript3-6,read> 3.9497520981124904E-4
<1949,fac2-3,gradebook2-7,assignGrade> 6.859638458058447E-4
<1950,registrar4-0,transcript1-3,read> 3.2159328297754993E-4
<1951,registrar0-1,roster1-4,read> 1.728537511924133E-4
<1952,admissions2-0,stu2-5application2-5,setStatus> 1.3024864097711052E-4
<1953,admissions2-1,stu2-16application2-16,setStatus> 9.533528803558254E-5
<1954,stu2-11,gradebook2-9,readMyScores> 2.798532634048051E-4
<1955,chair3,transcript3-4,read> 3.850646974897958E-4
<1956,chair3,transcript3-5,read> 3.801094413290692E-4
<1957,chair3,transcript3-2,read> 3.751541851683426E-4
<1958,registrar2-1,transcript0-6,read> 9.950785171688481E-5
<1959,admissions0-0,stu1-3application1-3,read> 1.3875972210915705E-4
<1960,admissions2-1,stu5-10application5-10,setStatus> 1.6705505693025242E-4
<1961,stu5-14,gradebook5-2,readMyScores> 3.165631861826654E-5
<1962,chair3,transcript3-3,read> 3.6524367284688944E-4
<1963,stu5-14,gradebook5-3,readMyScores> 1.9067745286821175E-5
<1964,registrar4-0,transcript3-11,read> 3.649251943852988E-4
<1965,fac2-1,roster2-3,read> 0.0011893133699943403
<1966,registrar0-1,roster1-1,read> 1.774771280751271E-4
<1967,stu3-7,gradebook3-2,readMyScores> 2.39029310003972E-5
<1968,registrar0-1,roster1-3,read> 1.7351423360422957E-4
<1969,admissions0-0,stu3-11application3-11,setStatus> 1.4058608277236435E-4
<1970,admissions4-0,stu0-3application0-3,setStatus> 7.600306501061256E-5
<1971,admissions2-1,stu5-15application5-15,setStatus> 3.758690269182238E-5
<1972,admissions0-0,stu1-16application1-16,setStatus> 1.2633989975202676E-4
<1973,stu0-6,transcript0-6,read> 4.699199597675491E-4
<1974,stu5-14,gradebook5-6,readMyScores> 3.1007024621919544E-5
<1975,registrar0-0,roster3-5,write> 8.045008269352992E-5
<1976,chair1,transcript1-13,read> 1.8685445106073203E-4
<1977,admissions4-1,stu5-1application5-1,setStatus> 2.9677499015624152E-5
<1978,admissions0-1,stu4-5application4-5,setStatus> 8.786178702653223E-5
<1979,registrar0-0,roster1-5,read> 1.7697359324338088E-4
<1980,registrar2-1,transcript2-12,read> 3.026807384734259E-4
<1981,registrar0-0,roster1-6,read> 1.7564649865258532E-4
<1982,registrar0-0,roster1-3,read> 1.743194040617898E-4
<1983,admissions0-1,stu0-0application0-0,read> 1.2079824383409746E-4
<1984,registrar0-0,roster1-4,read> 1.7365585676639203E-4
<1985,admissions0-0,stu4-5application4-5,read> 7.75809137466195E-5
<1986,admissions0-0,stu2-10application2-10,setStatus> 1.3830669348911033E-4
<1987,registrar0-0,roster1-1,read> 1.783006878341764E-4
<1988,registrar0-0,roster1-2,read> 1.7763714053877866E-4
<1989,admissions0-1,stu5-0application5-0,read> 1.2179778110422964E-4
<1990,stu5-15,gradebook5-3,readMyScores> 2.0041417386573746E-5
<1991,stu5-15,gradebook5-4,readMyScores> 4.26144253990048E-5
<1992,admissions4-1,stu2-12application2-12,setStatus> 5.16759196998205E-5
<1993,registrar2-1,roster3-8,read> 1.1729073215011183E-4
<1994,registrar2-1,roster3-9,read> 1.1798186339774323E-4
<1995,registrar0-1,roster1-1,write> 1.290742749637288E-4
<1996,registrar0-1,roster1-2,write> 1.2859392411877153E-4
<1997,admissions0-0,stu0-15application0-15,setStatus> 1.343177622434158E-4
<1998,registrar0-1,roster1-5,write> 1.2811357327381423E-4
<1999,registrar0-1,roster1-3,write> 1.2619216989398512E-4
<2000,registrar0-1,roster1-4,write> 1.2571181904902785E-4
<2001,registrar0-1,roster1-9,write> 1.314760291885152E-4
<2002,stu4-13,stu4-13application4-13,checkStatus> 0.0018585501595858934
<2003,registrar2-1,roster3-1,read> 1.1107055092142925E-4
<2004,registrar0-1,transcript2-6,read> 1.635722170704822E-4
<2005,registrar0-1,roster4-4,write> 6.710901596423986E-5
<2006,registrar0-1,roster1-7,write> 1.3051532749860063E-4
<2007,registrar2-1,roster3-3,read> 1.1383507591195483E-4
<2008,registrar0-1,roster1-8,write> 1.3099567834355794E-4
<2009,registrar2-1,roster3-4,read> 1.1176168216906066E-4
<2010,registrar2-1,roster3-5,read> 1.1521733840721763E-4
<2011,admissions2-0,stu5-17application5-17,setStatus> 1.21106978627478E-4
<2012,registrar2-1,roster3-6,read> 1.1590846965484903E-4
<2013,registrar2-1,roster3-7,read> 1.1659960090248043E-4
<2014,registrar2-0,roster3-8,read> 1.1677059586563238E-4
<2015,registrar0-1,transcript4-0,read> 1.8177499856827928E-4
<2016,stu3-0,stu3-0application3-0,checkStatus> 7.778416684207473E-4
<2017,registrar2-0,roster3-7,read> 1.160825295015825E-4
<2018,registrar4-1,transcript2-19,read> 3.6432922809238297E-4
<2019,registrar2-0,roster3-9,read> 1.1745866222968228E-4
<2020,admissions0-0,stu0-0application0-0,read> 1.2120842462810119E-4
<2021,admissions0-1,stu0-15application0-15,setStatus> 1.338632182087511E-4
<2022,admissions4-0,stu1-19application1-19,setStatus> 4.302327184461425E-5
<2023,registrar2-0,roster3-2,read> 1.0920186586108367E-4
<2024,admissions0-0,stu5-12application5-12,read> 8.660729530830536E-5
<2025,fac4-4,gradebook4-8,assignGrade> 4.146034072947235E-4
<2026,registrar4-1,transcript2-6,read> 1.9772882852371514E-4
<2027,admissions0-1,stu4-14application4-14,setStatus> 1.7816089268051744E-4
<2028,registrar2-0,roster3-5,read> 1.1470639677348273E-4
<2029,registrar2-0,roster3-6,read> 1.1539446313753261E-4
<2030,registrar2-0,roster3-3,read> 1.1333026404538296E-4
<2031,registrar2-0,roster3-4,read> 1.1126606495323335E-4
<2032,registrar4-0,roster1-8,read> 2.1438764875078228E-4
<2033,admissions0-0,stu1-19application1-19,read> 4.4484181353771325E-5
<2034,admissions2-1,stu2-18application2-18,read> 1.2364829680150107E-4
<2035,registrar0-1,transcript1-0,read> 2.303157492290715E-4
<2036,admissions4-0,stu2-14application2-14,setStatus> 5.2723211011084335E-5
<2037,stu5-17,gradebook5-9,readMyScores> 2.210743206314952E-5
<2038,stu5-17,gradebook5-7,readMyScores> 1.395438616399545E-5
<2039,registrar4-0,transcript5-0,read> 3.0095903945005027E-4
<2040,admissions2-0,stu1-4application1-4,read> 1.645803945012172E-4
<2041,admissions0-1,stu2-18application2-18,read> 1.5078436193806234E-4
<2042,registrar4-0,transcript5-1,read> 2.9786390292092536E-4
<2043,admissions0-1,stu1-19application1-19,read> 4.433364266898699E-5
<2044,admissions4-1,stu3-8application3-8,setStatus> 1.5482407001905226E-4
<2045,registrar2-0,roster0-3,write> 1.2645825751401657E-4
<2046,registrar4-0,roster2-5,read> 1.0589996461593262E-4
<2047,admissions0-1,application5-2,read> 1.892665468381507E-4
<2048,admissions4-0,stu4-8application4-8,setStatus> 8.036803763552412E-5
<2049,registrar4-0,transcript5-4,read> 3.0508588815555016E-4
<2050,registrar4-0,transcript5-3,read> 3.0199075162642524E-4
<2051,registrar4-0,transcript5-9,read> 3.0818102468467513E-4
<2052,registrar4-0,transcript5-8,read> 3.092127368610501E-4
<2053,stu5-18,gradebook5-6,readMyScores> 3.1798693335670685E-5
<2054,stu5-18,gradebook5-5,readMyScores> 2.5504143056658098E-5
<2055,registrar4-0,transcript5-6,read> 3.0714931250830016E-4
<2056,stu5-18,gradebook5-9,readMyScores> 2.192547788979027E-5
<2057,registrar4-1,transcript5-2,read> 3.077479603143449E-4
<2058,stu0-2,stu0-2application0-2,checkStatus> 8.681171974303357E-5
<2059,registrar4-1,transcript5-4,read> 3.098435628246426E-4
<2060,stu5-19,gradebook5-4,readMyScores> 4.295948147511009E-5
<2061,stu5-19,gradebook5-3,readMyScores> 2.0203696069865842E-5
<2062,admissions4-0,stu3-10application3-10,read> 4.3408844426481425E-5
<2063,registrar4-1,transcript5-8,read> 3.14034767845238E-4
<2064,admissions2-0,stu1-0application1-0,read> 1.5611232832471548E-4
<2065,stu5-19,gradebook5-6,readMyScores> 3.2854251620672195E-5
<2066,stu2-10,gradebook2-2,readMyScores> 9.708818049216068E-5
<2067,stu5-19,gradebook5-8,readMyScores> 1.0703024479000065E-5
<2068,registrar4-1,transcript5-9,read> 3.129869665900891E-4
<2069,stu5-1,gradebook5-4,readMyScores> 9.12673321298524E-5
<2070,stu5-1,gradebook5-5,readMyScores> 5.598212314096322E-5
<2071,registrar4-0,transcript0-13,read> 3.391323899759244E-4
<2072,stu5-1,gradebook5-8,readMyScores> 2.2738554013618616E-5
<2073,stu3-13,gradebook3-7,readMyScores> 2.683919693553756E-5
<2074,stu3-13,gradebook3-8,readMyScores> 3.2580968722603466E-5
<2075,stu5-1,gradebook5-1,readMyScores> 3.563368314139397E-5
<2076,stu1-14,gradebook1-6,addScore> 5.745688294656559E-5
<2077,admissions0-1,stu0-12application0-12,read> 5.033086628977996E-5
<2078,admissions4-0,stu0-1application0-1,setStatus> 1.4893448261850959E-5
<2079,stu3-4,transcript3-4,read> 3.328525351182981E-4
<2080,stu0-12,stu0-12application0-12,checkStatus> 5.23251687328958E-4
<2081,registrar0-1,transcript4-7,read> 1.739738064977948E-4
<2082,admissions2-0,stu5-0application5-0,read> 1.0318691472157993E-4
<2083,stu3-14,gradebook3-5,readMyScores> 4.2775822638411434E-5
<2084,stu3-14,gradebook3-7,readMyScores> 2.6993889713264004E-5
<2085,fac0-0,gradebook0-1,addScore> 1.9563359561130774E-4
<2086,admissions0-1,stu4-12application4-12,setStatus> 1.8497591952232765E-4
<2087,stu5-0,gradebook5-2,readMyScores> 7.206864025860681E-5
<2088,registrar0-1,transcript2-10,read> 2.8752449107929094E-4
<2089,admissions2-1,stu1-8application1-8,read> 1.0479624326347355E-4
<2090,stu3-14,gradebook3-8,readMyScores> 3.2768755285846136E-5
<2091,stu5-0,gradebook5-8,readMyScores> 2.2996458217931875E-5
<2092,admissions4-1,stu4-6application4-6,read> 5.063710538973345E-5
<2093,stu3-15,gradebook3-3,readMyScores> 6.854904634620888E-5
<2094,stu3-15,gradebook3-1,readMyScores> 2.6422467063297833E-5
<2095,registrar2-1,transcript2-11,read> 3.017737166575485E-4
<2096,registrar2-1,roster0-7,read> 1.7880141318930628E-4
<2097,admissions2-0,application5-1,setStatus> 1.8124949408558657E-4
<2098,admissions2-0,stu2-19application2-19,setStatus> 1.114841761541806E-4
<2099,admissions0-1,stu3-16application3-16,read> 3.483803860273144E-5
<2100,registrar0-1,transcript4-8,read> 1.748406056167375E-4
<2101,registrar0-0,transcript4-0,read> 1.8261850204191401E-4
<2102,stu4-5,gradebook4-1,readMyScores> 9.628287189888042E-5
<2103,admissions4-0,stu4-10application4-10,setStatus> 2.8473363094909093E-5
<2104,admissions0-0,stu4-12application4-12,setStatus> 1.8560402111663095E-4
<2105,admissions0-0,stu1-9application1-9,read> 1.5229929445168583E-4
<2106,admissions4-0,stu2-17application2-17,setStatus> 1.0364789163505234E-4
<2107,stu3-16,gradebook3-7,readMyScores> 2.6684504157811114E-5
<2108,admissions2-0,stu1-17application1-17,setStatus> 5.759648230371533E-5
<2109,admissions4-0,stu0-9application0-9,setStatus> 1.0607287642666987E-4
<2110,stu3-16,gradebook3-9,readMyScores> 2.4389781328438156E-5
<2111,stu0-8,transcript0-8,read> 4.8277003082841636E-4
<2112,registrar2-0,roster0-2,read> 1.7525623680987254E-4
<2113,registrar4-1,roster0-9,write> 1.6125304493760413E-4
<2114,stu4-7,gradebook4-7,readMyScores> 1.239451715981134E-4
<2115,stu3-16,gradebook3-8,readMyScores> 3.2393182159360797E-5
<2116,registrar4-1,roster3-1,write> 9.331627821820542E-5
<2117,registrar4-1,roster3-2,write> 9.215496596659178E-5
<2118,admissions0-0,stu1-14application1-14,setStatus> 1.9358188360801994E-4
<2119,admissions0-0,stu3-16application3-16,read> 3.4956334149769576E-5
<2120,fac3-3,gradebook3-6,changeScore> 4.1617586016689053E-4
<2121,admissions0-0,stu5-12application5-12,setStatus> 9.84173810321652E-5
<2122,registrar4-1,transcript3-1,read> 7.513608167129913E-5
<2123,registrar4-1,roster3-3,write> 9.563890272143273E-5
<2124,admissions0-0,stu0-11application0-11,read> 1.68346195005794E-4
<2125,admissions4-1,application0-4,read> 5.278806207885487E-5
<2126,registrar4-1,roster3-4,write> 9.389693434401226E-5
<2127,registrar4-1,roster3-5,write> 9.680021497304638E-5
<2128,stu0-1,gradebook0-9,readMyScores> 1.4651472019029044E-5
<2129,registrar2-0,transcript1-6,read> 2.769574858108344E-4
<2130,fac4-2,gradebook4-5,addScore> 3.669981333422739E-4
<2131,admissions4-1,application4-0,setStatus> 1.3184794174889164E-4
<2132,registrar4-1,roster3-7,write> 9.796152722466004E-5
<2133,registrar4-1,roster3-8,write> 9.854218335046687E-5
<2134,registrar0-1,transcript0-1,read> 1.4883663204845593E-4
<2135,admissions2-0,stu1-11application1-11,read> 1.3324854964816095E-4
<2136,fac1-2,gradebook1-4,assignGrade> 2.492712195925834E-4
<2137,registrar4-1,roster3-9,write> 9.912283947627368E-5
<2138,admissions0-1,stu0-8application0-8,read> 1.4478713831726938E-4
<2139,admissions2-0,stu0-9application0-9,read> 9.260183200095282E-5
<2140,admissions4-1,stu2-17application2-17,setStatus> 1.0447212934189173E-4
<2141,stu3-17,gradebook3-6,readMyScores> 3.056119442735123E-5
<2142,stu3-17,gradebook3-4,readMyScores> 3.36738883094125E-5
<2143,registrar0-1,transcript5-1,read> 2.5025212896475404E-4
<2144,admissions2-0,stu4-13application4-13,read> 1.514548919276396E-4
<2145,stu3-10,gradebook3-2,readMyScores> 1.5450028092594653E-5
<2146,stu3-10,gradebook3-3,readMyScores> 6.575112608717995E-5
<2147,admissions2-1,stu0-3application0-3,setStatus> 7.298107435412699E-5
<2148,admissions4-1,stu4-10application4-10,setStatus> 2.869979142965987E-5
<2149,admissions0-1,stu1-13application1-13,read> 1.2029847519903142E-4
<2150,admissions2-0,stu4-10application4-10,setStatus> 2.8246934760158333E-5
<2151,admissions2-1,stu4-13application4-13,read> 1.4659862284779543E-4
<2152,stu3-11,gradebook3-4,readMyScores> 3.065550056179008E-5
<2153,admissions0-1,stu2-12application2-12,read> 5.282970946511038E-5
<2154,admissions2-0,stu1-3application1-3,setStatus> 1.3313548171909971E-4
<2155,admissions0-0,stu0-7application0-7,read> 1.0817031792788827E-4
<2156,admissions0-0,stu5-8application5-8,setStatus> 2.1808531840300063E-4
<2157,stu3-11,gradebook3-1,readMyScores> 2.5035865293212235E-5
<2158,registrar4-0,transcript0-2,read> 1.802487148141781E-4
<2159,admissions2-1,stu1-17application1-17,setStatus> 5.5749701308005014E-5
<2160,registrar0-0,transcript0-16,read> 2.792796761805309E-4
<2161,admissions2-1,stu5-16application5-16,read> 1.0684537951760698E-4
<2162,admissions0-0,application1-1,setStatus> 2.3767382005596468E-5
<2163,admissions0-0,application1-2,setStatus> 2.490707664722347E-5
<2164,admissions0-0,application1-3,setStatus> 2.5476923968036974E-5
<2165,admissions0-0,application1-4,setStatus> 1.6359366835020948E-5
<2166,registrar4-0,transcript0-11,read> 3.3397382909404954E-4
<2167,admissions0-1,stu2-10application2-10,setStatus> 1.3783865053314042E-4
<2168,registrar4-0,roster4-2,read> 1.4206252599421586E-4
<2169,admissions2-1,application4-2,setStatus> 1.3072945969788715E-4
<2170,admissions4-0,application5-4,setStatus> 1.8609737455004815E-4
<2171,admissions2-1,stu4-10application4-10,setStatus> 2.734122142115526E-5
<2172,registrar4-0,roster4-7,read> 1.1218910572519929E-4
<2173,registrar4-0,roster4-6,read> 1.145475336411743E-4
<2174,admissions4-1,stu2-19application2-19,read> 9.967891790170182E-5
<2175,registrar0-0,transcript2-12,read> 2.9060035423280137E-4
<2176,registrar4-0,roster4-5,read> 1.0825839253190765E-4
<2177,stu3-12,gradebook3-1,readMyScores> 2.4727731566526544E-5
<2178,stu3-12,gradebook3-2,readMyScores> 1.5074343518914537E-5
<2179,admissions0-0,stu2-12application2-12,read> 5.30090972731413E-5
<2180,admissions0-0,stu1-2application1-2,read> 1.5681248523252876E-4
<2181,admissions4-0,stu4-6application4-6,read> 5.023760159967637E-5
<2182,admissions4-0,stu4-13application4-13,setStatus> 1.7348745363363708E-4
<2183,admissions0-0,application1-0,setStatus> 2.2627687363969466E-5
<2184,admissions0-1,application1-4,setStatus> 1.6304005187525107E-5
<2185,admissions0-1,application1-2,setStatus> 2.4822788739787862E-5
<2186,admissions2-0,stu5-16application5-16,read> 1.1038477097160636E-4
<2187,admissions0-1,stu3-2application3-2,setStatus> 5.662624733490215E-5
<2188,admissions0-1,application1-3,setStatus> 2.5390707643272046E-5
<2189,admissions0-1,stu4-4application4-4,setStatus> 1.5601205544463426E-4
<2190,fac0-3,gradebook0-7,addScore> 6.957225443094512E-5
<2191,stu2-15,stu2-15application2-15,checkStatus> 3.6738027033398496E-4
<2192,stu3-12,gradebook3-9,readMyScores> 2.269310088819898E-5
<2193,admissions4-1,stu4-5application4-5,setStatus> 7.562975555594541E-5
<2194,registrar4-1,roster4-2,read> 1.442779260097202E-4
<2195,registrar4-1,roster4-1,read> 1.434795238367358E-4
<2196,stu3-12,gradebook3-7,readMyScores> 2.482819082509382E-5
<2197,admissions2-1,stu3-8application3-8,read> 1.2979570556390132E-4
<2198,registrar4-1,roster4-4,read> 1.1154343691736035E-4
<2199,admissions4-1,stu1-1application1-1,read> 1.6893972329141155E-4
<2200,stu1-3,stu1-3application1-3,checkStatus> 0.0014376973336994662
<2201,registrar4-1,roster4-5,read> 1.0994663257139161E-4
<2202,registrar2-1,roster1-1,write> 1.3506380048408745E-4
<2203,registrar4-1,roster4-8,read> 1.0515621953348527E-4
<2204,registrar4-1,roster4-7,read> 1.1393864343631351E-4
<2205,registrar4-0,roster4-8,read> 1.0354153669995765E-4
<2206,registrar0-1,transcript4-14,read> 3.1526206288545787E-4
<2207,registrar4-0,roster4-9,read> 1.0118310878398266E-4
<2208,stu3-13,gradebook3-4,readMyScores> 3.2730642138280496E-5
<2209,admissions4-0,stu2-10application2-10,setStatus> 1.17712803426434E-4
<2210,admissions2-0,stu0-3application0-3,setStatus> 7.539866687931545E-5
<2211,admissions0-1,application1-1,setStatus> 2.3686950932819494E-5
<2212,admissions0-1,application1-0,setStatus> 2.2551113125851122E-5
<2213,admissions4-1,stu0-1application0-1,setStatus> 1.5011885226159916E-5
<2214,admissions2-1,stu3-9application3-9,setStatus> 7.624106384933926E-5
<2215,registrar4-0,transcript2-18,read> 3.56671496974299E-4
<2216,registrar2-0,transcript4-17,read> 3.293314594895033E-4
<2217,registrar4-0,transcript2-14,read> 3.4738608738692423E-4
<2218,admissions4-0,stu0-6application0-6,read> 4.7250020336403585E-5
<2219,admissions4-1,stu3-6application3-6,setStatus> 1.8317759001201646E-4
<2220,admissions0-1,stu0-0application0-0,setStatus> 1.3727073162965624E-4
<2221,chair1,transcript1-17,read> 1.6703342641782564E-4
<2222,admissions2-0,stu4-0application4-0,read> 5.0261501118444394E-5
<2223,stu1-16,gradebook1-6,readScore> 2.155852484073174E-5
<2224,admissions2-0,stu4-19application4-19,setStatus> 6.0964463169369416E-5
<2225,registrar0-0,transcript5-0,read> 2.540258559100815E-4
<2226,admissions0-0,stu4-9application4-9,setStatus> 1.3659715152666984E-4
<2227,admissions4-0,stu1-1application1-1,read> 1.6760686551396453E-4
<2228,admissions2-1,stu5-18application5-18,read> 9.332108024032637E-5
<2229,registrar2-1,transcript4-13,read> 3.2626330568623867E-4
<2230,registrar2-1,transcript4-14,read> 3.2989139294974833E-4
<2231,admissions4-1,stu0-7application0-7,read> 9.279585649651329E-5
<2232,stu5-9,gradebook5-3,readMyScores> 4.584372803001686E-5
<2233,registrar2-1,transcript4-12,read> 3.2717032750211614E-4
<2234,registrar4-1,transcript2-10,read> 3.4756440801000135E-4
<2235,registrar4-0,roster1-7,read> 2.1360150611212395E-4
<2236,stu5-9,gradebook5-7,readMyScores> 3.2445383467726037E-5
<2237,fac4-4,gradebook4-8,readScore> 1.3189825214905332E-4
<2238,admissions2-0,stu1-16application1-16,setStatus> 1.0667277491753191E-4
<2239,registrar2-1,transcript4-19,read> 3.3261245839738063E-4
<2240,stu4-17,gradebook4-6,addScore> 2.1950397854619605E-4
<2241,registrar4-1,transcript2-16,read> 3.569946193063411E-4
<2242,registrar2-1,transcript4-17,read> 3.307984147656258E-4
<2243,admissions0-1,application5-1,read> 1.882670095680185E-4
<2244,admissions2-1,stu4-19application4-19,setStatus> 5.900969080321729E-5
<2245,admissions0-1,application0-4,read> 6.132577626123377E-5
<2246,registrar2-0,transcript1-0,read> 2.3993450441729263E-4
<2247,admissions4-0,stu3-5application3-5,setStatus> 1.0558787946834635E-4
<2248,admissions2-0,stu5-16application5-16,setStatus> 1.254372397404618E-4
<2249,admissions2-0,stu5-11application5-11,read> 9.006141214800231E-5
<2250,admissions2-0,stu5-18application5-18,read> 9.641246178037858E-5
<2251,admissions2-1,stu0-2application0-2,setStatus> 7.781284449881659E-6
<2252,admissions2-0,stu1-10application1-10,read> 9.175502538330266E-5
<2253,stu5-8,gradebook5-1,readMyScores> 3.8328101526376495E-5
<2254,stu5-8,gradebook5-8,readMyScores> 2.445791537570698E-5
<2255,stu5-8,gradebook5-7,readMyScores> 3.2675085297586046E-5
<2256,admissions2-1,application5-2,setStatus> 1.763693126308589E-4
<2257,stu2-1,gradebook2-1,readMyScores> 1.2236164391241645E-4
<2258,admissions4-1,stu1-3application1-3,read> 1.1903752810379463E-4
<2259,stu2-4,gradebook2-6,readMyScores> 2.169686792067952E-4
<2260,stu5-1,stu5-1application5-1,checkStatus> 3.154231313356606E-4
<2261,stu1-14,gradebook1-6,readScore> 2.1168325296103108E-5
<2262,admissions0-1,stu5-11application5-11,read> 1.063049534171811E-4
<2263,registrar0-1,transcript1-2,read> 2.6932170958149387E-4
<2264,admissions4-1,stu3-5application3-5,setStatus> 1.0642754451382031E-4
<2265,registrar2-1,transcript2-18,read> 3.135650002639549E-4
<2266,registrar0-1,transcript1-1,read> 2.2858215099118612E-4
<2267,registrar0-1,transcript1-8,read> 2.641209148678376E-4
<2268,registrar0-1,transcript1-9,read> 2.649877139867803E-4
<2269,registrar0-0,transcript4-17,read> 3.175958172805232E-4
<2270,registrar0-0,roster0-2,read> 1.690110256986076E-4
<2271,admissions0-0,stu1-13application1-13,read> 1.2070695898578533E-4
<2272,admissions0-0,stu5-9application5-9,read> 2.592995258808371E-5
<2273,registrar0-1,transcript1-4,read> 2.675881113436084E-4
<2274,admissions4-0,stu1-16application1-16,read> 9.462452322544353E-5
<2275,stu5-7,gradebook5-1,readMyScores> 3.644200865688873E-5
<2276,registrar0-0,transcript4-6,read> 1.8174768065327783E-4
<2277,registrar4-0,roster3-5,read> 1.310565290529992E-4
<2278,stu4-15,gradebook4-3,addScore> 1.714270345035932E-4
<2279,registrar0-0,transcript2-18,read> 3.010502108964356E-4
<2280,registrar2-0,transcript3-11,read> 3.193984644814799E-4
<2281,registrar2-1,transcript1-10,read> 4.145845550073021E-5
<2282,registrar0-0,transcript1-1,read> 2.2964285702826819E-4
<2283,admissions0-1,stu1-18application1-18,read> 1.1180240840290801E-4
<2284,admissions0-0,stu0-0application0-0,setStatus> 1.3773684616829682E-4
<2285,admissions2-1,stu4-0application4-0,read> 4.864990990021772E-5
<2286,registrar0-0,transcript1-8,read> 2.653465339623519E-4
<2287,admissions4-1,stu0-17application0-17,read> 1.6033589653492586E-4
<2288,registrar0-0,transcript1-9,read> 2.662173553509881E-4
<2289,registrar0-0,transcript1-7,read> 2.679589981282605E-4
<2290,stu5-6,gradebook5-7,readMyScores> 3.141172523335601E-5
<2291,stu5-6,gradebook5-8,readMyScores> 2.3512266626558384E-5
<2292,stu5-6,gradebook5-5,readMyScores> 5.788699689623228E-5
<2293,admissions2-0,stu5-3application5-3,read> 1.2308687023635892E-4
<2294,admissions2-0,stu1-9application1-9,read> 1.2859111325108503E-4
<2295,stu5-6,gradebook5-3,readMyScores> 4.438321988038802E-5
<2296,stu0-3,transcript0-3,read> 4.6135324572697096E-4
<2297,registrar2-0,transcript4-12,read> 3.257194613047675E-4
<2298,registrar4-0,transcript2-12,read> 3.4429095085779926E-4
<2299,registrar2-0,transcript4-13,read> 3.248164617585835E-4
<2300,registrar4-0,transcript2-13,read> 3.453226630341743E-4
<2301,fac3-4,gradebook3-8,changeScore> 4.262395585487599E-4
<2302,admissions4-0,stu3-16application3-16,setStatus> 3.380832963646765E-5
<2303,stu1-19,gradebook1-1,addScore> 2.149401437117732E-4
<2304,stu3-18,gradebook3-6,readMyScores> 3.0732405600613707E-5
<2305,stu3-18,gradebook3-5,readMyScores> 4.400149090885302E-5
<2306,admissions2-0,stu0-16application0-16,read> 1.0106989817745453E-4
<2307,stu3-18,gradebook3-2,readMyScores> 1.685884524389508E-5
<2308,admissions2-0,application4-1,read> 1.1969964376575824E-4
<2309,registrar2-1,transcript0-9,read> 1.0585700442802671E-4
<2310,admissions0-1,stu0-19application0-19,setStatus> 1.1228229987635212E-4
<2311,registrar4-1,transcript3-16,read> 3.653770293475319E-4
<2312,registrar2-1,transcript0-1,read> 1.5574320430128454E-4
<2313,registrar0-0,transcript2-10,read> 2.8885871145552895E-4
<2314,registrar2-1,transcript0-5,read> 1.0132189534863964E-4
<2315,registrar4-0,roster3-9,write> 9.760079971464185E-5
<2316,registrar0-1,roster5-4,write> 7.095182272389806E-5
<2317,registrar2-1,transcript0-4,read> 9.678678626925258E-5
<2318,registrar4-0,roster3-8,write> 9.702905961379943E-5
<2319,registrar2-1,transcript0-3,read> 9.769380808513E-5
<2320,registrar0-0,roster4-2,read> 1.1990852583917246E-4
<2321,admissions2-1,stu5-12application5-12,read> 7.07805814448587E-5
<2322,admissions2-0,application4-4,read> 1.2096985369223347E-4
<2323,admissions4-1,stu0-10application0-10,setStatus> 1.905103969067486E-4
<2324,stu5-5,gradebook5-5,readMyScores> 5.852195481465531E-5
<2325,admissions4-0,stu5-15application5-15,read> 3.444610063666306E-5
<2326,registrar2-0,roster0-9,write> 1.3896855504219626E-4
<2327,registrar4-0,roster3-5,write> 9.531383931127215E-5
<2328,admissions0-1,application5-0,read> 1.877672409329524E-4
<2329,stu1-18,gradebook1-7,addScore> 2.220700907033937E-4
<2330,stu5-5,gradebook5-9,readMyScores> 5.03103289338341E-5
<2331,registrar4-0,roster3-7,write> 9.645731951295699E-5
<2332,stu5-5,gradebook5-8,readMyScores> 2.377017083087164E-5
<2333,registrar4-0,roster3-6,write> 9.588557941211458E-5
<2334,admissions2-1,stu1-17application1-17,read> 4.905973715104441E-5
<2335,registrar4-0,roster3-1,write> 9.188339870621762E-5
<2336,registrar2-0,transcript4-5,read> 1.875605307386237E-4
<2337,registrar4-0,roster3-3,write> 9.417035910958731E-5
<2338,admissions4-1,stu3-16application3-16,setStatus> 3.407718315246342E-5
<2339,stu3-19,gradebook3-6,readMyScores> 3.0218772080826282E-5
<2340,chair4,transcript4-2,read> 0.0010490690230271595
<2341,stu3-19,gradebook3-8,readMyScores> 3.314432841233148E-5
<2342,admissions4-0,stu1-3application1-3,read> 1.1809837600830118E-4
<2343,registrar4-1,transcript0-15,read> 3.4232540173425707E-4
<2344,registrar2-0,transcript0-5,read> 1.0087257430496496E-4
<2345,stu3-19,gradebook3-1,readMyScores> 2.7192801380012063E-5
<2346,registrar4-1,transcript1-8,read> 3.192737741209823E-4
<2347,registrar2-0,transcript0-6,read> 9.906657521259707E-5
<2348,registrar2-0,transcript0-7,read> 1.035815729435168E-4
<2349,registrar2-0,transcript0-8,read> 1.0177557385114891E-4
<2350,registrar2-0,transcript0-9,read> 1.0538757203588467E-4
<2351,registrar2-0,transcript0-2,read> 1.5776154571455354E-4
<2352,registrar2-0,transcript0-1,read> 1.5505254707600167E-4
<2353,registrar2-0,transcript0-4,read> 9.635757657404523E-5
<2354,registrar2-0,transcript0-3,read> 9.726057612022919E-5
<2355,admissions0-1,stu5-4application5-4,setStatus> 7.082421992200675E-5
<2356,stu5-4,gradebook5-7,readMyScores> 3.210083072293604E-5
<2357,stu5-4,gradebook5-6,readMyScores> 7.375713516448096E-5
<2358,admissions0-0,application1-3,read> 2.2419693091872537E-5
<2359,admissions0-0,application1-4,read> 1.439624281481843E-5
<2360,admissions0-0,application1-1,read> 2.091529616492489E-5
<2361,admissions0-0,application1-2,read> 2.1918227449556652E-5
<2362,admissions0-0,application1-0,read> 1.991236488029313E-5
<2363,admissions0-1,stu2-11application2-11,read> 6.832253715215891E-5
<2364,admissions4-1,stu4-11application4-11,setStatus> 1.7340051415237363E-4
<2365,stu5-3,gradebook5-3,readMyScores> 4.178676094771449E-5
<2366,admissions4-1,stu3-12application3-12,read> 6.053150615969199E-5
<2367,admissions2-0,stu3-15application3-15,setStatus> 1.3554118233742403E-4
<2368,fac2-1,gradebook2-3,assignGrade> 6.967463797864189E-4
<2369,stu5-3,gradebook5-8,readMyScores> 2.2136777536887688E-5
<2370,admissions2-1,stu5-11application5-11,read> 8.717367147792609E-5
<2371,stu1-16,gradebook1-6,addScore> 5.851599599627187E-5
<2372,stu5-3,gradebook5-7,readMyScores> 2.9574110594475948E-5
<2373,admissions0-1,application1-4,read> 1.4347524565022096E-5
<2374,admissions0-1,application1-0,read> 1.9844979550748987E-5
<2375,admissions0-1,application1-1,read> 2.0844516820881154E-5
<2376,admissions0-1,application1-2,read> 2.1844054091013318E-5
<2377,registrar0-1,transcript5-6,read> 2.580533210352385E-4
<2378,admissions4-1,stu0-6application0-6,read> 4.762576602496346E-5
<2379,admissions0-1,application1-3,read> 2.2343822726079398E-5
<2380,admissions2-1,stu5-0application5-0,read> 9.987831625355333E-5
<2381,admissions0-0,stu2-11application2-11,read> 6.855453218493363E-5
<2382,admissions2-1,stu0-16application0-16,read> 9.782917999941991E-5
<2383,admissions4-1,stu5-15application5-15,read> 3.4720025890234936E-5
<2384,admissions0-0,stu0-12application0-12,read> 5.0501769061561894E-5
<2385,registrar4-1,roster1-7,read> 2.1693252375129936E-4
<2386,registrar0-0,roster3-8,read> 1.1260950558979696E-4
<2387,admissions0-0,stu1-8application1-8,setStatus> 1.4571470865968583E-4
<2388,registrar0-0,transcript2-5,read> 1.6520207426919023E-4
<2389,admissions4-0,stu3-12application3-12,read> 6.005394003614411E-5
<2390,stu5-2,gradebook5-9,readMyScores> 4.7581016333445275E-5
<2391,stu5-2,gradebook5-8,readMyScores> 2.248064980930536E-5
<2392,stu5-2,gradebook5-7,readMyScores> 3.0033514254195968E-5
<2393,admissions2-0,stu1-17application1-17,read> 5.0684904427269484E-5
<2394,stu1-17,gradebook1-6,addScore> 5.904555252112501E-5
<2395,admissions4-0,stu5-15application5-15,setStatus> 3.9143296178026204E-5
<2396,admissions4-0,stu3-19application3-19,read> 1.2919510641474296E-4
<2397,admissions2-1,stu4-18application4-18,setStatus> 9.178422804972632E-6
<2398,admissions2-1,stu3-3application3-3,read> 1.5233620435936896E-4
<2399,registrar4-1,transcript1-1,read> 2.7631392265987925E-4
<2400,admissions2-0,application2-4,read> 4.899129119196914E-5
<2401,fac3-3,gradebook3-7,assignGrade> 1.5043132477065188E-4
<2402,admissions2-1,stu4-5application4-5,read> 6.340369092997837E-5
<2403,admissions2-0,application2-1,read> 4.3910451486068134E-5
<2404,admissions0-1,stu2-18application2-18,setStatus> 1.7134586583870723E-4
<2405,registrar4-1,transcript1-7,read> 3.224171778864289E-4
<2406,admissions2-0,application2-0,read> 4.3487048177243044E-5
<2407,admissions4-1,stu5-4application5-4,read> 5.364844475450345E-5
<2408,admissions2-0,application2-3,read> 4.8144484574318976E-5
<2409,admissions4-1,stu5-4application5-4,setStatus> 6.096414176648119E-5
<2410,admissions4-1,stu2-1application2-1,read> 9.666757853693184E-5
<2411,registrar4-1,transcript1-9,read> 3.2032157537613116E-4
<2412,app0-3,application0-3,checkStatus> 6.42753107025104E-4
<2413,admissions2-0,application2-2,read> 4.433385479489321E-5
<2414,registrar4-0,transcript1-4,read> 3.1849814644842485E-4
<2415,registrar4-0,transcript1-2,read> 3.2056157080117485E-4
<2416,admissions4-1,stu5-5application5-5,setStatus> 8.589568520857036E-5
<2417,admissions2-0,stu5-12application5-12,setStatus> 8.309690885795335E-5
<2418,admissions2-1,application2-4,read> 4.7420428147737665E-5
<2419,registrar4-0,transcript1-8,read> 3.1437129774292496E-4
<2420,admissions2-1,application2-3,read> 4.66007736460843E-5
<2421,registrar4-0,transcript1-7,read> 3.1746643427204993E-4
<2422,admissions2-1,application2-2,read> 4.2912328388644136E-5
<2423,registrar4-0,transcript1-6,read> 3.1643472209567496E-4
<2424,admissions4-0,stu1-11application1-11,read> 1.343166742946392E-4
<2425,admissions4-0,stu4-3application4-3,setStatus> 1.8949235325831272E-4
<2426,admissions2-1,application2-1,read> 4.250250113781745E-5
<2427,admissions2-1,stu5-17application5-17,read> 1.031569342601668E-4
<2428,admissions0-0,stu1-0application1-0,read> 1.8489456120221811E-4
<2429,admissions4-0,stu3-17application3-17,read> 1.2108595727157396E-4
<2430,stu3-8,gradebook3-9,readMyScores> 3.7539054740291775E-5
<2431,admissions4-0,stu5-5application5-5,setStatus> 8.521800721875916E-5
<2432,stu3-8,gradebook3-6,readMyScores> 4.5456566501186286E-5
<2433,admissions4-0,stu2-13application2-13,read> 8.651537408227454E-5
<2434,stu3-5,transcript3-5,read> 3.28569178098009E-4
<2435,admissions2-0,stu5-17application5-17,read> 1.0657414119218063E-4
<2436,registrar2-0,transcript0-13,read> 2.968234758268812E-4
<2437,admissions0-0,stu0-19application0-19,setStatus> 1.1266356405250273E-4
<2438,admissions0-0,stu3-14application3-14,setStatus> 1.3260822028097533E-4
<2439,admissions4-0,stu3-9application3-9,read> 6.987027847261184E-5
<2440,registrar0-0,transcript2-7,read> 1.669437170464626E-4
<2441,stu3-9,gradebook3-2,readMyScores> 2.4654300147757422E-5
<2442,registrar4-0,transcript1-19,read> 3.3745585768931505E-5
<2443,admissions2-0,stu4-18application4-18,setStatus> 9.482469937228452E-6
<2444,admissions4-0,stu5-4application5-4,read> 5.322518286294916E-5
<2445,admissions0-1,stu2-8application2-8,setStatus> 2.2359440495925214E-4
<2446,admissions0-1,application4-3,read> 1.4328783241207113E-4
<2447,stu3-6,gradebook3-2,readMyScores> 2.427861557407731E-5
<2448,admissions4-1,application4-0,read> 1.1602618873902462E-4
<2449,stu3-6,gradebook3-5,readMyScores> 6.336704958183012E-5
<2450,admissions2-1,stu1-11application1-11,setStatus> 1.4656369438891816E-4
<2451,registrar0-0,transcript2-6,read> 1.6433125288055407E-4
<2452,registrar4-1,transcript5-13,read> 2.7985025189600664E-5
<2453,stu3-6,gradebook3-9,readMyScores> 3.6549324483485585E-5
<2454,admissions2-1,stu5-10application5-10,read> 1.470084500986221E-4
<2455,registrar0-0,transcript2-8,read> 1.6607289565782643E-4
<2456,registrar4-1,transcript5-10,read> 3.3224031465344936E-5
<2457,registrar4-1,transcript5-11,read> 2.9032826444749518E-5
<2458,registrar0-0,transcript2-2,read> 1.678145384350988E-4
<2459,admissions4-0,stu2-5application2-5,setStatus> 1.3129271825949214E-4
<2460,registrar4-1,transcript5-16,read> 2.3793820169005242E-5
<2461,registrar2-1,roster1-3,read> 1.8156593817983188E-4
<2462,stu5-12,transcript5-12,read> 1.2725139814442175E-4
<2463,registrar4-1,transcript5-17,read> 2.274601891385639E-5
<2464,admissions0-0,stu2-19application2-19,setStatus> 1.320383729601618E-4
<2465,registrar0-0,transcript2-4,read> 1.6955618121237119E-4
<2466,registrar4-1,transcript5-14,read> 2.693722393445181E-5
<2467,registrar0-0,transcript2-3,read> 1.7042700260100737E-4
<2468,registrar4-1,transcript5-15,read> 2.5889422679302955E-5
<2469,registrar4-0,transcript5-19,read> 1.9301615299681842E-5
<2470,registrar4-0,transcript5-18,read> 2.1365039652431796E-5
<2471,admissions4-0,stu2-18application2-18,read> 1.2876830909141826E-4
<2472,registrar0-0,transcript2-0,read> 2.0351821536918253E-4
<2473,admissions0-0,application3-3,read> 1.2471868412431236E-4
<2474,registrar4-0,transcript5-17,read> 2.2396751828806768E-5
<2475,admissions4-1,application4-3,read> 1.2333944148203746E-4
<2476,registrar0-0,transcript2-19,read> 3.0279185367370796E-4
<2477,admissions2-0,stu1-10application1-10,setStatus> 1.0426707429920757E-4
<2478,admissions4-0,stu3-11application3-11,setStatus> 1.1965279125972801E-4
<2479,admissions2-1,stu2-7application2-7,read> 7.569850845477892E-5
<2480,admissions0-1,stu4-16application4-16,setStatus> 1.7077794693522307E-4
<2481,admissions2-1,stu3-15application3-15,setStatus> 1.3119517248291745E-4
<2482,admissions4-1,application3-2,setStatus> 1.220708658892488E-4
<2483,registrar4-1,transcript0-19,read> 3.3289519043791743E-4
<2484,stu1-13,gradebook1-8,readMyScores> 2.4429127030896235E-5
<2485,registrar0-1,transcript2-3,read> 1.6963981090308122E-4
<2486,admissions4-1,application4-4,read> 1.2290925014421316E-4
<2487,registrar0-0,transcript3-8,read> 5.983268624421144E-5
<2488,admissions4-1,application4-1,read> 1.216186761307403E-4
<2489,admissions4-1,stu4-9application4-9,read> 1.031204486042961E-4
<2490,admissions4-1,application4-2,read> 1.2075829345509177E-4
<2491,registrar4-1,roster2-9,read> 1.490683390476265E-4
<2492,admissions2-0,stu0-7application0-7,read> 9.133162207447757E-5
<2493,registrar0-1,roster0-1,read> 1.6558844466243446E-4
<2494,stu3-7,gradebook3-1,readMyScores> 3.921001672075393E-5
<2495,registrar4-1,transcript0-10,read> 3.4022979922395936E-4
<2496,admissions0-0,stu4-12application4-12,read> 1.6333153858263524E-4
<2497,admissions4-1,stu1-11application1-11,setStatus> 1.5384636243308798E-4
<2498,admissions0-1,application3-0,read> 1.227973183743618E-4
<2499,stu3-7,gradebook3-5,readMyScores> 6.238651496547683E-5
<2500,registrar0-1,transcript2-9,read> 1.722402082599094E-4
<2501,registrar0-1,transcript2-8,read> 1.6530581530836764E-4
<2502,registrar4-0,transcript5-10,read> 3.2713873592556526E-5
<2503,registrar0-1,transcript2-7,read> 1.6617261442731035E-4
<2504,registrar4-0,transcript5-11,read> 2.8587024887056628E-5
<2505,stu2-11,gradebook2-1,readMyScores> 8.855450930568696E-5
<2506,admissions2-0,stu5-10application5-10,read> 1.5187829523646466E-4
<2507,registrar4-0,transcript5-12,read> 3.0650449239806575E-5
<2508,admissions0-0,stu1-14application1-14,read> 1.7035205757505754E-4
<2509,stu2-11,gradebook2-2,readMyScores> 9.599422916267155E-5
<2510,registrar0-1,transcript2-5,read> 1.644390161894249E-4
<2511,registrar4-0,transcript5-13,read> 2.755531271068165E-5
<2512,registrar0-1,transcript2-4,read> 1.6877301178413852E-4
<2513,registrar4-0,transcript5-14,read> 2.6523600534306673E-5
<2514,stu2-11,gradebook2-4,readMyScores> 9.077775110939885E-5
<2515,registrar4-0,transcript5-15,read> 2.5491888357931698E-5
<2516,fac5-3,roster5-7,read> 0.0014531839806146976
<2517,registrar0-1,transcript2-2,read> 1.6703941354625305E-4
<2518,registrar2-1,transcript1-2,read> 2.8181923670824534E-4
<2519,admissions4-0,stu4-1application4-1,read> 1.5480294581422403E-4
<2520,admissions0-1,stu0-13application0-13,read> 1.6477788371991263E-4
<2521,registrar4-0,transcript5-16,read> 2.3428464005181744E-5
<2522,stu2-2,gradebook2-3,readMyScores> 1.499602177473299E-4
<2523,admissions4-1,stu3-19application3-19,setStatus> 1.4798011691730229E-4
<2524,registrar0-1,transcript2-1,read> 1.6790621266519576E-4
<2525,admissions4-0,application4-0,read> 1.1511079474502837E-4
<2526,admissions4-0,stu4-9application4-9,read> 1.0230687504528785E-4
<2527,admissions4-0,application4-2,read> 1.198055653015999E-4
<2528,admissions4-0,application4-3,read> 1.2236634924154798E-4
<2529,admissions4-0,application4-4,read> 1.2193955191822331E-4
<2530,registrar4-0,transcript2-2,read> 1.9881953398892766E-4
<2531,admissions2-1,stu0-10application0-10,read> 1.5971309487424935E-4
<2532,registrar2-0,roster0-8,write> 1.379677312399419E-4
<2533,registrar2-0,transcript0-16,read> 2.895994794574096E-4
<2534,stu3-4,gradebook3-2,readMyScores> 2.606311729905785E-5
<2535,admissions2-0,stu0-5application0-5,setStatus> 1.552679274076837E-4
<2536,registrar2-0,roster0-6,write> 1.299611408219069E-4
<2537,admissions0-1,stu4-3application4-3,setStatus> 2.2189064824879962E-4
<2538,stu3-16,stu3-16application3-16,checkStatus> 3.6218455643415254E-4
<2539,registrar2-0,roster0-5,write> 1.2845990511852533E-4
<2540,registrar2-0,roster0-1,write> 1.2545743371176218E-4
<2541,admissions2-1,stu5-18application5-18,setStatus> 1.0604668209127998E-4
<2542,admissions2-0,stu1-18application1-18,read> 9.471884854507825E-5
<2543,admissions0-1,application3-2,read> 1.2479639291462612E-4
<2544,stu3-4,gradebook3-9,readMyScores> 3.9235735180530955E-5
<2545,admissions2-1,stu4-16application4-16,setStatus> 1.400437153984936E-4
<2546,admissions4-0,stu3-19application3-19,setStatus> 1.4681262092584426E-4
<2547,registrar4-0,transcript2-9,read> 2.0500980704717752E-4
<2548,admissions0-1,stu5-6application5-6,setStatus> 3.39094911955348E-5
<2549,registrar4-0,transcript2-5,read> 1.9572439745980274E-4
<2550,registrar4-0,transcript2-6,read> 1.9469268528342777E-4
<2551,registrar4-0,transcript2-7,read> 1.9778782181255268E-4
<2552,registrar4-0,transcript2-8,read> 1.967561096361777E-4
<2553,registrar4-1,transcript2-5,read> 1.98776629778864E-4
<2554,registrar4-1,transcript2-4,read> 2.040156360546083E-4
<2555,registrar2-0,transcript1-12,read> 3.856560561827269E-5
<2556,registrar0-1,transcript0-12,read> 2.866576919603483E-4
<2557,registrar4-1,transcript2-3,read> 2.050634373097571E-4
<2558,registrar4-1,transcript2-1,read> 2.0296783479945937E-4
<2559,registrar4-1,transcript2-0,read> 2.448798850054136E-4
<2560,admissions4-0,stu1-15application1-15,setStatus> 1.3517269392608017E-4
<2561,fac0-2,gradebook0-4,changeScore> 2.853477812025884E-4
<2562,admissions2-0,stu5-18application5-18,setStatus> 1.0955961565952112E-4
<2563,stu3-5,gradebook3-7,readMyScores> 4.246316748590813E-5
<2564,stu3-5,gradebook3-8,readMyScores> 5.154741161011326E-5
<2565,registrar4-1,transcript2-8,read> 1.9982443103401285E-4
<2566,registrar4-1,transcript2-7,read> 2.008722322891617E-4
<2567,admissions2-0,stu4-5application4-5,read> 6.550402023614744E-5
<2568,admissions2-0,application2-0,setStatus> 4.941710020141255E-5
<2569,admissions0-1,stu3-2application3-2,read> 4.983109765471388E-5
<2570,admissions2-0,application2-1,setStatus> 4.989824032507743E-5
<2571,stu5-9,stu5-9application5-9,checkStatus> 2.6866170623716874E-4
<2572,admissions0-0,stu5-11application5-11,read> 1.0666592100094062E-4
<2573,stu3-2,gradebook3-4,readMyScores> 5.1218267092467755E-5
<2574,admissions0-1,stu3-3application3-3,setStatus> 2.1110018908260006E-4
<2575,stu2-14,gradebook2-4,readMyScores> 8.043270824792891E-5
<2576,stu2-14,gradebook2-7,readMyScores> 1.3085333102522183E-4
<2577,admissions2-1,stu2-9application2-9,read> 1.461887955969687E-4
<2578,admissions2-0,application2-4,setStatus> 5.5671921809055855E-5
<2579,admissions2-0,application2-3,setStatus> 5.4709641561726116E-5
<2580,admissions2-0,application2-2,setStatus> 5.037938044874229E-5
<2581,admissions0-0,stu2-9application2-9,read> 1.7887697349442755E-4
<2582,stu2-14,gradebook2-1,readMyScores> 7.846282733352891E-5
<2583,stu3-2,gradebook3-2,readMyScores> 2.549959043853768E-5
<2584,registrar2-1,roster0-1,write> 1.2601626415145823E-4
<2585,admissions2-1,application2-0,setStatus> 4.783258396248951E-5
<2586,admissions2-1,application2-1,setStatus> 4.829829674751983E-5
<2587,admissions2-1,application2-2,setStatus> 4.8764009532550153E-5
<2588,registrar4-1,roster4-9,read> 1.027610130145321E-4
<2589,admissions2-1,stu3-19application3-19,read> 1.2405812405232773E-4
<2590,admissions4-1,stu0-16application0-16,setStatus> 1.1669347416644526E-4
<2591,stu2-15,gradebook2-6,readMyScores> 1.377509058655718E-4
<2592,admissions0-0,stu1-0application1-0,setStatus> 2.1010745591161154E-4
<2593,admissions2-0,stu4-16application4-16,setStatus> 1.4468284468705656E-4
<2594,stu2-15,gradebook2-5,readMyScores> 1.5075449692361777E-4
<2595,admissions0-0,stu5-6application5-6,setStatus> 3.4024633780239496E-5
<2596,stu2-15,gradebook2-7,readMyScores> 1.3169483154628435E-4
<2597,stu3-3,gradebook3-9,readMyScores> 3.796322485035157E-5
<2598,registrar2-1,roster0-4,write> 1.295347505030363E-4
<2599,admissions2-1,application2-4,setStatus> 5.388685016788372E-5
<2600,admissions0-1,stu2-9application2-9,read> 1.7827163686669683E-4
<2601,registrar2-1,transcript3-10,read> 3.2263521842272906E-4
<2602,registrar2-1,roster0-5,write> 1.29032109595668E-4
<2603,admissions2-1,application2-3,setStatus> 5.295542459782307E-5
<2604,registrar2-1,roster0-8,write> 1.3858228683566549E-4
<2605,registrar2-0,transcript2-18,read> 3.1217446811200827E-4
<2606,registrar2-1,roster0-9,write> 1.3958756865040207E-4
<2607,registrar2-1,roster0-6,write> 1.3054003231777287E-4
<2608,registrar0-1,roster0-9,read> 1.8342146978147342E-4
<2609,stu3-3,gradebook3-1,readMyScores> 4.136695280755376E-5
<2610,registrar2-1,roster0-7,write> 1.3003739141040458E-4
<2611,stu2-11,gradebook2-3,readScore> 1.7346582282958426E-4
<2612,admissions4-0,stu3-13application3-13,setStatus> 1.1528781863481645E-4
<2613,admissions2-1,stu2-9application2-9,setStatus> 1.6612363136019173E-4
<2614,stu3-0,gradebook3-9,readMyScores> 4.008407540065054E-5
<2615,admissions0-0,stu2-15application2-15,setStatus> 4.029295430918803E-5
<2616,admissions2-0,stu1-11application1-11,setStatus> 1.5141880641836474E-4
<2617,stu2-12,gradebook2-6,readMyScores> 1.38631103347141E-4
<2618,stu3-0,gradebook3-8,readMyScores> 5.32374906792973E-5
<2619,stu3-0,gradebook3-2,readMyScores> 2.6626644159578013E-5
<2620,admissions2-1,stu0-19application0-19,read> 8.102626271552581E-5
<2621,registrar0-0,transcript1-10,read> 3.980379430557911E-5
<2622,admissions4-1,stu1-15application1-15,setStatus> 1.362476258857309E-4
<2623,admissions4-0,stu2-11application2-11,setStatus> 6.630312584414247E-5
<2624,registrar2-0,roster0-6,read> 1.7869656863012196E-4
<2625,admissions0-0,stu3-2application3-2,read> 5.0000303419246016E-5
<2626,stu1-18,gradebook1-6,readMyScores> 6.453328897234174E-5
<2627,admissions0-1,stu2-15application2-15,setStatus> 4.015659913386082E-5
<2628,admissions2-1,stu1-10application1-10,setStatus> 1.0092384145594641E-4
<2629,registrar4-1,transcript5-18,read> 2.1698217658707536E-5
<2630,stu2-12,gradebook2-8,readMyScores> 1.2858150747158985E-4
<2631,registrar4-1,transcript5-19,read> 1.9602615148409824E-5
<2632,stu3-1,gradebook3-6,readMyScores> 4.819594527338583E-5
<2633,stu3-1,gradebook3-7,readMyScores> 4.3546016929993214E-5
<2634,stu2-13,gradebook2-3,readMyScores> 9.76127084720813E-5
<2635,stu3-1,gradebook3-2,readMyScores> 2.643880187273796E-5
<2636,stu2-13,gradebook2-1,readMyScores> 7.997657962935262E-5
<2637,registrar0-1,transcript4-18,read> 3.187292593612288E-4
<2638,fac3-2,gradebook3-5,assignGrade> 1.630109477479886E-4
<2639,admissions4-1,stu3-4application3-4,setStatus> 4.825394314894551E-5
<2640,stu3-1,gradebook3-1,readMyScores> 4.336982203101073E-5
<2641,admissions4-1,stu2-11application2-11,setStatus> 6.683038728226688E-5
<2642,registrar2-0,roster2-8,read> 1.2777965769043053E-4
<2643,registrar2-0,roster2-9,read> 1.2846772405448044E-4
<2644,admissions2-1,stu1-6application1-6,setStatus> 2.3615519140912672E-5
<2645,stu2-18,gradebook2-2,readMyScores> 8.724261852675847E-5
<2646,admissions4-0,stu2-18application2-18,setStatus> 1.4632762396752077E-4
<2647,registrar2-1,roster2-6,read> 1.2627543836932003E-4
<2648,registrar2-1,roster2-5,read> 9.310113848301291E-5
<2649,admissions4-0,stu3-4application3-4,setStatus> 4.787324142784929E-5
<2650,stu2-18,gradebook2-8,readMyScores> 1.3021428851884813E-4
<2651,registrar2-1,roster2-8,read> 1.283488321122142E-4
<2652,admissions0-0,stu1-9application1-9,setStatus> 1.7306738005873392E-4
<2653,registrar2-1,roster2-7,read> 1.269665696169514E-4
<2654,registrar2-1,roster2-2,read> 9.24100072353815E-5
<2655,registrar2-1,roster2-4,read> 9.379226973064434E-5
<2656,fac2-4,gradebook2-8,addScore> 4.878861615542057E-4
<2657,registrar2-1,roster2-3,read> 9.033661349248733E-5
<2658,stu2-19,gradebook2-1,readMyScores> 8.149033192517632E-5
<2659,stu2-11,stu2-11application2-11,checkStatus> 7.102973877229256E-4
<2660,stu2-19,gradebook2-6,readMyScores> 1.4215189327341756E-4
<2661,stu2-19,gradebook2-4,readMyScores> 8.353622110636989E-5
<2662,stu0-1,transcript0-1,read> 7.354880950254726E-4
<2663,admissions4-1,stu5-13application5-13,setStatus> 1.8268873621903433E-4
<2664,admissions2-1,application4-3,setStatus> 1.335237364080691E-4
<2665,registrar2-0,roster2-7,read> 1.2640352496233074E-4
<2666,registrar2-0,roster2-5,read> 9.268827312388645E-5
<2667,registrar2-0,roster2-4,read> 9.337633948793635E-5
<2668,registrar0-0,transcript3-16,read> 3.036626750623442E-4
<2669,registrar2-0,roster2-3,read> 8.993600766768693E-5
<2670,registrar2-0,roster2-2,read> 9.200020675983657E-5
<2671,admissions0-0,stu4-1application4-1,setStatus> 2.0668837198673057E-4
<2672,chair2,transcript2-10,read> 0.001643699762314351
<2673,registrar2-0,roster2-1,read> 9.956893676438532E-5
<2674,admissions2-1,stu3-10application3-10,read> 4.168284663616408E-5
<2675,registrar0-1,roster0-2,read> 1.6823037430969948E-4
<2676,admissions4-0,stu5-12application5-12,setStatus> 8.376301634378864E-5
<2677,registrar4-1,roster2-7,write> 1.0667136911176242E-4
<2678,stu0-9,gradebook0-6,readScore> 4.115218666443811E-5
<2679,registrar0-1,roster0-3,read> 1.6690940948606696E-4
<2680,registrar0-1,roster0-7,read> 1.7087230395696452E-4
<2681,registrar0-1,roster0-8,read> 1.821005049578409E-4
<2682,admissions2-0,stu0-8application0-8,read> 1.2266346692753382E-4
<2683,registrar0-0,roster0-9,read> 1.8427261349275638E-4
<2684,admissions4-0,stu5-13application5-13,setStatus> 1.8124740496681314E-4
<2685,admissions2-1,stu5-6application5-6,read> 2.4470102101443312E-5
<2686,stu2-16,gradebook2-2,readMyScores> 8.943052118573673E-5
<2687,stu2-16,gradebook2-3,readMyScores> 1.006919737235665E-4
<2688,admissions0-1,stu4-12application4-12,read> 1.6277880917964834E-4
<2689,stu2-16,gradebook2-5,readMyScores> 1.574975095655687E-4
<2690,registrar2-1,roster2-9,read> 1.290399633598456E-4
<2691,admissions2-0,stu1-6application1-6,setStatus> 2.4397813770839384E-5
<2692,registrar0-0,roster0-1,read> 1.663568365170165E-4
<2693,registrar0-0,roster0-6,read> 1.723287621755965E-4
<2694,stu4-9,transcript4-9,read> 8.725555196747236E-4
<2695,registrar0-0,roster0-7,read> 1.716652148801987E-4
<2696,registrar0-0,roster0-4,read> 1.7100166758480094E-4
<2697,registrar0-0,roster0-5,read> 1.7033812028940316E-4
<2698,registrar4-1,transcript4-14,read> 3.8109404817476464E-4
<2699,stu2-17,gradebook2-3,readMyScores> 1.0192367982416058E-4
<2700,stu2-17,gradebook2-4,readMyScores> 8.560522967866387E-5
<2701,admissions2-0,stu5-6application5-6,read> 2.528070589776441E-5
<2702,stu2-17,gradebook2-1,readMyScores> 8.350866831960793E-5
<2703,admissions4-1,stu2-18application2-18,setStatus> 1.4749126312432016E-4
<2704,stu2-17,gradebook2-9,readMyScores> 2.6390720850994436E-4
<2705,stu4-3,gradebook4-1,readMyScores> 9.416288205890507E-5
<2706,admissions0-0,stu5-2application5-2,read> 1.427714472476841E-4
<2707,registrar2-1,transcript1-3,read> 2.827262585241228E-4
<2708,registrar4-0,roster2-9,write> 1.067486413281206E-4
<2709,admissions0-0,stu4-0application4-0,setStatus> 6.764562570823611E-5
<2710,stu5-7,gradebook5-3,readScore> 6.851283361174276E-5
<2711,registrar4-0,roster2-3,write> 7.473119568094496E-5
<2712,registrar0-1,transcript5-8,read> 2.5978691927312395E-4
<2713,registrar4-0,roster2-4,write> 7.758989618515708E-5
<2714,registrar4-0,roster2-2,write> 7.644641598347222E-5
<2715,registrar2-1,transcript0-15,read> 2.9633158576228394E-4
<2716,registrar2-0,transcript2-17,read> 3.1036846901964034E-4
<2717,registrar4-0,roster2-7,write> 1.0503342102559332E-4
<2718,registrar0-1,transcript2-16,read> 2.953256831497754E-4
<2719,admissions2-1,stu5-8application5-8,setStatus> 1.7823216377098019E-4
<2720,admissions0-0,stu0-13application0-13,read> 1.6533740115189875E-4
<2721,registrar4-0,roster2-5,write> 7.701815608431464E-5
<2722,registrar4-0,roster2-6,write> 1.0446168092475093E-4
<2723,registrar4-1,roster0-4,read> 2.05754893329518E-4
<2724,registrar0-1,transcript2-14,read> 2.918584866740046E-4
<2725,registrar2-1,transcript1-9,read> 2.7728412762885826E-4
<2726,registrar2-1,transcript1-8,read> 2.763771058129809E-4
<2727,registrar2-1,transcript1-7,read> 2.7909817126061314E-4
<2728,admissions0-1,stu3-5application3-5,read> 1.088037965925115E-4
<2729,registrar4-1,transcript1-13,read> 3.9510838996238064E-5
<2730,registrar4-1,roster0-9,read> 2.2172293678920569E-4
<2731,admissions2-0,stu5-8application5-8,setStatus> 1.841363348275758E-4
<2732,admissions2-0,stu5-11application5-11,setStatus> 1.0234251380454809E-4
<2733,registrar2-0,transcript1-8,read> 2.751514867184665E-4
<2734,registrar2-0,transcript1-7,read> 2.7786048535701836E-4
<2735,registrar2-0,transcript1-5,read> 2.7966648444938623E-4
<2736,registrar2-0,transcript1-4,read> 2.7876348490320224E-4
<2737,admissions0-0,application2-1,setStatus> 5.9097915896033576E-5
<2738,admissions0-0,application2-0,setStatus> 5.852806857522007E-5
<2739,admissions0-0,application2-3,setStatus> 6.47963891041686E-5
<2740,admissions0-0,application2-2,setStatus> 5.966776321684707E-5
<2741,admissions4-1,stu3-11application3-11,setStatus> 1.2060430451030239E-4
<2742,admissions0-0,stu5-0application5-0,setStatus> 1.388765408099238E-4
<2743,admissions0-1,stu0-19application0-19,read> 9.880842389118987E-5
<2744,admissions2-1,stu5-0application5-0,setStatus> 1.1349808665176517E-4
<2745,admissions4-1,stu5-7application5-7,read> 7.617971607305031E-6
<2746,stu5-9,gradebook5-9,readScore> 4.82808463761783E-5
<2747,admissions4-1,stu4-7application4-7,setStatus> 3.652145211737413E-5
<2748,admissions0-1,stu4-0application4-0,setStatus> 6.741670650110165E-5
<2749,registrar4-0,roster3-2,read> 1.2476738794373258E-4
<2750,registrar0-1,roster3-6,read> 1.10768404481685E-4
<2751,registrar4-1,transcript4-15,read> 3.7899844566446705E-4
<2752,admissions0-1,application2-4,setStatus> 6.571294979064908E-5
<2753,admissions0-1,application2-3,setStatus> 6.457711198368073E-5
<2754,admissions0-1,application2-2,setStatus> 5.946584185232307E-5
<2755,registrar4-1,roster2-6,write> 1.0609071298595563E-4
<2756,registrar4-1,roster2-8,write> 1.0783268136337606E-4
<2757,registrar4-1,roster2-2,write> 7.763856282142112E-5
<2758,admissions4-0,stu5-7application5-7,read> 7.5578692672079505E-6
<2759,registrar4-1,roster2-3,write> 7.589659444400064E-5
<2760,admissions4-0,stu2-8application2-8,read> 1.6803366283728923E-4
<2761,registrar4-1,roster2-4,write> 7.879987507303477E-5
<2762,registrar4-1,roster2-5,write> 7.821921894722793E-5
<2763,registrar4-1,roster2-1,write> 8.402578020529623E-5
<2764,admissions0-1,application2-0,setStatus> 5.8330004045354694E-5
<2765,admissions4-1,stu5-11application5-11,setStatus> 1.0398327554890959E-4
<2766,admissions2-0,stu1-18application1-18,setStatus> 1.0763505516486165E-4
<2767,admissions4-0,stu4-5application4-5,setStatus> 7.503307109396557E-5
<2768,admissions2-1,stu0-11application0-11,setStatus> 1.5634366287455492E-4
<2769,admissions4-0,stu5-11application5-11,setStatus> 1.0316289467672883E-4
<2770,admissions0-1,stu5-0application5-0,setStatus> 1.384065694366246E-4
<2771,registrar4-1,roster2-3,read> 1.0435781736050087E-4
<2772,admissions4-1,stu2-0application2-0,setStatus> 9.762817624014175E-5
<2773,admissions0-0,stu4-13application4-13,read> 1.793784391367435E-4
<2774,admissions4-0,stu2-3application2-3,setStatus> 6.193815321923094E-5
<2775,admissions2-0,stu0-11application0-11,setStatus> 1.6152274901532694E-4
<2776,admissions4-0,stu1-17application1-17,read> 5.109119624632575E-5
<2777,admissions4-0,stu2-0application2-0,setStatus> 9.685793421852326E-5
<2778,admissions0-1,stu4-2application4-2,read> 9.381073754052905E-5
<2779,admissions2-0,stu0-9application0-9,setStatus> 1.0522935454653732E-4
<2780,fac3-0,gradebook3-1,changeScore> 4.1114401097595583E-4
<2781,registrar2-1,transcript0-18,read> 2.8907541123526467E-4
<2782,admissions4-0,stu2-1application2-1,setStatus> 1.0898285817661089E-4
<2783,admissions0-0,stu2-3application2-3,read> 6.40413414040907E-5
<2784,stu1-1,gradebook1-6,readScore> 4.6336195924649664E-5
<2785,admissions2-0,stu1-7application1-7,setStatus> 2.9690355131152938E-5
<2786,registrar4-0,roster1-5,read> 2.096707929188323E-4
<2787,stu1-0,gradebook1-6,readScore> 4.614109615233536E-5
<2788,admissions2-0,stu3-6application3-6,setStatus> 1.8028721383825684E-4
<2789,admissions2-0,stu1-4application1-4,setStatus> 1.87023175569565E-4
<2790,admissions4-1,stu5-3application5-3,setStatus> 1.421138714015166E-4
<2791,admissions2-1,stu1-16application1-16,setStatus> 1.0325240538109804E-4
<2792,admissions2-1,stu2-13application2-13,setStatus> 9.440386246552189E-5
<2793,admissions0-1,stu1-11application1-11,setStatus> 1.7872881158400165E-4
<2794,admissions2-1,stu1-7application1-7,setStatus> 2.8738359776246228E-5
<2795,admissions2-0,stu2-13application2-13,setStatus> 9.753111256789943E-5
<2796,admissions2-1,stu1-7application1-7,read> 2.5289756603096673E-5
<2797,stu5-0,transcript5-0,read> 0.0012494909374601636
<2798,admissions2-0,stu3-8application3-8,setStatus> 1.5238108666569447E-4
<2799,stu4-7,gradebook4-8,readScore> 1.6659257697737573E-4
<2800,admissions0-0,application0-3,read> 6.203547883482719E-5
<2801,admissions0-0,application0-2,read> 6.053108190787953E-5
<2802,admissions0-0,application0-1,read> 6.1032547550195405E-5
<2803,admissions0-0,application0-0,read> 6.303841011945894E-5
<2804,registrar0-1,transcript0-3,read> 9.3361488436122E-5
<2805,admissions2-1,stu3-2application3-2,read> 4.0863192134510706E-5
<2806,chair4,transcript4-5,read> 0.0010292479983842532
<2807,admissions0-0,application0-4,read> 6.15340131925113E-5
<2808,admissions2-1,stu1-16application1-16,read> 9.086211673536626E-5
<2809,admissions2-0,stu5-1application5-1,read> 2.5704109206589497E-5
<2810,registrar0-1,transcript0-4,read> 9.249468931717929E-5
<2811,registrar0-1,transcript0-5,read> 9.682868491189287E-5
<2812,registrar4-1,transcript3-17,read> 3.632814268372343E-4
<2813,registrar2-1,roster4-5,write> 6.921784161884155E-5
<2814,registrar0-1,transcript0-6,read> 9.509508667400743E-5
<2815,registrar0-1,transcript0-7,read> 9.942908226872102E-5
<2816,registrar0-1,transcript0-8,read> 9.769548403083557E-5
<2817,admissions2-0,stu1-7application1-7,read> 2.612751251541458E-5
<2818,registrar2-1,roster5-8,read> 1.0899715717853507E-4
<2819,registrar0-1,transcript0-9,read> 1.0116268050660646E-4
<2820,admissions2-0,stu4-6application4-6,read> 4.983809780961932E-5
<2821,admissions0-1,application0-2,read> 6.032623899110159E-5
<2822,admissions0-1,application0-1,read> 6.082600762616769E-5
<2823,admissions2-1,stu1-4application1-4,setStatus> 1.810264404811621E-4
<2824,admissions0-1,application0-3,read> 6.182554489629985E-5
<2825,registrar0-0,transcript0-1,read> 1.4952728927373883E-4
<2826,registrar0-0,transcript0-0,read> 1.5562303899419218E-4
<2827,admissions2-1,stu3-6application3-6,setStatus> 1.7450646149073758E-4
<2828,admissions2-0,stu1-16application1-16,read> 9.387204192742808E-5
<2829,admissions2-1,stu0-1application0-1,read> 1.2585111827469448E-5
<2830,registrar0-0,transcript0-5,read> 9.727800595556755E-5
<2831,registrar0-0,transcript0-6,read> 9.553636317829518E-5
<2832,registrar0-0,transcript0-3,read> 9.37947204010228E-5
<2833,registrar0-0,transcript0-9,read> 1.0163211289874849E-4
<2834,registrar0-0,transcript0-7,read> 9.989047012147613E-5
<2835,admissions2-1,stu4-6application4-6,read> 4.824008264939104E-5
<2836,admissions2-0,stu1-1application1-1,setStatus> 1.8894773606422448E-4
<2837,registrar0-0,transcript0-8,read> 9.814882734420375E-5
<2838,admissions0-1,application0-0,read> 6.2825082166432E-5
<2839,registrar0-1,transcript4-19,read> 3.178624602422861E-4
<2840,registrar2-1,transcript2-19,read> 3.153790438957097E-4
<2841,registrar2-1,transcript2-17,read> 3.117509566322E-4
<2842,registrar4-1,transcript0-17,read> 3.349907929482151E-4
<2843,registrar4-1,transcript0-18,read> 3.339429916930663E-4
<2844,registrar0-1,transcript4-16,read> 3.1699566112334345E-4
<2845,registrar2-1,transcript2-16,read> 3.090298911845678E-4
<2846,stu1-6,gradebook1-2,readMyScores> 7.951272106472663E-5
<2847,registrar4-1,transcript0-16,read> 3.360385942033639E-4
<2848,admissions2-1,stu2-4application2-4,read> 2.610941110475005E-5
<2849,registrar2-1,transcript2-13,read> 3.035877602893033E-4
<2850,registrar4-1,transcript0-13,read> 3.444210042445548E-4
<2851,registrar2-1,transcript2-14,read> 3.0540180392105815E-4
<2852,admissions2-0,stu0-1application0-1,read> 1.3002009941836967E-5
<2853,admissions4-0,stu4-7application4-7,setStatus> 3.6233314428085175E-5
<2854,registrar0-0,transcript4-16,read> 3.1846663866915944E-4
<2855,stu5-2,gradebook5-5,readScore> 6.332163565632726E-5
<2856,registrar0-0,transcript4-19,read> 3.193374600577956E-4
<2857,registrar4-0,transcript0-19,read> 3.2778355603579965E-4
<2858,registrar0-0,transcript4-12,read> 3.141125317259784E-4
<2859,registrar2-0,transcript2-13,read> 3.022414731039849E-4
<2860,registrar0-0,transcript4-14,read> 3.1672499589188697E-4
<2861,registrar2-0,transcript2-14,read> 3.040474721963528E-4
<2862,admissions2-0,stu3-7application3-7,read> 1.2181666030988365E-4
<2863,registrar4-0,transcript0-14,read> 3.381006777995494E-4
<2864,registrar0-0,transcript4-15,read> 3.149833531146147E-4
<2865,registrar2-0,transcript2-15,read> 3.0495047174253676E-4
<2866,registrar4-1,transcript0-12,read> 3.465166067548525E-4
<2867,registrar0-1,transcript4-11,read> 2.9619248226871815E-4
<2868,admissions2-1,stu2-8application2-8,read> 1.6135240387755607E-4
<2869,admissions4-1,stu2-5application2-5,setStatus> 1.3233679554187377E-4
<2870,admissions2-0,stu2-4application2-4,read> 2.6974319133064755E-5
<2871,admissions2-1,stu0-11application0-11,read> 1.3758242332960832E-4
<2872,stu5-4,gradebook5-2,readScore> 5.6759919695328205E-5
<2873,registrar4-1,transcript0-1,read> 1.7991620718618457E-4
<2874,registrar4-1,transcript0-3,read> 1.1285692685665792E-4
<2875,admissions0-0,stu4-3application4-3,read> 1.9592680533316755E-4
<2876,registrar4-1,transcript0-4,read> 1.1180912560150906E-4
<2877,stu1-2,gradebook1-4,readMyScores> 6.093296478929816E-5
<2878,registrar4-1,transcript0-7,read> 1.2019153564269989E-4
<2879,stu1-2,gradebook1-6,readMyScores> 1.3681057262136448E-4
<2880,admissions0-1,stu5-19application5-19,read> 3.1339658157268864E-5
<2881,admissions2-0,application3-0,read> 1.0403372133923011E-4
<2882,registrar4-1,transcript0-9,read> 1.222871381529976E-4
<2883,registrar4-1,transcript0-8,read> 1.1809593313240217E-4
<2884,admissions2-0,application3-2,read> 1.0572733457453043E-4
<2885,admissions0-1,stu2-10application2-10,read> 1.2129801246916356E-4
<2886,admissions0-1,stu5-14application5-14,read> 3.233919542740103E-5
<2887,admissions2-0,application3-1,read> 1.0361031803040505E-4
<2888,stu3-0,gradebook3-5,readScore> 3.864246387984681E-5
<2889,registrar4-0,transcript0-0,read> 1.8437556351967802E-4
<2890,registrar4-0,transcript0-5,read> 1.1525084770255462E-4
<2891,stu1-3,gradebook1-6,readMyScores> 1.373842018566742E-4
<2892,registrar4-0,transcript0-3,read> 1.1112399899705472E-4
<2893,admissions4-1,stu0-6application0-6,setStatus> 5.41201886647312E-5
<2894,registrar4-0,transcript0-4,read> 1.1009228682067976E-4
<2895,stu1-3,gradebook1-5,readMyScores> 3.702907217762928E-5
<2896,admissions0-0,stu1-5application1-5,setStatus> 1.2235096850633223E-4
<2897,stu1-3,gradebook1-3,readMyScores> 6.374974902671918E-5
<2898,admissions2-0,stu1-19application1-19,setStatus> 4.26811384701044E-5
<2899,admissions2-1,stu1-12application1-12,read> 9.700952549776654E-5
<2900,admissions0-0,stu5-14application5-14,read> 3.2449005938190166E-5
<2901,admissions2-1,application3-3,read> 1.0192745250768677E-4
<2902,registrar2-0,roster1-4,write> 1.3096196462416128E-4
<2903,admissions4-0,stu0-17application0-17,read> 1.5907091904747084E-4
<2904,admissions2-1,application3-2,read> 1.0233727975851344E-4
<2905,registrar4-0,transcript0-9,read> 1.2040940858442949E-4
<2906,admissions2-1,application3-1,read> 1.0028814350438002E-4
<2907,registrar4-0,transcript0-8,read> 1.1628255987892958E-4
<2908,admissions2-1,application3-0,read> 1.0069797075520672E-4
<2909,registrar4-0,transcript0-7,read> 1.1834598423167955E-4
<2910,admissions0-0,stu0-9application0-9,read> 1.0967471485483591E-4
<2911,stu1-4,gradebook1-8,readMyScores> 5.238059330810776E-5
<2912,stu1-4,gradebook1-9,readMyScores> 1.2442141201013355E-4
<2913,fac4-2,gradebook4-4,readScore> 2.920218207292516E-4
<2914,stu1-4,gradebook1-3,readMyScores> 6.135414259147711E-5
<2915,admissions2-0,stu0-15application0-15,read> 9.979968825097926E-5
<2916,stu3-2,gradebook3-7,readScore> 4.246063275193565E-5
<2917,admissions2-1,stu0-14application0-14,read> 9.618987099611318E-5
<2918,registrar4-0,roster1-6,read> 2.0809850764151561E-4
<2919,stu1-5,gradebook1-8,readMyScores> 5.283508869472907E-5
<2920,admissions4-1,stu4-18application4-18,setStatus> 9.634493503356363E-6
<2921,stu1-5,gradebook1-1,readMyScores> 1.1787910164319695E-4
<2922,admissions0-0,stu5-19application5-19,read> 3.1446074653558404E-5
<2923,stu4-17,gradebook4-6,readScore> 8.086988683280905E-5
<2924,stu1-5,gradebook1-5,readMyScores> 3.594680284467142E-5
<2925,admissions0-0,stu0-7application0-7,setStatus> 1.2292081582714577E-4
<2926,admissions4-0,stu1-19application1-19,read> 3.7860479223260535E-5
<2927,admissions2-1,stu0-15application0-15,read> 9.659969824693984E-5
<2928,admissions2-0,stu2-19application2-19,read> 9.810607501567892E-5
<2929,fac5-4,gradebook5-9,changeScore> 3.3566627311193534E-4
<2930,fac5-4,gradebook5-8,changeScore> 3.306344239210007E-4
<2931,admissions4-0,stu4-18application4-18,setStatus> 9.558481720292407E-6
<2932,stu3-4,gradebook3-7,readScore> 4.339898927684031E-5
<2933,admissions0-0,stu5-10application5-10,setStatus> 2.0440898270347653E-4
<2934,admissions0-1,stu0-7application0-7,setStatus> 1.2250484013906745E-4
<2935,admissions2-0,stu3-2application3-2,read> 4.221683825076779E-5
<2936,fac5-3,gradebook5-7,changeScore> 4.715262012671722E-4
<2937,registrar2-1,roster1-9,write> 1.375770050209289E-4
<2938,registrar4-0,roster1-4,read> 2.0574007972554067E-4
<2939,admissions4-1,application2-1,setStatus> 5.069821211385622E-5
<2940,fac4-4,gradebook4-9,addScore> 6.907899812124039E-4
<2941,registrar2-1,roster1-6,write> 1.330532368546143E-4
<2942,registrar2-1,roster1-5,write> 1.3405851866935087E-4
<2943,registrar2-1,roster1-8,write> 1.3707436411356061E-4
<2944,registrar2-1,roster1-2,write> 1.3456115957671916E-4
<2945,registrar2-1,roster1-4,write> 1.3154531413250945E-4
<2946,registrar2-1,roster1-3,write> 1.3204795503987774E-4
<2947,admissions4-1,stu4-4application4-4,setStatus> 1.3429221071380233E-4
<2948,admissions2-0,stu0-14application0-14,read> 9.93762849421542E-5
<2949,admissions0-1,stu5-10application5-10,setStatus> 2.0371724333730575E-4
<2950,registrar2-0,roster1-9,write> 1.3696690743768755E-4
<2951,admissions0-1,stu3-15application3-15,read> 1.4078898923674073E-4
<2952,stu1-0,gradebook1-2,readMyScores> 8.019086793947911E-5
<2953,registrar2-0,roster1-2,write> 1.339644360309244E-4
<2954,registrar0-1,roster4-6,write> 6.999112103398352E-5
<2955,registrar2-0,roster1-1,write> 1.3446484793205158E-4
<2956,stu1-0,gradebook1-3,readMyScores> 6.295121354830514E-5
<2957,registrar4-0,transcript3-1,read> 7.398236064755557E-5
<2958,registrar2-0,roster1-7,write> 1.3596608363543314E-4
<2959,admissions4-1,stu0-19application0-19,setStatus> 9.665046865417747E-5
<2960,registrar4-0,transcript3-0,read> 7.501407282393054E-5
<2961,stu1-0,gradebook1-5,readMyScores> 3.656524246350448E-5
<2962,registrar2-0,roster1-6,write> 1.324632003275428E-4
<2963,registrar4-0,transcript3-3,read> 7.604578500030552E-5
<2964,stu1-0,gradebook1-8,readMyScores> 5.3744079467971726E-5
<2965,registrar4-0,transcript3-2,read> 7.810920935305547E-5
<2966,registrar4-0,transcript3-4,read> 8.017263370580542E-5
<2967,stu5-7,stu5-7application5-7,checkStatus> 9.2007433642866E-5
<2968,registrar4-0,transcript3-6,read> 8.223605805855538E-5
<2969,registrar4-0,transcript3-7,read> 8.12043458821804E-5
<2970,registrar0-0,transcript3-14,read> 3.054043178396166E-4
<2971,registrar2-0,transcript3-18,read> 3.1127146856582433E-4
<2972,registrar4-0,transcript3-9,read> 6.985551194205566E-5
<2973,admissions4-0,stu4-4application4-4,setStatus> 1.3323270609278616E-4
<2974,admissions2-0,stu0-8application0-8,setStatus> 1.39390303326743E-4
<2975,registrar4-1,transcript3-0,read> 7.618388292644798E-5
<2976,stu1-1,gradebook1-5,readMyScores> 3.6719852368212746E-5
<2977,stu3-7,gradebook3-6,readScore> 4.765281181987594E-5
<2978,stu1-1,gradebook1-9,readMyScores> 1.2819993645295753E-4
<2979,registrar4-1,transcript3-3,read> 7.723168418159683E-5
<2980,registrar4-1,transcript3-2,read> 7.932728669189456E-5
<2981,admissions4-0,stu0-19application0-19,setStatus> 9.588794030187626E-5
<2982,registrar4-1,transcript3-7,read> 8.247069045734112E-5
<2983,registrar4-1,transcript3-8,read> 7.199267790585256E-5
<2984,registrar4-1,transcript3-5,read> 8.03750879470434E-5
<2985,registrar4-1,transcript3-6,read> 8.351849171248996E-5
<2986,admissions4-1,stu3-10application3-10,read> 4.3754043984544896E-5
<2987,registrar2-1,transcript3-14,read> 3.1810010934334203E-4
<2988,admissions0-0,stu4-15application4-15,read> 1.1888914603239024E-5
<2989,admissions2-0,application1-1,setStatus> 2.0067552657855565E-5
<2990,stu1-19,gradebook1-1,readScore> 7.918847399907433E-5
<2991,admissions2-0,application1-2,setStatus> 2.10298329051853E-5
<2992,admissions4-1,application5-4,read> 1.65068001250993E-4
<2993,admissions0-0,stu2-17application2-17,read> 1.0716738664325649E-4
<2994,admissions2-0,application1-0,setStatus> 1.9105272410525826E-5
<2995,admissions4-1,application5-0,read> 1.6162647054839872E-4
<2996,admissions4-1,application5-2,read> 1.6291704456187163E-4
<2997,stu3-8,gradebook3-1,readScore> 6.730735634397775E-5
<2998,registrar2-0,transcript1-18,read> 3.134160924880112E-5
<2999,admissions2-0,stu4-1application4-1,setStatus> 1.7451353235427844E-4
<3000,registrar0-0,transcript3-18,read> 3.001793895077994E-4
<3001,admissions0-1,stu1-17application1-17,read> 5.982647035603552E-5
<3002,admissions2-0,application1-4,setStatus> 1.3812731050212273E-5
<3003,admissions2-0,application1-3,setStatus> 2.1510973028850173E-5
<3004,admissions0-1,stu4-15application4-15,read> 1.1848681389691684E-5
<3005,admissions2-1,stu1-3application1-3,setStatus> 1.2886660855776586E-4
<3006,admissions0-1,stu2-12application2-12,setStatus> 6.003376075580725E-5
<3007,admissions2-1,application1-0,setStatus> 1.8492678505579106E-5
<3008,admissions2-1,application1-1,setStatus> 1.9424104075639754E-5
<3009,admissions0-1,stu2-17application2-17,read> 1.0680472205224718E-4
<3010,admissions0-1,stu1-5application1-5,setStatus> 1.2193692123558327E-4
<3011,registrar4-0,roster3-1,read> 1.2633967322104922E-4
<3012,admissions2-1,application1-3,setStatus> 2.0821242430730726E-5
<3013,admissions4-0,application5-3,read> 1.624852976340683E-4
<3014,admissions4-0,application5-2,read> 1.6163170298741898E-4
<3015,admissions4-0,application5-1,read> 1.6077810834076958E-4
<3016,admissions2-0,stu1-3application1-3,read> 1.1715922391280772E-4
<3017,admissions2-1,application1-4,setStatus> 1.3369837870245548E-5
<3018,stu3-9,gradebook3-5,readScore> 3.578005914800631E-5
<3019,admissions4-0,stu5-11application5-11,read> 9.078334731552137E-5
<3020,admissions0-0,stu3-15application3-15,read> 1.4126705032073644E-4
<3021,registrar4-0,roster3-9,read> 1.3420109960763255E-4
<3022,admissions0-0,stu4-19application4-19,setStatus> 7.220440427474414E-5
<3023,admissions2-1,stu3-11application3-11,setStatus> 1.1489522500685614E-4
<3024,admissions0-1,stu3-11application3-11,read> 1.232970870094279E-4
<3025,registrar4-1,roster3-1,read> 1.2830988255003247E-4
<3026,registrar4-1,roster3-5,read> 1.331002955879388E-4
<3027,admissions0-1,stu1-9application1-9,setStatus> 1.7248170364567557E-4
<3028,registrar4-1,roster3-2,read> 1.2671307820406367E-4
<3029,registrar4-1,roster3-3,read> 1.3150349124196997E-4
<3030,registrar4-1,roster3-8,read> 1.3549550210689194E-4
<3031,registrar2-1,roster0-5,read> 1.7741915069404348E-4
<3032,registrar4-1,roster3-9,read> 1.362939042798763E-4
<3033,registrar4-1,roster3-6,read> 1.3389869776092318E-4
<3034,registrar4-1,roster3-7,read> 1.3469709993390756E-4
<3035,admissions4-1,stu5-11application5-11,read> 9.150528248304042E-5
<3036,admissions0-1,stu4-19application4-19,setStatus> 7.196005772897512E-5
<3037,admissions2-1,stu4-1application4-1,read> 1.4864775910192887E-4
<3038,registrar4-0,roster3-4,read> 1.2712581585970758E-4
<3039,registrar4-0,roster3-6,read> 1.3184267169165752E-4
<3040,registrar4-0,roster3-7,read> 1.3262881433031586E-4
<3041,registrar4-0,roster3-8,read> 1.3341495696897422E-4
<3042,admissions2-0,stu3-11application3-11,read> 1.0445712464805522E-4
<3043,admissions4-0,stu5-7application5-7,setStatus> 8.5884878036454E-6
<3044,registrar2-0,roster1-9,read> 1.8832949772682034E-4
<3045,app2-1,application2-1,checkStatus> 5.388388290284553E-4
<3046,admissions4-1,stu1-14application1-14,read> 1.461395823867245E-4
<3047,stu1-6,gradebook1-5,readMyScores> 3.6256022654087956E-5
<3048,registrar2-1,roster1-5,read> 1.8433046317035745E-4
<3049,registrar2-1,roster1-7,read> 1.8778611940851444E-4
<3050,registrar2-1,roster1-9,read> 1.8916838190377724E-4
<3051,admissions4-0,stu5-12application5-12,read> 7.3711454382534E-5
<3052,stu1-6,gradebook1-8,readMyScores> 5.328958408135039E-5
<3053,registrar2-1,roster1-1,read> 1.8571272566562027E-4
<3054,admissions0-0,stu3-11application3-11,read> 1.2371575283968061E-4
<3055,chair1,transcript1-15,read> 1.7694393873927885E-4
<3056,admissions0-1,stu1-0application1-0,setStatus> 2.0939643237214754E-4
<3057,admissions4-1,stu5-7application5-7,setStatus> 8.65678591739208E-6
<3058,admissions4-0,stu1-14application1-14,read> 1.4498660737775624E-4
<3059,admissions4-0,stu1-1application1-1,setStatus> 1.904623471749597E-4
<3060,stu1-7,gradebook1-4,readMyScores> 6.0166512402011385E-5
<3061,registrar2-0,roster1-3,read> 1.8076076772227163E-4
<3062,admissions2-0,stu4-14application4-14,setStatus> 1.5093766629469983E-4
<3063,registrar2-0,roster1-1,read> 1.848891659065709E-4
<3064,admissions2-0,stu1-8application1-8,read> 1.0826775442748095E-4
<3065,admissions2-1,stu3-13application3-13,setStatus> 1.1070380994158322E-4
<3066,stu1-7,gradebook1-1,readMyScores> 1.1940012230956078E-4
<3067,admissions4-1,stu1-8application1-8,read> 1.1000351000948463E-4
<3068,admissions4-1,stu5-12application5-12,read> 7.429762897006906E-5
<3069,registrar2-0,roster1-6,read> 1.8213690045037136E-4
<3070,admissions0-1,stu4-17application4-17,setStatus> 9.865224619273172E-5
<3071,admissions4-1,stu3-9application3-9,setStatus> 8.002943969278468E-5
<3072,registrar4-0,transcript4-19,read> 3.783374526781735E-4
<3073,admissions4-1,stu4-18application4-18,read> 8.4783542829536E-6
<3074,admissions0-0,stu2-12application2-12,setStatus> 6.0237610537660575E-5
<3075,stu1-8,gradebook1-4,readMyScores> 6.272135369296729E-5
<3076,admissions2-0,application3-3,setStatus> 1.1966355825648338E-4
<3077,admissions4-0,stu1-8application1-8,read> 1.0913563221848278E-4
<3078,admissions2-0,stu5-10application5-10,setStatus> 1.7258897185961893E-4
<3079,admissions2-1,stu1-14application1-14,setStatus> 1.582065140146762E-4
<3080,admissions2-1,stu4-14application4-14,setStatus> 1.460979816038878E-4
<3081,admissions2-1,stu3-11application3-11,read> 1.011077980060334E-4
<3082,stu1-9,gradebook1-3,readMyScores> 6.587917696915654E-5
<3083,stu1-9,gradebook1-5,readMyScores> 3.8265951415295384E-5
<3084,stu1-9,gradebook1-4,readMyScores> 6.323232195115846E-5
<3085,admissions0-0,stu1-17application1-17,read> 6.002961626556365E-5
<3086,admissions4-1,stu1-4application1-4,read> 1.6721895794011442E-4
<3087,admissions2-1,stu3-5application3-5,read> 8.922280773205951E-5
<3088,admissions2-0,stu5-13application5-13,setStatus> 1.7980607371459199E-4
<3089,stu1-19,gradebook1-7,readMyScores> 9.157276814722864E-5
<3090,stu1-19,gradebook1-8,readMyScores> 2.2611145484410937E-5
<3091,stu0-19,gradebook0-8,readScore> 2.097356221460303E-5
<3092,admissions2-0,stu1-14application1-14,read> 1.4383363236878803E-4
<3093,admissions0-0,stu4-16application4-16,read> 1.507948975247382E-4
<3094,stu1-18,gradebook1-8,readMyScores> 2.556536549744955E-5
<3095,registrar0-0,roster5-2,write> 8.57584610567121E-5
<3096,admissions2-1,application4-3,read> 1.1750088803910079E-4
<3097,registrar0-0,roster5-3,write> 7.176364537195909E-5
<3098,admissions4-0,stu0-3application0-3,read> 6.688269720933905E-5
<3099,registrar0-0,roster5-4,write> 7.128106552076072E-5
<3100,registrar0-0,roster5-5,write> 7.417654462795098E-5
<3101,registrar0-0,roster5-7,write> 7.707202373514126E-5
<3102,registrar0-0,roster5-8,write> 7.61068640327445E-5
<3103,registrar0-0,roster5-9,write> 7.85197632887364E-5
<3104,admissions0-1,stu4-14application4-14,read> 1.5678158555885533E-4
<3105,stu0-18,gradebook0-4,readScore> 2.051854337164056E-5
<3106,admissions0-1,stu1-1application1-1,setStatus> 2.2302648605576796E-4
<3107,admissions2-0,stu5-8application5-8,read> 1.6203997464826671E-4
<3108,registrar2-0,roster5-3,read> 1.0232120222058487E-4
<3109,registrar4-0,transcript4-13,read> 3.711154674435486E-4
<3110,registrar2-0,roster5-4,read> 1.0163313585653496E-4
<3111,registrar2-0,roster5-1,read> 1.215870604139816E-4
<3112,admissions0-0,stu1-11application1-11,read> 1.5781541651716056E-4
<3113,registrar2-0,roster5-2,read> 1.2227512677803146E-4
<3114,admissions2-1,stu2-2application2-2,setStatus> 2.5012657496003637E-5
<3115,admissions4-1,stu0-3application0-3,read> 6.741456756488053E-5
<3116,admissions0-0,stu0-13application0-13,setStatus> 1.8788341039988496E-4
<3117,admissions0-0,stu1-18application1-18,setStatus> 1.2747959439365377E-4
<3118,admissions0-1,stu0-14application0-14,setStatus> 1.3329529930526695E-4
<3119,admissions2-1,stu5-8application5-8,read> 1.5684430411846257E-4
<3120,admissions2-0,stu3-5application3-5,read> 9.217842869212775E-5
<3121,admissions0-1,stu0-2application0-2,read> 8.350300944229113E-6
<3122,registrar2-1,roster5-2,read> 1.22819782131163E-4
<3123,registrar2-1,roster5-3,read> 1.027769759498525E-4
<3124,registrar2-1,roster5-5,read> 1.0623263218800947E-4
<3125,registrar2-1,roster5-1,read> 1.2212865088353164E-4
<3126,registrar2-0,roster5-9,read> 1.1195413131728321E-4
<3127,registrar2-0,roster5-6,read> 1.0438540131273448E-4
<3128,registrar2-0,roster5-5,read> 1.0576153404083425E-4
<3129,registrar2-0,roster5-8,read> 1.085137994970338E-4
<3130,registrar2-0,roster5-7,read> 1.0988993222513357E-4
<3131,admissions0-1,stu4-5application4-5,read> 7.731837258334836E-5
<3132,admissions0-1,stu0-13application0-13,setStatus> 1.8724759513626438E-4
<3133,registrar4-0,roster2-9,read> 1.4677938182616583E-4
<3134,registrar4-0,roster2-8,read> 1.4599323918750747E-4
<3135,registrar4-0,roster2-7,read> 1.444209539101908E-4
<3136,registrar0-1,roster3-6,write> 8.055883962304364E-5
<3137,stu1-15,gradebook1-2,readMyScores> 3.712854139269751E-5
<3138,registrar4-0,roster2-4,read> 1.0668610725459098E-4
<3139,registrar4-0,roster2-3,read> 1.0275539406129933E-4
<3140,fac5-2,gradebook5-5,changeScore> 4.6146250288530273E-4
<3141,stu1-15,gradebook1-4,readMyScores> 2.7975512135967077E-5
<3142,registrar4-0,roster2-2,read> 1.051138219772743E-4
<3143,registrar4-0,roster2-1,read> 1.1376139100251595E-4
<3144,stu1-15,gradebook1-8,readMyScores> 2.4883622417517563E-5
<3145,stu1-15,gradebook1-9,readMyScores> 5.910691806988989E-5
<3146,admissions4-1,stu3-10application3-10,setStatus> 4.9720504527891936E-5
<3147,admissions4-1,stu4-19application4-19,setStatus> 6.194184935244547E-5
<3148,admissions0-0,application4-4,read> 1.4327291288999998E-4
<3149,admissions0-1,stu5-16application5-16,setStatus> 1.480611907958557E-4
<3150,stu0-15,gradebook0-3,readScore> 4.533892038657036E-5
<3151,admissions0-0,application4-3,read> 1.4377437853231584E-4
<3152,admissions0-0,application4-0,read> 1.3524946261294585E-4
<3153,admissions0-0,application4-1,read> 1.417685159630523E-4
<3154,registrar4-1,roster2-8,read> 1.482699368746421E-4
<3155,registrar4-1,roster2-7,read> 1.4667313252867333E-4
<3156,admissions2-0,stu2-2application2-2,setStatus> 2.5841234141833985E-5
<3157,registrar4-1,roster2-4,read> 1.083498282254228E-4
<3158,admissions0-0,stu3-6application3-6,read> 1.8790335505611348E-4
<3159,fac5-1,gradebook5-3,changeScore> 4.8662174883997626E-4
<3160,stu1-14,gradebook1-2,readMyScores> 3.678946795532128E-5
<3161,stu0-13,gradebook0-7,readScore> 3.8680841937204886E-5
<3162,registrar4-1,roster2-5,read> 1.0755142605243839E-4
<3163,stu5-11,gradebook5-8,readScore> 2.954283259331221E-5
<3164,registrar4-1,roster2-2,read> 1.0675302387945404E-4
<3165,stu1-14,gradebook1-5,readMyScores> 1.6775174660846663E-5
<3166,registrar2-1,transcript3-18,read> 3.1265797844807743E-4
<3167,stu1-14,gradebook1-4,readMyScores> 2.772002800687149E-5
<3168,registrar4-1,roster2-1,read> 1.1553544778228229E-4
<3169,stu4-8,gradebook4-2,addScore> 2.753479222901801E-4
<3170,admissions4-0,stu3-10application3-10,setStatus> 4.93282323028198E-5
<3171,admissions4-0,stu4-19application4-19,setStatus> 6.145315626090743E-5
<3172,admissions0-0,stu5-16application5-16,setStatus> 1.4856394526375336E-4
<3173,stu0-14,gradebook0-4,readScore> 2.0135913192216025E-5
<3174,admissions0-1,application4-1,read> 1.412887578718068E-4
<3175,admissions0-1,application4-2,read> 1.4028922060167466E-4
<3176,admissions0-1,application4-4,read> 1.4278806377700506E-4
<3177,stu1-17,gradebook1-4,readMyScores> 2.8486480394158262E-5
<3178,stu1-17,gradebook1-5,readMyScores> 1.723900437497146E-5
<3179,admissions4-1,stu4-1application4-1,read> 1.5603398315668307E-4
<3180,stu4-7,gradebook4-8,addScore> 4.5217985179573424E-4
<3181,stu1-16,gradebook1-5,readMyScores> 1.7084394470263194E-5
<3182,stu1-16,gradebook1-3,readMyScores> 2.9412723454916358E-5
<3183,stu0-11,gradebook0-4,readScore> 1.9657625467935357E-5
<3184,stu1-16,gradebook1-2,readMyScores> 3.746761483007374E-5
<3185,admissions0-0,application5-3,read> 1.909121489100087E-4
<3186,registrar0-1,transcript3-6,read> 6.909111310572587E-5
<3187,admissions2-1,stu5-13application5-13,setStatus> 1.7404074870570725E-4
<3188,admissions4-0,stu3-4application3-4,read> 4.212845245650737E-5
<3189,admissions4-1,stu0-7application0-7,setStatus> 1.0544983692785602E-4
<3190,admissions2-0,stu5-14application5-14,read> 2.7397722441889842E-5
<3191,admissions2-1,stu5-14application5-14,setStatus> 3.01354981313372E-5
<3192,registrar4-1,roster1-4,write> 1.5196254692469494E-4
<3193,admissions4-1,application3-3,setStatus> 1.215820120962667E-4
<3194,admissions4-1,application3-0,setStatus> 1.2011545071732026E-4
<3195,admissions4-1,application3-1,setStatus> 1.1962659692433813E-4
<3196,admissions4-1,stu5-12application5-12,setStatus> 8.442912382962395E-5
<3197,admissions2-0,application4-4,setStatus> 1.3746574283208352E-4
<3198,admissions2-0,application4-1,setStatus> 1.360223224610889E-4
<3199,admissions0-0,stu1-4application1-4,read> 1.9492387404853578E-4
<3200,stu2-0,gradebook2-4,readMyScores> 1.2439914040917623E-4
<3201,admissions2-1,stu2-11application2-11,setStatus> 6.366681865352051E-5
<3202,admissions2-0,application4-0,setStatus> 1.297675008534456E-4
<3203,admissions4-1,application3-4,setStatus> 1.2109315830328452E-4
<3204,admissions2-0,application4-2,setStatus> 1.3506004221375918E-4
<3205,admissions4-0,stu0-6application0-6,setStatus> 5.369320492773135E-5
<3206,admissions2-1,stu5-14application5-14,read> 2.6519238355576736E-5
<3207,admissions4-0,stu1-5application1-5,setStatus> 1.0413288859337584E-4
<3208,admissions2-1,application4-0,setStatus> 1.2560661906255358E-4
<3209,admissions2-0,stu5-14application5-14,setStatus> 3.1133775502147553E-5
<3210,admissions4-0,application3-1,setStatus> 1.1868279734308099E-4
<3211,admissions4-0,application3-2,setStatus> 1.2110778213469852E-4
<3212,admissions2-0,stu4-4application4-4,setStatus> 1.3217320147176995E-4
<3213,admissions4-0,application3-4,setStatus> 1.2013778821805149E-4
<3214,admissions2-1,application4-4,setStatus> 1.3305802362303877E-4
<3215,admissions4-0,application3-3,setStatus> 1.2062278517637505E-4
<3216,admissions2-1,application4-1,setStatus> 1.3166088526794778E-4
<3217,admissions4-0,stu0-13application0-13,read> 1.4071863414450944E-4
<3218,admissions4-1,stu1-5application1-5,setStatus> 1.0496098313487387E-4
<3219,admissions4-0,stu4-19application4-19,read> 5.407877750959854E-5
<3220,admissions0-0,stu3-13application3-13,setStatus> 1.3545745688504283E-4
<3221,admissions4-1,stu2-14application2-14,read> 4.676538334931489E-5
<3222,admissions4-1,stu4-19application4-19,read> 5.450882743015202E-5
<3223,admissions2-1,stu0-8application0-8,read> 1.1873036979158082E-4
<3224,registrar2-0,roster0-1,read> 1.7250397135367302E-4
<3225,admissions4-0,stu2-14application2-14,read> 4.639642568975422E-5
<3226,registrar2-0,roster0-5,read> 1.7663236953797232E-4
<3227,registrar2-1,roster5-6,read> 1.0485036969274669E-4
<3228,admissions4-1,stu0-8application0-8,setStatus> 1.4162501760853446E-4
<3229,registrar2-1,roster5-9,read> 1.1245281341669205E-4
<3230,admissions4-1,stu2-6application2-6,setStatus> 1.3673647967871305E-4
<3231,registrar2-1,roster0-6,read> 1.794925444369377E-4
<3232,registrar2-1,roster0-9,read> 1.9193290689430284E-4
<3233,registrar2-1,roster0-8,read> 1.9055064439904004E-4
<3234,registrar2-1,roster0-2,read> 1.7603688819878068E-4
<3235,registrar2-1,roster0-1,read> 1.732723632082551E-4
<3236,admissions0-1,stu1-7application1-7,read> 3.0839889522202784E-5
<3237,registrar2-0,roster0-4,read> 1.773204359020222E-4
<3238,registrar2-0,roster0-9,read> 1.9108176318301988E-4
<3239,admissions0-1,stu3-13application3-13,setStatus> 1.349990560157195E-4
<3240,admissions2-0,stu5-4application5-4,read> 5.28019209713949E-5
<3241,admissions2-1,stu4-4application4-4,setStatus> 1.2793518298770518E-4
<3242,admissions0-0,stu2-18application2-18,read> 1.5129636316705408E-4
<3243,registrar0-1,roster5-8,write> 7.575533117347086E-5
<3244,registrar0-1,roster5-7,write> 7.671603286338541E-5
<3245,registrar0-1,roster5-9,write> 7.815708539825725E-5
<3246,registrar0-1,roster5-3,write> 7.143217356885535E-5
<3247,registrar0-1,roster5-6,write> 7.287322610372718E-5
<3248,registrar0-1,roster5-5,write> 7.383392779364174E-5
<3249,registrar0-1,roster5-2,write> 8.536234807261642E-5
<3250,registrar0-1,roster5-1,write> 8.488199722765915E-5
<3251,admissions2-0,stu5-7application5-7,read> 7.49776692711087E-6
<3252,stu2-3,gradebook2-8,readMyScores> 1.9960748302732514E-4
<3253,stu5-9,gradebook5-9,addScore> 1.3104801159248398E-4
<3254,admissions0-1,stu4-16application4-16,read> 1.502845933029963E-4
<3255,admissions4-0,stu2-6application2-6,setStatus> 1.3565769088440366E-4
<3256,admissions4-0,stu0-8application0-8,setStatus> 1.405076604676387E-4
<3257,admissions2-1,stu1-2application1-2,read> 1.281563965605946E-4
<3258,admissions2-1,stu5-7application5-7,read> 7.257357566722544E-6
<3259,admissions2-1,stu3-2application3-2,setStatus> 4.643544560739853E-5
<3260,admissions4-1,stu5-10application5-10,setStatus> 1.753559293243022E-4
<3261,admissions0-1,stu1-12application1-12,read> 1.1829940065876707E-4
<3262,admissions2-0,stu1-15application1-15,setStatus> 1.3409776196642942E-4
<3263,admissions0-0,stu3-5application3-5,read> 1.0917324921252003E-4
<3264,admissions2-1,stu5-4application5-4,read> 5.110887340517784E-5
<3265,admissions0-0,stu2-4application2-4,read> 3.194754029587428E-5
<3266,admissions0-1,stu1-10application1-10,setStatus> 1.230727590425516E-4
<3267,admissions4-0,stu1-2application1-2,setStatus> 1.5166259050907935E-4
<3268,admissions2-0,stu5-12application5-12,read> 7.312527979499895E-5
<3269,admissions0-0,stu1-12application1-12,read> 1.187010964165218E-4
<3270,admissions0-0,stu1-10application1-10,setStatus> 1.2349066314795926E-4
<3271,registrar4-1,roster1-6,read> 2.1134370854040868E-4
<3272,admissions0-0,stu3-18application3-18,read> 1.5831688215947644E-4
<3273,admissions2-1,stu5-5application5-5,setStatus> 8.182961726970313E-5
<3274,admissions2-1,stu3-1application3-1,read> 1.3184484181803476E-4
<3275,admissions0-0,stu2-5application2-5,read> 1.3575092825526177E-4
<3276,registrar0-1,transcript0-10,read> 2.8145689724669184E-4
<3277,admissions4-0,stu5-6application5-6,read> 2.548335684684469E-5
<3278,admissions2-1,stu4-14application4-14,read> 1.2856622381142126E-4
<3279,admissions2-0,stu3-2application3-2,setStatus> 4.7973679830417956E-5
<3280,admissions0-1,stu4-2application4-2,setStatus> 1.066031108415103E-4
<3281,admissions4-1,stu5-6application5-6,read> 2.5686007795924965E-5
<3282,registrar0-1,transcript2-18,read> 2.99659678744489E-4
<3283,admissions2-1,stu1-15application1-15,setStatus> 1.297980341278265E-4
<3284,fac0-3,gradebook0-7,changeScore> 2.5012483686604554E-4
<3285,admissions2-0,stu2-7application2-7,read> 7.820611950089997E-5
<3286,registrar0-1,transcript5-5,read> 2.554529236784104E-4
<3287,admissions2-1,stu0-18application0-18,setStatus> 1.8242357883625304E-4
<3288,admissions4-0,stu4-16application4-16,setStatus> 1.458426270091973E-4
<3289,admissions2-0,stu5-5application5-5,setStatus> 8.454032922894795E-5
<3290,stu5-4,gradebook5-2,addScore> 1.540626391730337E-4
<3291,admissions2-1,stu1-18application1-18,setStatus> 1.0418383095115869E-4
<3292,admissions4-1,stu3-12application3-12,setStatus> 6.878580245419544E-5
<3293,app0-0,application0-0,checkStatus> 6.531445348247688E-4
<3294,admissions2-1,stu1-9application1-9,read> 1.2446795130315443E-4
<3295,admissions4-0,stu5-5application5-5,read> 7.499184635250806E-5
<3296,admissions4-1,stu4-16application4-16,setStatus> 1.47002409331338E-4
<3297,admissions4-1,stu5-1application5-1,read> 2.611619913374925E-5
<3298,admissions4-1,stu1-2application1-2,setStatus> 1.528686548471237E-4
<3299,admissions2-0,stu4-11application4-11,setStatus> 1.706644113649595E-4
<3300,fac0-0,gradebook0-1,changeScore> 2.803159320116536E-4
<3301,admissions4-0,stu0-7application0-7,read> 9.206373928549541E-5
<3302,admissions4-1,stu3-19application3-19,read> 1.3022250288722602E-4
<3303,admissions2-1,stu4-11application4-11,setStatus> 1.6519220579013112E-4
<3304,admissions2-0,stu0-18application0-18,setStatus> 1.8846659594055958E-4
<3305,admissions0-1,stu5-12application5-12,setStatus> 9.808432728924756E-5
<3306,admissions2-0,stu5-7application5-7,setStatus> 8.520189689898717E-6
<3307,admissions4-0,stu2-7application2-7,setStatus> 8.95829798436707E-5
<3308,admissions0-0,stu1-15application1-15,read> 1.3976265339378876E-4
<3309,admissions4-1,stu1-3application1-3,setStatus> 1.352699182997666E-4
<3310,admissions4-0,stu2-12application2-12,read> 4.511603371978016E-5
<3311,admissions2-1,application4-2,read> 1.1504192453414069E-4
<3312,admissions2-1,application4-1,read> 1.1586157903579405E-4
<3313,admissions4-0,stu2-15application2-15,setStatus> 3.4293326594791154E-5
<3314,stu1-10,gradebook1-3,readMyScores> 3.021125893333038E-5
<3315,admissions4-1,stu2-9application2-9,read> 1.5345283512973736E-4
<3316,admissions2-1,stu5-7application5-7,setStatus> 8.246997234911983E-6
<3317,admissions2-0,stu3-0application3-0,read> 6.338700369202201E-5
<3318,admissions2-0,application4-3,read> 1.2139325700105856E-4
<3319,admissions2-0,application4-2,read> 1.1885283714810807E-4
<3320,stu1-10,gradebook1-8,readMyScores> 2.5792613190760215E-5
<3321,stu1-11,gradebook1-7,readMyScores> 9.709474411590574E-5
<3322,registrar0-0,roster4-8,read> 8.739470836468162E-5
<3323,admissions4-1,stu2-15application2-15,setStatus> 3.4566036945445564E-5
<3324,stu1-11,gradebook1-5,readMyScores> 1.6311344946721872E-5
<3325,stu1-11,gradebook1-3,readMyScores> 2.8081830990892994E-5
<3326,admissions4-0,stu2-9application2-9,read> 1.522421618742759E-4
<3327,admissions2-1,stu0-7application0-7,read> 8.840315323040615E-5
<3328,stu1-12,gradebook1-3,readMyScores> 2.8348009483697665E-5
<3329,stu1-12,gradebook1-4,readMyScores> 2.7209059748680314E-5
<3330,stu1-12,gradebook1-6,readMyScores> 6.109151356048352E-5
<3331,stu1-12,gradebook1-9,readMyScores> 5.748755045153675E-5
<3332,admissions4-0,stu1-3application1-3,setStatus> 1.3420270000943316E-4
<3333,stu1-13,gradebook1-5,readMyScores> 1.6620564756138404E-5
<3334,stu1-13,gradebook1-4,readMyScores> 2.74645438777759E-5
<3335,admissions0-0,stu1-11application1-11,setStatus> 1.7933570058768246E-4
<3336,stu1-13,gradebook1-2,readMyScores> 3.645039451794504E-5
<3337,admissions0-0,stu0-14application0-14,setStatus> 1.337479149226023E-4
<3338,registrar4-1,roster0-3,write> 1.4673664179243347E-4
<3339,stu4-0,gradebook4-3,addScore> 3.266817072615643E-4
<3340,registrar4-1,roster0-1,write> 1.4557532954081982E-4
<3341,registrar0-1,transcript4-6,read> 1.8090819944933657E-4
<3342,registrar4-1,roster0-7,write> 1.5022057854727444E-4
<3343,admissions0-0,stu4-17application4-17,read> 8.710876095062123E-5
<3344,registrar4-1,roster0-4,write> 1.496399224214676E-4
<3345,registrar0-1,transcript4-4,read> 1.791746012114511E-4
<3346,registrar4-1,roster0-5,write> 1.4905926629566079E-4
<3347,registrar0-1,transcript4-3,read> 1.783078020925084E-4
<3348,registrar0-1,transcript4-1,read> 1.82641797687222E-4
<3349,registrar4-1,roster0-8,write> 1.600917326859905E-4
<3350,fac3-3,gradebook3-7,changeScore> 4.2120770935782524E-4
<3351,registrar0-1,transcript4-9,read> 1.7657420385462297E-4
<3352,admissions4-1,stu0-17application0-17,setStatus> 1.8219988242605217E-4
<3353,registrar0-0,transcript4-4,read> 1.8000603787600542E-4
<3354,admissions2-0,stu3-9application3-9,setStatus> 7.876664774496954E-5
<3355,fac3-4,gradebook3-8,assignGrade> 1.5222841376741426E-4
<3356,registrar0-0,transcript4-3,read> 1.7913521648736926E-4
<3357,registrar0-0,transcript4-5,read> 1.808768592646416E-4
<3358,admissions4-0,stu5-10application5-10,read> 1.530957565209253E-4
<3359,registrar0-0,transcript4-2,read> 1.8436014481918638E-4
<3360,registrar0-0,transcript4-8,read> 1.7565193093282448E-4
<3361,registrar0-0,transcript4-7,read> 1.747811095441883E-4
<3362,registrar0-0,transcript4-9,read> 1.7739357371009687E-4
<3363,admissions0-0,stu4-6application4-6,setStatus> 6.707577838742261E-5
<3364,admissions2-1,stu3-0application3-0,read> 6.135455467584496E-5
<3365,registrar4-0,roster0-1,write> 1.4334000778203564E-4
<3366,admissions4-1,stu2-7application2-7,setStatus> 9.029536934540965E-5
<3367,registrar4-0,roster0-7,write> 1.4791392858877502E-4
<3368,registrar4-0,roster0-9,write> 1.5877699050478105E-4
<3369,admissions4-0,stu4-11application4-11,read> 1.5138856722762654E-4
<3370,registrar2-0,transcript5-3,read> 2.6431549216425916E-4
<3371,registrar4-0,roster0-3,write> 1.444834879837205E-4
<3372,registrar4-0,roster0-4,write> 1.4734218848793263E-4
<3373,admissions0-1,stu1-5application1-5,read> 1.0730449068731325E-4
<3374,registrar4-0,roster0-5,write> 1.4677044838709019E-4
<3375,registrar4-0,roster0-6,write> 1.4848566868961744E-4
<3376,admissions4-1,stu0-8application0-8,read> 1.246300154955103E-4
<3377,admissions2-1,stu2-0application2-0,setStatus> 9.30067241104309E-5
<3378,registrar4-0,roster1-2,read> 2.1045693555749061E-4
<3379,admissions4-1,stu3-1application3-1,read> 1.383961383058874E-4
<3380,admissions2-1,stu3-16application3-16,setStatus> 3.246406205648882E-5
<3381,admissions2-0,stu4-2application4-2,read> 7.94763294273752E-5
<3382,admissions0-0,application5-2,read> 1.89909217625377E-4
<3383,stu0-17,gradebook0-1,readMyScores> 1.6292384976749463E-5
<3384,admissions4-1,stu5-17application5-17,read> 1.082827446581875E-4
<3385,admissions0-0,application5-0,read> 1.884048206984293E-4
<3386,registrar4-1,roster1-8,read> 2.1773092592428377E-4
<3387,admissions0-1,stu3-19application3-19,read> 1.5128413057312846E-4
<3388,registrar4-1,roster1-9,read> 2.1852932809726818E-4
<3389,admissions2-0,stu3-4application3-4,setStatus> 4.7492539706753076E-5
<3390,registrar4-1,roster1-1,read> 2.145373172323462E-4
<3391,admissions0-0,stu5-1application5-1,setStatus> 3.4594481101053E-5
<3392,admissions2-0,stu3-16application3-16,setStatus> 3.353947612047189E-5
<3393,admissions0-1,application5-3,read> 1.9026608410828278E-4
<3394,admissions0-1,stu5-1application5-1,setStatus> 3.447741009901898E-5
<3395,admissions2-1,stu3-4application3-4,setStatus> 4.596973282236821E-5
<3396,admissions4-0,stu3-18application3-18,setStatus> 1.5311758138404985E-4
<3397,admissions0-0,stu3-2application3-2,setStatus> 5.681852661277957E-5
<3398,admissions2-1,stu4-2application4-2,read> 7.692799020725897E-5
<3399,admissions0-1,stu0-16application0-16,read> 1.1929893792889922E-4
<3400,admissions4-0,stu2-15application2-15,read> 3.0178127403416215E-5
<3401,admissions0-1,stu1-7application1-7,setStatus> 3.504532900250316E-5
<3402,admissions2-1,stu4-8application4-8,setStatus> 7.717248941939992E-5
<3403,admissions0-0,stu0-16application0-16,read> 1.1970402770115355E-4
<3404,admissions4-1,stu2-15application2-15,read> 3.041811251199209E-5
<3405,admissions2-0,stu4-8application4-8,setStatus> 7.972892799229928E-5
<3406,admissions4-0,stu4-8application4-8,read> 7.072387311926121E-5
<3407,admissions4-0,stu2-8application2-8,setStatus> 1.9094734413328324E-4
<3408,admissions4-1,stu0-11application0-11,setStatus> 1.6411229208571293E-4
<3409,admissions2-0,stu2-11application2-11,setStatus> 6.57758644060181E-5
<3410,admissions4-1,stu2-8application2-8,setStatus> 1.9246581207867715E-4
<3411,admissions2-1,stu1-12application1-12,setStatus> 1.1023809715655289E-4
<3412,admissions4-0,stu3-1application3-1,read> 1.3730425555791195E-4
<3413,admissions4-0,stu0-11application0-11,setStatus> 1.628175205505199E-4
<3414,admissions0-0,stu1-7application1-7,setStatus> 3.51643284218665E-5
<3415,admissions4-0,stu5-17application5-17,read> 1.0742844292518405E-4
<3416,admissions2-0,stu1-12application1-12,setStatus> 1.1388987677250496E-4
<3417,admissions2-0,application3-0,setStatus> 1.1822013788548878E-4
<3418,admissions4-0,stu4-15application4-15,setStatus> 1.1498469553586428E-5
<3419,admissions0-1,stu5-8application5-8,read> 1.91265621378415E-4
<3420,admissions4-1,stu2-13application2-13,setStatus> 9.90947376190882E-5
<3421,admissions2-0,application3-2,setStatus> 1.2014469838014823E-4
<3422,admissions2-0,application3-1,setStatus> 1.1773899776182393E-4
<3423,admissions0-0,stu0-18application0-18,read> 1.9642827097548338E-4
<3424,admissions2-1,application3-0,setStatus> 1.1442951222182583E-4
<3425,admissions2-1,application3-1,setStatus> 1.139637994367955E-4
<3426,admissions4-1,stu0-0application0-0,setStatus> 1.181600355453917E-4
<3427,admissions4-1,stu4-15application4-15,setStatus> 1.1589908675284927E-5
<3428,admissions0-1,stu2-2application2-2,setStatus> 3.0501977774629693E-5
<3429,admissions4-0,stu2-13application2-13,setStatus> 9.83129250934938E-5
<3430,admissions0-0,stu5-8application5-8,read> 1.9191508019464053E-4
<3431,admissions0-1,stu3-5application3-5,setStatus> 1.236406779460358E-4
<3432,admissions0-0,stu0-11application0-11,setStatus> 1.9130249432476595E-4
<3433,admissions2-1,application3-3,setStatus> 1.158266505769168E-4
<3434,admissions4-0,stu0-0application0-0,setStatus> 1.1722780646811048E-4
<3435,admissions2-1,stu1-18application1-18,read> 9.168177123701963E-5
<3436,stu1-18,gradebook1-7,readScore> 8.181529657493451E-5
<3437,admissions4-0,stu5-16application5-16,setStatus> 1.2644274867625705E-4
<3438,admissions2-0,stu3-9application3-9,read> 6.93146500155732E-5
<3439,admissions4-0,stu5-1application5-1,read> 2.5910154170169372E-5
<3440,admissions0-1,stu0-18application0-18,read> 1.9576353909400967E-4
<3441,admissions4-0,stu2-0application2-0,read> 8.523498211230047E-5
<3442,admissions2-1,stu3-12application3-12,read> 5.7666109418404804E-5
<3443,admissions2-1,stu3-16application3-16,read> 2.856837460971016E-5
<3444,admissions0-0,stu3-5application3-5,setStatus> 1.2406051046877278E-4
<3445,stu1-17,gradebook1-6,readScore> 2.1753624613046052E-5
<3446,admissions0-1,stu1-19application1-19,setStatus> 5.037913939657613E-5
<3447,admissions2-0,stu3-16application3-16,read> 2.9514738986015263E-5
<3448,admissions2-0,stu3-12application3-12,read> 5.957637391259625E-5
<3449,admissions0-1,stu2-4application2-4,read> 3.183942679233495E-5
<3450,admissions4-1,application4-2,setStatus> 1.3722533347169518E-4
<3451,admissions4-1,application4-4,setStatus> 1.396696024366059E-4
<3452,admissions0-0,stu1-19application1-19,setStatus> 5.055020608383105E-5
<3453,registrar4-0,roster1-3,write> 1.5020088899214473E-4
<3454,admissions4-0,application4-1,setStatus> 1.3711268175937416E-4
<3455,admissions4-0,application4-0,setStatus> 1.308077213011686E-4
<3456,admissions4-0,application4-2,setStatus> 1.3614268784272718E-4
<3457,admissions4-0,application4-3,setStatus> 1.3905266959266817E-4
<3458,stu2-1,gradebook2-3,readMyScores> 1.4934436469703287E-4
<3459,admissions4-0,application0-4,read> 5.2371588216299796E-5
<3460,registrar0-0,transcript2-15,read> 2.9408363978734614E-4
<3461,admissions4-1,stu2-0application2-0,read> 8.591279509132473E-5
<3462,admissions0-0,stu5-13application5-13,setStatus> 2.1295669251567906E-4
<3463,admissions2-1,stu4-7application4-7,setStatus> 3.479262598164044E-5
<3464,admissions2-0,stu4-9application4-9,read> 1.0149330148627961E-4
<3465,admissions4-0,application5-0,setStatus> 1.822173988834601E-4
<3466,admissions4-0,application5-3,setStatus> 1.8464238367507766E-4
<3467,admissions0-1,stu3-1application3-1,read> 1.60779734639384E-4
<3468,admissions4-0,application5-2,setStatus> 1.8367238975843068E-4
<3469,admissions0-1,stu5-13application5-13,setStatus> 2.1223602688956846E-4
<3470,admissions2-1,stu4-9application4-9,read> 9.823900725024659E-5
<3471,admissions2-0,stu4-7application4-7,setStatus> 3.5945176738796235E-5
<3472,admissions4-1,application5-1,setStatus> 1.8415529759798074E-4
<3473,admissions4-1,application5-2,setStatus> 1.8513300518394502E-4
<3474,admissions2-0,stu2-0application2-0,setStatus> 9.60876921969048E-5
<3475,admissions4-0,stu4-1application4-1,setStatus> 1.759124384252546E-4
<3476,admissions4-1,stu5-18application5-18,read> 9.79581525504047E-5
<3477,admissions2-1,stu2-3application2-3,setStatus> 5.947540358824761E-5
<3478,admissions2-1,stu3-7application3-7,read> 1.1791071528992747E-4
<3479,admissions0-1,stu4-1application4-1,setStatus> 2.0598891895124246E-4
<3480,admissions4-0,stu5-18application5-18,read> 9.718530716539163E-5
<3481,admissions4-1,stu5-2application5-2,read> 1.224790588063889E-4
<3482,admissions2-1,stu2-2application2-2,read> 2.20111385964832E-5
<3483,admissions0-1,stu1-0application1-0,read> 1.8426886048748982E-4
<3484,admissions2-1,stu3-1application3-1,setStatus> 1.4982368388413042E-4
<3485,admissions2-1,stu0-5application0-5,setStatus> 1.5028939666916075E-4
<3486,admissions4-0,stu5-2application5-2,read> 1.2151275459489864E-4
<3487,admissions4-0,stu2-10application2-10,read> 1.0358726701526191E-4
<3488,admissions2-0,stu2-2application2-2,read> 2.2740286044813906E-5
<3489,registrar4-0,transcript4-11,read> 3.525446482687991E-4
<3490,admissions2-1,stu2-18application2-18,setStatus> 1.4050942818352394E-4
<3491,admissions2-0,stu2-3application2-3,setStatus> 6.144560329303427E-5
<3492,registrar2-0,transcript5-11,read> 2.5020612425513498E-5
<3493,registrar2-0,transcript5-12,read> 2.682661151788139E-5
<3494,registrar2-0,transcript5-13,read> 2.4117612879329555E-5
<3495,registrar2-0,transcript5-14,read> 2.321461333314561E-5
<3496,admissions4-0,stu5-17application5-17,setStatus> 1.220777760513455E-4
<3497,registrar4-1,transcript4-16,read> 3.8318965068506245E-4
<3498,admissions0-1,stu4-8application4-8,setStatus> 9.410889496485826E-5
<3499,registrar0-1,roster5-9,read> 1.074659924226037E-4
<3500,stu2-15,gradebook2-1,addScore> 6.593431260007567E-4
<3501,admissions4-0,stu5-9application5-9,setStatus> 2.5078384386644563E-5
<3502,admissions4-1,stu1-13application1-13,setStatus> 1.1767118175240957E-4
<3503,registrar2-1,transcript5-14,read> 2.331801918318189E-5
<3504,admissions2-0,stu3-15application3-15,read> 1.1927624045693315E-4
<3505,registrar2-1,transcript5-15,read> 2.241099736730448E-5
<3506,registrar2-1,transcript5-12,read> 2.6946106446691555E-5
<3507,registrar2-1,transcript5-13,read> 2.422504099905931E-5
<3508,registrar2-1,transcript5-10,read> 2.876015007844639E-5
<3509,registrar4-1,transcript3-11,read> 3.706160356232762E-4
<3510,admissions0-0,stu1-10application1-10,read> 1.0867178357020415E-4
<3511,admissions0-0,stu4-8application4-8,setStatus> 9.44284497864707E-5
<3512,registrar2-0,transcript5-4,read> 2.67024490802811E-4
<3513,admissions4-1,stu5-9application5-9,setStatus> 2.527781487878488E-5
<3514,admissions0-0,stu1-4application1-4,setStatus> 2.215044023278816E-4
<3515,registrar4-0,transcript3-19,read> 3.535763604451741E-4
<3516,registrar2-0,transcript5-19,read> 1.689361650985799E-5
<3517,registrar2-0,transcript5-18,read> 1.8699615602225878E-5
<3518,registrar4-1,roster1-9,write> 1.5893042043437685E-4
<3519,registrar2-0,transcript5-17,read> 1.9602615148409824E-5
<3520,admissions0-0,stu0-1application0-1,read> 1.5399174099450195E-5
<3521,registrar4-0,transcript3-16,read> 3.5976663350342395E-4
<3522,registrar2-0,transcript5-16,read> 2.050561469459377E-5
<3523,registrar4-0,transcript3-15,read> 3.607983456797989E-4
<3524,registrar2-0,transcript5-15,read> 2.2311613786961663E-5
<3525,admissions2-1,stu3-15application3-15,read> 1.1545175178496736E-4
<3526,admissions0-0,stu5-18application5-18,setStatus> 1.297589836769078E-4
<3527,registrar2-1,transcript5-17,read> 1.968993191967223E-5
<3528,admissions0-1,stu0-1application0-1,read> 1.5347061835154256E-5
<3529,registrar2-1,transcript5-16,read> 2.0596953735549643E-5
<3530,registrar2-1,transcript5-19,read> 1.6968866472039986E-5
<3531,registrar2-1,transcript5-18,read> 1.8782910103794814E-5
<3532,admissions0-1,stu5-18application5-18,setStatus> 1.2931986698087766E-4
<3533,admissions4-1,stu4-1application4-1,setStatus> 1.7731134449623076E-4
<3534,admissions4-1,stu3-15application3-15,read> 1.2118848479291602E-4
<3535,admissions2-1,stu0-6application0-6,setStatus> 5.1558286242732096E-5
<3536,registrar0-0,roster3-6,read> 1.1128241099900142E-4
<3537,admissions4-0,stu1-18application1-18,setStatus> 1.0849786121828739E-4
<3538,admissions0-0,stu0-12application0-12,setStatus> 5.7388373933593074E-5
<3539,admissions0-1,application0-0,setStatus> 7.139213882549092E-5
<3540,admissions0-1,application0-1,setStatus> 6.91204632115542E-5
<3541,registrar0-0,transcript1-19,read> 2.848311625330866E-5
<3542,admissions0-1,application0-2,setStatus> 6.855254430807E-5
<3543,admissions2-1,application5-2,read> 1.5520499511515582E-4
<3544,registrar0-1,transcript3-0,read> 6.302351927312684E-5
<3545,registrar0-1,transcript3-3,read> 6.389031839206955E-5
<3546,registrar0-1,transcript3-4,read> 6.735751486784042E-5
<3547,registrar0-1,transcript3-1,read> 6.215672015418411E-5
<3548,registrar0-1,transcript3-2,read> 6.562391662995498E-5
<3549,stu2-3,gradebook2-2,readMyScores> 1.3373555003004663E-4
<3550,admissions2-0,stu0-6application0-6,setStatus> 5.3266221190731504E-5
<3551,registrar0-1,transcript3-7,read> 6.822431398678315E-5
<3552,registrar0-1,transcript3-8,read> 5.9556322797355953E-5
<3553,registrar0-1,roster5-4,read> 9.755875624535984E-5
<3554,registrar0-1,roster5-5,read> 1.015216507162574E-4
<3555,registrar0-1,transcript3-9,read> 5.8689523678413235E-5
<3556,registrar0-1,roster5-6,read> 1.0020068589262486E-4
<3557,registrar0-1,roster5-7,read> 1.0548454518715494E-4
<3558,registrar0-1,roster5-8,read> 1.0416358036352243E-4
<3559,admissions0-1,application0-4,setStatus> 6.968838211503837E-5
<3560,admissions0-1,stu2-0application2-0,setStatus> 1.134181376833205E-4
<3561,stu2-2,gradebook2-8,readScore> 3.1151974615813567E-4
<3562,admissions0-1,application0-3,setStatus> 7.025630101852257E-5
<3563,admissions0-0,application0-1,setStatus> 6.935516767067661E-5
<3564,admissions2-0,application5-0,read> 1.5907615148649107E-4
<3565,stu4-4,gradebook4-7,readScore> 1.6146683862326347E-4
<3566,admissions2-0,application5-4,read> 1.6246337795709174E-4
<3567,admissions2-0,application5-3,read> 1.611931680306165E-4
<3568,registrar0-0,transcript3-0,read> 6.33159717987562E-5
<3569,registrar0-0,transcript3-2,read> 6.592843596466477E-5
<3570,registrar0-0,transcript3-3,read> 6.418679318739238E-5
<3571,registrar0-0,transcript3-4,read> 6.767007874193713E-5
<3572,registrar0-0,transcript3-5,read> 6.679925735330095E-5
<3573,registrar0-0,transcript3-6,read> 6.941172151920952E-5
<3574,registrar0-0,transcript3-7,read> 6.854090013057334E-5
<3575,registrar0-0,transcript3-9,read> 5.896186485557526E-5
<3576,admissions2-0,stu4-0application4-0,setStatus> 5.711534218005045E-5
<3577,admissions0-0,application0-4,setStatus> 6.992501499149011E-5
<3578,admissions0-0,application0-3,setStatus> 7.049486231230363E-5
<3579,admissions0-0,application0-2,setStatus> 6.87853203498631E-5
<3580,registrar0-0,roster5-2,read> 1.1791788395297914E-4
<3581,registrar0-0,roster5-1,read> 1.1725433665758137E-4
<3582,admissions0-0,stu0-15application0-15,read> 1.181996307742059E-4
<3583,admissions0-1,stu0-7application0-7,read> 1.0780425932237935E-4
<3584,registrar0-1,roster5-1,read> 1.1671274618803134E-4
<3585,admissions0-1,stu0-12application0-12,setStatus> 5.7194166238386326E-5
<3586,admissions0-1,stu0-15application0-15,read> 1.1779963202370097E-4
<3587,admissions4-0,stu0-16application0-16,read> 1.0188007772196318E-4
<3588,admissions4-0,stu0-7application0-7,setStatus> 1.0461788555169934E-4
<3589,registrar4-0,roster1-1,write> 1.5363132959719924E-4
<3590,registrar4-0,roster1-4,write> 1.496291488913023E-4
<3591,registrar4-0,roster1-8,write> 1.5591829000056892E-4
<3592,registrar0-0,roster5-8,read> 1.046469380450237E-4
<3593,registrar0-0,roster5-5,read> 1.019927488634326E-4
<3594,registrar0-0,roster5-6,read> 1.0066565427263707E-4
<3595,registrar0-0,roster5-3,read> 9.867501238644376E-5
<3596,registrar0-0,roster5-4,read> 9.801146509104599E-5
<3597,registrar4-1,roster1-2,write> 1.5544648367953588E-4
<3598,registrar4-1,roster1-1,write> 1.5602713980534272E-4
<3599,registrar4-1,roster1-7,write> 1.5776910818276316E-4
<3600,registrar4-1,roster1-8,write> 1.5834976430857E-4
<3601,registrar4-1,roster1-5,write> 1.5486582755372904E-4
<3602,registrar4-1,roster1-3,write> 1.5254320305050175E-4
<3603,admissions2-1,stu2-0application2-0,read> 8.184591721717917E-5
<3604,stu0-4,stu0-4application0-4,checkStatus> 0.0013181959140033202
<3605,admissions2-0,stu3-1application3-1,setStatus> 1.547867872840188E-4
<3606,admissions2-0,stu2-0application2-0,read> 8.455716913327622E-5
<3607,fac4-1,gradebook4-2,addScore> 2.1937883463772967E-4
<3608,admissions2-1,stu4-0application4-0,setStatus> 5.5283988522974684E-5
<3609,admissions0-0,stu0-2application0-2,read> 8.378655107027853E-6
<3610,admissions4-0,stu0-0application0-0,read> 1.031604696919372E-4
<3611,admissions4-1,application1-3,setStatus> 2.1855838327909892E-5
<3612,registrar2-1,transcript5-1,read> 2.618647567589422E-4
<3613,admissions4-1,application1-2,setStatus> 2.136698453492775E-5
<3614,admissions4-1,application1-4,setStatus> 1.4034177640195635E-5
<3615,registrar2-1,transcript5-6,read> 2.70027953101839E-4
<3616,stu0-16,gradebook0-2,readMyScores> 1.3343258692042516E-5
<3617,admissions4-1,application1-1,setStatus> 2.0389276948963465E-5
<3618,admissions0-1,stu4-10application4-10,read> 2.934058361700454E-5
<3619,admissions4-1,application1-0,setStatus> 1.9411569362999182E-5
<3620,registrar2-1,transcript5-8,read> 2.718419967335938E-4
<3621,admissions4-1,stu1-17application1-17,setStatus> 5.851987280157047E-5
<3622,registrar2-1,transcript5-0,read> 2.6458582220657443E-4
<3623,admissions4-0,application1-4,setStatus> 1.3923454345203952E-5
<3624,registrar2-0,transcript5-2,read> 2.652184917104431E-4
<3625,admissions4-0,application1-3,setStatus> 2.1683405678380028E-5
<3626,admissions4-0,application1-2,setStatus> 2.1198408720056524E-5
<3627,admissions4-0,application1-1,setStatus> 2.0228414803409516E-5
<3628,registrar2-0,transcript5-1,read> 2.607034939795234E-4
<3629,admissions4-0,application1-0,setStatus> 1.9258420886762506E-5
<3630,registrar2-0,transcript5-6,read> 2.6883048989517885E-4
<3631,registrar2-0,transcript5-7,read> 2.679274903489949E-4
<3632,registrar2-0,transcript5-8,read> 2.706364889875468E-4
<3633,registrar2-0,transcript5-9,read> 2.6973348944136285E-4
<3634,admissions0-1,stu2-5application2-5,setStatus> 1.5374037983069758E-4
<3635,admissions0-1,stu0-6application0-6,setStatus> 6.287335527322817E-5
<3636,admissions4-1,stu5-19application5-19,setStatus> 3.0655206601588434E-5
<3637,admissions0-0,application5-4,setStatus> 2.1865516572381404E-4
<3638,admissions2-1,stu1-11application1-11,read> 1.2897605106224798E-4
<3639,admissions4-0,stu1-16application1-16,setStatus> 1.075278673016404E-4
<3640,admissions4-1,stu2-18application2-18,read> 1.2979231154940172E-4
<3641,stu0-7,gradebook0-2,readScore> 4.8320551120833226E-5
<3642,registrar0-0,transcript2-16,read> 2.966961039532547E-4
<3643,admissions0-0,stu0-6application0-6,setStatus> 6.308684714172809E-5
<3644,registrar0-0,transcript2-14,read> 2.9321281839870996E-4
<3645,registrar2-0,transcript0-14,read> 2.9592047628069725E-4
<3646,registrar2-0,transcript0-12,read> 2.986294749192491E-4
<3647,registrar2-0,transcript0-11,read> 2.923084780959615E-4
<3648,admissions4-1,stu5-6application5-6,setStatus> 2.918864522264201E-5
<3649,registrar2-0,transcript0-19,read> 2.868904808188578E-4
<3650,registrar2-0,transcript0-18,read> 2.877934803650418E-4
<3651,admissions0-0,stu4-10application4-10,read> 2.9440212084294875E-5
<3652,admissions4-0,stu1-17application1-17,setStatus> 5.80581775526429E-5
<3653,admissions2-0,stu2-1application2-1,read> 9.514225185390334E-5
<3654,admissions4-1,stu0-18application0-18,setStatus> 1.9148810449271284E-4
<3655,admissions4-1,stu2-6application2-6,read> 1.2032810211726749E-4
<3656,admissions4-1,stu1-9application1-9,read> 1.3065269422505028E-4
<3657,admissions0-0,stu2-11application2-11,setStatus> 7.790287748287915E-5
<3658,registrar0-1,transcript2-15,read> 2.9272528579294733E-4
<3659,admissions2-1,stu3-13application3-13,read> 9.741935274859322E-5
<3660,registrar0-1,transcript2-17,read> 2.9792608050660356E-4
<3661,registrar2-1,transcript0-17,read> 2.899824330511421E-4
<3662,registrar0-1,transcript2-11,read> 2.8839129019823365E-4
<3663,registrar2-1,transcript0-11,read> 2.9361052031465175E-4
<3664,stu0-5,gradebook0-8,readScore> 2.8439560942049537E-5
<3665,admissions4-0,stu4-10application4-10,read> 2.505655952352E-5
<3666,registrar2-1,transcript1-14,read> 3.5109302789588296E-5
<3667,registrar2-1,transcript1-15,read> 3.238823734195605E-5
<3668,admissions0-1,stu3-8application3-8,read> 1.582808914640536E-4
<3669,admissions4-1,stu0-16application0-16,read> 1.0269025726647182E-4
<3670,registrar0-1,transcript3-13,read> 3.048604734581453E-4
<3671,registrar2-1,transcript1-13,read> 3.420228097371088E-5
<3672,registrar2-1,transcript1-18,read> 3.148121552607863E-5
<3673,stu0-19,gradebook0-5,readMyScores> 1.6547928924221475E-5
<3674,registrar2-1,transcript1-19,read> 2.96671718943238E-5
<3675,registrar0-1,transcript3-16,read> 3.022600761013172E-4
<3676,registrar2-1,transcript1-16,read> 3.329525915783347E-5
<3677,stu0-19,gradebook0-3,readMyScores> 1.9091194590834217E-5
<3678,registrar2-1,transcript1-17,read> 3.0574193710201216E-5
<3679,chair4,transcript4-4,read> 0.0010242927422235266
<3680,stu0-19,gradebook0-2,readMyScores> 1.340605049765213E-5
<3681,registrar4-0,roster0-2,read> 2.0023708125493234E-4
<3682,admissions0-1,stu1-6application1-6,read> 2.534243453647589E-5
<3683,registrar4-0,roster0-3,read> 1.9866479597761567E-4
<3684,registrar4-0,roster0-1,read> 1.9709251070029897E-4
<3685,admissions0-0,stu1-15application1-15,setStatus> 1.5882119703839636E-4
<3686,registrar4-0,roster0-8,read> 2.1674607666675725E-4
<3687,admissions0-0,stu5-4application5-4,setStatus> 7.106470963311713E-5
<3688,registrar4-0,roster0-9,read> 2.1831836194407392E-4
<3689,registrar4-0,roster0-7,read> 2.0338165180956564E-4
<3690,registrar4-0,roster0-4,read> 2.0259550917090734E-4
<3691,registrar4-0,roster0-5,read> 2.01809366532249E-4
<3692,admissions4-0,stu5-19application5-19,setStatus> 3.041335092820312E-5
<3693,registrar4-0,transcript1-16,read> 3.787243447443141E-5
<3694,stu0-18,gradebook0-8,readMyScores> 1.610852525354611E-5
<3695,admissions0-0,stu3-8application3-8,read> 1.5881834780179233E-4
<3696,admissions0-1,stu2-17application2-17,setStatus> 1.2136900233209908E-4
<3697,stu0-18,gradebook0-3,readMyScores> 1.9180614706013765E-5
<3698,stu0-18,gradebook0-1,readMyScores> 1.652348263599414E-5
<3699,registrar4-1,roster0-3,read> 2.0176288246459602E-4
<3700,admissions4-0,stu5-6application5-6,setStatus> 2.8958360053232603E-5
<3701,admissions2-0,stu2-14application2-14,setStatus> 5.2303940943401765E-5
<3702,admissions0-0,stu2-5application2-5,setStatus> 1.542624184718884E-4
<3703,admissions0-1,stu5-13application5-13,read> 1.8676770366282024E-4
<3704,stu0-17,gradebook0-2,readMyScores> 1.3280466886432905E-5
<3705,stu0-17,gradebook0-6,readMyScores> 1.6105735135459033E-5
<3706,registrar2-0,transcript1-10,read> 4.127460425682453E-5
<3707,admissions0-1,application5-0,setStatus> 2.1337186469653683E-4
<3708,admissions0-1,application5-3,setStatus> 2.1621145921395772E-4
<3709,admissions4-1,stu3-8application3-8,read> 1.3624518161676599E-4
<3710,stu0-4,gradebook0-5,readScore> 2.468149360545873E-5
<3711,admissions4-1,stu4-10application4-10,read> 2.525581645810068E-5
<3712,registrar2-0,transcript1-19,read> 2.9535610156433226E-5
<3713,admissions4-1,stu4-2application4-2,read> 8.075049903743332E-5
<3714,registrar2-0,transcript1-15,read> 3.224460879498507E-5
<3715,registrar2-0,transcript1-16,read> 3.314760834116901E-5
<3716,stu0-16,gradebook0-1,readMyScores> 1.6369417529831024E-5
<3717,registrar2-0,transcript1-17,read> 3.043860970261718E-5
<3718,registrar0-0,transcript3-11,read> 3.0801678200552515E-4
<3719,registrar2-0,transcript1-11,read> 3.6759606525904796E-5
<3720,stu0-16,gradebook0-5,readMyScores> 1.6470421060407793E-5
<3721,registrar2-0,transcript1-13,read> 3.405060788735296E-5
<3722,registrar2-0,transcript1-14,read> 3.49536074335369E-5
<3723,admissions0-0,application5-0,setStatus> 2.1409638715730602E-4
<3724,registrar0-1,transcript3-11,read> 3.0659407169603077E-4
<3725,admissions0-0,stu1-6application1-6,read> 2.5428486945767824E-5
<3726,admissions0-1,stu3-11application3-11,setStatus> 1.4011032614707716E-4
<3727,stu2-2,stu2-2application2-2,checkStatus> 2.790531340368336E-4
<3728,admissions4-0,stu3-8application3-8,read> 1.3517026894128856E-4
<3729,admissions0-0,stu4-3application4-3,setStatus> 2.2264409696950857E-4
<3730,admissions2-1,stu4-6application4-6,setStatus> 5.4818275737944375E-5
<3731,admissions0-0,stu5-14application5-14,setStatus> 3.687387038430702E-5
<3732,stu0-15,gradebook0-2,readMyScores> 1.3154883275213681E-5
<3733,stu0-15,gradebook0-1,readMyScores> 1.613831987058635E-5
<3734,stu0-15,gradebook0-7,readMyScores> 2.9089482386153705E-5
<3735,registrar0-0,roster3-7,write> 8.141524239592669E-5
<3736,admissions4-0,stu5-3application5-3,read> 1.2407353853484672E-4
<3737,registrar0-0,roster3-4,write> 7.803718343753804E-5
<3738,registrar0-0,roster3-9,write> 8.238040209832345E-5
<3739,registrar0-0,roster3-8,write> 8.189782224712506E-5
<3740,registrar0-0,roster3-3,write> 7.948492299113316E-5
<3741,registrar0-0,roster3-2,write> 7.658944388394288E-5
<3742,admissions2-1,stu2-16application2-16,read> 8.389505347131263E-5
<3743,stu0-14,gradebook0-5,readMyScores> 1.6315405332780424E-5
<3744,admissions0-1,stu5-14application5-14,setStatus> 3.674908571295572E-5
<3745,admissions4-0,stu2-3application2-3,read> 5.450557483292322E-5
<3746,registrar2-1,roster4-9,write> 6.469407345252693E-5
<3747,admissions0-0,stu3-9application3-9,setStatus> 9.328875514484367E-5
<3748,registrar2-1,roster4-8,write> 6.62019961746318E-5
<3749,registrar2-1,roster4-7,write> 7.173104615568299E-5
<3750,registrar2-1,roster4-1,write> 9.032875972830969E-5
<3751,admissions2-1,stu2-14application2-14,setStatus> 5.062686067267145E-5
<3752,registrar2-1,roster4-4,write> 7.022312343357813E-5
<3753,registrar2-1,roster4-2,write> 9.083140063567799E-5
<3754,admissions2-1,stu5-9application5-9,read> 2.119148409482983E-5
<3755,stu0-13,gradebook0-2,readMyScores> 1.3029299663994457E-5
<3756,admissions2-1,stu4-12application4-12,setStatus> 1.516865350242517E-4
<3757,stu0-13,gradebook0-6,readMyScores> 1.5801134943771862E-5
<3758,admissions2-0,stu0-19application0-19,read> 8.371036251562605E-5
<3759,stu0-13,gradebook0-8,readMyScores> 1.558283911473575E-5
<3760,stu0-13,gradebook0-9,readMyScores> 1.0648618017332843E-5
<3761,admissions4-0,stu4-14application4-14,read> 1.338898769713145E-4
<3762,admissions0-0,stu3-0application3-0,read> 7.50735855350401E-5
<3763,admissions2-1,stu0-17application0-17,setStatus> 1.7357503592067692E-4
<3764,admissions0-0,stu4-5application4-5,setStatus> 8.816012925752216E-5
<3765,admissions2-0,stu5-9application5-9,read> 2.1893479427163742E-5
<3766,admissions4-1,stu2-10application2-10,read> 1.0441102261776896E-4
<3767,stu0-12,gradebook0-3,readMyScores> 1.8644094014936457E-5
<3768,stu0-12,gradebook0-7,readMyScores> 2.8950630441589726E-5
<3769,stu0-12,gradebook0-6,readMyScores> 1.5877284991693656E-5
<3770,admissions4-1,stu2-1application2-1,setStatus> 1.0984952106469528E-4
<3771,admissions2-0,stu0-17application0-17,setStatus> 1.793249335909271E-4
<3772,stu0-12,gradebook0-9,readMyScores> 1.069993665838023E-5
<3773,admissions2-0,stu0-2application0-2,read> 7.074363618285786E-6
<3774,stu4-7,stu4-7application4-7,checkStatus> 3.881631259333147E-4
<3775,admissions2-1,stu5-5application5-5,read> 7.201006319733874E-5
<3776,fac0-4,gradebook0-8,addScore> 3.6930029419690785E-5
<3777,stu0-11,gradebook0-9,readMyScores> 1.0545980735238068E-5
<3778,stu0-11,gradebook0-6,readMyScores> 1.564883484792828E-5
<3779,admissions2-1,stu2-13application2-13,read> 8.307539896965926E-5
<3780,registrar2-1,transcript3-13,read> 3.190071311592194E-4
<3781,stu0-11,gradebook0-2,readMyScores> 1.2903716052775232E-5
<3782,admissions4-0,stu0-18application0-18,setStatus> 1.899773502166362E-4
<3783,admissions0-1,stu2-19application2-19,setStatus> 1.3159154259481437E-4
<3784,stu0-7,transcript0-7,read> 4.913367448689945E-4
<3785,admissions2-0,stu5-5application5-5,read> 7.43954897214742E-5
<3786,admissions0-0,stu4-4application4-4,setStatus> 1.5654180775514235E-4
<3787,stu0-10,gradebook0-9,readMyScores> 1.0597299376285457E-5
<3788,fac0-3,gradebook0-6,addScore> 5.2329076495908796E-5
<3789,stu0-10,gradebook0-5,readMyScores> 1.600537387752569E-5
<3790,admissions0-0,stu2-2application2-2,read> 2.693288387271547E-5
<3791,admissions2-0,stu4-12application4-12,setStatus> 1.5671134777867828E-4
<3792,registrar0-1,roster3-1,write> 7.719638370834268E-5
<3793,registrar0-1,roster3-3,write> 7.911778708817179E-5
<3794,registrar0-1,roster3-4,write> 7.767673455329997E-5
<3795,admissions2-0,stu2-16application2-16,read> 8.667418567740167E-5
<3796,registrar0-1,roster3-9,write> 8.199989215791547E-5
<3797,registrar0-1,roster3-5,write> 8.007848877808635E-5
<3798,admissions4-1,stu1-14application1-14,setStatus> 1.660677072576415E-4
<3799,stu4-0,gradebook4-5,readMyScores> 1.5240340808175948E-4
<3800,registrar0-1,roster3-7,write> 8.103919046800092E-5
<3801,admissions4-1,stu0-13application0-13,read> 1.4183766900848166E-4
<3802,registrar0-1,roster3-8,write> 8.151954131295818E-5
<3803,admissions0-1,stu5-7application5-7,setStatus> 1.0056897249199086E-5
<3804,admissions2-1,stu2-19application2-19,setStatus> 1.0790953323140128E-4
<3805,fac0-2,gradebook0-4,assignGrade> 1.0190992185806729E-4
<3806,admissions2-1,stu0-2application0-2,read> 6.84753031589586E-6
<3807,admissions0-1,stu1-18application1-18,setStatus> 1.2704819136694092E-4
<3808,admissions0-0,stu5-7application5-7,setStatus> 1.0091046306072426E-5
<3809,admissions2-1,stu1-2application1-2,setStatus> 1.456322688188575E-4
<3810,stu4-6,gradebook4-8,readMyScores> 1.644327856469437E-4
<3811,stu4-6,gradebook4-9,readMyScores> 6.89852003735446E-5
<3812,admissions2-1,stu3-18application3-18,setStatus> 1.470294071739485E-4
<3813,admissions0-0,stu2-13application2-13,setStatus> 1.1551280065657026E-4
<3814,admissions0-0,stu3-19application3-19,read> 1.5179782880936997E-4
<3815,admissions2-0,stu5-1application5-1,setStatus> 2.920921500748807E-5
<3816,admissions0-0,stu5-15application5-15,setStatus> 4.599142751732304E-5
<3817,fac4-1,gradebook4-3,readScore> 1.0462666872483451E-4
<3818,fac4-1,gradebook4-2,readScore> 8.082378118232146E-5
<3819,admissions0-0,stu0-14application0-14,read> 1.1769816513189004E-4
<3820,admissions2-0,stu3-18application3-18,setStatus> 1.5189994654202962E-4
<3821,admissions0-0,stu0-10application0-10,setStatus> 2.2207424964869508E-4
<3822,stu4-5,gradebook4-4,readMyScores> 1.0661570092771284E-4
<3823,stu4-5,gradebook4-3,readMyScores> 1.1548822447812664E-4
<3824,admissions2-1,stu5-12application5-12,setStatus> 8.043247891461217E-5
<3825,stu3-7,transcript3-7,read> 3.3713589213858725E-4
<3826,admissions4-1,stu1-4application1-4,setStatus> 1.9002154311376643E-4
<3827,stu4-4,gradebook4-9,readMyScores> 6.744935175669388E-5
<3828,stu3-13,gradebook3-6,addScore> 8.817709467539774E-5
<3829,registrar0-0,transcript1-15,read> 3.109558041921723E-5
<3830,registrar0-0,transcript1-16,read> 3.196640180785342E-5
<3831,admissions4-1,stu0-18application0-18,read> 1.6850953195358728E-4
<3832,registrar0-0,transcript1-13,read> 3.28372231964896E-5
<3833,registrar0-0,transcript1-14,read> 3.370804458512579E-5
<3834,stu4-4,gradebook4-1,readMyScores> 9.31028871389174E-5
<3835,stu4-4,gradebook4-2,readMyScores> 1.2465415555543778E-4
<3836,registrar0-0,transcript1-18,read> 3.022475903058104E-5
<3837,fac4-3,gradebook4-7,readScore> 1.3573018882373004E-4
<3838,stu3-8,transcript3-8,read> 2.943023219356963E-4
<3839,admissions2-0,stu0-7application0-7,setStatus> 1.037859341755427E-4
<3840,admissions0-1,stu0-8application0-8,setStatus> 1.6453083899689702E-4
<3841,fac4-3,gradebook4-6,readScore> 1.3726191519898242E-4
<3842,stu4-3,gradebook4-9,readMyScores> 6.821727606511922E-5
<3843,stu4-3,gradebook4-6,readMyScores> 1.3747450079258246E-4
<3844,admissions4-0,stu3-3application3-3,read> 1.5864412172414614E-4
<3845,admissions4-1,stu1-9application1-9,setStatus> 1.4846897071028444E-4
<3846,admissions2-0,stu5-9application5-9,setStatus> 2.4878953894504253E-5
<3847,admissions0-1,stu3-12application3-12,setStatus> 7.99109223777537E-5
<3848,admissions2-1,stu3-10application3-10,setStatus> 4.736687117745918E-5
<3849,admissions4-0,stu2-11application2-11,read> 5.834675074284538E-5
<3850,admissions2-1,stu3-0application3-0,setStatus> 6.972108485891473E-5
<3851,admissions4-1,stu4-3application4-3,read> 1.6807934061576304E-4
<3852,admissions2-1,stu5-9application5-9,setStatus> 2.4081231925942995E-5
<3853,admissions0-0,stu3-12application3-12,setStatus> 8.018226676613316E-5
<3854,stu4-9,gradebook4-4,readMyScores> 1.097457031567833E-4
<3855,admissions2-0,stu3-10application3-10,setStatus> 4.893596007774769E-5
<3856,stu4-9,gradebook4-9,readMyScores> 7.180092283777089E-5
<3857,registrar2-1,roster5-1,write> 8.882083700620483E-5
<3858,registrar2-1,roster5-2,write> 8.93234779135731E-5
<3859,registrar2-1,roster5-3,write> 7.474689159989273E-5
<3860,admissions4-1,stu2-11application2-11,read> 5.881074080839485E-5
<3861,stu4-9,gradebook4-6,readMyScores> 1.4469642578731473E-4
<3862,registrar2-1,roster5-5,write> 7.726009613673417E-5
<3863,registrar2-1,roster5-6,write> 7.625481432199759E-5
<3864,registrar2-1,roster5-7,write> 8.027594158094391E-5
<3865,registrar2-1,roster5-8,write> 7.927065976620733E-5
<3866,registrar2-1,roster5-9,write> 8.178386430304877E-5
<3867,admissions2-0,stu4-17application4-17,read> 7.354868310382403E-5
<3868,admissions2-1,stu1-19application1-19,read> 3.635509237541718E-5
<3869,stu4-8,gradebook4-6,readMyScores> 1.4211716686062466E-4
<3870,registrar2-0,roster5-2,write> 8.892736492947742E-5
<3871,stu4-8,gradebook4-5,readMyScores> 1.6628569871890986E-4
<3872,stu4-8,gradebook4-4,readMyScores> 1.0778945176361428E-4
<3873,stu4-8,gradebook4-3,readMyScores> 1.1675965447238126E-4
<3874,registrar2-0,roster5-8,write> 7.891912690693367E-5
<3875,registrar2-0,roster5-9,write> 8.142118641256962E-5
<3876,registrar2-0,roster5-7,write> 7.991995070918806E-5
<3877,registrar2-0,roster5-4,write> 7.391500789566179E-5
<3878,registrar2-0,roster5-5,write> 7.691747930242492E-5
<3879,admissions2-1,stu4-17application4-17,read> 7.119040869568537E-5
<3880,admissions4-0,stu1-9application1-9,setStatus> 1.4729761788416778E-4
<3881,admissions0-1,stu5-15application5-15,setStatus> 4.5835788168702664E-5

