<0,registrar0-1,roster1-9,write> 1.522035585809964E-4
<1,stu4-0,transcript4-0,read> 0.0010398679446343637
<2,fac4-4,roster4-8,read> 0.0013873451034596511
<3,fac1-0,roster1-1,read> 0.0028304297919048687
<4,chair1,transcript1-0,read> 0.0015242265171167037
<5,stu2-0,stu2-0application2-0,checkStatus> 0.00120121194842242
<6,registrar4-0,transcript0-19,read> 3.794594648234187E-4
<7,chair5,transcript5-6,read> 0.0017077933926295827
<8,admissions2-0,stu5-7application5-7,read> 8.679808895664934E-6
<9,registrar0-1,transcript3-17,read> 3.4790523915992274E-4
<10,stu1-11,stu1-11application1-11,checkStatus> 0.0018929175561098561
<11,stu5-0,transcript5-0,read> 0.0014464763521528274
<12,registrar4-0,transcript5-2,read> 3.507947236118398E-4
<13,stu4-9,stu4-9application4-9,checkStatus> 0.0014418052032702238
<14,fac3-4,gradebook3-9,changeScore> 4.992624387682019E-4
<15,stu3-17,stu3-17application3-17,checkStatus> 0.001706457783602808
<16,registrar4-0,roster0-1,write> 1.6593792348392055E-4
<17,registrar0-0,transcript4-11,read> 3.444791056786627E-4
<18,registrar4-1,transcript3-17,read> 4.2055366497057947E-4
<19,stu1-2,stu1-2application1-2,checkStatus> 0.0018808878933674656
<20,stu5-18,stu5-18application5-18,checkStatus> 0.0013696272268158827
<21,registrar4-0,roster3-2,write> 1.0504529675091465E-4
<22,stu0-17,stu0-17application0-17,checkStatus> 0.0022417777756391713
<23,registrar4-0,roster4-5,read> 1.2532560263125173E-4
<24,registrar2-0,transcript1-8,read> 3.185298163162097E-4
<25,admissions2-1,stu2-19application2-19,setStatus> 1.2492174477739905E-4
<26,fac0-1,roster0-3,read> 0.0026618943538382744
<27,admissions0-1,stu4-12application4-12,read> 1.8844130121389193E-4
<28,stu3-7,stu3-7application3-7,checkStatus> 0.0017305171090875883
<29,stu3-6,stu3-6application3-6,checkStatus> 0.0022538074383815616
<30,fac4-0,roster4-1,read> 0.0018929514176594352
<31,stu3-18,stu3-18application3-18,checkStatus> 0.0018989323874810515
<32,fac3-2,roster3-4,read> 0.0017033490498345166
<33,fac2-1,gradebook2-2,addScore> 0.0015030060844298285
<34,registrar0-0,transcript1-9,read> 3.0818719648388593E-4
<35,fac5-2,gradebook5-4,changeScore> 5.400383695961347E-4
<36,admissions0-1,stu2-9application2-9,read> 2.063766124718087E-4
<37,admissions4-1,stu5-18application5-18,setStatus> 1.2886534511112114E-4
<38,registrar0-0,roster3-9,read> 1.3113083690518128E-4
<39,admissions0-1,stu3-0application3-0,setStatus> 9.842615675356649E-5
<40,stu2-17,gradebook2-6,readMyScores> 1.668545442905272E-4
<41,admissions4-0,stu2-11application2-11,read> 6.754526395048144E-5
<42,stu4-13,stu4-13application4-13,checkStatus> 0.002151555305071245
<43,stu1-3,transcript1-3,read> 0.0015456491344744041
<44,registrar0-0,roster0-8,read> 2.1178734386174874E-4
<45,registrar0-1,roster4-1,read> 1.3740663399600797E-4
<46,chair1,transcript1-4,read> 0.0017708945060871345
<47,registrar4-1,roster0-8,write> 1.8533060029724306E-4
<48,admissions2-1,stu5-0application5-0,read> 1.1562438607780005E-4
<49,stu4-5,transcript4-5,read> 0.001029950666402206
<50,app5-2,application5-2,checkStatus> 0.002277866763866342
<51,stu1-1,gradebook1-1,readMyScores> 8.255060701401083E-5
<52,admissions0-1,stu5-13application5-13,read> 2.1621210574227921E-4
<53,admissions4-1,application1-2,read> 2.1767278568888954E-5
<54,registrar0-0,roster1-8,read> 2.0948287223441822E-4
<55,stu5-1,transcript5-1,read> 0.0014316004348045909
<56,fac1-3,roster1-7,read> 0.0028620301865423556
<57,registrar2-1,transcript0-11,read> 3.398989633664081E-4
<58,registrar2-1,transcript4-16,read> 3.8399963978207806E-4
<59,chair4,transcript4-4,read> 0.0011857750903898332
<60,fac5-1,roster5-2,read> 0.0018718844879011109
<61,fac0-4,roster0-8,read> 0.002904164046059004
<62,stu1-5,gradebook1-6,readMyScores> 5.7981209168762774E-5
<63,chair4,transcript4-0,read> 0.0012029844849691656
<64,admissions4-0,stu5-13application5-13,setStatus> 2.098215179587252E-4
<65,admissions4-0,stu1-11application1-11,read> 1.5549203859127898E-4
<66,fac3-0,gradebook3-1,addScore> 1.1622313537849193E-4
<67,stu3-14,stu3-14application3-14,checkStatus> 0.0013997013836718583
<68,fac3-4,roster3-9,read> 0.0017981502337469756
<69,fac2-4,gradebook2-9,changeScore> 0.0022002012675905445
<70,registrar0-0,transcript2-0,read> 2.356033780943323E-4
<71,fac0-1,gradebook0-3,changeScore> 3.3615871545647036E-4
<72,admissions0-1,stu1-11application1-11,setStatus> 2.069058619425794E-4
<73,registrar4-0,roster3-8,write> 1.1232593690377405E-4
<74,registrar4-1,roster1-5,read> 2.465111247077448E-4
<75,stu1-4,gradebook1-6,readScore> 8.296551938713724E-5
<76,stu4-16,transcript4-16,read> 0.0018134156467426606
<77,registrar0-0,transcript2-15,read> 3.4044667132368756E-4
<78,stu3-7,transcript3-7,read> 3.902862204280376E-4
<79,registrar0-1,transcript3-8,read> 6.89455281065632E-5
<80,stu2-16,transcript2-16,read> 0.0016894496688406898
<81,registrar2-0,transcript4-16,read> 3.8229675889612646E-4
<82,chair2,transcript2-18,read> 0.001983143705898901
<83,admissions0-0,application0-2,read> 7.007396046261046E-5
<84,stu4-14,stu4-14application4-14,checkStatus> 0.0018869027247386608
<85,registrar2-1,roster1-4,write> 1.5228376647210095E-4
<86,stu4-4,stu4-4application4-4,checkStatus> 0.001652324301262052
<87,fac2-0,gradebook2-1,changeScore> 0.0021594253367626117
<88,fac2-1,gradebook2-3,changeScore> 0.002258452597344734
<89,stu4-12,gradebook4-4,readMyScores> 1.7077045747917823E-4
<90,stu4-18,transcript4-18,read> 0.001823332924974818
<91,stu4-11,stu4-11application4-11,checkStatus> 0.00213351081095766
<92,admissions2-0,stu4-4application4-4,read> 1.3464936482145623E-4
<93,fac2-2,gradebook2-4,addScore> 6.300784639240768E-4
<94,app3-1,application3-1,checkStatus> 0.0014718793601261994
<95,registrar0-1,transcript2-8,read> 1.913666962666706E-4
<96,registrar4-1,transcript5-8,read> 3.6354314531106567E-4
<97,fac1-3,roster1-6,read> 0.00278829593238822
<98,chair0,transcript0-0,read> 0.0010251540743160643
<99,fac4-3,gradebook4-7,changeScore> 0.0013380815872285352
<100,registrar4-1,transcript5-5,read> 3.5747819641111735E-4
<101,stu0-8,stu0-8application0-8,checkStatus> 0.0017425467718299784
<102,admissions2-1,application3-3,setStatus> 1.3408701574829976E-4
<103,stu2-1,stu2-1application2-1,checkStatus> 0.0013515827327022973
<104,chair4,transcript4-18,read> 0.0021093459328140047
<105,stu1-12,stu1-12application1-12,checkStatus> 0.0014237607091566386
<106,stu4-11,transcript4-11,read> 0.001694408307956769
<107,admissions4-0,stu4-8application4-8,setStatus> 9.303826256236482E-5
<108,admissions2-0,stu2-9application2-9,setStatus> 1.986840747480949E-4
<109,stu3-18,transcript3-18,read> 0.0017092842253050053
<110,fac2-4,gradebook2-8,changeScore> 0.0022118515335413824
<111,stu1-5,transcript1-5,read> 0.0015357318562422464
<112,fac0-3,roster0-7,read> 0.0027250951431132472
<113,stu0-5,stu0-5application0-5,checkStatus> 0.0019410362070794167
<114,registrar2-1,transcript3-14,read> 3.682493982050531E-4
<115,registrar0-1,transcript5-1,read> 2.897050116739699E-4
<116,registrar4-0,transcript0-18,read> 3.806538290405678E-4
<117,chair1,transcript1-8,read> 0.0017479486466480247
<118,chair0,transcript0-13,read> 0.001885623803282684
<119,stu4-12,transcript4-12,read> 0.0017886224511622663
<120,registrar2-1,transcript0-17,read> 3.356988989458681E-4
<121,admissions0-1,stu3-16application3-16,setStatus> 4.582993605586327E-5
<122,fac2-2,gradebook2-5,addScore> 0.0015680522172395947
<123,admissions4-0,stu1-13application1-13,read> 1.1892989632488E-4
<124,admissions0-0,stu1-1application1-1,setStatus> 2.590638738193522E-4
<125,stu5-2,transcript5-2,read> 0.0014563936303849852
<126,admissions4-1,stu3-6application3-6,read> 1.8660928138228636E-4
<127,admissions0-0,stu0-17application0-17,setStatus> 2.458701699007008E-4
<128,admissions2-0,stu0-6application0-6,setStatus> 6.166377603150195E-5
<129,registrar4-0,transcript4-0,read> 2.504681293713136E-4
<130,fac2-0,roster2-1,read> 0.0015242801468887597
<131,admissions4-0,stu4-14application4-14,read> 1.5499795558767898E-4
<132,admissions0-0,stu5-13application5-13,read> 2.169462724850374E-4
<133,registrar4-0,roster5-6,read> 1.3806672289875567E-4
<134,registrar2-1,transcript1-8,read> 3.199486573688432E-4
<135,app4-1,application4-1,checkStatus> 0.0017004429522316127
<136,chair5,transcript5-4,read> 0.0016963204629100277
<137,admissions4-0,stu0-18application0-18,read> 1.9353642986847788E-4
<138,app4-4,application4-4,checkStatus> 0.001718487446345198
<139,registrar0-1,roster1-3,write> 1.4608668547011453E-4
<140,stu2-14,transcript2-14,read> 0.0016696151123763746
<141,chair0,transcript0-19,read> 0.001822522689825132
<142,admissions2-0,stu3-13application3-13,setStatus> 1.324018977266536E-4
<143,registrar4-1,transcript1-8,read> 3.6960809421101394E-4
<144,registrar2-1,transcript5-1,read> 3.031483996866832E-4
<145,registrar2-0,roster0-5,read> 2.044789104919315E-4
<146,registrar4-0,transcript3-7,read> 9.400641692477874E-5
<147,fac1-2,roster1-5,read> 0.0028093628621465444
<148,registrar2-1,roster4-4,write> 8.129397691147182E-5
<149,stu0-12,transcript0-12,read> 0.0016398632776799017
<150,app5-3,application5-3,checkStatus> 0.002289896426608732
<151,admissions2-1,stu2-18application2-18,read> 1.431417643339631E-4
<152,admissions0-0,stu2-2application2-2,read> 3.1178921310426264E-5
<153,fac2-2,gradebook2-4,changeScore> 0.0022526274643693157
<154,chair4,transcript4-3,read> 0.001180038625530056
<155,stu3-0,transcript3-0,read> 3.605343857315646E-4
<156,fac4-1,gradebook4-3,addScore> 5.613958905740186E-4
<157,admissions4-1,stu1-18application1-18,setStatus> 1.2660165377888552E-4
<158,admissions0-1,stu2-19application2-19,setStatus> 1.5233728296871227E-4
<159,stu4-6,transcript4-6,read> 0.0010349093055182848
<160,fac4-3,roster4-6,read> 0.0015348136117679218
<161,registrar2-1,roster0-3,read> 2.0218937032690282E-4
<162,chair3,transcript3-19,read> 0.0019659343113195686
<163,stu4-0,stu4-0application4-0,checkStatus> 7.140106073556176E-4
<164,fac5-3,roster5-7,read> 0.001682282120076192
<165,fac2-3,gradebook2-6,changeScore> 0.0022409771984184773
<166,stu1-13,stu1-13application1-13,checkStatus> 0.0014478200346414191
<167,stu2-0,gradebook2-7,readMyScores> 1.735661037120536E-4
<168,admissions0-1,stu3-14application3-14,setStatus> 1.5299473572743359E-4
<169,registrar2-0,transcript1-3,read> 3.2584733431718384E-4
<170,admissions4-1,stu0-5application0-5,setStatus> 1.8262801425171697E-4
<171,admissions4-1,stu1-13application1-13,setStatus> 1.362223419408869E-4
<172,registrar2-1,roster3-7,write> 9.816859902014593E-5
<173,admissions2-0,stu3-1application3-1,setStatus> 1.791893168006122E-4
<174,stu2-12,transcript2-12,read> 0.001654739195028138
<175,admissions0-0,stu1-14application1-14,read> 1.972084914227349E-4
<176,stu5-8,stu5-8application5-8,checkStatus> 0.0023019260893511226
<177,stu2-5,transcript2-5,read> 9.406951623127872E-4
<178,stu0-4,stu0-4application0-4,checkStatus> 0.0015260128424669551
<179,fac1-4,gradebook1-9,addScore> 5.395102421851689E-4
<180,stu0-1,gradebook0-5,readScore> 3.205146518990562E-5
<181,registrar4-0,roster1-2,read> 2.43636005115217E-4
<182,registrar4-0,transcript2-14,read> 4.02152384949252E-4
<183,stu3-1,stu3-1application3-1,checkStatus> 0.0019350213757082214
<184,admissions4-0,stu2-16application2-16,setStatus> 1.149351229491824E-4
<185,fac0-2,roster0-5,read> 0.002704028213354923
<186,admissions4-0,stu3-6application3-6,setStatus> 2.1038297591736158E-4
<187,fac5-0,roster5-1,read> 0.0018613510230219492
<188,admissions2-1,stu5-18application5-18,read> 1.0803338517954817E-4
<189,admissions0-1,stu4-2application4-2,setStatus> 1.234093615849755E-4
<190,fac4-3,gradebook4-6,addScore> 9.297870390437651E-4
<191,registrar4-0,roster1-5,read> 2.4272592509610958E-4
<192,chair2,transcript2-16,read> 0.0019544613816000135
<193,fac3-0,roster3-1,read> 0.0016928155849553542
<194,admissions0-0,stu0-10application0-10,read> 2.2623464004376792E-4
<195,stu3-19,stu3-19application3-19,checkStatus> 0.0018207395796555148
<196,stu4-19,stu4-19application4-19,checkStatus> 7.621292583251784E-4
<197,chair0,transcript0-16,read> 0.001839732084404464
<198,stu5-14,stu5-14application5-14,checkStatus> 3.892097133110825E-4
<199,registrar0-0,transcript0-14,read> 3.303655854362495E-4
<200,stu0-13,stu0-13application0-13,checkStatus> 0.0019831400266777824
<201,admissions0-0,stu1-17application1-17,setStatus> 7.896981532976115E-5
<202,app5-0,application5-0,checkStatus> 0.0022598222697527565
<203,fac1-2,gradebook1-4,addScore> 5.639025419888311E-4
<204,stu2-8,stu2-8application2-8,checkStatus> 0.0023680892344342683
<205,chair4,transcript4-5,read> 0.0011915115552496107
<206,chair1,transcript1-2,read> 0.0017823674358066898
<207,stu0-4,transcript0-4,read> 5.291281156782448E-4
<208,chair2,transcript2-0,read> 0.0013406596416038249
<209,admissions4-1,stu0-13application0-13,setStatus> 1.8658947408312925E-4
<210,fac5-2,roster5-4,read> 0.001555880541526246
<211,chair0,transcript0-12,read> 0.001897096733002239
<212,fac2-2,roster2-4,read> 0.0014294789629763001
<213,registrar4-1,transcript1-5,read> 3.7567304311096215E-4
<214,admissions2-1,stu1-11application1-11,setStatus> 1.6966983245885543E-4
<215,stu1-2,transcript1-2,read> 0.0015406904953583253
<216,stu5-7,transcript5-7,read> 0.0014712695477332215
<217,fac0-4,roster0-9,read> 0.0029252309758173284
<218,admissions0-0,stu2-8application2-8,setStatus> 2.5972355901528475E-4
<219,stu1-9,stu1-9application1-9,checkStatus> 0.00182675441102671
<220,admissions2-1,stu2-13application2-13,read> 9.617244627602963E-5
<221,registrar0-0,roster0-7,write> 1.4452994276863704E-4
<222,admissions4-0,stu0-13application0-13,setStatus> 1.851173677787259E-4
<223,registrar0-0,roster5-3,write> 8.307736603982374E-5
<224,stu1-14,stu1-14application1-14,checkStatus> 0.0020432883403897328
<225,fac1-1,roster1-2,read> 0.0028198963270257065
<226,stu3-17,transcript3-17,read> 0.001719201503537163
<227,registrar4-0,transcript2-1,read> 2.3135830189692763E-4
<228,registrar2-1,transcript4-7,read> 2.1074698243480342E-4
<229,stu4-16,stu4-16application4-16,checkStatus> 0.0018087099169131246
<230,fac4-1,gradebook4-2,addScore> 2.5965648252371075E-4
<231,fac1-1,gradebook1-3,addScore> 3.594440291144726E-4
<232,registrar4-1,transcript4-16,read> 4.436004707903828E-4
<233,chair4,transcript4-9,read> 0.001168565695810501
<234,admissions4-0,stu1-17application1-17,read> 5.9145852889281685E-5
<235,stu1-1,stu1-1application1-1,checkStatus> 0.002362074403063073
<236,admissions4-1,application5-0,read> 1.8710729347537814E-4
<237,admissions0-0,stu3-5application3-5,setStatus> 1.436189645311528E-4
<238,admissions0-1,application3-2,read> 1.4447086071061203E-4
<239,stu4-2,stu4-2application4-2,checkStatus> 0.001129033971968079
<240,admissions0-0,stu5-11application5-11,setStatus> 1.4032053855148993E-4
<241,fac1-4,roster1-8,read> 0.0028725636514215177
<242,admissions4-0,stu5-0application5-0,read> 1.2041214533567996E-4
<243,admissions4-0,stu3-6application3-6,read> 1.8513701880727818E-4
<244,stu5-5,transcript5-5,read> 0.0014613522695010638
<245,stu3-10,transcript3-10,read> 0.0017638292555818723
<246,fac0-4,gradebook0-8,changeScore> 2.8373251867769956E-4
<247,stu1-5,stu1-5application1-5,checkStatus> 0.0012914344189903465
<248,fac2-1,gradebook2-3,addScore> 7.755422643420571E-4
<249,registrar4-0,roster2-8,read> 1.690094435484081E-4
<250,admissions2-0,stu1-13application1-13,read> 1.179841317417796E-4
<251,stu1-2,gradebook1-5,readMyScores> 8.481022798971814E-5
<252,chair5,transcript5-11,read> 1.5894788048966726E-4
<253,chair3,transcript3-16,read> 0.0020003531004782332
<254,admissions0-1,stu5-12application5-12,setStatus> 1.1354757020415617E-4
<255,registrar0-0,transcript0-4,read> 1.075735873238697E-4
<256,admissions2-0,application2-3,read> 5.573458465004613E-5
<257,registrar0-0,transcript5-6,read> 3.0012232777393554E-4
<258,chair3,transcript3-12,read> 0.0020232989599173433
<259,admissions0-1,application2-4,read> 6.694403140219751E-5
<260,registrar4-1,transcript0-17,read> 3.878029409108587E-4
<261,stu1-15,stu1-15application1-15,checkStatus> 0.0016763836267468324
<262,registrar4-1,transcript4-8,read> 2.446701468720796E-4
<263,app3-2,application3-2,checkStatus> 0.0015019535169821748
<264,admissions0-0,stu3-15application3-15,setStatus> 1.8583881707083714E-4
<265,registrar0-1,transcript1-1,read> 2.646187067231283E-4
<266,fac0-1,roster0-2,read> 0.0026829612835965987
<267,fac2-3,roster2-6,read> 0.001924551812296922
<268,chair5,transcript5-3,read> 0.0016791110683306951
<269,registrar2-1,transcript1-2,read> 3.2624875399965314E-4
<270,fac5-4,roster5-8,read> 0.0016612151903178678
<271,fac4-3,roster4-7,read> 0.0015032132171304351
<272,registrar0-0,roster1-3,write> 1.4676458192241205E-4
<273,fac4-2,gradebook4-4,changeScore> 0.0013147810553268593
<274,registrar0-0,transcript4-1,read> 2.124168805532249E-4
<275,app3-0,application3-0,checkStatus> 0.0014778941914973943
<276,chair1,transcript1-7,read> 0.0017651580412273574
<277,fac5-3,gradebook5-7,changeScore> 5.458635025715538E-4
<278,registrar4-0,transcript3-15,read> 4.176791197721906E-4
<279,stu5-16,stu5-16application5-16,checkStatus> 0.0015681166620653208
<280,stu1-6,transcript1-6,read> 0.00152085593889401
<281,admissions4-0,stu4-5application4-5,read> 7.643875801528119E-5
<282,admissions0-0,application3-4,setStatus> 1.6340952040912982E-4
<283,app5-1,application5-1,checkStatus> 0.002265837101123952
<284,registrar2-0,roster2-9,read> 1.4872098651425825E-4
<285,admissions0-0,stu4-7application4-7,setStatus> 4.9283981512795595E-5
<286,registrar4-1,roster0-7,read> 2.391169463068876E-4
<287,registrar4-0,roster2-7,write> 1.2159220618923144E-4
<288,registrar2-0,transcript5-1,read> 3.0180406088541186E-4
<289,stu5-2,stu5-2application5-2,checkStatus> 0.001712472614974003
<290,admissions2-0,stu4-13application4-13,setStatus> 1.9924106783230874E-4
<291,fac2-3,gradebook2-7,changeScore> 0.002223501799492221
<292,stu1-1,transcript1-1,read> 0.0013076344569026203
<293,registrar4-0,roster1-7,read> 2.472763251916467E-4
<294,chair3,transcript3-17,read> 0.0019888801707586786
<295,registrar2-0,roster0-9,read> 2.212062876852335E-4
<296,stu5-13,stu5-13application5-13,checkStatus> 0.0022477926070103666
<297,registrar4-0,transcript0-8,read> 1.3461480030784885E-4
<298,stu2-10,transcript2-10,read> 0.0016448219167959804
<299,admissions0-1,stu2-1application2-1,read> 1.3000690001874364E-4
<300,fac1-1,gradebook1-2,changeScore> 8.895463481212737E-4
<301,fac4-1,roster4-2,read> 0.0019034848825385977
<302,fac2-3,gradebook2-6,addScore> 0.0015639868339389841
<303,chair3,transcript3-15,read> 0.0020060895653380107
<304,registrar2-1,transcript5-6,read> 3.125985446328982E-4
<305,stu4-13,transcript4-13,read> 0.0017836638120461875
<306,fac2-1,roster2-3,read> 0.001376811638580489
<307,registrar2-0,transcript4-8,read> 2.1085776573044862E-4
<308,admissions4-0,application5-4,read> 1.89583765839678E-4
<309,registrar2-0,transcript0-18,read> 3.3316485231815783E-4
<310,admissions2-0,stu2-12application2-12,setStatus> 5.8878810610432986E-5
<311,chair0,transcript0-6,read> 6.293379989914194E-4
<312,stu1-18,stu1-18application1-18,checkStatus> 0.0013455679013311022
<313,stu0-13,transcript0-13,read> 0.001629945999447744
<314,admissions4-0,stu5-16application5-16,read> 1.288115563968797E-4
<315,stu1-3,stu1-3application1-3,checkStatus> 0.0016643539640044424
<316,registrar4-0,transcript4-16,read> 4.367889472465765E-4
<317,registrar0-1,roster4-8,read> 1.0070539533071674E-4
<318,chair4,transcript4-15,read> 0.0020749271436553405
<319,stu2-11,gradebook2-4,readMyScores> 1.6788426653202297E-4
<320,stu1-16,stu1-16application1-16,checkStatus> 0.0013335382385887122
<321,registrar4-1,transcript5-1,read> 3.5020025773117944E-4
<322,admissions4-1,stu1-0application1-0,read> 1.836212088237353E-4
<323,registrar2-0,transcript3-18,read> 3.6034420489320425E-4
<324,stu4-1,transcript4-1,read> 0.0010448265837504425
<325,registrar0-0,roster3-5,read> 1.280582080687406E-4
<326,app4-3,application4-3,checkStatus> 0.001724502277716393
<327,admissions2-1,application3-4,setStatus> 1.3354788216177616E-4
<328,admissions0-0,stu3-11application3-11,read> 1.432198549876136E-4
<329,fac1-1,gradebook1-3,readScore> 1.3242674756848988E-4
<330,registrar2-1,transcript4-2,read> 2.222971595912884E-4
<331,stu3-16,transcript3-16,read> 0.0017291187817693205
<332,registrar4-0,roster1-5,write> 1.7652794552444333E-4
<333,admissions0-1,stu2-6application2-6,read> 1.618276135408541E-4
<334,stu3-8,stu3-8application3-8,checkStatus> 0.001904947218852246
<335,registrar0-1,roster0-8,read> 2.108091113265905E-4
<336,registrar2-0,roster3-7,read> 1.343832346342851E-4
<337,stu0-15,transcript0-15,read> 0.0016200287212155863
<338,stu1-4,transcript1-4,read> 0.0015307732171261673
<339,stu2-17,gradebook2-5,readMyScores> 1.6866060141617763E-4
<340,registrar0-0,roster1-1,write> 1.5011654065307458E-4
<341,fac3-1,roster3-3,read> 0.0017349494444720028
<342,chair3,transcript3-18,read> 0.0019774072410391236
<343,chair2,transcript2-11,read> 0.0019085696627217938
<344,admissions4-0,stu4-12application4-12,read> 1.6092695163087882E-4
<345,admissions0-0,stu5-10application5-10,setStatus> 2.366345771576449E-4
<346,chair4,transcript4-10,read> 0.0019429884518804587
<347,stu1-7,transcript1-7,read> 0.001525814578010089
<348,registrar2-1,transcript5-2,read> 3.083984802123582E-4
<349,fac4-0,gradebook4-1,changeScore> 0.0012798302574743453
<350,admissions4-0,stu4-0application4-0,setStatus> 6.664973850645647E-5
<351,registrar4-0,transcript4-12,read> 4.3081712616083087E-4
<352,fac1-1,gradebook1-3,changeScore> 9.070217470475309E-4
<353,registrar2-1,transcript5-5,read> 3.0944849631749316E-4
<354,registrar0-1,transcript0-16,read> 3.2181548201104727E-4
<355,stu4-2,transcript4-2,read> 0.0010497852228665212
<356,registrar4-0,roster2-9,read> 1.6991952356751555E-4
<357,chair3,transcript3-11,read> 0.002029035424777121
<358,stu0-9,transcript0-9,read> 5.78714506839033E-4
<359,registrar4-1,transcript1-6,read> 3.7203407377099326E-4
<360,stu4-3,transcript4-3,read> 0.0010200333881700485
<361,chair0,transcript0-15,read> 0.0018741508735631292
<362,registrar0-0,roster1-5,write> 1.489992210761871E-4
<363,stu2-19,stu2-19application2-19,checkStatus> 0.001393686552300663
<364,stu4-1,stu4-1application4-1,checkStatus> 0.0021816294619272205
<365,admissions0-1,stu2-11application2-11,setStatus> 8.987927089018973E-5
<366,registrar4-1,transcript0-19,read> 3.8537696135087943E-4
<367,registrar4-1,transcript2-10,read> 4.0235881827073455E-4
<368,stu4-19,transcript4-19,read> 0.0018183742858587394
<369,registrar0-0,roster1-4,write> 1.462059221339683E-4
<370,stu2-9,gradebook2-2,readMyScores> 2.7352628805950665E-4
<371,stu1-4,stu1-4application1-4,checkStatus> 0.002338015077578293
<372,registrar0-0,roster2-8,read> 1.4265319504183375E-4
<373,admissions4-1,stu1-10application1-10,read> 1.0792337067377639E-4
<374,registrar4-1,roster1-6,write> 1.779364218963858E-4
<375,stu3-15,transcript3-15,read> 0.0017340774208853993
<376,admissions4-1,stu1-3application1-3,read> 1.378040962592865E-4
<377,stu3-8,gradebook3-3,readScore> 8.38412975977782E-5
<378,admissions0-0,stu2-19application2-19,read> 1.345120104013037E-4
<379,registrar0-0,roster1-2,write> 1.4955788086463083E-4
<380,fac4-1,gradebook4-2,changeScore> 0.0012856553904497644
<381,fac4-2,roster4-4,read> 0.0014716128224929487
<382,registrar4-1,transcript0-11,read> 3.9265490003081733E-4
<383,chair4,transcript4-7,read> 0.0011513563012311686
<384,registrar0-0,roster1-9,write> 1.529098395952934E-4
<385,fac4-1,gradebook4-3,assignGrade> 4.633234487145009E-4
<386,admissions4-0,stu3-3application3-3,read> 1.8365476979647816E-4
<387,admissions4-0,stu3-13application3-13,read> 1.1744764731408003E-4
<388,registrar4-1,transcript2-17,read> 4.1691469563061035E-4
<389,registrar2-1,transcript0-7,read> 1.2044559739319367E-4
<390,admissions4-1,stu1-14application1-14,setStatus> 1.922487024137183E-4
<391,chair2,transcript2-14,read> 0.0019315155221609037
<392,registrar0-0,roster1-8,write> 1.5235117980684962E-4
<393,stu2-11,gradebook2-8,readMyScores> 1.1383112885236834E-4
<394,stu3-13,transcript3-13,read> 0.0017439946991175568
<395,registrar0-0,roster1-7,write> 1.5179252001840587E-4
<396,admissions4-0,stu3-8application3-8,setStatus> 1.7781841431645338E-4
<397,registrar2-0,roster3-1,write> 9.309883670211504E-5
<398,registrar2-0,roster1-1,read> 2.140374117452469E-4
<399,admissions0-1,stu4-5application4-5,read> 8.950781008151217E-5
<400,registrar0-0,roster1-6,write> 1.4788190149929957E-4
<401,stu5-0,stu5-0application5-0,checkStatus> 0.001465864528755004
<402,admissions0-0,application2-2,setStatus> 6.907453739077262E-5
<403,admissions2-1,stu5-3application5-3,setStatus> 1.5673062638228968E-4
<404,registrar2-0,transcript0-10,read> 3.3943701060470694E-4
<405,registrar0-0,transcript3-13,read> 3.5456019156610073E-4
<406,admissions2-1,stu2-8application2-8,setStatus> 2.122613857942175E-4
<407,stu2-18,transcript2-18,read> 0.0017142428644210841
<408,registrar4-1,transcript5-16,read> 2.7544976253931705E-5
<409,stu3-11,transcript3-11,read> 0.0017539119773497148
<410,registrar2-1,transcript4-4,read> 2.170470790656134E-4
<411,stu5-11,transcript5-11,read> 1.3739562550801746E-4
<412,admissions2-0,stu3-19application3-19,setStatus> 1.6860644820055015E-4
<413,admissions0-0,stu1-13application1-13,setStatus> 1.587917240376019E-4
<414,chair4,transcript4-6,read> 0.0011972480201093883
<415,fac0-3,gradebook0-7,changeScore> 2.8955765165311853E-4
<416,registrar0-1,transcript3-5,read> 7.697314569083254E-5
<417,chair3,transcript3-2,read> 4.3429819375898554E-4
<418,chair1,transcript1-1,read> 0.0015127535873971486
<419,registrar4-0,roster3-6,write> 1.110021841487087E-4
<420,registrar0-1,transcript4-16,read> 3.6697083092256236E-4
<421,registrar2-0,transcript3-11,read> 3.697524423230281E-4
<422,admissions0-0,stu0-3application0-3,setStatus> 1.0337816757926615E-4
<423,admissions4-1,stu0-7application0-7,read> 1.0742535858068456E-4
<424,admissions4-0,stu1-5application1-5,setStatus> 1.2054970253554587E-4
<425,registrar0-0,transcript0-10,read> 3.2734125967001805E-4
<426,chair5,transcript5-9,read> 0.00171352985748936
<427,stu4-18,stu4-18application4-18,checkStatus> 1.1854230160730328E-4
<428,fac2-3,roster2-7,read> 0.001935085277176084
<429,stu2-4,gradebook2-9,readMyScores> 4.58868481899918E-4
<430,stu2-9,stu2-9application2-9,checkStatus> 0.0021455404737000497
<431,admissions2-0,application2-0,setStatus> 5.7207831357791605E-5
<432,chair0,transcript0-5,read> 6.408109287109743E-4
<433,app2-0,application2-0,checkStatus> 6.177733054164961E-4
<434,chair1,transcript1-9,read> 0.0017536851115078024
<435,admissions2-1,stu4-13application4-13,setStatus> 1.92852576679369E-4
<436,registrar2-0,transcript0-16,read> 3.352555717470075E-4
<437,admissions0-0,stu2-7application2-7,setStatus> 1.2184935306537806E-4
<438,stu1-0,transcript1-0,read> 0.0013175517351347778
<439,registrar2-0,roster0-8,read> 2.1961320414301425E-4
<440,stu2-3,gradebook2-5,readMyScores> 2.4916928728855247E-4
<441,stu4-9,transcript4-9,read> 0.0010101161099378907
<442,registrar2-1,transcript3-13,read> 3.6929941431018806E-4
<443,stu4-7,gradebook4-7,addScore> 3.4538897692285345E-4
<444,app4-0,application4-0,checkStatus> 0.0016222501444060765
<445,stu0-1,transcript0-1,read> 8.514396582233682E-4
<446,fac2-1,gradebook2-2,changeScore> 0.0021536002037871927
<447,registrar2-0,roster5-8,read> 1.2562127515207934E-4
<448,app3-4,application3-4,checkStatus> 0.0014899238542397846
<449,fac5-4,gradebook5-9,addScore> 1.0367847958202179E-4
<450,registrar0-0,transcript4-15,read> 3.646412774535388E-4
<451,registrar4-0,transcript5-8,read> 3.579609089147345E-4
<452,app2-4,application2-4,checkStatus> 6.959661132420323E-4
<453,stu3-12,transcript3-12,read> 0.001748953338233636
<454,fac2-4,gradebook2-8,addScore> 7.13434928946541E-4
<455,registrar4-0,roster4-8,read> 1.1986512251660716E-4
<456,fac4-2,roster4-5,read> 0.0014505458927346244
<457,stu4-3,stu4-3application4-3,checkStatus> 0.002350044740320683
<458,fac2-4,roster2-8,read> 0.001956152206934408
<459,chair0,transcript0-2,read> 0.0010022082148769544
<460,stu1-8,transcript1-8,read> 0.0015109386606618521
<461,admissions0-0,stu4-18application4-18,read> 1.1441140248123834E-5
<462,admissions4-0,stu1-9application1-9,setStatus> 1.7051946085418082E-4
<463,stu3-2,gradebook3-7,addScore> 1.3341978918931868E-4
<464,fac5-2,gradebook5-4,addScore> 3.768949101607538E-4
<465,admissions0-1,application5-2,setStatus> 2.48982838500742E-4
<466,fac5-1,roster5-3,read> 0.0015664140064054082
<467,admissions2-0,stu1-8application1-8,setStatus> 1.4242777324250186E-4
<468,admissions0-0,stu0-16application0-16,read> 1.3857567120824832E-4
<469,registrar0-0,transcript2-8,read> 1.9225470877834888E-4
<470,fac5-4,gradebook5-8,changeScore> 3.8275977925982224E-4
<471,registrar2-1,transcript5-4,read> 3.104985124226282E-4
<472,registrar0-0,transcript4-10,read> 3.414547799124313E-4
<473,admissions0-0,stu5-0application5-0,read> 1.414782860703516E-4
<474,admissions0-1,stu1-13application1-13,setStatus> 1.5825435779720393E-4
<475,admissions2-1,stu2-17application2-17,setStatus> 1.1521734021997476E-4
<476,stu3-16,stu3-16application3-16,checkStatus> 4.19283870167058E-4
<477,admissions4-1,stu2-10application2-10,setStatus> 1.3735418760700468E-4
<478,registrar4-0,transcript4-8,read> 2.409132156341206E-4
<479,registrar2-1,transcript5-8,read> 3.146985768431682E-4
<480,fac3-4,gradebook3-8,assignGrade> 1.762276092117082E-4
<481,registrar2-0,roster1-6,write> 1.5334635975331522E-4
<482,admissions0-1,stu4-7application4-7,setStatus> 4.911719984946972E-5
<483,registrar4-0,transcript1-9,read> 3.651270942176292E-4
<484,stu2-17,stu2-17application2-17,checkStatus> 0.0012854195876191514
<485,registrar2-0,roster2-4,read> 1.0809735618766774E-4
<486,fac1-4,gradebook1-9,assignGrade> 2.7608703164746216E-4
<487,chair3,transcript3-10,read> 0.0020405083544966754
<488,stu2-14,stu2-14application2-14,checkStatus> 6.538622936436666E-4
<489,registrar4-1,transcript4-15,read> 4.387485116704242E-4
<490,registrar0-1,transcript5-2,read> 2.947222726641383E-4
<491,admissions4-1,stu0-16application0-16,read> 1.1887963672179677E-4
<492,admissions0-0,stu0-7application0-7,setStatus> 1.4229959413928766E-4
<493,admissions4-0,stu2-19application2-19,setStatus> 1.3009448783236378E-4
<494,chair1,transcript1-3,read> 0.0017881039006664673
<495,registrar0-1,roster1-8,write> 1.5164747920727988E-4
<496,registrar2-1,transcript0-15,read> 3.4304901168181307E-4
<497,chair4,transcript4-16,read> 0.00209787300309445
<498,registrar0-1,transcript3-12,read> 3.539259523481247E-4
<499,registrar4-0,roster5-3,write> 9.842653297558794E-5
<500,stu0-7,stu0-7application0-7,checkStatus> 0.0012974492503615414
<501,stu5-11,stu5-11application5-11,checkStatus> 0.0012794047562479562
<502,registrar4-0,roster3-7,read> 1.5353808322358185E-4
<503,admissions2-0,stu2-0application2-0,read> 9.788782126334592E-5
<504,fac3-0,gradebook3-1,assignGrade> 1.6998639530947359E-4
<505,chair2,transcript2-9,read> 0.0011398833715116137
<506,stu3-4,stu3-4application3-4,checkStatus> 5.937139799317157E-4
<507,admissions0-1,stu4-5application4-5,setStatus> 1.0171342054717293E-4
<508,fac1-2,roster1-4,read> 0.0027566955377507337
<509,admissions4-0,stu1-10application1-10,read> 1.0707190423848032E-4
<510,fac0-3,roster0-6,read> 0.0027356286079924094
<511,registrar4-0,transcript0-14,read> 3.9140310699490986E-4
<512,registrar2-0,transcript4-9,read> 2.129484851592984E-4
<513,stu3-14,transcript3-14,read> 0.0017390360600014784
<514,chair2,transcript2-13,read> 0.0019200425924413489
<515,chair1,transcript1-19,read> 1.8763020478855454E-4
<516,admissions0-1,application4-0,read> 1.5604202926410672E-4
<517,admissions0-1,stu4-18application4-18,read> 1.1402422345422909E-5
<518,stu3-10,stu3-10application3-10,checkStatus> 6.11758474045301E-4
<519,admissions4-1,stu5-11application5-11,read> 1.0593132230140904E-4
<520,admissions2-1,stu1-15application1-15,setStatus> 1.5026102334400685E-4
<521,admissions2-1,stu2-7application2-7,read> 8.763257026549626E-5
<522,admissions0-1,stu2-17application2-17,read> 1.2364275731432156E-4
<523,fac4-4,gradebook4-8,changeScore> 0.0013439067202039544
<524,chair4,transcript4-17,read> 0.0020921365382346726
<525,fac5-1,gradebook5-2,addScore> 1.7649916154942457E-4
<526,fac5-1,gradebook5-3,addScore> 3.9315644336319525E-4
<527,admissions0-1,application4-0,setStatus> 1.773204878001213E-4
<528,chair1,transcript1-12,read> 2.449948533863292E-4
<529,admissions0-0,stu0-11application0-11,read> 1.9488639953305225E-4
<530,stu5-7,stu5-7application5-7,checkStatus> 1.0651263886491312E-4
<531,registrar4-0,roster4-7,write> 9.445527471039189E-5
<532,registrar4-1,transcript2-13,read> 4.059977876107035E-4
<533,fac2-1,gradebook2-3,readScore> 2.857260973891789E-4
<534,fac4-0,gradebook4-1,addScore> 4.0430945511149655E-4
<535,admissions4-1,stu4-14application4-14,read> 1.5623054370368438E-4
<536,registrar4-1,roster0-6,write> 1.7457543171417803E-4
<537,chair2,transcript2-19,read> 0.0019946166356184557
<538,admissions2-1,stu1-13application1-13,read> 1.1420107340937783E-4
<539,admissions4-1,stu5-0application5-0,read> 1.2136969718725593E-4
<540,registrar0-0,roster5-5,read> 1.1807216435030846E-4
<541,fac2-4,gradebook2-9,assignGrade> 7.857861669966231E-4
<542,chair2,transcript2-15,read> 0.0019372519870206814
<543,registrar2-1,transcript2-15,read> 3.545991888382981E-4
<544,registrar4-1,transcript5-6,read> 3.6111716575108635E-4
<545,stu3-1,gradebook3-1,addScore> 2.1595255847554768E-4
<546,registrar4-0,transcript4-1,read> 2.5166249358846274E-4
<547,admissions0-0,stu1-18application1-18,read> 1.298678266219384E-4
<548,admissions4-1,stu0-2application0-2,read> 8.320952055409408E-6
<549,registrar0-0,transcript2-14,read> 3.394385627349437E-4
<550,chair5,transcript5-5,read> 0.0016905839980502501
<551,chair3,transcript3-0,read> 4.1708879917965315E-4
<552,admissions0-0,stu5-3application5-3,read> 1.6876286577412262E-4
<553,stu2-18,gradebook2-5,readMyScores> 1.6254601767903525E-4
<554,admissions0-0,stu2-1application2-1,read> 1.3044834959435904E-4
<555,admissions0-1,stu3-14application3-14,read> 1.3463536744014155E-4
<556,admissions2-1,stu4-10application4-10,read> 2.785343819176274E-5
<557,admissions4-1,stu4-5application4-5,read> 7.704662090208263E-5
<558,admissions2-1,application3-0,setStatus> 1.3246961498872904E-4
<559,registrar2-1,transcript4-8,read> 2.117969985399384E-4
<560,registrar0-0,transcript4-5,read> 2.0939255478699345E-4
<561,admissions0-1,stu3-15application3-15,setStatus> 1.852099209047768E-4
<562,admissions4-0,stu4-16application4-16,read> 1.485748765408792E-4
<563,admissions0-0,stu4-13application4-13,setStatus> 2.3597489196171235E-4
<564,registrar0-0,transcript2-5,read> 1.9124660018960508E-4
<565,chair0,transcript0-17,read> 0.0018339956195446865
<566,admissions2-0,application0-0,setStatus> 7.001867229470886E-5
<567,admissions4-0,stu3-1application3-1,setStatus> 1.8062570410963508E-4
<568,stu2-18,stu2-18application2-18,checkStatus> 0.0018147247482843195
<569,admissions4-0,stu0-9application0-9,setStatus> 1.2279553437009126E-4
<570,stu4-12,stu4-12application4-12,checkStatus> 0.001959080701193002
<571,admissions2-0,stu2-17application2-17,setStatus> 1.1903406370552257E-4
<572,admissions0-0,stu3-4application3-4,setStatus> 6.511642621517722E-5
<573,fac0-2,roster0-4,read> 0.002714561678234085
<574,admissions0-0,application3-4,read> 1.4380037796003423E-4
<575,stu0-7,transcript0-7,read> 5.687972286068753E-4
<576,admissions4-1,stu4-0application4-0,setStatus> 6.717975630770066E-5
<577,registrar2-1,roster1-5,write> 1.5519318407704473E-4
<578,admissions4-1,stu2-19application2-19,setStatus> 1.3112903644335673E-4
<579,admissions2-0,stu3-7application3-7,read> 1.4102136570486203E-4
<580,admissions4-1,stu3-13application3-13,read> 1.1838162462870494E-4
<581,fac5-0,gradebook5-1,addScore> 1.4435565127629072E-4
<582,registrar2-0,roster0-4,read> 2.0527545226304113E-4
<583,fac1-0,gradebook1-1,readScore> 2.257268416406889E-4
<584,admissions2-1,stu2-10application2-10,setStatus> 1.3085221422915833E-4
<585,stu5-3,stu5-3application5-3,checkStatus> 0.0017485616032011735
<586,registrar2-1,transcript2-5,read> 1.9919680527831846E-4
<587,admissions2-1,stu1-9application1-9,setStatus> 1.6373936300709613E-4
<588,admissions4-1,stu5-5application5-5,read> 8.750487485701116E-5
<589,admissions0-1,stu1-17application1-17,setStatus> 7.870257399192778E-5
<590,fac3-2,roster3-5,read> 0.001756016374230327
<591,stu0-16,transcript0-16,read> 0.0015902768865191132
<592,chair2,transcript2-6,read> 0.001082518722913839
<593,registrar2-1,transcript2-4,read> 2.0444688580399347E-4
<594,registrar4-0,transcript0-1,read> 2.0508228911964694E-4
<595,registrar2-1,transcript2-7,read> 2.0129683748858844E-4
<596,admissions0-1,stu2-19application2-19,read> 1.340568090124668E-4
<597,stu2-11,transcript2-11,read> 0.0016497805559120594
<598,registrar2-0,transcript2-19,read> 3.634802840364788E-4
<599,registrar0-1,roster1-5,write> 1.4831100296498065E-4
<600,registrar4-1,transcript0-9,read> 1.415660155729591E-4
<601,stu2-4,gradebook2-6,readMyScores> 2.485174934599091E-4
<602,registrar2-0,transcript3-13,read> 3.676617228941783E-4
<603,stu1-18,gradebook1-6,readMyScores> 2.805542379133683E-5
<604,registrar2-1,transcript2-6,read> 1.981467891731835E-4
<605,chair5,transcript5-2,read> 0.0016848475331904728
<606,registrar2-1,transcript2-9,read> 2.0864695022453344E-4
<607,admissions2-0,application5-3,read> 1.866056797169188E-4
<608,registrar2-1,transcript2-8,read> 2.0024682138345347E-4
<609,stu3-4,gradebook3-7,addScore> 1.3636829281781193E-4
<610,admissions4-0,stu0-2application0-2,read> 8.255303518483103E-6
<611,registrar4-0,transcript0-17,read> 3.818481932577169E-4
<612,app1-1,application1-1,checkStatus> 2.5086859177359536E-4
<613,admissions2-0,stu4-3application4-3,setStatus> 2.1762183961136392E-4
<614,stu0-18,transcript0-18,read> 0.001580359608286956
<615,stu0-15,stu0-15application0-15,checkStatus> 0.0014177458777854433
<616,admissions2-0,stu2-10application2-10,setStatus> 1.3518686314772257E-4
<617,registrar2-1,transcript3-3,read> 7.739493708265877E-5
<618,stu2-2,stu2-2application2-2,checkStatus> 3.2304656822793645E-4
<619,registrar2-1,transcript4-19,read> 3.85049655887213E-4
<620,admissions0-0,stu5-10application5-10,read> 2.0823842789872749E-4
<621,admissions0-1,application5-3,setStatus> 2.502977440181845E-4
<622,registrar0-0,roster0-7,read> 1.987286713068759E-4
<623,fac3-3,gradebook3-7,changeScore> 4.8761217281736394E-4
<624,registrar0-1,transcript2-1,read> 1.9437705286077156E-4
<625,admissions2-0,stu4-8application4-8,read> 8.122258818366927E-5
<626,fac4-4,gradebook4-9,addScore> 7.996947734242331E-4
<627,registrar4-0,roster5-4,read> 1.3442640282232597E-4
<628,fac5-3,gradebook5-7,addScore> 9.640541352887691E-5
<629,registrar0-0,roster3-4,write> 9.033994328959259E-5
<630,admissions4-1,stu4-0application4-0,read> 5.911818555077657E-5
<631,registrar2-0,roster1-2,read> 2.1324086997413728E-4
<632,admissions2-0,stu4-5application4-5,setStatus> 8.617147173690883E-5
<633,stu0-11,transcript0-11,read> 0.0016051528038673497
<634,registrar0-0,roster0-2,write> 1.42295303614862E-4
<635,admissions0-1,application4-3,read> 1.6587752253457722E-4
<636,registrar4-1,transcript0-1,read> 2.0828045347239E-4
<637,fac2-2,gradebook2-5,assignGrade> 8.024294040692489E-4
<638,registrar4-1,transcript2-14,read> 4.0842376717068287E-4
<639,stu2-7,transcript2-7,read> 9.506124405449448E-4
<640,admissions2-0,stu3-14application3-14,setStatus> 1.2961693230558466E-4
<641,admissions4-1,stu3-8application3-8,read> 1.5772457998295992E-4
<642,stu1-4,gradebook1-6,addScore> 2.251921240508011E-4
<643,admissions4-0,application2-2,read> 5.173460783528188E-5
<644,stu2-10,stu2-10application2-10,checkStatus> 0.0014598496973838094
<645,stu3-18,gradebook3-6,readMyScores> 3.357871428049477E-5
<646,fac5-3,gradebook5-6,addScore> 1.7108074504560396E-4
<647,registrar4-1,roster2-6,read> 1.6887225149874412E-4
<648,registrar2-0,transcript1-5,read> 3.23756614888334E-4
<649,stu0-12,stu0-12application0-12,checkStatus> 6.057436426741059E-4
<650,stu1-10,gradebook1-8,readScore> 8.384051357196555E-5
<651,registrar2-0,transcript2-13,read> 3.498906077489556E-4
<652,stu0-14,transcript0-14,read> 0.0016249873603316652
<653,stu2-7,stu2-7application2-7,checkStatus> 0.0011109894778544938
<654,registrar2-1,transcript2-0,read> 2.4539751390425835E-4
<655,registrar2-1,transcript2-1,read> 2.0339686969885842E-4
<656,registrar0-1,transcript4-14,read> 3.649639265264949E-4
<657,registrar2-1,transcript2-2,read> 2.0234685359372346E-4
<658,admissions2-0,application3-4,setStatus> 1.3797182856879154E-4
<659,admissions2-0,stu4-11application4-11,read> 1.7386167795010725E-4
<660,registrar2-1,transcript2-3,read> 2.0549690190912843E-4
<661,registrar2-0,transcript2-6,read> 1.9726808944292546E-4
<662,registrar4-0,transcript2-16,read> 4.069298418178485E-4
<663,admissions2-0,application3-3,read> 1.2190536305464469E-4
<664,registrar4-0,roster0-7,read> 2.3544528494325018E-4
<665,registrar2-0,transcript2-5,read> 1.983134491573503E-4
<666,admissions0-0,stu2-5application2-5,read> 1.5715240632570944E-4
<667,registrar2-0,transcript2-4,read> 2.0354024772947465E-4
<668,registrar0-1,transcript0-13,read> 3.2984309959531666E-4
<669,registrar2-1,transcript1-6,read> 3.220486895791132E-4
<670,registrar0-0,transcript3-12,read> 3.555683001548445E-4
<671,registrar2-0,transcript2-3,read> 2.0458560744389948E-4
<672,chair3,transcript3-4,read> 4.4577112347854046E-4
<673,admissions2-1,stu0-17application0-17,read> 1.768268308199558E-4
<674,admissions2-1,application5-3,setStatus> 2.0525264916941108E-4
<675,registrar4-0,transcript4-10,read> 4.0454111338355023E-4
<676,fac1-3,gradebook1-7,assignGrade> 3.0521269652455707E-4
<677,registrar2-0,transcript2-9,read> 2.0772168658717406E-4
<678,fac2-2,roster2-5,read> 0.0014189454980971378
<679,registrar2-0,transcript2-8,read> 1.9935880887177515E-4
<680,registrar4-0,transcript1-17,read> 4.026002715306829E-5
<681,stu4-4,transcript4-4,read> 0.0010249920272861273
<682,admissions0-1,stu1-12application1-12,setStatus> 1.5562454676231873E-4
<683,admissions0-0,stu5-17application5-17,read> 1.4612246984971688E-4
<684,registrar2-0,transcript2-7,read> 2.0040416858620001E-4
<685,registrar4-0,roster2-2,read> 1.21685282554822E-4
<686,stu4-14,transcript4-14,read> 0.0018034983685105027
<687,fac1-4,gradebook1-8,addScore> 2.9974698401657416E-4
<688,admissions0-1,stu5-2application5-2,setStatus> 1.871822791809407E-4
<689,admissions0-1,stu5-12application5-12,read> 9.992186177965741E-5
<690,registrar2-0,roster1-9,read> 2.18020120600795E-4
<691,fac0-3,gradebook0-6,changeScore> 2.720822527268616E-4
<692,admissions0-1,stu0-16application0-16,setStatus> 1.5693945227976131E-4
<693,admissions0-0,application5-2,setStatus> 2.4982828107629625E-4
<694,admissions2-1,stu4-3application4-3,read> 1.8536670683048917E-4
<695,chair3,transcript3-6,read> 4.572440531980954E-4
<696,registrar0-1,transcript4-18,read> 3.6897773531862965E-4
<697,app1-0,application1-0,checkStatus> 2.3883892903120516E-4
<698,admissions4-0,stu4-13application4-13,read> 1.7673760774607842E-4
<699,admissions2-0,stu3-18application3-18,setStatus> 1.7584735829532947E-4
<700,admissions0-1,stu5-10application5-10,read> 2.0753372932715822E-4
<701,registrar0-1,roster0-4,read> 1.970461468271063E-4
<702,fac5-2,gradebook5-5,addScore> 1.667153559443107E-4
<703,registrar2-1,transcript1-5,read> 3.251987378945181E-4
<704,admissions0-1,stu4-17application4-17,setStatus> 1.1420502296287743E-4
<705,admissions4-0,stu2-11application2-11,setStatus> 7.675598176191073E-5
<706,stu2-5,gradebook2-9,addScore> 4.7637826964098105E-4
<707,admissions2-1,stu3-14application3-14,setStatus> 1.2546087836392262E-4
<708,stu3-15,gradebook3-5,readMyScores> 2.0388163857546755E-5
<709,fac3-3,roster3-7,read> 0.0017770833039886514
<710,stu1-10,stu1-10application1-10,checkStatus> 0.0013034640817327367
<711,admissions0-1,stu5-8application5-8,setStatus> 2.516126495356271E-4
<712,registrar2-0,transcript2-1,read> 2.0249488801504973E-4
<713,registrar0-0,transcript0-13,read> 3.3137369402499333E-4
<714,stu4-17,stu4-17application4-17,checkStatus> 0.0010448263327713476
<715,registrar2-0,transcript2-2,read> 2.0144952830062487E-4
<716,admissions0-0,stu4-12application4-12,setStatus> 2.1486496569187013E-4
<717,admissions2-0,stu1-12application1-12,setStatus> 1.318449046424398E-4
<718,admissions2-1,stu1-14application1-14,setStatus> 1.8314817212194463E-4
<719,admissions0-0,stu0-15application0-15,setStatus> 1.5549329805793902E-4
<720,registrar2-1,transcript0-14,read> 3.440990277869481E-4
<721,registrar2-0,transcript2-0,read> 2.443092765920443E-4
<722,fac1-2,gradebook1-5,changeScore> 8.254698853916649E-4
<723,registrar4-0,transcript0-5,read> 1.3342043609069975E-4
<724,admissions0-1,stu0-3application0-3,setStatus> 1.0302832606461551E-4
<725,registrar0-0,roster5-5,write> 8.587066498204251E-5
<726,app1-3,application1-3,checkStatus> 2.6891308588718063E-4
<727,chair2,transcript2-2,read> 0.0011054645823529489
<728,registrar0-1,transcript3-18,read> 3.458983347638553E-4
<729,admissions2-1,stu3-19application3-19,setStatus> 1.6320022942057256E-4
<730,admissions0-1,stu3-5application3-5,setStatus> 1.431329443466142E-4
<731,stu4-8,stu4-8application4-8,checkStatus> 9.96707681801787E-4
<732,chair4,transcript4-1,read> 0.001208720949828943
<733,stu3-6,gradebook3-2,addScore> 2.2279199212055787E-4
<734,admissions2-1,stu4-4application4-4,read> 1.3033195031816305E-4
<735,registrar2-0,roster1-2,write> 1.5508426907209985E-4
<736,registrar4-0,transcript3-17,read> 4.140960271207433E-4
<737,admissions4-1,stu1-5application1-5,read> 1.0692734648759271E-4
<738,registrar2-1,roster2-9,read> 1.4938344079717256E-4
<739,registrar4-1,transcript2-9,read> 2.4103117753211068E-4
<740,registrar2-1,transcript5-9,read> 3.136485607380332E-4
<741,admissions4-0,stu3-16application3-16,read> 3.444170270928237E-5
<742,admissions0-0,application3-0,setStatus> 1.6209015001726468E-4
<743,registrar2-0,transcript2-17,read> 3.5929884517877937E-4
<744,admissions4-1,stu4-9application4-9,setStatus> 1.3565641910782795E-4
<745,chair4,transcript4-14,read> 0.002086400073374895
<746,registrar0-1,transcript4-13,read> 3.6095011773436026E-4
<747,fac0-0,roster0-1,read> 0.0026408274240799496
<748,stu0-19,transcript0-19,read> 0.0015754009691708768
<749,registrar0-1,transcript0-15,read> 3.278361951992493E-4
<750,fac0-2,gradebook0-4,assignGrade> 1.1797627945751836E-4
<751,app1-4,application1-4,checkStatus> 1.7267578394805915E-4
<752,admissions0-0,application3-2,setStatus> 1.6472889080099498E-4
<753,chair0,transcript0-9,read> 6.694932530098616E-4
<754,admissions0-0,application3-1,setStatus> 1.6143046482133215E-4
<755,admissions0-1,application3-1,setStatus> 1.6088416883208907E-4
<756,stu3-15,stu3-15application3-15,checkStatus> 0.0016944281208604176
<757,admissions0-0,application3-3,setStatus> 1.640692056050624E-4
<758,admissions0-1,stu1-6application1-6,setStatus> 3.333833364015876E-5
<759,fac1-4,roster1-9,read> 0.00288309711630068
<760,admissions4-0,stu2-12application2-12,setStatus> 5.935078504418395E-5
<761,admissions0-1,application5-1,setStatus> 2.4766793298329937E-4
<762,registrar2-1,transcript2-13,read> 3.514491405228931E-4
<763,admissions4-0,stu5-7application5-7,read> 8.749386522083088E-6
<764,app1-2,application1-2,checkStatus> 2.6289825451598556E-4
<765,fac4-1,gradebook4-3,changeScore> 0.0012973056564006024
<766,admissions4-1,stu0-0application0-0,read> 1.2037367300107228E-4
<767,registrar2-0,roster2-5,read> 1.0730081441655811E-4
<768,fac5-4,gradebook5-8,addScore> 1.2382568194239764E-4
<769,admissions4-1,application4-1,read> 1.407921688178375E-4
<770,registrar2-1,roster1-1,read> 2.1499080778865563E-4
<771,admissions2-0,application2-0,read> 5.034289159485661E-5
<772,admissions0-1,stu4-11application4-11,setStatus> 2.33203972291431E-4
<773,admissions2-1,stu4-3application4-3,setStatus> 2.106439850346468E-4
<774,admissions0-1,application3-3,setStatus> 1.6351397986697424E-4
<775,registrar4-0,roster0-3,read> 2.2998480482860564E-4
<776,stu1-6,stu1-6application1-6,checkStatus> 3.0500207411435123E-4
<777,admissions0-1,application3-2,setStatus> 1.641714326256955E-4
<778,stu2-4,transcript2-4,read> 9.654883578931814E-4
<779,registrar2-1,transcript1-3,read> 3.272987701047882E-4
<780,stu0-14,stu0-14application0-14,checkStatus> 0.0014117310464142486
<781,admissions4-1,stu3-16application3-16,read> 3.471559298927666E-5
<782,registrar4-0,transcript1-12,read> 5.1009305107410385E-5
<783,admissions0-1,application3-0,setStatus> 1.6154162159081034E-4
<784,registrar0-1,roster1-2,write> 1.488670823386972E-4
<785,admissions2-0,stu5-2application5-2,read> 1.3955090396253764E-4
<786,registrar4-1,transcript4-17,read> 4.423874810103931E-4
<787,registrar2-1,roster1-6,read> 2.117904484232174E-4
<788,admissions2-0,stu5-19application5-19,read> 3.0736735030531115E-5
<789,admissions0-1,application3-4,setStatus> 1.6285652710825292E-4
<790,registrar2-1,roster0-2,write> 1.4821058182517958E-4
<791,admissions2-0,stu3-3application3-3,setStatus> 2.0703897101130177E-4
<792,admissions0-0,stu0-16application0-16,setStatus> 1.5747235364573674E-4
<793,stu1-15,transcript1-15,read> 1.7706473843664806E-4
<794,admissions2-0,stu2-15application2-15,read> 3.4657966343396216E-5
<795,stu0-17,transcript0-17,read> 0.0015853182474030343
<796,registrar0-1,transcript2-14,read> 3.37870717179586E-4
<797,admissions4-1,stu4-2application4-2,setStatus> 1.0622843178876498E-4
<798,admissions4-1,stu3-13application3-13,setStatus> 1.3452457344171017E-4
<799,stu0-18,stu0-18application0-18,checkStatus> 0.0023560595716918776
<800,admissions2-1,stu2-15application2-15,read> 3.3546688865451654E-5
<801,chair4,transcript4-19,read> 0.0021036094679542277
<802,stu1-8,stu1-8application1-8,checkStatus> 0.0015380425052093454
<803,registrar4-0,roster1-9,read> 2.490964852298616E-4
<804,fac5-3,roster5-6,read> 0.0015980144010428947
<805,registrar4-0,transcript2-0,read> 2.791328705828925E-4
<806,registrar2-1,roster1-9,read> 2.1899125699545335E-4
<807,admissions0-1,stu4-3application4-3,setStatus> 2.5687227160539746E-4
<808,registrar4-1,transcript4-3,read> 2.4952210599203824E-4
<809,stu3-1,transcript3-1,read> 3.555757466154858E-4
<810,fac2-4,roster2-9,read> 0.0019666856718135706
<811,stu2-3,stu2-3application2-3,checkStatus> 7.681440896963734E-4
<812,admissions4-0,stu2-7application2-7,read> 9.126124812328077E-5
<813,admissions0-1,stu5-0application5-0,setStatus> 1.6022671607336778E-4
<814,fac2-2,gradebook2-4,assignGrade> 8.045098087033271E-4
<815,registrar0-1,roster3-6,write> 9.325914496704376E-5
<816,stu1-13,gradebook1-7,addScore> 8.758982636929547E-5
<817,admissions2-1,stu5-15application5-15,read> 3.829106442685907E-5
<818,admissions4-0,stu3-0application3-0,read> 7.396834299728127E-5
<819,stu5-9,gradebook5-6,readMyScores> 4.7308349947470655E-5
<820,admissions4-0,stu1-0application1-0,read> 1.8217252078567823E-4
<821,admissions4-1,stu1-4application1-4,setStatus> 2.1997892123360458E-4
<822,registrar2-1,transcript2-19,read> 3.65099349889648E-4
<823,admissions4-0,stu2-19application2-19,read> 1.1448314929248012E-4
<824,registrar4-0,transcript1-8,read> 3.639327300004801E-4
<825,admissions2-1,stu0-6application0-6,read> 5.2524191111081334E-5
<826,registrar4-1,roster4-7,write> 9.592826145051496E-5
<827,admissions0-1,stu1-16application1-16,read> 1.2827122473571943E-4
<828,admissions0-0,stu4-13application4-13,read> 2.0765790492630686E-4
<829,chair2,transcript2-1,read> 0.0011112010472127262
<830,stu0-14,gradebook0-5,readMyScores> 2.1620965396752864E-5
<831,admissions2-1,stu0-16application0-16,setStatus> 1.2869567988306403E-4
<832,admissions2-0,stu1-6application1-6,read> 2.485488806123347E-5
<833,admissions0-0,stu3-12application3-12,read> 8.168441991102368E-5
<834,chair4,transcript4-11,read> 0.001960197846459791
<835,registrar4-0,transcript1-0,read> 3.173525255316644E-4
<836,stu2-1,gradebook2-5,readMyScores> 2.47131092709505E-4
<837,stu2-7,gradebook2-4,addScore> 9.42039136616128E-4
<838,admissions4-1,stu2-7application2-7,read> 9.198698369483767E-5
<839,chair5,transcript5-0,read> 0.0016733746034709178
<840,admissions4-0,stu1-0application1-0,setStatus> 2.0701422816554345E-4
<841,admissions2-0,stu2-13application2-13,setStatus> 1.1290713977917087E-4
<842,fac3-1,gradebook3-3,changeScore> 5.109127047190399E-4
<843,admissions2-0,stu2-17application2-17,read> 1.0474997606085986E-4
<844,admissions0-1,stu5-17application5-17,read> 1.456279775659615E-4
<845,registrar2-1,transcript4-10,read> 3.556492049434331E-4
<846,admissions2-0,stu0-6application0-6,read> 5.426412290772172E-5
<847,registrar2-0,transcript3-10,read> 3.7184316175187774E-4
<848,admissions0-1,stu3-3application3-3,setStatus> 2.4438066918969285E-4
<849,admissions2-0,stu1-9application1-9,setStatus> 1.6916344128476392E-4
<850,registrar2-1,roster0-2,read> 2.0378955000962192E-4
<851,admissions4-1,stu3-0application3-0,read> 7.455656043662347E-5
<852,chair2,transcript2-8,read> 0.001093991652633394
<853,fac5-3,gradebook5-6,changeScore> 5.516886355469727E-4
<854,registrar4-1,roster5-9,write> 1.0937222217934626E-4
<855,fac2-1,roster2-2,read> 0.0014084120332179756
<856,stu1-13,gradebook1-9,readMyScores> 4.487113269342705E-5
<857,stu5-15,stu5-15application5-15,checkStatus> 4.85447015250204E-4
<858,stu2-0,gradebook2-8,readMyScores> 1.5599080620509737E-4
<859,registrar4-1,transcript2-16,read> 4.1327572629064146E-4
<860,fac3-1,gradebook3-2,assignGrade> 1.803884184798646E-4
<861,chair0,transcript0-10,read> 0.001862677943843574
<862,admissions0-0,stu1-2application1-2,setStatus> 2.0628905814474677E-4
<863,registrar4-1,roster5-8,write> 1.0601123199713842E-4
<864,registrar0-0,transcript1-1,read> 2.658466357566463E-4
<865,registrar4-1,roster5-7,write> 1.0735562807002155E-4
<866,stu1-0,stu1-0application1-0,checkStatus> 0.002217718450154391
<867,registrar4-0,transcript5-6,read> 3.555721804804363E-4
<868,admissions2-0,stu2-19application2-19,setStatus> 1.2905993922137084E-4
<869,admissions0-0,stu1-16application1-16,read> 1.2870678067709708E-4
<870,chair5,transcript5-7,read> 0.001702056927769805
<871,registrar4-0,transcript1-2,read> 3.7109891530337486E-4
<872,stu0-16,stu0-16application0-16,checkStatus> 0.0014357903718990289
<873,app4-2,application4-2,checkStatus> 0.0016884132894892227
<874,admissions2-0,application0-1,read> 5.965581596291123E-5
<875,stu4-17,transcript4-17,read> 0.0018084570076265817
<876,registrar4-1,roster5-2,write> 1.194551927259697E-4
<877,registrar2-1,transcript4-15,read> 3.797995753615381E-4
<878,stu3-9,gradebook3-6,readMyScores> 4.910536210935865E-5
<879,registrar4-1,roster5-1,write> 1.1878299468952815E-4
<880,registrar4-1,roster5-6,write> 1.0197804377848904E-4
<881,fac2-0,gradebook2-1,addScore> 0.001507071467730439
<882,stu4-4,gradebook4-4,addScore> 5.016290441678415E-4
<883,registrar2-0,roster1-6,read> 2.1085124466080842E-4
<884,registrar4-0,transcript2-10,read> 3.9618056386350633E-4
<885,registrar0-0,transcript4-0,read> 2.114087719644811E-4
<886,registrar4-1,roster5-5,write> 1.0332243985137217E-4
<887,registrar4-1,roster5-4,write> 9.928925163272279E-5
<888,fac2-2,gradebook2-5,changeScore> 0.0022468023313938967
<889,admissions0-1,stu3-12application3-12,read> 8.14079920940659E-5
<890,registrar4-1,roster5-3,write> 9.996144966916436E-5
<891,stu2-6,gradebook2-9,addScore> 4.8021229998014385E-4
<892,admissions2-1,stu2-17application2-17,read> 1.0139125939357778E-4
<893,admissions4-0,stu4-2application4-2,setStatus> 1.0539033765236446E-4
<894,admissions0-0,stu4-8application4-8,setStatus> 1.0931533434265928E-4
<895,registrar0-1,roster1-8,read> 2.085152839100098E-4
<896,admissions4-0,stu0-11application0-11,read> 1.6586778166687865E-4
<897,registrar4-0,roster5-2,write> 1.1762094792403542E-4
<898,admissions2-1,stu1-8application1-8,setStatus> 1.3786095085396472E-4
<899,registrar4-0,roster5-4,write> 9.776465659805526E-5
<900,admissions2-1,stu2-18application2-18,setStatus> 1.6266109583404898E-4
<901,registrar4-0,roster5-5,write> 1.0173591486325129E-4
<902,stu2-2,gradebook2-8,readMyScores> 1.5793663746753098E-4
<903,stu0-6,stu0-6application0-6,checkStatus> 6.658919563860568E-4
<904,registrar4-0,roster5-1,write> 1.1695907154650276E-4
<905,registrar4-0,roster5-6,write> 1.0041216210818594E-4
<906,admissions0-0,stu2-7application2-7,read> 1.0722743069753269E-4
<907,registrar4-0,roster5-7,write> 1.0570717312844732E-4
<908,registrar4-0,roster5-8,write> 1.0438342037338198E-4
<909,registrar0-0,transcript0-19,read> 3.2028449954881155E-4
<910,fac2-1,gradebook2-2,readScore> 5.537390837373051E-4
<911,admissions0-1,stu3-4application3-4,setStatus> 6.489606605878069E-5
<912,registrar0-1,roster5-8,write> 8.769835122987843E-5
<913,fac4-1,roster4-3,read> 0.0019140183474177595
<914,registrar0-0,transcript2-13,read> 3.374223455574561E-4
<915,registrar4-0,roster5-9,write> 1.0769280226104533E-4
<916,stu2-1,gradebook2-7,addScore> 4.8681661174516114E-4
<917,registrar4-0,roster2-3,read> 1.1895504249749974E-4
<918,registrar4-0,roster1-8,read> 2.481864052107541E-4
<919,admissions0-1,stu1-3application1-3,setStatus> 1.8192265711117035E-4
<920,admissions0-1,stu2-13application2-13,read> 1.1727861460989948E-4
<921,admissions2-1,stu1-6application1-6,read> 2.4057937742636804E-5
<922,fac1-0,gradebook1-1,changeScore> 8.778960821704358E-4
<923,admissions2-0,stu0-16application0-16,setStatus> 1.3295889081086742E-4
<924,stu0-10,transcript0-10,read> 0.0016101114429834286
<925,admissions2-0,stu5-19application5-19,setStatus> 3.492810798923991E-5
<926,fac1-1,roster1-3,read> 0.002767229002629896
<927,admissions2-1,stu1-18application1-18,read> 1.0613563495498521E-4
<928,admissions2-1,application1-2,read> 2.0736874849651607E-5
<929,stu3-5,stu3-5application3-5,checkStatus> 0.0013094789131039316
<930,registrar4-0,transcript3-19,read> 4.0931857025214676E-4
<931,admissions4-1,stu0-12application0-12,setStatus> 5.69931453126404E-5
<932,admissions0-0,stu2-13application2-13,read> 1.1767684420110456E-4
<933,chair1,transcript1-6,read> 0.00175942157636758
<934,admissions4-0,stu3-19application3-19,setStatus> 1.6995800289554448E-4
<935,admissions2-0,application5-4,setStatus> 2.137228880218673E-4
<936,fac1-1,gradebook1-2,addScore> 2.3746690222171187E-4
<937,stu0-9,stu0-9application0-9,checkStatus> 0.0013154937444751268
<938,stu0-0,stu0-0application0-0,checkStatus> 0.001453834866012614
<939,admissions4-1,stu5-10application5-10,setStatus> 2.030012362418375E-4
<940,admissions2-1,stu5-19application5-19,setStatus> 3.380816865491559E-5
<941,admissions4-1,stu4-17application4-17,read> 8.650885067082749E-5
<942,admissions4-0,stu0-12application0-12,setStatus> 5.6543495251002206E-5
<943,admissions2-0,stu5-3application5-3,setStatus> 1.619225311899846E-4
<944,fac1-0,gradebook1-1,addScore> 6.126871415961557E-4
<945,admissions2-1,stu3-3application3-3,setStatus> 2.004004468906989E-4
<946,registrar2-1,transcript5-7,read> 3.1154852852776315E-4
<947,admissions4-0,stu4-17application4-17,read> 8.582633508368091E-5
<948,stu2-15,transcript2-15,read> 0.0016745737514924535
<949,admissions0-1,stu5-11application5-11,setStatus> 1.3984568055300776E-4
<950,chair5,transcript5-1,read> 0.0016561652088915855
<951,app2-3,application2-3,checkStatus> 6.839364504996422E-4
<952,fac4-3,gradebook4-6,changeScore> 0.0013322564542531164
<953,admissions0-1,stu2-1application2-1,setStatus> 1.4773511365766324E-4
<954,fac2-1,gradebook2-2,assignGrade> 7.691429299239975E-4
<955,admissions2-0,stu0-1application0-1,setStatus> 1.7104329294398546E-5
<956,registrar2-1,roster0-6,read> 2.077899992164197E-4
<957,registrar2-1,roster1-8,write> 1.5868448520297732E-4
<958,stu5-19,stu5-19application5-19,checkStatus> 3.771800505686923E-4
<959,admissions4-1,application3-2,setStatus> 1.4131564743841702E-4
<960,admissions4-0,stu3-18application3-18,read> 1.55986121594879E-4
<961,stu5-2,gradebook5-1,readScore> 6.140188675758106E-5
<962,admissions2-1,stu3-5application3-5,setStatus> 1.1737387456606904E-4
<963,registrar0-0,transcript2-19,read> 3.5052775721112545E-4
<964,registrar4-1,roster3-9,read> 1.5778098389745827E-4
<965,stu0-7,gradebook0-2,addScore> 1.5183282316393108E-4
<966,stu2-3,transcript2-3,read> 9.704469970092601E-4
<967,registrar0-1,transcript2-13,read> 3.3586381278351865E-4
<968,registrar2-1,roster2-1,write> 8.420339451641564E-5
<969,admissions4-1,stu2-6application2-6,read> 1.3929813253856201E-4
<970,stu4-8,transcript4-8,read> 0.001000198831705733
<971,registrar4-0,roster4-2,write> 1.1960657705663347E-4
<972,chair2,transcript2-17,read> 0.0019716707761793456
<973,registrar2-1,roster2-3,write> 7.605702522257294E-5
<974,registrar2-1,roster2-2,write> 7.780267578553922E-5
<975,registrar2-1,roster2-5,write> 7.838455930652799E-5
<976,admissions4-1,stu3-18application3-18,read> 1.5722656788986808E-4
<977,admissions2-1,stu0-3application0-3,setStatus> 8.448672578813123E-5
<978,registrar2-1,transcript3-17,read> 3.6404933378451313E-4
<979,registrar2-1,roster1-5,read> 2.133906281059365E-4
<980,admissions2-0,stu0-5application0-5,read> 1.5817675269864684E-4
<981,registrar0-0,roster5-9,write> 9.089860307803633E-5
<982,registrar2-1,roster2-4,write> 7.896644282751676E-5
<983,registrar0-0,transcript4-3,read> 2.073763376095059E-4
<984,chair2,transcript2-12,read> 0.0019143061275815713
<985,admissions0-0,stu3-18application3-18,setStatus> 2.082681137325445E-4
<986,admissions0-0,application3-1,read> 1.4205880904277228E-4
<987,admissions4-1,stu1-9application1-9,read> 1.5125042277276603E-4
<988,registrar2-1,roster2-7,write> 1.0689685183497737E-4
<989,registrar2-0,transcript3-16,read> 3.6452564375090375E-4
<990,registrar2-1,roster2-6,write> 1.0631496831398863E-4
<991,registrar2-1,roster2-9,write> 1.0864250239794369E-4
<992,registrar2-1,roster0-7,read> 2.0698990937506012E-4
<993,registrar2-1,roster2-8,write> 1.0806061887695491E-4
<994,admissions4-0,application5-2,read> 1.871133508216781E-4
<995,stu1-9,transcript1-9,read> 0.001515897299777931
<996,registrar0-1,roster0-8,write> 1.5331571732842946E-4
<997,fac1-4,gradebook1-9,readScore> 1.98766931331378E-4
<998,fac2-0,gradebook2-1,readScore> 5.55236856532267E-4
<999,admissions0-1,application5-0,read> 2.1736922259762867E-4
<1000,admissions4-0,stu4-4application4-4,read> 1.3572871844727953E-4
<1001,fac1-2,gradebook1-4,changeScore> 8.079944864654078E-4
<1002,chair2,transcript2-4,read> 0.001116937512072504
<1003,registrar4-0,transcript5-9,read> 3.567665446975854E-4
<1004,admissions4-0,stu0-2application0-2,setStatus> 9.381026725548981E-6
<1005,stu0-8,gradebook0-7,addScore> 9.24306532581602E-5
<1006,admissions2-1,stu4-9application4-9,setStatus> 1.292348134695876E-4
<1007,admissions0-0,application4-1,read> 1.6411868199475732E-4
<1008,admissions0-0,stu4-10application4-10,setStatus> 3.87290183778745E-5
<1009,admissions2-1,stu0-18application0-18,read> 1.8584114438662986E-4
<1010,fac2-3,gradebook2-6,assignGrade> 8.003489994351706E-4
<1011,fac4-2,gradebook4-5,assignGrade> 4.716450672508138E-4
<1012,stu3-3,stu3-3application3-3,checkStatus> 0.002235762944267976
<1013,registrar0-1,roster3-6,read> 1.2823132432968518E-4
<1014,registrar2-0,roster4-2,read> 1.4394173588760055E-4
<1015,admissions4-1,stu0-2application0-2,setStatus> 9.45562733569251E-6
<1016,registrar4-0,roster2-6,write> 1.2093032981169881E-4
<1017,fac4-2,gradebook4-5,readScore> 2.1319922394145066E-4
<1018,admissions4-1,stu5-14application5-14,setStatus> 3.661992332251988E-5
<1019,admissions2-1,stu0-8application0-8,read> 1.3744851366027418E-4
<1020,registrar2-0,roster0-9,write> 1.6087730013471526E-4
<1021,registrar0-1,transcript2-17,read> 3.4489488256582164E-4
<1022,stu0-9,gradebook0-4,addScore> 1.5735771204170224E-4
<1023,admissions2-1,stu3-17application3-17,read> 1.3460188832342974E-4
<1024,admissions0-0,stu5-17application5-17,setStatus> 1.660482611928601E-4
<1025,registrar4-1,roster1-1,write> 1.806252140421521E-4
<1026,admissions2-1,stu0-1application0-1,setStatus> 1.655589388616132E-5
<1027,admissions2-0,stu0-4application0-4,setStatus> 1.413137870740743E-4
<1028,admissions4-1,stu0-18application0-18,read> 1.950754869648475E-4
<1029,admissions4-1,stu2-16application2-16,setStatus> 1.1584911995076637E-4
<1030,stu5-4,transcript5-4,read> 0.0014663109086171429
<1031,registrar2-0,transcript4-0,read> 2.1922064344584758E-4
<1032,admissions0-1,stu5-3application5-3,read> 1.681917562452762E-4
<1033,stu3-13,stu3-13application3-13,checkStatus> 0.0014297755405278335
<1034,admissions2-0,stu4-9application4-9,setStatus> 1.335158838950812E-4
<1035,admissions4-0,stu5-14application5-14,setStatus> 3.633100874009368E-5
<1036,admissions4-1,application2-4,read> 5.762414927150107E-5
<1037,registrar2-1,transcript0-12,read> 3.4724907610235315E-4
<1038,admissions4-1,application2-3,read> 5.66281250853174E-5
<1039,admissions2-1,stu0-4application0-4,setStatus> 1.3678268368091758E-4
<1040,admissions4-0,stu3-15application3-15,setStatus> 1.5816738576418117E-4
<1041,fac5-4,roster5-9,read> 0.0017138825147136785
<1042,admissions2-0,stu3-17application3-17,read> 1.390607500484295E-4
<1043,stu5-9,gradebook5-5,addScore> 2.0611417091583267E-4
<1044,fac3-3,gradebook3-6,changeScore> 4.8178703984194497E-4
<1045,registrar0-1,transcript4-12,read> 3.6195356993239396E-4
<1046,registrar0-1,transcript0-14,read> 3.2883964739728296E-4
<1047,admissions4-1,stu0-15application0-15,read> 1.1738560044252125E-4
<1048,admissions4-1,stu1-0application1-0,setStatus> 2.086604645724265E-4
<1049,registrar2-0,transcript0-12,read> 3.457091688912562E-4
<1050,chair3,transcript3-13,read> 0.0020175624950575653
<1051,registrar2-1,roster4-8,write> 7.66389087435617E-5
<1052,chair3,transcript3-14,read> 0.0020118260301977883
<1053,admissions0-1,stu5-11application5-11,read> 1.2306419888664683E-4
<1054,stu2-1,transcript2-1,read> 9.605297187771024E-4
<1055,admissions0-0,stu3-7application3-7,read> 1.6702129685686065E-4
<1056,admissions0-0,stu4-11application4-11,read> 2.0591633600904486E-4
<1057,admissions0-1,stu0-14application0-14,setStatus> 1.5430964124487617E-4
<1058,admissions2-0,stu4-17application4-17,setStatus> 9.675434033697087E-5
<1059,stu4-15,transcript4-15,read> 0.0017935810902783454
<1060,admissions2-0,stu1-11application1-11,read> 1.5425552138578175E-4
<1061,registrar4-0,roster1-3,write> 1.7388044001431267E-4
<1062,chair2,transcript2-3,read> 0.0011226739769322812
<1063,admissions4-1,application2-1,read> 5.164800415439905E-5
<1064,admissions2-0,stu5-2application5-2,setStatus> 1.5858057268470187E-4
<1065,admissions4-0,application3-1,read> 1.2090622833927995E-4
<1066,registrar0-0,roster0-6,write> 1.450886025570808E-4
<1067,fac4-4,gradebook4-9,assignGrade> 4.092329282284675E-4
<1068,admissions4-1,stu1-8application1-8,setStatus> 1.447111844367704E-4
<1069,registrar4-1,roster4-4,read> 1.2912854259413661E-4
<1070,admissions2-1,stu2-12application2-12,setStatus> 5.699091287542912E-5
<1071,admissions4-0,stu2-13application2-13,setStatus> 1.138122070319097E-4
<1072,admissions4-1,application2-2,read> 5.2146016247490886E-5
<1073,admissions4-1,application2-0,read> 5.1149992061307216E-5
<1074,admissions4-0,application2-3,read> 5.618135486768176E-5
<1075,admissions4-0,application2-4,read> 5.716952087488173E-5
<1076,stu2-9,gradebook2-7,addScore> 4.6874919110307273E-4
<1077,admissions0-1,stu1-2application1-2,setStatus> 2.055909564251368E-4
<1078,admissions0-1,stu5-18application5-18,read> 1.3174257530176785E-4
<1079,admissions0-1,stu0-10application0-10,read> 2.25469040585075E-4
<1080,chair2,transcript2-5,read> 0.0010882551877736163
<1081,admissions2-1,stu2-6application2-6,read> 1.327041380988668E-4
<1082,registrar0-0,transcript1-6,read> 3.091953050726297E-4
<1083,registrar2-0,transcript4-11,read> 3.572081257499297E-4
<1084,registrar2-1,roster3-5,write> 9.70048319781684E-5
<1085,registrar2-1,transcript4-17,read> 3.8294962367694304E-4
<1086,admissions0-0,stu4-1application4-1,read> 2.1056051978841014E-4
<1087,admissions4-0,stu1-19application1-19,read> 4.382927977768211E-5
<1088,stu4-7,gradebook4-7,readScore> 1.2724857044526177E-4
<1089,registrar0-1,transcript2-16,read> 3.4188452597172064E-4
<1090,registrar4-1,transcript3-9,read> 8.21295163534661E-5
<1091,stu4-5,stu4-5application4-5,checkStatus> 9.305445367186408E-4
<1092,chair4,transcript4-13,read> 0.002063454213935785
<1093,admissions4-0,stu0-15application0-15,read> 1.1645948130688007E-4
<1094,stu0-10,stu0-10application0-10,checkStatus> 0.0023440299089494882
<1095,registrar4-1,transcript5-4,read> 3.5869118619110703E-4
<1096,registrar0-0,roster4-1,write> 1.003958194815802E-4
<1097,stu5-5,stu5-5application5-5,checkStatus> 0.0010568559955137378
<1098,registrar2-0,roster0-7,read> 2.0607199403415078E-4
<1099,registrar2-1,roster4-3,read> 1.4538299159037478E-4
<1100,stu0-3,gradebook0-1,addScore> 1.0149925457673236E-4
<1101,admissions0-1,stu3-7application3-7,read> 1.6645608096225198E-4
<1102,registrar4-0,roster0-6,read> 2.363553649623576E-4
<1103,admissions2-0,stu2-1application2-1,setStatus> 1.251609876318743E-4
<1104,admissions0-0,stu3-6application3-6,setStatus> 2.47189540292566E-4
<1105,admissions2-0,stu2-4application2-4,setStatus> 3.54851010734537E-5
<1106,admissions0-1,stu4-11application4-11,read> 2.0521949561645925E-4
<1107,admissions0-0,stu0-13application0-13,setStatus> 2.175037064756004E-4
<1108,admissions2-1,stu4-17application4-17,setStatus> 9.365199675903191E-5
<1109,admissions4-0,stu0-5application0-5,setStatus> 1.8118716206827148E-4
<1110,registrar4-0,transcript2-18,read> 4.129016629035941E-4
<1111,registrar2-0,transcript0-15,read> 3.4152773003355666E-4
<1112,admissions4-0,application2-0,read> 5.074644182808191E-5
<1113,stu5-6,stu5-6application5-6,checkStatus> 3.59135556455107E-4
<1114,admissions4-0,application2-1,read> 5.1240524831681895E-5
<1115,registrar0-1,roster2-2,read> 1.0223461360843718E-4
<1116,registrar0-1,roster2-1,read> 1.106453141358998E-4
<1117,admissions0-1,stu3-3application3-3,read> 2.150549888869297E-4
<1118,registrar0-1,roster2-6,read> 1.397004614125887E-4
<1119,admissions4-1,stu4-13application4-13,setStatus> 2.0243531340877863E-4
<1120,registrar0-1,roster2-5,read> 1.0299922274729743E-4
<1121,fac3-4,roster3-8,read> 0.0017876167688678135
<1122,stu5-17,stu5-17application5-17,checkStatus> 0.001513983179724565
<1123,app5-4,application5-4,checkStatus> 0.002307940920722317
<1124,registrar0-1,roster2-4,read> 1.0376383188615769E-4
<1125,registrar0-1,roster2-3,read> 9.994078619185651E-5
<1126,chair3,transcript3-3,read> 4.228252640394306E-4
<1127,fac1-3,gradebook1-7,changeScore> 8.545955502687598E-4
<1128,admissions4-0,stu0-10application0-10,setStatus> 2.1880484529690679E-4
<1129,fac1-3,gradebook1-6,changeScore> 8.371201513425029E-4
<1130,registrar2-0,roster2-9,write> 1.081607174649151E-4
<1131,registrar4-1,transcript0-13,read> 3.987198489307656E-4
<1132,admissions2-1,stu2-1application2-1,setStatus> 1.2114780967173403E-4
<1133,registrar2-0,roster2-7,write> 1.0642280814613045E-4
<1134,registrar2-0,roster2-8,write> 1.0758141435865353E-4
<1135,registrar2-0,transcript4-5,read> 2.171299240169978E-4
<1136,admissions0-1,stu0-5application0-5,read> 1.8670562593086775E-4
<1137,registrar2-0,roster2-5,write> 7.8036955939315E-5
<1138,registrar4-0,transcript3-13,read> 4.200678482064888E-4
<1139,registrar2-1,transcript0-8,read> 1.1834556518292368E-4
<1140,registrar2-0,roster2-6,write> 1.0584350503986894E-4
<1141,admissions0-0,stu4-9application4-9,read> 1.3915619418066897E-4
<1142,registrar0-0,roster2-9,read> 1.4342135225094393E-4
<1143,registrar2-0,roster2-3,write> 7.571974351426884E-5
<1144,stu2-18,gradebook2-3,addScore> 8.00640719498758E-4
<1145,stu0-19,stu0-19application0-19,checkStatus> 0.0011891822856800298
<1146,registrar0-0,roster2-6,read> 1.403487234145033E-4
<1147,admissions2-1,stu0-5application0-5,read> 1.531049530129187E-4
<1148,admissions2-0,stu2-9application2-9,read> 1.748419857783235E-4
<1149,registrar2-0,roster2-4,write> 7.861625904557654E-5
<1150,registrar2-1,roster3-4,write> 9.40954143732246E-5
<1151,registrar0-0,roster2-7,read> 1.4111688062361341E-4
<1152,stu5-13,gradebook5-1,readMyScores> 7.49722415132245E-5
<1153,admissions0-1,application5-1,read> 2.1794778102530342E-4
<1154,registrar2-0,roster2-1,write> 8.382998700193041E-5
<1155,stu3-9,stu3-9application3-9,checkStatus> 9.846780190593968E-4
<1156,registrar4-1,roster0-8,read> 2.548295754087092E-4
<1157,admissions0-1,stu5-5application5-5,read> 1.016575370626816E-4
<1158,registrar2-0,roster2-2,write> 7.745765283305345E-5
<1159,fac4-4,gradebook4-9,readScore> 2.9462439020892794E-4
<1160,admissions4-1,stu3-15application3-15,setStatus> 1.594251780963019E-4
<1161,registrar0-0,roster2-1,read> 1.1115874946831697E-4
<1162,registrar4-1,transcript5-3,read> 3.550522168511381E-4
<1163,registrar0-0,roster2-3,read> 1.0040454854077465E-4
<1164,registrar4-1,roster0-2,read> 2.3541985710645903E-4
<1165,registrar0-0,roster2-2,read> 1.0270902016810512E-4
<1166,registrar0-0,roster2-5,read> 1.0347717737721529E-4
<1167,admissions0-0,stu2-1application2-1,setStatus> 1.4823676090268076E-4
<1168,registrar2-0,transcript4-10,read> 3.5407204660665504E-4
<1169,registrar0-0,roster2-4,read> 1.0424533458632549E-4
<1170,stu1-0,gradebook1-2,addScore> 3.8335100597566466E-4
<1171,fac1-4,gradebook1-9,changeScore> 7.73043688612894E-4
<1172,registrar2-1,transcript3-15,read> 3.671993820999181E-4
<1173,admissions0-1,stu3-13application3-13,read> 1.375281595785152E-4
<1174,fac1-4,gradebook1-8,changeScore> 7.555682896866371E-4
<1175,admissions2-1,stu2-5application2-5,read> 1.284342000936001E-4
<1176,registrar4-1,transcript2-2,read> 2.3375323885217275E-4
<1177,registrar0-0,transcript2-11,read> 3.354061283799685E-4
<1178,stu3-5,transcript3-5,read> 3.803689421958799E-4
<1179,admissions2-1,stu5-2application5-2,setStatus> 1.534958248631483E-4
<1180,admissions4-0,stu4-13application4-13,setStatus> 2.0083819062054366E-4
<1181,admissions0-0,stu5-5application5-5,read> 1.0200272394574672E-4
<1182,admissions2-0,application0-0,read> 6.161643161934378E-5
<1183,fac5-4,gradebook5-9,changeScore> 3.885849122352412E-4
<1184,registrar4-1,transcript3-10,read> 4.314705729904862E-4
<1185,registrar0-1,roster2-3,write> 7.268420813953201E-5
<1186,registrar4-0,transcript0-3,read> 1.2864297922210327E-4
<1187,app0-0,application0-0,checkStatus> 7.561144269539832E-4
<1188,admissions2-0,application0-4,setStatus> 6.834769304206747E-5
<1189,registrar2-0,roster2-6,read> 1.455348194298198E-4
<1190,app0-1,application0-1,checkStatus> 7.320551014692028E-4
<1191,fac1-0,gradebook1-1,assignGrade> 3.1353431506086994E-4
<1192,stu5-9,transcript5-9,read> 0.0014811868259653792
<1193,admissions0-1,stu0-2application0-2,setStatus> 1.0984939843634889E-5
<1194,admissions0-1,stu5-6application5-6,read> 3.454475945241232E-5
<1195,admissions2-1,stu3-18application3-18,setStatus> 1.70208966045379E-4
<1196,stu4-16,gradebook4-9,readMyScores> 5.6407796080962446E-5
<1197,admissions2-0,stu1-1application1-1,setStatus> 2.1873582577979146E-4
<1198,admissions2-0,stu2-5application2-5,read> 1.3268874916502372E-4
<1199,registrar4-0,transcript1-1,read> 3.1496379709736617E-4
<1200,admissions4-1,stu3-17application3-17,read> 1.4129018091092936E-4
<1201,admissions4-1,stu3-3application3-3,setStatus> 2.103582330716032E-4
<1202,admissions2-0,stu1-9application1-9,read> 1.4886382833059224E-4
<1203,stu0-3,transcript0-3,read> 5.340867547943236E-4
<1204,admissions0-1,stu4-4application4-4,read> 1.589348214024804E-4
<1205,admissions2-0,stu0-12application0-12,read> 4.936258376664034E-5
<1206,stu5-12,stu5-12application5-12,checkStatus> 0.0010388115014001525
<1207,stu5-3,transcript5-3,read> 0.0014514349912689063
<1208,stu2-16,gradebook2-8,readScore> 3.0587236418030196E-4
<1209,registrar4-0,roster3-5,read> 1.5171792318536702E-4
<1210,admissions4-0,stu1-5application1-5,read> 1.0608373823128035E-4
<1211,admissions0-1,stu4-0application4-0,read> 6.867970668522172E-5
<1212,registrar2-0,transcript2-10,read> 3.46754528605681E-4
<1213,admissions4-1,application4-2,read> 1.3979614463165385E-4
<1214,registrar4-1,transcript3-14,read> 4.2540562409053805E-4
<1215,admissions2-1,stu3-14application3-14,read> 1.104055729602519E-4
<1216,admissions2-0,stu0-0application0-0,setStatus> 1.3462987006350878E-4
<1217,stu4-17,gradebook4-5,readMyScores> 8.123446298968973E-5
<1218,admissions0-1,stu0-3application0-3,read> 9.066492693686164E-5
<1219,admissions2-0,application0-4,read> 6.014596987701937E-5
<1220,registrar0-1,transcript5-9,read> 2.997395336543066E-4
<1221,admissions2-0,application0-3,setStatus> 6.890468612628125E-5
<1222,registrar0-0,roster1-5,read> 2.0487392897975722E-4
<1223,admissions2-0,application0-2,setStatus> 6.723370687363989E-5
<1224,stu1-1,gradebook1-7,addScore> 1.9351240709495506E-4
<1225,registrar2-1,transcript4-13,read> 3.77699543151268E-4
<1226,chair4,transcript4-2,read> 0.0012144574146887206
<1227,admissions2-0,application0-2,read> 5.9165662048803095E-5
<1228,fac2-1,gradebook2-3,assignGrade> 8.065902133374052E-4
<1229,registrar4-0,roster0-6,write> 1.7189481088171463E-4
<1230,registrar0-1,transcript0-18,read> 3.1980857761498E-4
<1231,admissions2-0,application0-1,setStatus> 6.779069995785367E-5
<1232,registrar4-0,roster1-6,read> 2.409057650578947E-4
<1233,registrar4-0,transcript2-13,read> 3.9976365651495376E-4
<1234,stu2-6,transcript2-6,read> 9.357365231967085E-4
<1235,stu4-17,gradebook4-3,readMyScores> 7.7456996901354E-5
<1236,stu2-19,transcript2-19,read> 0.0017241601426532416
<1237,admissions2-0,application0-3,read> 6.0636123791127495E-5
<1238,stu2-17,transcript2-17,read> 0.0017043255861889262
<1239,admissions2-1,application0-0,read> 5.964075445319247E-5
<1240,registrar4-0,transcript2-17,read> 4.105129344692958E-4
<1241,admissions2-1,application0-2,read> 5.726856667248876E-5
<1242,admissions2-1,application0-1,read> 5.7743004228629504E-5
<1243,registrar0-0,transcript0-15,read> 3.293574768475057E-4
<1244,registrar0-1,roster2-9,read> 1.4275889796802965E-4
<1245,registrar2-0,transcript3-19,read> 3.582534854643546E-4
<1246,admissions0-0,stu5-6application5-6,read> 3.466205914495022E-5
<1247,admissions2-1,stu0-10application0-10,read> 1.8489226927434843E-4
<1248,stu4-15,gradebook4-7,readMyScores> 9.157275652312549E-5
<1249,registrar0-1,roster2-8,read> 1.4199428882916937E-4
<1250,chair0,transcript0-18,read> 0.0018282591546849095
<1251,registrar0-1,roster2-7,read> 1.404650705514489E-4
<1252,admissions4-0,stu5-11application5-11,read> 1.0509557222408038E-4
<1253,admissions4-0,stu3-7application3-7,setStatus> 1.6153613351599927E-4
<1254,admissions2-0,stu3-14application3-14,read> 1.1406290042891449E-4
<1255,stu3-8,gradebook3-3,addScore> 2.275692363368266E-4
<1256,admissions0-1,application0-0,read> 7.272961567894485E-5
<1257,stu4-16,gradebook4-6,readMyScores> 9.089283398390191E-5
<1258,admissions2-1,application0-0,setStatus> 6.777358460590054E-5
<1259,admissions4-0,stu0-14application0-14,setStatus> 1.3177886170827286E-4
<1260,admissions0-0,stu1-6application1-6,setStatus> 3.3451536810413966E-5
<1261,chair2,transcript2-10,read> 0.0019028331978620163
<1262,registrar0-1,transcript5-7,read> 2.9773262925823925E-4
<1263,chair2,transcript2-7,read> 0.0010997281174931713
<1264,admissions2-1,application0-2,setStatus> 6.507791667328269E-5
<1265,admissions2-1,application0-3,read> 5.869187934091099E-5
<1266,stu1-2,gradebook1-7,addScore> 1.9432719617746018E-4
<1267,stu5-8,transcript5-8,read> 0.001486145465081458
<1268,stu4-16,gradebook4-2,readMyScores> 4.95987644393959E-5
<1269,fac1-3,gradebook1-6,assignGrade> 2.9897148262232246E-4
<1270,admissions2-1,application0-1,setStatus> 6.561705025980626E-5
<1271,registrar2-0,roster1-5,read> 2.1244432820302766E-4
<1272,admissions2-1,application0-4,read> 5.821744178477025E-5
<1273,admissions0-0,stu4-1application4-1,setStatus> 2.3927331794137518E-4
<1274,admissions2-1,application0-4,setStatus> 6.615618384632984E-5
<1275,registrar2-0,transcript0-19,read> 3.3211949260373295E-4
<1276,fac4-4,gradebook4-8,assignGrade> 4.799666857871266E-4
<1277,admissions2-1,stu1-16application1-16,read> 1.0518675984270371E-4
<1278,fac0-1,gradebook0-3,addScore> 7.358606486953106E-5
<1279,registrar4-1,roster0-1,write> 1.6852564938620393E-4
<1280,admissions2-1,application0-3,setStatus> 6.669531743285341E-5
<1281,admissions4-1,stu4-14application4-14,setStatus> 1.7753470875418682E-4
<1282,admissions4-1,stu3-7application3-7,setStatus> 1.6282071509465535E-4
<1283,app3-3,application3-3,checkStatus> 0.00149593868561098
<1284,admissions2-1,stu2-11application2-11,read> 6.485956757074063E-5
<1285,admissions2-0,stu1-15application1-15,read> 1.3660998047788879E-4
<1286,registrar4-0,transcript2-2,read> 2.3016393767977855E-4
<1287,stu4-19,gradebook4-2,readMyScores> 5.1513774649411186E-5
<1288,admissions4-0,stu0-8application0-8,read> 1.431399635012793E-4
<1289,stu4-19,gradebook4-1,readMyScores> 6.023820985321243E-5
<1290,registrar2-1,transcript2-17,read> 3.60899285469108E-4
<1291,admissions4-0,stu4-12application4-12,setStatus> 1.828715359441805E-4
<1292,stu0-0,gradebook0-3,addScore> 1.6102042976985946E-4
<1293,stu4-19,gradebook4-8,readMyScores> 7.608793876027587E-5
<1294,stu4-19,gradebook4-9,readMyScores> 5.8585703265555595E-5
<1295,fac3-2,gradebook3-5,addScore> 3.68764143559533E-4
<1296,registrar0-1,transcript0-11,read> 3.248258386051483E-4
<1297,admissions4-1,stu1-15application1-15,read> 1.3880012044547015E-4
<1298,admissions4-0,stu1-7application1-7,read> 3.0489038680482475E-5
<1299,stu4-17,gradebook4-9,readMyScores> 5.6843377517881076E-5
<1300,stu1-17,gradebook1-3,addScore> 2.7357002898473513E-4
<1301,stu2-2,gradebook2-9,readMyScores> 4.532838756293307E-4
<1302,stu2-6,stu2-6application2-6,checkStatus> 0.0016823984581180278
<1303,stu1-17,stu1-17application1-17,checkStatus> 7.200254387268127E-4
<1304,admissions0-0,stu0-2application0-2,setStatus> 1.1022240148706655E-5
<1305,admissions2-1,stu0-12application0-12,read> 4.7779815549673914E-5
<1306,admissions4-1,stu2-9application2-9,setStatus> 2.0186939057571966E-4
<1307,admissions4-0,stu3-3application3-3,setStatus> 2.0869860204145247E-4
<1308,admissions2-0,stu2-11application2-11,read> 6.700812467453329E-5
<1309,stu4-18,gradebook4-4,readMyScores> 1.8022020611438967E-4
<1310,stu0-1,gradebook0-5,addScore> 8.69968340868867E-5
<1311,stu4-18,gradebook4-3,readMyScores> 7.923761751977593E-5
<1312,admissions2-1,stu2-12application2-12,read> 5.0152003330377624E-5
<1313,stu4-18,gradebook4-8,readMyScores> 7.55222291784151E-5
<1314,admissions0-0,stu3-10application3-10,setStatus> 6.709548180297492E-5
<1315,admissions0-1,application0-2,setStatus> 7.936002675064907E-5
<1316,admissions0-0,stu4-19application4-19,read> 7.355709829713444E-5
<1317,registrar2-1,roster4-4,read> 1.1177921825327376E-4
<1318,registrar2-1,roster4-5,read> 1.1017903857055466E-4
<1319,app0-3,application0-3,checkStatus> 7.440847642115931E-4
<1320,registrar2-1,roster4-6,read> 1.1657975730143103E-4
<1321,registrar2-1,roster4-1,read> 1.437828119076557E-4
<1322,registrar2-1,roster4-2,read> 1.4458290174901528E-4
<1323,registrar0-1,roster0-9,write> 1.5442787607586255E-4
<1324,registrar2-1,roster0-4,read> 2.0618981953370057E-4
<1325,registrar0-1,roster0-6,write> 1.4441844734896492E-4
<1326,registrar0-1,roster0-7,write> 1.438623679752484E-4
<1327,registrar0-1,roster0-4,write> 1.4330628860153186E-4
<1328,registrar0-0,transcript4-14,read> 3.6665749463102624E-4
<1329,stu1-7,gradebook1-1,readMyScores> 8.185544400757706E-5
<1330,registrar0-1,roster0-5,write> 1.4275020922781533E-4
<1331,admissions2-0,stu0-15application0-15,setStatus> 1.3128791155822602E-4
<1332,stu2-12,stu2-12application2-12,checkStatus> 6.358177995300814E-4
<1333,registrar0-1,roster0-2,write> 1.4163805048038225E-4
<1334,registrar0-1,transcript3-9,read> 6.794207590852954E-5
<1335,registrar0-1,transcript4-11,read> 3.4288797816975434E-4
<1336,registrar0-1,transcript2-11,read> 3.338569083874513E-4
<1337,fac2-2,gradebook2-5,readScore> 5.777034484566927E-4
<1338,registrar0-1,roster0-3,write> 1.405258917329492E-4
<1339,registrar0-0,roster0-5,read> 1.9719235688865557E-4
<1340,admissions4-1,stu1-7application1-7,read> 3.073149624454198E-5
<1341,admissions2-1,stu3-1application3-1,setStatus> 1.7344376756452042E-4
<1342,registrar4-0,transcript4-14,read> 4.344002188122782E-4
<1343,registrar0-1,roster0-1,write> 1.3941373298551613E-4
<1344,registrar0-1,transcript2-7,read> 1.9237014846470424E-4
<1345,admissions2-0,stu0-0application0-0,read> 1.1847428565588772E-4
<1346,admissions0-0,stu3-7application3-7,setStatus> 1.8979692824643257E-4
<1347,stu0-8,gradebook0-4,readMyScores> 3.775518860848967E-5
<1348,registrar2-0,roster4-7,read> 1.1367314858543506E-4
<1349,registrar2-0,roster4-6,read> 1.1606277389876392E-4
<1350,registrar2-0,roster4-9,read> 1.0252156378990042E-4
<1351,registrar2-0,roster4-8,read> 1.0491118910322926E-4
<1352,registrar2-0,roster4-4,read> 1.1128352327210623E-4
<1353,stu1-10,gradebook1-8,addScore> 2.2756710826676366E-4
<1354,registrar2-1,transcript3-16,read> 3.661493659947831E-4
<1355,admissions0-0,stu5-16application5-16,read> 1.5134717660150284E-4
<1356,registrar2-0,roster4-5,read> 1.09690439729887E-4
<1357,registrar2-0,roster4-3,read> 1.4473827765871015E-4
<1358,admissions0-1,stu3-10application3-10,setStatus> 6.686842433494455E-5
<1359,admissions0-1,stu4-10application4-10,setStatus> 3.859795570992908E-5
<1360,registrar2-0,roster4-1,read> 1.431451941164909E-4
<1361,admissions2-0,stu0-18application0-18,read> 1.919973727721083E-4
<1362,admissions2-1,stu0-15application0-15,setStatus> 1.270782791234933E-4
<1363,admissions4-1,stu1-17application1-17,read> 5.9616197643868414E-5
<1364,admissions0-1,stu3-7application3-7,setStatus> 1.8915463745710452E-4
<1365,admissions2-0,stu2-6application2-6,read> 1.3710013439199693E-4
<1366,admissions2-1,stu1-15application1-15,read> 1.3222970054272603E-4
<1367,admissions4-1,stu3-1application3-1,setStatus> 1.8206209141865802E-4
<1368,admissions4-1,application3-0,read> 1.2236572137343962E-4
<1369,admissions4-1,stu4-13application4-13,read> 1.7814307579972519E-4
<1370,admissions4-1,stu4-4application4-4,read> 1.368080720731028E-4
<1371,admissions0-0,stu3-9application3-9,read> 9.503644827669882E-5
<1372,registrar4-0,transcript3-6,read> 9.520078114192786E-5
<1373,registrar4-0,transcript4-2,read> 2.5285685780561184E-4
<1374,admissions0-0,stu5-18application5-18,read> 1.3218991851162104E-4
<1375,registrar4-0,transcript4-9,read> 2.4330194406841887E-4
<1376,registrar0-1,roster5-7,write> 8.881050997731149E-5
<1377,registrar4-0,transcript4-7,read> 2.397188514169715E-4
<1378,registrar2-1,transcript4-1,read> 2.2124714348615342E-4
<1379,registrar2-0,transcript0-17,read> 3.342102120325826E-4
<1380,admissions0-0,application5-4,setStatus> 2.5312670705595903E-4
<1381,admissions0-0,stu4-15application4-15,setStatus> 1.564003652023463E-5
<1382,registrar4-0,transcript1-5,read> 3.699045510862257E-4
<1383,registrar4-1,roster0-1,read> 2.317227679060304E-4
<1384,registrar4-0,transcript4-6,read> 2.4927376515416447E-4
<1385,registrar2-0,roster1-7,write> 1.5740148149714602E-4
<1386,registrar4-0,transcript4-5,read> 2.480794009370153E-4
<1387,admissions4-1,stu5-8application5-8,setStatus> 2.1658338423525118E-4
<1388,registrar4-0,transcript4-4,read> 2.468850367198662E-4
<1389,registrar0-0,transcript4-16,read> 3.6867371180851396E-4
<1390,chair5,transcript5-12,read> 1.7042081020922215E-4
<1391,registrar4-0,transcript4-3,read> 2.456906725027171E-4
<1392,admissions0-0,stu1-3application1-3,setStatus> 1.825403910911743E-4
<1393,admissions0-1,stu2-17application2-17,setStatus> 1.4050313331172905E-4
<1394,admissions0-0,stu1-0application1-0,setStatus> 2.4323142911697056E-4
<1395,registrar0-0,roster0-8,write> 1.540271591721809E-4
<1396,registrar0-0,transcript3-18,read> 3.475034314448941E-4
<1397,registrar0-0,roster0-9,write> 1.5514447874906843E-4
<1398,stu2-9,transcript2-9,read> 9.853229143574967E-4
<1399,admissions0-1,stu4-1application4-1,read> 2.0984796303785715E-4
<1400,admissions0-1,stu3-9application3-9,read> 9.471483593058479E-5
<1401,admissions0-0,stu4-4application4-4,read> 1.5947449821539204E-4
<1402,registrar4-1,transcript4-0,read> 2.543740651119969E-4
<1403,registrar0-1,transcript0-5,read> 1.120939726220109E-4
<1404,stu3-11,stu3-11application3-11,checkStatus> 0.0014839090228685897
<1405,registrar0-1,transcript0-2,read> 1.7531146109813191E-4
<1406,registrar4-1,transcript4-1,read> 2.555870548919865E-4
<1407,registrar4-1,transcript4-2,read> 2.5680004467197614E-4
<1408,registrar4-1,transcript0-15,read> 3.962938693707863E-4
<1409,registrar0-0,roster0-1,write> 1.4006066446108697E-4
<1410,admissions4-1,stu2-2application2-2,setStatus> 3.0394772158871935E-5
<1411,registrar4-0,transcript1-4,read> 3.6871018686907654E-4
<1412,registrar0-0,roster0-3,write> 1.4117798403797448E-4
<1413,registrar0-0,transcript4-18,read> 3.706899289860015E-4
<1414,registrar0-0,roster0-4,write> 1.4397128298019327E-4
<1415,registrar0-0,roster0-5,write> 1.4341262319174952E-4
<1416,stu2-16,stu2-16application2-16,checkStatus> 0.0012312861052783956
<1417,registrar4-1,transcript4-9,read> 2.470961264320589E-4
<1418,admissions2-1,stu0-0application0-0,read> 1.1467551096551856E-4
<1419,registrar4-1,transcript4-5,read> 2.519480855520175E-4
<1420,stu4-2,gradebook4-2,readMyScores> 9.78570217317811E-5
<1421,registrar4-1,transcript4-4,read> 2.5073509577202787E-4
<1422,admissions2-0,stu1-0application1-0,read> 1.8072383274762114E-4
<1423,registrar4-1,transcript4-7,read> 2.4345715709208997E-4
<1424,admissions0-1,stu4-15application4-15,setStatus> 1.5587109154683923E-5
<1425,registrar4-1,transcript4-6,read> 2.5316107533200724E-4
<1426,stu0-3,stu0-3application0-3,checkStatus> 9.425741994610311E-4
<1427,admissions0-1,stu2-7application2-7,setStatus> 1.2143700330881164E-4
<1428,admissions2-1,stu0-0application0-0,setStatus> 1.3031308064263475E-4
<1429,registrar4-1,transcript0-18,read> 3.865899511308691E-4
<1430,fac2-3,gradebook2-6,readScore> 5.762056756617309E-4
<1431,registrar4-1,transcript3-13,read> 4.266186138705276E-4
<1432,registrar4-1,roster1-6,read> 2.446625801075305E-4
<1433,stu4-5,gradebook4-2,addScore> 3.223525808096182E-4
<1434,registrar2-0,transcript5-3,read> 3.059854997431113E-4
<1435,registrar2-1,roster4-9,read> 1.0297822999831869E-4
<1436,registrar2-1,roster4-8,read> 1.0537849952239734E-4
<1437,registrar2-1,roster4-7,read> 1.1417948777735238E-4
<1438,admissions0-0,stu2-0application2-0,setStatus> 1.3174463100436656E-4
<1439,admissions0-1,stu1-15application1-15,setStatus> 1.832375626286129E-4
<1440,admissions4-0,stu2-16application2-16,read> 1.011429081952805E-4
<1441,admissions0-0,stu4-0application4-0,read> 6.891291451776915E-5
<1442,registrar0-0,roster4-7,read> 1.0962243505009663E-4
<1443,registrar2-1,transcript3-7,read> 8.264501760833376E-5
<1444,registrar2-1,transcript3-8,read> 7.214485655698377E-5
<1445,registrar2-1,transcript3-9,read> 7.109484045184878E-5
<1446,stu4-10,gradebook4-1,readMyScores> 5.7551003465708526E-5
<1447,stu2-0,transcript2-0,read> 0.0011588752834202555
<1448,chair4,transcript4-12,read> 0.002069190678795563
<1449,admissions0-0,stu0-1application0-1,setStatus> 2.0257832891762604E-5
<1450,admissions2-0,stu1-1application1-1,read> 1.9248752668621645E-4
<1451,registrar2-1,transcript3-4,read> 8.159500150319875E-5
<1452,registrar2-1,transcript3-5,read> 8.054498539806376E-5
<1453,chair3,transcript3-7,read> 4.515075883383179E-4
<1454,stu1-7,stu1-7application1-7,checkStatus> 3.711652191974972E-4
<1455,registrar0-0,roster3-7,write> 9.425056180869887E-5
<1456,registrar2-1,transcript3-6,read> 8.369503371346875E-5
<1457,fac3-3,gradebook3-7,readScore> 2.5980455217732015E-5
<1458,admissions2-0,stu3-11application3-11,setStatus> 1.3741483548457777E-4
<1459,fac3-3,gradebook3-6,readScore> 3.715054303490578E-5
<1460,registrar4-1,roster5-8,read> 1.4576544399606532E-4
<1461,admissions2-0,stu0-7application0-7,read> 1.0573028388907613E-4
<1462,registrar4-1,transcript3-11,read> 4.2904459343050694E-4
<1463,registrar4-1,roster5-9,read> 1.503868054966011E-4
<1464,admissions4-0,stu0-12application0-12,read> 4.975827582088194E-5
<1465,registrar0-0,transcript0-16,read> 3.233088253150429E-4
<1466,registrar4-1,transcript2-6,read> 2.2890127973221417E-4
<1467,registrar2-1,transcript3-2,read> 7.949496929292877E-5
<1468,registrar0-0,roster2-9,write> 1.0430643800068649E-4
<1469,registrar0-0,roster2-8,write> 1.0374777821224273E-4
<1470,registrar0-0,roster2-7,write> 1.0263045863535522E-4
<1471,admissions2-0,stu0-13application0-13,read> 1.616078300974038E-4
<1472,registrar0-0,roster2-6,write> 1.0207179884691148E-4
<1473,registrar0-0,roster2-5,write> 7.525612900161112E-5
<1474,admissions2-1,stu2-3application2-3,read> 6.058962956547396E-5
<1475,registrar2-1,transcript3-0,read> 7.634492097752378E-5
<1476,admissions2-1,stu3-11application3-11,read> 1.1704769874622229E-4
<1477,stu2-13,transcript2-13,read> 0.001659697834144217
<1478,registrar0-0,roster2-4,write> 7.581478879005491E-5
<1479,registrar4-1,transcript5-2,read> 3.5626520663112777E-4
<1480,admissions4-1,stu3-1application3-1,read> 1.6021464044841906E-4
<1481,registrar0-0,roster2-3,write> 7.302148984783611E-5
<1482,fac4-2,gradebook4-4,assignGrade> 4.695646626167355E-4
<1483,registrar4-0,transcript2-5,read> 2.2658084502833118E-4
<1484,registrar0-0,roster2-2,write> 7.469746921316736E-5
<1485,admissions4-1,stu5-19application5-19,read> 3.122950833763382E-5
<1486,registrar0-0,transcript3-16,read> 3.5153586579986934E-4
<1487,registrar2-1,transcript3-1,read> 7.529490487238877E-5
<1488,stu2-5,stu2-5application2-5,checkStatus> 0.0016282649757772718
<1489,registrar0-0,roster2-1,write> 8.08427268860487E-5
<1490,registrar0-0,transcript2-10,read> 3.3439801979122467E-4
<1491,admissions0-1,stu1-10application1-10,read> 1.2537843259734574E-4
<1492,admissions0-1,application3-3,read> 1.4389230228293733E-4
<1493,registrar2-0,transcript3-8,read> 7.18249237119417E-5
<1494,registrar2-0,transcript0-14,read> 3.4257308974798155E-4
<1495,stu4-11,gradebook4-2,readMyScores> 4.883276035538978E-5
<1496,registrar2-0,transcript3-9,read> 7.077956399751684E-5
<1497,admissions2-0,application4-3,setStatus> 1.5969455885312943E-4
<1498,stu4-11,gradebook4-1,readMyScores> 5.710313573445787E-5
<1499,registrar2-0,transcript3-6,read> 8.332388057061522E-5
<1500,registrar2-0,transcript3-7,read> 8.227852085619036E-5
<1501,registrar2-0,transcript3-4,read> 8.123316114176549E-5
<1502,fac3-4,gradebook3-9,readScore> 1.2837160996817724E-4
<1503,registrar2-0,transcript3-5,read> 8.018780142734063E-5
<1504,registrar4-0,transcript4-13,read> 4.296227619436817E-4
<1505,fac3-4,gradebook3-8,readScore> 2.7904519743576318E-5
<1506,registrar2-0,transcript3-2,read> 7.914244171291576E-5
<1507,registrar2-0,transcript3-3,read> 7.705172228406603E-5
<1508,admissions4-1,stu0-11application0-11,read> 1.6718680975170473E-4
<1509,registrar0-0,transcript1-8,read> 3.071790878951421E-4
<1510,admissions0-0,stu3-14application3-14,read> 1.3509253337372438E-4
<1511,stu5-11,gradebook5-9,addScore> 5.521752732795317E-5
<1512,registrar2-0,transcript3-1,read> 7.496100285521631E-5
<1513,registrar2-0,transcript3-0,read> 7.600636256964117E-5
<1514,stu4-10,gradebook4-5,readMyScores> 7.998949037682092E-5
<1515,stu4-10,gradebook4-2,readMyScores> 4.9215762397392846E-5
<1516,registrar2-0,roster5-3,read> 1.184523992120928E-4
<1517,admissions0-0,application4-3,setStatus> 1.8913724305049998E-4
<1518,registrar4-0,transcript3-14,read> 4.1887348398933976E-4
<1519,admissions2-1,stu3-7application3-7,setStatus> 1.55113225622719E-4
<1520,fac1-3,gradebook1-6,addScore> 1.450803922843556E-4
<1521,admissions2-1,stu3-4application3-4,read> 4.683094043739243E-5
<1522,admissions4-0,stu0-19application0-19,read> 9.768432717008059E-5
<1523,fac3-1,gradebook3-3,readScore> 4.752585796032248E-5
<1524,fac3-1,gradebook3-2,readScore> 4.778812250819661E-5
<1525,registrar4-0,roster5-5,read> 1.398868829369705E-4
<1526,registrar4-0,roster5-3,read> 1.353364828414334E-4
<1527,registrar4-0,transcript5-5,read> 3.5198908782898885E-4
<1528,registrar4-0,roster5-2,read> 1.617288033955487E-4
<1529,admissions0-1,application4-2,setStatus> 1.845524681460555E-4
<1530,registrar4-0,roster5-1,read> 1.6081872337644128E-4
<1531,admissions2-1,stu1-1application1-1,read> 1.8631558194277063E-4
<1532,admissions4-1,stu0-19application0-19,read> 9.846114090503153E-5
<1533,admissions4-1,stu1-13application1-13,read> 1.1987566090798046E-4
<1534,registrar4-0,roster5-7,read> 1.4534736305161507E-4
<1535,registrar4-0,roster5-8,read> 1.4352720301340024E-4
<1536,admissions4-1,stu2-17application2-17,read> 1.0642933439450089E-4
<1537,fac3-2,gradebook3-5,readScore> 1.358604739429858E-4
<1538,registrar4-0,roster5-9,read> 1.4807760310893732E-4
<1539,fac3-1,roster3-2,read> 0.0016717486551970297
<1540,fac3-2,gradebook3-4,readScore> 6.059077504301719E-5
<1541,registrar4-1,roster5-5,read> 1.4206835479563674E-4
<1542,registrar2-1,roster3-7,read> 1.3498182365270065E-4
<1543,registrar0-1,roster2-7,write> 1.021564149465083E-4
<1544,admissions0-0,application2-0,read> 5.962454695903859E-5
<1545,registrar4-1,roster5-4,read> 1.3652272099499383E-4
<1546,registrar0-1,roster2-6,write> 1.0160033557279179E-4
<1547,registrar4-1,roster5-7,read> 1.4761398859627962E-4
<1548,registrar0-1,roster2-9,write> 1.0382465306765792E-4
<1549,registrar4-1,roster5-6,read> 1.4021981019542244E-4
<1550,registrar0-1,roster2-8,write> 1.0326857369394137E-4
<1551,fac2-3,gradebook2-7,assignGrade> 7.941077855329361E-4
<1552,registrar2-1,roster5-6,read> 1.2138029634958832E-4
<1553,registrar4-1,roster5-1,read> 1.633266176981012E-4
<1554,stu3-6,transcript3-6,read> 3.952448595441164E-4
<1555,registrar4-1,transcript4-14,read> 4.411744912304034E-4
<1556,registrar4-1,transcript3-19,read> 4.157017058506208E-4
<1557,stu0-17,gradebook0-8,addScore> 7.49880331307417E-5
<1558,admissions4-1,stu4-3application4-3,setStatus> 2.211107668997224E-4
<1559,registrar0-1,roster5-8,read> 1.2058523294108284E-4
<1560,registrar4-1,roster5-3,read> 1.3744699329510098E-4
<1561,registrar4-1,roster5-2,read> 1.6425088999820833E-4
<1562,stu1-4,gradebook1-7,readMyScores> 1.3454550407176148E-4
<1563,registrar0-1,roster2-1,write> 8.046931937156349E-5
<1564,admissions4-0,stu5-19application5-19,read> 3.0983121684082466E-5
<1565,registrar0-1,roster2-2,write> 7.435244626068159E-5
<1566,admissions4-1,stu5-16application5-16,setStatus> 1.4754079860206494E-4
<1567,chair0,transcript0-11,read> 0.0018569414789837966
<1568,admissions0-0,stu3-3application3-3,setStatus> 2.4521048470476823E-4
<1569,registrar0-1,roster2-5,write> 7.490852563439813E-5
<1570,registrar2-0,roster3-3,write> 9.54160491271612E-5
<1571,registrar0-1,roster2-4,write> 7.546460500811469E-5
<1572,registrar0-0,transcript0-12,read> 3.3338991120248094E-4
<1573,admissions0-0,stu3-19application3-19,setStatus> 1.9969220618542107E-4
<1574,admissions2-0,stu2-3application2-3,read> 6.259673944756005E-5
<1575,admissions4-0,stu4-17application4-17,setStatus> 9.75299262314556E-5
<1576,registrar0-0,roster5-3,read> 1.1423137830475765E-4
<1577,stu1-5,gradebook1-1,readMyScores> 8.081269949792639E-5
<1578,admissions2-0,stu4-12application4-12,setStatus> 1.8141728913746735E-4
<1579,stu5-14,gradebook5-9,addScore> 5.4751556633202515E-5
<1580,stu5-6,transcript5-6,read> 0.0014762281868493004
<1581,admissions4-1,stu2-4application2-4,setStatus> 3.6054000489460974E-5
<1582,admissions0-0,stu2-14application2-14,setStatus> 7.17132781745029E-5
<1583,stu3-2,stu3-2application3-2,checkStatus> 5.997288113029108E-4
<1584,stu2-19,gradebook2-3,readMyScores> 1.3078369969680596E-4
<1585,admissions0-0,stu0-4application0-4,read> 1.472835157945582E-4
<1586,admissions2-0,stu2-10application2-10,read> 1.1896443956999586E-4
<1587,fac0-4,gradebook0-9,readScore> 7.894510773444056E-5
<1588,stu4-15,gradebook4-5,readMyScores> 8.247943560255855E-5
<1589,fac0-4,gradebook0-8,readScore> 1.8091551106197356E-5
<1590,stu4-15,gradebook4-3,readMyScores> 7.864407731363529E-5
<1591,admissions0-1,stu0-17application0-17,read> 2.1563354731460449E-4
<1592,admissions0-1,stu2-6application2-6,setStatus> 1.8389501538733423E-4
<1593,stu4-15,gradebook4-2,readMyScores> 5.0747770565405063E-5
<1594,admissions2-0,stu3-4application3-4,read> 4.838227593842406E-5
<1595,admissions4-1,stu4-17application4-17,setStatus> 9.830551212594033E-5
<1596,stu4-14,gradebook4-6,readMyScores> 9.229658431569962E-5
<1597,admissions2-0,stu1-10application1-10,read> 1.0622043780318427E-4
<1598,stu5-5,gradebook5-7,readScore> 4.3167768163132734E-5
<1599,stu5-15,gradebook5-9,addScore> 5.754738080170648E-5
<1600,admissions4-1,stu3-14application3-14,read> 1.1589156416324577E-4
<1601,admissions2-1,stu4-5application4-5,setStatus> 8.340845861508409E-5
<1602,admissions2-1,stu2-10application2-10,read> 1.151499485216593E-4
<1603,admissions4-0,stu2-8application2-8,setStatus> 2.2105067713145218E-4
<1604,fac1-2,gradebook1-4,readScore> 2.0775356810114826E-4
<1605,fac1-2,gradebook1-5,readScore> 2.1224688648603348E-4
<1606,admissions0-0,stu2-6application2-6,setStatus> 1.84519446678972E-4
<1607,stu4-11,gradebook4-3,readMyScores> 7.567637628293206E-5
<1608,stu4-11,gradebook4-8,readMyScores> 7.212797168725037E-5
<1609,registrar2-1,transcript1-4,read> 3.2414872178938316E-4
<1610,chair1,transcript1-13,read> 2.1631252908744188E-4
<1611,fac5-2,roster5-5,read> 0.0016190813308012192
<1612,registrar4-0,transcript2-6,read> 2.2538648081118207E-4
<1613,admissions4-0,stu4-14application4-14,setStatus> 1.761340404405443E-4
<1614,fac1-1,gradebook1-2,readScore> 8.74878060816833E-5
<1615,admissions0-0,application0-1,setStatus> 8.028918572162629E-5
<1616,stu2-2,transcript2-2,read> 9.555710796610238E-4
<1617,admissions0-1,stu3-19application3-19,setStatus> 1.990164288379239E-4
<1618,stu0-2,transcript0-2,read> 8.663155755716048E-4
<1619,registrar2-0,transcript2-15,read> 3.5302668689223026E-4
<1620,stu4-13,gradebook4-3,readMyScores> 7.448929587065077E-5
<1621,stu4-13,gradebook4-1,readMyScores> 5.620740027195657E-5
<1622,admissions0-0,stu4-8application4-8,read> 9.619749422154016E-5
<1623,stu4-13,gradebook4-2,readMyScores> 4.806675627138367E-5
<1624,stu4-12,gradebook4-7,readMyScores> 8.742606566170093E-5
<1625,admissions2-1,stu5-19application5-19,read> 2.9751188416325714E-5
<1626,stu2-9,gradebook2-7,readScore> 1.7269707040639518E-4
<1627,stu4-12,gradebook4-8,readMyScores> 7.156226210538957E-5
<1628,admissions0-1,stu5-2application5-2,read> 1.647204056792278E-4
<1629,admissions4-1,stu0-12application0-12,read> 5.0153967875123546E-5
<1630,admissions0-1,stu2-14application2-14,setStatus> 7.14705936459936E-5
<1631,admissions2-0,stu3-8application3-8,setStatus> 1.7640435137954323E-4
<1632,admissions4-0,stu2-4application2-4,setStatus> 3.576955078145733E-5
<1633,admissions4-1,stu5-0application5-0,setStatus> 1.3792011044006357E-4
<1634,admissions4-0,stu1-2application1-2,read> 1.54503872584079E-4
<1635,admissions4-0,stu5-0application5-0,setStatus> 1.3683198333599997E-4
<1636,admissions0-0,stu3-9application3-9,setStatus> 1.0799596395079413E-4
<1637,registrar4-0,roster4-1,write> 1.1894470067910076E-4
<1638,registrar4-0,roster4-4,write> 9.246964557779389E-5
<1639,chair1,transcript1-5,read> 0.0017766309709469122
<1640,registrar4-0,roster4-3,write> 1.202684534341661E-4
<1641,registrar0-1,transcript4-8,read> 2.024046704450409E-4
<1642,registrar0-1,transcript2-19,read> 3.489086913579563E-4
<1643,admissions4-1,stu5-15application5-15,setStatus> 4.5674688651462336E-5
<1644,admissions0-0,stu5-19application5-19,setStatus> 4.136775916160478E-5
<1645,registrar4-0,roster4-6,write> 9.64409038429899E-5
<1646,registrar4-0,roster4-5,write> 9.114589282272853E-5
<1647,registrar4-0,roster4-8,write> 8.717463455753249E-5
<1648,registrar4-1,transcript0-16,read> 3.890159306908483E-4
<1649,fac3-3,gradebook3-6,addScore> 1.008371882376014E-4
<1650,registrar4-0,roster4-9,write> 8.518900542493445E-5
<1651,fac3-3,gradebook3-7,addScore> 7.051837844812977E-5
<1652,registrar4-1,transcript2-1,read> 2.3496622863216238E-4
<1653,registrar4-1,transcript2-19,read> 4.2176665475056893E-4
<1654,admissions4-0,stu0-15application0-15,setStatus> 1.3234031966690918E-4
<1655,fac4-4,roster4-9,read> 0.0013557447088221647
<1656,fac1-4,gradebook1-8,readScore> 1.104330993745273E-4
<1657,admissions0-1,stu3-17application3-17,setStatus> 1.8652482642221937E-4
<1658,fac0-1,gradebook0-2,readScore> 2.6002244790284122E-5
<1659,fac0-1,gradebook0-3,readScore> 2.711065547824828E-5
<1660,registrar2-0,roster4-6,write> 8.440929010819194E-5
<1661,fac3-3,gradebook3-7,assignGrade> 1.7414720457763E-4
<1662,registrar2-0,roster4-5,write> 7.977486525809964E-5
<1663,registrar2-0,roster4-8,write> 7.629904662053038E-5
<1664,stu2-3,gradebook2-8,readMyScores> 1.5858524788834222E-4
<1665,registrar2-0,roster4-7,write> 8.267138078940733E-5
<1666,admissions2-0,stu3-7application3-7,setStatus> 1.6025155193734322E-4
<1667,admissions4-1,stu1-6application1-6,read> 2.52533632205318E-5
<1668,admissions0-1,application2-0,setStatus> 6.752587709366585E-5
<1669,registrar2-0,roster4-9,write> 7.456113730174576E-5
<1670,admissions0-0,stu0-18application0-18,setStatus> 2.5840418862341957E-4
<1671,admissions4-1,stu3-12application3-12,read> 7.007445159879695E-5
<1672,admissions0-0,stu2-6application2-6,read> 1.6237711307749535E-4
<1673,admissions0-0,stu2-4application2-4,setStatus> 4.202744435753735E-5
<1674,admissions4-0,application5-1,setStatus> 2.1150589183463423E-4
<1675,admissions2-1,stu0-4application0-4,read> 1.2036876163920747E-4
<1676,stu0-11,stu0-11application0-11,checkStatus> 0.0020192290149049527
<1677,registrar4-1,roster2-9,write> 1.2550497505394378E-4
<1678,admissions4-1,stu3-11application3-11,read> 1.2286373346653145E-4
<1679,admissions0-1,stu3-2application3-2,setStatus> 6.555351881750198E-5
<1680,registrar2-0,roster4-2,write> 1.0468489882734586E-4
<1681,registrar2-0,roster4-1,write> 1.041055957210843E-4
<1682,registrar2-0,roster4-4,write> 8.093347147062272E-5
<1683,admissions4-0,stu4-19application4-19,setStatus> 7.114140217554726E-5
<1684,fac5-1,gradebook5-2,changeScore> 5.691640344732297E-4
<1685,fac5-3,gradebook5-7,assignGrade> 1.9495125091841206E-4
<1686,stu3-19,transcript3-19,read> 0.0016993669470728476
<1687,fac3-2,gradebook3-4,addScore> 1.6446067511676098E-4
<1688,registrar2-0,roster4-3,write> 1.0526420193360738E-4
<1689,admissions4-1,stu0-15application0-15,setStatus> 1.3339272777559234E-4
<1690,stu1-3,gradebook1-1,readMyScores> 8.32457700204446E-5
<1691,registrar0-1,transcript0-10,read> 3.258292908031819E-4
<1692,fac1-3,gradebook1-7,readScore> 4.45775395402118E-5
<1693,fac3-2,gradebook3-5,changeScore> 5.283881036452967E-4
<1694,registrar0-0,transcript2-4,read> 1.962871431333241E-4
<1695,stu2-8,transcript2-8,read> 9.456538014288661E-4
<1696,fac1-3,gradebook1-6,readScore> 5.3450670841604683E-5
<1697,registrar4-1,roster4-8,read> 1.2173436419327941E-4
<1698,admissions0-1,stu3-6application3-6,setStatus> 2.463530274658568E-4
<1699,fac0-0,gradebook0-1,readScore> 1.840457879327293E-5
<1700,fac0-4,gradebook0-9,assignGrade> 1.0965466092120556E-4
<1701,registrar2-0,transcript5-7,read> 3.1016693860081075E-4
<1702,admissions4-0,stu1-9application1-9,read> 1.500571255516791E-4
<1703,registrar0-1,transcript3-14,read> 3.519190479520574E-4
<1704,admissions4-0,stu1-6application1-6,read> 2.5054125640882634E-5
<1705,admissions0-0,stu3-6application3-6,read> 2.1752679545745807E-4
<1706,fac3-1,gradebook3-2,addScore> 1.297106182365337E-4
<1707,admissions0-0,application4-4,setStatus> 1.884775578545674E-4
<1708,admissions0-1,stu5-16application5-16,setStatus> 1.714034129716297E-4
<1709,fac3-1,gradebook3-3,addScore> 1.2899875732087532E-4
<1710,admissions0-0,application4-2,setStatus> 1.8517913187490458E-4
<1711,admissions0-0,application4-0,setStatus> 1.7792259471964631E-4
<1712,registrar0-1,transcript2-2,read> 1.933736006627379E-4
<1713,admissions0-0,application4-1,setStatus> 1.864985022667697E-4
<1714,admissions0-1,stu2-4application2-4,setStatus> 4.188521950353553E-5
<1715,admissions2-0,stu0-4application0-4,read> 1.2435613262518538E-4
<1716,admissions2-0,stu2-7application2-7,setStatus> 1.028812642633226E-4
<1717,fac0-3,gradebook0-7,readScore> 1.6008007874220278E-5
<1718,stu2-18,gradebook2-4,readMyScores> 1.5257857841514337E-4
<1719,fac0-3,gradebook0-6,readScore> 2.764163723460391E-5
<1720,admissions0-0,stu0-10application0-10,setStatus> 2.570848182315545E-4
<1721,registrar4-1,roster4-6,write> 9.794485555983966E-5
<1722,registrar4-1,roster4-5,write> 9.256727126830716E-5
<1723,registrar4-1,roster4-4,write> 9.391166734119027E-5
<1724,admissions2-0,stu2-8application2-8,setStatus> 2.1929281886400525E-4
<1725,registrar4-1,roster4-3,write> 1.2214398487173596E-4
<1726,registrar4-1,roster4-2,write> 1.2147178683529442E-4
<1727,stu1-16,gradebook1-6,readScore> 3.977305810099204E-5
<1728,registrar4-1,roster4-1,write> 1.2079958879885283E-4
<1729,admissions4-1,stu1-2application1-2,read> 1.5573253161059258E-4
<1730,registrar0-0,transcript0-2,read> 1.7612497135844807E-4
<1731,admissions0-1,application4-3,setStatus> 1.8849718469838322E-4
<1732,admissions2-0,stu4-3application4-3,read> 1.9150721885800024E-4
<1733,admissions0-1,stu0-11application0-11,setStatus> 2.207123698757264E-4
<1734,admissions4-1,stu5-8application5-8,read> 1.9059337812702104E-4
<1735,admissions2-0,stu0-19application0-19,setStatus> 1.1012217435810189E-4
<1736,admissions0-1,application4-4,setStatus> 1.8783973193966196E-4
<1737,admissions0-1,stu1-1application1-1,setStatus> 2.5818717712284E-4
<1738,registrar4-1,roster4-9,write> 8.651748894033304E-5
<1739,admissions0-1,application4-1,setStatus> 1.8586737366349808E-4
<1740,registrar4-1,roster4-8,write> 8.853408304965776E-5
<1741,admissions4-0,stu2-4application2-4,read> 3.147720468768245E-5
<1742,fac0-2,gradebook0-4,readScore> 2.6962305004186587E-5
<1743,fac0-2,gradebook0-5,readScore> 1.532408055489358E-5
<1744,registrar0-0,roster5-7,read> 1.2268110760496945E-4
<1745,admissions0-0,stu1-12application1-12,setStatus> 1.561529832538716E-4
<1746,admissions4-0,application0-0,setStatus> 7.05799442169109E-5
<1747,admissions4-0,application3-2,setStatus> 1.4020073108781804E-4
<1748,registrar0-0,transcript5-2,read> 2.960898934189603E-4
<1749,admissions2-0,stu0-18application0-18,setStatus> 2.1817883269557764E-4
<1750,admissions4-0,application0-1,setStatus> 6.833411238236553E-5
<1751,admissions4-1,stu2-4application2-4,read> 3.172752043072565E-5
<1752,admissions4-1,stu3-9application3-9,read> 8.152872973990915E-5
<1753,admissions4-1,stu0-5application0-5,read> 1.6071265254151093E-4
<1754,admissions2-0,stu2-15application2-15,setStatus> 3.938405266295025E-5
<1755,admissions4-0,application0-4,setStatus> 6.889557034100187E-5
<1756,fac2-4,gradebook2-9,readScore> 9.923075890964836E-5
<1757,admissions4-0,application0-2,setStatus> 6.777265442372917E-5
<1758,admissions0-1,stu1-12application1-12,read> 1.3694960115084048E-4
<1759,admissions2-1,stu1-8application1-8,read> 1.2131763675148896E-4
<1760,fac2-4,gradebook2-8,readScore> 2.6284444750662034E-4
<1761,admissions4-0,application0-3,setStatus> 6.945702829963822E-5
<1762,stu4-10,transcript4-10,read> 0.0016795323906085324
<1763,admissions2-1,stu4-13application4-13,read> 1.697102674778447E-4
<1764,admissions4-0,stu1-11application1-11,setStatus> 1.766954983991807E-4
<1765,registrar4-0,transcript5-3,read> 3.4960035939469064E-4
<1766,admissions2-1,stu0-19application0-19,setStatus> 1.0659120283559763E-4
<1767,admissions2-0,stu1-0application1-0,setStatus> 2.053679917586604E-4
<1768,fac3-0,gradebook3-1,readScore> 4.2819049876286496E-5
<1769,admissions2-0,stu3-5application3-5,setStatus> 1.2126203604237773E-4
<1770,registrar4-0,roster4-7,read> 1.2987600272678883E-4
<1771,admissions4-1,application0-0,setStatus> 7.114121613911298E-5
<1772,admissions4-1,application0-1,setStatus> 6.887752480687737E-5
<1773,admissions4-1,application0-2,setStatus> 6.831160197381847E-5
<1774,admissions2-1,stu2-5application2-5,setStatus> 1.4594795465181832E-4
<1775,registrar4-1,transcript1-14,read> 4.695281273376616E-5
<1776,admissions4-1,application0-3,setStatus> 7.000937047299518E-5
<1777,registrar2-1,transcript4-3,read> 2.1599706296047844E-4
<1778,admissions4-1,application0-4,setStatus> 6.944344763993627E-5
<1779,registrar0-1,transcript4-1,read> 2.1143574022734394E-4
<1780,admissions0-0,application5-0,read> 2.1810731842987867E-4
<1781,admissions4-0,stu0-4application0-4,read> 1.2535297537167981E-4
<1782,admissions2-0,stu0-10application0-10,read> 1.9101706494389207E-4
<1783,admissions2-1,stu1-3application1-3,setStatus> 1.4918275617095973E-4
<1784,registrar4-1,transcript5-9,read> 3.62330155531076E-4
<1785,admissions0-0,stu0-17application0-17,read> 2.163657495126167E-4
<1786,admissions0-1,stu0-18application0-18,setStatus> 2.575297243641187E-4
<1787,stu3-12,stu3-12application3-12,checkStatus> 8.463368975219097E-4
<1788,fac2-2,gradebook2-4,readScore> 2.321341709193967E-4
<1789,stu3-8,gradebook3-6,readMyScores> 4.9666566247751327E-5
<1790,admissions2-1,stu1-0application1-0,setStatus> 1.987830461311282E-4
<1791,admissions4-1,stu4-15application4-15,read> 1.1807036707052254E-5
<1792,fac3-4,gradebook3-8,addScore> 7.574083930399287E-5
<1793,registrar0-1,transcript1-7,read> 3.0877060343660964E-4
<1794,admissions0-1,stu0-13application0-13,setStatus> 2.1676765332339872E-4
<1795,registrar2-1,roster1-4,read> 2.0939017889913877E-4
<1796,fac3-4,gradebook3-9,addScore> 3.4843722705648115E-4
<1797,stu1-4,gradebook1-4,readMyScores> 1.1622514358638132E-4
<1798,fac3-3,roster3-6,read> 0.0017665498391094892
<1799,admissions0-1,stu3-18application3-18,setStatus> 2.0756331470130068E-4
<1800,app2-2,application2-2,checkStatus> 6.298029681588862E-4
<1801,registrar0-1,transcript0-6,read> 1.1008706822594356E-4
<1802,admissions0-1,stu0-1application0-1,setStatus> 2.0189278465732955E-5
<1803,admissions2-1,stu3-19application3-19,read> 1.4361620189010384E-4
<1804,registrar2-0,transcript1-2,read> 3.248019746027589E-4
<1805,admissions0-0,stu0-7application0-7,read> 1.2522364284257314E-4
<1806,fac2-3,gradebook2-7,readScore> 1.0317448103508406E-4
<1807,admissions4-0,stu4-15application4-15,read> 1.1713884543683006E-5
<1808,registrar2-0,transcript5-10,read> 3.314661427822174E-5
<1809,admissions0-1,stu4-8application4-8,read> 9.587195278593426E-5
<1810,admissions4-1,application3-4,read> 1.2336174555962326E-4
<1811,admissions4-1,application3-2,read> 1.2435776974580696E-4
<1812,chair1,transcript1-15,read> 2.0483959936788695E-4
<1813,admissions4-1,application3-3,read> 1.2385975765271515E-4
<1814,admissions2-0,stu1-18application1-18,setStatus> 1.246039945476605E-4
<1815,admissions4-1,stu0-4application0-4,read> 1.263498181181743E-4
<1816,admissions0-1,stu4-6application4-6,read> 6.810114825754698E-5
<1817,admissions2-1,stu4-2application4-2,setStatus> 1.0119986697036191E-4
<1818,admissions4-1,application3-1,read> 1.218677092803478E-4
<1819,admissions4-0,application3-2,read> 1.2337664335727988E-4
<1820,admissions4-0,application3-3,read> 1.228825603536799E-4
<1821,fac5-2,gradebook5-5,changeScore> 5.342132366207157E-4
<1822,admissions4-0,application3-4,read> 1.223884773500799E-4
<1823,admissions4-1,stu3-2application3-2,read> 4.965595578203171E-5
<1824,admissions0-0,stu4-6application4-6,read> 6.83323915453485E-5
<1825,admissions2-0,stu0-2application0-2,setStatus> 9.306426115405451E-6
<1826,admissions0-0,stu3-2application3-2,setStatus> 6.577611141110979E-5
<1827,stu5-10,stu5-10application5-10,checkStatus> 0.00215757013644244
<1828,admissions4-0,application3-0,read> 1.2140031134287994E-4
<1829,admissions4-0,stu0-7application0-7,setStatus> 1.2111116049418221E-4
<1830,registrar0-1,transcript3-2,read> 7.596969349279888E-5
<1831,admissions0-0,stu1-8application1-8,read> 1.484445617393995E-4
<1832,registrar4-1,transcript3-6,read> 9.668539371334194E-5
<1833,admissions4-1,application4-0,setStatus> 1.5263410409959506E-4
<1834,admissions4-0,stu3-2application3-2,read> 4.926419281728195E-5
<1835,admissions0-0,application5-0,setStatus> 2.478492254884985E-4
<1836,admissions4-1,stu1-19application1-19,setStatus> 5.0202071315933564E-5
<1837,fac1-2,gradebook1-5,addScore> 5.760986918906623E-4
<1838,chair5,transcript5-17,read> 1.2452909133100245E-4
<1839,admissions4-1,stu2-12application2-12,read> 5.264402834058272E-5
<1840,chair5,transcript5-18,read> 1.1879262647122499E-4
<1841,chair5,transcript5-15,read> 1.4173848591033484E-4
<1842,stu4-9,gradebook4-2,readMyScores> 1.0743207278185751E-4
<1843,chair5,transcript5-16,read> 1.3026555619077992E-4
<1844,chair5,transcript5-19,read> 1.0731969675167007E-4
<1845,chair5,transcript5-10,read> 1.8189373992877708E-4
<1846,admissions0-0,stu2-18application2-18,read> 1.7514861847074987E-4
<1847,chair5,transcript5-13,read> 1.532114156298898E-4
<1848,registrar4-0,transcript0-13,read> 3.92597471212059E-4
<1849,registrar0-1,roster5-7,read> 1.221144512188033E-4
<1850,chair5,transcript5-14,read> 1.474749507701123E-4
<1851,admissions4-1,stu5-13application5-13,read> 1.8611126928919452E-4
<1852,admissions4-1,stu5-16application5-16,read> 1.2983590276981715E-4
<1853,fac1-3,gradebook1-7,addScore> 1.2099617875200348E-4
<1854,registrar2-1,roster1-8,read> 2.1819116715409383E-4
<1855,app0-2,application0-2,checkStatus> 7.260402700980077E-4
<1856,registrar0-1,transcript0-17,read> 3.208120298130136E-4
<1857,admissions4-1,stu3-7application3-7,read> 1.432822292832967E-4
<1858,registrar0-1,roster4-2,read> 1.3817124313486823E-4
<1859,admissions2-1,stu3-18application3-18,read> 1.497838901199335E-4
<1860,admissions4-1,stu0-14application0-14,setStatus> 1.3282680494253345E-4
<1861,admissions0-1,stu0-17application0-17,setStatus> 2.450381219484142E-4
<1862,stu5-11,gradebook5-6,readMyScores> 1.9844387500089462E-5
<1863,stu5-11,gradebook5-7,readMyScores> 3.12903674921153E-5
<1864,stu3-6,gradebook3-2,readScore> 8.208126025494236E-5
<1865,admissions4-0,stu4-6application4-6,setStatus> 6.608828054782012E-5
<1866,stu5-11,gradebook5-1,readMyScores> 7.625931862074765E-5
<1867,admissions0-0,stu5-2application5-2,setStatus> 1.8781787265863487E-4
<1868,stu5-11,gradebook5-3,readMyScores> 2.3789800455857747E-5
<1869,admissions4-1,stu0-3application0-3,setStatus> 8.868482396393898E-5
<1870,admissions2-0,stu3-18application3-18,read> 1.5474567529988992E-4
<1871,admissions2-0,stu5-15application5-15,read> 3.95595054844776E-5
<1872,registrar2-1,roster0-8,write> 1.604301357659436E-4
<1873,admissions4-0,stu3-11application3-11,read> 1.2189439434647993E-4
<1874,admissions4-0,application4-1,setStatus> 1.587288437228175E-4
<1875,registrar0-0,roster0-1,read> 1.9258341363399456E-4
<1876,chair0,transcript0-14,read> 0.0018798873384229065
<1877,stu5-12,gradebook5-8,readMyScores> 1.4576364098781223E-5
<1878,registrar2-1,roster3-3,write> 9.584106493619087E-5
<1879,registrar2-0,roster5-7,read> 1.2721435869429858E-4
<1880,registrar2-1,transcript1-0,read> 2.7899802926857826E-4
<1881,stu5-12,gradebook5-9,readMyScores> 1.7664172187060358E-5
<1882,registrar2-1,roster3-6,write> 9.758671549915717E-5
<1883,stu5-12,gradebook5-4,readMyScores> 1.9524936196481244E-5
<1884,registrar2-0,transcript3-12,read> 3.687070826086032E-4
<1885,admissions4-1,stu2-13application2-13,setStatus> 1.1471727428464856E-4
<1886,registrar2-1,roster3-1,write> 9.351353085223582E-5
<1887,stu5-12,gradebook5-3,readMyScores> 2.399055826561182E-5
<1888,registrar2-1,roster3-2,write> 9.23497638102583E-5
<1889,registrar4-0,roster0-8,read> 2.509166452680764E-4
<1890,admissions4-0,stu0-4application0-4,setStatus> 1.4244656292236344E-4
<1891,fac4-2,gradebook4-5,addScore> 5.786836078410804E-4
<1892,admissions4-1,stu0-14application0-14,read> 1.1688758834942943E-4
<1893,fac4-3,gradebook4-7,addScore> 2.746989529206895E-4
<1894,registrar2-1,roster3-8,write> 9.87504825411347E-5
<1895,registrar2-1,roster3-9,write> 9.933236606212346E-5
<1896,admissions0-1,stu1-8application1-8,read> 1.4794221127666045E-4
<1897,admissions4-0,stu4-7application4-7,read> 3.6912117727282304E-5
<1898,admissions0-0,stu3-17application3-17,setStatus> 1.871581874627023E-4
<1899,registrar2-0,roster3-4,write> 9.367813980837659E-5
<1900,registrar2-0,roster3-5,write> 9.657465533968428E-5
<1901,registrar2-0,roster3-2,write> 9.194023048959196E-5
<1902,admissions2-1,stu0-13application0-13,read> 1.5642601590590388E-4
<1903,admissions4-0,stu1-12application1-12,read> 1.1695356431048006E-4
<1904,registrar2-0,roster3-8,write> 9.83125646584689E-5
<1905,registrar2-0,roster3-9,write> 9.889186776473045E-5
<1906,admissions2-1,stu5-17application5-17,setStatus> 1.3570441650787046E-4
<1907,admissions4-1,stu2-14application2-14,setStatus> 6.152052797711162E-5
<1908,admissions0-1,stu2-7application2-7,read> 1.0686456291175424E-4
<1909,registrar2-0,roster3-6,write> 9.715395844594581E-5
<1910,registrar2-0,roster3-7,write> 9.773326155220736E-5
<1911,admissions4-1,stu0-4application0-4,setStatus> 1.4357933877065263E-4
<1912,admissions0-0,stu1-5application1-5,setStatus> 1.4163990894335506E-4
<1913,admissions4-0,application3-3,setStatus> 1.3963927312918173E-4
<1914,admissions0-0,stu3-19application3-19,read> 1.7572914144317053E-4
<1915,admissions4-0,stu0-14application0-14,read> 1.159653983032801E-4
<1916,registrar4-1,roster2-4,write> 9.122287519542401E-5
<1917,admissions0-1,stu5-19application5-19,setStatus> 4.1227766744814237E-5
<1918,admissions2-0,stu5-16application5-16,setStatus> 1.4521273866357083E-4
<1919,admissions4-0,stu5-8application5-8,setStatus> 2.1487463958645237E-4
<1920,registrar2-0,transcript3-15,read> 3.6557100346532864E-4
<1921,admissions4-0,stu5-18application5-18,setStatus> 1.278486559978184E-4
<1922,stu5-8,gradebook5-6,readScore> 7.882181694813654E-5
<1923,admissions0-0,stu2-14application2-14,read> 6.310768479356254E-5
<1924,admissions0-1,stu0-6application0-6,read> 6.405123926382383E-5
<1925,registrar0-0,roster3-3,write> 9.201592265492384E-5
<1926,admissions0-1,stu2-15application2-15,setStatus> 4.6487388814584564E-5
<1927,admissions4-1,stu4-7application4-7,read> 3.720565345473584E-5
<1928,stu5-10,gradebook5-2,readMyScores> 5.648399012578584E-5
<1929,admissions0-0,stu3-3application3-3,read> 2.1578522654019602E-4
<1930,stu5-10,gradebook5-7,readMyScores> 3.0498206289783268E-5
<1931,admissions2-0,stu0-10application0-10,setStatus> 2.1706484652715008E-4
<1932,admissions2-0,stu1-5application1-5,read> 1.05240129974968E-4
<1933,admissions0-0,stu0-3application0-3,read> 9.097278746975421E-5
<1934,admissions4-1,stu1-12application1-12,read> 1.1788361253561312E-4
<1935,admissions0-0,stu0-13application0-13,read> 1.9140326169852834E-4
<1936,admissions2-1,stu1-10application1-10,setStatus> 1.1683474097954546E-4
<1937,stu5-10,gradebook5-9,readMyScores> 1.707290282515039E-5
<1938,registrar2-1,transcript4-11,read> 3.587992532588381E-4
<1939,admissions2-0,stu4-7application4-7,read> 3.661858199982877E-5
<1940,admissions4-0,application4-0,setStatus> 1.51429890260545E-4
<1941,admissions4-0,stu5-1application5-1,setStatus> 3.408517690554829E-5
<1942,admissions0-0,stu5-4application5-4,read> 7.239605235229312E-5
<1943,admissions2-0,application1-0,read> 1.9463195006043956E-5
<1944,admissions2-0,stu5-15application5-15,setStatus> 4.495398350508818E-5
<1945,stu5-15,gradebook5-5,readMyScores> 1.975544316938181E-5
<1946,stu1-0,gradebook1-2,readScore> 1.4123458114892907E-4
<1947,registrar0-1,transcript0-12,read> 3.31850003991384E-4
<1948,admissions2-0,application1-3,read> 2.1913964576584643E-5
<1949,admissions0-0,stu0-6application0-6,read> 6.426873073840387E-5
<1950,registrar4-0,transcript1-14,read> 4.62318482388139E-5
<1951,stu5-5,gradebook5-8,readMyScores> 3.3726901031908016E-5
<1952,registrar2-1,transcript3-11,read> 3.7139944652045805E-4
<1953,registrar2-1,roster2-6,read> 1.4618308143173435E-4
<1954,admissions2-0,application1-4,read> 1.4071501950854447E-5
<1955,admissions2-0,application1-1,read> 2.044350283426023E-5
<1956,admissions2-0,application1-2,read> 2.1423810662476507E-5
<1957,stu5-16,gradebook5-3,readMyScores> 2.4592831694874043E-5
<1958,admissions0-1,stu2-14application2-14,read> 6.289412240847436E-5
<1959,registrar4-1,roster1-4,read> 2.418897632072091E-4
<1960,admissions4-0,stu3-14application3-14,read> 1.1497723229608012E-4
<1961,admissions2-1,stu4-7application4-7,read> 3.544443909001462E-5
<1962,stu5-9,stu5-9application5-9,checkStatus> 3.110169054855463E-4
<1963,admissions0-1,stu5-4application5-4,read> 7.215105725127013E-5
<1964,registrar0-1,roster1-9,read> 2.0927989304887006E-4
<1965,stu5-16,gradebook5-7,readMyScores> 3.234658242855801E-5
<1966,registrar2-1,roster5-5,write> 8.94403462053145E-5
<1967,admissions0-1,application5-2,read> 2.1910489788065293E-4
<1968,registrar2-1,transcript3-10,read> 3.7349947873072803E-4
<1969,admissions2-1,application1-1,read> 1.9787999737370124E-5
<1970,admissions2-1,application1-0,read> 1.8839124625088637E-5
<1971,admissions2-1,application1-3,read> 2.121131240579235E-5
<1972,registrar2-0,transcript0-1,read> 1.794969742977027E-4
<1973,admissions2-1,application1-4,read> 1.3620311507540476E-5
<1974,stu5-17,gradebook5-5,readMyScores> 1.9435516964209633E-5
<1975,registrar4-0,roster1-3,read> 2.390856050196799E-4
<1976,admissions0-0,stu4-16application4-16,setStatus> 1.9837283579355594E-4
<1977,admissions2-0,stu2-16application2-16,setStatus> 1.1402112594759846E-4
<1978,admissions2-1,stu0-10application0-10,setStatus> 2.1010485144812324E-4
<1979,admissions4-0,stu0-8application0-8,setStatus> 1.6265904943327193E-4
<1980,admissions0-0,stu5-13application5-13,setStatus> 2.465298550966334E-4
<1981,admissions4-1,stu1-1application1-1,read> 1.9557349905793933E-4
<1982,admissions0-0,stu5-8application5-8,read> 2.2217097923682335E-4
<1983,admissions0-0,stu4-14application4-14,setStatus> 2.0694874334067933E-4
<1984,stu5-13,gradebook5-6,readMyScores> 1.950946112877994E-5
<1985,stu5-13,gradebook5-4,readMyScores> 1.9034770434226484E-5
<1986,admissions0-1,stu1-16application1-16,setStatus> 1.4576275538149937E-4
<1987,admissions2-0,stu0-5application0-5,setStatus> 1.79746309884826E-4
<1988,registrar0-0,roster1-7,read> 2.0871471502530807E-4
<1989,chair3,transcript3-9,read> 3.884064748807658E-4
<1990,chair3,transcript3-8,read> 3.9414293974054324E-4
<1991,stu2-13,stu2-13application2-13,checkStatus> 0.0012192564425360054
<1992,registrar0-0,roster1-9,read> 2.102510294435284E-4
<1993,registrar0-1,roster1-4,read> 2.0010458338254726E-4
<1994,admissions2-0,stu2-5application2-5,setStatus> 1.507826695057088E-4
<1995,registrar4-1,transcript1-12,read> 5.1804771853724775E-5
<1996,registrar0-1,roster1-5,read> 2.0392762907684838E-4
<1997,admissions4-0,stu3-13application3-13,setStatus> 1.3346323558418186E-4
<1998,admissions2-1,stu2-16application2-16,setStatus> 1.1036513794126264E-4
<1999,registrar0-1,roster1-6,read> 2.023984107991279E-4
<2000,stu4-6,stu4-6application4-6,checkStatus> 7.079957759844224E-4
<2001,chair3,transcript3-5,read> 4.40034658618763E-4
<2002,registrar0-1,roster1-7,read> 2.0775067477114955E-4
<2003,registrar0-1,roster1-1,read> 2.0545684735456888E-4
<2004,registrar2-0,transcript4-12,read> 3.770699603240021E-4
<2005,stu1-19,stu1-19application1-19,checkStatus> 5.335656662197647E-4
<2006,registrar0-1,roster1-2,read> 2.0469223821570863E-4
<2007,chair3,transcript3-1,read> 4.113523343198757E-4
<2008,registrar2-0,transcript4-1,read> 2.2026600316027244E-4
<2009,registrar0-1,roster1-3,read> 2.0086919252140748E-4
<2010,stu5-17,gradebook5-7,addScore> 5.148684722531228E-5
<2011,admissions4-0,stu0-3application0-3,setStatus> 8.798514093463768E-5
<2012,stu5-14,gradebook5-5,readMyScores> 1.8795664553865285E-5
<2013,stu5-14,gradebook5-4,readMyScores> 1.9198159021644738E-5
<2014,admissions2-1,stu5-15application5-15,setStatus> 4.351257321233986E-5
<2015,admissions4-1,application5-1,setStatus> 2.1318784723689773E-4
<2016,admissions0-0,stu1-16application1-16,setStatus> 1.4625770531488306E-4
<2017,admissions0-1,stu1-1application1-1,read> 2.2720471586809918E-4
<2018,stu5-14,gradebook5-6,readMyScores> 1.96769243144347E-5
<2019,admissions4-1,stu5-1application5-1,setStatus> 3.4356231990284263E-5
<2020,registrar0-0,roster1-6,read> 2.0333761456153688E-4
<2021,registrar0-0,roster1-3,read> 2.0180130014331657E-4
<2022,admissions0-1,stu0-0application0-0,read> 1.3984239328921415E-4
<2023,registrar0-0,roster1-4,read> 2.0103314293420642E-4
<2024,stu5-15,gradebook5-1,readMyScores> 7.947701138955557E-5
<2025,registrar0-0,roster1-1,read> 2.0641024339797755E-4
<2026,registrar0-0,roster1-2,read> 2.056420861888674E-4
<2027,stu5-15,gradebook5-3,readMyScores> 2.4793589504628117E-5
<2028,stu5-16,gradebook5-1,addScore> 7.807314473000272E-5
<2029,admissions4-1,stu2-12application2-12,setStatus> 5.982275947793492E-5
<2030,admissions0-1,stu5-8application5-8,read> 2.2141913159135187E-4
<2031,registrar2-1,roster3-8,read> 1.357819134940602E-4
<2032,registrar2-1,roster5-7,read> 1.2778101508046472E-4
<2033,registrar2-1,roster3-9,read> 1.3658200333541975E-4
<2034,registrar0-1,roster1-1,write> 1.4942316171241373E-4
<2035,registrar2-0,transcript4-3,read> 2.1503920458814814E-4
<2036,admissions4-1,stu3-15application3-15,read> 1.4029415672474566E-4
<2037,registrar0-1,roster1-6,write> 1.471988442175476E-4
<2038,admissions2-1,stu4-8application4-8,setStatus> 8.933892806684338E-5
<2039,registrar0-0,transcript1-2,read> 3.1322773942760494E-4
<2040,registrar0-1,roster1-4,write> 1.45530606096398E-4
<2041,registrar2-1,roster3-1,read> 1.2858110492182425E-4
<2042,registrar2-1,roster3-2,read> 1.2698092523910515E-4
<2043,registrar0-1,roster1-7,write> 1.5109139983356332E-4
<2044,registrar2-1,roster3-3,read> 1.3178146428726245E-4
<2045,admissions2-1,stu3-6application3-6,setStatus> 2.0201784765026966E-4
<2046,registrar2-1,roster3-4,read> 1.2938119476318383E-4
<2047,registrar2-1,roster3-5,read> 1.3338164396998155E-4
<2048,registrar2-1,roster3-6,read> 1.341817338113411E-4
<2049,registrar2-0,roster3-8,read> 1.3517977640539473E-4
<2050,stu3-0,stu3-0application3-0,checkStatus> 9.004703798626655E-4
<2051,stu4-9,gradebook4-3,readMyScores> 1.6648802782245052E-4
<2052,registrar4-1,transcript1-3,read> 3.780990226709416E-4
<2053,registrar2-0,roster3-9,read> 1.3597631817650435E-4
<2054,stu2-18,gradebook2-1,readMyScores> 8.557083458285936E-5
<2055,admissions0-0,stu0-0application0-0,read> 1.403172401255103E-4
<2056,admissions0-1,stu0-15application0-15,setStatus> 1.5496709400359744E-4
<2057,admissions4-0,stu1-19application1-19,setStatus> 4.980599974736604E-5
<2058,registrar2-0,roster3-1,read> 1.2801090046540817E-4
<2059,registrar2-0,roster3-2,read> 1.2641781692318893E-4
<2060,stu1-14,gradebook1-6,addScore> 1.0600149873974804E-4
<2061,admissions0-0,stu5-12application5-12,read> 1.0026115502848477E-4
<2062,admissions0-1,stu4-14application4-14,setStatus> 2.0624840918385807E-4
<2063,registrar2-0,roster3-5,read> 1.3279015109206587E-4
<2064,admissions0-1,application2-3,read> 6.578691454684804E-5
<2065,registrar2-0,roster3-6,read> 1.335866928631755E-4
<2066,admissions0-0,stu3-15application3-15,read> 1.6353815902233666E-4
<2067,registrar4-0,transcript2-15,read> 4.033467491664011E-4
<2068,registrar2-0,roster3-3,read> 1.3119706754984663E-4
<2069,registrar2-0,transcript5-9,read> 3.122576580296605E-4
<2070,registrar2-0,roster3-4,read> 1.2880744223651782E-4
<2071,registrar0-0,transcript0-11,read> 3.2633315108127433E-4
<2072,admissions0-0,stu1-19application1-19,read> 5.149722534514936E-5
<2073,stu5-17,gradebook5-9,readMyScores> 1.7959806868015346E-5
<2074,stu5-17,gradebook5-8,readMyScores> 1.4820319983279652E-5
<2075,registrar4-0,transcript5-0,read> 3.4840599517754154E-4
<2076,registrar4-0,transcript5-1,read> 3.4482290252609417E-4
<2077,stu1-1,gradebook1-6,readMyScores> 5.922811689282219E-5
<2078,admissions2-1,stu2-0application2-0,read> 9.474913360760737E-5
<2079,admissions2-0,stu2-18application2-18,read> 1.4788352050237595E-4
<2080,admissions0-1,stu1-19application1-19,read> 5.132295385497965E-5
<2081,admissions4-1,stu3-8application3-8,setStatus> 1.7923247725336355E-4
<2082,stu5-18,gradebook5-3,readMyScores> 2.4191316075365895E-5
<2083,fac4-1,gradebook4-2,assignGrade> 4.591626394463445E-4
<2084,registrar4-0,transcript5-4,read> 3.53183452046138E-4
<2085,stu5-18,gradebook5-1,readMyScores> 7.754639572827082E-5
<2086,stu5-18,gradebook5-6,readMyScores> 2.017931387139899E-5
<2087,admissions2-1,application5-1,read> 1.7872458104451877E-4
<2088,registrar4-0,transcript5-7,read> 3.543778162632871E-4
<2089,stu5-18,gradebook5-8,readMyScores> 1.4698342041030438E-5
<2090,registrar4-1,transcript5-0,read> 3.5383922707114845E-4
<2091,admissions2-0,stu4-2application4-2,setStatus> 1.0455224351596396E-4
<2092,admissions2-1,stu4-11application4-11,setStatus> 1.9123517591979825E-4
<2093,stu0-2,stu0-2application0-2,checkStatus> 1.0049780749371802E-4
<2094,stu5-19,gradebook5-4,readMyScores> 2.034187913357251E-5
<2095,stu5-19,gradebook5-3,readMyScores> 2.4994347314382188E-5
<2096,registrar4-1,transcript5-7,read> 3.5990417597109666E-4
<2097,stu5-19,gradebook5-5,readMyScores> 1.9915406271967896E-5
<2098,stu5-1,gradebook5-5,readMyScores> 4.2310240634020156E-5
<2099,stu5-1,gradebook5-8,readMyScores> 3.226316572491743E-5
<2100,registrar0-0,transcript0-6,read> 1.1059791309010109E-4
<2101,fac2-4,gradebook2-9,addScore> 2.6934063132618845E-4
<2102,stu5-1,gradebook5-6,readMyScores> 4.4294012605684915E-5
<2103,admissions0-1,stu0-12application0-12,read> 5.826565498707647E-5
<2104,admissions4-0,stu0-1application0-1,setStatus> 1.724143814645785E-5
<2105,admissions0-0,stu0-5application0-5,setStatus> 2.1288591010407243E-4
<2106,admissions2-0,stu5-0application5-0,read> 1.1945459348410397E-4
<2107,stu3-14,gradebook3-7,readMyScores> 5.0343702312969535E-5
<2108,stu3-14,gradebook3-1,readMyScores> 7.534395321160825E-5
<2109,registrar0-0,transcript3-14,read> 3.5355208297735695E-4
<2110,admissions0-1,stu4-12application4-12,setStatus> 2.1413784228851355E-4
<2111,stu5-0,gradebook5-4,readMyScores> 4.3706447134382706E-5
<2112,stu5-0,gradebook5-6,readMyScores> 4.4796402162649214E-5
<2113,registrar0-1,transcript3-19,read> 3.43891430367788E-4
<2114,stu5-0,gradebook5-7,readMyScores> 7.063437387460627E-5
<2115,registrar0-1,transcript3-16,read> 3.4991214355599003E-4
<2116,admissions2-1,stu2-6application2-6,setStatus> 1.5080015693053045E-4
<2117,admissions4-1,stu4-6application4-6,read> 5.8620173457684744E-5
<2118,stu3-15,gradebook3-3,readMyScores> 2.4838156450993987E-5
<2119,admissions0-1,stu3-16application3-16,read> 4.033034372915967E-5
<2120,admissions0-1,stu1-14application1-14,setStatus> 2.233421809106116E-4
<2121,stu3-8,transcript3-8,read> 3.406998292672493E-4
<2122,admissions4-0,stu4-10application4-10,setStatus> 3.296226098827559E-5
<2123,fac5-2,gradebook5-4,assignGrade> 1.9287084628433383E-4
<2124,admissions0-0,stu1-9application1-9,read> 1.7630966441559118E-4
<2125,admissions4-0,stu2-17application2-17,setStatus> 1.1998824457690951E-4
<2126,registrar0-0,transcript1-5,read> 3.122196308388611E-4
<2127,stu3-16,gradebook3-2,readMyScores> 2.471081267654695E-5
<2128,stu3-16,gradebook3-5,readMyScores> 2.050704527945665E-5
<2129,registrar4-0,roster2-7,read> 1.6718928351019323E-4
<2130,admissions2-0,stu1-17application1-17,setStatus> 6.66767137894261E-5
<2131,registrar4-1,transcript2-8,read> 2.3132725929219346E-4
<2132,registrar4-1,transcript0-10,read> 3.9386788981080696E-4
<2133,stu3-16,gradebook3-8,readMyScores> 2.3733011640070636E-5
<2134,registrar4-1,roster3-1,write> 1.080278261064631E-4
<2135,registrar4-1,roster3-2,write> 1.0668343003357999E-4
<2136,admissions0-0,stu1-14application1-14,setStatus> 2.2410055843492604E-4
<2137,fac0-4,gradebook0-9,addScore> 2.1427957813633872E-4
<2138,admissions0-0,stu3-16application3-16,read> 4.046728886915682E-5
<2139,registrar0-0,transcript5-5,read> 2.970980020077041E-4
<2140,admissions0-0,application0-4,setStatus> 8.094887091755885E-5
<2141,registrar4-1,roster3-3,write> 1.1071661825222936E-4
<2142,registrar4-1,roster3-4,write> 1.0870002414290469E-4
<2143,registrar4-1,roster3-5,write> 1.120610143251125E-4
<2144,admissions2-1,application2-4,setStatus> 6.238224874066484E-5
<2145,registrar4-1,roster3-6,write> 1.1273321236155406E-4
<2146,registrar4-1,roster3-7,write> 1.1340541039799563E-4
<2147,admissions0-1,stu0-6application0-6,setStatus> 7.278549916343617E-5
<2148,registrar4-1,roster3-8,write> 1.1407760843443719E-4
<2149,registrar2-0,transcript2-11,read> 3.477998883201059E-4
<2150,registrar4-1,roster3-9,write> 1.1474980647087875E-4
<2151,admissions0-1,stu1-9application1-9,read> 1.7571301580504773E-4
<2152,stu3-17,gradebook3-2,readMyScores> 2.5570319204426848E-5
<2153,admissions4-1,stu2-17application2-17,setStatus> 1.2094242544829647E-4
<2154,stu3-17,gradebook3-5,readMyScores> 2.1220333810916012E-5
<2155,registrar4-0,transcript1-3,read> 3.7229327952052407E-4
<2156,registrar4-0,transcript2-4,read> 2.325526661140768E-4
<2157,admissions0-1,stu4-19application4-19,setStatus> 8.330474330297683E-5
<2158,chair0,transcript0-4,read> 6.12128604412087E-4
<2159,stu3-17,gradebook3-8,readMyScores> 2.455850769711657E-5
<2160,admissions0-0,stu2-3application2-3,setStatus> 8.42472968972217E-5
<2161,admissions2-0,stu4-13application4-13,read> 1.753321396924317E-4
<2162,stu3-10,gradebook3-2,readMyScores> 2.3564803972707093E-5
<2163,chair4,transcript4-8,read> 0.0011570927660909459
<2164,registrar4-1,transcript2-11,read> 4.035718080507242E-4
<2165,admissions4-1,stu4-10application4-10,setStatus> 3.3224386324166456E-5
<2166,admissions0-1,stu1-13application1-13,read> 1.3926383486153945E-4
<2167,registrar0-1,roster3-7,write> 9.38152243407603E-5
<2168,stu3-10,gradebook3-7,readMyScores> 4.745867639245552E-5
<2169,admissions2-0,stu4-10application4-10,setStatus> 3.270013565238474E-5
<2170,stu3-10,gradebook3-6,readMyScores> 3.077269358853142E-5
<2171,admissions0-1,stu0-10application0-10,setStatus> 2.5621481884667617E-4
<2172,admissions0-0,stu2-10application2-10,setStatus> 1.60111094429467E-4
<2173,stu3-11,gradebook3-3,readMyScores> 2.353469634569401E-5
<2174,stu3-11,gradebook3-4,readMyScores> 6.571193416558632E-5
<2175,admissions0-1,stu2-12application2-12,read> 6.115844712545015E-5
<2176,admissions2-0,stu1-3application1-3,setStatus> 1.5412462801099152E-4
<2177,admissions2-1,stu1-17application1-17,setStatus> 6.453878308675912E-5
<2178,admissions4-1,stu0-9application0-9,setStatus> 1.23772039613591E-4
<2179,registrar2-1,roster5-9,read> 1.3018128460454335E-4
<2180,admissions2-1,stu5-16application5-16,read> 1.2368982453219267E-4
<2181,fac5-1,gradebook5-3,changeScore> 5.633389014978107E-4
<2182,admissions0-0,application1-1,setStatus> 2.7514370047020852E-5
<2183,admissions0-0,application1-2,setStatus> 2.8833740438885986E-5
<2184,admissions0-0,application1-3,setStatus> 2.9493425634818556E-5
<2185,admissions4-1,stu4-1application4-1,setStatus> 2.052649275740731E-4
<2186,admissions0-0,application1-4,setStatus> 1.893846249989747E-5
<2187,registrar4-0,roster4-3,read> 1.653691234719784E-4
<2188,admissions0-1,stu2-10application2-10,setStatus> 1.5956926331464648E-4
<2189,registrar4-0,transcript3-10,read> 4.2484530507508523E-4
<2190,stu3-11,gradebook3-5,readMyScores> 1.931823106035771E-5
<2191,registrar4-0,roster4-2,read> 1.64459043452871E-4
<2192,admissions2-1,stu4-10application4-10,setStatus> 3.16516343088213E-5
<2193,admissions2-1,stu1-1application1-1,setStatus> 2.1172225220769393E-4
<2194,registrar4-0,roster4-1,read> 1.6354896343376355E-4
<2195,registrar4-0,roster4-6,read> 1.3260624278411113E-4
<2196,registrar4-0,roster4-4,read> 1.271457626694666E-4
<2197,stu3-12,gradebook3-1,readMyScores> 6.929916613445914E-5
<2198,stu0-6,transcript0-6,read> 5.440040330264812E-4
<2199,admissions0-0,stu2-12application2-12,read> 6.136611587630056E-5
<2200,stu1-7,gradebook1-2,readMyScores> 9.010354911282544E-5
<2201,stu3-12,gradebook3-5,readMyScores> 1.9080468216537922E-5
<2202,registrar2-1,roster1-9,write> 1.5926636872396608E-4
<2203,admissions4-0,stu4-6application4-6,read> 5.81576868820817E-5
<2204,registrar4-1,roster2-2,read> 1.235829087934937E-4
<2205,admissions2-0,stu2-6application2-6,setStatus> 1.557956072636329E-4
<2206,admissions0-0,application1-0,setStatus> 2.619499965515572E-5
<2207,admissions2-1,stu0-13application0-13,setStatus> 1.7775683625670898E-4
<2208,stu5-2,gradebook5-3,readMyScores> 5.249816725069031E-5
<2209,admissions0-1,application1-4,setStatus> 1.8874372948290376E-5
<2210,admissions0-1,application1-2,setStatus> 2.8736164329109728E-5
<2211,admissions4-1,stu5-13application5-13,setStatus> 2.1149007873772106E-4
<2212,admissions2-0,stu5-16application5-16,read> 1.277872100239423E-4
<2213,stu0-0,gradebook0-3,readScore> 5.9323316231000845E-5
<2214,admissions0-1,application1-3,setStatus> 2.9393617087831017E-5
<2215,stu2-15,stu2-15application2-15,checkStatus> 4.2529870153825306E-4
<2216,stu3-12,gradebook3-9,readMyScores> 2.0864412074579807E-5
<2217,registrar4-1,roster4-2,read> 1.6702370689852981E-4
<2218,registrar4-1,roster4-1,read> 1.6609943459842264E-4
<2219,stu3-12,gradebook3-7,readMyScores> 4.630466602424991E-5
<2220,registrar4-1,roster4-3,read> 1.6794797919863694E-4
<2221,chair1,transcript1-11,read> 2.335219236667743E-4
<2222,registrar0-1,roster5-5,read> 1.1752679638564191E-4
<2223,registrar4-1,roster4-6,read> 1.3467417639477953E-4
<2224,admissions4-0,stu2-9application2-9,read> 1.7624352474247836E-4
<2225,admissions2-0,stu4-19application4-19,setStatus> 7.057566537892265E-5
<2226,registrar4-1,roster4-5,read> 1.2727999799392234E-4
<2227,registrar4-1,roster4-7,read> 1.3190135949445807E-4
<2228,stu4-19,gradebook4-3,addScore> 3.4399884866608433E-4
<2229,registrar4-0,roster4-9,read> 1.1713488245928488E-4
<2230,stu3-13,gradebook3-2,readMyScores> 2.4854063764526932E-5
<2231,stu3-13,gradebook3-3,readMyScores> 2.512781425217176E-5
<2232,admissions4-0,stu2-10application2-10,setStatus> 1.3627052537736362E-4
<2233,admissions2-0,stu0-3application0-3,setStatus> 8.72854579053364E-5
<2234,admissions0-1,application1-1,setStatus> 2.7421258811667146E-5
<2235,admissions0-1,application1-0,setStatus> 2.610635329422456E-5
<2236,admissions4-1,stu0-1application0-1,setStatus> 1.737854699851716E-5
<2237,registrar2-0,roster5-5,write> 8.904371495828427E-5
<2238,admissions4-0,application5-0,read> 1.856311018108781E-4
<2239,stu4-16,gradebook4-5,addScore> 3.429726646014641E-4
<2240,registrar2-0,transcript4-19,read> 3.833421186105513E-4
<2241,registrar2-0,transcript0-8,read> 1.1782075114663576E-4
<2242,registrar4-0,roster2-9,write> 1.235778353218295E-4
<2243,registrar4-0,transcript2-19,read> 4.1529039133789223E-4
<2244,registrar2-0,transcript4-18,read> 3.843874783249761E-4
<2245,registrar2-0,transcript4-17,read> 3.8125139918170157E-4
<2246,registrar0-1,roster0-2,read> 1.9475231941052558E-4
<2247,registrar2-0,transcript4-15,read> 3.78115320038427E-4
<2248,registrar2-0,transcript4-14,read> 3.802060394672766E-4
<2249,admissions4-0,stu0-6application0-6,read> 5.46991058568818E-5
<2250,admissions4-1,stu3-6application3-6,setStatus> 2.1205600157077995E-4
<2251,admissions0-1,stu0-0application0-0,setStatus> 1.589118105559252E-4
<2252,admissions2-0,stu4-0application4-0,read> 5.818535422058681E-5
<2253,admissions2-1,stu5-16application5-16,setStatus> 1.405566187865826E-4
<2254,stu1-17,gradebook1-3,readScore> 1.0078895804700766E-4
<2255,admissions0-0,stu4-9application4-9,setStatus> 1.581320388416693E-4
<2256,admissions0-1,stu0-8application0-8,setStatus> 1.904695429745471E-4
<2257,registrar0-0,roster4-3,read> 1.3958056620539308E-4
<2258,admissions2-1,stu1-10application1-10,read> 1.0281457206199999E-4
<2259,admissions4-1,stu4-11application4-11,read> 1.7664903952044965E-4
<2260,admissions4-0,stu1-1application1-1,read> 1.9403051287207788E-4
<2261,admissions0-1,stu1-8application1-8,setStatus> 1.6811614917802323E-4
<2262,registrar2-1,transcript4-14,read> 3.8189960757180797E-4
<2263,registrar2-1,transcript4-12,read> 3.78749559256403E-4
<2264,registrar4-1,transcript2-12,read> 4.0478479783071387E-4
<2265,stu5-9,gradebook5-8,readMyScores> 3.44587686854033E-5
<2266,stu5-9,gradebook5-9,readMyScores> 4.175839868489164E-5
<2267,admissions2-1,stu5-3application5-3,read> 1.3792295121641492E-4
<2268,registrar4-1,transcript2-15,read> 4.096367569506725E-4
<2269,registrar2-1,transcript4-18,read> 3.86099671992348E-4
<2270,admissions2-1,stu0-11application0-11,setStatus> 1.8099163777585036E-4
<2271,registrar2-1,transcript2-16,read> 3.5774923715370307E-4
<2272,admissions2-0,application5-1,setStatus> 2.0982393643237076E-4
<2273,fac1-4,gradebook1-8,assignGrade> 2.6984581774522755E-4
<2274,registrar4-1,transcript2-18,read> 4.193406751905897E-4
<2275,admissions2-1,stu4-19application4-19,setStatus> 6.831271819242413E-5
<2276,admissions2-1,stu1-2application1-2,setStatus> 1.685915652858083E-4
<2277,admissions4-0,stu3-5application3-5,setStatus> 1.222340764114549E-4
<2278,registrar0-0,transcript4-19,read> 3.6968182039725774E-4
<2279,stu4-17,gradebook4-1,addScore> 2.4258567306689792E-4
<2280,admissions2-0,stu5-11application5-11,read> 1.0425982214675171E-4
<2281,admissions2-0,stu5-18application5-18,read> 1.1161213085837378E-4
<2282,admissions2-1,stu0-2application0-2,setStatus> 9.008023674831327E-6
<2283,admissions0-1,stu4-9application4-9,setStatus> 1.5759690503848258E-4
<2284,registrar4-0,roster1-4,read> 2.3817552500057248E-4
<2285,registrar0-1,transcript4-19,read> 3.67974283120596E-4
<2286,stu5-8,gradebook5-3,readMyScores> 5.7115596875033995E-5
<2287,fac4-4,gradebook4-8,addScore> 4.1279615996949983E-4
<2288,stu5-8,gradebook5-5,readMyScores> 4.5509502685741896E-5
<2289,registrar0-1,transcript1-0,read> 2.666256111191956E-4
<2290,stu1-14,gradebook1-6,readScore> 3.9053183746222956E-5
<2291,registrar0-1,transcript1-2,read> 3.1178096003071064E-4
<2292,admissions4-1,stu3-5application3-5,setStatus> 1.232061167805321E-4
<2293,registrar0-1,transcript1-8,read> 3.0576024684250865E-4
<2294,registrar0-1,transcript1-9,read> 3.067636990405423E-4
<2295,registrar0-1,transcript1-3,read> 3.127844122287444E-4
<2296,stu5-7,gradebook5-8,readMyScores> 3.299503337841272E-5
<2297,stu5-16,gradebook5-1,readScore> 2.8763790163685207E-5
<2298,admissions0-0,stu1-13application1-13,read> 1.3973671715308966E-4
<2299,admissions0-0,application3-3,read> 1.443809009324549E-4
<2300,registrar0-1,transcript1-4,read> 3.097740556346433E-4
<2301,registrar0-1,transcript1-5,read> 3.1077750783267693E-4
<2302,registrar2-0,roster1-4,read> 2.0846161934747962E-4
<2303,registrar0-1,transcript1-6,read> 3.07767151238576E-4
<2304,stu5-7,gradebook5-4,readMyScores> 4.419661289663746E-5
<2305,admissions4-0,stu1-16application1-16,read> 1.0954231925648026E-4
<2306,stu5-7,gradebook5-2,readMyScores> 1.322850158357149E-4
<2307,registrar0-1,transcript2-6,read> 1.8935979187060327E-4
<2308,stu4-15,gradebook4-1,addScore> 2.463034611598772E-4
<2309,registrar4-1,transcript3-18,read> 4.1812768541060004E-4
<2310,registrar0-0,transcript1-0,read> 2.678628529341339E-4
<2311,stu1-13,gradebook1-7,readScore> 3.226993603079306E-5
<2312,admissions0-0,stu0-0application0-0,setStatus> 1.5945140923353442E-4
<2313,admissions2-1,stu4-0application4-0,read> 5.6319691560207274E-5
<2314,registrar0-0,transcript1-7,read> 3.1020341366137354E-4
<2315,registrar0-0,transcript1-4,read> 3.1121152225011727E-4
<2316,admissions0-0,stu1-9application1-9,setStatus> 2.0035189138135364E-4
<2317,admissions4-0,stu5-12application5-12,read> 8.533225208008093E-5
<2318,stu5-6,gradebook5-9,readMyScores> 4.0428042620594215E-5
<2319,registrar0-0,transcript1-3,read> 3.1423584801634877E-4
<2320,stu5-6,gradebook5-5,readMyScores> 4.374990855729494E-5
<2321,admissions2-0,stu5-3application5-3,read> 1.4249182744718644E-4
<2322,admissions2-0,stu2-19application2-19,read> 1.1357274651480633E-4
<2323,stu5-6,gradebook5-4,readMyScores> 4.4686778658892225E-5
<2324,registrar4-0,transcript2-11,read> 3.973749280806555E-4
<2325,registrar4-0,transcript2-12,read> 3.985692922978046E-4
<2326,registrar2-0,transcript4-13,read> 3.760246006095772E-4
<2327,admissions4-1,stu1-16application1-16,read> 1.1041343113923557E-4
<2328,admissions4-0,stu3-16application3-16,setStatus> 3.913829853327542E-5
<2329,stu3-18,gradebook3-9,readMyScores> 2.333434247593194E-5
<2330,fac4-3,gradebook4-6,assignGrade> 4.758058765189702E-4
<2331,admissions2-0,stu0-16application0-16,read> 1.1700382391356332E-4
<2332,stu3-18,gradebook3-2,readMyScores> 2.571357029240683E-5
<2333,registrar2-1,transcript0-9,read> 1.2254562960346366E-4
<2334,admissions2-0,application5-2,read> 1.8562537188870256E-4
<2335,admissions2-0,stu4-14application4-14,setStatus> 1.7473337212690183E-4
<2336,stu3-18,gradebook3-3,readMyScores> 2.5996787655705077E-5
<2337,registrar2-1,transcript0-6,read> 1.1519551686751869E-4
<2338,registrar2-1,transcript0-1,read> 1.8029651538588846E-4
<2339,registrar2-1,transcript0-0,read> 1.876466281218335E-4
<2340,admissions2-1,stu4-17application4-17,read> 8.241375714794807E-5
<2341,registrar2-1,transcript0-5,read> 1.1729554907778868E-4
<2342,stu5-5,gradebook5-3,readMyScores> 5.550953439700142E-5
<2343,registrar2-1,roster0-7,write> 1.5053811590913464E-4
<2344,registrar4-0,roster3-9,write> 1.1298781328130673E-4
<2345,registrar2-1,transcript0-4,read> 1.1204546855211371E-4
<2346,registrar2-1,transcript0-3,read> 1.130954846572487E-4
<2347,fac3-0,gradebook3-1,changeScore> 4.75961906866526E-4
<2348,admissions4-0,stu5-15application5-15,read> 3.9876615748882216E-5
<2349,registrar4-1,roster2-8,read> 1.7164506839906552E-4
<2350,registrar2-1,transcript0-2,read> 1.834465637012935E-4
<2351,stu5-5,gradebook5-4,readMyScores> 4.517694442114698E-5
<2352,registrar4-0,roster3-5,write> 1.1034030777117602E-4
<2353,stu5-5,gradebook5-6,readMyScores> 4.6303570833542084E-5
<2354,admissions2-0,application5-1,read> 1.8464506406048626E-4
<2355,admissions2-1,stu2-8application2-8,read> 1.8679001949891138E-4
<2356,registrar4-0,roster3-4,write> 1.0703092588351269E-4
<2357,registrar4-0,roster3-7,write> 1.1166406052624136E-4
<2358,admissions2-1,stu1-17application1-17,read> 5.679412911634802E-5
<2359,admissions2-1,stu4-16application4-16,read> 1.4266732677782235E-4
<2360,registrar4-0,roster3-1,write> 1.0636904950597999E-4
<2361,registrar4-0,roster3-3,write> 1.0901655501611068E-4
<2362,admissions4-1,stu3-16application3-16,setStatus> 3.9449537487814396E-5
<2363,stu3-19,gradebook3-9,readMyScores> 2.294435346519213E-5
<2364,stu3-19,gradebook3-7,readMyScores> 5.0920707497072335E-5
<2365,admissions4-0,stu1-3application1-3,read> 1.3671688445447951E-4
<2366,registrar2-0,transcript0-5,read> 1.167753914322109E-4
<2367,registrar2-0,transcript0-6,read> 1.1468467200336116E-4
<2368,registrar2-0,transcript0-7,read> 1.1991147057548549E-4
<2369,stu3-19,gradebook3-3,readMyScores> 2.5562300953938416E-5
<2370,registrar2-0,transcript0-9,read> 1.220021900043352E-4
<2371,admissions2-1,application3-2,setStatus> 1.346261493348233E-4
<2372,stu1-13,transcript1-13,read> 1.8698201666880572E-4
<2373,stu4-13,gradebook4-7,addScore> 1.5564207039072924E-4
<2374,registrar2-0,transcript0-0,read> 1.868144922986768E-4
<2375,registrar2-0,transcript0-2,read> 1.8263305344097734E-4
<2376,registrar2-0,transcript0-4,read> 1.1154859286008658E-4
<2377,registrar2-0,transcript0-3,read> 1.1259395257451144E-4
<2378,admissions4-0,application5-0,setStatus> 2.1094443387599784E-4
<2379,stu5-4,gradebook5-8,readMyScores> 3.409283485865566E-5
<2380,stu5-4,gradebook5-5,readMyScores> 4.4709687172811466E-5
<2381,stu5-4,gradebook5-9,readMyScores> 4.131494666345917E-5
<2382,admissions0-0,application1-3,read> 2.5954214558640327E-5
<2383,admissions2-0,stu0-8application0-8,read> 1.420016735330783E-4
<2384,admissions0-0,application1-4,read> 1.666584699990977E-5
<2385,admissions0-0,application1-1,read> 2.4212645641378348E-5
<2386,admissions0-0,application1-2,read> 2.5373691586219667E-5
<2387,admissions0-1,stu4-19application4-19,read> 7.33081741066196E-5
<2388,admissions0-0,application1-0,read> 2.305159969653703E-5
<2389,admissions4-0,stu5-4application5-4,setStatus> 7.001848625827455E-5
<2390,admissions0-1,stu2-11application2-11,read> 7.909375838336695E-5
<2391,registrar4-0,roster2-6,read> 1.6627920349108585E-4
<2392,registrar0-1,transcript0-7,read> 1.151043292161119E-4
<2393,admissions4-1,stu4-11application4-11,setStatus> 2.0073754490960188E-4
<2394,stu5-3,gradebook5-2,readMyScores> 1.259275104535918E-4
<2395,stu5-3,gradebook5-5,readMyScores> 4.119049891591754E-5
<2396,admissions2-1,stu5-11application5-11,read> 1.0091682183743703E-4
<2397,stu1-16,gradebook1-6,addScore> 1.0795544341697842E-4
<2398,admissions0-0,stu2-15application2-15,setStatus> 4.664524072906533E-5
<2399,stu5-3,gradebook5-7,readMyScores> 6.799383653349949E-5
<2400,registrar4-0,roster1-7,write> 1.798373274121067E-4
<2401,stu5-3,gradebook5-6,readMyScores> 4.3121770306101575E-5
<2402,admissions0-1,application1-4,read> 1.660944819449553E-5
<2403,admissions0-1,application1-0,read> 2.2973590898917614E-5
<2404,admissions0-1,application1-1,read> 2.4130707754267086E-5
<2405,admissions0-1,application1-2,read> 2.528782460961656E-5
<2406,admissions4-1,stu0-6application0-6,read> 5.51340888060419E-5
<2407,admissions0-1,application1-3,read> 2.5866383037291293E-5
<2408,admissions0-0,stu2-11application2-11,read> 7.936232802134102E-5
<2409,admissions4-0,stu4-11application4-11,setStatus> 1.991538167446346E-4
<2410,admissions2-1,stu0-16application0-16,read> 1.1325219829709635E-4
<2411,admissions4-1,stu5-15application5-15,read> 4.019372601328685E-5
<2412,admissions0-0,stu0-12application0-12,read> 5.8463501014197265E-5
<2413,admissions0-0,stu1-8application1-8,setStatus> 1.6868700197659038E-4
<2414,admissions4-0,stu3-12application3-12,read> 6.952159596488138E-5
<2415,stu4-11,gradebook4-7,addScore> 1.5812242211010345E-4
<2416,stu5-2,gradebook5-9,readMyScores> 3.86542345348643E-5
<2417,stu5-2,gradebook5-7,readMyScores> 6.905005146994221E-5
<2418,admissions2-0,stu1-17application1-17,read> 5.8675508134694955E-5
<2419,stu5-2,gradebook5-4,readMyScores> 4.272611560987319E-5
<2420,admissions4-0,stu5-15application5-15,setStatus> 4.531433607827525E-5
<2421,registrar4-1,transcript1-4,read> 3.744600533309725E-4
<2422,admissions4-0,stu3-19application3-19,read> 1.4956304254807915E-4
<2423,admissions2-1,stu4-18application4-18,setStatus> 1.062542443440204E-5
<2424,admissions2-1,stu3-3application3-3,read> 1.7635239326381502E-4
<2425,registrar4-1,transcript1-0,read> 3.223014927914174E-4
<2426,registrar4-1,transcript1-1,read> 3.1987551323143815E-4
<2427,registrar4-1,transcript1-2,read> 3.7688603289095184E-4
<2428,admissions2-0,application2-4,read> 5.67148924782624E-5
<2429,admissions2-1,stu4-5application4-5,read> 7.339944358127399E-5
<2430,admissions2-0,application2-1,read> 5.083304550896475E-5
<2431,registrar4-1,transcript1-7,read> 3.7324706355098294E-4
<2432,admissions4-1,stu5-4application5-4,read> 6.21062581093276E-5
<2433,admissions0-0,application0-0,read> 7.297657532471377E-5
<2434,registrar0-1,roster4-1,write> 9.993209745164217E-5
<2435,admissions4-1,stu5-4application5-4,setStatus> 7.05752933060541E-5
<2436,registrar4-1,transcript1-9,read> 3.7082108399100357E-4
<2437,admissions2-1,stu0-19application0-19,read> 9.38002584953259E-5
<2438,registrar0-1,roster4-3,write> 1.0104425619907522E-4
<2439,admissions2-0,application2-2,read> 5.132319942307289E-5
<2440,admissions2-1,application2-0,read> 4.87286906619554E-5
<2441,admissions2-1,stu5-10application5-10,setStatus> 1.9339171026589255E-4
<2442,admissions4-1,stu5-5application5-5,setStatus> 9.943735779205814E-5
<2443,admissions2-1,application2-4,read> 5.489637889178505E-5
<2444,admissions2-1,application2-3,read> 5.394750377950357E-5
<2445,admissions4-0,stu1-1application1-1,setStatus> 2.2048921917281578E-4
<2446,stu1-10,gradebook1-3,readMyScores> 3.790903342264085E-5
<2447,registrar4-0,transcript1-7,read> 3.675158226519275E-4
<2448,registrar2-1,roster0-8,read> 2.2059143667817245E-4
<2449,admissions2-1,application2-2,read> 4.967756577423689E-5
<2450,registrar2-0,roster5-4,read> 1.1765585744098316E-4
<2451,registrar4-0,transcript1-6,read> 3.663214584347784E-4
<2452,admissions2-0,application4-0,read> 1.3219859525091554E-4
<2453,admissions2-1,application2-1,read> 4.9203128218096144E-5
<2454,admissions0-1,stu3-12application3-12,setStatus> 9.25090819250749E-5
<2455,stu5-4,gradebook5-2,addScore> 2.207226651143811E-4
<2456,admissions2-1,stu5-17application5-17,read> 1.1941988652692598E-4
<2457,admissions4-0,stu3-17application3-17,read> 1.401754654796794E-4
<2458,admissions0-1,stu0-19application0-19,setStatus> 1.299838891721884E-4
<2459,stu3-8,gradebook3-9,readMyScores> 3.4514027450473144E-5
<2460,admissions4-0,stu5-5application5-5,setStatus> 9.865284214872829E-5
<2461,stu3-8,gradebook3-5,readMyScores> 3.1563017517076754E-5
<2462,stu3-8,gradebook3-2,readMyScores> 3.8033163858685314E-5
<2463,stu2-19,gradebook2-9,readScore> 1.1406240259009401E-4
<2464,admissions4-0,stu2-13application2-13,read> 1.0015474218808053E-4
<2465,admissions2-0,stu5-17application5-17,read> 1.233758247969691E-4
<2466,admissions0-0,stu0-19application0-19,setStatus> 1.3042526061250143E-4
<2467,admissions0-0,stu3-14application3-14,setStatus> 1.5351424247014134E-4
<2468,admissions4-0,stu3-9application3-9,read> 8.088550504768105E-5
<2469,stu3-9,gradebook3-9,readMyScores> 3.412403843973334E-5
<2470,admissions4-1,stu2-0application2-0,read> 9.94571650912152E-5
<2471,admissions2-0,stu3-3application3-3,read> 1.8219429448994556E-4
<2472,stu3-9,gradebook3-2,readMyScores> 3.760341059474536E-5
<2473,admissions2-0,stu4-18application4-18,setStatus> 1.0977405368046827E-5
<2474,admissions4-1,stu2-13application2-13,read> 1.0095120137049072E-4
<2475,admissions4-0,stu5-4application5-4,read> 6.16162679072816E-5
<2476,admissions2-0,stu2-1application2-1,read> 1.1014166911604937E-4
<2477,admissions0-1,stu2-8application2-8,setStatus> 2.588446298815613E-4
<2478,stu2-18,gradebook2-3,readScore> 2.9497289665743716E-4
<2479,registrar0-1,roster3-4,write> 8.992266872474458E-5
<2480,admissions4-1,application4-0,read> 1.3431801160764364E-4
<2481,registrar0-0,transcript2-9,read> 2.0031957748829928E-4
<2482,stu3-6,gradebook3-5,readMyScores> 3.0730847563707497E-5
<2483,registrar0-0,transcript2-6,read> 1.902384916008613E-4
<2484,registrar4-1,transcript5-12,read> 3.603590471385928E-5
<2485,registrar4-1,transcript5-13,read> 3.239693537389032E-5
<2486,admissions2-1,stu5-10application5-10,read> 1.701847050339854E-4
<2487,registrar4-1,transcript5-10,read> 3.846188427383859E-5
<2488,stu3-6,gradebook3-8,readMyScores> 3.556512179106237E-5
<2489,registrar0-0,transcript2-7,read> 1.9326281736709266E-4
<2490,registrar4-1,transcript5-11,read> 3.3609925153879974E-5
<2491,stu3-6,gradebook3-7,readMyScores> 7.457792004528724E-5
<2492,registrar0-0,transcript2-2,read> 1.942709259558365E-4
<2493,registrar0-0,transcript2-1,read> 1.9527903454458028E-4
<2494,admissions0-0,stu1-12application1-12,read> 1.37414625263407E-4
<2495,registrar4-1,transcript5-17,read> 2.6331986473942056E-5
<2496,admissions4-1,stu3-3application3-3,read> 1.851152451030108E-4
<2497,registrar4-1,transcript5-14,read> 3.118394559390067E-5
<2498,registrar0-0,transcript2-3,read> 1.972952517220679E-4
<2499,admissions0-0,stu4-3application4-3,read> 2.268151630161886E-4
<2500,fac0-0,gradebook0-1,assignGrade> 1.1589587482344014E-4
<2501,registrar4-1,transcript5-15,read> 2.9970955813911017E-5
<2502,registrar4-0,transcript5-19,read> 2.2344563895831472E-5
<2503,registrar4-0,transcript5-18,read> 2.4733292330129716E-5
<2504,registrar4-0,transcript5-17,read> 2.5927656547278835E-5
<2505,admissions0-0,stu5-6application5-6,setStatus> 3.9388703573807074E-5
<2506,admissions4-1,application4-3,read> 1.4278421719020483E-4
<2507,admissions0-1,stu4-16application4-16,setStatus> 1.9770152332048132E-4
<2508,admissions2-1,stu3-15application3-15,setStatus> 1.5187842410357757E-4
<2509,admissions4-1,application4-4,read> 1.42286205097113E-4
<2510,admissions4-1,stu4-9application4-9,read> 1.193776488148886E-4
<2511,stu3-7,gradebook3-3,readMyScores> 3.685895519987154E-5
<2512,admissions4-1,stu1-11application1-11,setStatus> 1.7810063158724574E-4
<2513,stu3-7,gradebook3-5,readMyScores> 3.0255321876067924E-5
<2514,registrar0-1,transcript2-9,read> 1.9939431385093993E-4
<2515,stu3-7,gradebook3-9,readMyScores> 3.308406774442718E-5
<2516,registrar4-0,transcript5-10,read> 3.787129871877005E-5
<2517,registrar4-0,transcript5-11,read> 3.3093841850173566E-5
<2518,stu1-7,gradebook1-3,readMyScores> 7.865706934829883E-5
<2519,admissions2-0,stu5-10application5-10,read> 1.758222936065398E-4
<2520,registrar4-0,transcript5-12,read> 3.54825702844718E-5
<2521,registrar0-1,transcript2-5,read> 1.9036324406863692E-4
<2522,registrar4-0,transcript5-13,read> 3.189947763302444E-5
<2523,registrar0-1,transcript2-4,read> 1.9538050505880526E-4
<2524,registrar4-0,transcript5-14,read> 3.070511341587532E-5
<2525,registrar0-1,transcript2-3,read> 1.963839572568389E-4
<2526,registrar4-0,transcript5-15,read> 2.95107491987262E-5
<2527,stu2-11,gradebook2-5,readMyScores> 1.78851574311415E-4
<2528,admissions4-0,application0-2,read> 5.963993589288166E-5
<2529,stu5-4,stu5-4application5-4,checkStatus> 7.500995955827881E-4
<2530,registrar4-0,transcript5-16,read> 2.7122020764427957E-5
<2531,registrar0-1,transcript2-0,read> 2.3451514078211828E-4
<2532,stu2-10,gradebook2-7,readMyScores> 1.280997231138857E-4
<2533,admissions4-1,stu3-19application3-19,setStatus> 1.713095575905389E-4
<2534,stu2-10,gradebook2-6,readMyScores> 1.789527589822875E-4
<2535,stu2-5,gradebook2-8,readMyScores> 1.6117968957158707E-4
<2536,admissions2-0,stu5-12application5-12,read> 8.465366558242623E-5
<2537,admissions2-1,stu1-4application1-4,read> 1.8441783171820766E-4
<2538,admissions4-0,application4-0,read> 1.332583034292796E-4
<2539,admissions4-0,stu4-9application4-9,read> 1.1843581332128001E-4
<2540,admissions4-0,application4-1,read> 1.396813824760794E-4
<2541,registrar0-1,transcript4-0,read> 2.1043228802931026E-4
<2542,admissions4-0,application4-2,read> 1.3869321646887945E-4
<2543,registrar2-0,transcript2-14,read> 3.519813271778054E-4
<2544,admissions4-0,application4-3,read> 1.4165771449047934E-4
<2545,admissions4-0,stu0-17application0-17,read> 1.8414885280007817E-4
<2546,admissions4-0,application4-4,read> 1.4116363148687937E-4
<2547,chair0,transcript0-7,read> 6.580203232903067E-4
<2548,registrar2-0,roster0-8,write> 1.597186939221922E-4
<2549,stu3-4,gradebook3-3,readMyScores> 4.0190019913415934E-5
<2550,registrar2-0,roster0-7,write> 1.4987054111574602E-4
<2551,registrar2-1,roster2-7,read> 1.4698317127309388E-4
<2552,registrar2-0,roster0-6,write> 1.5044984422200755E-4
<2553,registrar4-0,transcript2-3,read> 2.337470303312259E-4
<2554,registrar2-0,roster0-5,write> 1.4871193490322292E-4
<2555,registrar2-0,roster0-4,write> 1.4929123800948445E-4
<2556,registrar2-0,roster0-3,write> 1.4639472247817675E-4
<2557,registrar2-0,roster0-2,write> 1.4755332869069985E-4
<2558,stu0-8,gradebook0-1,readMyScores> 2.929473363990016E-5
<2559,registrar2-0,roster0-1,write> 1.4523611626565368E-4
<2560,admissions2-1,stu5-18application5-18,setStatus> 1.2276521043130475E-4
<2561,stu3-4,gradebook3-8,readMyScores> 3.81791926383745E-5
<2562,registrar2-0,roster1-1,write> 1.556635721783614E-4
<2563,admissions2-1,stu4-16application4-16,setStatus> 1.621219622475254E-4
<2564,admissions0-1,stu0-8application0-8,read> 1.6761319781760143E-4
<2565,stu3-4,gradebook3-6,readMyScores> 5.191138280132201E-5
<2566,admissions2-1,stu1-0application1-0,read> 1.7492908059539282E-4
<2567,registrar4-0,transcript2-9,read> 2.3733012298267326E-4
<2568,registrar4-0,transcript2-7,read> 2.2896957346262942E-4
<2569,registrar4-0,transcript2-8,read> 2.277752092454803E-4
<2570,registrar4-1,transcript2-5,read> 2.301142695122038E-4
<2571,admissions4-1,application5-4,read> 1.9109139022011282E-4
<2572,registrar4-1,transcript2-4,read> 2.361792184121521E-4
<2573,registrar4-1,transcript2-3,read> 2.373922081921417E-4
<2574,registrar4-1,transcript2-0,read> 2.8348581983174854E-4
<2575,chair0,transcript0-8,read> 6.465473935707518E-4
<2576,stu3-5,gradebook3-1,readMyScores> 1.1852100376267316E-4
<2577,registrar4-1,roster0-9,read> 2.5667812000892346E-4
<2578,admissions2-0,stu5-18application5-18,setStatus> 1.2683196688451567E-4
<2579,stu3-5,gradebook3-6,readMyScores> 5.1350178662929335E-5
<2580,stu3-5,gradebook3-9,readMyScores> 3.568399448269258E-5
<2581,stu3-5,gradebook3-8,readMyScores> 3.776644460985154E-5
<2582,registrar4-1,transcript2-7,read> 2.325402490721831E-4
<2583,admissions2-0,stu4-5application4-5,read> 7.583089512847976E-5
<2584,admissions2-1,stu1-4application1-4,setStatus> 2.0956571786159964E-4
<2585,admissions0-1,stu3-2application3-2,read> 5.7687096559401735E-5
<2586,admissions2-0,application2-1,setStatus> 5.7764824442005406E-5
<2587,stu0-15,gradebook0-7,addScore> 6.620246788917799E-5
<2588,admissions0-0,stu5-11application5-11,read> 1.2348207392531114E-4
<2589,stu2-14,gradebook2-3,readMyScores> 1.2592486255636736E-4
<2590,registrar4-1,transcript1-16,read> 4.452683317378686E-5
<2591,stu3-2,gradebook3-3,readMyScores> 3.9321046509882614E-5
<2592,admissions0-1,stu5-6application5-6,setStatus> 3.9255408468650366E-5
<2593,stu2-14,gradebook2-7,readMyScores> 1.1222257433357312E-4
<2594,admissions2-1,stu5-2application5-2,read> 1.3507632587957049E-4
<2595,stu3-2,gradebook3-8,readMyScores> 3.735369658132856E-5
<2596,admissions2-1,stu2-9application2-9,read> 1.692358299217039E-4

