<0,stu2-8,stu2-8application2-8,checkStatus> null
<1,admissions4-0,stu3-8application3-8,setStatus> null
<2,stu0-2,transcript0-2,read> null
<3,chair2,transcript2-12,read> null
<4,chair5,transcript5-1,read> null
<5,registrar2-0,transcript4-10,read> null
<6,fac4-3,roster4-7,read> null
<7,fac4-2,roster4-4,read> null
<8,stu0-8,gradebook0-2,readMyScores> null
<9,registrar0-0,transcript2-10,read> null
<10,stu4-4,stu4-4application4-4,checkStatus> null
<11,stu5-10,gradebook5-1,readMyScores> null
<12,chair4,transcript4-18,read> null
<13,admissions0-1,stu2-9application2-9,read> null
<14,admissions0-0,stu1-0application1-0,read> null
<15,fac0-1,roster0-2,read> null
<16,registrar4-0,transcript4-13,read> null
<17,registrar2-1,transcript4-2,read> null
<18,stu3-15,transcript3-15,read> null
<19,stu1-4,transcript1-4,read> null
<20,fac0-2,roster0-5,read> null
<21,registrar4-1,transcript5-5,read> null
<22,stu3-5,stu3-5application3-5,checkStatus> null
<23,admissions2-1,stu5-4application5-4,setStatus> null
<24,fac5-4,gradebook5-8,changeScore> null
<25,registrar4-0,transcript0-2,read> null
<26,registrar0-1,transcript0-18,read> null
<27,admissions2-0,application5-3,setStatus> null
<28,admissions2-0,stu4-0application4-0,setStatus> null
<29,stu1-4,stu1-4application1-4,checkStatus> null
<30,registrar0-1,roster1-5,write> null
<31,admissions0-1,application2-2,setStatus> null
<32,chair0,transcript0-1,read> null
<33,registrar0-0,roster3-8,read> null
<34,admissions0-1,stu2-7application2-7,read> null
<35,registrar2-1,roster5-2,write> null
<36,stu5-13,stu5-13application5-13,checkStatus> null
<37,chair5,transcript5-6,read> null
<38,app3-3,application3-3,checkStatus> null
<39,registrar4-0,roster1-9,write> null
<40,chair0,transcript0-11,read> null
<41,admissions4-0,stu1-14application1-14,read> null
<42,fac2-3,gradebook2-6,addScore> null
<43,stu1-12,transcript1-12,read> null
<44,fac4-3,gradebook4-6,readScore> null
<45,stu4-3,gradebook4-5,addScore> null
<46,stu1-12,stu1-12application1-12,checkStatus> null
<47,registrar0-1,transcript2-9,read> null
<48,chair4,transcript4-2,read> null
<49,fac0-0,roster0-1,read> null
<50,registrar2-0,transcript2-11,read> null
<51,chair0,transcript0-8,read> null
<52,app4-3,application4-3,checkStatus> null
<53,admissions2-0,stu4-1application4-1,read> null
<54,chair4,transcript4-6,read> null
<55,registrar4-0,roster2-3,read> null
<56,chair4,transcript4-3,read> null
<57,admissions0-0,stu0-17application0-17,setStatus> null
<58,stu0-4,stu0-4application0-4,checkStatus> null
<59,chair1,transcript1-3,read> null
<60,admissions0-0,stu4-12application4-12,setStatus> null
<61,fac4-0,gradebook4-1,readScore> null
<62,fac0-4,gradebook0-9,addScore> null
<63,admissions2-1,stu5-8application5-8,read> null
<64,stu3-8,stu3-8application3-8,checkStatus> null
<65,registrar2-1,transcript4-9,read> null
<66,stu1-10,stu1-10application1-10,checkStatus> null
<67,stu0-3,transcript0-3,read> null
<68,fac2-3,roster2-6,read> null
<69,registrar4-1,transcript0-13,read> null
<70,stu2-13,transcript2-13,read> null
<71,stu5-15,gradebook5-3,addScore> null
<72,registrar0-1,roster4-4,read> null
<73,stu2-5,gradebook2-5,readMyScores> null
<74,chair4,transcript4-15,read> null
<75,stu4-1,gradebook4-5,readMyScores> null
<76,registrar2-1,roster5-6,write> null
<77,admissions0-1,stu0-18application0-18,read> null
<78,fac2-3,gradebook2-7,readScore> null
<79,chair5,transcript5-2,read> null
<80,admissions0-0,stu4-1application4-1,setStatus> null
<81,stu5-9,transcript5-9,read> null
<82,fac3-1,roster3-3,read> null
<83,registrar0-1,transcript4-13,read> null
<84,chair0,transcript0-17,read> null
<85,stu3-14,transcript3-14,read> null
<86,registrar0-1,transcript0-9,read> null
<87,chair4,transcript4-17,read> null
<88,registrar4-0,transcript2-18,read> null
<89,registrar4-1,transcript2-10,read> null
<90,stu3-2,stu3-2application3-2,checkStatus> null
<91,app2-1,application2-1,checkStatus> null
<92,stu5-7,transcript5-7,read> null
<93,stu3-1,stu3-1application3-1,checkStatus> null
<94,stu4-0,gradebook4-5,readMyScores> null
<95,stu2-4,transcript2-4,read> null
<96,stu3-11,transcript3-11,read> null
<97,stu2-14,gradebook2-8,addScore> null
<98,stu5-12,stu5-12application5-12,checkStatus> null
<99,chair2,transcript2-16,read> null
<100,chair5,transcript5-5,read> null
<101,admissions2-1,stu3-6application3-6,setStatus> null
<102,chair5,transcript5-4,read> null
<103,registrar0-0,transcript4-1,read> null
<104,admissions4-0,stu1-11application1-11,read> null
<105,stu0-14,stu0-14application0-14,checkStatus> null
<106,fac2-4,roster2-8,read> null
<107,admissions4-0,stu5-13application5-13,setStatus> null
<108,fac2-1,gradebook2-3,addScore> null
<109,fac2-2,gradebook2-4,changeScore> null
<110,registrar4-1,transcript2-6,read> null
<111,chair2,transcript2-17,read> null
<112,fac3-2,roster3-4,read> null
<113,admissions4-1,stu5-3application5-3,setStatus> null
<114,app5-3,application5-3,checkStatus> null
<115,stu1-17,stu1-17application1-17,checkStatus> null
<116,chair0,transcript0-14,read> null
<117,registrar2-1,roster4-3,write> null
<118,chair4,transcript4-13,read> null
<119,registrar4-0,transcript2-10,read> null
<120,stu0-9,gradebook0-2,readMyScores> null
<121,fac0-3,roster0-7,read> null
<122,fac1-0,gradebook1-1,readScore> null
<123,fac4-4,gradebook4-9,changeScore> null
<124,stu1-1,transcript1-1,read> null
<125,stu2-17,transcript2-17,read> null
<126,admissions2-0,application5-3,read> null
<127,stu1-14,stu1-14application1-14,checkStatus> null
<128,registrar0-0,roster1-4,read> null
<129,admissions4-1,application4-3,read> null
<130,stu4-9,stu4-9application4-9,checkStatus> null
<131,stu0-12,transcript0-12,read> null
<132,admissions4-0,stu1-11application1-11,setStatus> null
<133,app5-1,application5-1,checkStatus> null
<134,chair2,transcript2-18,read> null
<135,admissions2-0,stu4-5application4-5,read> null
<136,stu2-0,transcript2-0,read> null
<137,registrar4-0,roster1-4,read> null
<138,admissions2-1,stu3-8application3-8,setStatus> null
<139,stu2-2,stu2-2application2-2,checkStatus> null
<140,stu1-9,gradebook1-4,readMyScores> null
<141,stu2-13,stu2-13application2-13,checkStatus> null
<142,admissions4-1,stu4-4application4-4,read> null
<143,chair0,transcript0-12,read> null
<144,registrar2-1,transcript4-6,read> null
<145,stu2-12,transcript2-12,read> null
<146,chair2,transcript2-4,read> null
<147,registrar4-0,transcript3-15,read> null
<148,registrar0-1,transcript0-19,read> null
<149,registrar4-0,transcript0-18,read> null
<150,stu4-17,transcript4-17,read> null
<151,registrar0-1,transcript4-4,read> null
<152,admissions0-1,stu1-12application1-12,setStatus> null
<153,stu0-12,stu0-12application0-12,checkStatus> null
<154,chair0,transcript0-18,read> null
<155,admissions0-1,stu0-8application0-8,read> null
<156,chair3,transcript3-3,read> null
<157,admissions4-0,application3-4,setStatus> null
<158,fac5-1,roster5-2,read> null
<159,registrar4-1,transcript4-18,read> null
<160,registrar4-1,roster2-6,read> null
<161,stu2-2,gradebook2-1,readMyScores> null
<162,stu0-11,stu0-11application0-11,checkStatus> null
<163,fac3-4,gradebook3-9,readScore> null
<164,stu0-13,stu0-13application0-13,checkStatus> null
<165,stu4-2,transcript4-2,read> null
<166,admissions2-1,stu3-1application3-1,setStatus> null
<167,fac3-3,gradebook3-7,changeScore> null
<168,fac1-3,roster1-7,read> null
<169,stu5-5,transcript5-5,read> null
<170,fac3-4,roster3-9,read> null
<171,registrar4-0,roster0-8,read> null
<172,stu0-13,transcript0-13,read> null
<173,stu5-3,transcript5-3,read> null
<174,registrar0-0,roster2-1,write> null
<175,stu1-8,stu1-8application1-8,checkStatus> null
<176,stu2-16,gradebook2-3,addScore> null
<177,stu3-6,stu3-6application3-6,checkStatus> null
<178,chair1,transcript1-5,read> null
<179,registrar2-1,transcript1-4,read> null
<180,admissions2-0,stu2-11application2-11,read> null
<181,registrar0-0,transcript4-17,read> null
<182,registrar2-0,transcript5-8,read> null
<183,fac5-4,roster5-9,read> null
<184,stu3-18,transcript3-18,read> null
<185,admissions2-0,stu0-8application0-8,setStatus> null
<186,admissions0-0,application5-0,setStatus> null
<187,stu0-9,stu0-9application0-9,checkStatus> null
<188,admissions2-1,stu0-5application0-5,setStatus> null
<189,chair1,transcript1-2,read> null
<190,stu0-9,gradebook0-8,addScore> null
<191,stu5-6,transcript5-6,read> null
<192,admissions4-0,stu1-9application1-9,read> null
<193,stu3-7,gradebook3-7,readMyScores> null
<194,stu1-0,stu1-0application1-0,checkStatus> null
<195,registrar2-1,transcript4-17,read> null
<196,registrar4-0,roster3-7,write> null
<197,registrar4-0,roster1-7,read> null
<198,registrar4-1,transcript5-8,read> null
<199,stu2-10,gradebook2-9,readMyScores> null
<200,admissions2-0,stu3-15application3-15,setStatus> null
<201,chair3,transcript3-10,read> null
<202,stu3-9,stu3-9application3-9,checkStatus> null
<203,registrar2-0,transcript4-15,read> null
<204,admissions2-0,stu1-5application1-5,read> null
<205,fac2-4,roster2-9,read> null
<206,registrar4-0,transcript3-19,read> null
<207,chair3,transcript3-13,read> null
<208,admissions2-0,stu1-15application1-15,setStatus> null
<209,registrar2-1,roster3-2,read> null
<210,stu2-12,gradebook2-6,readMyScores> null
<211,chair2,transcript2-6,read> null
<212,admissions4-0,stu5-15application5-15,setStatus> null
<213,admissions2-0,stu3-8application3-8,setStatus> null
<214,admissions4-1,stu1-14application1-14,read> null
<215,registrar4-0,transcript4-7,read> null
<216,admissions0-1,application5-3,setStatus> null
<217,chair5,transcript5-9,read> null
<218,registrar0-1,transcript1-0,read> null
<219,chair1,transcript1-7,read> null
<220,admissions0-0,stu2-16application2-16,read> null
<221,admissions4-0,stu4-17application4-17,setStatus> null
<222,app4-1,application4-1,checkStatus> null
<223,registrar0-1,transcript3-18,read> null
<224,registrar0-0,roster4-9,read> null
<225,admissions2-1,stu5-10application5-10,read> null
<226,fac2-0,gradebook2-1,changeScore> null
<227,stu0-3,stu0-3application0-3,checkStatus> null
<228,admissions4-0,stu5-16application5-16,setStatus> null
<229,admissions2-1,stu1-4application1-4,setStatus> null
<230,admissions0-1,stu1-5application1-5,setStatus> null
<231,stu1-2,stu1-2application1-2,checkStatus> null
<232,stu0-15,stu0-15application0-15,checkStatus> null
<233,fac1-3,roster1-6,read> null
<234,fac4-2,roster4-5,read> null
<235,fac3-1,gradebook3-2,assignGrade> null
<236,stu1-2,transcript1-2,read> null
<237,stu1-5,stu1-5application1-5,checkStatus> null
<238,stu1-8,gradebook1-7,readMyScores> null
<239,fac5-1,gradebook5-2,changeScore> null
<240,stu3-12,stu3-12application3-12,checkStatus> null
<241,registrar2-0,transcript1-4,read> null
<242,admissions4-0,stu5-0application5-0,read> null
<243,stu4-10,stu4-10application4-10,checkStatus> null
<244,chair2,transcript2-15,read> null
<245,fac0-4,roster0-9,read> null
<246,app1-2,application1-2,checkStatus> null
<247,fac4-3,roster4-6,read> null
<248,registrar0-1,transcript1-9,read> null
<249,stu1-1,stu1-1application1-1,checkStatus> null
<250,admissions2-0,stu3-19application3-19,read> null
<251,stu3-0,transcript3-0,read> null
<252,stu3-10,stu3-10application3-10,checkStatus> null
<253,admissions2-0,application4-3,read> null
<254,registrar0-0,transcript4-3,read> null
<255,admissions4-0,stu4-13application4-13,read> null
<256,chair3,transcript3-19,read> null
<257,admissions0-0,stu5-11application5-11,setStatus> null
<258,chair3,transcript3-1,read> null
<259,registrar0-1,transcript5-7,read> null
<260,registrar4-0,transcript5-3,read> null
<261,registrar0-1,roster3-4,read> null
<262,registrar4-0,roster1-2,read> null
<263,registrar0-0,roster5-5,write> null
<264,admissions4-1,stu0-3application0-3,setStatus> null
<265,stu5-16,stu5-16application5-16,checkStatus> null
<266,admissions2-0,stu1-0application1-0,setStatus> null
<267,app5-0,application5-0,checkStatus> null
<268,registrar0-0,roster2-4,read> null
<269,chair3,transcript3-7,read> null
<270,admissions0-0,application4-1,read> null
<271,registrar0-1,transcript1-4,read> null
<272,admissions4-1,stu5-12application5-12,setStatus> null
<273,registrar4-0,transcript1-2,read> null
<274,registrar4-0,transcript1-8,read> null
<275,stu0-10,transcript0-10,read> null
<276,stu4-16,stu4-16application4-16,checkStatus> null
<277,stu1-15,stu1-15application1-15,checkStatus> null
<278,registrar4-1,transcript2-8,read> null
<279,fac0-2,roster0-4,read> null
<280,stu1-18,stu1-18application1-18,checkStatus> null
<281,registrar0-0,roster3-3,read> null
<282,chair1,transcript1-4,read> null
<283,stu2-0,stu2-0application2-0,checkStatus> null
<284,registrar2-1,roster1-1,read> null
<285,admissions0-0,stu1-10application1-10,setStatus> null
<286,admissions2-0,stu1-13application1-13,read> null
<287,stu3-17,gradebook3-8,readMyScores> null
<288,admissions4-0,stu1-8application1-8,setStatus> null
<289,admissions0-0,stu3-15application3-15,setStatus> null
<290,chair5,transcript5-3,read> null
<291,chair3,transcript3-14,read> null
<292,registrar2-1,roster0-9,read> null
<293,registrar4-1,transcript3-14,read> null
<294,fac5-2,roster5-4,read> null
<295,fac2-1,gradebook2-2,changeScore> null
<296,chair0,transcript0-15,read> null
<297,admissions2-0,stu5-3application5-3,read> null
<298,registrar0-1,transcript2-16,read> null
<299,registrar4-0,transcript4-0,read> null
<300,stu0-1,transcript0-1,read> null
<301,registrar4-1,roster0-7,read> null
<302,fac2-1,gradebook2-2,addScore> null
<303,fac2-2,gradebook2-5,readScore> null
<304,registrar4-1,transcript4-16,read> null
<305,fac2-3,roster2-7,read> null
<306,stu1-16,stu1-16application1-16,checkStatus> null
<307,stu1-3,stu1-3application1-3,checkStatus> null
<308,stu5-3,stu5-3application5-3,checkStatus> null
<309,admissions4-0,stu4-5application4-5,read> null
<310,stu3-13,transcript3-13,read> null
<311,fac0-4,roster0-8,read> null
<312,registrar0-0,transcript2-19,read> null
<313,chair3,transcript3-9,read> null
<314,registrar0-0,transcript1-4,read> null
<315,fac1-4,roster1-9,read> null
<316,fac4-0,gradebook4-1,assignGrade> null
<317,stu2-3,transcript2-3,read> null
<318,chair4,transcript4-19,read> null
<319,stu2-19,stu2-19application2-19,checkStatus> null
<320,chair0,transcript0-16,read> null
<321,registrar0-1,roster0-3,write> null
<322,registrar4-0,roster3-1,read> null
<323,registrar4-1,roster4-1,write> null
<324,registrar0-0,roster2-2,write> null
<325,fac2-1,roster2-2,read> null
<326,fac1-2,gradebook1-5,changeScore> null
<327,fac4-4,gradebook4-9,assignGrade> null
<328,registrar0-0,roster0-6,read> null
<329,fac1-4,roster1-8,read> null
<330,registrar4-0,transcript5-7,read> null
<331,stu4-19,gradebook4-5,readMyScores> null
<332,admissions2-0,stu4-13application4-13,setStatus> null
<333,admissions4-0,application5-2,read> null
<334,stu5-1,transcript5-1,read> null
<335,stu5-12,gradebook5-3,readMyScores> null
<336,admissions4-0,stu1-4application1-4,read> null
<337,admissions0-1,stu2-1application2-1,read> null
<338,fac1-1,gradebook1-2,changeScore> null
<339,fac4-3,gradebook4-6,changeScore> null
<340,chair2,transcript2-11,read> null
<341,stu4-1,stu4-1application4-1,checkStatus> null
<342,admissions2-0,stu3-11application3-11,read> null
<343,registrar2-1,transcript4-18,read> null
<344,registrar2-0,roster0-9,read> null
<345,admissions0-0,stu3-18application3-18,setStatus> null
<346,admissions2-0,stu4-9application4-9,read> null
<347,registrar0-0,roster1-1,write> null
<348,admissions4-0,stu4-0application4-0,setStatus> null
<349,stu5-4,gradebook5-6,readMyScores> null
<350,registrar0-0,transcript5-4,read> null
<351,admissions2-1,stu2-3application2-3,setStatus> null
<352,registrar0-0,roster1-5,write> null
<353,fac2-1,gradebook2-3,changeScore> null
<354,fac2-1,gradebook2-3,readScore> null
<355,stu0-16,stu0-16application0-16,checkStatus> null
<356,admissions0-0,stu4-8application4-8,read> null
<357,registrar0-0,roster1-4,write> null
<358,registrar2-0,roster4-6,read> null
<359,fac4-3,gradebook4-7,readScore> null
<360,stu4-11,transcript4-11,read> null
<361,registrar0-0,roster1-3,write> null
<362,fac1-0,gradebook1-1,changeScore> null
<363,stu2-2,transcript2-2,read> null
<364,registrar4-0,transcript1-1,read> null
<365,admissions0-0,application5-0,read> null
<366,registrar2-0,transcript2-10,read> null
<367,fac5-0,roster5-1,read> null
<368,admissions2-1,stu1-14application1-14,read> null
<369,stu4-19,transcript4-19,read> null
<370,fac4-4,roster4-8,read> null
<371,registrar0-0,roster1-7,read> null
<372,chair5,transcript5-7,read> null
<373,fac1-1,gradebook1-2,assignGrade> null
<374,chair2,transcript2-19,read> null
<375,fac5-4,gradebook5-9,changeScore> null
<376,admissions0-1,stu4-0application4-0,setStatus> null
<377,admissions2-1,stu0-15application0-15,read> null
<378,stu4-3,stu4-3application4-3,checkStatus> null
<379,fac4-1,roster4-2,read> null
<380,stu1-19,transcript1-19,read> null
<381,stu2-18,gradebook2-4,readScore> null
<382,chair4,transcript4-11,read> null
<383,registrar0-0,roster1-2,write> null
<384,stu2-14,gradebook2-8,readScore> null
<385,registrar0-1,roster5-4,write> null
<386,stu3-15,stu3-15application3-15,checkStatus> null
<387,registrar0-0,transcript3-15,read> null
<388,registrar0-0,roster2-8,read> null
<389,stu3-19,transcript3-19,read> null
<390,admissions2-0,stu3-19application3-19,setStatus> null
<391,registrar2-0,transcript4-4,read> null
<392,chair0,transcript0-10,read> null
<393,app3-2,application3-2,checkStatus> null
<394,registrar0-0,roster1-9,write> null
<395,stu0-18,stu0-18application0-18,checkStatus> null
<396,admissions4-0,stu3-13application3-13,read> null
<397,admissions4-0,stu0-8application0-8,setStatus> null
<398,admissions0-1,application3-0,read> null
<399,stu2-15,transcript2-15,read> null
<400,admissions2-0,stu3-14application3-14,setStatus> null
<401,admissions2-1,stu2-18application2-18,setStatus> null
<402,registrar0-0,roster1-8,write> null
<403,stu2-18,stu2-18application2-18,checkStatus> null
<404,admissions2-1,application3-3,read> null
<405,stu4-2,stu4-2application4-2,checkStatus> null
<406,registrar2-1,transcript5-7,read> null
<407,stu4-11,stu4-11application4-11,checkStatus> null
<408,registrar2-0,transcript3-14,read> null
<409,stu3-11,stu3-11application3-11,checkStatus> null
<410,fac4-1,gradebook4-3,changeScore> null
<411,registrar4-0,transcript4-19,read> null
<412,fac0-3,roster0-6,read> null
<413,registrar2-1,roster4-3,read> null
<414,chair5,transcript5-8,read> null
<415,chair3,transcript3-12,read> null
<416,registrar0-1,transcript3-14,read> null
<417,stu1-5,transcript1-5,read> null
<418,admissions0-0,stu4-19application4-19,read> null
<419,stu3-14,stu3-14application3-14,checkStatus> null
<420,registrar4-1,transcript1-3,read> null
<421,fac4-2,gradebook4-5,assignGrade> null
<422,registrar2-1,transcript0-10,read> null
<423,registrar0-1,transcript0-5,read> null
<424,registrar0-0,roster1-7,write> null
<425,admissions4-1,stu4-14application4-14,setStatus> null
<426,registrar4-0,roster0-1,write> null
<427,admissions4-1,stu2-6application2-6,setStatus> null
<428,fac1-0,roster1-1,read> null
<429,registrar2-1,transcript1-12,read> null
<430,stu5-17,stu5-17application5-17,checkStatus> null
<431,chair1,transcript1-9,read> null
<432,chair2,transcript2-13,read> null
<433,app5-4,application5-4,checkStatus> null
<434,stu2-18,transcript2-18,read> null
<435,admissions2-1,application5-0,read> null
<436,registrar2-0,transcript5-9,read> null
<437,fac2-2,gradebook2-5,changeScore> null
<438,admissions4-0,stu1-1application1-1,read> null
<439,admissions0-0,stu0-4application0-4,read> null
<440,registrar2-1,roster3-5,read> null
<441,admissions0-0,stu1-1application1-1,setStatus> null
<442,admissions4-1,stu5-2application5-2,read> null
<443,stu5-7,gradebook5-4,readMyScores> null
<444,registrar0-0,roster1-6,write> null
<445,admissions0-0,stu1-5application1-5,read> null
<446,app3-4,application3-4,checkStatus> null
<447,admissions4-1,stu2-8application2-8,setStatus> null
<448,registrar4-1,roster1-2,read> null
<449,stu5-0,stu5-0application5-0,checkStatus> null
<450,admissions2-1,stu5-3application5-3,setStatus> null
<451,admissions2-0,stu0-10application0-10,read> null
<452,admissions0-0,stu1-13application1-13,setStatus> null
<453,chair3,transcript3-15,read> null
<454,admissions4-1,stu2-12application2-12,setStatus> null
<455,admissions0-0,stu0-3application0-3,setStatus> null
<456,stu2-9,stu2-9application2-9,checkStatus> null
<457,stu3-12,transcript3-12,read> null
<458,chair4,transcript4-4,read> null
<459,registrar2-0,roster1-5,read> null
<460,admissions2-1,stu1-12application1-12,read> null
<461,admissions2-1,application3-1,read> null
<462,app3-1,application3-1,checkStatus> null
<463,admissions4-1,application5-0,setStatus> null
<464,admissions0-0,stu4-16application4-16,read> null
<465,registrar0-1,transcript0-2,read> null
<466,registrar0-1,transcript4-15,read> null
<467,stu4-4,transcript4-4,read> null
<468,stu0-15,transcript0-15,read> null
<469,admissions4-1,stu4-12application4-12,setStatus> null
<470,fac2-3,gradebook2-6,readScore> null
<471,registrar2-0,transcript1-1,read> null
<472,registrar0-0,roster1-3,read> null
<473,admissions0-1,stu4-14application4-14,read> null
<474,admissions2-1,stu4-13application4-13,setStatus> null
<475,app3-0,application3-0,checkStatus> null
<476,fac5-4,roster5-8,read> null
<477,registrar2-1,transcript4-8,read> null
<478,fac4-0,roster4-1,read> null
<479,stu1-10,gradebook1-3,addScore> null
<480,stu4-1,gradebook4-8,readMyScores> null
<481,stu2-5,transcript2-5,read> null
<482,stu1-3,transcript1-3,read> null
<483,admissions0-1,stu0-5application0-5,setStatus> null
<484,stu4-19,stu4-19application4-19,checkStatus> null
<485,fac5-2,gradebook5-5,addScore> null
<486,admissions0-0,stu2-7application2-7,setStatus> null
<487,admissions0-0,stu4-18application4-18,read> null
<488,stu4-13,stu4-13application4-13,checkStatus> null
<489,registrar4-1,transcript1-8,read> null
<490,registrar0-0,transcript3-18,read> null
<491,fac4-1,roster4-3,read> null
<492,registrar0-1,transcript0-12,read> null
<493,stu3-4,stu3-4application3-4,checkStatus> null
<494,admissions2-1,stu2-8application2-8,read> null
<495,stu4-12,transcript4-12,read> null
<496,registrar0-1,roster2-2,read> null
<497,registrar2-0,transcript4-17,read> null
<498,registrar0-0,transcript2-17,read> null
<499,stu2-7,stu2-7application2-7,checkStatus> null
<500,app2-3,application2-3,checkStatus> null
<501,stu2-14,stu2-14application2-14,checkStatus> null
<502,fac4-2,gradebook4-5,changeScore> null
<503,fac4-3,gradebook4-7,assignGrade> null
<504,stu4-7,stu4-7application4-7,checkStatus> null
<505,admissions0-1,stu1-13application1-13,setStatus> null
<506,admissions0-0,stu3-9application3-9,read> null
<507,admissions2-1,stu2-17application2-17,setStatus> null
<508,fac1-2,roster1-5,read> null
<509,admissions2-1,application4-0,setStatus> null
<510,admissions0-1,stu4-7application4-7,setStatus> null
<511,admissions4-0,stu2-19application2-19,setStatus> null
<512,admissions0-1,stu4-18application4-18,read> null
<513,fac5-1,gradebook5-2,addScore> null
<514,fac5-1,gradebook5-3,addScore> null
<515,registrar0-0,transcript5-2,read> null
<516,chair4,transcript4-10,read> null
<517,registrar2-1,transcript5-2,read> null
<518,fac2-4,gradebook2-9,changeScore> null
<519,registrar0-1,transcript4-6,read> null
<520,fac5-3,roster5-7,read> null
<521,admissions2-0,stu4-12application4-12,read> null
<522,registrar0-1,transcript3-17,read> null
<523,admissions4-1,application3-0,setStatus> null
<524,admissions4-1,stu4-17application4-17,read> null
<525,app4-0,application4-0,checkStatus> null
<526,fac5-1,roster5-3,read> null
<527,registrar0-1,roster0-2,read> null
<528,registrar2-1,roster3-4,write> null
<529,stu0-18,transcript0-18,read> null
<530,fac1-2,roster1-4,read> null
<531,registrar2-0,transcript3-13,read> null
<532,admissions4-0,stu5-1application5-1,setStatus> null
<533,admissions2-1,stu1-13application1-13,read> null
<534,registrar0-0,roster0-4,read> null
<535,fac2-4,gradebook2-8,changeScore> null
<536,fac2-0,roster2-1,read> null
<537,admissions4-1,stu5-0application5-0,read> null
<538,stu4-4,gradebook4-1,readMyScores> null
<539,chair2,transcript2-7,read> null
<540,registrar2-0,transcript2-13,read> null
<541,admissions2-0,application3-1,setStatus> null
<542,registrar2-1,roster0-4,read> null
<543,registrar2-1,transcript4-16,read> null
<544,admissions4-1,application1-0,setStatus> null
<545,admissions2-1,stu1-1application1-1,setStatus> null
<546,stu1-9,transcript1-9,read> null
<547,admissions2-1,stu4-14application4-14,read> null
<548,registrar0-1,transcript5-2,read> null
<549,admissions2-1,stu1-8application1-8,read> null
<550,admissions0-0,stu4-8application4-8,setStatus> null
<551,admissions4-1,stu0-2application0-2,read> null
<552,fac2-3,gradebook2-6,changeScore> null
<553,admissions0-0,stu2-1application2-1,read> null
<554,stu0-11,transcript0-11,read> null
<555,registrar2-0,transcript2-18,read> null
<556,stu2-8,gradebook2-1,readMyScores> null
<557,admissions4-1,stu3-1application3-1,setStatus> null
<558,stu3-8,transcript3-8,read> null
<559,admissions0-0,stu4-7application4-7,setStatus> null
<560,stu0-6,stu0-6application0-6,checkStatus> null
<561,admissions0-0,stu1-14application1-14,setStatus> null
<562,admissions4-1,stu4-5application4-5,read> null
<563,fac2-1,roster2-3,read> null
<564,admissions0-1,stu3-15application3-15,setStatus> null
<565,chair1,transcript1-1,read> null
<566,admissions4-0,stu4-3application4-3,setStatus> null
<567,admissions2-0,stu2-17application2-17,setStatus> null
<568,admissions4-0,stu2-10application2-10,read> null
<569,stu5-18,stu5-18application5-18,checkStatus> null
<570,registrar0-1,transcript1-1,read> null
<571,registrar2-0,transcript0-5,read> null
<572,registrar4-0,transcript2-19,read> null
<573,admissions0-0,stu3-4application3-4,setStatus> null
<574,fac3-1,gradebook3-3,addScore> null
<575,admissions4-0,stu3-6application3-6,read> null
<576,fac2-1,gradebook2-2,readScore> null
<577,registrar0-1,transcript5-3,read> null
<578,fac3-2,roster3-5,read> null
<579,stu3-5,transcript3-5,read> null
<580,registrar2-0,transcript1-0,read> null
<581,chair4,transcript4-12,read> null
<582,admissions2-0,stu3-1application3-1,read> null
<583,admissions2-0,stu4-19application4-19,setStatus> null
<584,registrar4-1,transcript3-10,read> null
<585,registrar2-1,transcript3-6,read> null
<586,admissions4-1,stu4-0application4-0,setStatus> null
<587,admissions4-0,stu5-8application5-8,setStatus> null
<588,stu2-10,transcript2-10,read> null
<589,stu4-16,transcript4-16,read> null
<590,stu4-0,stu4-0application4-0,checkStatus> null
<591,stu3-6,gradebook3-8,readMyScores> null
<592,admissions2-1,stu2-12application2-12,setStatus> null
<593,admissions4-1,stu2-19application2-19,setStatus> null
<594,stu1-8,transcript1-8,read> null
<595,admissions0-1,stu0-17application0-17,setStatus> null
<596,stu4-14,transcript4-14,read> null
<597,registrar4-1,transcript1-6,read> null
<598,registrar0-1,transcript4-18,read> null
<599,admissions4-1,stu3-13application3-13,read> null
<600,fac5-0,gradebook5-1,addScore> null
<601,fac2-2,gradebook2-5,assignGrade> null
<602,registrar0-0,transcript0-17,read> null
<603,admissions2-1,stu2-10application2-10,setStatus> null
<604,registrar2-1,transcript2-5,read> null
<605,registrar4-0,transcript3-16,read> null
<606,registrar0-0,transcript4-18,read> null
<607,registrar2-1,transcript2-4,read> null
<608,registrar4-1,transcript2-0,read> null
<609,registrar2-1,transcript3-5,read> null
<610,registrar2-1,transcript2-7,read> null
<611,registrar4-1,transcript5-3,read> null
<612,registrar2-0,transcript4-9,read> null
<613,admissions4-0,application0-3,setStatus> null
<614,admissions0-1,stu1-10application1-10,read> null
<615,registrar2-0,roster5-1,write> null
<616,stu1-11,stu1-11application1-11,checkStatus> null
<617,admissions0-1,stu2-19application2-19,read> null
<618,registrar2-1,transcript2-6,read> null
<619,registrar2-1,transcript2-9,read> null
<620,chair4,transcript4-5,read> null
<621,admissions4-0,stu1-5application1-5,setStatus> null
<622,fac5-3,roster5-6,read> null
<623,registrar0-0,roster4-3,read> null
<624,registrar2-1,transcript2-8,read> null
<625,admissions4-0,stu0-2application0-2,read> null
<626,chair2,transcript2-10,read> null
<627,app1-1,application1-1,checkStatus> null
<628,registrar4-1,transcript4-7,read> null
<629,fac4-4,gradebook4-8,changeScore> null
<630,stu3-4,gradebook3-2,addScore> null
<631,stu3-10,transcript3-10,read> null
<632,stu2-19,transcript2-19,read> null
<633,admissions2-0,stu4-3application4-3,setStatus> null
<634,stu2-3,stu2-3application2-3,checkStatus> null
<635,admissions2-0,stu2-10application2-10,setStatus> null
<636,fac4-2,gradebook4-4,assignGrade> null
<637,admissions0-0,stu5-10application5-10,read> null
<638,stu2-10,stu2-10application2-10,checkStatus> null
<639,fac5-2,roster5-5,read> null
<640,admissions0-0,application1-4,read> null
<641,fac5-3,gradebook5-7,addScore> null
<642,admissions4-0,stu0-18application0-18,read> null
<643,admissions4-0,stu2-7application2-7,setStatus> null
<644,registrar4-0,roster1-3,read> null
<645,chair0,transcript0-0,read> null
<646,registrar2-0,transcript0-16,read> null
<647,admissions2-1,stu0-18application0-18,read> null
<648,stu5-2,transcript5-2,read> null
<649,registrar2-0,transcript0-11,read> null
<650,admissions0-1,stu3-3application3-3,read> null
<651,fac5-3,gradebook5-6,addScore> null
<652,registrar2-1,transcript2-0,read> null
<653,admissions4-1,stu4-3application4-3,read> null
<654,registrar4-1,roster4-4,write> null
<655,stu5-2,stu5-2application5-2,checkStatus> null
<656,fac2-0,gradebook2-1,addScore> null
<657,stu3-7,gradebook3-3,readMyScores> null
<658,admissions2-0,stu2-19application2-19,setStatus> null
<659,registrar4-1,transcript0-15,read> null
<660,registrar2-1,transcript2-1,read> null
<661,registrar2-1,transcript2-2,read> null
<662,admissions2-1,application2-0,setStatus> null
<663,registrar2-1,transcript2-3,read> null
<664,admissions4-0,stu4-14application4-14,setStatus> null
<665,registrar4-0,roster2-9,read> null
<666,registrar0-1,roster1-3,write> null
<667,admissions4-0,stu4-5application4-5,setStatus> null
<668,registrar4-0,transcript0-11,read> null
<669,fac2-2,gradebook2-5,addScore> null
<670,fac4-2,gradebook4-4,changeScore> null
<671,stu5-2,gradebook5-7,addScore> null
<672,admissions0-0,stu5-16application5-16,setStatus> null
<673,registrar2-0,transcript2-6,read> null
<674,registrar2-0,transcript2-5,read> null
<675,registrar0-0,transcript3-11,read> null
<676,admissions4-0,stu5-18application5-18,setStatus> null
<677,admissions0-0,stu2-19application2-19,read> null
<678,stu3-16,transcript3-16,read> null
<679,admissions0-0,stu1-1application1-1,read> null
<680,registrar2-0,transcript2-4,read> null
<681,admissions2-0,stu2-6application2-6,read> null
<682,admissions2-0,application4-3,setStatus> null
<683,registrar2-0,transcript2-3,read> null
<684,admissions2-1,stu4-11application4-11,setStatus> null
<685,registrar2-0,transcript2-9,read> null
<686,admissions2-1,application3-4,setStatus> null
<687,registrar2-0,transcript2-8,read> null
<688,registrar2-1,roster5-5,write> null
<689,admissions0-0,stu5-17application5-17,read> null
<690,registrar2-0,transcript2-7,read> null
<691,stu2-5,stu2-5application2-5,checkStatus> null
<692,registrar0-1,roster2-9,read> null
<693,app1-0,application1-0,checkStatus> null
<694,admissions0-1,stu5-10application5-10,read> null
<695,fac5-2,gradebook5-4,addScore> null
<696,admissions2-1,stu3-14application3-14,setStatus> null
<697,admissions4-1,application5-3,setStatus> null
<698,admissions2-0,stu1-11application1-11,read> null
<699,stu2-16,gradebook2-5,readMyScores> null
<700,admissions0-1,application3-1,setStatus> null
<701,registrar2-0,transcript2-1,read> null
<702,registrar2-0,transcript2-2,read> null
<703,registrar2-0,transcript2-0,read> null
<704,admissions2-0,stu5-8application5-8,setStatus> null
<705,admissions0-1,stu0-3application0-3,setStatus> null
<706,app1-3,application1-3,checkStatus> null
<707,admissions2-1,stu3-19application3-19,setStatus> null
<708,stu4-9,transcript4-9,read> null
<709,admissions4-1,stu1-5application1-5,read> null
<710,admissions4-0,stu3-16application3-16,read> null
<711,registrar4-0,roster1-1,write> null
<712,registrar4-0,transcript2-6,read> null
<713,registrar0-1,transcript2-3,read> null
<714,registrar4-1,roster3-5,write> null
<715,admissions0-0,application3-0,setStatus> null
<716,admissions2-0,stu0-0application0-0,setStatus> null
<717,chair3,transcript3-16,read> null
<718,admissions0-0,application3-2,setStatus> null
<719,admissions2-0,stu0-16application0-16,setStatus> null
<720,admissions0-0,application3-1,setStatus> null
<721,chair4,transcript4-9,read> null
<722,registrar2-0,transcript0-15,read> null
<723,registrar4-0,transcript2-12,read> null
<724,admissions0-0,application3-4,setStatus> null
<725,admissions0-0,application3-3,setStatus> null
<726,stu0-17,transcript0-17,read> null
<727,admissions4-1,stu1-6application1-6,read> null
<728,fac3-1,roster3-2,read> null
<729,admissions0-1,stu1-6application1-6,setStatus> null
<730,admissions4-0,stu2-12application2-12,setStatus> null
<731,stu4-1,gradebook4-7,readMyScores> null
<732,registrar2-0,roster5-9,write> null
<733,stu3-5,gradebook3-2,addScore> null
<734,stu1-13,stu1-13application1-13,checkStatus> null
<735,fac5-4,gradebook5-8,addScore> null
<736,admissions2-0,application2-2,setStatus> null
<737,admissions0-1,stu0-12application0-12,read> null
<738,stu1-7,transcript1-7,read> null
<739,admissions2-1,stu5-13application5-13,read> null
<740,registrar0-1,transcript1-5,read> null
<741,fac5-4,gradebook5-9,addScore> null
<742,registrar4-1,roster4-4,read> null
<743,chair1,transcript1-0,read> null
<744,admissions0-1,stu2-9application2-9,setStatus> null
<745,admissions0-0,stu3-13application3-13,read> null
<746,registrar2-0,roster1-1,read> null
<747,stu5-15,transcript5-15,read> null
<748,stu4-12,gradebook4-3,readMyScores> null
<749,fac1-3,gradebook1-7,readScore> null
<750,admissions2-1,stu4-3application4-3,setStatus> null
<751,registrar4-0,transcript2-15,read> null
<752,registrar0-0,transcript3-14,read> null
<753,admissions0-1,application3-3,setStatus> null
<754,registrar0-0,roster0-4,write> null
<755,admissions2-1,application4-1,read> null
<756,admissions0-1,application3-2,setStatus> null
<757,admissions4-1,stu3-16application3-16,read> null
<758,admissions0-1,application3-0,setStatus> null
<759,admissions0-1,application3-4,setStatus> null
<760,stu5-0,transcript5-0,read> null
<761,stu3-17,transcript3-17,read> null
<762,admissions4-0,application4-4,setStatus> null
<763,fac1-4,gradebook1-8,changeScore> null
<764,admissions2-0,stu3-3application3-3,setStatus> null
<765,admissions0-0,stu0-16application0-16,setStatus> null
<766,stu4-14,stu4-14application4-14,checkStatus> null
<767,admissions2-0,stu2-15application2-15,read> null
<768,fac3-4,gradebook3-8,changeScore> null
<769,admissions2-0,application4-1,read> null
<770,chair4,transcript4-16,read> null
<771,admissions4-1,stu4-2application4-2,setStatus> null
<772,registrar4-0,transcript4-12,read> null
<773,admissions2-1,stu2-15application2-15,read> null
<774,registrar0-1,transcript3-19,read> null
<775,registrar4-1,transcript3-16,read> null
<776,stu2-4,gradebook2-5,addScore> null
<777,admissions4-0,stu2-7application2-7,read> null
<778,stu1-14,gradebook1-7,readMyScores> null
<779,stu1-11,gradebook1-1,readMyScores> null
<780,registrar0-0,roster5-3,write> null
<781,registrar2-1,transcript3-17,read> null
<782,admissions2-1,stu5-15application5-15,read> null
<783,registrar2-0,transcript0-14,read> null
<784,admissions4-0,stu3-0application3-0,read> null
<785,registrar0-1,transcript1-2,read> null
<786,fac4-4,gradebook4-9,addScore> null
<787,admissions2-0,stu5-0application5-0,read> null
<788,admissions2-1,stu0-6application0-6,read> null
<789,admissions0-1,stu1-16application1-16,read> null
<790,admissions4-0,stu5-5application5-5,read> null
<791,admissions4-1,stu0-12application0-12,read> null
<792,admissions2-1,stu0-16application0-16,setStatus> null
<793,admissions2-0,stu1-6application1-6,read> null
<794,admissions0-0,stu4-3application4-3,read> null
<795,admissions0-0,stu3-12application3-12,read> null
<796,admissions4-0,stu5-16application5-16,read> null
<797,admissions4-1,stu2-7application2-7,read> null
<798,registrar0-1,transcript1-8,read> null
<799,fac2-3,gradebook2-7,changeScore> null
<800,stu4-6,transcript4-6,read> null
<801,registrar0-0,transcript2-18,read> null
<802,admissions0-1,stu5-2application5-2,setStatus> null
<803,admissions0-1,stu1-4application1-4,read> null
<804,chair2,transcript2-8,read> null
<805,admissions4-0,stu1-0application1-0,setStatus> null
<806,registrar2-1,roster0-5,write> null
<807,admissions2-0,stu2-17application2-17,read> null
<808,fac5-2,gradebook5-4,changeScore> null
<809,registrar2-0,roster4-4,read> null
<810,admissions0-1,stu5-17application5-17,read> null
<811,admissions2-0,stu0-6application0-6,read> null
<812,admissions2-0,stu1-9application1-9,setStatus> null
<813,chair4,transcript4-14,read> null
<814,admissions4-1,stu3-0application3-0,read> null
<815,registrar4-1,roster4-3,write> null
<816,admissions0-1,stu1-10application1-10,setStatus> null
<817,admissions0-1,stu1-14application1-14,read> null
<818,registrar0-1,transcript1-3,read> null
<819,admissions0-0,application3-3,read> null
<820,chair0,transcript0-13,read> null
<821,fac4-3,gradebook4-7,addScore> null
<822,registrar4-1,roster5-9,write> null
<823,stu2-3,gradebook2-4,readMyScores> null
<824,chair3,transcript3-0,read> null
<825,stu4-0,transcript4-0,read> null
<826,stu4-17,stu4-17application4-17,checkStatus> null
<827,registrar0-1,roster0-5,read> null
<828,registrar4-1,roster5-8,write> null
<829,stu0-3,gradebook0-3,addScore> null
<830,admissions4-1,stu3-4application3-4,setStatus> null
<831,registrar4-1,roster5-7,write> null
<832,admissions0-0,stu1-16application1-16,read> null
<833,registrar4-1,roster5-2,write> null
<834,registrar0-1,transcript0-10,read> null
<835,stu0-8,stu0-8application0-8,checkStatus> null
<836,admissions4-0,stu2-5application2-5,read> null
<837,admissions2-0,stu2-4application2-4,setStatus> null
<838,fac1-1,roster1-2,read> null
<839,stu0-10,stu0-10application0-10,checkStatus> null
<840,registrar4-1,roster5-1,write> null
<841,stu2-16,stu2-16application2-16,checkStatus> null
<842,chair2,transcript2-5,read> null
<843,registrar2-1,transcript0-13,read> null
<844,registrar0-0,transcript1-6,read> null
<845,stu4-15,transcript4-15,read> null
<846,registrar2-1,transcript0-12,read> null
<847,fac4-4,gradebook4-8,addScore> null
<848,fac1-0,gradebook1-1,addScore> null
<849,registrar4-1,transcript5-7,read> null
<850,chair3,transcript3-2,read> null
<851,chair3,transcript3-18,read> null
<852,admissions0-1,stu0-16application0-16,setStatus> null
<853,stu3-3,stu3-3application3-3,checkStatus> null
<854,stu5-10,stu5-10application5-10,checkStatus> null
<855,registrar0-1,roster1-5,read> null
<856,registrar4-1,roster5-6,write> null
<857,registrar4-1,roster5-5,write> null
<858,app4-4,application4-4,checkStatus> null
<859,admissions0-1,stu2-4application2-4,read> null
<860,fac3-3,roster3-7,read> null
<861,chair5,transcript5-0,read> null
<862,registrar4-1,roster5-4,write> null
<863,admissions0-1,stu3-12application3-12,read> null
<864,registrar4-1,roster5-3,write> null
<865,admissions2-1,stu1-9application1-9,read> null
<866,stu2-6,gradebook2-1,addScore> null
<867,stu0-16,transcript0-16,read> null
<868,stu5-1,gradebook5-2,readScore> null
<869,registrar2-1,transcript5-9,read> null
<870,registrar4-0,roster0-8,write> null
<871,registrar4-0,transcript2-1,read> null
<872,registrar0-1,roster3-9,read> null
<873,stu4-18,transcript4-18,read> null
<874,admissions2-1,stu2-17application2-17,read> null
<875,registrar0-0,transcript0-10,read> null
<876,admissions4-1,stu4-11application4-11,setStatus> null
<877,stu2-1,stu2-1application2-1,checkStatus> null
<878,admissions4-0,stu4-2application4-2,setStatus> null
<879,registrar4-0,roster5-2,write> null
<880,stu4-16,gradebook4-4,addScore> null
<881,admissions2-1,stu1-8application1-8,setStatus> null
<882,registrar4-0,roster5-3,write> null
<883,fac4-1,gradebook4-2,changeScore> null
<884,stu2-5,gradebook2-8,readMyScores> null
<885,registrar4-0,roster5-4,write> null
<886,registrar2-0,roster2-5,write> null
<887,chair4,transcript4-8,read> null
<888,admissions2-0,stu5-17application5-17,setStatus> null
<889,chair0,transcript0-19,read> null
<890,admissions2-1,stu5-10application5-10,setStatus> null
<891,stu5-5,stu5-5application5-5,checkStatus> null
<892,stu3-19,stu3-19application3-19,checkStatus> null
<893,registrar4-0,roster5-5,write> null
<894,admissions2-1,stu1-1application1-1,read> null
<895,registrar0-0,roster2-8,write> null
<896,registrar4-0,roster5-1,write> null
<897,registrar4-0,roster5-6,write> null
<898,app0-1,application0-1,checkStatus> null
<899,chair4,transcript4-1,read> null
<900,registrar0-0,transcript1-1,read> null
<901,admissions0-1,stu2-5application2-5,setStatus> null
<902,registrar0-0,roster0-2,read> null
<903,registrar4-0,roster5-7,write> null
<904,stu4-6,stu4-6application4-6,checkStatus> null
<905,chair1,transcript1-18,read> null
<906,stu4-13,transcript4-13,read> null
<907,registrar4-0,roster5-8,write> null
<908,registrar0-0,roster2-9,read> null
<909,admissions0-1,stu3-4application3-4,setStatus> null
<910,registrar4-0,roster5-9,write> null
<911,stu2-13,gradebook2-4,readMyScores> null
<912,admissions0-1,stu2-13application2-13,read> null
<913,fac1-3,gradebook1-7,changeScore> null
<914,app4-2,application4-2,checkStatus> null
<915,registrar2-1,transcript1-7,read> null
<916,admissions0-0,stu5-2application5-2,read> null
<917,admissions0-0,stu4-3application4-3,setStatus> null
<918,admissions2-1,stu1-6application1-6,read> null
<919,admissions2-0,stu5-19application5-19,setStatus> null
<920,admissions2-1,stu1-9application1-9,setStatus> null
<921,registrar4-0,roster3-5,read> null
<922,stu4-5,stu4-5application4-5,checkStatus> null
<923,admissions0-1,application5-1,setStatus> null
<924,registrar4-0,roster0-6,write> null
<925,registrar2-0,transcript1-2,read> null
<926,registrar4-1,roster2-1,write> null
<927,stu0-14,transcript0-14,read> null
<928,fac1-2,gradebook1-4,changeScore> null
<929,stu2-0,gradebook2-7,addScore> null
<930,admissions4-1,stu0-12application0-12,setStatus> null
<931,registrar2-0,transcript5-6,read> null
<932,admissions0-0,stu2-13application2-13,read> null
<933,stu2-1,transcript2-1,read> null
<934,fac1-1,gradebook1-3,addScore> null
<935,fac1-1,gradebook1-2,addScore> null
<936,admissions2-1,stu5-19application5-19,setStatus> null
<937,chair2,transcript2-9,read> null
<938,registrar2-1,transcript2-14,read> null
<939,stu0-19,transcript0-19,read> null
<940,app5-2,application5-2,checkStatus> null
<941,registrar2-0,roster2-6,read> null
<942,registrar2-0,transcript4-8,read> null
<943,stu0-8,transcript0-8,read> null
<944,fac3-0,roster3-1,read> null
<945,admissions4-0,stu0-12application0-12,setStatus> null
<946,admissions2-0,stu5-3application5-3,setStatus> null
<947,admissions0-1,stu0-9application0-9,setStatus> null
<948,admissions2-0,stu1-8application1-8,setStatus> null
<949,registrar4-0,transcript0-0,read> null
<950,admissions2-1,stu3-3application3-3,setStatus> null
<951,stu2-2,gradebook2-7,addScore> null
<952,registrar0-1,roster3-5,read> null
<953,admissions0-0,stu2-1application2-1,setStatus> null
<954,stu2-11,transcript2-11,read> null
<955,admissions4-0,stu4-17application4-17,read> null
<956,fac4-0,gradebook4-1,changeScore> null
<957,admissions4-0,stu3-14application3-14,setStatus> null
<958,admissions2-1,stu4-9application4-9,setStatus> null
<959,stu1-0,gradebook1-3,readMyScores> null
<960,registrar0-1,transcript4-14,read> null
<961,admissions2-0,stu1-3application1-3,read> null
<962,stu4-12,gradebook4-4,addScore> null
<963,fac3-1,gradebook3-3,changeScore> null
<964,registrar0-1,transcript2-15,read> null
<965,admissions4-0,stu1-18application1-18,setStatus> null
<966,admissions2-0,stu3-0application3-0,setStatus> null
<967,admissions0-1,stu5-11application5-11,setStatus> null
<968,admissions0-1,stu2-1application2-1,setStatus> null
<969,admissions4-1,stu2-1application2-1,setStatus> null
<970,admissions2-0,stu0-1application0-1,setStatus> null
<971,stu5-19,stu5-19application5-19,checkStatus> null
<972,admissions4-0,stu3-18application3-18,read> null
<973,registrar2-0,transcript0-19,read> null
<974,registrar4-0,transcript4-5,read> null
<975,fac1-1,gradebook1-3,changeScore> null
<976,admissions2-1,stu1-16application1-16,setStatus> null
<977,registrar2-1,transcript4-15,read> null
<978,registrar2-1,transcript3-4,read> null
<979,admissions0-1,stu1-17application1-17,setStatus> null
<980,registrar4-1,transcript4-12,read> null
<981,stu5-15,stu5-15application5-15,checkStatus> null
<982,admissions2-1,stu3-5application3-5,setStatus> null
<983,registrar2-1,roster2-1,write> null
<984,stu1-19,gradebook1-4,readMyScores> null
<985,registrar2-1,roster2-3,write> null
<986,registrar2-1,roster2-2,write> null
<987,registrar2-1,transcript5-8,read> null
<988,registrar2-1,roster2-5,write> null
<989,registrar2-1,roster5-2,read> null
<990,admissions4-1,stu3-18application3-18,read> null
<991,admissions2-0,stu0-5application0-5,read> null
<992,registrar2-1,roster2-4,write> null
<993,admissions2-0,application2-1,setStatus> null
<994,admissions4-1,stu2-11application2-11,read> null
<995,registrar2-1,roster2-7,write> null
<996,registrar0-1,transcript4-7,read> null
<997,registrar2-1,roster2-6,write> null
<998,registrar2-1,roster2-9,write> null
<999,registrar4-1,transcript2-3,read> null
<1000,registrar2-1,roster2-8,write> null
<1001,chair3,transcript3-11,read> null
<1002,admissions4-0,stu4-4application4-4,read> null
<1003,stu3-8,gradebook3-8,readMyScores> null
<1004,registrar2-0,roster1-5,write> null
<1005,admissions4-0,stu0-2application0-2,setStatus> null
<1006,registrar2-0,roster0-2,read> null
<1007,stu0-8,gradebook0-4,addScore> null
<1008,registrar0-1,transcript2-13,read> null
<1009,admissions0-0,stu1-17application1-17,setStatus> null
<1010,admissions4-1,stu0-5application0-5,setStatus> null
<1011,admissions4-0,stu1-10application1-10,read> null
<1012,admissions4-0,stu1-1application1-1,setStatus> null
<1013,stu2-12,gradebook2-7,readMyScores> null
<1014,admissions0-0,stu4-10application4-10,setStatus> null
<1015,admissions4-1,stu0-2application0-2,setStatus> null
<1016,fac4-1,gradebook4-3,assignGrade> null
<1017,admissions4-1,stu5-14application5-14,setStatus> null
<1018,admissions2-1,stu0-10application0-10,setStatus> null
<1019,admissions0-0,stu3-6application3-6,setStatus> null
<1020,admissions2-1,stu3-17application3-17,read> null
<1021,admissions4-1,stu4-3application4-3,setStatus> null
<1022,registrar0-0,roster2-7,read> null
<1023,registrar2-1,transcript0-17,read> null
<1024,fac2-2,roster2-5,read> null
<1025,admissions4-0,stu0-11application0-11,read> null
<1026,registrar4-0,transcript1-5,read> null
<1027,stu4-10,transcript4-10,read> null
<1028,registrar2-0,transcript1-6,read> null
<1029,admissions2-1,stu0-1application0-1,setStatus> null
<1030,admissions2-0,stu0-4application0-4,setStatus> null
<1031,admissions4-1,stu2-5application2-5,setStatus> null
<1032,admissions4-1,stu2-16application2-16,setStatus> null
<1033,admissions4-0,application0-2,read> null
<1034,admissions0-1,stu5-3application5-3,read> null
<1035,registrar2-0,transcript4-7,read> null
<1036,admissions2-0,stu4-9application4-9,setStatus> null
<1037,registrar0-1,transcript0-16,read> null
<1038,admissions4-1,stu1-10application1-10,read> null
<1039,registrar0-1,transcript0-17,read> null
<1040,stu3-18,stu3-18application3-18,checkStatus> null
<1041,registrar4-0,transcript4-17,read> null
<1042,admissions4-0,stu5-14application5-14,setStatus> null
<1043,admissions0-1,application3-3,read> null
<1044,admissions0-1,stu4-3application4-3,setStatus> null
<1045,admissions4-0,stu2-16application2-16,setStatus> null
<1046,registrar2-0,transcript1-7,read> null
<1047,admissions2-1,stu5-16application5-16,read> null
<1048,stu2-12,stu2-12application2-12,checkStatus> null
<1049,stu0-5,stu0-5application0-5,checkStatus> null
<1050,admissions4-1,application2-4,read> null
<1051,admissions4-1,application2-3,read> null
<1052,registrar4-0,transcript0-5,read> null
<1053,admissions2-1,stu0-4application0-4,setStatus> null
<1054,registrar2-1,transcript2-12,read> null
<1055,admissions4-0,stu3-15application3-15,setStatus> null
<1056,admissions0-0,stu4-14application4-14,read> null
<1057,admissions0-1,stu3-13application3-13,setStatus> null
<1058,chair2,transcript2-14,read> null
<1059,admissions2-0,stu3-17application3-17,read> null
<1060,admissions4-1,stu0-15application0-15,read> null
<1061,stu2-2,gradebook2-7,readScore> null
<1062,admissions0-1,stu0-13application0-13,read> null
<1063,admissions4-1,stu1-0application1-0,setStatus> null
<1064,registrar2-1,roster1-4,write> null
<1065,admissions0-0,stu3-7application3-7,read> null
<1066,admissions4-1,application5-2,read> null
<1067,registrar0-0,transcript0-16,read> null
<1068,chair3,transcript3-17,read> null
<1069,stu4-12,stu4-12application4-12,checkStatus> null
<1070,registrar0-0,transcript2-12,read> null
<1071,stu3-18,gradebook3-2,readMyScores> null
<1072,admissions0-0,stu4-11application4-11,read> null
<1073,admissions2-0,stu4-17application4-17,setStatus> null
<1074,admissions4-1,application2-1,read> null
<1075,admissions2-0,stu5-2application5-2,setStatus> null
<1076,admissions4-1,application2-2,read> null
<1077,admissions2-0,application4-2,read> null
<1078,admissions4-1,application2-0,read> null
<1079,admissions4-0,application2-3,read> null
<1080,admissions4-0,application2-2,read> null
<1081,admissions4-0,application2-4,read> null
<1082,admissions0-1,stu1-2application1-2,setStatus> null
<1083,fac0-2,gradebook0-4,addScore> null
<1084,admissions0-1,stu0-10application0-10,read> null
<1085,admissions4-0,stu0-15application0-15,read> null
<1086,admissions0-1,stu3-7application3-7,read> null
<1087,admissions4-0,stu1-4application1-4,setStatus> null
<1088,fac0-1,gradebook0-3,changeScore> null
<1089,admissions2-0,stu2-1application2-1,setStatus> null
<1090,admissions0-1,stu4-11application4-11,read> null
<1091,admissions0-0,stu1-8application1-8,setStatus> null
<1092,registrar4-1,transcript2-4,read> null
<1093,admissions2-0,stu0-9application0-9,read> null
<1094,stu2-9,gradebook2-1,addScore> null
<1095,admissions0-1,stu1-19application1-19,read> null
<1096,admissions2-1,stu4-17application4-17,setStatus> null
<1097,admissions4-0,stu0-5application0-5,setStatus> null
<1098,fac2-3,gradebook2-6,assignGrade> null
<1099,registrar4-0,transcript2-2,read> null
<1100,admissions4-0,application2-0,read> null
<1101,stu5-6,stu5-6application5-6,checkStatus> null
<1102,admissions4-0,application2-1,read> null
<1103,stu0-4,gradebook0-7,addScore> null
<1104,app2-0,application2-0,checkStatus> null
<1105,registrar2-0,roster1-2,read> null
<1106,admissions2-0,application5-2,read> null
<1107,registrar0-1,roster2-1,read> null
<1108,registrar4-1,transcript0-17,read> null
<1109,registrar0-1,roster2-6,read> null
<1110,registrar0-1,roster2-5,read> null
<1111,registrar0-1,roster2-4,read> null
<1112,admissions2-0,stu0-15application0-15,setStatus> null
<1113,registrar0-1,roster2-3,read> null
<1114,admissions4-1,stu4-16application4-16,read> null
<1115,admissions0-0,stu0-10application0-10,read> null
<1116,admissions4-0,stu3-4application3-4,setStatus> null
<1117,stu2-18,gradebook2-4,addScore> null
<1118,registrar2-0,transcript4-13,read> null
<1119,app2-2,application2-2,checkStatus> null
<1120,registrar0-1,roster5-6,read> null
<1121,stu2-17,stu2-17application2-17,checkStatus> null
<1122,fac1-3,gradebook1-6,changeScore> null
<1123,registrar2-0,roster2-9,write> null
<1124,stu0-5,transcript0-5,read> null
<1125,admissions2-1,stu2-1application2-1,setStatus> null
<1126,registrar2-0,roster2-7,write> null
<1127,admissions2-1,stu4-3application4-3,read> null
<1128,registrar2-1,transcript2-13,read> null
<1129,registrar4-0,transcript4-11,read> null
<1130,registrar2-0,roster2-8,write> null
<1131,registrar2-0,roster2-6,write> null
<1132,fac2-4,gradebook2-9,addScore> null
<1133,admissions4-0,stu1-0application1-0,read> null
<1134,registrar2-0,roster2-3,write> null
<1135,registrar2-0,roster1-8,write> null
<1136,registrar0-0,roster2-6,read> null
<1137,chair1,transcript1-19,read> null
<1138,stu4-5,gradebook4-8,addScore> null
<1139,stu2-19,gradebook2-5,addScore> null
<1140,chair1,transcript1-8,read> null
<1141,registrar2-0,roster3-4,write> null
<1142,admissions2-1,stu0-5application0-5,read> null
<1143,registrar0-1,transcript3-16,read> null
<1144,registrar2-0,roster2-4,write> null
<1145,admissions4-1,stu5-17application5-17,setStatus> null
<1146,registrar2-0,roster2-1,write> null
<1147,admissions0-1,stu5-5application5-5,read> null
<1148,chair3,transcript3-5,read> null
<1149,admissions0-1,stu2-17application2-17,setStatus> null
<1150,registrar2-0,roster2-2,write> null
<1151,registrar0-0,transcript0-12,read> null
<1152,fac3-4,gradebook3-9,assignGrade> null
<1153,admissions4-1,stu3-15application3-15,setStatus> null
<1154,registrar0-1,roster4-5,write> null
<1155,registrar0-0,roster2-1,read> null
<1156,registrar0-0,roster2-3,read> null
<1157,registrar0-0,roster2-2,read> null
<1158,admissions0-0,stu3-17application3-17,setStatus> null
<1159,registrar0-0,roster2-5,read> null
<1160,admissions0-1,stu3-3application3-3,setStatus> null
<1161,registrar2-0,transcript0-17,read> null
<1162,admissions2-0,application3-3,read> null
<1163,stu0-5,gradebook0-3,addScore> null
<1164,fac1-4,gradebook1-9,changeScore> null
<1165,stu4-6,gradebook4-9,readMyScores> null
<1166,admissions2-1,stu2-5application2-5,read> null
<1167,admissions2-1,stu5-2application5-2,setStatus> null
<1168,admissions2-1,stu5-1application5-1,setStatus> null
<1169,admissions2-1,application0-3,read> null
<1170,admissions0-0,stu5-5application5-5,read> null
<1171,admissions2-0,application0-1,read> null
<1172,chair5,transcript5-14,read> null
<1173,registrar0-1,transcript0-13,read> null
<1174,admissions2-0,application0-0,read> null
<1175,registrar2-0,transcript1-5,read> null
<1176,admissions2-0,application0-4,setStatus> null
<1177,registrar4-0,roster5-1,read> null
<1178,registrar4-0,transcript4-18,read> null
<1179,registrar2-1,roster0-9,write> null
<1180,stu3-7,stu3-7application3-7,checkStatus> null
<1181,admissions2-1,stu3-13application3-13,setStatus> null
<1182,admissions0-1,stu0-2application0-2,setStatus> null
<1183,stu4-16,gradebook4-8,readMyScores> null
<1184,admissions4-1,stu0-18application0-18,read> null
<1185,admissions0-1,stu5-6application5-6,read> null
<1186,registrar2-1,roster1-9,read> null
<1187,admissions2-1,stu3-8application3-8,read> null
<1188,fac1-3,gradebook1-6,assignGrade> null
<1189,admissions4-1,application4-2,read> null
<1190,admissions2-0,stu2-5application2-5,read> null
<1191,registrar0-0,roster1-1,read> null
<1192,admissions4-1,stu3-3application3-3,setStatus> null
<1193,admissions0-1,stu4-4application4-4,read> null
<1194,fac1-3,gradebook1-7,addScore> null
<1195,registrar4-1,roster3-1,read> null
<1196,admissions2-0,stu0-12application0-12,read> null
<1197,fac1-1,roster1-3,read> null
<1198,registrar0-1,transcript2-18,read> null
<1199,admissions4-0,stu1-5application1-5,read> null
<1200,app1-4,application1-4,checkStatus> null
<1201,admissions0-1,stu4-0application4-0,read> null
<1202,admissions2-1,stu3-14application3-14,read> null
<1203,registrar4-1,roster5-7,read> null
<1204,admissions0-1,stu3-6application3-6,read> null
<1205,stu1-1,gradebook1-9,addScore> null
<1206,stu4-17,gradebook4-6,readMyScores> null
<1207,registrar4-1,roster1-9,read> null
<1208,registrar4-0,roster1-6,write> null
<1209,registrar2-1,transcript3-15,read> null
<1210,stu4-17,gradebook4-8,readMyScores> null
<1211,stu4-17,gradebook4-7,readMyScores> null
<1212,admissions2-0,application0-4,read> null
<1213,admissions0-1,stu0-13application0-13,setStatus> null
<1214,registrar4-0,transcript1-6,read> null
<1215,admissions2-0,application0-3,setStatus> null
<1216,stu1-14,transcript1-14,read> null
<1217,stu3-17,stu3-17application3-17,checkStatus> null
<1218,stu1-10,gradebook1-6,readMyScores> null
<1219,admissions0-0,stu1-19application1-19,read> null
<1220,stu2-15,gradebook2-9,readMyScores> null
<1221,chair4,transcript4-7,read> null
<1222,registrar0-1,roster4-1,write> null
<1223,registrar4-1,transcript2-14,read> null
<1224,admissions4-1,stu0-15application0-15,setStatus> null
<1225,admissions2-0,application0-2,setStatus> null
<1226,registrar0-1,transcript4-19,read> null
<1227,admissions2-0,application0-2,read> null
<1228,admissions2-0,application0-1,setStatus> null
<1229,admissions2-0,application0-3,read> null
<1230,admissions2-0,application0-0,setStatus> null
<1231,admissions2-1,application0-0,read> null
<1232,admissions4-1,stu1-12application1-12,setStatus> null
<1233,admissions0-0,stu5-16application5-16,read> null
<1234,admissions4-0,stu0-10application0-10,setStatus> null
<1235,admissions2-1,application0-2,read> null
<1236,admissions2-1,application0-1,read> null
<1237,admissions0-0,stu5-6application5-6,read> null
<1238,stu1-7,gradebook1-6,readMyScores> null
<1239,registrar0-1,roster2-8,read> null
<1240,registrar0-1,roster2-7,read> null
<1241,admissions2-0,stu1-9application1-9,read> null
<1242,admissions4-0,stu3-7application3-7,setStatus> null
<1243,admissions2-0,stu3-14application3-14,read> null
<1244,stu3-8,gradebook3-7,addScore> null
<1245,stu2-16,gradebook2-2,readMyScores> null
<1246,stu4-16,gradebook4-7,readMyScores> null
<1247,registrar2-1,transcript3-16,read> null
<1248,stu2-4,gradebook2-9,readMyScores> null
<1249,admissions2-1,application0-0,setStatus> null
<1250,admissions0-1,stu4-16application4-16,read> null
<1251,admissions4-1,stu2-3application2-3,setStatus> null
<1252,registrar4-1,transcript2-15,read> null
<1253,admissions0-0,stu1-6application1-6,setStatus> null
<1254,chair2,transcript2-0,read> null
<1255,admissions0-0,application3-2,read> null
<1256,admissions2-1,application0-2,setStatus> null
<1257,registrar0-1,transcript3-12,read> null
<1258,chair2,transcript2-1,read> null
<1259,stu4-16,gradebook4-2,readMyScores> null
<1260,admissions2-1,application0-1,setStatus> null
<1261,chair1,transcript1-6,read> null
<1262,stu0-17,gradebook0-6,readScore> null
<1263,admissions2-1,application0-4,read> null
<1264,stu2-10,gradebook2-5,addScore> null
<1265,registrar4-1,transcript2-11,read> null
<1266,chair2,transcript2-2,read> null
<1267,stu1-2,gradebook1-6,addScore> null
<1268,registrar4-1,transcript4-11,read> null
<1269,admissions4-0,stu1-14application1-14,setStatus> null
<1270,stu4-16,gradebook4-1,readMyScores> null
<1271,stu1-19,gradebook1-5,readScore> null
<1272,admissions2-1,application0-4,setStatus> null
<1273,admissions2-1,application4-3,setStatus> null
<1274,stu0-19,stu0-19application0-19,checkStatus> null
<1275,chair2,transcript2-3,read> null
<1276,registrar0-0,transcript1-7,read> null
<1277,admissions0-1,stu0-8application0-8,setStatus> null
<1278,admissions2-1,application0-3,setStatus> null
<1279,admissions4-1,stu4-0application4-0,read> null
<1280,registrar4-1,roster2-8,read> null
<1281,admissions4-1,stu3-7application3-7,setStatus> null
<1282,admissions4-1,stu3-12application3-12,setStatus> null
<1283,admissions2-1,stu2-11application2-11,read> null
<1284,admissions0-1,stu5-3application5-3,setStatus> null
<1285,admissions2-0,stu1-15application1-15,read> null
<1286,stu0-14,gradebook0-1,readMyScores> null
<1287,admissions0-0,stu5-3application5-3,setStatus> null
<1288,registrar2-1,transcript2-15,read> null
<1289,admissions2-0,stu2-13application2-13,read> null
<1290,registrar0-1,roster4-2,read> null
<1291,admissions0-0,stu2-16application2-16,setStatus> null
<1292,stu3-9,gradebook3-6,addScore> null
<1293,admissions0-1,stu5-0application5-0,setStatus> null
<1294,admissions0-0,stu1-2application1-2,setStatus> null
<1295,stu4-19,gradebook4-3,readMyScores> null
<1296,stu4-19,gradebook4-6,readMyScores> null
<1297,registrar2-1,roster3-7,read> null
<1298,stu4-19,gradebook4-8,readMyScores> null
<1299,admissions4-0,stu1-7application1-7,read> null
<1300,registrar2-1,transcript4-19,read> null
<1301,admissions0-0,stu0-2application0-2,setStatus> null
<1302,registrar0-0,transcript4-16,read> null
<1303,admissions2-1,stu0-12application0-12,read> null
<1304,admissions4-0,stu3-3application3-3,setStatus> null
<1305,stu4-18,gradebook4-5,readMyScores> null
<1306,stu4-18,gradebook4-4,readMyScores> null
<1307,stu4-18,gradebook4-2,readMyScores> null
<1308,admissions2-1,stu4-13application4-13,read> null
<1309,registrar0-0,roster3-2,write> null
<1310,admissions2-1,stu2-12application2-12,read> null
<1311,admissions2-1,stu3-7application3-7,read> null
<1312,admissions0-1,stu5-18application5-18,read> null
<1313,stu4-18,gradebook4-9,readMyScores> null
<1314,admissions0-0,stu3-10application3-10,setStatus> null
<1315,admissions0-1,stu0-9application0-9,read> null
<1316,registrar2-1,roster4-4,read> null
<1317,registrar2-1,roster4-5,read> null
<1318,registrar2-1,roster4-6,read> null
<1319,admissions0-0,stu4-1application4-1,read> null
<1320,registrar2-1,roster4-1,read> null
<1321,admissions2-0,stu2-6application2-6,setStatus> null
<1322,admissions0-1,stu2-6application2-6,setStatus> null
<1323,admissions0-1,stu0-0application0-0,setStatus> null
<1324,registrar0-1,roster0-8,write> null
<1325,admissions0-0,stu1-18application1-18,read> null
<1326,stu5-8,transcript5-8,read> null
<1327,registrar0-1,transcript1-6,read> null
<1328,registrar2-1,roster4-2,read> null
<1329,registrar0-1,roster0-9,write> null
<1330,registrar0-1,roster0-6,write> null
<1331,registrar0-1,roster0-7,write> null
<1332,registrar0-1,roster0-4,write> null
<1333,registrar0-1,roster0-5,write> null
<1334,registrar0-1,roster0-2,write> null
<1335,admissions0-0,stu5-3application5-3,read> null
<1336,registrar4-0,roster1-6,read> null
<1337,stu2-17,gradebook2-9,readMyScores> null
<1338,admissions4-1,stu1-7application1-7,read> null
<1339,stu5-11,stu5-11application5-11,checkStatus> null
<1340,registrar4-1,transcript0-5,read> null
<1341,registrar4-0,transcript1-3,read> null
<1342,registrar0-1,roster0-1,write> null
<1343,admissions0-1,stu3-8application3-8,read> null
<1344,admissions2-0,stu0-0application0-0,read> null
<1345,admissions0-0,stu3-7application3-7,setStatus> null
<1346,registrar2-0,roster4-7,read> null
<1347,registrar4-0,transcript3-12,read> null
<1348,registrar2-1,roster4-9,write> null
<1349,admissions0-0,stu0-4application0-4,setStatus> null
<1350,admissions0-1,stu3-1application3-1,read> null
<1351,registrar2-0,roster4-9,read> null
<1352,admissions0-1,stu2-14application2-14,setStatus> null
<1353,registrar2-0,roster4-8,read> null
<1354,registrar2-0,roster4-5,read> null
<1355,stu5-13,gradebook5-9,readMyScores> null
<1356,registrar2-0,roster4-2,read> null
<1357,registrar2-0,roster4-3,read> null
<1358,admissions0-1,stu3-10application3-10,setStatus> null
<1359,admissions0-1,stu4-10application4-10,setStatus> null
<1360,registrar2-0,roster4-1,read> null
<1361,admissions2-0,stu0-18application0-18,read> null
<1362,admissions2-1,stu0-15application0-15,setStatus> null
<1363,admissions0-0,stu3-1application3-1,setStatus> null
<1364,admissions4-1,stu1-17application1-17,read> null
<1365,admissions0-1,stu3-7application3-7,setStatus> null
<1366,admissions2-1,stu1-15application1-15,read> null
<1367,admissions0-1,stu1-3application1-3,setStatus> null
<1368,admissions4-1,stu4-13application4-13,read> null
<1369,registrar4-0,transcript4-1,read> null
<1370,registrar4-0,transcript4-2,read> null
<1371,admissions0-0,stu5-18application5-18,read> null
<1372,registrar4-0,transcript4-9,read> null
<1373,registrar4-0,transcript4-8,read> null
<1374,admissions0-0,stu4-15application4-15,setStatus> null
<1375,registrar4-0,transcript4-6,read> null
<1376,admissions4-1,stu4-14application4-14,read> null
<1377,registrar4-0,transcript4-4,read> null
<1378,fac3-4,gradebook3-8,addScore> null
<1379,registrar4-0,transcript4-3,read> null
<1380,fac2-3,gradebook2-7,assignGrade> null
<1381,stu1-7,gradebook1-2,addScore> null
<1382,admissions4-0,stu3-1application3-1,setStatus> null
<1383,admissions0-0,stu1-3application1-3,setStatus> null
<1384,admissions2-1,stu3-4application3-4,setStatus> null
<1385,admissions2-1,stu2-6application2-6,read> null
<1386,registrar0-0,roster0-7,write> null
<1387,admissions4-1,stu2-18application2-18,read> null
<1388,registrar2-1,transcript4-13,read> null
<1389,registrar2-0,roster0-5,write> null
<1390,registrar0-0,roster0-8,write> null
<1391,stu0-8,gradebook0-8,readMyScores> null
<1392,registrar2-0,transcript2-16,read> null
<1393,admissions4-0,application5-4,read> null
<1394,registrar0-0,roster0-9,write> null
<1395,admissions0-1,stu4-1application4-1,read> null
<1396,stu1-8,gradebook1-2,addScore> null
<1397,admissions2-1,stu3-5application3-5,read> null
<1398,admissions0-1,stu3-9application3-9,read> null
<1399,admissions0-0,stu4-4application4-4,read> null
<1400,admissions2-1,stu0-17application0-17,setStatus> null
<1401,stu5-2,gradebook5-7,readScore> null
<1402,app0-3,application0-3,checkStatus> null
<1403,registrar0-1,transcript4-16,read> null
<1404,registrar4-1,transcript4-0,read> null
<1405,registrar4-1,transcript4-1,read> null
<1406,fac3-1,gradebook3-2,changeScore> null
<1407,registrar4-1,transcript4-2,read> null
<1408,registrar4-1,transcript3-9,read> null
<1409,registrar0-0,roster0-1,write> null
<1410,registrar4-1,transcript4-3,read> null
<1411,registrar0-0,roster0-2,write> null
<1412,registrar0-0,roster0-3,write> null
<1413,admissions0-1,stu1-1application1-1,setStatus> null
<1414,registrar0-0,roster0-5,write> null
<1415,stu3-15,gradebook3-8,addScore> null
<1416,registrar0-0,roster0-6,write> null
<1417,registrar4-1,transcript4-9,read> null
<1418,registrar4-1,transcript4-8,read> null
<1419,admissions2-1,stu0-0application0-0,read> null
<1420,stu4-0,gradebook4-3,addScore> null
<1421,registrar4-1,transcript4-5,read> null
<1422,registrar4-1,transcript4-4,read> null
<1423,stu5-19,transcript5-19,read> null
<1424,admissions0-1,stu4-15application4-15,setStatus> null
<1425,registrar4-1,transcript4-6,read> null
<1426,admissions0-1,stu1-18application1-18,read> null
<1427,admissions0-1,stu2-7application2-7,setStatus> null
<1428,fac0-1,roster0-3,read> null
<1429,admissions2-1,stu0-0application0-0,setStatus> null
<1430,registrar2-1,roster4-9,read> null
<1431,registrar2-1,roster4-8,read> null
<1432,registrar4-0,transcript3-13,read> null
<1433,admissions4-1,stu2-4application2-4,read> null
<1434,registrar2-1,roster4-7,read> null
<1435,admissions4-0,application3-2,setStatus> null
<1436,admissions0-0,stu0-15application0-15,setStatus> null
<1437,admissions0-0,stu4-0application4-0,read> null
<1438,registrar0-1,transcript5-6,read> null
<1439,fac4-4,roster4-9,read> null
<1440,admissions2-1,stu1-18application1-18,setStatus> null
<1441,registrar2-1,transcript3-7,read> null
<1442,registrar4-0,transcript2-7,read> null
<1443,registrar2-1,transcript3-8,read> null
<1444,stu1-14,gradebook1-2,addScore> null
<1445,admissions4-0,stu1-2application1-2,read> null
<1446,registrar2-1,transcript3-9,read> null
<1447,admissions0-0,stu0-1application0-1,setStatus> null
<1448,registrar2-1,transcript3-3,read> null
<1449,admissions2-0,stu1-1application1-1,read> null
<1450,fac3-3,gradebook3-7,readScore> null
<1451,fac3-3,gradebook3-6,readScore> null
<1452,fac2-0,gradebook2-1,readScore> null
<1453,registrar4-1,roster5-8,read> null
<1454,admissions4-1,stu3-14application3-14,setStatus> null
<1455,admissions0-1,stu0-10application0-10,setStatus> null
<1456,fac4-2,gradebook4-4,addScore> null
<1457,fac5-1,gradebook5-3,changeScore> null
<1458,registrar4-1,roster5-9,read> null
<1459,stu5-10,gradebook5-5,addScore> null
<1460,registrar4-0,roster3-8,read> null
<1461,admissions4-0,stu0-12application0-12,read> null
<1462,admissions4-1,stu3-9application3-9,setStatus> null
<1463,registrar0-0,roster2-9,write> null
<1464,registrar0-0,roster2-7,write> null
<1465,registrar0-0,roster2-6,write> null
<1466,admissions0-1,stu3-14application3-14,read> null
<1467,registrar0-0,roster2-5,write> null
<1468,admissions0-1,stu0-7application0-7,read> null
<1469,registrar2-1,transcript3-0,read> null
<1470,registrar0-0,roster2-4,write> null
<1471,registrar0-0,roster2-3,write> null
<1472,admissions2-0,stu5-19application5-19,read> null
<1473,registrar2-1,transcript5-0,read> null
<1474,registrar2-1,transcript3-2,read> null
<1475,admissions4-1,stu5-19application5-19,read> null
<1476,registrar4-1,transcript3-19,read> null
<1477,registrar2-1,transcript3-1,read> null
<1478,registrar2-0,transcript3-8,read> null
<1479,registrar2-0,transcript3-9,read> null
<1480,registrar2-0,transcript3-6,read> null
<1481,admissions4-1,stu2-1application2-1,read> null
<1482,registrar2-0,transcript3-7,read> null
<1483,stu2-16,transcript2-16,read> null
<1484,registrar2-0,transcript3-4,read> null
<1485,registrar2-1,transcript3-10,read> null
<1486,registrar2-0,transcript3-5,read> null
<1487,stu4-8,stu4-8application4-8,checkStatus> null
<1488,fac3-4,gradebook3-8,readScore> null
<1489,registrar0-0,roster3-4,read> null
<1490,registrar2-0,transcript3-2,read> null
<1491,registrar2-0,transcript3-3,read> null
<1492,fac2-0,gradebook2-1,assignGrade> null
<1493,admissions4-1,stu0-11application0-11,read> null
<1494,stu5-11,gradebook5-4,addScore> null
<1495,admissions0-0,stu3-14application3-14,read> null
<1496,registrar2-0,transcript3-1,read> null
<1497,stu4-10,gradebook4-8,readMyScores> null
<1498,stu0-0,stu0-0application0-0,checkStatus> null
<1499,registrar2-0,transcript3-0,read> null
<1500,stu4-10,gradebook4-9,readMyScores> null
<1501,admissions2-1,stu3-4application3-4,read> null
<1502,admissions4-0,stu0-19application0-19,read> null
<1503,fac3-1,gradebook3-3,readScore> null
<1504,registrar4-1,transcript5-4,read> null
<1505,admissions2-0,stu3-5application3-5,read> null
<1506,fac3-1,gradebook3-2,readScore> null
<1507,registrar4-0,roster5-6,read> null
<1508,registrar4-1,transcript2-18,read> null
<1509,registrar4-0,roster5-5,read> null
<1510,registrar4-0,roster5-4,read> null
<1511,registrar4-0,roster5-3,read> null
<1512,registrar4-0,roster5-2,read> null
<1513,admissions4-0,stu0-13application0-13,read> null
<1514,registrar0-1,roster4-6,read> null
<1515,admissions2-1,stu2-3application2-3,read> null
<1516,admissions4-1,stu0-19application0-19,read> null
<1517,registrar0-1,roster2-2,write> null
<1518,registrar0-1,roster5-7,read> null
<1519,registrar2-0,roster3-1,write> null
<1520,admissions4-1,stu1-13application1-13,read> null
<1521,registrar4-0,roster5-7,read> null
<1522,registrar4-0,roster5-8,read> null
<1523,stu4-13,gradebook4-2,readMyScores> null
<1524,stu2-9,transcript2-9,read> null
<1525,fac3-2,gradebook3-5,readScore> null
<1526,stu1-6,transcript1-6,read> null
<1527,registrar4-0,roster5-9,read> null
<1528,registrar4-1,transcript1-4,read> null
<1529,registrar4-0,transcript5-12,read> null
<1530,fac3-2,gradebook3-4,readScore> null
<1531,admissions0-0,stu3-11application3-11,setStatus> null
<1532,stu3-0,stu3-0application3-0,checkStatus> null
<1533,registrar4-1,roster5-5,read> null
<1534,registrar0-1,roster2-7,write> null
<1535,registrar2-0,transcript0-8,read> null
<1536,registrar4-1,roster5-4,read> null
<1537,registrar0-1,roster2-6,write> null
<1538,registrar0-1,roster2-9,write> null
<1539,registrar4-1,roster5-6,read> null
<1540,registrar0-1,roster2-8,write> null
<1541,registrar4-1,roster5-1,read> null
<1542,registrar4-1,roster5-3,read> null
<1543,admissions0-1,application3-2,read> null
<1544,chair3,transcript3-6,read> null
<1545,registrar4-1,roster5-2,read> null
<1546,registrar0-1,roster2-1,write> null
<1547,admissions4-0,stu5-19application5-19,read> null
<1548,registrar0-1,roster2-3,write> null
<1549,registrar0-1,roster2-5,write> null
<1550,registrar2-0,transcript3-17,read> null
<1551,registrar0-1,roster2-4,write> null
<1552,admissions0-0,stu3-19application3-19,setStatus> null
<1553,stu1-11,transcript1-11,read> null
<1554,admissions4-0,application2-0,setStatus> null
<1555,fac1-3,gradebook1-6,addScore> null
<1556,registrar2-1,roster1-7,write> null
<1557,admissions0-0,stu4-12application4-12,read> null
<1558,admissions4-0,stu1-13application1-13,read> null
<1559,stu1-18,transcript1-18,read> null
<1560,registrar0-1,roster3-7,read> null
<1561,stu4-14,gradebook4-3,readMyScores> null
<1562,registrar0-0,transcript5-7,read> null
<1563,admissions2-0,stu2-3application2-3,read> null
<1564,stu4-14,gradebook4-4,readMyScores> null
<1565,admissions0-0,stu1-9application1-9,read> null
<1566,stu3-13,stu3-13application3-13,checkStatus> null
<1567,stu4-13,gradebook4-5,readMyScores> null
<1568,stu4-13,gradebook4-8,readMyScores> null
<1569,admissions4-1,stu2-4application2-4,setStatus> null
<1570,admissions0-0,stu2-14application2-14,setStatus> null
<1571,registrar2-0,transcript4-12,read> null
<1572,fac3-3,roster3-6,read> null
<1573,chair0,transcript0-6,read> null
<1574,admissions2-0,stu2-10application2-10,read> null
<1575,fac0-4,gradebook0-9,readScore> null
<1576,stu4-15,gradebook4-5,readMyScores> null
<1577,admissions4-1,stu1-14application1-14,setStatus> null
<1578,registrar4-0,transcript2-8,read> null
<1579,fac0-4,gradebook0-8,readScore> null
<1580,stu0-12,gradebook0-5,readMyScores> null
<1581,stu4-15,gradebook4-6,readMyScores> null
<1582,stu4-15,gradebook4-4,readMyScores> null
<1583,stu4-15,gradebook4-2,readMyScores> null
<1584,admissions2-0,stu3-4application3-4,read> null
<1585,stu4-14,gradebook4-9,readMyScores> null
<1586,admissions4-1,stu4-17application4-17,setStatus> null
<1587,admissions2-1,stu0-19application0-19,read> null
<1588,stu2-6,stu2-6application2-6,checkStatus> null
<1589,admissions0-1,stu2-8application2-8,setStatus> null
<1590,admissions2-1,stu4-5application4-5,setStatus> null
<1591,admissions2-1,stu2-10application2-10,read> null
<1592,fac1-2,gradebook1-4,readScore> null
<1593,fac1-2,gradebook1-5,readScore> null
<1594,registrar0-1,transcript4-12,read> null
<1595,admissions0-0,stu2-6application2-6,setStatus> null
<1596,stu2-11,gradebook2-8,readMyScores> null
<1597,registrar0-0,transcript2-1,read> null
<1598,registrar2-0,transcript0-9,read> null
<1599,admissions0-0,stu5-11application5-11,read> null
<1600,registrar0-1,roster3-3,read> null
<1601,registrar2-1,roster1-9,write> null
<1602,registrar0-1,transcript2-10,read> null
<1603,stu5-8,stu5-8application5-8,checkStatus> null
<1604,stu4-12,gradebook4-1,readMyScores> null
<1605,registrar2-1,roster0-8,write> null
<1606,stu4-11,gradebook4-6,readMyScores> null
<1607,stu4-11,gradebook4-7,readMyScores> null
<1608,admissions4-1,application0-0,read> null
<1609,stu4-11,gradebook4-9,readMyScores> null
<1610,stu5-12,gradebook5-9,addScore> null
<1611,admissions2-0,stu4-5application4-5,setStatus> null
<1612,stu5-13,gradebook5-1,addScore> null
<1613,fac1-1,gradebook1-3,readScore> null
<1614,fac1-1,gradebook1-2,readScore> null
<1615,admissions0-1,stu3-19application3-19,setStatus> null
<1616,admissions2-0,stu3-13application3-13,read> null
<1617,stu4-13,gradebook4-3,readMyScores> null
<1618,admissions2-1,stu5-19application5-19,read> null
<1619,registrar2-1,transcript4-10,read> null
<1620,stu4-12,gradebook4-8,readMyScores> null
<1621,admissions4-0,stu2-4application2-4,setStatus> null
<1622,fac4-3,gradebook4-7,changeScore> null
<1623,admissions4-1,stu5-0application5-0,setStatus> null
<1624,fac2-4,gradebook2-8,assignGrade> null
<1625,admissions0-0,stu5-7application5-7,setStatus> null
<1626,registrar4-0,roster4-2,write> null
<1627,admissions4-0,stu5-0application5-0,setStatus> null
<1628,registrar4-0,roster4-1,write> null
<1629,registrar4-0,roster4-4,write> null
<1630,registrar4-0,roster0-5,read> null
<1631,registrar4-0,roster4-3,write> null
<1632,admissions0-0,stu2-6application2-6,read> null
<1633,admissions4-1,stu5-15application5-15,setStatus> null
<1634,admissions0-0,stu5-19application5-19,setStatus> null
<1635,registrar4-0,roster4-6,write> null
<1636,registrar0-1,transcript4-5,read> null
<1637,registrar4-0,roster4-5,write> null
<1638,registrar4-0,roster4-8,write> null
<1639,registrar4-0,roster4-7,write> null
<1640,admissions0-1,stu1-2application1-2,read> null
<1641,fac3-3,gradebook3-6,addScore> null
<1642,registrar4-0,roster4-9,write> null
<1643,fac3-3,gradebook3-7,addScore> null
<1644,registrar4-1,transcript0-18,read> null
<1645,admissions4-0,stu0-15application0-15,setStatus> null
<1646,fac1-4,gradebook1-9,readScore> null
<1647,fac0-0,gradebook0-1,changeScore> null
<1648,fac1-4,gradebook1-8,readScore> null
<1649,admissions0-1,stu3-17application3-17,setStatus> null
<1650,stu2-0,gradebook2-7,readScore> null
<1651,admissions2-1,stu0-18application0-18,setStatus> null
<1652,chair0,transcript0-7,read> null
<1653,registrar4-0,transcript3-17,read> null
<1654,fac0-1,gradebook0-2,readScore> null
<1655,fac0-1,gradebook0-3,readScore> null
<1656,registrar2-0,roster4-6,write> null
<1657,registrar0-0,transcript3-13,read> null
<1658,registrar2-0,roster4-5,write> null
<1659,registrar2-0,roster4-8,write> null
<1660,registrar2-0,roster4-7,write> null
<1661,admissions2-0,stu3-7application3-7,setStatus> null
<1662,registrar2-0,roster4-9,write> null
<1663,app0-4,application0-4,checkStatus> null
<1664,admissions0-0,stu0-18application0-18,setStatus> null
<1665,admissions0-1,stu4-14application4-14,setStatus> null
<1666,fac3-2,gradebook3-5,addScore> null
<1667,admissions0-0,stu2-4application2-4,setStatus> null
<1668,admissions2-1,stu0-4application0-4,read> null
<1669,registrar2-0,roster4-2,write> null
<1670,registrar2-0,roster4-1,write> null
<1671,registrar4-1,roster2-9,write> null
<1672,registrar2-0,roster4-4,write> null
<1673,stu2-3,gradebook2-8,readMyScores> null
<1674,fac3-2,gradebook3-4,addScore> null
<1675,registrar2-0,transcript0-18,read> null
<1676,admissions0-1,application5-0,read> null
<1677,registrar2-0,roster4-3,write> null
<1678,stu2-8,transcript2-8,read> null
<1679,fac1-3,gradebook1-6,readScore> null
<1680,admissions0-1,stu3-6application3-6,setStatus> null
<1681,fac0-0,gradebook0-1,readScore> null
<1682,admissions0-1,stu3-17application3-17,read> null
<1683,admissions4-0,stu1-6application1-6,read> null
<1684,fac3-1,gradebook3-2,addScore> null
<1685,fac2-2,gradebook2-4,addScore> null
<1686,fac2-2,roster2-4,read> null
<1687,admissions0-0,application4-4,setStatus> null
<1688,fac1-2,gradebook1-5,assignGrade> null
<1689,admissions0-0,application4-2,setStatus> null
<1690,stu2-11,stu2-11application2-11,checkStatus> null
<1691,stu4-2,gradebook4-2,addScore> null
<1692,admissions0-0,application4-3,setStatus> null
<1693,admissions0-0,application4-0,setStatus> null
<1694,registrar4-1,transcript3-0,read> null
<1695,admissions0-0,application4-1,setStatus> null
<1696,admissions0-1,stu2-4application2-4,setStatus> null
<1697,admissions2-0,stu0-4application0-4,read> null
<1698,fac0-3,gradebook0-7,readScore> null
<1699,stu2-7,transcript2-7,read> null
<1700,fac0-3,gradebook0-6,readScore> null
<1701,registrar4-1,roster4-7,write> null
<1702,registrar4-1,roster4-6,write> null
<1703,registrar2-1,roster1-7,read> null
<1704,registrar4-1,roster4-5,write> null
<1705,registrar4-1,roster4-2,write> null
<1706,stu1-17,gradebook1-6,readMyScores> null
<1707,stu5-4,stu5-4application5-4,checkStatus> null
<1708,admissions4-1,stu1-2application1-2,read> null
<1709,admissions0-1,application4-3,setStatus> null
<1710,admissions2-0,stu4-3application4-3,read> null
<1711,admissions0-0,stu2-13application2-13,setStatus> null
<1712,admissions0-1,application4-4,setStatus> null
<1713,registrar2-1,transcript3-13,read> null
<1714,admissions4-0,stu2-8application2-8,setStatus> null
<1715,registrar4-1,roster1-1,write> null
<1716,fac3-0,gradebook3-1,addScore> null
<1717,admissions4-1,stu0-5application0-5,read> null
<1718,admissions0-1,application4-0,setStatus> null
<1719,registrar4-1,roster4-9,write> null
<1720,admissions0-1,application4-1,setStatus> null
<1721,registrar4-1,roster4-8,write> null
<1722,stu3-13,gradebook3-2,addScore> null
<1723,registrar2-0,roster3-7,read> null
<1724,admissions0-0,stu0-9application0-9,read> null
<1725,admissions0-1,application4-2,setStatus> null
<1726,stu0-7,transcript0-7,read> null
<1727,admissions4-0,stu2-4application2-4,read> null
<1728,fac0-2,gradebook0-4,readScore> null
<1729,stu2-6,transcript2-6,read> null
<1730,fac0-2,gradebook0-5,readScore> null
<1731,admissions2-0,stu0-19application0-19,setStatus> null
<1732,admissions4-0,stu0-13application0-13,setStatus> null
<1733,stu3-13,gradebook3-4,readMyScores> null
<1734,admissions0-0,stu1-12application1-12,setStatus> null
<1735,stu5-4,transcript5-4,read> null
<1736,admissions4-1,stu1-8application1-8,setStatus> null
<1737,fac2-2,gradebook2-4,readScore> null
<1738,admissions4-0,application0-0,setStatus> null
<1739,admissions4-1,stu2-14application2-14,setStatus> null
<1740,admissions4-0,application0-1,setStatus> null
<1741,stu3-12,gradebook3-7,addScore> null
<1742,registrar2-0,transcript4-18,read> null
<1743,stu2-16,gradebook2-3,readScore> null
<1744,admissions4-0,stu2-13application2-13,setStatus> null
<1745,admissions4-0,application0-4,setStatus> null
<1746,fac2-4,gradebook2-9,readScore> null
<1747,admissions4-0,application0-2,setStatus> null
<1748,fac2-4,gradebook2-8,readScore> null
<1749,admissions2-1,stu0-19application0-19,setStatus> null
<1750,admissions0-0,application1-4,setStatus> null
<1751,registrar2-0,transcript5-7,read> null
<1752,registrar4-0,roster0-7,read> null
<1753,admissions2-0,stu4-4application4-4,read> null
<1754,stu4-7,gradebook4-1,readMyScores> null
<1755,fac3-0,gradebook3-1,readScore> null
<1756,registrar4-0,roster0-3,read> null
<1757,admissions2-0,stu3-5application3-5,setStatus> null
<1758,admissions0-1,stu4-11application4-11,setStatus> null
<1759,admissions4-1,application0-0,setStatus> null
<1760,registrar4-0,transcript4-15,read> null
<1761,admissions4-1,application0-1,setStatus> null
<1762,admissions4-1,application0-2,setStatus> null
<1763,registrar0-0,roster0-3,read> null
<1764,admissions4-1,application0-3,setStatus> null
<1765,admissions4-1,application0-4,setStatus> null
<1766,admissions0-1,stu2-6application2-6,read> null
<1767,admissions2-1,stu4-4application4-4,read> null
<1768,admissions4-0,stu0-4application0-4,read> null
<1769,admissions0-0,stu0-17application0-17,read> null
<1770,admissions0-1,stu0-18application0-18,setStatus> null
<1771,admissions0-0,stu0-8application0-8,setStatus> null
<1772,admissions2-1,stu3-7application3-7,setStatus> null
<1773,stu4-9,gradebook4-9,addScore> null
<1774,admissions2-1,stu1-0application1-0,setStatus> null
<1775,stu2-4,gradebook2-5,readScore> null
<1776,admissions4-1,stu4-15application4-15,read> null
<1777,fac3-4,gradebook3-9,addScore> null
<1778,fac3-3,gradebook3-6,changeScore> null
<1779,admissions4-1,stu0-9application0-9,setStatus> null
<1780,admissions2-1,stu3-13application3-13,read> null
<1781,registrar0-0,transcript4-14,read> null
<1782,admissions0-1,stu3-18application3-18,setStatus> null
<1783,admissions0-1,stu0-17application0-17,read> null
<1784,admissions0-1,stu0-1application0-1,setStatus> null
<1785,admissions4-1,stu1-15application1-15,read> null
<1786,admissions4-0,stu4-15application4-15,read> null
<1787,admissions0-1,stu4-8application4-8,read> null
<1788,admissions4-1,stu0-10application0-10,setStatus> null
<1789,admissions0-0,stu5-8application5-8,read> null
<1790,registrar4-1,roster1-8,write> null
<1791,admissions4-1,application3-4,read> null
<1792,registrar2-1,transcript0-3,read> null
<1793,admissions4-1,application3-2,read> null
<1794,admissions4-1,application3-3,read> null
<1795,admissions0-1,stu3-0application3-0,setStatus> null
<1796,admissions4-1,stu0-4application0-4,read> null
<1797,admissions0-1,stu4-6application4-6,read> null
<1798,fac3-4,roster3-8,read> null
<1799,registrar2-1,roster0-6,write> null
<1800,registrar2-1,transcript4-1,read> null
<1801,admissions2-1,stu4-2application4-2,setStatus> null
<1802,admissions0-1,stu5-13application5-13,read> null
<1803,admissions4-1,application3-1,read> null
<1804,admissions4-1,application3-0,read> null
<1805,fac1-4,gradebook1-8,addScore> null
<1806,stu5-10,transcript5-10,read> null
<1807,chair0,transcript0-4,read> null
<1808,fac1-4,gradebook1-9,addScore> null
<1809,registrar0-0,roster4-8,write> null
<1810,admissions4-0,application3-1,read> null
<1811,admissions4-0,application3-2,read> null
<1812,admissions4-0,application3-3,read> null
<1813,stu2-6,gradebook2-1,readScore> null
<1814,admissions4-0,application3-4,read> null
<1815,admissions4-1,stu3-2application3-2,read> null
<1816,registrar0-1,transcript0-0,read> null
<1817,admissions0-0,stu4-6application4-6,read> null
<1818,admissions2-0,stu0-2application0-2,setStatus> null
<1819,admissions2-1,stu1-13application1-13,setStatus> null
<1820,admissions4-0,application3-0,read> null
<1821,admissions4-0,stu3-2application3-2,read> null
<1822,admissions4-1,stu1-0application1-0,read> null
<1823,admissions4-1,stu1-19application1-19,setStatus> null
<1824,fac1-2,gradebook1-4,addScore> null
<1825,fac1-2,gradebook1-5,addScore> null
<1826,chair5,transcript5-17,read> null
<1827,chair5,transcript5-18,read> null
<1828,registrar0-1,roster5-8,read> null
<1829,chair5,transcript5-15,read> null
<1830,fac1-1,gradebook1-3,assignGrade> null
<1831,chair5,transcript5-16,read> null
<1832,chair5,transcript5-19,read> null
<1833,stu2-9,gradebook2-1,readScore> null
<1834,registrar2-0,transcript3-10,read> null
<1835,stu0-5,gradebook0-1,readMyScores> null
<1836,app0-2,application0-2,checkStatus> null
<1837,chair5,transcript5-10,read> null
<1838,admissions2-1,stu2-19application2-19,read> null
<1839,chair5,transcript5-13,read> null
<1840,admissions4-0,stu0-14application0-14,setStatus> null
<1841,fac2-2,gradebook2-4,assignGrade> null
<1842,registrar4-1,roster3-8,write> null
<1843,registrar2-0,transcript1-8,read> null
<1844,stu4-1,transcript4-1,read> null
<1845,stu5-1,stu5-1application5-1,checkStatus> null
<1846,chair5,transcript5-11,read> null
<1847,chair5,transcript5-12,read> null
<1848,admissions4-1,stu5-16application5-16,read> null
<1849,registrar0-1,roster3-8,read> null
<1850,admissions2-1,stu3-18application3-18,read> null
<1851,registrar4-0,transcript2-14,read> null
<1852,admissions4-1,stu0-14application0-14,setStatus> null
<1853,admissions4-1,stu0-18application0-18,setStatus> null
<1854,registrar0-0,transcript4-15,read> null
<1855,admissions4-1,stu2-18application2-18,setStatus> null
<1856,registrar4-0,transcript1-4,read> null
<1857,stu5-11,gradebook5-5,readMyScores> null
<1858,admissions0-1,stu0-3application0-3,read> null
<1859,registrar2-0,transcript3-15,read> null
<1860,stu5-11,gradebook5-6,readMyScores> null
<1861,admissions2-1,application5-3,setStatus> null
<1862,stu5-11,gradebook5-7,readMyScores> null
<1863,stu5-11,gradebook5-2,readMyScores> null
<1864,admissions0-0,stu5-2application5-2,setStatus> null
<1865,registrar4-1,transcript5-9,read> null
<1866,admissions2-0,stu3-18application3-18,read> null
<1867,admissions2-0,stu5-15application5-15,read> null
<1868,stu2-14,transcript2-14,read> null
<1869,admissions4-0,stu3-11application3-11,read> null
<1870,registrar2-1,roster3-3,write> null
<1871,registrar2-1,roster3-5,write> null
<1872,stu5-12,gradebook5-7,readMyScores> null
<1873,registrar2-0,transcript3-12,read> null
<1874,registrar2-1,roster3-6,write> null
<1875,registrar2-1,roster3-1,write> null
<1876,registrar2-1,roster3-2,write> null
<1877,admissions4-0,stu0-4application0-4,setStatus> null
<1878,admissions4-1,stu0-14application0-14,read> null
<1879,registrar2-1,roster3-9,read> null
<1880,admissions4-0,stu5-10application5-10,read> null
<1881,registrar2-1,roster3-7,write> null
<1882,registrar2-1,roster3-8,write> null
<1883,registrar2-1,roster3-9,write> null
<1884,admissions0-1,stu1-8application1-8,read> null
<1885,admissions4-0,stu4-7application4-7,read> null
<1886,registrar2-0,roster3-5,write> null
<1887,registrar2-0,roster3-2,write> null
<1888,stu4-1,gradebook4-1,readMyScores> null
<1889,registrar2-1,transcript1-3,read> null
<1890,fac5-1,gradebook5-2,readScore> null
<1891,registrar2-1,transcript1-9,read> null
<1892,admissions2-1,stu0-13application0-13,read> null
<1893,admissions0-0,stu2-5application2-5,setStatus> null
<1894,registrar2-0,roster3-3,write> null
<1895,admissions4-0,stu1-12application1-12,read> null
<1896,registrar2-0,roster3-8,write> null
<1897,registrar2-0,roster3-9,write> null
<1898,registrar2-0,roster3-6,write> null
<1899,registrar2-0,roster3-7,write> null
<1900,admissions2-1,stu2-5application2-5,setStatus> null
<1901,admissions4-1,stu0-4application0-4,setStatus> null
<1902,admissions4-0,stu0-14application0-14,read> null
<1903,admissions0-1,stu5-19application5-19,setStatus> null
<1904,admissions0-0,stu1-8application1-8,read> null
<1905,registrar4-1,transcript2-1,read> null
<1906,registrar4-1,roster3-9,read> null
<1907,admissions0-0,stu2-14application2-14,read> null
<1908,chair0,transcript0-2,read> null
<1909,admissions0-1,stu0-6application0-6,read> null
<1910,admissions4-1,stu4-7application4-7,read> null
<1911,admissions0-0,stu3-3application3-3,read> null
<1912,stu5-10,gradebook5-6,readMyScores> null
<1913,admissions4-0,stu4-11application4-11,setStatus> null
<1914,admissions2-0,stu0-13application0-13,read> null
<1915,admissions0-0,stu0-3application0-3,read> null
<1916,admissions2-0,stu5-13application5-13,setStatus> null
<1917,stu5-10,gradebook5-8,readMyScores> null
<1918,admissions0-0,stu2-7application2-7,read> null
<1919,admissions4-1,stu1-12application1-12,read> null
<1920,admissions4-1,stu5-8application5-8,setStatus> null
<1921,admissions4-1,stu5-18application5-18,setStatus> null
<1922,admissions2-0,stu4-7application4-7,read> null
<1923,admissions0-0,stu5-4application5-4,read> null
<1924,stu5-15,gradebook5-9,readMyScores> null
<1925,admissions2-0,application1-0,read> null
<1926,stu5-15,gradebook5-7,readMyScores> null
<1927,admissions2-0,stu5-15application5-15,setStatus> null
<1928,admissions2-0,application1-3,read> null
<1929,stu2-13,gradebook2-6,readMyScores> null
<1930,admissions0-0,stu0-6application0-6,read> null
<1931,admissions2-0,application1-4,read> null
<1932,registrar2-0,transcript3-16,read> null
<1933,registrar4-1,transcript1-0,read> null
<1934,stu5-16,gradebook5-5,readMyScores> null
<1935,stu1-7,gradebook1-9,readMyScores> null
<1936,stu1-0,transcript1-0,read> null
<1937,admissions2-0,application1-1,read> null
<1938,stu5-16,gradebook5-2,readMyScores> null
<1939,admissions2-0,application1-2,read> null
<1940,admissions0-1,stu2-14application2-14,read> null
<1941,admissions4-0,stu3-14application3-14,read> null
<1942,admissions2-1,stu4-7application4-7,read> null
<1943,registrar2-0,transcript4-19,read> null
<1944,registrar4-0,transcript5-8,read> null
<1945,admissions4-1,stu2-17application2-17,read> null
<1946,registrar0-0,transcript1-5,read> null
<1947,admissions2-0,stu0-10application0-10,setStatus> null
<1948,admissions0-1,stu5-4application5-4,read> null
<1949,registrar0-1,roster1-9,read> null
<1950,registrar0-1,roster1-8,read> null
<1951,stu5-16,gradebook5-7,readMyScores> null
<1952,stu5-16,gradebook5-6,readMyScores> null
<1953,admissions2-1,application1-1,read> null
<1954,admissions2-1,application1-0,read> null
<1955,stu3-11,gradebook3-1,addScore> null
<1956,admissions2-1,application1-2,read> null
<1957,admissions2-1,application1-3,read> null
<1958,stu5-17,gradebook5-4,readMyScores> null
<1959,registrar0-1,transcript4-0,read> null
<1960,registrar0-1,roster4-1,read> null
<1961,admissions2-1,application1-4,read> null
<1962,admissions4-0,stu0-7application0-7,read> null
<1963,admissions0-0,stu3-14application3-14,setStatus> null
<1964,admissions2-0,stu2-16application2-16,setStatus> null
<1965,stu5-17,gradebook5-2,readMyScores> null
<1966,registrar4-1,transcript1-1,read> null
<1967,stu5-18,gradebook5-6,addScore> null
<1968,registrar0-0,roster0-8,read> null
<1969,stu5-9,stu5-9application5-9,checkStatus> null
<1970,admissions4-1,stu3-14application3-14,read> null
<1971,registrar4-1,roster0-8,read> null
<1972,fac1-2,gradebook1-4,assignGrade> null
<1973,admissions0-0,stu4-14application4-14,setStatus> null
<1974,stu5-13,gradebook5-6,readMyScores> null
<1975,admissions0-0,application5-3,read> null
<1976,admissions0-1,stu1-16application1-16,setStatus> null
<1977,admissions2-0,stu0-9application0-9,setStatus> null
<1978,registrar4-0,roster1-9,read> null
<1979,stu5-13,gradebook5-3,readMyScores> null
<1980,registrar0-0,roster1-8,read> null
<1981,chair3,transcript3-8,read> null
<1982,registrar0-0,roster1-9,read> null
<1983,registrar0-1,roster1-4,read> null
<1984,admissions2-0,stu2-5application2-5,setStatus> null
<1985,admissions2-1,stu2-16application2-16,setStatus> null
<1986,chair3,transcript3-4,read> null
<1987,registrar0-1,roster1-6,read> null
<1988,registrar0-1,roster1-7,read> null
<1989,stu4-7,gradebook4-2,readMyScores> null
<1990,registrar0-1,roster1-1,read> null
<1991,admissions4-1,stu3-11application3-11,read> null
<1992,registrar0-0,transcript2-5,read> null
<1993,registrar0-1,roster1-2,read> null
<1994,registrar0-1,roster1-3,read> null
<1995,stu2-4,stu2-4application2-4,checkStatus> null
<1996,registrar2-0,transcript5-1,read> null
<1997,stu5-17,gradebook5-6,addScore> null
<1998,admissions4-0,stu0-3application0-3,setStatus> null
<1999,registrar2-0,transcript0-12,read> null
<2000,stu5-14,gradebook5-5,readMyScores> null
<2001,admissions0-1,application1-2,setStatus> null
<2002,admissions2-1,stu5-15application5-15,setStatus> null
<2003,admissions0-0,stu5-5application5-5,setStatus> null
<2004,admissions0-0,stu1-16application1-16,setStatus> null
<2005,stu5-14,gradebook5-7,readMyScores> null
<2006,stu5-14,gradebook5-8,readMyScores> null
<2007,admissions2-0,stu4-14application4-14,setStatus> null
<2008,chair1,transcript1-16,read> null
<2009,registrar2-1,roster1-5,read> null
<2010,admissions0-0,stu0-7application0-7,setStatus> null
<2011,admissions4-1,stu5-1application5-1,setStatus> null
<2012,registrar0-0,roster1-5,read> null
<2013,stu4-4,gradebook4-6,readMyScores> null
<2014,registrar0-0,roster1-6,read> null
<2015,admissions0-1,stu0-0application0-0,read> null
<2016,stu5-18,gradebook5-6,readScore> null
<2017,stu5-15,gradebook5-2,readMyScores> null
<2018,admissions0-1,stu4-19application4-19,read> null
<2019,registrar0-0,roster1-2,read> null
<2020,admissions2-0,stu2-12application2-12,setStatus> null
<2021,registrar2-1,roster3-8,read> null
<2022,registrar0-1,roster1-1,write> null
<2023,registrar0-1,roster1-2,write> null
<2024,admissions0-0,stu3-5application3-5,read> null
<2025,registrar0-1,roster1-6,write> null
<2026,stu5-19,gradebook5-9,readMyScores> null
<2027,registrar0-1,roster1-4,write> null
<2028,admissions0-1,stu0-4application0-4,setStatus> null
<2029,registrar0-1,roster1-9,write> null
<2030,registrar2-1,roster3-1,read> null
<2031,registrar0-1,roster1-7,write> null
<2032,admissions0-1,stu5-12application5-12,read> null
<2033,registrar2-1,roster3-3,read> null
<2034,fac1-3,gradebook1-7,assignGrade> null
<2035,registrar0-1,roster1-8,write> null
<2036,registrar2-1,roster3-4,read> null
<2037,registrar2-1,roster3-6,read> null
<2038,registrar2-0,roster3-8,read> null
<2039,registrar2-1,transcript2-19,read> null
<2040,registrar2-0,roster3-9,read> null
<2041,admissions0-0,stu0-0application0-0,read> null
<2042,admissions2-0,stu2-9application2-9,read> null
<2043,admissions0-1,stu0-15application0-15,setStatus> null
<2044,admissions4-0,stu1-19application1-19,setStatus> null
<2045,registrar2-0,roster3-1,read> null
<2046,fac5-3,gradebook5-7,changeScore> null
<2047,fac2-1,gradebook2-2,assignGrade> null
<2048,registrar2-0,roster3-2,read> null
<2049,stu1-19,gradebook1-5,addScore> null
<2050,admissions0-0,stu5-12application5-12,read> null
<2051,registrar2-0,roster3-5,read> null
<2052,registrar2-0,roster3-6,read> null
<2053,registrar2-0,roster3-3,read> null
<2054,registrar2-0,roster3-4,read> null
<2055,admissions2-1,stu2-18application2-18,read> null
<2056,stu5-17,gradebook5-8,readMyScores> null
<2057,registrar4-0,transcript2-13,read> null
<2058,registrar4-0,transcript5-0,read> null
<2059,registrar4-0,transcript5-1,read> null
<2060,admissions2-0,stu2-18application2-18,read> null
<2061,admissions4-1,stu3-8application3-8,setStatus> null
<2062,registrar4-0,transcript5-5,read> null
<2063,stu5-18,gradebook5-3,readMyScores> null
<2064,registrar4-0,transcript5-4,read> null
<2065,registrar4-0,transcript5-2,read> null
<2066,registrar4-0,transcript5-9,read> null
<2067,stu5-18,gradebook5-7,readMyScores> null
<2068,stu2-9,gradebook2-6,readMyScores> null
<2069,registrar4-0,transcript5-6,read> null
<2070,registrar4-1,transcript5-0,read> null
<2071,stu4-10,gradebook4-6,addScore> null
<2072,registrar0-1,transcript0-8,read> null
<2073,registrar4-1,transcript5-1,read> null
<2074,admissions2-0,application5-1,setStatus> null
<2075,registrar4-1,transcript5-2,read> null
<2076,admissions2-0,stu4-2application4-2,setStatus> null
<2077,stu0-2,stu0-2application0-2,checkStatus> null
<2078,admissions0-1,application5-3,read> null
<2079,registrar4-1,transcript5-6,read> null
<2080,fac4-1,gradebook4-2,assignGrade> null
<2081,admissions0-1,stu4-1application4-1,setStatus> null
<2082,stu5-19,gradebook5-5,readMyScores> null
<2083,stu5-19,gradebook5-8,readMyScores> null
<2084,stu5-1,gradebook5-8,readMyScores> null
<2085,stu5-1,gradebook5-1,readMyScores> null
<2086,admissions4-0,stu0-1application0-1,setStatus> null
<2087,stu3-14,gradebook3-5,readMyScores> null
<2088,stu3-14,gradebook3-4,readMyScores> null
<2089,stu3-14,gradebook3-3,readMyScores> null
<2090,stu5-0,gradebook5-1,readMyScores> null
<2091,registrar2-1,transcript5-3,read> null
<2092,admissions4-0,stu4-6application4-6,setStatus> null
<2093,admissions0-1,stu4-12application4-12,setStatus> null
<2094,stu5-0,gradebook5-6,readMyScores> null
<2095,registrar2-1,transcript4-0,read> null
<2096,registrar2-1,roster0-8,read> null
<2097,registrar2-0,transcript4-16,read> null
<2098,stu5-0,gradebook5-7,readMyScores> null
<2099,stu5-0,gradebook5-8,readMyScores> null
<2100,stu3-14,gradebook3-9,readMyScores> null
<2101,stu1-15,gradebook1-9,addScore> null
<2102,admissions2-1,stu2-6application2-6,setStatus> null
<2103,stu0-17,stu0-17application0-17,checkStatus> null
<2104,registrar0-0,transcript2-9,read> null
<2105,admissions4-1,stu4-6application4-6,read> null
<2106,stu3-15,gradebook3-5,readMyScores> null
<2107,admissions2-1,stu3-12application3-12,setStatus> null
<2108,stu3-15,gradebook3-3,readMyScores> null
<2109,stu3-15,gradebook3-1,readMyScores> null
<2110,registrar4-0,roster0-4,read> null
<2111,stu3-15,gradebook3-9,readMyScores> null
<2112,admissions0-1,stu3-16application3-16,read> null
<2113,admissions0-1,stu1-14application1-14,setStatus> null
<2114,admissions4-0,stu4-10application4-10,setStatus> null
<2115,admissions4-0,stu2-17application2-17,setStatus> null
<2116,stu3-16,gradebook3-5,readMyScores> null
<2117,stu3-16,gradebook3-7,readMyScores> null
<2118,stu3-16,gradebook3-6,readMyScores> null
<2119,admissions2-0,stu1-17application1-17,setStatus> null
<2120,admissions2-1,application2-3,read> null
<2121,admissions0-0,stu3-12application3-12,setStatus> null
<2122,admissions4-0,stu0-9application0-9,setStatus> null
<2123,registrar4-1,roster3-1,write> null
<2124,registrar4-1,roster3-2,write> null
<2125,admissions0-0,stu3-16application3-16,read> null
<2126,registrar4-1,roster3-3,write> null
<2127,registrar2-0,roster5-3,read> null
<2128,registrar4-1,roster3-4,write> null
<2129,stu1-13,gradebook1-2,addScore> null
<2130,registrar4-1,roster3-6,write> null
<2131,admissions0-0,application4-3,read> null
<2132,registrar4-1,roster3-7,write> null
<2133,stu4-2,gradebook4-6,readMyScores> null
<2134,registrar4-1,roster3-9,write> null
<2135,admissions0-1,stu1-9application1-9,read> null
<2136,admissions4-1,stu2-17application2-17,setStatus> null
<2137,stu3-17,gradebook3-4,readMyScores> null
<2138,admissions2-0,stu4-13application4-13,read> null
<2139,admissions4-1,stu2-10application2-10,setStatus> null
<2140,admissions2-1,stu0-3application0-3,setStatus> null
<2141,registrar2-1,roster0-7,read> null
<2142,admissions4-1,stu4-10application4-10,setStatus> null
<2143,admissions0-1,stu1-13application1-13,read> null
<2144,stu3-10,gradebook3-7,readMyScores> null
<2145,admissions2-0,stu4-10application4-10,setStatus> null
<2146,admissions4-1,stu1-4application1-4,read> null
<2147,admissions2-0,stu0-8application0-8,read> null
<2148,stu3-10,gradebook3-6,readMyScores> null
<2149,admissions0-0,stu2-10application2-10,setStatus> null
<2150,admissions0-0,stu3-0application3-0,read> null
<2151,stu3-10,gradebook3-5,readMyScores> null
<2152,stu3-11,gradebook3-3,readMyScores> null
<2153,admissions0-1,stu2-12application2-12,read> null
<2154,admissions2-0,stu1-3application1-3,setStatus> null
<2155,admissions2-1,stu1-17application1-17,setStatus> null
<2156,stu1-7,stu1-7application1-7,checkStatus> null
<2157,admissions0-0,application1-1,setStatus> null
<2158,stu0-7,stu0-7application0-7,checkStatus> null
<2159,admissions0-0,application1-2,setStatus> null
<2160,admissions0-0,application1-3,setStatus> null
<2161,stu3-11,gradebook3-6,readMyScores> null
<2162,registrar4-0,roster4-3,read> null
<2163,admissions0-1,stu3-11application3-11,setStatus> null
<2164,admissions0-1,stu2-10application2-10,setStatus> null
<2165,registrar4-0,roster4-2,read> null
<2166,admissions2-1,stu4-10application4-10,setStatus> null
<2167,admissions0-0,stu1-15application1-15,read> null
<2168,registrar4-0,roster4-1,read> null
<2169,stu3-11,gradebook3-7,readMyScores> null
<2170,registrar4-0,roster4-7,read> null
<2171,registrar4-0,roster4-6,read> null
<2172,registrar4-0,roster4-5,read> null
<2173,registrar4-0,roster4-4,read> null
<2174,admissions0-0,stu2-0application2-0,read> null
<2175,stu4-18,gradebook4-1,addScore> null
<2176,stu3-12,gradebook3-4,readMyScores> null
<2177,admissions0-0,stu2-12application2-12,read> null
<2178,stu3-12,gradebook3-5,readMyScores> null
<2179,admissions4-0,stu4-6application4-6,read> null
<2180,admissions4-0,stu4-13application4-13,setStatus> null
<2181,admissions0-0,application1-0,setStatus> null
<2182,admissions0-1,application1-4,setStatus> null
<2183,admissions2-0,stu5-16application5-16,read> null
<2184,admissions0-1,application1-3,setStatus> null
<2185,stu2-15,stu2-15application2-15,checkStatus> null
<2186,stu3-12,gradebook3-9,readMyScores> null
<2187,registrar2-0,transcript4-1,read> null
<2188,registrar4-1,roster4-2,read> null
<2189,registrar4-1,roster4-1,read> null
<2190,fac0-0,gradebook0-1,addScore> null
<2191,admissions4-1,stu1-1application1-1,read> null
<2192,registrar4-1,roster4-3,read> null
<2193,registrar4-1,roster4-6,read> null
<2194,registrar4-1,roster4-5,read> null
<2195,registrar4-1,roster4-8,read> null
<2196,registrar4-1,roster4-7,read> null
<2197,admissions4-1,stu4-8application4-8,read> null
<2198,registrar4-0,roster4-8,read> null
<2199,stu3-13,gradebook3-3,readMyScores> null
<2200,registrar4-0,roster4-9,read> null
<2201,registrar0-0,roster4-1,read> null
<2202,stu3-13,gradebook3-5,readMyScores> null
<2203,admissions4-0,stu3-6application3-6,setStatus> null
<2204,fac1-0,gradebook1-1,assignGrade> null
<2205,stu3-13,gradebook3-6,readMyScores> null
<2206,admissions4-0,stu2-10application2-10,setStatus> null
<2207,admissions2-0,stu0-3application0-3,setStatus> null
<2208,registrar2-1,roster1-2,read> null
<2209,admissions4-1,stu4-13application4-13,setStatus> null
<2210,stu5-14,stu5-14application5-14,checkStatus> null
<2211,admissions0-1,application1-1,setStatus> null
<2212,admissions0-1,application1-0,setStatus> null
<2213,admissions4-1,stu0-1application0-1,setStatus> null
<2214,registrar4-0,transcript0-9,read> null
<2215,registrar4-0,transcript2-17,read> null
<2216,registrar4-0,transcript2-16,read> null
<2217,registrar2-1,transcript3-18,read> null
<2218,registrar2-0,transcript4-14,read> null
<2219,admissions4-0,stu0-6application0-6,read> null
<2220,admissions4-1,stu3-6application3-6,setStatus> null
<2221,admissions2-0,stu4-0application4-0,read> null
<2222,admissions4-0,application5-2,setStatus> null
<2223,admissions2-1,stu5-16application5-16,setStatus> null
<2224,admissions0-0,stu4-9application4-9,setStatus> null
<2225,admissions2-1,stu1-10application1-10,read> null
<2226,admissions2-1,stu5-18application5-18,read> null
<2227,admissions0-1,stu1-8application1-8,setStatus> null
<2228,admissions4-0,stu3-8application3-8,read> null
<2229,registrar4-1,transcript2-13,read> null
<2230,stu5-9,gradebook5-2,readMyScores> null
<2231,admissions4-1,stu1-13application1-13,setStatus> null
<2232,registrar2-1,transcript4-14,read> null
<2233,registrar2-1,transcript4-11,read> null
<2234,registrar0-1,transcript0-15,read> null
<2235,stu5-9,gradebook5-4,readMyScores> null
<2236,registrar2-1,transcript4-12,read> null
<2237,registrar4-1,transcript2-12,read> null
<2238,stu5-9,gradebook5-5,readMyScores> null
<2239,admissions2-1,stu5-3application5-3,read> null
<2240,registrar2-0,transcript5-4,read> null
<2241,registrar4-1,transcript2-19,read> null
<2242,registrar4-1,transcript2-16,read> null
<2243,registrar4-1,transcript2-17,read> null
<2244,stu1-15,gradebook1-9,readScore> null
<2245,admissions2-1,stu4-19application4-19,setStatus> null
<2246,admissions4-0,stu3-5application3-5,setStatus> null
<2247,stu5-1,gradebook5-2,addScore> null
<2248,registrar0-1,transcript5-8,read> null
<2249,admissions2-0,stu5-16application5-16,setStatus> null
<2250,stu5-8,gradebook5-9,readMyScores> null
<2251,admissions2-0,stu5-11application5-11,read> null
<2252,admissions2-0,stu5-18application5-18,read> null
<2253,admissions2-1,stu0-2application0-2,setStatus> null
<2254,registrar2-0,roster1-4,write> null
<2255,admissions0-1,stu4-9application4-9,setStatus> null
<2256,admissions2-0,stu1-10application1-10,read> null
<2257,stu5-8,gradebook5-3,readMyScores> null
<2258,admissions4-1,stu1-3application1-3,read> null
<2259,stu0-6,transcript0-6,read> null
<2260,registrar2-0,roster2-9,read> null
<2261,admissions4-1,stu3-5application3-5,setStatus> null
<2262,admissions0-1,stu5-18application5-18,setStatus> null
<2263,registrar0-1,transcript1-7,read> null
<2264,stu5-7,gradebook5-8,readMyScores> null
<2265,admissions0-0,stu1-13application1-13,read> null
<2266,stu5-7,gradebook5-5,readMyScores> null
<2267,admissions4-0,stu1-16application1-16,read> null
<2268,stu4-14,gradebook4-8,addScore> null
<2269,stu1-13,gradebook1-2,readScore> null
<2270,registrar0-0,transcript1-0,read> null
<2271,admissions0-0,stu0-0application0-0,setStatus> null
<2272,admissions2-1,stu4-0application4-0,read> null
<2273,registrar0-0,transcript1-8,read> null
<2274,registrar0-0,transcript1-9,read> null
<2275,registrar0-0,transcript1-2,read> null
<2276,stu1-14,gradebook1-2,readScore> null
<2277,stu1-9,stu1-9application1-9,checkStatus> null
<2278,stu5-6,gradebook5-7,readMyScores> null
<2279,admissions0-0,stu0-11application0-11,read> null
<2280,registrar0-0,transcript1-3,read> null
<2281,stu5-6,gradebook5-8,readMyScores> null
<2282,registrar2-0,transcript4-11,read> null
<2283,admissions0-1,stu0-11application0-11,read> null
<2284,admissions2-0,application3-0,read> null
<2285,registrar4-0,transcript2-11,read> null
<2286,stu5-6,gradebook5-2,readMyScores> null
<2287,admissions4-1,stu1-16application1-16,read> null
<2288,registrar2-1,transcript0-0,read> null
<2289,stu3-18,gradebook3-8,readMyScores> null
<2290,stu1-18,gradebook1-7,readMyScores> null
<2291,admissions4-0,stu3-16application3-16,setStatus> null
<2292,admissions2-0,stu0-16application0-16,read> null
<2293,admissions0-1,stu4-13application4-13,setStatus> null
<2294,registrar4-0,roster3-3,read> null
<2295,registrar2-1,transcript0-8,read> null
<2296,admissions2-0,application5-1,read> null
<2297,registrar2-1,transcript0-9,read> null
<2298,registrar0-0,roster3-7,read> null
<2299,stu3-18,gradebook3-3,readMyScores> null
<2300,stu0-9,transcript0-9,read> null
<2301,registrar2-1,transcript0-6,read> null
<2302,registrar2-1,transcript0-7,read> null
<2303,registrar2-1,transcript0-1,read> null
<2304,stu5-5,gradebook5-1,readMyScores> null
<2305,registrar2-1,transcript0-5,read> null
<2306,admissions0-1,stu2-16application2-16,read> null
<2307,registrar0-0,transcript4-5,read> null
<2308,registrar4-0,roster3-9,write> null
<2309,admissions0-1,stu5-8application5-8,setStatus> null
<2310,registrar2-1,transcript0-4,read> null
<2311,registrar4-1,transcript1-5,read> null
<2312,registrar4-0,roster3-8,write> null
<2313,admissions4-0,stu5-15application5-15,read> null
<2314,registrar2-1,transcript0-2,read> null
<2315,admissions0-0,stu5-0application5-0,setStatus> null
<2316,stu5-5,gradebook5-4,readMyScores> null
<2317,registrar4-0,roster3-5,write> null
<2318,registrar2-1,transcript1-0,read> null
<2319,app2-4,application2-4,checkStatus> null
<2320,registrar0-0,transcript3-19,read> null
<2321,stu5-5,gradebook5-6,readMyScores> null
<2322,registrar4-0,roster3-4,write> null
<2323,registrar4-0,roster3-6,write> null
<2324,admissions2-1,stu1-17application1-17,read> null
<2325,registrar4-0,roster3-1,write> null
<2326,registrar2-1,transcript2-11,read> null
<2327,registrar4-0,roster0-2,read> null
<2328,registrar4-0,roster3-3,write> null
<2329,registrar4-0,roster3-2,write> null
<2330,admissions4-1,stu3-16application3-16,setStatus> null
<2331,stu3-19,gradebook3-6,readMyScores> null
<2332,stu3-19,gradebook3-7,readMyScores> null
<2333,admissions4-0,stu1-3application1-3,read> null
<2334,registrar2-0,roster5-9,read> null
<2335,admissions2-1,stu4-16application4-16,setStatus> null
<2336,registrar2-0,transcript0-6,read> null
<2337,stu2-6,gradebook2-3,readMyScores> null
<2338,registrar2-0,roster0-8,read> null
<2339,registrar2-0,transcript0-7,read> null
<2340,registrar2-0,transcript0-0,read> null
<2341,registrar4-1,roster1-6,read> null
<2342,admissions2-0,stu2-9application2-9,setStatus> null
<2343,registrar2-0,transcript0-2,read> null
<2344,registrar2-0,transcript0-1,read> null
<2345,registrar2-0,transcript0-4,read> null
<2346,registrar2-0,transcript0-3,read> null
<2347,stu5-4,gradebook5-8,readMyScores> null
<2348,stu5-4,gradebook5-5,readMyScores> null
<2349,registrar0-0,transcript0-19,read> null
<2350,admissions0-0,application1-3,read> null
<2351,admissions0-0,application1-1,read> null
<2352,admissions4-1,stu4-9application4-9,read> null
<2353,admissions0-0,application1-2,read> null
<2354,admissions0-0,application1-0,read> null
<2355,stu4-7,transcript4-7,read> null
<2356,stu1-10,gradebook1-3,readScore> null
<2357,admissions4-0,stu5-4application5-4,setStatus> null
<2358,admissions0-1,stu2-11application2-11,read> null
<2359,stu5-3,gradebook5-1,readMyScores> null
<2360,stu4-8,gradebook4-5,addScore> null
<2361,admissions4-1,stu3-12application3-12,read> null
<2362,stu5-3,gradebook5-9,readMyScores> null
<2363,stu5-3,gradebook5-5,readMyScores> null
<2364,admissions2-1,stu5-11application5-11,read> null
<2365,admissions0-1,application1-4,read> null
<2366,admissions0-1,application1-0,read> null
<2367,stu2-15,gradebook2-3,readMyScores> null
<2368,admissions0-1,application1-1,read> null
<2369,admissions0-1,application1-2,read> null
<2370,admissions4-1,stu0-6application0-6,read> null
<2371,stu3-1,gradebook3-4,readMyScores> null
<2372,admissions0-1,application1-3,read> null
<2373,admissions2-1,stu5-0application5-0,read> null
<2374,admissions0-0,stu2-11application2-11,read> null
<2375,admissions2-1,stu0-16application0-16,read> null
<2376,stu5-2,gradebook5-2,readMyScores> null
<2377,registrar2-0,transcript5-19,read> null
<2378,stu2-5,gradebook2-4,readMyScores> null
<2379,admissions4-1,stu5-15application5-15,read> null
<2380,admissions0-0,stu0-12application0-12,read> null
<2381,admissions4-0,stu3-12application3-12,read> null
<2382,stu5-2,gradebook5-9,readMyScores> null
<2383,admissions2-0,stu1-17application1-17,read> null
<2384,stu5-2,gradebook5-5,readMyScores> null
<2385,registrar0-1,transcript2-4,read> null
<2386,admissions4-0,stu3-19application3-19,read> null
<2387,admissions4-0,stu1-18application1-18,read> null
<2388,admissions2-1,stu4-18application4-18,setStatus> null
<2389,admissions2-1,stu3-3application3-3,read> null
<2390,registrar4-0,transcript4-16,read> null
<2391,admissions4-0,stu3-9application3-9,read> null
<2392,registrar4-1,transcript1-2,read> null
<2393,admissions0-0,stu5-10application5-10,setStatus> null
<2394,admissions2-0,application2-4,read> null
<2395,admissions2-1,stu4-5application4-5,read> null
<2396,chair1,transcript1-14,read> null
<2397,admissions2-0,stu2-0application2-0,setStatus> null
<2398,admissions2-0,application2-1,read> null
<2399,registrar0-0,transcript4-2,read> null
<2400,registrar4-1,transcript1-7,read> null
<2401,registrar0-1,transcript5-15,read> null
<2402,admissions2-0,application2-0,read> null
<2403,admissions4-1,stu5-4application5-4,read> null
<2404,admissions2-0,application2-3,read> null
<2405,registrar2-1,transcript5-1,read> null
<2406,admissions4-1,stu5-4application5-4,setStatus> null
<2407,registrar4-1,transcript1-9,read> null
<2408,admissions2-0,application2-2,read> null
<2409,admissions2-1,application2-0,read> null
<2410,admissions4-0,stu0-11application0-11,setStatus> null
<2411,registrar4-0,transcript1-0,read> null
<2412,stu2-11,gradebook2-4,readMyScores> null
<2413,admissions4-1,stu5-5application5-5,setStatus> null
<2414,registrar4-0,transcript1-9,read> null
<2415,admissions2-1,application2-4,read> null
<2416,registrar4-0,transcript1-7,read> null
<2417,registrar4-1,transcript0-16,read> null
<2418,registrar0-1,roster3-7,write> null
<2419,admissions2-1,application2-2,read> null
<2420,admissions2-1,application2-1,read> null
<2421,admissions2-1,stu3-10application3-10,read> null
<2422,stu0-2,gradebook0-7,readMyScores> null
<2423,admissions2-1,stu5-17application5-17,read> null
<2424,admissions4-0,stu3-17application3-17,read> null
<2425,admissions0-1,stu3-14application3-14,setStatus> null
<2426,admissions0-1,stu0-19application0-19,setStatus> null
<2427,admissions4-1,stu3-9application3-9,read> null
<2428,admissions4-0,stu5-5application5-5,setStatus> null
<2429,admissions4-1,stu1-1application1-1,setStatus> null
<2430,stu3-8,gradebook3-4,readMyScores> null
<2431,stu3-8,gradebook3-1,readMyScores> null
<2432,registrar4-1,transcript2-9,read> null
<2433,admissions4-0,stu2-13application2-13,read> null
<2434,admissions4-1,stu3-17application3-17,read> null
<2435,admissions0-0,stu2-8application2-8,setStatus> null
<2436,admissions2-0,stu5-17application5-17,read> null
<2437,fac0-4,gradebook0-8,changeScore> null
<2438,admissions0-0,stu0-19application0-19,setStatus> null
<2439,admissions4-1,stu0-13application0-13,setStatus> null
<2440,admissions2-0,stu3-3application3-3,read> null
<2441,registrar2-1,transcript2-16,read> null
<2442,stu3-9,gradebook3-2,readMyScores> null
<2443,admissions2-0,stu4-18application4-18,setStatus> null
<2444,registrar4-1,transcript0-1,read> null
<2445,stu4-3,transcript4-3,read> null
<2446,stu3-9,gradebook3-3,readMyScores> null
<2447,admissions2-1,stu4-12application4-12,read> null
<2448,stu3-9,gradebook3-5,readMyScores> null
<2449,admissions4-1,stu2-13application2-13,read> null
<2450,admissions4-0,stu5-4application5-4,read> null
<2451,registrar0-0,transcript4-12,read> null
<2452,admissions4-1,application4-0,read> null
<2453,admissions4-0,stu1-3application1-3,setStatus> null
<2454,registrar0-1,transcript0-1,read> null
<2455,stu3-6,gradebook3-6,readMyScores> null
<2456,registrar2-0,roster5-5,write> null
<2457,registrar0-0,transcript2-6,read> null
<2458,registrar4-1,transcript5-12,read> null
<2459,registrar4-1,transcript5-13,read> null
<2460,registrar0-0,transcript2-8,read> null
<2461,registrar4-1,transcript5-10,read> null
<2462,registrar0-0,transcript2-7,read> null
<2463,registrar4-1,transcript5-11,read> null
<2464,registrar0-1,transcript0-14,read> null
<2465,registrar0-0,transcript2-2,read> null
<2466,registrar0-0,transcript5-0,read> null
<2467,registrar4-1,transcript5-16,read> null
<2468,stu2-10,gradebook2-4,readMyScores> null
<2469,registrar4-1,transcript5-17,read> null
<2470,registrar0-0,transcript2-4,read> null
<2471,admissions0-1,application5-2,read> null
<2472,registrar4-1,transcript5-14,read> null
<2473,admissions0-1,stu5-16application5-16,setStatus> null
<2474,registrar0-0,transcript2-3,read> null
<2475,admissions0-1,stu4-3application4-3,read> null
<2476,registrar4-1,transcript5-15,read> null
<2477,registrar4-0,transcript5-19,read> null
<2478,registrar4-0,transcript5-18,read> null
<2479,registrar0-0,transcript2-0,read> null
<2480,registrar0-1,transcript5-10,read> null
<2481,registrar4-0,transcript5-17,read> null
<2482,admissions0-1,stu4-16application4-16,setStatus> null
<2483,admissions2-1,stu3-15application3-15,setStatus> null
<2484,stu2-11,gradebook2-5,readMyScores> null
<2485,registrar4-0,transcript0-19,read> null
<2486,admissions4-1,application4-4,read> null
<2487,admissions4-1,application4-1,read> null
<2488,stu2-19,gradebook2-5,readScore> null
<2489,admissions0-0,stu5-13application5-13,read> null
<2490,admissions4-1,stu1-11application1-11,setStatus> null
<2491,stu3-7,gradebook3-5,readMyScores> null
<2492,stu3-7,gradebook3-9,readMyScores> null
<2493,admissions4-0,stu2-8application2-8,read> null
<2494,registrar0-1,transcript2-8,read> null
<2495,registrar4-0,transcript5-10,read> null
<2496,registrar0-1,transcript2-7,read> null
<2497,admissions4-0,stu0-19application0-19,setStatus> null
<2498,registrar4-0,transcript5-11,read> null
<2499,admissions2-0,stu5-10application5-10,read> null
<2500,registrar0-1,transcript2-6,read> null
<2501,registrar0-1,transcript2-5,read> null
<2502,registrar4-0,transcript5-13,read> null
<2503,registrar4-0,transcript5-14,read> null
<2504,registrar4-0,transcript5-15,read> null
<2505,registrar0-1,transcript2-2,read> null
<2506,registrar4-0,transcript5-16,read> null
<2507,registrar0-1,transcript2-0,read> null
<2508,admissions4-0,application5-3,read> null
<2509,fac2-1,gradebook2-3,assignGrade> null
<2510,stu2-17,gradebook2-4,readMyScores> null
<2511,stu2-10,gradebook2-7,readMyScores> null
<2512,admissions4-1,stu3-19application3-19,setStatus> null
<2513,registrar0-1,transcript2-1,read> null
<2514,admissions2-1,stu1-4application1-4,read> null
<2515,admissions4-0,application4-0,read> null
<2516,admissions4-0,stu4-9application4-9,read> null
<2517,admissions4-0,application4-1,read> null
<2518,admissions4-0,application4-2,read> null
<2519,admissions4-0,application4-3,read> null
<2520,admissions4-0,application4-4,read> null
<2521,stu3-4,gradebook3-4,readMyScores> null
<2522,fac0-2,gradebook0-4,assignGrade> null
<2523,admissions0-0,stu0-7application0-7,read> null
<2524,registrar2-0,roster0-8,write> null
<2525,stu3-4,gradebook3-3,readMyScores> null
<2526,admissions0-1,stu1-12application1-12,read> null
<2527,registrar2-0,roster0-7,write> null
<2528,registrar4-0,transcript2-4,read> null
<2529,registrar2-0,roster0-6,write> null
<2530,registrar4-0,transcript2-3,read> null
<2531,registrar0-0,roster5-6,write> null
<2532,registrar2-0,roster0-4,write> null
<2533,registrar2-0,roster0-3,write> null
<2534,registrar4-0,transcript2-0,read> null
<2535,registrar2-0,roster0-2,write> null
<2536,registrar2-0,roster0-1,write> null
<2537,registrar0-1,transcript5-19,read> null
<2538,registrar4-1,roster0-1,write> null
<2539,admissions2-1,stu0-10application0-10,read> null
<2540,admissions2-1,stu5-18application5-18,setStatus> null
<2541,stu3-4,gradebook3-9,readMyScores> null
<2542,stu3-4,gradebook3-6,readMyScores> null
<2543,registrar2-0,roster0-9,write> null
<2544,admissions2-0,stu1-13application1-13,setStatus> null
<2545,admissions4-0,stu3-19application3-19,setStatus> null
<2546,registrar4-0,transcript2-9,read> null
<2547,stu2-15,gradebook2-5,readScore> null
<2548,registrar4-0,transcript2-5,read> null
<2549,registrar4-1,transcript2-5,read> null
<2550,registrar4-1,transcript2-2,read> null
<2551,stu3-5,gradebook3-1,readMyScores> null
<2552,admissions2-0,stu5-18application5-18,setStatus> null
<2553,stu5-11,transcript5-11,read> null
<2554,stu3-5,gradebook3-6,readMyScores> null
<2555,stu3-5,gradebook3-9,readMyScores> null
<2556,registrar4-1,transcript2-7,read> null
<2557,admissions0-0,stu4-16application4-16,setStatus> null
<2558,admissions2-0,application2-0,setStatus> null
<2559,admissions0-1,stu3-2application3-2,read> null
<2560,stu2-14,gradebook2-3,readMyScores> null
<2561,admissions0-1,stu5-6application5-6,setStatus> null
<2562,admissions4-1,stu2-9application2-9,setStatus> null
<2563,stu2-14,gradebook2-4,readMyScores> null
<2564,stu3-2,gradebook3-6,readMyScores> null
<2565,stu3-2,gradebook3-7,readMyScores> null
<2566,registrar4-1,transcript3-4,read> null
<2567,registrar4-1,transcript4-13,read> null
<2568,stu3-2,gradebook3-8,readMyScores> null
<2569,admissions2-1,stu2-9application2-9,read> null
<2570,admissions2-0,application2-4,setStatus> null
<2571,admissions2-0,application2-3,setStatus> null
<2572,admissions0-0,stu2-9application2-9,read> null
<2573,stu3-2,gradebook3-1,readMyScores> null
<2574,registrar2-1,roster0-1,write> null
<2575,admissions2-1,application2-1,setStatus> null
<2576,admissions2-1,application2-2,setStatus> null
<2577,registrar4-1,roster4-9,read> null
<2578,admissions4-1,stu0-16application0-16,setStatus> null
<2579,registrar4-1,roster3-4,read> null
<2580,stu3-3,gradebook3-6,readMyScores> null
<2581,admissions2-0,stu4-16application4-16,setStatus> null
<2582,registrar0-1,roster4-3,write> null
<2583,admissions2-1,stu4-0application4-0,setStatus> null
<2584,admissions0-0,stu5-6application5-6,setStatus> null
<2585,admissions2-1,stu1-11application1-11,read> null
<2586,stu3-3,gradebook3-5,readMyScores> null
<2587,stu3-3,gradebook3-8,readMyScores> null
<2588,stu3-3,gradebook3-9,readMyScores> null
<2589,admissions4-1,stu0-13application0-13,read> null
<2590,registrar2-1,roster0-4,write> null
<2591,admissions2-1,application2-4,setStatus> null
<2592,admissions0-0,stu3-8application3-8,read> null
<2593,admissions2-1,application2-3,setStatus> null
<2594,registrar2-1,roster0-2,write> null
<2595,registrar2-1,roster0-3,write> null
<2596,stu2-15,gradebook2-2,readMyScores> null
<2597,registrar0-1,roster0-9,read> null
<2598,registrar2-1,roster0-7,write> null
<2599,admissions4-0,stu3-13application3-13,setStatus> null
<2600,admissions2-1,stu2-9application2-9,setStatus> null
<0,stu3-3,transcript3-3,read> null
<1,stu3-11,gradebook3-1,readScore> null
<2,admissions2-0,stu1-4application1-4,read> null
<3,admissions0-0,stu2-15application2-15,setStatus> null
<4,stu1-2,gradebook1-6,readScore> null
<5,stu2-11,gradebook2-9,readMyScores> null
<6,admissions2-0,stu1-10application1-10,setStatus> null
<7,stu3-0,gradebook3-5,readMyScores> null
<8,stu3-0,gradebook3-8,readMyScores> null
<9,stu3-0,gradebook3-3,readMyScores> null
<10,admissions4-0,stu0-16application0-16,setStatus> null
<11,admissions4-1,stu1-15application1-15,setStatus> null
<12,admissions4-0,stu2-11application2-11,setStatus> null
<13,chair0,transcript0-3,read> null
<14,admissions4-1,stu5-2application5-2,setStatus> null
<15,admissions0-0,stu3-2application3-2,read> null
<16,chair0,transcript0-5,read> null
<17,admissions0-1,stu5-11application5-11,read> null
<18,admissions0-1,stu2-15application2-15,setStatus> null
<19,admissions2-1,stu1-10application1-10,setStatus> null
<20,registrar4-1,transcript5-18,read> null
<21,stu2-12,gradebook2-8,readMyScores> null
<22,registrar4-1,transcript5-19,read> null
<23,stu2-13,gradebook2-8,readMyScores> null
<24,stu4-3,gradebook4-5,readScore> null
<25,admissions4-1,stu1-4application1-4,setStatus> null
<26,stu3-1,gradebook3-8,readMyScores> null
<27,stu2-13,gradebook2-3,readMyScores> null
<28,stu3-1,gradebook3-5,readMyScores> null
<29,admissions0-0,stu3-3application3-3,setStatus> null
<30,chair0,transcript0-9,read> null
<31,admissions4-1,stu2-11application2-11,setStatus> null
<32,registrar2-0,roster2-8,read> null
<33,admissions2-1,stu1-6application1-6,setStatus> null
<34,stu2-18,gradebook2-2,readMyScores> null
<35,admissions4-0,stu2-18application2-18,setStatus> null
<36,registrar2-1,roster2-6,read> null
<37,registrar2-1,roster2-5,read> null
<38,registrar2-1,roster2-8,read> null
<39,stu2-18,gradebook2-9,readMyScores> null
<40,registrar2-1,roster2-7,read> null
<41,stu1-8,gradebook1-2,readScore> null
<42,admissions4-1,stu0-19application0-19,setStatus> null
<43,registrar2-1,roster2-2,read> null
<44,registrar2-1,roster2-1,read> null
<45,admissions0-0,stu0-13application0-13,setStatus> null
<46,admissions2-1,stu1-0application1-0,read> null
<47,stu1-6,gradebook1-9,readMyScores> null
<48,admissions4-0,stu4-11application4-11,read> null
<49,admissions0-1,stu5-2application5-2,read> null
<50,registrar2-1,roster2-4,read> null
<51,registrar2-1,roster2-3,read> null
<52,stu2-10,gradebook2-5,readScore> null
<53,stu2-19,gradebook2-6,readMyScores> null
<54,stu2-19,gradebook2-3,readMyScores> null
<55,admissions4-1,stu3-3application3-3,read> null
<56,admissions4-0,stu1-15application1-15,setStatus> null
<57,admissions4-1,stu5-13application5-13,setStatus> null
<58,registrar2-0,roster2-7,read> null
<59,admissions4-0,application5-0,read> null
<60,registrar2-0,roster2-5,read> null
<61,admissions2-1,stu0-9application0-9,setStatus> null
<62,stu2-19,gradebook2-8,readMyScores> null
<63,registrar2-1,roster5-9,write> null
<64,registrar2-0,roster2-4,read> null
<65,registrar2-0,roster2-3,read> null
<66,admissions4-0,stu3-17application3-17,setStatus> null
<67,registrar2-0,roster2-2,read> null
<68,registrar2-0,roster2-1,read> null
<69,registrar0-1,roster0-1,read> null
<70,registrar0-1,roster3-1,write> null
<71,registrar0-1,roster0-3,read> null
<72,admissions4-0,stu5-17application5-17,read> null
<73,registrar0-1,roster0-4,read> null
<74,registrar0-1,roster0-6,read> null
<75,fac0-3,gradebook0-6,addScore> null
<76,registrar0-1,roster0-7,read> null
<77,chair4,transcript4-0,read> null
<78,registrar0-1,roster0-8,read> null
<79,registrar0-0,roster0-9,read> null
<80,admissions2-1,stu5-6application5-6,read> null
<81,admissions0-1,stu4-12application4-12,read> null
<82,stu2-16,gradebook2-8,readMyScores> null
<83,stu2-16,gradebook2-9,readMyScores> null
<84,registrar2-1,roster2-9,read> null
<85,admissions2-0,stu3-10application3-10,read> null
<86,admissions2-0,stu1-6application1-6,setStatus> null
<87,registrar0-0,roster0-1,read> null
<88,registrar0-0,roster0-7,read> null
<89,registrar0-0,roster0-5,read> null
<90,stu2-17,gradebook2-3,readMyScores> null
<91,registrar4-1,roster0-6,write> null
<92,admissions2-0,stu5-6application5-6,read> null
<93,stu1-7,gradebook1-2,readScore> null
<94,stu2-17,gradebook2-5,readMyScores> null
<95,fac0-4,gradebook0-9,changeScore> null
<96,registrar2-1,transcript1-1,read> null
<97,registrar2-1,transcript1-2,read> null
<98,stu1-16,transcript1-16,read> null
<99,registrar4-0,roster2-9,write> null
<100,admissions0-0,stu4-0application4-0,setStatus> null
<101,registrar4-0,roster2-3,write> null
<102,registrar4-0,roster2-4,write> null
<103,admissions2-0,stu4-4application4-4,setStatus> null
<104,registrar4-0,roster2-1,write> null
<105,registrar4-0,roster2-2,write> null
<106,registrar4-0,roster2-7,write> null
<107,admissions2-1,stu5-8application5-8,setStatus> null
<108,registrar4-0,roster2-8,write> null
<109,admissions4-1,application4-2,setStatus> null
<110,admissions0-0,stu0-13application0-13,read> null
<111,admissions0-0,stu4-5application4-5,read> null
<112,registrar4-0,roster2-5,write> null
<113,registrar4-0,roster2-6,write> null
<114,admissions4-1,stu0-8application0-8,setStatus> null
<115,stu5-7,gradebook5-9,readScore> null
<116,registrar2-1,transcript1-6,read> null
<117,registrar2-1,transcript1-5,read> null
<118,stu5-17,transcript5-17,read> null
<119,registrar2-1,transcript1-8,read> null
<120,registrar2-0,transcript1-3,read> null
<121,admissions0-1,stu5-10application5-10,setStatus> null
<122,admissions0-1,application5-4,setStatus> null
<123,stu5-6,gradebook5-4,readScore> null
<124,admissions2-0,stu5-0application5-0,setStatus> null
<125,admissions4-0,stu3-11application3-11,setStatus> null
<126,admissions0-1,stu3-5application3-5,read> null
<127,admissions4-0,stu2-5application2-5,setStatus> null
<128,admissions2-0,stu5-11application5-11,setStatus> null
<129,registrar2-0,transcript1-9,read> null
<130,admissions0-0,application2-4,setStatus> null
<131,fac5-2,gradebook5-5,changeScore> null
<132,admissions0-0,application2-1,setStatus> null
<133,admissions4-1,stu4-9application4-9,setStatus> null
<134,admissions0-0,application2-0,setStatus> null
<135,registrar0-0,transcript4-10,read> null
<136,registrar4-0,transcript0-10,read> null
<137,admissions0-0,application2-3,setStatus> null
<138,admissions4-0,stu1-2application1-2,setStatus> null
<139,registrar0-0,transcript4-11,read> null
<140,admissions0-0,application2-2,setStatus> null
<141,admissions4-1,stu5-10application5-10,read> null
<142,admissions4-1,stu3-11application3-11,setStatus> null
<143,admissions2-1,stu5-0application5-0,setStatus> null
<144,admissions4-1,stu5-7application5-7,read> null
<145,registrar4-1,roster1-7,read> null
<146,admissions2-1,stu5-11application5-11,setStatus> null
<147,admissions4-1,stu4-7application4-7,setStatus> null
<148,admissions0-1,application2-4,setStatus> null
<149,admissions0-1,application2-3,setStatus> null
<150,admissions0-1,application2-1,setStatus> null
<151,registrar4-1,roster2-6,write> null
<152,registrar4-1,roster2-7,write> null
<153,registrar2-1,roster4-7,write> null
<154,admissions4-1,stu4-5application4-5,setStatus> null
<155,registrar4-1,roster2-8,write> null
<156,registrar4-1,roster2-2,write> null
<157,admissions4-0,stu5-7application5-7,read> null
<158,registrar4-1,roster2-3,write> null
<159,registrar4-1,roster2-4,write> null
<160,registrar4-1,roster2-5,write> null
<161,admissions0-1,application2-0,setStatus> null
<162,admissions4-1,stu5-11application5-11,setStatus> null
<163,admissions4-0,stu2-9application2-9,setStatus> null
<164,admissions2-1,stu0-11application0-11,setStatus> null
<165,admissions0-1,stu4-13application4-13,read> null
<166,stu1-17,gradebook1-8,readMyScores> null
<167,admissions4-0,stu5-11application5-11,setStatus> null
<168,registrar2-0,roster0-5,read> null
<169,admissions4-1,stu2-0application2-0,setStatus> null
<170,admissions0-0,stu4-13application4-13,read> null
<171,admissions4-0,stu2-3application2-3,setStatus> null
<172,admissions2-0,stu0-11application0-11,setStatus> null
<173,admissions4-0,stu1-17application1-17,read> null
<174,registrar4-0,roster3-9,read> null
<175,admissions0-1,stu2-3application2-3,read> null
<176,registrar0-0,transcript0-11,read> null
<177,admissions4-0,stu2-0application2-0,setStatus> null
<178,stu1-1,gradebook1-9,readScore> null
<179,admissions0-1,stu4-2application4-2,read> null
<180,admissions0-0,stu2-3application2-3,read> null
<181,admissions2-0,stu1-7application1-7,setStatus> null
<182,stu4-5,transcript4-5,read> null
<183,admissions2-0,stu3-6application3-6,setStatus> null
<184,admissions2-0,stu1-4application1-4,setStatus> null
<185,admissions0-0,stu1-4application1-4,read> null
<186,admissions2-1,stu2-13application2-13,setStatus> null
<187,admissions2-1,stu1-7application1-7,setStatus> null
<188,admissions0-0,stu4-2application4-2,read> null
<189,admissions2-1,stu5-1application5-1,read> null
<190,admissions2-0,stu1-16application1-16,setStatus> null
<191,admissions2-0,stu2-13application2-13,setStatus> null
<192,admissions2-1,stu1-7application1-7,read> null
<193,admissions0-0,application0-3,read> null
<194,admissions0-0,application0-2,read> null
<195,admissions0-0,application0-1,read> null
<196,registrar0-0,roster5-9,read> null
<197,admissions0-0,application0-0,read> null
<198,registrar0-1,transcript0-3,read> null
<199,admissions2-1,stu3-2application3-2,read> null
<200,admissions0-0,application0-4,read> null
<201,registrar0-0,transcript4-6,read> null
<202,admissions2-1,stu1-16application1-16,read> null
<203,admissions2-0,stu5-1application5-1,read> null
<204,registrar0-1,transcript0-4,read> null
<205,registrar0-1,transcript0-6,read> null
<206,registrar0-1,transcript0-7,read> null
<207,admissions2-0,stu1-7application1-7,read> null
<208,admissions2-0,stu4-6application4-6,read> null
<209,admissions0-1,application0-2,read> null
<210,admissions0-1,application0-1,read> null
<211,admissions4-1,stu4-4application4-4,setStatus> null
<212,admissions0-1,application0-4,read> null
<213,admissions0-1,application0-3,read> null
<214,registrar0-0,transcript0-2,read> null
<215,registrar0-0,transcript0-1,read> null
<216,admissions4-0,stu4-3application4-3,read> null
<217,registrar0-0,transcript0-0,read> null
<218,admissions4-0,stu2-1application2-1,read> null
<219,admissions2-0,stu1-16application1-16,read> null
<220,admissions4-0,stu5-3application5-3,setStatus> null
<221,admissions2-1,stu0-1application0-1,read> null
<222,registrar0-0,transcript0-5,read> null
<223,registrar0-0,transcript0-6,read> null
<224,registrar0-0,transcript0-3,read> null
<225,registrar0-0,transcript0-4,read> null
<226,registrar0-0,transcript0-9,read> null
<227,registrar0-0,transcript0-7,read> null
<228,admissions2-1,stu4-6application4-6,read> null
<229,registrar4-1,roster1-1,read> null
<230,admissions2-0,stu1-1application1-1,setStatus> null
<231,registrar0-0,transcript0-8,read> null
<232,admissions0-1,application0-0,read> null
<233,registrar4-1,transcript0-19,read> null
<234,stu5-3,gradebook5-3,readScore> null
<235,registrar0-1,transcript4-17,read> null
<236,registrar2-1,transcript2-17,read> null
<237,registrar0-0,transcript4-13,read> null
<238,registrar2-1,transcript2-18,read> null
<239,admissions2-1,stu2-4application2-4,read> null
<240,registrar4-1,roster0-2,read> null
<241,registrar4-1,transcript0-14,read> null
<242,admissions2-1,application5-3,read> null
<243,admissions2-0,stu0-1application0-1,read> null
<244,fac5-0,gradebook5-1,changeScore> null
<245,admissions4-0,stu4-7application4-7,setStatus> null
<246,registrar4-0,transcript0-16,read> null
<247,registrar2-0,transcript2-17,read> null
<248,admissions0-0,stu1-3application1-3,read> null
<249,registrar4-0,transcript0-17,read> null
<250,registrar0-0,transcript4-19,read> null
<251,registrar2-0,transcript2-19,read> null
<252,registrar2-0,transcript2-12,read> null
<253,registrar4-0,transcript0-12,read> null
<254,registrar4-0,transcript0-13,read> null
<255,admissions2-1,stu2-13application2-13,read> null
<256,admissions0-1,application5-1,read> null
<257,admissions4-1,stu5-19application5-19,setStatus> null
<258,registrar2-0,transcript2-14,read> null
<259,registrar4-0,transcript0-14,read> null
<260,registrar2-0,transcript2-15,read> null
<261,registrar4-0,transcript0-15,read> null
<262,registrar0-1,transcript4-10,read> null
<263,registrar4-1,roster1-4,read> null
<264,registrar2-1,transcript2-10,read> null
<265,registrar4-1,transcript0-10,read> null
<266,registrar4-1,transcript0-12,read> null
<267,registrar0-1,transcript4-11,read> null
<268,registrar4-1,transcript0-11,read> null
<269,stu5-5,gradebook5-3,readScore> null
<270,fac3-2,gradebook3-4,changeScore> null
<271,admissions2-0,stu2-4application2-4,read> null
<272,stu5-4,gradebook5-9,readScore> null
<273,admissions2-0,stu2-8application2-8,read> null
<274,admissions0-0,stu2-17application2-17,setStatus> null
<275,registrar4-1,transcript0-0,read> null
<276,stu1-2,gradebook1-7,readMyScores> null
<277,registrar4-1,transcript0-2,read> null
<278,registrar4-1,transcript0-3,read> null
<279,registrar4-1,transcript0-4,read> null
<280,admissions2-0,stu3-9application3-9,read> null
<281,stu1-2,gradebook1-3,readMyScores> null
<282,registrar4-1,transcript0-6,read> null
<283,registrar4-1,transcript0-7,read> null
<284,admissions2-0,stu1-12application1-12,read> null
<285,stu1-2,gradebook1-2,readMyScores> null
<286,admissions0-1,stu5-19application5-19,read> null
<287,registrar4-1,transcript0-9,read> null
<288,admissions4-0,stu4-18application4-18,setStatus> null
<289,registrar0-1,transcript4-2,read> null
<290,registrar4-1,transcript0-8,read> null
<291,admissions2-0,application3-2,read> null
<292,admissions0-1,stu2-10application2-10,read> null
<293,admissions0-1,stu5-14application5-14,read> null
<294,registrar2-1,roster1-5,write> null
<295,admissions2-0,application3-1,read> null
<296,admissions2-0,application3-4,read> null
<297,admissions4-1,stu1-19application1-19,read> null
<298,registrar4-0,transcript0-1,read> null
<299,stu1-3,gradebook1-8,readMyScores> null
<300,registrar2-0,roster5-8,write> null
<301,stu1-3,gradebook1-9,readMyScores> null
<302,registrar4-0,transcript0-6,read> null
<303,registrar4-0,transcript0-3,read> null
<304,registrar4-0,transcript0-4,read> null
<305,stu1-3,gradebook1-2,readMyScores> null
<306,admissions2-0,stu1-19application1-19,setStatus> null
<307,admissions2-1,stu0-8application0-8,setStatus> null
<308,admissions0-0,stu5-14application5-14,read> null
<309,admissions2-1,application3-2,read> null
<310,registrar4-0,transcript0-8,read> null
<311,admissions2-1,application3-0,read> null
<312,registrar4-1,roster3-2,read> null
<313,registrar4-0,transcript0-7,read> null
<314,admissions2-1,application3-4,read> null
<315,stu1-4,gradebook1-6,readMyScores> null
<316,stu1-4,gradebook1-7,readMyScores> null
<317,admissions0-0,stu2-3application2-3,setStatus> null
<318,stu1-4,gradebook1-9,readMyScores> null
<319,admissions2-1,stu1-19application1-19,setStatus> null
<320,admissions2-0,stu0-15application0-15,read> null
<321,admissions2-1,stu0-14application0-14,read> null
<322,stu1-5,gradebook1-8,readMyScores> null
<323,stu1-5,gradebook1-9,readMyScores> null
<324,admissions4-1,stu4-18application4-18,setStatus> null
<325,admissions0-0,stu5-19application5-19,read> null
<326,stu1-17,gradebook1-4,readMyScores> null
<327,stu1-5,gradebook1-4,readMyScores> null
<328,registrar2-0,transcript3-18,read> null
<329,registrar0-0,transcript5-8,read> null
<330,stu1-5,gradebook1-2,readMyScores> null
<331,admissions4-0,stu1-19application1-19,read> null
<332,admissions2-0,stu2-19application2-19,read> null
<333,admissions4-0,stu4-16application4-16,read> null
<334,stu3-4,gradebook3-2,readScore> null
<335,admissions0-1,stu0-7application0-7,setStatus> null
<336,admissions2-0,stu3-2application3-2,read> null
<337,fac5-3,gradebook5-6,changeScore> null
<338,fac3-4,gradebook3-8,assignGrade> null
<339,registrar2-1,roster1-6,write> null
<340,registrar2-1,roster1-8,write> null
<341,stu0-15,gradebook0-8,readMyScores> null
<342,registrar2-1,roster1-2,write> null
<343,stu3-5,gradebook3-2,readScore> null
<344,registrar2-1,roster1-1,write> null
<345,admissions2-1,stu1-11application1-11,setStatus> null
<346,registrar2-1,roster1-3,write> null
<347,admissions2-0,stu0-14application0-14,read> null
<348,registrar2-0,roster1-9,write> null
<349,admissions0-1,stu3-15application3-15,read> null
<350,stu1-0,gradebook1-2,readMyScores> null
<351,registrar2-0,roster1-3,write> null
<352,admissions4-1,stu3-19application3-19,read> null
<353,stu1-0,gradebook1-1,readMyScores> null
<354,admissions2-1,stu1-2application1-2,read> null
<355,registrar2-0,roster1-2,write> null
<356,admissions2-0,stu1-11application1-11,setStatus> null
<357,registrar2-1,roster0-6,read> null
<358,registrar2-0,roster1-1,write> null
<359,registrar4-0,transcript3-1,read> null
<360,stu1-0,gradebook1-6,readMyScores> null
<361,registrar2-0,roster1-7,write> null
<362,admissions2-1,stu5-5application5-5,setStatus> null
<363,registrar4-0,transcript3-0,read> null
<364,registrar2-0,roster1-6,write> null
<365,registrar4-0,transcript3-3,read> null
<366,registrar4-0,transcript3-2,read> null
<367,registrar4-0,transcript3-4,read> null
<368,registrar4-0,transcript3-5,read> null
<369,admissions4-0,stu3-18application3-18,setStatus> null
<370,stu5-7,stu5-7application5-7,checkStatus> null
<371,registrar4-0,transcript3-6,read> null
<372,registrar4-0,transcript3-7,read> null
<373,registrar4-0,transcript3-8,read> null
<374,fac4-4,gradebook4-8,readScore> null
<375,registrar4-0,transcript3-9,read> null
<376,admissions4-0,stu4-4application4-4,setStatus> null
<377,admissions4-0,stu3-10application3-10,read> null
<378,stu1-1,gradebook1-5,readMyScores> null
<379,stu1-1,gradebook1-2,readMyScores> null
<380,registrar4-1,transcript3-3,read> null
<381,stu1-1,gradebook1-8,readMyScores> null
<382,registrar4-1,transcript3-2,read> null
<383,registrar4-1,transcript3-1,read> null
<384,registrar4-1,transcript3-7,read> null
<385,registrar4-1,transcript3-8,read> null
<386,registrar4-1,transcript3-5,read> null
<387,registrar2-1,transcript0-15,read> null
<388,registrar4-1,transcript3-6,read> null
<389,admissions0-0,stu2-10application2-10,read> null
<390,stu1-8,gradebook1-5,readMyScores> null
<391,admissions4-1,stu3-10application3-10,read> null
<392,admissions0-0,stu4-15application4-15,read> null
<393,admissions2-0,application1-1,setStatus> null
<394,admissions2-0,application1-2,setStatus> null
<395,admissions4-1,application5-4,read> null
<396,admissions0-0,stu2-17application2-17,read> null
<397,admissions2-0,application1-0,setStatus> null
<398,admissions4-1,application5-1,read> null
<399,admissions4-1,application5-0,read> null
<400,admissions4-1,application5-3,read> null
<401,admissions2-0,stu4-1application4-1,setStatus> null
<402,admissions4-0,stu4-12application4-12,read> null
<403,admissions0-1,stu1-17application1-17,read> null
<404,admissions2-0,application1-4,setStatus> null
<405,stu3-8,gradebook3-7,readScore> null
<406,admissions2-0,application1-3,setStatus> null
<407,admissions0-1,stu4-15application4-15,read> null
<408,admissions2-1,stu1-3application1-3,setStatus> null
<409,admissions0-1,stu2-12application2-12,setStatus> null
<410,admissions2-1,application1-0,setStatus> null
<411,registrar4-1,transcript4-14,read> null
<412,admissions2-1,application1-1,setStatus> null
<413,stu3-19,gradebook3-5,addScore> null
<414,registrar0-0,transcript5-10,read> null
<415,registrar4-1,roster1-3,read> null
<416,admissions0-1,stu2-17application2-17,read> null
<417,registrar0-0,transcript4-8,read> null
<418,admissions2-0,stu0-19application0-19,read> null
<419,registrar4-0,roster1-1,read> null
<420,registrar4-1,roster1-8,read> null
<421,admissions2-1,application1-2,setStatus> null
<422,admissions2-1,application1-3,setStatus> null
<423,admissions4-0,application5-1,read> null
<424,admissions2-1,application1-4,setStatus> null
<425,stu3-9,gradebook3-6,readScore> null
<426,admissions4-0,stu5-11application5-11,read> null
<427,stu1-11,gradebook1-6,readMyScores> null
<428,admissions0-0,stu3-15application3-15,read> null
<429,admissions0-0,stu4-19application4-19,setStatus> null
<430,stu0-16,gradebook0-2,addScore> null
<431,admissions0-0,stu1-0application1-0,setStatus> null
<432,admissions2-1,stu1-3application1-3,read> null
<433,admissions0-0,stu1-5application1-5,setStatus> null
<0,admissions0-1,stu3-11application3-11,read> null
<1,registrar4-1,roster3-5,read> null
<2,admissions0-1,stu1-9application1-9,setStatus> null
<3,registrar2-1,transcript3-12,read> null
<4,stu5-12,transcript5-12,read> null
<5,registrar4-1,roster3-3,read> null
<6,registrar4-1,roster3-8,read> null
<7,admissions4-1,application0-2,read> null
<8,stu0-1,stu0-1application0-1,checkStatus> null
<9,registrar4-1,roster3-6,read> null
<10,registrar4-1,roster3-7,read> null
<11,admissions4-1,stu5-11application5-11,read> null
<12,admissions0-1,stu4-19application4-19,setStatus> null
<13,admissions2-1,stu4-1application4-1,setStatus> null
<14,admissions0-0,stu3-16application3-16,setStatus> null
<15,registrar4-0,roster3-2,read> null
<16,admissions0-0,stu1-9application1-9,setStatus> null
<17,admissions2-1,stu4-1application4-1,read> null
<18,registrar4-0,roster3-4,read> null
<19,fac4-0,gradebook4-1,addScore> null
<20,registrar4-0,roster3-6,read> null
<21,registrar4-0,roster3-7,read> null
<22,admissions4-0,stu5-7application5-7,setStatus> null
<23,registrar2-0,roster1-9,read> null
<24,registrar2-1,roster1-3,read> null
<25,stu1-6,gradebook1-4,readMyScores> null
<26,stu1-6,gradebook1-3,readMyScores> null
<27,registrar2-1,roster1-4,read> null
<28,admissions0-0,stu4-17application4-17,setStatus> null
<29,registrar2-1,roster1-6,read> null
<30,admissions0-0,application0-1,setStatus> null
<31,admissions4-0,stu5-12application5-12,read> null
<32,registrar2-1,roster1-8,read> null
<33,admissions4-0,stu3-9application3-9,setStatus> null
<34,admissions0-0,stu3-11application3-11,read> null
<35,registrar0-0,transcript0-18,read> null
<36,admissions0-1,stu1-0application1-0,setStatus> null
<37,admissions4-1,stu5-7application5-7,setStatus> null
<38,fac4-1,gradebook4-2,readScore> null
<39,registrar2-0,roster1-4,read> null
<40,stu1-7,gradebook1-4,readMyScores> null
<41,admissions2-1,stu2-7application2-7,setStatus> null
<42,admissions4-1,stu1-9application1-9,setStatus> null
<43,registrar2-0,roster1-3,read> null
<44,admissions2-0,stu1-8application1-8,read> null
<45,fac4-2,gradebook4-5,addScore> null
<46,admissions2-1,stu3-12application3-12,read> null
<47,registrar2-0,roster1-8,read> null
<48,admissions4-1,stu3-18application3-18,setStatus> null
<49,admissions4-1,stu1-8application1-8,read> null
<50,registrar2-0,roster1-7,read> null
<51,admissions4-0,stu1-16application1-16,setStatus> null
<52,admissions4-1,stu5-12application5-12,read> null
<53,stu1-7,gradebook1-3,readMyScores> null
<54,registrar2-0,roster1-6,read> null
<55,admissions0-1,stu4-17application4-17,setStatus> null
<56,admissions0-0,stu2-12application2-12,setStatus> null
<57,stu1-8,gradebook1-3,readMyScores> null
<58,admissions4-0,stu1-8application1-8,read> null
<59,registrar4-1,transcript4-17,read> null
<60,admissions2-1,stu1-14application1-14,setStatus> null
<61,admissions2-1,stu4-14application4-14,setStatus> null
<62,admissions2-0,stu1-2application1-2,setStatus> null
<63,admissions2-1,stu3-11application3-11,read> null
<64,admissions2-0,stu1-14application1-14,setStatus> null
<65,stu1-9,gradebook1-9,readMyScores> null
<66,admissions0-0,stu1-17application1-17,read> null
<67,stu1-19,gradebook1-9,readMyScores> null
<68,stu1-19,gradebook1-2,readMyScores> null
<69,admissions0-0,application2-0,read> null
<70,stu1-19,gradebook1-7,readMyScores> null
<71,admissions2-0,stu1-14application1-14,read> null
<72,admissions0-0,stu5-0application5-0,read> null
<73,stu0-19,gradebook0-4,readScore> null
<74,stu1-18,gradebook1-8,readMyScores> null
<75,admissions4-1,stu4-12application4-12,read> null
<76,registrar0-0,roster5-1,write> null
<77,registrar0-0,roster5-2,write> null
<78,admissions4-0,stu0-3application0-3,read> null
<79,registrar0-0,roster5-4,write> null
<80,admissions2-0,stu0-18application0-18,setStatus> null
<81,stu1-18,gradebook1-6,readMyScores> null
<82,registrar0-0,roster5-7,write> null
<83,admissions2-0,stu5-10application5-10,setStatus> null
<84,admissions2-0,stu4-14application4-14,read> null
<85,registrar0-0,roster5-8,write> null
<86,stu1-18,gradebook1-5,readMyScores> null
<87,registrar0-0,roster5-9,write> null
<88,stu0-18,gradebook0-3,readScore> null
<89,admissions2-0,stu5-8application5-8,read> null
<90,registrar2-0,roster5-4,read> null
<91,registrar2-0,roster5-1,read> null
<92,registrar2-0,roster5-2,read> null
<93,admissions2-1,stu2-2application2-2,setStatus> null
<94,admissions0-0,stu1-7application1-7,read> null
<95,stu2-7,gradebook2-6,readMyScores> null
<96,admissions4-1,stu0-3application0-3,read> null
<97,fac3-0,gradebook3-1,changeScore> null
<98,admissions0-1,stu0-14application0-14,setStatus> null
<99,admissions0-1,stu0-2application0-2,read> null
<100,registrar2-1,roster5-3,read> null
<101,admissions4-0,stu5-2application5-2,read> null
<102,registrar2-1,roster5-4,read> null
<103,registrar2-1,roster5-5,read> null
<104,registrar2-1,roster5-1,read> null
<105,stu0-16,gradebook0-2,readScore> null
<106,admissions0-1,stu5-0application5-0,read> null
<107,registrar2-0,roster5-6,read> null
<108,registrar2-0,roster5-5,read> null
<109,registrar2-0,roster5-8,read> null
<110,registrar2-0,roster5-7,read> null
<111,admissions0-1,stu4-5application4-5,read> null
<112,registrar4-0,roster2-8,read> null
<113,registrar4-0,roster2-7,read> null
<114,registrar4-0,roster2-6,read> null
<115,stu1-15,gradebook1-2,readMyScores> null
<116,registrar4-0,roster2-5,read> null
<117,registrar4-0,roster2-4,read> null
<118,registrar4-0,roster2-2,read> null
<119,stu1-15,gradebook1-3,readMyScores> null
<120,registrar4-0,roster2-1,read> null
<121,stu1-15,gradebook1-8,readMyScores> null
<122,stu1-15,gradebook1-7,readMyScores> null
<123,admissions4-1,stu3-10application3-10,setStatus> null
<124,registrar2-1,transcript4-5,read> null
<125,admissions4-1,stu4-19application4-19,setStatus> null
<126,admissions4-1,stu3-4application3-4,read> null
<127,admissions4-1,application4-4,setStatus> null
<128,admissions0-0,application4-4,read> null
<129,admissions0-1,stu5-12application5-12,setStatus> null
<130,stu0-15,gradebook0-5,readScore> null
<131,admissions0-0,application4-2,read> null
<132,admissions0-0,application4-0,read> null
<133,registrar4-1,roster2-7,read> null
<134,admissions4-1,stu0-10application0-10,read> null
<135,admissions2-0,stu2-2application2-2,setStatus> null
<136,admissions0-0,stu5-18application5-18,setStatus> null
<137,registrar4-1,roster2-9,read> null
<138,admissions4-0,stu4-1application4-1,read> null
<139,admissions2-0,application3-4,setStatus> null
<140,registrar0-0,roster5-3,read> null
<141,stu1-14,gradebook1-3,readMyScores> null
<142,registrar4-1,roster2-4,read> null
<143,admissions0-0,stu3-6application3-6,read> null
<144,registrar4-1,roster2-3,read> null
<145,registrar4-1,roster2-5,read> null
<146,registrar4-1,roster2-2,read> null
<147,registrar4-1,roster2-1,read> null
<148,admissions4-0,stu3-10application3-10,setStatus> null
<149,stu1-14,gradebook1-8,readMyScores> null
<150,admissions4-0,stu4-19application4-19,setStatus> null
<151,fac1-4,gradebook1-9,assignGrade> null
<152,admissions0-1,application4-0,read> null
<153,stu0-14,gradebook0-4,readScore> null
<154,admissions0-1,application4-1,read> null
<155,admissions0-1,application4-2,read> null
<156,admissions0-1,application4-3,read> null
<157,admissions0-1,application4-4,read> null
<158,admissions4-1,application0-3,read> null
<159,stu1-17,gradebook1-3,readMyScores> null
<160,registrar0-0,transcript4-7,read> null
<161,admissions0-1,stu3-13application3-13,read> null
<162,admissions4-1,stu4-1application4-1,read> null
<163,stu1-16,gradebook1-2,readMyScores> null
<164,admissions2-1,stu5-13application5-13,setStatus> null
<165,stu1-16,gradebook1-9,readMyScores> null
<166,admissions4-0,stu3-4application3-4,read> null
<167,admissions4-1,stu0-7application0-7,setStatus> null
<168,admissions2-0,stu5-14application5-14,read> null
<169,admissions4-1,application3-2,setStatus> null
<170,registrar0-0,roster4-2,write> null
<171,registrar0-0,roster3-5,write> null
<172,admissions2-1,stu5-14application5-14,setStatus> null
<173,admissions4-1,application3-3,setStatus> null
<174,admissions4-1,application3-1,setStatus> null
<175,admissions2-0,application4-4,setStatus> null
<176,admissions2-0,application4-1,setStatus> null
<177,admissions2-0,application4-0,setStatus> null
<178,admissions4-1,application3-4,setStatus> null
<179,admissions2-0,application4-2,setStatus> null
<180,admissions4-0,stu0-6application0-6,setStatus> null
<181,admissions2-0,stu1-2application1-2,read> null
<182,admissions2-1,stu5-14application5-14,read> null
<183,stu4-9,gradebook4-5,readMyScores> null
<184,admissions4-0,stu5-12application5-12,setStatus> null
<185,admissions4-1,stu0-7application0-7,read> null
<186,admissions4-0,application3-0,setStatus> null
<187,admissions0-1,stu2-18application2-18,read> null
<188,admissions2-0,stu5-14application5-14,setStatus> null
<189,stu2-2,gradebook2-2,readMyScores> null
<190,admissions4-0,application3-1,setStatus> null
<191,stu5-7,gradebook5-9,addScore> null
<192,admissions2-1,application4-4,setStatus> null
<193,admissions4-0,application3-3,setStatus> null
<194,admissions2-1,application4-2,setStatus> null
<195,admissions2-1,application4-1,setStatus> null
<196,admissions4-1,stu1-5application1-5,setStatus> null
<197,stu5-6,gradebook5-4,addScore> null
<198,admissions4-0,stu4-19application4-19,read> null
<199,admissions0-0,stu3-13application3-13,setStatus> null
<200,admissions4-1,stu2-14application2-14,read> null
<201,stu5-5,gradebook5-3,addScore> null
<202,admissions4-1,stu4-19application4-19,read> null
<203,admissions2-1,stu0-8application0-8,read> null
<204,admissions4-1,stu0-6application0-6,setStatus> null
<205,admissions4-0,stu2-14application2-14,read> null
<206,registrar2-1,roster5-6,read> null
<207,registrar2-1,roster5-7,read> null
<208,registrar2-1,roster5-8,read> null
<209,registrar2-1,roster5-9,read> null
<210,registrar2-1,roster0-5,read> null
<211,registrar2-1,roster0-3,read> null
<212,registrar2-1,roster0-2,read> null
<213,registrar2-1,roster0-1,read> null
<214,registrar0-1,roster5-1,write> null
<215,registrar2-0,roster0-3,read> null
<216,registrar0-0,roster4-7,read> null
<217,admissions0-1,stu1-7application1-7,read> null
<218,registrar2-0,roster0-4,read> null
<219,registrar2-0,roster0-7,read> null
<220,registrar2-0,roster0-6,read> null
<221,registrar2-0,roster0-1,read> null
<222,admissions2-0,stu5-4application5-4,read> null
<223,admissions2-1,stu4-4application4-4,setStatus> null
<224,admissions0-0,stu2-18application2-18,read> null
<225,registrar0-1,roster5-8,write> null
<226,registrar0-1,roster5-7,write> null
<227,registrar0-1,roster5-9,write> null
<228,registrar0-1,roster5-3,write> null
<229,registrar0-1,roster5-6,write> null
<230,registrar0-1,roster5-5,write> null
<231,registrar0-1,roster5-2,write> null
<232,admissions2-0,stu5-7application5-7,read> null
<233,admissions4-0,stu2-6application2-6,setStatus> null
<234,admissions2-1,stu5-7application5-7,read> null
<235,admissions2-1,stu3-2application3-2,setStatus> null
<236,admissions2-1,stu5-12application5-12,read> null
<237,admissions4-1,stu5-10application5-10,setStatus> null
<238,registrar2-1,transcript1-18,read> null
<239,admissions2-1,stu5-4application5-4,read> null
<240,admissions4-0,stu4-14application4-14,read> null
<241,registrar0-1,roster5-5,read> null
<242,admissions0-0,stu2-4application2-4,read> null
<243,admissions0-1,stu3-18application3-18,read> null
<244,admissions4-0,stu2-15application2-15,setStatus> null
<245,admissions0-1,stu2-5application2-5,read> null
<246,admissions2-0,stu5-12application5-12,read> null
<247,admissions4-0,stu5-10application5-10,setStatus> null
<248,admissions0-0,stu1-12application1-12,read> null
<249,admissions0-1,stu2-8application2-8,read> null
<250,admissions0-0,stu3-18application3-18,read> null
<251,admissions2-1,stu3-1application3-1,read> null
<252,admissions0-0,stu2-5application2-5,read> null
<253,admissions4-0,stu5-6application5-6,read> null
<254,admissions2-0,stu3-2application3-2,setStatus> null
<255,fac3-4,gradebook3-9,changeScore> null
<256,admissions4-1,stu5-6application5-6,read> null
<257,admissions2-1,stu1-15application1-15,setStatus> null
<258,fac0-3,gradebook0-6,changeScore> null
<259,stu0-3,gradebook0-7,readMyScores> null
<260,fac0-3,gradebook0-7,changeScore> null
<261,stu5-3,gradebook5-3,addScore> null
<262,admissions2-0,stu1-18application1-18,setStatus> null
<263,admissions0-0,application3-4,read> null
<264,admissions4-0,stu3-12application3-12,setStatus> null
<265,admissions4-0,stu4-16application4-16,setStatus> null
<266,fac0-2,gradebook0-5,changeScore> null
<267,fac0-2,gradebook0-4,changeScore> null
<268,admissions2-0,stu5-5application5-5,setStatus> null
<269,app0-0,application0-0,checkStatus> null
<270,stu5-4,gradebook5-9,addScore> null
<271,admissions4-1,stu4-16application4-16,setStatus> null
<272,admissions2-1,stu3-19application3-19,read> null
<273,fac0-1,gradebook0-2,changeScore> null
<274,admissions4-1,stu5-1application5-1,read> null
<275,admissions4-1,stu1-2application1-2,setStatus> null
<276,admissions0-0,stu5-12application5-12,setStatus> null
<277,admissions2-0,stu4-11application4-11,setStatus> null
<278,admissions2-0,stu5-7application5-7,setStatus> null
<279,registrar0-1,roster4-4,write> null
<280,admissions4-0,stu4-9application4-9,setStatus> null
<281,admissions2-1,application4-4,read> null
<282,admissions2-1,application4-3,read> null
<283,admissions4-1,stu1-3application1-3,setStatus> null
<284,admissions2-1,application4-2,read> null
<285,admissions4-1,stu5-18application5-18,read> null
<286,admissions2-1,application4-0,read> null
<287,stu1-10,gradebook1-5,readMyScores> null
<288,admissions4-1,stu2-9application2-9,read> null
<289,admissions4-0,stu0-17application0-17,read> null
<290,admissions2-1,stu5-7application5-7,setStatus> null
<291,admissions2-0,stu3-0application3-0,read> null
<292,admissions4-1,stu1-11application1-11,read> null
<293,admissions2-1,application3-1,setStatus> null
<294,admissions2-0,application4-4,read> null
<295,registrar0-1,transcript4-9,read> null
<296,admissions2-0,application4-0,read> null
<297,stu1-10,gradebook1-8,readMyScores> null
<298,admissions4-1,stu2-15application2-15,setStatus> null
<299,stu1-11,gradebook1-5,readMyScores> null
<300,stu1-11,gradebook1-2,readMyScores> null
<301,admissions4-0,stu2-9application2-9,read> null
<302,admissions4-1,stu0-17application0-17,read> null
<303,admissions2-1,stu0-7application0-7,read> null
<304,admissions4-1,stu5-5application5-5,read> null
<305,stu1-12,gradebook1-5,readMyScores> null
<306,stu1-12,gradebook1-9,readMyScores> null
<307,stu1-12,gradebook1-1,readMyScores> null
<308,registrar4-0,roster1-7,write> null
<309,admissions0-1,stu1-15application1-15,read> null
<310,stu1-13,gradebook1-9,readMyScores> null
<311,stu1-13,gradebook1-8,readMyScores> null
<312,stu1-13,gradebook1-1,readMyScores> null
<313,admissions0-0,stu1-11application1-11,setStatus> null
<314,admissions0-0,stu0-14application0-14,setStatus> null
<315,registrar4-1,roster0-3,write> null
<316,registrar4-1,roster0-2,write> null
<317,admissions4-0,stu0-17application0-17,setStatus> null
<318,registrar4-1,transcript4-15,read> null
<319,registrar0-1,transcript3-13,read> null
<320,registrar4-1,roster0-7,write> null
<321,admissions0-0,stu4-17application4-17,read> null
<322,admissions2-1,stu3-10application3-10,setStatus> null
<323,registrar4-1,roster0-4,write> null
<324,admissions0-1,stu1-11application1-11,setStatus> null
<325,registrar4-1,roster0-5,write> null
<326,admissions2-1,stu3-9application3-9,setStatus> null
<327,registrar0-1,transcript4-3,read> null
<328,registrar0-1,transcript4-1,read> null
<329,registrar4-1,roster0-8,write> null
<330,registrar4-1,roster0-9,write> null
<331,registrar0-1,transcript4-8,read> null
<332,admissions4-1,stu0-17application0-17,setStatus> null
<333,registrar0-0,transcript4-4,read> null
<334,admissions2-0,stu3-9application3-9,setStatus> null
<335,admissions0-1,stu4-17application4-17,read> null
<336,registrar0-0,transcript4-0,read> null
<337,admissions0-0,stu1-2application1-2,read> null
<338,registrar0-0,transcript4-9,read> null
<339,admissions2-1,stu3-0application3-0,read> null
<340,admissions2-1,stu0-9application0-9,read> null
<341,admissions4-1,stu4-11application4-11,read> null
<342,registrar4-0,roster0-2,write> null
<343,admissions4-1,stu2-7application2-7,setStatus> null
<344,registrar4-0,roster0-7,write> null
<345,fac3-2,gradebook3-5,changeScore> null
<346,registrar4-0,roster0-9,write> null
<347,registrar4-0,roster0-3,write> null
<348,registrar4-0,roster0-4,write> null
<349,admissions0-1,stu1-5application1-5,read> null
<350,registrar4-0,roster0-5,write> null
<351,registrar4-0,roster1-5,read> null
<352,admissions4-1,stu0-8application0-8,read> null
<353,registrar4-0,roster1-8,read> null
<354,admissions2-1,stu2-0application2-0,setStatus> null
<355,admissions4-1,stu3-1application3-1,read> null
<356,admissions2-1,stu3-16application3-16,setStatus> null
<357,admissions2-0,stu4-2application4-2,read> null
<358,admissions0-0,application5-4,read> null
<359,admissions0-0,application5-2,read> null
<360,admissions4-1,stu5-17application5-17,read> null
<361,admissions0-0,application5-1,read> null
<362,registrar0-1,transcript3-6,read> null
<363,registrar4-1,roster1-5,read> null
<364,admissions4-1,stu3-8application3-8,read> null
<365,admissions2-0,stu3-4application3-4,setStatus> null
<366,admissions0-0,stu5-1application5-1,setStatus> null
<367,admissions0-0,stu3-1application3-1,read> null
<368,admissions2-0,stu3-16application3-16,setStatus> null
<369,admissions0-1,application5-4,read> null
<370,admissions0-1,stu5-1application5-1,setStatus> null
<371,admissions0-0,stu3-2application3-2,setStatus> null
<372,admissions2-1,stu4-2application4-2,read> null
<373,admissions0-0,stu0-19application0-19,read> null
<374,admissions0-1,stu5-5application5-5,setStatus> null
<375,chair1,transcript1-12,read> null
<376,admissions0-1,stu0-16application0-16,read> null
<377,admissions0-1,stu3-2application3-2,setStatus> null
<378,admissions4-0,stu2-14application2-14,setStatus> null
<379,admissions4-0,stu2-15application2-15,read> null
<380,admissions0-1,stu1-7application1-7,setStatus> null
<381,admissions2-1,stu4-8application4-8,setStatus> null
<382,admissions0-0,stu0-16application0-16,read> null
<383,admissions4-1,stu2-15application2-15,read> null
<384,admissions2-0,stu4-8application4-8,setStatus> null
<385,admissions4-0,stu4-8application4-8,read> null
<386,admissions4-1,stu0-11application0-11,setStatus> null
<387,admissions2-0,stu2-11application2-11,setStatus> null
<388,admissions2-1,stu1-12application1-12,setStatus> null
<389,admissions4-0,stu3-1application3-1,read> null
<390,admissions2-1,stu2-11application2-11,setStatus> null
<391,admissions0-0,stu1-7application1-7,setStatus> null
<392,admissions2-0,stu1-12application1-12,setStatus> null
<393,admissions2-0,application3-0,setStatus> null
<394,admissions4-0,stu4-15application4-15,setStatus> null
<395,admissions0-1,stu5-8application5-8,read> null
<396,admissions4-1,stu2-13application2-13,setStatus> null
<397,admissions2-0,application3-2,setStatus> null
<398,admissions0-0,stu0-18application0-18,read> null
<399,admissions0-1,stu0-11application0-11,setStatus> null
<400,admissions2-0,application3-3,setStatus> null
<401,admissions2-1,application3-0,setStatus> null
<402,admissions4-1,stu0-0application0-0,setStatus> null
<403,admissions4-1,stu4-15application4-15,setStatus> null
<404,admissions0-1,stu2-2application2-2,setStatus> null
<405,registrar2-0,transcript3-19,read> null
<406,admissions0-1,stu3-5application3-5,setStatus> null
<407,admissions0-0,stu0-11application0-11,setStatus> null
<408,admissions2-1,application3-3,setStatus> null
<409,registrar0-1,transcript0-11,read> null
<410,admissions2-1,application3-2,setStatus> null
<411,admissions4-0,stu0-0application0-0,setStatus> null
<412,admissions2-1,stu1-18application1-18,read> null
<413,admissions4-0,stu5-1application5-1,read> null
<414,admissions0-0,stu2-2application2-2,setStatus> null
<415,admissions4-0,stu2-0application2-0,read> null
<416,admissions2-1,stu3-16application3-16,read> null
<417,admissions0-0,stu3-5application3-5,setStatus> null
<418,admissions0-1,stu2-18application2-18,setStatus> null
<419,admissions4-1,stu3-13application3-13,setStatus> null
<420,admissions2-0,stu1-18application1-18,read> null
<421,admissions0-1,stu1-19application1-19,setStatus> null
<422,registrar0-1,transcript2-11,read> null
<423,admissions2-1,stu3-9application3-9,read> null
<424,admissions2-0,stu3-16application3-16,read> null
<425,admissions2-0,stu3-12application3-12,read> null
<426,admissions4-1,application4-1,setStatus> null
<427,admissions4-1,application4-0,setStatus> null
<428,admissions4-1,application4-3,setStatus> null
<429,admissions0-0,stu1-19application1-19,setStatus> null
<430,admissions0-0,stu0-5application0-5,read> null
<431,admissions4-0,application4-1,setStatus> null
<432,admissions4-0,application4-0,setStatus> null
<0,admissions4-0,application4-2,setStatus> 1.5760592780554483E-4
<1,admissions4-0,application4-3,setStatus> 1.609746755573629E-4
<2,admissions4-1,stu2-0application2-0,read> 9.94571650912152E-5
<3,admissions0-0,stu5-13application5-13,setStatus> 2.465298550966334E-4
<4,admissions2-1,stu4-7application4-7,setStatus> 4.027777169319843E-5
<5,registrar0-0,transcript3-17,read> 3.495196486223818E-4
<6,admissions4-0,application5-0,setStatus> 2.1094443387599784E-4
<7,admissions4-0,application5-3,setStatus> 2.1375172366917963E-4
<8,admissions4-0,application5-4,setStatus> 2.1543609754508865E-4
<9,admissions4-0,application5-1,setStatus> 2.1150589183463423E-4
<10,admissions0-1,stu5-13application5-13,setStatus> 2.456955747071355E-4
<11,admissions2-1,stu4-9application4-9,read> 1.1372663585323708E-4
<12,admissions2-0,stu4-7application4-7,setStatus> 4.161202499980542E-5
<13,admissions4-1,application5-1,setStatus> 2.1318784723689773E-4
<14,admissions4-1,application5-2,setStatus> 2.1431969290301557E-4
<15,admissions4-1,application5-4,setStatus> 2.1714930706831005E-4
<16,admissions4-0,stu0-8application0-8,read> 1.431399635012793E-4
<17,admissions0-1,stu0-5application0-5,read> 1.8670562593086775E-4
<18,admissions2-0,stu3-7application3-7,read> 1.4102136570486203E-4
<19,admissions4-0,stu3-15application3-15,read> 1.3918729947247943E-4
<20,stu3-16,stu3-16application3-16,checkStatus> 4.19283870167058E-4
<21,admissions4-1,stu0-0application0-0,read> 1.2037367300107228E-4
<22,admissions4-0,stu4-1application4-1,setStatus> 2.036454804137254E-4
<23,admissions2-0,stu4-6application4-6,setStatus> 6.556272762099851E-5
<24,admissions4-0,stu5-18application5-18,read> 1.1250681727808017E-4
<25,admissions2-0,stu0-5application0-5,setStatus> 1.79746309884826E-4
<26,admissions2-1,stu2-2application2-2,read> 2.5481250411059027E-5
<27,admissions0-1,stu1-0application1-0,read> 2.1331931360390552E-4
<28,admissions4-1,stu2-8application2-8,read> 1.9607151115103122E-4
<29,admissions0-1,stu1-4application1-4,setStatus> 2.555573660879548E-4
<30,admissions2-0,stu2-2application2-2,read> 2.6325349803557878E-5
<31,registrar4-0,transcript4-10,read> 4.0454111338355023E-4
<32,registrar4-0,transcript4-14,read> 4.344002188122782E-4
<33,admissions2-0,stu2-3application2-3,setStatus> 7.113265846313643E-5
<34,registrar4-0,transcript3-11,read> 4.224565766407871E-4
<35,registrar2-0,transcript5-11,read> 2.896517542052228E-5
<36,registrar2-0,transcript5-12,read> 3.105589484937201E-5
<37,stu2-15,gradebook2-5,addScore> 2.740370429905042E-4
<38,registrar2-0,transcript5-13,read> 2.791981570609742E-5
<39,fac2-4,gradebook2-8,addScore> 7.327169540532043E-4
<40,admissions2-0,stu2-18application2-18,setStatus> 1.680494551163363E-4
<41,admissions2-1,application5-1,setStatus> 2.0309611482331678E-4
<42,registrar4-0,transcript3-14,read> 4.1887348398933976E-4
<43,registrar2-0,transcript5-14,read> 2.6874455991672553E-5
<44,registrar4-0,transcript3-10,read> 4.2484530507508523E-4
<45,registrar2-0,transcript5-10,read> 3.314661427822174E-5
<46,admissions4-0,stu5-17application5-17,setStatus> 1.4132364700509073E-4
<47,registrar4-1,transcript4-10,read> 4.1084974673066214E-4
<48,admissions0-1,stu4-8application4-8,setStatus> 1.0894540089310712E-4
<49,admissions4-0,stu5-9application5-9,setStatus> 2.903205527782116E-5
<50,registrar2-1,transcript5-14,read> 2.699416403617889E-5
<51,registrar2-1,transcript5-6,read> 3.125985446328982E-4
<52,fac2-3,gradebook2-7,addScore> 3.4719294374207355E-4
<53,admissions2-0,stu3-15application3-15,read> 1.380804422202132E-4
<54,registrar4-1,transcript3-15,read> 4.2419263431054836E-4
<55,registrar2-1,transcript5-15,read> 2.5944147931043894E-5
<56,fac3-1,gradebook3-3,assignGrade> 1.8246882311394284E-4
<57,registrar4-1,transcript3-12,read> 4.278316036505173E-4
<58,registrar2-1,transcript5-12,read> 3.119422845671888E-5
<59,stu0-0,transcript0-0,read> 8.861501320359201E-4
<60,registrar4-1,transcript3-13,read> 4.266186138705276E-4
<61,registrar2-1,transcript5-13,read> 2.804418014131389E-5
<62,registrar2-1,transcript5-10,read> 3.329426066698888E-5
<63,registrar4-1,transcript3-11,read> 4.2904459343050694E-4
<64,registrar2-1,transcript5-11,read> 2.9094196246448887E-5
<65,admissions0-0,stu1-10application1-10,read> 1.258041658149938E-4
<66,admissions4-1,stu5-9application5-9,setStatus> 2.9262926492754134E-5
<67,registrar4-1,transcript4-19,read> 4.448134605703725E-4
<68,admissions0-0,application0-2,setStatus> 7.962950052569372E-5
<69,admissions0-0,stu1-4application1-4,setStatus> 2.564251330356219E-4
<70,registrar4-0,transcript3-18,read> 4.117072986864449E-4
<71,registrar2-0,transcript5-18,read> 2.164765741954823E-5
<72,registrar2-0,transcript5-17,read> 2.2693017133973095E-5
<73,admissions0-0,stu0-1application0-1,read> 1.782689294475109E-5
<74,registrar2-0,transcript5-16,read> 2.373837684839796E-5
<75,registrar2-0,transcript5-15,read> 2.582909627724769E-5
<76,admissions2-1,stu3-15application3-15,read> 1.3365301321114826E-4
<77,registrar4-1,transcript3-17,read> 4.2055366497057947E-4
<78,registrar2-1,transcript5-17,read> 2.27940996156389E-5
<79,admissions4-1,stu1-18application1-18,setStatus> 1.2660165377888552E-4
<80,admissions0-1,stu0-1application0-1,read> 1.7766565049844997E-5
<81,registrar2-1,transcript5-16,read> 2.3844115720773896E-5
<82,registrar2-1,transcript5-19,read> 1.964405130023391E-5
<83,registrar4-1,transcript3-18,read> 4.1812768541060004E-4
<84,registrar4-0,roster1-2,write> 1.77189821901976E-4
<85,registrar2-1,transcript5-18,read> 2.1744083510503905E-5
<86,admissions4-1,stu4-1application4-1,setStatus> 2.052649275740731E-4
<87,admissions4-1,stu3-15application3-15,read> 1.4029415672474566E-4
<88,admissions2-1,stu0-6application0-6,setStatus> 5.968658080804698E-5
<89,admissions4-0,stu1-13application1-13,setStatus> 1.3514760946009091E-4
<90,registrar2-1,transcript4-7,read> 2.1074698243480342E-4
<91,stu1-6,stu1-6application1-6,checkStatus> 3.0500207411435123E-4
<92,admissions2-1,application5-1,read> 1.7872458104451877E-4
<93,admissions0-0,stu0-12application0-12,setStatus> 6.643579660704236E-5
<94,admissions0-1,application0-0,setStatus> 8.264729054425552E-5
<95,registrar0-0,roster5-2,read> 1.3650793736895244E-4
<96,admissions2-0,stu2-8application2-8,setStatus> 2.1929281886400525E-4
<97,admissions0-1,application0-1,setStatus> 8.001747950937038E-5
<98,stu2-1,gradebook2-7,readMyScores> 2.316461932157645E-4
<99,admissions0-1,application0-2,setStatus> 7.936002675064907E-5
<100,admissions2-1,application5-4,read> 1.8204564393750394E-4
<101,admissions2-1,application5-2,read> 1.7967345615680028E-4
<102,registrar0-1,transcript3-0,read> 7.295933689869788E-5
<103,registrar0-1,transcript3-3,read> 7.396278909673154E-5
<104,registrar0-1,transcript3-4,read> 7.79765978888662E-5
<105,registrar4-0,roster0-9,read> 2.5273680530629126E-4
<106,registrar0-1,transcript3-1,read> 7.195588470066421E-5
<107,registrar0-1,transcript3-2,read> 7.596969349279888E-5
<108,admissions2-0,stu0-6application0-6,setStatus> 6.166377603150195E-5
<109,registrar0-1,transcript3-7,read> 7.898005008689988E-5
<110,registrar0-1,transcript3-8,read> 6.89455281065632E-5
<111,registrar0-1,transcript3-5,read> 7.697314569083254E-5
<112,registrar0-1,roster5-4,read> 1.129391415524805E-4
<113,registrar0-1,transcript3-9,read> 6.794207590852954E-5
<114,admissions0-1,application0-4,setStatus> 8.067493226809166E-5
<115,registrar0-1,roster5-9,read> 1.24408278635384E-4
<116,admissions0-1,application0-3,setStatus> 8.133238502681295E-5
<117,fac4-3,gradebook4-6,addScore> 5.8842236899484E-4
<118,stu4-15,stu4-15application4-15,checkStatus> 1.4260162709208368E-4
<119,admissions0-0,application0-0,setStatus> 8.292792650535657E-5
<120,admissions2-0,application5-0,read> 1.841549101463781E-4
<121,admissions2-0,application5-4,read> 1.880761414592432E-4
<122,registrar0-0,transcript3-0,read> 7.329789530658047E-5
<123,registrar0-0,transcript3-1,read> 7.228978671783667E-5
<124,registrar2-0,transcript4-6,read> 2.1817528373142272E-4
<125,registrar0-0,transcript3-2,read> 7.632222107281188E-5
<126,registrar0-0,transcript3-3,read> 7.430600389532427E-5
<127,registrar0-0,transcript3-4,read> 7.833843825029946E-5
<128,registrar0-0,transcript3-5,read> 7.733032966155567E-5
<129,registrar0-0,transcript3-6,read> 8.035465542778707E-5
<130,registrar0-0,transcript3-7,read> 7.934654683904328E-5
<131,registrar0-0,transcript3-8,read> 6.926546095160526E-5
<132,registrar0-0,transcript3-9,read> 6.825735236286147E-5
<133,admissions0-0,application0-4,setStatus> 8.094887091755885E-5
<134,admissions0-0,application0-3,setStatus> 8.160855611349143E-5
<135,registrar0-0,roster5-1,read> 1.3573978015984228E-4
<136,registrar0-1,transcript2-14,read> 3.37870717179586E-4
<137,admissions0-0,stu0-15application0-15,read> 1.3683410229098632E-4
<138,registrar0-1,roster5-3,read> 1.1370375069134075E-4
<139,registrar0-1,roster5-2,read> 1.3587741571828753E-4
<140,admissions0-1,stu2-13application2-13,setStatus> 1.332711529657949E-4
<141,registrar0-1,roster5-1,read> 1.351128065794273E-4
<142,admissions0-1,stu0-12application0-12,setStatus> 6.621097157622326E-5
<143,admissions0-1,stu0-15application0-15,read> 1.3637104272316573E-4
<144,admissions4-0,stu0-7application0-7,setStatus> 1.2111116049418221E-4
<145,admissions0-0,stu0-14application0-14,read> 1.362535793185657E-4
<146,registrar4-0,roster1-3,write> 1.7388044001431267E-4
<147,registrar4-0,roster1-5,write> 1.7652794552444333E-4
<148,registrar4-0,roster1-4,write> 1.7321856363677998E-4
<149,registrar4-0,roster1-8,write> 1.8049920378963936E-4
<150,registrar0-0,roster5-7,read> 1.2268110760496945E-4
<151,registrar0-0,roster5-8,read> 1.2114479318674913E-4
<152,registrar0-0,roster5-5,read> 1.1807216435030846E-4
<153,registrar0-0,roster5-6,read> 1.1653584993208814E-4
<154,registrar0-0,roster5-4,read> 1.1346322109564748E-4
<155,registrar4-1,roster1-2,write> 1.7995301600571054E-4
<156,stu4-18,stu4-18application4-18,checkStatus> 1.1854230160730328E-4
<157,registrar4-1,roster1-9,write> 1.8398620422435994E-4
<158,registrar4-1,roster1-7,write> 1.8264180815147677E-4
<159,registrar4-1,roster1-5,write> 1.7928081796926896E-4
<160,admissions4-0,stu0-9application0-9,read> 1.0806007024568029E-4
<161,registrar4-1,roster1-6,write> 1.779364218963858E-4
<162,registrar4-1,roster1-3,write> 1.7659202582350273E-4
<163,registrar4-1,roster1-4,write> 1.7591982778706117E-4
<164,admissions2-1,stu2-0application2-0,read> 9.474913360760737E-5
<165,stu0-4,gradebook0-7,readScore> 5.042098879658857E-5
<166,admissions0-0,stu5-8application5-8,setStatus> 2.5246702186002657E-4
<167,admissions2-0,stu3-1application3-1,setStatus> 1.791893168006122E-4
<168,admissions2-0,stu2-0application2-0,read> 9.788782126334592E-5
<169,fac4-1,gradebook4-3,addScore> 4.2104691793051405E-4
<170,fac4-1,gradebook4-2,addScore> 4.146304041983887E-4
<171,admissions0-0,stu0-2application0-2,read> 9.699571330861855E-6
<172,admissions4-0,stu0-0application0-0,read> 1.1942397932847996E-4
<173,admissions4-1,application1-3,setStatus> 2.530146666134181E-5
<174,admissions4-1,application1-2,setStatus> 2.4735543828282906E-5
<175,admissions4-1,application1-4,setStatus> 1.6246701332399355E-5
<176,registrar2-1,transcript5-4,read> 3.104985124226282E-4
<177,registrar2-1,transcript5-5,read> 3.0944849631749316E-4
<178,admissions4-1,application1-1,setStatus> 2.3603698162165095E-5
<179,admissions0-1,stu4-10application4-10,read> 3.3966201024737587E-5
<180,admissions4-1,stu1-17application1-17,setStatus> 6.774567914075956E-5
<181,admissions4-0,stu4-2application4-2,read> 9.274349713408072E-5
<182,stu0-9,gradebook0-8,readScore> 4.956482374716028E-5
<183,admissions4-0,application1-4,setStatus> 1.6118522229185155E-5
<184,registrar2-0,transcript5-2,read> 3.070308594575362E-4
<185,admissions4-0,application1-3,setStatus> 2.5101849567366722E-5
<186,registrar2-0,transcript5-3,read> 3.059854997431113E-4
<187,admissions4-0,application1-2,setStatus> 2.4540391608730373E-5
<188,admissions0-1,stu4-2application4-2,setStatus> 1.234093615849755E-4
<189,registrar2-0,transcript5-0,read> 3.0494014002868647E-4
<190,admissions4-0,application1-1,setStatus> 2.341747569145768E-5
<191,admissions4-0,application1-0,setStatus> 2.2294559774184983E-5
<192,registrar2-0,transcript5-5,read> 3.08076219171961E-4
<193,admissions0-1,stu0-6application0-6,setStatus> 7.278549916343617E-5
<194,registrar0-0,transcript2-16,read> 3.4347099708991895E-4
<195,registrar0-0,transcript2-15,read> 3.4044667132368756E-4
<196,admissions0-0,stu0-6application0-6,setStatus> 7.303264856636804E-5
<197,registrar0-0,transcript2-14,read> 3.394385627349437E-4
<198,admissions0-1,stu2-11application2-11,setStatus> 8.987927089018973E-5
<199,registrar0-0,transcript2-13,read> 3.374223455574561E-4
<200,registrar2-0,transcript0-13,read> 3.4361844946240644E-4
<201,registrar0-0,transcript2-11,read> 3.354061283799685E-4
<202,admissions2-0,stu3-17application3-17,setStatus> 1.5802357960048808E-4
<203,registrar2-0,transcript0-10,read> 3.3943701060470694E-4
<204,admissions4-1,stu5-6application5-6,setStatus> 3.379030915722536E-5
<205,admissions0-0,stu4-10application4-10,read> 3.408153617252956E-5
<206,admissions4-0,stu1-17application1-17,setStatus> 6.721119646509283E-5
<207,admissions2-0,stu2-1application2-1,read> 1.1014166911604937E-4
<208,admissions4-1,stu1-16application1-16,setStatus> 1.2546980811276772E-4
<209,admissions4-1,stu2-6application2-6,read> 1.3929813253856201E-4
<210,registrar2-1,transcript0-16,read> 3.367489150510031E-4
<211,admissions4-1,stu1-9application1-9,read> 1.5125042277276603E-4
<212,admissions0-0,stu2-11application2-11,setStatus> 9.018446366061481E-5
<213,registrar2-1,transcript0-18,read> 3.3464888284073313E-4
<214,registrar0-1,transcript2-17,read> 3.4489488256582164E-4
<215,registrar0-1,transcript2-12,read> 3.3486036058548495E-4
<216,admissions0-1,stu5-4application5-4,setStatus> 8.198983778553424E-5
<217,registrar2-1,transcript0-11,read> 3.398989633664081E-4
<218,stu0-8,gradebook0-4,readScore> 2.9125249920784368E-5
<219,registrar2-1,transcript0-14,read> 3.440990277869481E-4
<220,registrar0-1,transcript2-19,read> 3.489086913579563E-4
<221,registrar2-1,transcript0-19,read> 3.3359886673559817E-4
<222,admissions4-0,stu4-10application4-10,read> 2.9006789669682515E-5
<223,registrar4-1,roster0-1,read> 2.317227679060304E-4
<224,registrar2-1,transcript1-14,read> 4.064437340293386E-5
<225,stu0-19,gradebook0-9,readMyScores> 1.4031790345121443E-5
<226,registrar0-1,transcript3-15,read> 3.509155957540237E-4
<227,registrar2-1,transcript1-15,read> 3.749432508752887E-5
<228,stu0-19,gradebook0-7,readMyScores> 1.783987909285166E-5
<229,admissions4-1,stu0-16application0-16,read> 1.1887963672179677E-4
<230,registrar2-1,transcript1-13,read> 3.959435729779886E-5
<231,stu0-19,gradebook0-5,readMyScores> 2.0021933228892588E-5
<232,registrar2-1,transcript1-19,read> 3.434427677212387E-5
<233,registrar2-1,transcript1-16,read> 3.8544341192663866E-5
<234,stu0-19,gradebook0-3,readMyScores> 2.6525595807056728E-5
<235,registrar2-1,transcript1-17,read> 3.539429287725887E-5
<236,admissions0-1,stu1-6application1-6,read> 2.9337733603339707E-5
<237,registrar4-0,roster0-1,read> 2.2816464479039075E-4
<238,admissions0-1,stu4-5application4-5,setStatus> 1.0171342054717293E-4
<239,admissions0-0,stu2-15application2-15,read> 4.1047811841577486E-5
<240,stu0-5,gradebook0-3,readScore> 2.69931335596846E-5
<241,admissions0-0,stu1-15application1-15,setStatus> 1.8385976148303941E-4
<242,admissions0-0,stu5-4application5-4,setStatus> 8.2268241309424E-5
<243,registrar4-0,roster0-6,read> 2.363553649623576E-4
<244,admissions0-0,stu0-5application0-5,setStatus> 2.1288591010407243E-4
<245,admissions4-0,stu5-19application5-19,setStatus> 3.520809282282099E-5
<246,stu0-18,gradebook0-8,readMyScores> 2.2448600087149116E-5
<247,stu0-18,gradebook0-2,readMyScores> 1.6515441737914016E-5
<248,admissions4-1,stu3-7application3-7,read> 1.432822292832967E-4
<249,admissions0-1,stu3-12application3-12,setStatus> 9.25090819250749E-5
<250,stu0-18,gradebook0-5,readMyScores> 2.011571277563213E-5
<251,registrar2-0,transcript4-5,read> 2.171299240169978E-4
<252,registrar4-1,roster0-3,read> 2.335713125062447E-4
<253,registrar4-1,roster0-4,read> 2.3819267400678048E-4
<254,admissions4-0,stu5-6application5-6,setStatus> 3.352371894691194E-5
<255,admissions2-0,stu2-14application2-14,setStatus> 6.0549789863074366E-5
<256,admissions0-1,stu2-15application2-15,read> 4.0908902156834414E-5
<257,registrar4-1,roster0-9,read> 2.5667812000892346E-4
<258,registrar4-1,roster0-5,read> 2.3726840170667333E-4
<259,registrar4-1,roster0-6,read> 2.4004121860699478E-4
<260,stu0-3,gradebook0-3,readScore> 2.680665249882322E-5
<261,admissions0-1,stu1-3application1-3,read> 1.600919382578299E-4
<262,stu0-17,gradebook0-4,readMyScores> 2.9933643112778065E-5
<263,stu0-17,gradebook0-5,readMyScores> 1.98343741354135E-5
<264,registrar0-0,transcript3-10,read> 3.585926259210759E-4
<265,registrar2-0,transcript1-10,read> 4.778165028016984E-5
<266,admissions0-1,application5-0,setStatus> 2.470104802245781E-4
<267,admissions0-1,application5-2,setStatus> 2.48982838500742E-4
<268,admissions4-1,stu4-10application4-10,read> 2.923745996526648E-5
<269,stu0-16,gradebook0-9,readMyScores> 1.396606767371572E-5
<270,registrar2-0,transcript1-19,read> 3.41919739926466E-5
<271,admissions4-1,stu4-2application4-2,read> 9.348101997411318E-5
<272,registrar2-0,transcript1-15,read> 3.73280531359212E-5
<273,registrar0-0,transcript3-16,read> 3.5153586579986934E-4
<274,registrar2-0,transcript1-16,read> 3.837341285034606E-5
<275,registrar2-0,transcript1-17,read> 3.523733370707147E-5
<276,registrar2-0,transcript1-18,read> 3.628269342149633E-5
<277,registrar2-0,transcript1-11,read> 4.255485170804552E-5
<278,stu0-16,gradebook0-4,readMyScores> 3.0075173340261652E-5
<279,registrar0-0,transcript3-12,read> 3.555683001548445E-4
<280,registrar2-0,transcript1-12,read> 4.464557113689525E-5
<281,registrar2-0,transcript1-13,read> 3.941877256477092E-5
<282,admissions2-1,application5-2,setStatus> 2.0417438199636396E-4
<283,registrar2-0,transcript1-14,read> 4.046413227919579E-5
<284,stu0-16,gradebook0-7,readMyScores> 1.7756319940191935E-5
<285,registrar0-1,transcript3-11,read> 3.549294045461583E-4
<286,admissions2-1,stu2-8application2-8,setStatus> 2.122613857942175E-4
<287,registrar2-1,transcript1-11,read> 4.274440561320386E-5
<288,registrar0-1,transcript3-10,read> 3.569363089422256E-4
<289,registrar2-1,transcript1-10,read> 4.799448613887884E-5
<290,admissions0-0,application5-4,setStatus> 2.5312670705595903E-4
<291,admissions0-0,application5-3,setStatus> 2.511476514681614E-4
<292,admissions0-0,stu1-6application1-6,read> 2.9437352393164287E-5
<293,admissions0-0,application5-2,setStatus> 2.4982828107629625E-4
<294,admissions0-0,application5-1,setStatus> 2.485089106844311E-4
<295,admissions2-1,stu4-6application4-6,setStatus> 6.346051591371198E-5
<296,stu0-15,gradebook0-3,readMyScores> 2.602862914088236E-5
<297,admissions0-0,stu5-14application5-14,setStatus> 4.268712955346992E-5
<298,stu0-15,gradebook0-2,readMyScores> 1.6130466406027907E-5
<299,registrar0-0,roster3-7,write> 9.425056180869887E-5
<300,registrar0-0,roster3-6,write> 9.369190202025511E-5
<301,admissions2-0,stu0-13application0-13,setStatus> 1.8364526147432252E-4
<302,registrar0-0,roster3-4,write> 9.033994328959259E-5
<303,registrar0-0,roster3-9,write> 9.536788138558639E-5
<304,registrar0-0,roster3-8,write> 9.480922159714263E-5
<305,registrar0-0,roster3-3,write> 9.201592265492384E-5
<306,admissions2-1,stu2-16application2-16,read> 9.712132138831111E-5
<307,registrar0-0,roster3-1,write> 8.978128350114881E-5
<308,stu0-14,gradebook0-5,readMyScores> 1.9740594588673955E-5
<309,admissions0-1,stu5-14application5-14,setStatus> 4.254267226225682E-5
<310,admissions0-1,stu3-0application3-0,read> 8.661501794313851E-5
<311,admissions4-0,stu2-3application2-3,read> 6.309851691808157E-5
<312,admissions0-0,stu3-9application3-9,setStatus> 1.0799596395079413E-4
<313,registrar2-1,roster4-8,write> 7.66389087435617E-5
<314,registrar2-1,roster4-6,write> 8.478527803740439E-5
<315,registrar2-1,roster4-1,write> 1.0456931775102233E-4
<316,admissions2-1,stu2-14application2-14,setStatus> 5.860831363499984E-5
<317,registrar2-1,roster4-5,write> 8.01302098694943E-5
<318,registrar2-1,roster4-4,write> 8.129397691147182E-5
<319,stu0-8,gradebook0-1,readMyScores> 3.517527836185063E-5
<320,registrar2-1,roster4-2,write> 1.0515120127201111E-4
<321,admissions2-1,stu5-9application5-9,read> 2.4532375298777544E-5
<322,stu0-13,gradebook0-1,readMyScores> 2.4953402598577797E-5
<323,admissions2-1,stu4-12application4-12,setStatus> 1.7560030191061469E-4
<324,admissions0-1,stu2-2application2-2,read> 3.107340888636391E-5
<325,stu0-13,gradebook0-7,readMyScores> 1.73385241768933E-5
<326,admissions4-1,stu2-3application2-3,read> 6.36002943886031E-5
<327,stu0-13,gradebook0-9,readMyScores> 1.3637454316687115E-5
<328,admissions0-1,stu3-9application3-9,setStatus> 1.0763049537566455E-4
<329,admissions0-0,stu4-5application4-5,setStatus> 1.0205879718740102E-4
<330,admissions2-0,stu5-9application5-9,read> 2.5345041975341607E-5
<331,admissions4-1,stu2-10application2-10,read> 1.2087168509416411E-4
<332,admissions4-0,stu3-0application3-0,setStatus> 8.405493522418327E-5
<333,stu0-12,gradebook0-2,readMyScores> 1.6053471339650686E-5
<334,stu0-12,gradebook0-7,readMyScores> 1.7422083329553026E-5
<335,admissions2-0,stu0-17application0-17,setStatus> 2.075959640955156E-4
<336,admissions2-0,stu0-2application0-2,read> 8.189654981556797E-6
<337,admissions2-1,stu5-5application5-5,read> 8.336263226022956E-5
<338,admissions4-1,stu4-6application4-6,setStatus> 6.661383347464176E-5
<339,fac0-4,gradebook0-8,addScore> 6.348495190589064E-5
<340,stu0-11,gradebook0-3,readMyScores> 2.5531662474707995E-5
<341,stu0-11,gradebook0-1,readMyScores> 2.4712887874736084E-5
<342,stu0-11,gradebook0-2,readMyScores> 1.582248614051902E-5
<343,admissions4-0,stu0-18application0-18,setStatus> 2.1992776121417944E-4
<344,admissions2-1,stu3-17application3-17,setStatus> 1.5295669127662472E-4
<345,admissions0-1,stu2-19application2-19,setStatus> 1.5233728296871227E-4
<346,admissions0-0,stu5-17application5-17,setStatus> 1.660482611928601E-4
<347,admissions2-0,stu5-5application5-5,read> 8.612412732475063E-5
<348,admissions0-0,stu4-4application4-4,setStatus> 1.8122102069930915E-4
<349,stu0-10,gradebook0-8,readMyScores> 2.161135626105498E-5
<350,stu0-10,gradebook0-9,readMyScores> 1.3571731645281396E-5
<351,fac0-3,gradebook0-7,addScore> 6.52264586437671E-5
<352,stu0-10,gradebook0-6,readMyScores> 2.87109455943634E-5
<353,stu0-10,gradebook0-7,readMyScores> 1.7254965024233573E-5
<354,registrar4-1,transcript1-13,read> 4.5739822953776506E-5
<355,admissions0-0,stu2-2application2-2,read> 3.1178921310426264E-5
<356,admissions2-0,stu4-12application4-12,setStatus> 1.8141728913746735E-4
<357,admissions0-0,stu2-19application2-19,setStatus> 1.5285455727420875E-4
<358,registrar0-1,roster3-2,write> 8.825443060359495E-5
<359,registrar0-1,roster3-3,write> 9.159090684589415E-5
<360,registrar0-1,roster3-4,write> 8.992266872474458E-5
<361,admissions2-0,stu2-16application2-16,read> 1.0033859083388664E-4
<362,registrar0-1,roster3-9,write> 9.492738308819336E-5
<363,registrar0-1,roster3-5,write> 9.270306559332722E-5
<364,admissions0-1,stu5-17application5-17,setStatus> 1.654863381431381E-4
<365,registrar0-1,roster3-6,write> 9.325914496704376E-5
<366,registrar0-1,roster3-8,write> 9.437130371447682E-5
<367,admissions0-1,stu4-4application4-4,setStatus> 1.8060775159372774E-4
<368,admissions0-0,stu1-18application1-18,setStatus> 1.475770757067482E-4
<369,admissions0-1,stu5-7application5-7,setStatus> 1.164239260235618E-5
<370,registrar0-0,roster3-5,read> 1.280582080687406E-4
<371,admissions2-1,stu2-19application2-19,setStatus> 1.2492174477739905E-4
<372,stu5-14,transcript5-14,read> 1.274783472758598E-4
<373,admissions2-0,stu4-16application4-16,read> 1.4739336658826783E-4
<374,admissions2-1,stu0-2application0-2,read> 7.927060833851568E-6
<375,admissions0-1,stu1-18application1-18,setStatus> 1.4707766089894195E-4
<376,admissions4-1,stu3-6application3-6,read> 1.8660928138228636E-4
<377,admissions2-1,stu1-2application1-2,setStatus> 1.685915652858083E-4
<378,admissions2-1,stu0-7application0-7,setStatus> 1.162956073930219E-4
<379,stu4-6,gradebook4-7,readMyScores> 1.0026982456192E-4
<380,admissions2-1,stu3-18application3-18,setStatus> 1.70208966045379E-4
<381,admissions0-0,stu3-19application3-19,read> 1.7572914144317053E-4
<382,admissions2-0,stu5-1application5-1,setStatus> 3.381412182081232E-5
<383,admissions4-0,stu3-5application3-5,read> 1.075659872420803E-4
<384,admissions0-0,stu5-15application5-15,setStatus> 5.3242092688391E-5
<385,fac4-1,gradebook4-3,readScore> 1.55122548711242E-4
<386,stu3-6,transcript3-6,read> 3.952448595441164E-4
<387,admissions2-0,stu3-18application3-18,setStatus> 1.7584735829532947E-4
<388,admissions0-0,stu0-10application0-10,setStatus> 2.570848182315545E-4
<389,stu4-5,gradebook4-9,readMyScores> 1.6241133301928007E-4
<390,stu4-5,gradebook4-6,readMyScores> 1.0800559663785668E-4
<391,stu4-5,gradebook4-4,readMyScores> 1.618426618716995E-4
<392,admissions2-1,stu5-12application5-12,setStatus> 9.311286317250836E-5
<393,admissions0-1,stu0-14application0-14,read> 1.3579248429549103E-4
<394,stu3-7,transcript3-7,read> 3.902862204280376E-4
<395,fac4-2,gradebook4-4,readScore> 1.5567137318424798E-4
<396,fac2-4,gradebook2-9,assignGrade> 7.857861669966231E-4
<397,fac4-2,gradebook4-5,readScore> 9.755861923948037E-5
<398,registrar0-0,transcript1-11,read> 4.103842046677887E-5
<399,registrar0-0,transcript1-12,read> 4.305463764426647E-5
<400,registrar0-0,transcript1-10,read> 4.607896341049787E-5
<401,registrar0-0,transcript1-15,read> 3.599787752305987E-5
<402,stu4-4,gradebook4-5,readMyScores> 1.2161914745096777E-4
<403,registrar0-0,transcript1-16,read> 3.7005986111803666E-5
<404,registrar0-0,transcript1-13,read> 3.8014094700547465E-5
<405,stu4-4,gradebook4-7,readMyScores> 9.80374722525637E-5
<406,admissions2-0,stu3-11application3-11,setStatus> 1.3741483548457777E-4
<407,registrar0-0,transcript1-14,read> 3.9022203289291264E-5
<408,registrar0-0,transcript1-19,read> 3.297355175682846E-5
<409,registrar0-0,transcript1-17,read> 3.398166034557227E-5
<410,registrar0-0,transcript1-18,read> 3.498976893431607E-5
<411,fac3-3,gradebook3-6,assignGrade> 1.720667999435518E-4
<412,admissions2-0,stu5-12application5-12,setStatus> 9.619734725275708E-5
<413,admissions2-0,stu0-7application0-7,setStatus> 1.2014804987395016E-4
<414,stu4-3,gradebook4-8,readMyScores> 1.25213636600575E-4
<415,stu4-3,gradebook4-6,readMyScores> 1.0562749175775708E-4
<416,stu3-9,transcript3-9,read> 3.3574119015117044E-4
<417,admissions4-0,stu3-3application3-3,read> 1.8365476979647816E-4
<418,admissions2-0,application5-0,setStatus> 2.0926694334815694E-4
<419,fac4-4,gradebook4-9,readScore> 1.2967001605003716E-4
<420,admissions2-0,stu5-9application5-9,setStatus> 2.8801184062888192E-5
<421,admissions4-0,stu2-11application2-11,read> 6.754526395048144E-5
<422,admissions2-1,stu3-0application3-0,setStatus> 8.071279068246625E-5
<423,admissions4-0,stu2-1application2-1,setStatus> 1.2616428212190934E-4
<424,admissions2-1,stu5-9application5-9,setStatus> 2.7877699203156305E-5
<425,admissions0-1,stu3-1application3-1,setStatus> 2.1150803125362838E-4
<426,admissions2-0,stu3-10application3-10,setStatus> 5.665083827357782E-5
<427,registrar2-1,transcript3-11,read> 3.7139944652045805E-4
<428,registrar2-1,roster5-1,write> 1.0282366718805605E-4
<429,stu3-18,gradebook3-4,addScore> 2.0330256977166647E-4
<430,stu4-9,gradebook4-8,readMyScores> 1.3179146366401983E-4
<431,stu4-9,gradebook4-7,readMyScores> 1.043624704624065E-4
<432,registrar2-1,roster5-3,write> 8.653092860037068E-5
<433,registrar2-1,roster5-4,write> 8.594904507938192E-5

