<0,app5-3,application5-3,checkStatus> null
<1,fac0-4,gradebook0-9,addScore> null
<2,stu2-12,transcript2-12,read> null
<3,stu5-7,transcript5-7,read> null
<4,stu3-14,stu3-14application3-14,checkStatus> null
<5,admissions2-1,stu2-14application2-14,read> null
<6,stu2-4,gradebook2-3,readMyScores> null
<7,admissions2-0,stu1-16application1-16,setStatus> null
<8,fac0-4,roster0-9,read> null
<9,stu4-13,stu4-13application4-13,checkStatus> null
<10,admissions0-1,stu5-17application5-17,setStatus> null
<11,registrar0-1,transcript4-13,read> null
<12,fac2-0,gradebook2-1,changeScore> null
<13,fac2-3,gradebook2-6,changeScore> null
<14,admissions2-0,application5-3,setStatus> null
<15,stu0-10,stu0-10application0-10,checkStatus> null
<16,registrar4-1,transcript2-0,read> null
<17,stu2-14,gradebook2-4,readMyScores> null
<18,stu5-8,transcript5-8,read> null
<19,chair2,transcript2-11,read> null
<20,stu3-2,transcript3-2,read> null
<21,chair0,transcript0-1,read> null
<22,admissions0-0,application4-1,read> null
<23,admissions0-1,stu2-5application2-5,setStatus> null
<24,admissions2-1,stu2-19application2-19,read> null
<25,stu1-3,stu1-3application1-3,checkStatus> null
<26,chair5,transcript5-9,read> null
<27,admissions2-0,stu2-3application2-3,setStatus> null
<28,fac2-0,roster2-1,read> null
<29,fac1-0,roster1-1,read> null
<30,fac4-4,gradebook4-9,addScore> null
<31,chair4,transcript4-13,read> null
<32,stu4-12,transcript4-12,read> null
<33,fac0-0,roster0-1,read> null
<34,chair4,transcript4-8,read> null
<35,admissions0-1,stu3-11application3-11,read> null
<36,registrar4-1,transcript3-11,read> null
<37,registrar4-1,transcript1-4,read> null
<38,stu4-9,transcript4-9,read> null
<39,chair0,transcript0-19,read> null
<40,chair5,transcript5-7,read> null
<41,registrar4-1,roster1-4,read> null
<42,stu0-14,stu0-14application0-14,checkStatus> null
<43,app4-2,application4-2,checkStatus> null
<44,admissions4-1,application4-3,setStatus> null
<45,stu2-18,stu2-18application2-18,checkStatus> null
<46,admissions4-0,stu0-19application0-19,setStatus> null
<47,chair4,transcript4-10,read> null
<48,chair0,transcript0-12,read> null
<49,app4-0,application4-0,checkStatus> null
<50,fac3-3,roster3-7,read> null
<51,chair0,transcript0-18,read> null
<52,admissions4-0,stu4-18application4-18,read> null
<53,stu4-8,stu4-8application4-8,checkStatus> null
<54,stu4-8,transcript4-8,read> null
<55,stu2-13,transcript2-13,read> null
<56,registrar2-1,transcript3-16,read> null
<57,registrar2-1,transcript4-5,read> null
<58,stu0-13,stu0-13application0-13,checkStatus> null
<59,fac2-1,roster2-2,read> null
<60,fac2-2,gradebook2-5,changeScore> null
<61,registrar2-1,transcript4-9,read> null
<62,stu4-10,gradebook4-9,readMyScores> null
<63,stu1-4,gradebook1-2,readMyScores> null
<64,chair5,transcript5-3,read> null
<65,registrar4-0,transcript3-17,read> null
<66,fac2-4,gradebook2-8,changeScore> null
<67,app3-3,application3-3,checkStatus> null
<68,admissions0-1,stu2-11application2-11,setStatus> null
<69,registrar0-1,transcript1-12,read> null
<70,stu0-4,gradebook0-3,readMyScores> null
<71,fac0-2,roster0-4,read> null
<72,admissions2-0,stu5-0application5-0,read> null
<73,fac1-2,roster1-5,read> null
<74,registrar4-1,transcript0-12,read> null
<75,fac4-2,roster4-5,read> null
<76,admissions4-0,application1-3,read> null
<77,stu4-15,transcript4-15,read> null
<78,stu4-5,transcript4-5,read> null
<79,stu2-8,stu2-8application2-8,checkStatus> null
<80,chair1,transcript1-0,read> null
<81,chair2,transcript2-18,read> null
<82,registrar4-1,roster4-2,write> null
<83,fac0-1,roster0-2,read> null
<84,registrar2-1,transcript0-0,read> null
<85,stu2-5,stu2-5application2-5,checkStatus> null
<86,stu2-17,transcript2-17,read> null
<87,registrar4-0,transcript5-9,read> null
<88,admissions0-1,stu4-8application4-8,read> null
<89,fac4-1,gradebook4-2,changeScore> null
<90,stu3-19,stu3-19application3-19,checkStatus> null
<91,admissions4-0,stu5-3application5-3,read> null
<92,fac2-2,gradebook2-4,assignGrade> null
<93,fac4-2,gradebook4-4,changeScore> null
<94,fac2-1,gradebook2-3,changeScore> null
<95,admissions0-1,stu5-8application5-8,setStatus> null
<96,registrar4-1,transcript1-1,read> null
<97,fac2-0,gradebook2-1,addScore> null
<98,registrar4-0,transcript1-1,read> null
<99,registrar0-1,transcript4-14,read> null
<100,admissions2-0,stu0-0application0-0,setStatus> null
<101,stu1-0,transcript1-0,read> null
<102,stu1-3,transcript1-3,read> null
<103,chair2,transcript2-13,read> null
<104,stu5-16,gradebook5-4,readMyScores> null
<105,stu2-12,gradebook2-7,addScore> null
<106,registrar4-1,roster4-1,write> null
<107,stu3-15,transcript3-15,read> null
<108,fac0-4,roster0-8,read> null
<109,stu3-1,stu3-1application3-1,checkStatus> null
<110,fac4-1,gradebook4-3,assignGrade> null
<111,admissions0-1,application5-0,setStatus> null
<112,registrar0-0,transcript2-14,read> null
<113,registrar2-1,roster1-3,write> null
<114,registrar2-1,transcript5-8,read> null
<115,stu3-9,transcript3-9,read> null
<116,registrar4-0,transcript1-4,read> null
<117,admissions2-1,stu4-3application4-3,read> null
<118,fac2-4,gradebook2-9,changeScore> null
<119,admissions4-1,stu1-0application1-0,read> null
<120,stu1-15,stu1-15application1-15,checkStatus> null
<121,chair2,transcript2-16,read> null
<122,stu4-1,transcript4-1,read> null
<123,registrar4-0,transcript2-14,read> null
<124,admissions4-0,stu4-3application4-3,setStatus> null
<125,fac4-1,gradebook4-3,changeScore> null
<126,fac2-2,gradebook2-4,addScore> null
<127,fac0-0,gradebook0-1,changeScore> null
<128,registrar4-1,transcript5-5,read> null
<129,admissions4-0,stu4-10application4-10,setStatus> null
<130,chair2,transcript2-15,read> null
<131,stu2-19,transcript2-19,read> null
<132,registrar2-0,transcript3-19,read> null
<133,registrar4-1,transcript2-14,read> null
<134,registrar2-1,transcript5-9,read> null
<135,fac2-1,gradebook2-3,assignGrade> null
<136,admissions0-1,stu1-9application1-9,read> null
<137,stu0-15,stu0-15application0-15,checkStatus> null
<138,fac2-3,roster2-7,read> null
<139,admissions0-1,application4-1,setStatus> null
<140,stu1-6,transcript1-6,read> null
<141,fac2-2,gradebook2-4,changeScore> null
<142,registrar0-0,roster4-2,write> null
<143,app2-4,application2-4,checkStatus> null
<144,registrar2-1,transcript2-14,read> null
<145,admissions0-0,stu0-9application0-9,setStatus> null
<146,fac3-2,gradebook3-4,readScore> null
<147,stu4-17,transcript4-17,read> null
<148,stu4-5,stu4-5application4-5,checkStatus> null
<149,registrar4-0,transcript0-7,read> null
<150,fac0-1,roster0-3,read> null
<151,registrar4-1,roster4-8,write> null
<152,registrar4-1,roster2-7,write> null
<153,stu0-17,stu0-17application0-17,checkStatus> null
<154,chair1,transcript1-2,read> null
<155,stu3-17,transcript3-17,read> null
<156,fac2-3,gradebook2-7,addScore> null
<157,registrar4-0,roster3-5,read> null
<158,registrar4-1,transcript0-13,read> null
<159,fac2-2,gradebook2-5,addScore> null
<160,registrar0-1,transcript3-10,read> null
<161,stu4-18,gradebook4-6,readMyScores> null
<162,registrar4-0,roster1-3,write> null
<163,registrar4-1,transcript4-11,read> null
<164,fac4-2,gradebook4-4,addScore> null
<165,stu2-17,gradebook2-8,addScore> null
<166,chair4,transcript4-11,read> null
<167,registrar0-1,transcript2-11,read> null
<168,fac5-3,gradebook5-6,changeScore> null
<169,registrar2-1,transcript0-6,read> null
<170,stu3-14,transcript3-14,read> null
<171,chair4,transcript4-12,read> null
<172,registrar0-0,transcript2-12,read> null
<173,registrar0-1,roster0-5,read> null
<174,registrar0-0,transcript3-16,read> null
<175,registrar2-0,roster1-8,read> null
<176,fac0-3,roster0-6,read> null
<177,app4-3,application4-3,checkStatus> null
<178,registrar2-0,transcript4-18,read> null
<179,stu1-12,stu1-12application1-12,checkStatus> null
<180,admissions2-1,stu0-17application0-17,setStatus> null
<181,registrar4-1,roster4-6,write> null
<182,stu2-9,gradebook2-5,readMyScores> null
<183,stu0-19,transcript0-19,read> null
<184,registrar2-1,roster4-1,write> null
<185,stu5-9,transcript5-9,read> null
<186,stu3-10,transcript3-10,read> null
<187,fac4-1,roster4-2,read> null
<188,chair4,transcript4-16,read> null
<189,fac4-2,roster4-4,read> null
<190,stu1-9,stu1-9application1-9,checkStatus> null
<191,fac3-4,roster3-9,read> null
<192,registrar4-0,roster4-7,read> null
<193,chair4,transcript4-19,read> null
<194,chair3,transcript3-0,read> null
<195,registrar0-0,roster1-1,read> null
<196,chair5,transcript5-2,read> null
<197,admissions0-1,stu0-4application0-4,read> null
<198,fac4-3,gradebook4-7,addScore> null
<199,stu5-5,transcript5-5,read> null
<200,stu4-3,stu4-3application4-3,checkStatus> null
<201,admissions2-1,application1-0,setStatus> null
<202,admissions2-1,application3-3,setStatus> null
<203,registrar2-1,transcript3-17,read> null
<204,stu1-10,stu1-10application1-10,checkStatus> null
<205,admissions4-0,stu4-1application4-1,read> null
<206,fac2-4,roster2-8,read> null
<207,stu5-13,stu5-13application5-13,checkStatus> null
<208,admissions0-1,stu5-16application5-16,read> null
<209,admissions4-0,stu1-13application1-13,read> null
<210,registrar4-1,transcript0-18,read> null
<211,registrar2-0,transcript1-9,read> null
<212,admissions2-0,stu0-17application0-17,read> null
<213,fac4-0,gradebook4-1,readScore> null
<214,admissions4-1,stu4-17application4-17,setStatus> null
<215,registrar4-0,transcript2-18,read> null
<216,registrar0-1,transcript4-2,read> null
<217,app2-2,application2-2,checkStatus> null
<218,fac2-3,gradebook2-6,addScore> null
<219,registrar4-1,transcript3-19,read> null
<220,registrar0-1,transcript1-3,read> null
<221,fac5-1,gradebook5-2,assignGrade> null
<222,registrar0-1,transcript3-4,read> null
<223,admissions2-1,stu0-15application0-15,read> null
<224,chair1,transcript1-1,read> null
<225,stu3-14,gradebook3-1,readMyScores> null
<226,fac3-4,gradebook3-8,readScore> null
<227,stu3-7,stu3-7application3-7,checkStatus> null
<228,chair4,transcript4-15,read> null
<229,stu1-14,stu1-14application1-14,checkStatus> null
<230,fac1-1,gradebook1-3,addScore> null
<231,registrar2-0,transcript2-5,read> null
<232,admissions0-1,application5-1,read> null
<233,fac1-3,roster1-7,read> null
<234,fac1-1,roster1-2,read> null
<235,stu5-5,stu5-5application5-5,checkStatus> null
<236,stu5-17,stu5-17application5-17,checkStatus> null
<237,fac3-2,roster3-4,read> null
<238,admissions4-1,stu4-11application4-11,read> null
<239,admissions2-0,stu2-7application2-7,read> null
<240,fac5-4,roster5-8,read> null
<241,stu3-6,stu3-6application3-6,checkStatus> null
<242,stu2-18,transcript2-18,read> null
<243,admissions0-1,application3-1,setStatus> null
<244,registrar2-0,transcript1-8,read> null
<245,registrar0-0,transcript2-0,read> null
<246,chair4,transcript4-4,read> null
<247,admissions4-1,stu1-19application1-19,setStatus> null
<248,stu0-14,gradebook0-2,readMyScores> null
<249,admissions0-1,application5-3,setStatus> null
<250,stu1-11,stu1-11application1-11,checkStatus> null
<251,app2-1,application2-1,checkStatus> null
<252,stu5-3,stu5-3application5-3,checkStatus> null
<253,fac5-1,roster5-3,read> null
<254,registrar4-0,transcript4-13,read> null
<255,admissions0-0,stu5-11application5-11,setStatus> null
<256,admissions4-1,stu4-14application4-14,setStatus> null
<257,admissions4-0,stu2-8application2-8,read> null
<258,stu0-13,transcript0-13,read> null
<259,fac1-1,roster1-3,read> null
<260,fac1-4,roster1-9,read> null
<261,admissions2-1,stu1-18application1-18,setStatus> null
<262,admissions2-1,stu5-18application5-18,setStatus> null
<263,stu4-11,stu4-11application4-11,checkStatus> null
<264,fac3-4,gradebook3-9,addScore> null
<265,stu2-7,transcript2-7,read> null
<266,registrar2-0,roster1-4,write> null
<267,admissions4-0,stu5-0application5-0,read> null
<268,registrar2-0,transcript3-14,read> null
<269,chair5,transcript5-0,read> null
<270,admissions2-0,stu0-4application0-4,setStatus> null
<271,chair0,transcript0-11,read> null
<272,app3-4,application3-4,checkStatus> null
<273,registrar0-0,roster5-7,read> null
<274,chair3,transcript3-19,read> null
<275,stu2-11,stu2-11application2-11,checkStatus> null
<276,admissions4-0,application3-1,setStatus> null
<277,registrar2-0,transcript1-14,read> null
<278,registrar4-1,transcript0-16,read> null
<279,admissions0-0,application4-2,setStatus> null
<280,admissions2-0,stu1-13application1-13,read> null
<281,stu4-18,transcript4-18,read> null
<282,registrar0-1,roster0-2,write> null
<283,stu1-5,transcript1-5,read> null
<284,stu2-0,transcript2-0,read> null
<285,app5-1,application5-1,checkStatus> null
<286,chair1,transcript1-3,read> null
<287,fac5-0,roster5-1,read> null
<288,registrar0-0,transcript3-13,read> null
<289,admissions0-0,application4-4,setStatus> null
<290,stu0-19,stu0-19application0-19,checkStatus> null
<291,stu2-14,transcript2-14,read> null
<292,registrar4-0,roster5-7,read> null
<293,fac4-0,gradebook4-1,changeScore> null
<294,admissions0-0,stu3-15application3-15,setStatus> null
<295,stu1-8,transcript1-8,read> null
<296,stu3-11,transcript3-11,read> null
<297,admissions2-1,stu5-1application5-1,read> null
<298,registrar2-1,roster1-1,write> null
<299,fac5-1,gradebook5-2,changeScore> null
<300,admissions4-1,stu5-0application5-0,read> null
<301,admissions0-1,stu4-13application4-13,read> null
<302,admissions0-0,stu1-3application1-3,read> null
<303,fac2-0,gradebook2-1,readScore> null
<304,admissions0-0,stu3-18application3-18,read> null
<305,admissions4-0,stu1-16application1-16,setStatus> null
<306,stu1-4,stu1-4application1-4,checkStatus> null
<307,admissions0-0,stu4-12application4-12,setStatus> null
<308,admissions4-0,stu4-5application4-5,read> null
<309,registrar4-1,transcript4-15,read> null
<310,fac4-4,roster4-9,read> null
<311,fac4-4,gradebook4-9,changeScore> null
<312,chair0,transcript0-15,read> null
<313,registrar2-0,transcript4-4,read> null
<314,registrar2-1,roster1-8,write> null
<315,fac1-3,roster1-6,read> null
<316,registrar0-1,roster3-5,write> null
<317,fac4-3,gradebook4-6,changeScore> null
<318,stu5-4,stu5-4application5-4,checkStatus> null
<319,fac3-2,gradebook3-5,changeScore> null
<320,registrar2-1,transcript3-6,read> null
<321,registrar4-0,transcript3-19,read> null
<322,stu3-18,stu3-18application3-18,checkStatus> null
<323,registrar2-1,roster3-4,write> null
<324,fac2-3,gradebook2-7,changeScore> null
<325,admissions4-1,stu2-15application2-15,read> null
<326,chair2,transcript2-7,read> null
<327,stu4-4,transcript4-4,read> null
<328,admissions2-1,stu0-9application0-9,setStatus> null
<329,stu3-4,stu3-4application3-4,checkStatus> null
<330,registrar2-0,roster2-3,write> null
<331,admissions2-0,stu4-13application4-13,setStatus> null
<332,stu4-16,transcript4-16,read> null
<333,admissions2-1,stu3-1application3-1,read> null
<334,admissions0-0,stu4-6application4-6,read> null
<335,stu0-3,stu0-3application0-3,checkStatus> null
<336,admissions2-1,stu1-17application1-17,read> null
<337,registrar4-0,roster3-2,write> null
<338,stu5-10,stu5-10application5-10,checkStatus> null
<339,fac0-3,roster0-7,read> null
<340,stu1-16,stu1-16application1-16,checkStatus> null
<341,registrar2-1,transcript4-13,read> null
<342,registrar2-1,roster2-8,write> null
<343,registrar4-1,transcript0-14,read> null
<344,admissions0-0,stu4-1application4-1,setStatus> null
<345,admissions0-1,stu2-1application2-1,read> null
<346,registrar2-0,roster0-9,write> null
<347,registrar0-1,roster2-8,write> null
<348,chair3,transcript3-17,read> null
<349,stu1-7,transcript1-7,read> null
<350,registrar0-0,roster1-1,write> null
<351,fac2-0,gradebook2-1,assignGrade> null
<352,stu4-2,stu4-2application4-2,checkStatus> null
<353,admissions4-0,stu3-1application3-1,read> null
<354,stu5-13,gradebook5-7,readMyScores> null
<355,registrar4-0,roster1-9,read> null
<356,app2-0,application2-0,checkStatus> null
<357,stu3-3,stu3-3application3-3,checkStatus> null
<358,admissions2-0,stu3-4application3-4,setStatus> null
<359,registrar4-0,transcript4-12,read> null
<360,admissions4-0,stu4-0application4-0,setStatus> null
<361,registrar0-0,roster1-5,write> null
<362,admissions2-0,stu1-2application1-2,setStatus> null
<363,fac5-1,gradebook5-3,assignGrade> null
<364,chair4,transcript4-7,read> null
<365,registrar0-0,roster1-4,write> null
<366,app4-4,application4-4,checkStatus> null
<367,app3-0,application3-0,checkStatus> null
<368,fac1-3,gradebook1-6,changeScore> null
<369,registrar0-0,roster1-3,write> null
<370,chair5,transcript5-8,read> null
<371,registrar4-1,transcript2-8,read> null
<372,admissions0-1,stu2-8application2-8,setStatus> null
<373,admissions2-1,stu0-11application0-11,read> null
<374,stu4-0,stu4-0application4-0,checkStatus> null
<375,stu3-12,transcript3-12,read> null
<376,registrar0-0,roster1-2,write> null
<377,registrar2-1,transcript3-14,read> null
<378,chair1,transcript1-10,read> null
<379,admissions0-1,stu2-6application2-6,setStatus> null
<380,chair3,transcript3-16,read> null
<381,fac1-0,gradebook1-1,changeScore> null
<382,registrar2-1,roster0-2,read> null
<383,registrar0-1,roster0-7,write> null
<384,app1-2,application1-2,checkStatus> null
<385,registrar4-1,transcript2-15,read> null
<386,fac4-2,gradebook4-5,changeScore> null
<387,registrar0-0,roster1-9,write> null
<388,stu5-0,transcript5-0,read> null
<389,stu2-10,transcript2-10,read> null
<390,admissions0-0,stu5-0application5-0,read> null
<391,admissions0-1,stu3-2application3-2,setStatus> null
<392,admissions4-0,stu2-9application2-9,setStatus> null
<393,admissions4-1,stu4-3application4-3,setStatus> null
<394,stu0-16,stu0-16application0-16,checkStatus> null
<395,stu5-9,gradebook5-9,readMyScores> null
<396,registrar2-1,transcript0-19,read> null
<397,stu1-2,transcript1-2,read> null
<398,admissions4-1,stu2-14application2-14,read> null
<399,registrar4-1,roster1-9,read> null
<400,chair0,transcript0-14,read> null
<401,fac3-3,roster3-6,read> null
<402,stu3-9,gradebook3-6,readMyScores> null
<403,stu4-17,stu4-17application4-17,checkStatus> null
<404,stu2-2,transcript2-2,read> null
<405,registrar2-0,roster0-6,read> null
<406,fac0-1,gradebook0-3,changeScore> null
<407,registrar2-0,transcript5-5,read> null
<408,admissions2-1,application4-3,read> null
<409,stu5-3,transcript5-3,read> null
<410,admissions4-0,stu3-13application3-13,read> null
<411,stu2-15,transcript2-15,read> null
<412,registrar0-0,transcript2-5,read> null
<413,registrar0-0,roster1-8,write> null
<414,registrar4-1,roster1-1,read> null
<415,stu5-4,transcript5-4,read> null
<416,chair3,transcript3-4,read> null
<417,registrar2-1,transcript3-12,read> null
<418,admissions2-1,stu2-6application2-6,setStatus> null
<419,registrar0-0,roster1-7,write> null
<420,fac3-1,gradebook3-2,changeScore> null
<421,registrar4-1,transcript3-15,read> null
<422,registrar0-0,roster1-6,write> null
<423,admissions0-0,application5-2,read> null
<424,stu5-0,stu5-0application5-0,checkStatus> null
<425,chair1,transcript1-4,read> null
<426,stu0-5,stu0-5application0-5,checkStatus> null
<427,registrar4-0,roster1-6,write> null
<428,admissions2-1,stu5-3application5-3,setStatus> null
<429,registrar2-1,transcript1-2,read> null
<430,admissions2-0,stu3-19application3-19,setStatus> null
<431,app0-1,application0-1,checkStatus> null
<432,registrar4-0,transcript0-16,read> null
<433,stu0-11,stu0-11application0-11,checkStatus> null
<434,registrar2-1,transcript2-0,read> null
<435,registrar0-0,transcript3-14,read> null
<436,admissions4-0,stu2-1application2-1,read> null
<437,chair3,transcript3-8,read> null
<438,admissions0-0,stu1-13application1-13,setStatus> null
<439,stu0-14,transcript0-14,read> null
<440,registrar4-1,roster5-6,write> null
<441,admissions0-0,stu0-3application0-3,setStatus> null
<442,stu2-9,stu2-9application2-9,checkStatus> null
<443,stu1-18,transcript1-18,read> null
<444,registrar2-1,roster5-9,read> null
<445,stu2-3,stu2-3application2-3,checkStatus> null
<446,admissions4-0,application4-4,read> null
<447,registrar0-0,transcript2-15,read> null
<448,admissions2-1,stu4-13application4-13,setStatus> null
<449,stu0-11,gradebook0-7,readMyScores> null
<450,stu4-11,gradebook4-3,addScore> null
<451,fac3-2,roster3-5,read> null
<452,admissions0-0,application3-3,setStatus> null
<453,admissions0-0,stu2-7application2-7,setStatus> null
<454,admissions0-0,stu4-18application4-18,read> null
<455,admissions4-0,stu1-14application1-14,setStatus> null
<456,registrar2-1,roster0-5,write> null
<457,fac1-2,roster1-4,read> null
<458,admissions0-1,stu1-13application1-13,setStatus> null
<459,admissions2-1,stu5-15application5-15,read> null
<460,stu0-19,gradebook0-1,addScore> null
<461,registrar4-0,transcript2-17,read> null
<462,registrar2-1,transcript3-11,read> null
<463,admissions2-1,stu1-2application1-2,setStatus> null
<464,registrar0-0,transcript2-6,read> null
<465,admissions4-1,stu5-11application5-11,setStatus> null
<466,admissions4-0,stu3-9application3-9,read> null
<467,fac0-4,gradebook0-8,assignGrade> null
<468,stu2-11,transcript2-11,read> null
<469,app1-0,application1-0,checkStatus> null
<470,fac1-4,roster1-8,read> null
<471,fac2-1,gradebook2-2,changeScore> null
<472,stu2-2,gradebook2-9,addScore> null
<473,admissions2-1,stu2-17application2-17,setStatus> null
<474,admissions0-0,application3-4,setStatus> null
<475,admissions2-0,stu0-0application0-0,read> null
<476,stu4-11,transcript4-11,read> null
<477,admissions4-0,stu3-15application3-15,setStatus> null
<478,stu2-7,gradebook2-5,readMyScores> null
<479,admissions0-1,stu4-7application4-7,setStatus> null
<480,registrar0-0,transcript1-6,read> null
<481,app5-4,application5-4,checkStatus> null
<482,admissions4-0,stu2-19application2-19,setStatus> null
<483,fac5-3,roster5-7,read> null
<484,admissions0-1,stu4-18application4-18,read> null
<485,admissions4-1,stu5-2application5-2,setStatus> null
<486,stu1-11,transcript1-11,read> null
<487,registrar4-1,transcript4-16,read> null
<488,stu0-12,transcript0-12,read> null
<489,fac5-1,gradebook5-2,addScore> null
<490,admissions0-1,application5-0,read> null
<491,stu4-7,gradebook4-6,addScore> null
<492,fac5-1,gradebook5-3,addScore> null
<493,stu4-1,stu4-1application4-1,checkStatus> null
<494,chair0,transcript0-4,read> null
<495,admissions2-0,stu2-5application2-5,read> null
<496,stu4-13,transcript4-13,read> null
<497,admissions4-1,stu1-16application1-16,read> null
<498,admissions2-1,stu1-13application1-13,read> null
<499,chair5,transcript5-6,read> null
<500,fac1-4,gradebook1-8,addScore> null
<501,admissions2-1,application0-3,read> null
<502,admissions4-1,stu0-2application0-2,read> null
<503,admissions4-1,stu1-8application1-8,read> null
<504,admissions4-0,stu4-4application4-4,read> null
<505,registrar2-1,transcript4-15,read> null
<506,chair0,transcript0-10,read> null
<507,admissions2-1,stu4-11application4-11,setStatus> null
<508,admissions0-1,stu3-13application3-13,read> null
<509,registrar2-0,roster3-7,write> null
<510,stu0-8,stu0-8application0-8,checkStatus> null
<511,chair4,transcript4-2,read> null
<512,admissions0-0,stu2-1application2-1,read> null
<513,admissions2-1,stu0-3application0-3,setStatus> null
<514,registrar2-1,transcript2-19,read> null
<515,admissions0-0,stu4-7application4-7,setStatus> null
<516,registrar0-1,transcript2-3,read> null
<517,stu2-15,gradebook2-5,readMyScores> null
<518,stu2-7,stu2-7application2-7,checkStatus> null
<519,registrar4-1,roster0-4,write> null
<520,stu0-4,stu0-4application0-4,checkStatus> null
<521,fac4-4,gradebook4-9,assignGrade> null
<522,admissions4-1,stu4-5application4-5,read> null
<523,admissions0-0,stu1-16application1-16,read> null
<524,admissions0-1,stu3-15application3-15,setStatus> null
<525,admissions2-1,stu0-3application0-3,read> null
<526,fac2-1,gradebook2-2,addScore> null
<527,admissions2-0,stu2-17application2-17,setStatus> null
<528,registrar2-1,transcript2-16,read> null
<529,stu2-11,gradebook2-6,readMyScores> null
<530,registrar0-0,transcript2-2,read> null
<531,fac5-1,roster5-2,read> null
<532,admissions0-0,stu3-4application3-4,setStatus> null
<533,stu1-0,stu1-0application1-0,checkStatus> null
<534,stu1-8,stu1-8application1-8,checkStatus> null
<535,registrar2-0,roster4-3,read> null
<536,registrar2-0,transcript3-9,read> null
<537,registrar2-1,transcript2-18,read> null
<538,registrar4-0,roster2-9,read> null
<539,admissions4-1,stu4-0application4-0,setStatus> null
<540,stu1-14,gradebook1-2,readMyScores> null
<541,registrar4-1,transcript0-1,read> null
<542,registrar2-0,transcript2-19,read> null
<543,registrar4-1,transcript1-9,read> null
<544,stu1-13,stu1-13application1-13,checkStatus> null
<545,chair4,transcript4-3,read> null
<546,fac4-1,gradebook4-2,addScore> null
<547,stu2-0,stu2-0application2-0,checkStatus> null
<548,chair2,transcript2-0,read> null
<549,admissions2-0,stu5-17application5-17,setStatus> null
<550,chair2,transcript2-9,read> null
<551,fac2-3,gradebook2-6,assignGrade> null
<552,registrar4-0,transcript3-16,read> null
<553,admissions4-1,stu2-19application2-19,setStatus> null
<554,admissions2-1,stu3-19application3-19,setStatus> null
<555,stu2-5,transcript2-5,read> null
<556,admissions4-0,stu0-5application0-5,setStatus> null
<557,admissions0-0,stu4-3application4-3,setStatus> null
<558,stu5-4,gradebook5-8,readMyScores> null
<559,fac2-4,gradebook2-8,readScore> null
<560,admissions4-1,stu2-6application2-6,read> null
<561,admissions2-1,stu1-1application1-1,setStatus> null
<562,stu0-0,stu0-0application0-0,checkStatus> null
<563,admissions4-1,stu3-13application3-13,read> null
<564,registrar2-1,transcript5-4,read> null
<565,fac3-1,gradebook3-3,changeScore> null
<566,stu1-18,stu1-18application1-18,checkStatus> null
<567,fac1-4,gradebook1-9,changeScore> null
<568,registrar2-1,transcript0-11,read> null
<569,chair0,transcript0-8,read> null
<570,registrar4-0,transcript1-8,read> null
<571,registrar0-0,transcript5-7,read> null
<572,chair0,transcript0-17,read> null
<573,fac5-0,gradebook5-1,addScore> null
<574,fac1-1,gradebook1-2,changeScore> null
<575,admissions2-1,stu2-10application2-10,setStatus> null
<576,stu0-10,transcript0-10,read> null
<577,chair4,transcript4-14,read> null
<578,registrar2-1,transcript2-5,read> null
<579,registrar2-1,transcript2-4,read> null
<580,registrar2-1,transcript2-7,read> null
<581,admissions0-1,stu2-19application2-19,read> null
<582,admissions2-0,application0-0,read> null
<583,stu0-5,transcript0-5,read> null
<584,registrar2-1,transcript2-6,read> null
<585,admissions4-1,stu3-7application3-7,setStatus> null
<586,registrar2-0,roster0-2,write> null
<587,app3-2,application3-2,checkStatus> null
<588,registrar0-0,transcript2-18,read> null
<589,registrar4-1,transcript3-13,read> null
<590,chair0,transcript0-13,read> null
<591,registrar2-1,transcript2-9,read> null
<592,stu0-18,stu0-18application0-18,checkStatus> null
<593,registrar0-1,roster2-2,write> null
<594,registrar0-0,transcript5-8,read> null
<595,chair2,transcript2-19,read> null
<596,fac4-4,roster4-8,read> null
<597,registrar2-1,transcript2-8,read> null
<598,registrar0-1,roster2-1,read> null
<599,registrar4-1,roster3-2,read> null
<600,admissions4-0,stu0-2application0-2,read> null
<601,app1-1,application1-1,checkStatus> null
<602,stu3-8,stu3-8application3-8,checkStatus> null
<603,chair3,transcript3-14,read> null
<604,admissions2-0,stu4-3application4-3,setStatus> null
<605,admissions0-1,stu4-11application4-11,setStatus> null
<606,admissions2-0,stu2-10application2-10,setStatus> null
<607,stu4-10,transcript4-10,read> null
<608,registrar4-1,transcript0-10,read> null
<609,stu5-6,transcript5-6,read> null
<610,admissions4-0,stu3-6application3-6,read> null
<611,admissions4-0,stu1-8application1-8,setStatus> null
<612,admissions4-0,stu4-9application4-9,setStatus> null
<613,admissions0-0,stu5-10application5-10,read> null
<614,fac5-2,gradebook5-5,changeScore> null
<615,fac5-3,gradebook5-7,addScore> null
<616,registrar4-0,transcript2-10,read> null
<617,registrar4-0,roster3-9,read> null
<618,admissions4-0,stu2-6application2-6,setStatus> null
<619,admissions4-1,stu4-1application4-1,read> null
<620,registrar4-1,roster4-2,read> null
<621,admissions2-0,stu3-14application3-14,setStatus> null
<622,fac5-3,gradebook5-6,addScore> null
<623,registrar2-1,transcript2-1,read> null
<624,registrar2-1,transcript2-2,read> null
<625,registrar2-1,transcript2-3,read> null
<626,registrar0-1,transcript4-3,read> null
<627,registrar2-0,transcript2-6,read> null
<628,fac4-3,gradebook4-7,readScore> null
<629,admissions0-1,stu4-6application4-6,read> null
<630,admissions0-0,stu2-19application2-19,read> null
<631,admissions0-0,application5-0,setStatus> null
<632,registrar2-0,transcript2-4,read> null
<633,registrar2-0,transcript2-3,read> null
<634,registrar0-0,transcript5-1,read> null
<635,registrar2-0,transcript2-9,read> null
<636,chair2,transcript2-10,read> null
<637,registrar2-0,transcript2-8,read> null
<638,admissions0-0,stu5-17application5-17,read> null
<639,admissions0-0,stu5-3application5-3,setStatus> null
<640,registrar4-1,transcript1-6,read> null
<641,registrar2-0,transcript2-7,read> null
<642,registrar2-0,transcript4-16,read> null
<643,stu2-16,transcript2-16,read> null
<644,registrar4-1,transcript4-17,read> null
<645,stu2-4,gradebook2-7,readMyScores> null
<646,admissions2-1,stu1-5application1-5,setStatus> null
<647,admissions0-1,stu5-10application5-10,read> null
<648,fac5-2,gradebook5-4,addScore> null
<649,fac5-2,gradebook5-5,addScore> null
<650,chair1,transcript1-7,read> null
<651,chair2,transcript2-8,read> null
<652,registrar4-1,transcript2-19,read> null
<653,admissions2-1,stu3-14application3-14,setStatus> null
<654,registrar0-1,transcript4-12,read> null
<655,admissions2-1,stu0-11application0-11,setStatus> null
<656,registrar2-0,transcript2-1,read> null
<657,admissions2-0,stu1-0application1-0,read> null
<658,registrar0-1,transcript4-5,read> null
<659,stu0-8,transcript0-8,read> null
<660,fac4-1,roster4-3,read> null
<661,registrar2-0,transcript0-11,read> null
<662,stu2-4,gradebook2-6,readMyScores> null
<663,registrar2-0,transcript2-2,read> null
<664,chair3,transcript3-15,read> null
<665,admissions0-0,stu0-17application0-17,setStatus> null
<666,fac0-2,gradebook0-4,addScore> null
<667,registrar2-0,transcript2-0,read> null
<668,registrar2-1,transcript2-13,read> null
<669,admissions0-1,stu0-3application0-3,setStatus> null
<670,stu2-1,stu2-1application2-1,checkStatus> null
<671,app1-3,application1-3,checkStatus> null
<672,registrar0-1,transcript4-18,read> null
<673,chair2,transcript2-12,read> null
<674,fac3-4,gradebook3-9,changeScore> null
<675,stu3-15,stu3-15application3-15,checkStatus> null
<676,admissions4-0,stu2-3application2-3,setStatus> null
<677,admissions2-1,stu2-12application2-12,setStatus> null
<678,stu3-6,gradebook3-4,addScore> null
<679,admissions4-1,stu1-5application1-5,read> null
<680,registrar0-1,transcript5-7,read> null
<681,fac4-2,gradebook4-5,assignGrade> null
<682,registrar0-0,roster4-9,read> null
<683,admissions0-0,stu1-0application1-0,read> null
<684,admissions4-0,stu3-16application3-16,read> null
<685,admissions0-0,application3-0,setStatus> null
<686,admissions4-1,stu3-4application3-4,setStatus> null
<687,registrar2-0,roster4-5,write> null
<688,admissions2-1,stu1-16application1-16,read> null
<689,admissions0-0,application3-2,setStatus> null
<690,chair1,transcript1-6,read> null
<691,admissions2-0,stu5-18application5-18,read> null
<692,registrar4-1,transcript0-7,read> null
<693,chair4,transcript4-6,read> null
<694,admissions2-0,stu4-19application4-19,read> null
<695,admissions0-1,stu3-9application3-9,read> null
<696,registrar4-1,transcript2-1,read> null
<697,admissions0-1,stu5-1application5-1,setStatus> null
<698,stu3-17,stu3-17application3-17,checkStatus> null
<699,admissions0-0,application3-1,setStatus> null
<700,registrar4-0,roster0-6,read> null
<701,admissions0-1,stu1-6application1-6,setStatus> null
<702,admissions4-0,stu2-12application2-12,setStatus> null
<703,fac4-1,gradebook4-3,addScore> null
<704,fac5-4,gradebook5-8,addScore> null
<705,stu5-18,stu5-18application5-18,checkStatus> null
<706,admissions4-1,stu4-2application4-2,read> null
<707,fac5-4,gradebook5-9,addScore> null
<708,admissions2-1,stu4-3application4-3,setStatus> null
<709,admissions0-1,application3-3,setStatus> null
<710,fac2-2,gradebook2-5,readScore> null
<711,stu3-16,transcript3-16,read> null
<712,admissions0-1,application3-2,setStatus> null
<713,chair3,transcript3-13,read> null
<714,registrar0-0,transcript1-5,read> null
<715,admissions4-1,stu3-16application3-16,read> null
<716,admissions0-1,application3-0,setStatus> null
<717,admissions2-0,stu5-2application5-2,read> null
<718,admissions0-1,application3-4,setStatus> null
<719,admissions2-0,stu3-3application3-3,setStatus> null
<720,admissions4-0,stu1-12application1-12,read> null
<721,registrar2-1,transcript1-11,read> null
<722,registrar0-0,transcript2-11,read> null
<723,stu2-1,transcript2-1,read> null
<724,registrar0-1,transcript4-1,read> null
<725,admissions0-0,stu0-16application0-16,setStatus> null
<726,admissions0-0,stu5-4application5-4,read> null
<727,admissions2-0,stu2-15application2-15,read> null
<728,stu0-17,transcript0-17,read> null
<729,admissions4-1,stu4-2application4-2,setStatus> null
<730,chair4,transcript4-5,read> null
<731,admissions4-1,stu3-16application3-16,setStatus> null
<732,admissions2-0,stu3-3application3-3,read> null
<733,stu2-5,gradebook2-9,addScore> null
<734,stu2-6,stu2-6application2-6,checkStatus> null
<735,admissions2-1,stu2-15application2-15,read> null
<736,registrar0-1,roster3-4,write> null
<737,stu0-18,transcript0-18,read> null
<738,admissions2-0,stu4-11application4-11,read> null
<739,registrar2-0,transcript1-1,read> null
<740,chair0,transcript0-16,read> null
<741,admissions4-0,stu2-7application2-7,read> null
<742,registrar2-1,transcript4-18,read> null
<743,stu2-1,gradebook2-4,readMyScores> null
<744,registrar2-1,roster0-2,write> null
<745,admissions4-0,stu3-0application3-0,read> null
<746,registrar4-0,transcript0-13,read> null
<747,registrar2-1,transcript5-2,read> null
<748,registrar0-1,transcript4-16,read> null
<749,stu4-2,transcript4-2,read> null
<750,stu5-2,transcript5-2,read> null
<751,stu2-12,gradebook2-5,readMyScores> null
<752,admissions2-1,stu0-6application0-6,read> null
<753,registrar4-1,roster0-1,read> null
<754,stu0-7,transcript0-7,read> null
<755,app4-1,application4-1,checkStatus> null
<756,admissions0-1,stu1-16application1-16,read> null
<757,admissions2-1,stu0-16application0-16,setStatus> null
<758,registrar4-0,transcript4-4,read> null
<759,fac2-2,roster2-5,read> null
<760,registrar4-0,transcript4-8,read> null
<761,registrar0-1,transcript3-3,read> null
<762,registrar0-1,transcript2-12,read> null
<763,admissions2-0,stu1-6application1-6,read> null
<764,stu4-4,stu4-4application4-4,checkStatus> null
<765,registrar0-0,roster5-5,write> null
<766,fac5-1,gradebook5-2,readScore> null
<767,stu3-5,stu3-5application3-5,checkStatus> null
<768,admissions0-0,stu3-12application3-12,read> null
<769,admissions2-1,stu5-8application5-8,read> null
<770,stu4-2,gradebook4-1,readMyScores> null
<771,registrar2-1,transcript4-17,read> null
<772,registrar4-1,transcript0-15,read> null
<773,admissions2-0,stu1-1application1-1,read> null
<774,chair3,transcript3-12,read> null
<775,admissions4-1,stu2-7application2-7,read> null
<776,registrar2-0,roster0-8,write> null
<777,registrar4-0,transcript5-7,read> null
<778,registrar4-1,transcript4-9,read> null
<779,admissions4-0,stu1-0application1-0,setStatus> null
<780,stu0-15,transcript0-15,read> null
<781,stu4-3,gradebook4-5,readMyScores> null
<782,chair3,transcript3-10,read> null
<783,admissions2-0,stu2-17application2-17,read> null
<784,admissions0-1,stu5-17application5-17,read> null
<785,fac2-4,roster2-9,read> null
<786,registrar4-1,transcript0-0,read> null
<787,admissions2-0,stu0-6application0-6,read> null
<788,admissions2-0,stu1-9application1-9,setStatus> null
<789,admissions4-1,stu3-0application3-0,read> null
<790,registrar0-1,transcript0-17,read> null
<791,chair1,transcript1-11,read> null
<792,admissions0-1,stu3-2application3-2,read> null
<793,registrar4-1,roster5-9,write> null
<794,registrar4-1,roster5-8,write> null
<795,registrar4-1,transcript1-5,read> null
<796,chair4,transcript4-18,read> null
<797,registrar4-1,roster5-7,write> null
<798,registrar4-1,roster5-2,write> null
<799,registrar4-1,roster5-1,write> null
<800,fac1-2,gradebook1-4,readScore> null
<801,admissions0-1,stu0-16application0-16,setStatus> null
<802,registrar4-1,roster5-5,write> null
<803,registrar4-1,roster5-4,write> null
<804,stu1-1,stu1-1application1-1,checkStatus> null
<805,admissions2-1,stu5-8application5-8,setStatus> null
<806,admissions0-1,application2-4,setStatus> null
<807,stu5-2,stu5-2application5-2,checkStatus> null
<808,admissions0-1,stu3-12application3-12,read> null
<809,registrar4-1,roster5-3,write> null
<810,registrar4-0,transcript2-2,read> null
<811,stu0-16,transcript0-16,read> null
<812,admissions2-1,stu2-8application2-8,read> null
<813,admissions2-1,stu2-17application2-17,read> null
<814,admissions4-0,stu4-2application4-2,setStatus> null
<815,stu4-14,transcript4-14,read> null
<816,chair1,transcript1-9,read> null
<817,registrar4-0,roster5-2,write> null
<818,stu4-19,transcript4-19,read> null
<819,stu4-11,gradebook4-4,readMyScores> null
<820,admissions4-1,stu0-12application0-12,read> null
<821,stu0-3,gradebook0-1,readScore> null
<822,admissions2-1,stu1-8application1-8,setStatus> null
<823,registrar4-0,roster5-3,write> null
<824,registrar4-0,roster5-4,write> null
<825,registrar4-1,transcript4-3,read> null
<826,fac0-2,roster0-5,read> null
<827,chair3,transcript3-18,read> null
<828,registrar4-0,roster5-5,write> null
<829,stu0-6,stu0-6application0-6,checkStatus> null
<830,stu2-6,transcript2-6,read> null
<831,registrar2-0,transcript2-12,read> null
<832,stu2-8,transcript2-8,read> null
<833,registrar0-1,roster1-2,read> null
<834,chair4,transcript4-9,read> null
<835,registrar4-1,roster1-7,read> null
<836,registrar0-0,transcript1-1,read> null
<837,registrar4-0,roster5-1,write> null
<838,registrar4-0,roster5-6,write> null
<839,registrar4-1,roster5-6,read> null
<840,registrar2-1,transcript4-14,read> null
<841,registrar4-0,roster5-7,write> null
<842,registrar4-0,roster5-8,write> null
<843,admissions0-1,stu3-4application3-4,setStatus> null
<844,registrar4-0,roster5-9,write> null
<845,stu1-0,gradebook1-3,addScore> null
<846,stu2-1,gradebook2-9,addScore> null
<847,admissions4-0,application3-1,read> null
<848,admissions0-1,stu2-13application2-13,read> null
<849,admissions2-1,stu1-6application1-6,read> null
<850,admissions0-1,stu3-8application3-8,setStatus> null
<851,registrar0-1,roster1-2,write> null
<852,registrar4-1,transcript3-12,read> null
<853,fac5-2,roster5-5,read> null
<854,admissions2-0,stu0-16application0-16,setStatus> null
<855,admissions2-1,stu2-10application2-10,read> null
<856,admissions2-0,stu5-19application5-19,setStatus> null
<857,admissions2-1,stu1-9application1-9,setStatus> null
<858,admissions4-1,stu0-12application0-12,setStatus> null
<859,app5-2,application5-2,checkStatus> null
<860,chair5,transcript5-19,read> null
<861,admissions0-0,stu1-14application1-14,read> null
<862,admissions0-0,stu2-13application2-13,read> null
<863,stu2-0,gradebook2-2,addScore> null
<864,fac1-1,gradebook1-2,addScore> null
<865,admissions2-1,stu5-19application5-19,setStatus> null
<866,registrar4-1,transcript0-8,read> null
<867,registrar0-0,transcript2-8,read> null
<868,fac5-4,gradebook5-8,readScore> null
<869,admissions4-0,stu4-2application4-2,read> null
<870,admissions4-1,stu4-17application4-17,read> null
<871,admissions0-1,stu1-8application1-8,read> null
<872,admissions0-0,stu1-2application1-2,read> null
<873,admissions2-0,stu3-10application3-10,setStatus> null
<874,admissions4-0,stu0-12application0-12,setStatus> null
<875,admissions2-1,stu3-15application3-15,setStatus> null
<876,admissions2-0,application2-4,read> null
<877,admissions4-1,stu0-17application0-17,setStatus> null
<878,registrar4-0,roster2-1,write> null
<879,admissions2-0,stu5-3application5-3,setStatus> null
<880,stu1-6,gradebook1-4,readMyScores> null
<881,admissions4-0,application5-0,read> null
<882,admissions0-0,stu1-15application1-15,setStatus> null
<883,registrar0-1,roster1-6,read> null
<884,registrar2-0,roster5-2,read> null
<885,admissions2-0,stu1-8application1-8,setStatus> null
<886,fac1-0,gradebook1-1,addScore> null
<887,registrar0-1,roster0-8,write> null
<888,admissions2-1,stu3-15application3-15,read> null
<889,admissions2-1,stu3-3application3-3,setStatus> null
<890,stu5-8,stu5-8application5-8,checkStatus> null
<891,fac5-1,gradebook5-3,changeScore> null
<892,admissions2-1,stu1-1application1-1,read> null
<893,admissions0-0,stu4-2application4-2,read> null
<894,admissions4-0,stu4-17application4-17,read> null
<895,registrar4-1,transcript5-8,read> null
<896,admissions0-1,stu1-14application1-14,setStatus> null
<897,stu1-4,transcript1-4,read> null
<898,stu4-12,gradebook4-3,readMyScores> null
<899,admissions0-1,stu5-11application5-11,setStatus> null
<900,admissions0-0,stu2-14application2-14,setStatus> null
<901,registrar2-0,transcript0-8,read> null
<902,admissions0-1,stu2-1application2-1,setStatus> null
<903,admissions2-1,application4-3,setStatus> null
<904,admissions0-0,application3-4,read> null
<905,admissions2-0,stu0-1application0-1,setStatus> null
<906,registrar0-0,roster3-8,read> null
<907,fac4-4,gradebook4-8,changeScore> null
<908,chair1,transcript1-8,read> null
<909,stu5-19,stu5-19application5-19,checkStatus> null
<910,admissions4-0,stu3-18application3-18,read> null
<911,admissions2-1,stu1-10application1-10,read> null
<912,stu0-9,stu0-9application0-9,checkStatus> null
<913,fac1-1,gradebook1-3,changeScore> null
<914,fac5-3,roster5-6,read> null
<915,admissions0-1,stu1-17application1-17,setStatus> null
<916,admissions4-0,application5-4,read> null
<917,admissions2-1,stu3-5application3-5,setStatus> null
<918,registrar0-0,transcript2-13,read> null
<919,registrar2-1,transcript5-3,read> null
<920,registrar2-1,roster2-1,write> null
<921,registrar2-1,roster2-3,write> null
<922,fac4-3,roster4-6,read> null
<923,admissions2-1,stu5-18application5-18,read> null
<924,stu5-15,transcript5-15,read> null
<925,registrar2-1,roster2-2,write> null
<926,registrar2-1,roster2-5,write> null
<927,registrar2-0,transcript0-13,read> null
<928,registrar2-1,roster5-4,write> null
<929,admissions4-1,stu3-18application3-18,read> null
<930,registrar0-1,roster1-7,read> null
<931,registrar0-1,roster4-5,write> null
<932,admissions0-0,application3-3,read> null
<933,admissions2-0,stu0-5application0-5,read> null
<934,registrar2-1,roster2-4,write> null
<935,chair3,transcript3-5,read> null
<936,admissions2-0,application3-3,read> null
<937,stu2-13,stu2-13application2-13,checkStatus> null
<938,stu3-0,stu3-0application3-0,checkStatus> null
<939,stu1-1,transcript1-1,read> null
<940,fac0-1,gradebook0-2,changeScore> null
<941,registrar2-1,roster2-7,write> null
<942,registrar2-0,roster3-3,write> null
<943,registrar4-0,roster2-1,read> null
<944,registrar2-1,roster2-6,write> null
<945,chair5,transcript5-1,read> null
<946,registrar2-1,roster2-9,write> null
<947,admissions2-0,stu5-17application5-17,read> null
<948,fac1-2,gradebook1-4,changeScore> null
<949,admissions4-0,stu0-2application0-2,setStatus> null
<950,admissions2-1,stu2-5application2-5,read> null
<951,admissions2-0,stu2-1application2-1,read> null
<952,registrar2-1,transcript0-13,read> null
<953,admissions0-0,stu5-18application5-18,read> null
<954,fac1-2,gradebook1-5,changeScore> null
<955,stu0-8,gradebook0-7,addScore> null
<956,fac3-1,gradebook3-3,readScore> null
<957,stu2-19,stu2-19application2-19,checkStatus> null
<958,admissions0-0,stu1-17application1-17,setStatus> null
<959,stu2-10,stu2-10application2-10,checkStatus> null
<960,admissions4-1,stu0-5application0-5,setStatus> null
<961,admissions0-1,stu2-19application2-19,setStatus> null
<962,admissions2-1,stu4-9application4-9,setStatus> null
<963,chair1,transcript1-5,read> null
<964,registrar0-0,transcript0-0,read> null
<965,registrar0-1,transcript1-0,read> null
<966,admissions4-0,stu1-10application1-10,read> null
<967,stu4-19,stu4-19application4-19,checkStatus> null
<968,registrar4-1,transcript0-5,read> null
<969,admissions0-0,stu4-10application4-10,setStatus> null
<970,admissions2-0,stu1-3application1-3,setStatus> null
<971,admissions2-1,stu0-18application0-18,read> null
<972,admissions2-1,stu0-8application0-8,setStatus> null
<973,stu1-2,stu1-2application1-2,checkStatus> null
<974,admissions4-1,stu0-2application0-2,setStatus> null
<975,registrar2-0,transcript2-15,read> null
<976,chair2,transcript2-14,read> null
<977,chair1,transcript1-13,read> null
<978,admissions4-1,stu5-14application5-14,setStatus> null
<979,registrar0-1,roster1-9,read> null
<980,registrar2-1,roster1-9,read> null
<981,fac2-2,gradebook2-5,assignGrade> null
<982,admissions2-1,stu3-17application3-17,read> null
<983,admissions2-1,stu1-8application1-8,read> null
<984,registrar4-0,roster4-6,read> null
<985,admissions2-1,stu0-1application0-1,setStatus> null
<986,admissions4-1,stu2-16application2-16,setStatus> null
<987,admissions0-1,stu5-3application5-3,read> null
<988,registrar4-0,roster1-7,write> null
<989,admissions2-0,stu4-9application4-9,setStatus> null
<990,admissions4-1,stu1-10application1-10,read> null
<991,admissions4-0,stu5-14application5-14,setStatus> null
<992,admissions4-0,stu2-16application2-16,setStatus> null
<993,admissions4-1,application2-4,read> null
<994,admissions4-1,application2-3,read> null
<995,admissions2-1,stu0-4application0-4,setStatus> null
<996,fac1-3,gradebook1-7,changeScore> null
<997,fac5-2,roster5-4,read> null
<998,admissions2-0,stu3-17application3-17,read> null
<999,admissions4-1,stu0-15application0-15,read> null
<1000,admissions4-1,stu1-0application1-0,setStatus> null
<1001,chair3,transcript3-11,read> null
<1002,registrar4-1,transcript2-9,read> null
<1003,admissions0-0,stu3-7application3-7,read> null
<1004,stu4-5,gradebook4-2,addScore> null
<1005,stu2-0,gradebook2-5,readMyScores> null
<1006,stu4-3,gradebook4-9,readScore> null
<1007,registrar4-1,roster1-2,read> null
<1008,stu3-18,transcript3-18,read> null
<1009,registrar0-1,transcript1-8,read> null
<1010,app0-4,application0-4,checkStatus> null
<1011,admissions2-0,stu2-16application2-16,setStatus> null
<1012,registrar2-0,roster1-1,read> null
<1013,admissions4-1,stu1-15application1-15,read> null
<1014,stu4-12,stu4-12application4-12,checkStatus> null
<1015,admissions0-0,stu4-11application4-11,read> null
<1016,admissions2-0,stu4-17application4-17,setStatus> null
<1017,admissions4-1,application2-1,read> null
<1018,chair2,transcript2-6,read> null
<1019,admissions2-0,stu5-2application5-2,setStatus> null
<1020,admissions4-1,application2-2,read> null
<1021,fac3-1,roster3-2,read> null
<1022,registrar4-1,transcript4-6,read> null
<1023,admissions4-1,application2-0,read> null
<1024,admissions4-0,application2-3,read> null
<1025,admissions4-0,application2-2,read> null
<1026,fac5-4,gradebook5-8,changeScore> null
<1027,admissions4-0,application2-4,read> null
<1028,admissions0-1,stu1-2application1-2,setStatus> null
<1029,admissions0-1,stu0-10application0-10,read> null
<1030,admissions0-0,stu3-3application3-3,read> null
<1031,admissions4-0,stu0-15application0-15,read> null
<1032,admissions0-1,stu5-15application5-15,read> null
<1033,stu0-3,gradebook0-1,addScore> null
<1034,admissions4-1,stu3-14application3-14,setStatus> null
<1035,admissions4-1,stu2-9application2-9,setStatus> null
<1036,admissions0-1,stu3-7application3-7,read> null
<1037,admissions2-0,stu2-1application2-1,setStatus> null
<1038,admissions2-0,stu2-4application2-4,setStatus> null
<1039,admissions0-1,stu4-11application4-11,read> null
<1040,stu2-9,gradebook2-3,addScore> null
<1041,registrar4-1,transcript3-3,read> null
<1042,admissions2-1,stu4-17application4-17,setStatus> null
<1043,admissions4-1,stu0-8application0-8,setStatus> null
<1044,admissions4-0,application2-0,read> null
<1045,stu5-6,stu5-6application5-6,checkStatus> null
<1046,admissions4-0,application2-1,read> null
<1047,registrar0-1,roster2-2,read> null
<1048,chair2,transcript2-17,read> null
<1049,registrar0-1,roster2-6,read> null
<1050,registrar0-1,roster2-5,read> null
<1051,registrar0-1,roster2-4,read> null
<1052,registrar0-1,roster2-3,read> null
<1053,stu2-16,stu2-16application2-16,checkStatus> null
<1054,registrar4-0,transcript2-12,read> null
<1055,registrar2-1,roster4-7,write> null
<1056,admissions0-0,stu0-10application0-10,read> null
<1057,registrar4-1,transcript5-3,read> null
<1058,chair5,transcript5-4,read> null
<1059,registrar2-0,roster2-9,write> null
<1060,fac1-3,gradebook1-6,addScore> null
<1061,admissions0-0,application0-4,setStatus> null
<1062,chair0,transcript0-3,read> null
<1063,admissions2-1,stu2-1application2-1,setStatus> null
<1064,admissions4-0,stu1-5application1-5,setStatus> null
<1065,registrar2-0,roster2-7,write> null
<1066,registrar2-0,roster2-8,write> null
<1067,registrar4-0,transcript5-4,read> null
<1068,registrar2-0,roster2-5,write> null
<1069,registrar0-0,roster2-8,read> null
<1070,registrar0-1,transcript2-4,read> null
<1071,fac0-1,gradebook0-2,assignGrade> null
<1072,admissions2-0,stu3-0application3-0,setStatus> null
<1073,registrar2-0,roster2-6,write> null
<1074,chair2,transcript2-2,read> null
<1075,registrar0-0,roster2-9,read> null
<1076,stu0-19,gradebook0-8,readMyScores> null
<1077,stu2-15,stu2-15application2-15,checkStatus> null
<1078,admissions4-1,application0-2,read> null
<1079,registrar0-0,roster2-6,read> null
<1080,admissions2-1,stu0-5application0-5,read> null
<1081,registrar2-0,roster2-4,write> null
<1082,registrar0-0,roster2-7,read> null
<1083,registrar4-0,transcript1-2,read> null
<1084,chair5,transcript5-5,read> null
<1085,registrar2-1,roster2-9,read> null
<1086,registrar2-0,roster2-1,write> null
<1087,admissions0-1,stu5-13application5-13,setStatus> null
<1088,admissions0-0,application5-1,setStatus> null
<1089,stu0-11,transcript0-11,read> null
<1090,registrar2-1,transcript2-11,read> null
<1091,admissions0-0,stu4-11application4-11,setStatus> null
<1092,admissions2-0,stu1-18application1-18,read> null
<1093,admissions2-1,application3-4,setStatus> null
<1094,admissions0-1,stu5-5application5-5,read> null
<1095,admissions0-1,stu5-18application5-18,read> null
<1096,registrar2-0,roster2-2,write> null
<1097,admissions4-1,stu3-15application3-15,setStatus> null
<1098,registrar2-0,transcript2-16,read> null
<1099,registrar0-0,roster2-1,read> null
<1100,registrar0-0,roster2-3,read> null
<1101,stu3-19,transcript3-19,read> null
<1102,registrar0-0,roster2-2,read> null
<1103,registrar0-0,roster2-5,read> null
<1104,admissions0-0,stu2-1application2-1,setStatus> null
<1105,admissions4-1,stu0-0application0-0,setStatus> null
<1106,registrar2-0,roster0-1,write> null
<1107,stu3-0,transcript3-0,read> null
<1108,admissions4-1,application0-0,read> null
<1109,registrar2-0,transcript0-16,read> null
<1110,registrar4-0,transcript4-0,read> null
<1111,registrar2-0,transcript0-1,read> null
<1112,registrar0-0,roster2-4,read> null
<1113,admissions0-0,stu5-2application5-2,read> null
<1114,stu4-5,gradebook4-6,readMyScores> null
<1115,stu0-5,gradebook0-2,addScore> null
<1116,fac1-4,gradebook1-8,changeScore> null
<1117,app3-1,application3-1,checkStatus> null
<1118,admissions2-1,stu5-2application5-2,setStatus> null
<1119,admissions0-0,stu5-5application5-5,read> null
<1120,registrar4-0,transcript2-16,read> null
<1121,stu3-13,transcript3-13,read> null
<1122,admissions2-0,application0-1,read> null
<1123,admissions2-0,application0-4,setStatus> null
<1124,admissions0-1,stu3-7application3-7,setStatus> null
<1125,admissions2-1,stu4-12application4-12,read> null
<1126,registrar4-0,transcript0-5,read> null
<1127,admissions2-1,stu4-11application4-11,read> null
<1128,admissions0-1,stu0-2application0-2,setStatus> null
<1129,admissions4-1,stu1-14application1-14,setStatus> null
<1130,admissions0-1,stu5-6application5-6,read> null
<1131,admissions0-1,stu1-4application1-4,setStatus> null
<1132,admissions4-1,stu3-3application3-3,setStatus> null
<1133,admissions2-0,application5-1,read> null
<1134,chair2,transcript2-3,read> null
<1135,admissions0-1,stu4-4application4-4,read> null
<1136,admissions2-0,stu0-12application0-12,read> null
<1137,registrar4-0,transcript4-1,read> null
<1138,admissions4-1,stu3-12application3-12,setStatus> null
<1139,admissions4-0,stu1-5application1-5,read> null
<1140,fac5-4,roster5-9,read> null
<1141,stu5-13,transcript5-13,read> null
<1142,registrar4-0,transcript2-19,read> null
<1143,registrar0-0,transcript4-8,read> null
<1144,app1-4,application1-4,checkStatus> null
<1145,fac3-2,gradebook3-5,addScore> null
<1146,admissions0-1,stu4-0application4-0,read> null
<1147,admissions2-1,stu3-14application3-14,read> null
<1148,stu4-17,gradebook4-5,readMyScores> null
<1149,admissions4-1,application4-2,setStatus> null
<1150,admissions2-0,application0-4,read> null
<1151,admissions2-0,application0-3,setStatus> null
<1152,admissions2-0,application0-2,setStatus> null
<1153,registrar4-0,transcript4-10,read> null
<1154,admissions2-0,application0-2,read> null
<1155,admissions0-0,application5-3,read> null
<1156,admissions2-0,application0-1,setStatus> null
<1157,stu4-17,gradebook4-3,readMyScores> null
<1158,stu3-12,gradebook3-2,readMyScores> null
<1159,admissions2-0,application0-3,read> null
<1160,registrar2-1,transcript0-12,read> null
<1161,fac2-2,roster2-4,read> null
<1162,admissions0-0,stu1-5application1-5,read> null
<1163,admissions2-0,stu0-17application0-17,setStatus> null
<1164,chair2,transcript2-5,read> null
<1165,chair4,transcript4-1,read> null
<1166,admissions2-0,application0-0,setStatus> null
<1167,fac2-4,gradebook2-8,addScore> null
<1168,fac3-0,gradebook3-1,addScore> null
<1169,fac4-3,roster4-7,read> null
<1170,stu1-17,stu1-17application1-17,checkStatus> null
<1171,registrar4-1,transcript5-6,read> null
<1172,admissions2-1,application0-0,read> null
<1173,admissions2-1,application0-2,read> null
<1174,stu4-7,stu4-7application4-7,checkStatus> null
<1175,admissions2-0,application3-2,read> null
<1176,admissions0-1,stu4-16application4-16,setStatus> null
<1177,admissions4-1,stu0-19application0-19,setStatus> null
<1178,admissions2-1,stu4-16application4-16,setStatus> null
<1179,admissions2-1,application0-1,read> null
<1180,stu4-15,gradebook4-9,readMyScores> null
<1181,chair2,transcript2-1,read> null
<1182,admissions0-1,stu1-3application1-3,read> null
<1183,admissions2-1,stu4-10application4-10,read> null
<1184,registrar0-1,roster2-9,read> null
<1185,admissions0-0,stu5-6application5-6,read> null
<1186,registrar0-1,roster2-8,read> null
<1187,registrar0-1,roster2-7,read> null
<1188,fac5-0,gradebook5-1,assignGrade> null
<1189,admissions0-0,application5-4,setStatus> null
<1190,registrar2-0,transcript0-0,read> null
<1191,admissions4-0,stu3-7application3-7,setStatus> null
<1192,admissions2-0,stu3-14application3-14,read> null
<1193,admissions2-1,application4-0,read> null
<1194,chair2,transcript2-4,read> null
<1195,stu4-16,gradebook4-7,readMyScores> null
<1196,registrar4-0,transcript4-3,read> null
<1197,admissions2-1,application0-0,setStatus> null
<1198,admissions0-0,stu2-0application2-0,setStatus> null
<1199,admissions0-0,stu1-6application1-6,setStatus> null
<1200,registrar2-1,roster5-8,write> null
<1201,stu4-16,gradebook4-4,readMyScores> null
<1202,registrar2-0,transcript1-0,read> null
<1203,stu4-16,gradebook4-3,readMyScores> null
<1204,stu5-3,gradebook5-7,readMyScores> null
<1205,registrar4-0,transcript3-12,read> null
<1206,admissions2-1,application0-2,setStatus> null
<1207,admissions2-1,stu4-6application4-6,read> null
<1208,registrar0-0,transcript2-17,read> null
<1209,admissions2-1,application0-1,setStatus> null
<1210,admissions2-1,stu5-13application5-13,read> null
<1211,registrar2-1,transcript1-4,read> null
<1212,admissions2-1,application0-4,read> null
<1213,admissions4-1,stu3-8application3-8,read> null
<1214,admissions2-1,application0-4,setStatus> null
<1215,admissions2-1,application0-3,setStatus> null
<1216,stu0-7,stu0-7application0-7,checkStatus> null
<1217,admissions4-1,stu4-0application4-0,read> null
<1218,stu5-5,gradebook5-5,readMyScores> null
<1219,stu3-9,gradebook3-3,addScore> null
<1220,registrar4-0,transcript5-8,read> null
<1221,admissions2-1,stu2-11application2-11,read> null
<1222,admissions2-0,stu1-15application1-15,read> null
<1223,admissions0-0,stu2-18application2-18,setStatus> null
<1224,registrar2-1,transcript0-18,read> null
<1225,stu4-19,gradebook4-1,readMyScores> null
<1226,fac2-1,roster2-3,read> null
<1227,admissions0-0,stu1-2application1-2,setStatus> null
<1228,stu4-3,transcript4-3,read> null
<1229,registrar0-1,transcript0-12,read> null
<1230,stu4-19,gradebook4-4,readMyScores> null
<1231,stu1-3,gradebook1-9,addScore> null
<1232,stu4-19,gradebook4-8,readMyScores> null
<1233,chair4,transcript4-17,read> null
<1234,stu0-0,gradebook0-7,addScore> null
<1235,registrar4-1,transcript4-18,read> null
<1236,stu4-19,gradebook4-9,readMyScores> null
<1237,admissions4-0,stu1-7application1-7,read> null
<1238,fac4-4,gradebook4-8,addScore> null
<1239,fac4-0,roster4-1,read> null
<1240,stu4-17,gradebook4-9,readMyScores> null
<1241,admissions0-0,stu0-2application0-2,setStatus> null
<1242,admissions0-1,stu0-13application0-13,setStatus> null
<1243,admissions2-1,stu0-12application0-12,read> null
<1244,admissions0-1,application3-3,read> null
<1245,admissions4-0,stu3-3application3-3,setStatus> null
<1246,fac4-0,gradebook4-1,addScore> null
<1247,admissions2-1,stu1-19application1-19,read> null
<1248,admissions2-0,stu2-11application2-11,read> null
<1249,registrar0-1,transcript3-1,read> null
<1250,registrar0-1,transcript1-6,read> null
<1251,stu4-18,gradebook4-2,readMyScores> null
<1252,admissions0-1,application5-3,read> null
<1253,admissions2-1,stu2-12application2-12,read> null
<1254,stu2-5,gradebook2-4,readMyScores> null
<1255,registrar0-1,roster0-9,read> null
<1256,fac4-2,gradebook4-5,addScore> null
<1257,stu4-18,gradebook4-8,readMyScores> null
<1258,registrar2-1,roster4-3,read> null
<1259,admissions0-0,stu3-10application3-10,setStatus> null
<1260,registrar2-1,roster4-4,read> null
<1261,registrar2-1,roster4-5,read> null
<1262,admissions0-1,stu0-18application0-18,read> null
<1263,admissions0-0,stu5-2application5-2,setStatus> null
<1264,registrar2-1,roster4-6,read> null
<1265,fac3-1,roster3-3,read> null
<1266,admissions0-0,stu4-1application4-1,read> null
<1267,registrar2-1,roster4-1,read> null
<1268,admissions4-1,stu5-18application5-18,read> null
<1269,registrar2-1,roster4-2,read> null
<1270,admissions0-0,stu0-19application0-19,read> null
<1271,registrar0-1,roster0-9,write> null
<1272,registrar0-1,roster0-6,write> null
<1273,registrar0-1,roster0-4,write> null
<1274,admissions2-1,application4-4,setStatus> null
<1275,registrar0-1,roster0-5,write> null
<1276,admissions2-0,stu0-15application0-15,setStatus> null
<1277,admissions0-0,stu5-3application5-3,read> null
<1278,registrar0-1,roster0-3,write> null
<1279,admissions0-1,stu3-3application3-3,read> null
<1280,registrar4-0,roster0-4,read> null
<1281,admissions4-1,stu1-7application1-7,read> null
<1282,registrar0-1,roster0-1,write> null
<1283,stu1-5,gradebook1-9,addScore> null
<1284,admissions0-0,stu3-7application3-7,setStatus> null
<1285,registrar2-0,roster4-7,read> null
<1286,registrar2-0,roster4-6,read> null
<1287,registrar2-0,roster4-9,read> null
<1288,registrar2-0,roster4-8,read> null
<1289,registrar2-0,roster4-4,read> null
<1290,registrar2-0,roster4-5,read> null
<1291,registrar2-0,roster4-2,read> null
<1292,admissions0-1,stu3-10application3-10,setStatus> null
<1293,admissions0-1,stu4-10application4-10,setStatus> null
<1294,admissions4-1,stu3-2application3-2,setStatus> null
<1295,stu1-5,stu1-5application1-5,checkStatus> null
<1296,admissions2-1,stu5-16application5-16,read> null
<1297,stu3-9,stu3-9application3-9,checkStatus> null
<1298,registrar2-0,roster4-1,read> null
<1299,admissions2-0,stu0-18application0-18,read> null
<1300,admissions2-1,stu0-15application0-15,setStatus> null
<1301,fac1-1,gradebook1-2,readScore> null
<1302,admissions4-1,stu1-17application1-17,read> null
<1303,admissions2-1,stu4-0application4-0,setStatus> null
<1304,admissions2-0,stu2-6application2-6,read> null
<1305,registrar4-0,transcript3-18,read> null
<1306,admissions2-1,stu1-15application1-15,read> null
<1307,admissions0-1,stu1-3application1-3,setStatus> null
<1308,stu1-6,gradebook1-2,addScore> null
<1309,admissions0-0,stu4-8application4-8,setStatus> null
<1310,registrar2-1,transcript1-9,read> null
<1311,admissions4-1,stu3-1application3-1,setStatus> null
<1312,admissions4-1,stu4-13application4-13,read> null
<1313,fac2-2,gradebook2-4,readScore> null
<1314,registrar4-1,roster0-8,write> null
<1315,admissions2-1,stu0-7application0-7,setStatus> null
<1316,admissions4-1,stu4-4application4-4,read> null
<1317,registrar4-1,transcript2-12,read> null
<1318,fac3-4,gradebook3-8,changeScore> null
<1319,fac5-2,gradebook5-5,readScore> null
<1320,admissions0-0,stu3-9application3-9,read> null
<1321,stu2-3,gradebook2-7,readMyScores> null
<1322,registrar4-0,transcript4-2,read> null
<1323,registrar4-0,transcript4-9,read> null
<1324,registrar4-0,transcript4-7,read> null
<1325,admissions0-0,stu4-15application4-15,setStatus> null
<1326,registrar4-0,transcript4-6,read> null
<1327,admissions4-1,stu5-1application5-1,read> null
<1328,registrar4-0,roster0-3,read> null
<1329,registrar0-0,roster0-5,read> null
<1330,fac2-3,gradebook2-7,readScore> null
<1331,registrar4-0,transcript4-5,read> null
<1332,admissions4-0,stu0-16application0-16,setStatus> null
<1333,admissions4-0,stu3-1application3-1,setStatus> null
<1334,admissions0-0,stu1-3application1-3,setStatus> null
<1335,admissions2-1,stu2-6application2-6,read> null
<1336,registrar0-0,roster0-7,write> null
<1337,registrar0-0,roster0-8,write> null
<1338,admissions4-0,stu4-13application4-13,read> null
<1339,registrar0-0,roster0-9,write> null
<1340,registrar4-0,roster3-8,write> null
<1341,admissions2-1,application5-3,read> null
<1342,registrar2-0,transcript1-7,read> null
<1343,admissions4-1,stu1-18application1-18,read> null
<1344,admissions0-1,stu4-1application4-1,read> null
<1345,stu3-8,gradebook3-9,readMyScores> null
<1346,stu4-0,transcript4-0,read> null
<1347,admissions0-0,stu4-4application4-4,read> null
<1348,stu1-8,gradebook1-1,addScore> null
<1349,registrar4-1,transcript4-0,read> null
<1350,admissions4-1,stu0-19application0-19,read> null
<1351,admissions2-0,stu5-8application5-8,read> null
<1352,registrar4-1,transcript4-1,read> null
<1353,registrar4-1,transcript4-2,read> null
<1354,registrar0-0,roster0-1,write> null
<1355,registrar0-0,roster0-2,write> null
<1356,stu1-9,transcript1-9,read> null
<1357,registrar0-0,roster0-3,write> null
<1358,registrar0-0,roster0-4,write> null
<1359,registrar0-0,roster0-5,write> null
<1360,registrar0-0,roster0-6,write> null
<1361,registrar4-1,transcript4-8,read> null
<1362,admissions2-1,stu0-0application0-0,read> null
<1363,registrar4-1,transcript4-5,read> null
<1364,admissions0-0,stu1-14application1-14,setStatus> null
<1365,registrar4-1,transcript4-4,read> null
<1366,registrar4-1,transcript4-7,read> null
<1367,fac3-1,gradebook3-2,readScore> null
<1368,registrar2-0,transcript0-10,read> null
<1369,admissions0-1,stu4-15application4-15,setStatus> null
<1370,admissions0-1,stu2-7application2-7,setStatus> null
<1371,admissions2-1,stu0-0application0-0,setStatus> null
<1372,registrar2-1,roster4-9,read> null
<1373,registrar2-1,roster4-8,read> null
<1374,registrar2-1,roster4-7,read> null
<1375,admissions0-0,stu4-0application4-0,read> null
<1376,stu3-10,gradebook3-5,readMyScores> null
<1377,registrar2-1,transcript3-7,read> null
<1378,registrar2-1,roster0-7,read> null
<1379,admissions4-0,application3-3,setStatus> null
<1380,registrar4-0,transcript5-5,read> null
<1381,fac5-4,gradebook5-9,readScore> null
<1382,admissions0-1,stu5-14application5-14,read> null
<1383,fac4-3,gradebook4-7,changeScore> null
<1384,registrar2-1,transcript3-8,read> null
<1385,registrar2-1,transcript3-9,read> null
<1386,registrar0-0,transcript4-10,read> null
<1387,admissions0-0,stu0-1application0-1,setStatus> null
<1388,registrar2-1,transcript3-3,read> null
<1389,registrar4-0,roster1-8,write> null
<1390,admissions4-0,stu0-11application0-11,read> null
<1391,registrar2-1,transcript3-4,read> null
<1392,admissions2-0,stu0-5application0-5,setStatus> null
<1393,stu2-16,gradebook2-3,readMyScores> null
<1394,registrar4-1,transcript0-4,read> null
<1395,admissions4-1,application3-4,setStatus> null
<1396,registrar2-1,transcript3-5,read> null
<1397,admissions4-1,stu3-5application3-5,setStatus> null
<1398,admissions0-0,stu1-16application1-16,setStatus> null
<1399,admissions4-1,stu2-13application2-13,setStatus> null
<1400,fac3-3,gradebook3-7,readScore> null
<1401,fac3-3,gradebook3-6,readScore> null
<1402,stu0-10,gradebook0-3,readMyScores> null
<1403,registrar4-1,roster5-8,read> null
<1404,fac4-2,gradebook4-5,readScore> null
<1405,registrar4-1,roster5-9,read> null
<1406,admissions4-0,stu0-12application0-12,read> null
<1407,registrar0-0,roster2-9,write> null
<1408,stu2-9,transcript2-9,read> null
<1409,stu5-10,gradebook5-8,addScore> null
<1410,registrar4-0,roster2-8,write> null
<1411,registrar0-0,roster2-8,write> null
<1412,admissions0-0,stu0-4application0-4,setStatus> null
<1413,stu4-6,stu4-6application4-6,checkStatus> null
<1414,registrar0-1,roster4-1,read> null
<1415,admissions4-0,stu5-5application5-5,read> null
<1416,registrar0-0,roster2-7,write> null
<1417,registrar0-0,roster2-6,write> null
<1418,admissions0-1,stu3-14application3-14,read> null
<1419,admissions2-1,stu4-10application4-10,setStatus> null
<1420,admissions2-1,stu5-11application5-11,setStatus> null
<1421,stu2-2,gradebook2-2,readMyScores> null
<1422,registrar0-0,roster2-5,write> null
<1423,registrar2-1,transcript3-0,read> null
<1424,registrar0-0,roster2-4,write> null
<1425,registrar0-0,roster2-3,write> null
<1426,admissions2-0,stu5-19application5-19,read> null
<1427,registrar2-1,transcript3-2,read> null
<1428,registrar0-0,roster2-2,write> null
<1429,admissions4-1,stu5-19application5-19,read> null
<1430,registrar4-0,transcript0-18,read> null
<1431,registrar2-1,transcript3-1,read> null
<1432,stu3-16,gradebook3-3,readMyScores> null
<1433,admissions0-1,stu0-16application0-16,read> null
<1434,registrar0-0,roster2-1,write> null
<1435,fac4-3,gradebook4-6,addScore> null
<1436,registrar2-0,transcript3-8,read> null
<1437,registrar4-1,roster4-8,read> null
<1438,registrar0-0,roster1-3,read> null
<1439,registrar2-0,transcript3-6,read> null
<1440,registrar2-0,transcript3-7,read> null
<1441,registrar2-0,transcript3-4,read> null
<1442,registrar2-0,roster1-9,write> null
<1443,app5-0,application5-0,checkStatus> null
<1444,admissions2-1,stu1-11application1-11,setStatus> null
<1445,stu1-11,gradebook1-7,addScore> null
<1446,admissions0-1,stu5-5application5-5,setStatus> null
<1447,registrar2-1,roster3-2,read> null
<1448,fac3-4,gradebook3-9,readScore> null
<1449,registrar2-0,transcript3-5,read> null
<1450,registrar2-0,transcript3-2,read> null
<1451,registrar2-0,transcript3-3,read> null
<1452,admissions4-1,stu0-11application0-11,read> null
<1453,fac2-1,gradebook2-3,readScore> null
<1454,registrar2-0,roster1-7,read> null
<1455,admissions2-1,stu5-13application5-13,setStatus> null
<1456,stu2-3,gradebook2-8,readMyScores> null
<1457,fac2-1,gradebook2-2,readScore> null
<1458,fac3-3,gradebook3-6,changeScore> null
<1459,stu5-11,gradebook5-1,addScore> null
<1460,admissions4-0,stu2-7application2-7,setStatus> null
<1461,admissions4-1,stu1-4application1-4,read> null
<1462,admissions0-0,stu3-14application3-14,read> null
<1463,fac0-4,gradebook0-9,changeScore> null
<1464,registrar2-0,transcript3-1,read> null
<1465,admissions2-0,stu1-14application1-14,read> null
<1466,stu4-10,gradebook4-8,readMyScores> null
<1467,admissions0-1,application2-0,setStatus> null
<1468,stu5-1,transcript5-1,read> null
<1469,registrar2-0,transcript3-0,read> null
<1470,stu4-10,gradebook4-2,readMyScores> null
<1471,registrar2-1,roster1-4,read> null
<1472,admissions4-1,stu5-6application5-6,setStatus> null
<1473,admissions4-1,stu3-17application3-17,setStatus> null
<1474,stu4-10,gradebook4-3,readMyScores> null
<1475,admissions2-1,stu3-4application3-4,read> null
<1476,admissions4-0,stu0-19application0-19,read> null
<1477,registrar4-0,roster5-6,read> null
<1478,admissions0-1,stu1-1application1-1,setStatus> null
<1479,registrar4-0,roster5-5,read> null
<1480,stu2-18,gradebook2-2,addScore> null
<1481,registrar4-0,roster5-4,read> null
<1482,admissions0-1,stu0-7application0-7,read> null
<1483,registrar4-0,roster5-3,read> null
<1484,registrar4-0,roster5-2,read> null
<1485,registrar4-0,roster5-1,read> null
<1486,registrar4-1,transcript1-18,read> null
<1487,admissions2-1,stu2-3application2-3,read> null
<1488,admissions4-1,stu1-13application1-13,read> null
<1489,registrar4-0,roster5-8,read> null
<1490,fac3-2,gradebook3-5,readScore> null
<1491,admissions0-0,stu0-18application0-18,setStatus> null
<1492,registrar4-0,roster5-9,read> null
<1493,registrar2-0,transcript0-4,read> null
<1494,fac5-2,gradebook5-5,assignGrade> null
<1495,registrar4-0,transcript0-2,read> null
<1496,registrar4-1,roster5-5,read> null
<1497,fac1-3,gradebook1-6,readScore> null
<1498,registrar0-1,roster2-7,write> null
<1499,registrar4-1,roster5-4,read> null
<1500,registrar0-1,roster2-6,write> null
<1501,registrar4-1,roster5-7,read> null
<1502,stu3-13,stu3-13application3-13,checkStatus> null
<1503,registrar0-1,roster2-9,write> null
<1504,registrar4-1,roster5-1,read> null
<1505,admissions2-0,stu1-15application1-15,setStatus> null
<1506,registrar0-1,roster4-4,read> null
<1507,admissions4-0,stu1-1application1-1,setStatus> null
<1508,registrar4-0,transcript5-2,read> null
<1509,registrar4-1,roster5-3,read> null
<1510,registrar0-0,transcript1-3,read> null
<1511,registrar4-1,roster5-2,read> null
<1512,registrar0-1,roster2-1,write> null
<1513,admissions4-1,stu5-10application5-10,setStatus> null
<1514,chair1,transcript1-12,read> null
<1515,admissions4-0,stu5-19application5-19,read> null
<1516,registrar0-1,roster2-3,write> null
<1517,registrar0-1,roster2-5,write> null
<1518,registrar0-1,roster2-4,write> null
<1519,admissions0-0,stu3-19application3-19,setStatus> null
<1520,fac3-3,gradebook3-7,addScore> null
<1521,stu5-14,gradebook5-5,addScore> null
<1522,registrar2-1,roster5-9,write> null
<1523,fac1-0,gradebook1-1,readScore> null
<1524,registrar0-1,transcript3-11,read> null
<1525,admissions4-0,application0-0,read> null
<1526,fac0-3,gradebook0-6,assignGrade> null
<1527,stu4-14,gradebook4-3,readMyScores> null
<1528,admissions2-0,stu2-3application2-3,read> null
<1529,admissions4-0,stu4-3application4-3,read> null
<1530,admissions2-1,stu3-7application3-7,read> null
<1531,stu4-13,gradebook4-9,readMyScores> null
<1532,stu4-13,gradebook4-6,readMyScores> null
<1533,registrar2-0,transcript3-10,read> null
<1534,admissions4-0,stu4-17application4-17,setStatus> null
<1535,stu4-13,gradebook4-8,readMyScores> null
<1536,stu4-13,gradebook4-7,readMyScores> null
<1537,stu4-9,stu4-9application4-9,checkStatus> null
<1538,admissions4-1,stu0-17application0-17,read> null
<1539,admissions4-1,stu2-4application2-4,setStatus> null
<1540,registrar2-0,transcript5-8,read> null
<1541,stu3-2,stu3-2application3-2,checkStatus> null
<1542,admissions2-0,stu2-10application2-10,read> null
<1543,stu2-4,transcript2-4,read> null
<1544,fac0-4,gradebook0-9,readScore> null
<1545,registrar4-0,transcript1-10,read> null
<1546,admissions0-1,application5-4,read> null
<1547,stu4-15,gradebook4-5,readMyScores> null
<1548,fac0-4,gradebook0-8,readScore> null
<1549,registrar4-1,transcript2-10,read> null
<1550,admissions2-0,stu4-13application4-13,read> null
<1551,stu4-15,gradebook4-6,readMyScores> null
<1552,admissions2-0,stu3-4application3-4,read> null
<1553,stu4-14,gradebook4-8,readMyScores> null
<1554,registrar4-1,transcript5-4,read> null
<1555,stu4-14,gradebook4-7,readMyScores> null
<1556,registrar4-0,transcript1-3,read> null
<1557,admissions4-1,application5-1,read> null
<1558,admissions2-1,stu4-5application4-5,setStatus> null
<1559,registrar2-0,roster0-3,read> null
<1560,registrar4-0,transcript1-0,read> null
<1561,registrar2-0,transcript4-5,read> null
<1562,fac2-3,roster2-6,read> null
<1563,stu2-3,transcript2-3,read> null
<1564,fac1-2,gradebook1-5,readScore> null
<1565,admissions0-0,stu2-6application2-6,setStatus> null
<1566,stu4-12,gradebook4-2,readMyScores> null
<1567,stu4-11,gradebook4-8,readMyScores> null
<1568,stu4-11,gradebook4-7,readMyScores> null
<1569,stu2-14,stu2-14application2-14,checkStatus> null
<1570,stu3-8,gradebook3-5,readMyScores> null
<1571,admissions4-0,stu4-14application4-14,setStatus> null
<1572,admissions2-0,stu4-5application4-5,setStatus> null
<1573,registrar2-1,transcript1-7,read> null
<1574,fac1-1,gradebook1-3,readScore> null
<1575,stu5-13,gradebook5-4,addScore> null
<1576,admissions0-1,stu3-19application3-19,setStatus> null
<1577,stu4-12,gradebook4-5,readMyScores> null
<1578,admissions2-1,stu5-19application5-19,read> null
<1579,stu4-12,gradebook4-9,readMyScores> null
<1580,admissions4-1,application3-3,setStatus> null
<1581,admissions0-1,stu2-14application2-14,setStatus> null
<1582,admissions4-0,stu2-4application2-4,setStatus> null
<1583,admissions4-1,stu5-0application5-0,setStatus> null
<1584,admissions2-0,stu5-1application5-1,read> null
<1585,admissions4-0,stu1-2application1-2,read> null
<1586,fac0-0,gradebook0-1,addScore> null
<1587,registrar4-0,roster4-2,write> null
<1588,admissions4-0,stu5-0application5-0,setStatus> null
<1589,registrar4-0,roster4-1,write> null
<1590,registrar4-0,roster4-4,write> null
<1591,registrar4-0,roster4-3,write> null
<1592,registrar2-1,roster3-9,read> null
<1593,admissions4-1,stu5-15application5-15,setStatus> null
<1594,registrar0-1,transcript0-4,read> null
<1595,admissions0-0,stu5-19application5-19,setStatus> null
<1596,registrar4-0,roster4-6,write> null
<1597,registrar4-0,roster4-5,write> null
<1598,registrar4-0,roster4-8,write> null
<1599,registrar4-0,roster4-7,write> null
<1600,chair0,transcript0-7,read> null
<1601,fac3-3,gradebook3-6,addScore> null
<1602,registrar4-0,roster4-9,write> null
<1603,admissions4-0,stu0-15application0-15,setStatus> null
<1604,fac1-4,gradebook1-9,readScore> null
<1605,fac1-4,gradebook1-8,readScore> null
<1606,admissions0-1,stu3-17application3-17,setStatus> null
<1607,registrar0-0,transcript2-1,read> null
<1608,fac0-1,gradebook0-2,readScore> null
<1609,fac0-1,gradebook0-3,readScore> null
<1610,registrar2-0,roster4-6,write> null
<1611,registrar0-0,transcript0-12,read> null
<1612,registrar2-0,roster4-8,write> null
<1613,registrar2-0,roster4-7,write> null
<1614,admissions2-0,stu3-7application3-7,setStatus> null
<1615,admissions4-1,stu1-6application1-6,read> null
<1616,registrar2-0,roster4-9,write> null
<1617,stu2-10,gradebook2-4,readMyScores> null
<1618,admissions0-0,stu2-6application2-6,read> null
<1619,admissions0-0,stu2-4application2-4,setStatus> null
<1620,admissions2-1,stu0-4application0-4,read> null
<1621,app2-3,application2-3,checkStatus> null
<1622,registrar2-0,roster4-2,write> null
<1623,registrar2-0,roster4-1,write> null
<1624,registrar2-0,roster4-4,write> null
<1625,registrar4-0,roster3-8,read> null
<1626,registrar0-0,roster0-6,read> null
<1627,fac3-2,gradebook3-4,addScore> null
<1628,registrar2-0,roster4-3,write> null
<1629,admissions4-1,stu0-15application0-15,setStatus> null
<1630,stu2-1,gradebook2-6,readMyScores> null
<1631,fac1-3,gradebook1-7,readScore> null
<1632,registrar4-1,roster0-4,read> null
<1633,registrar4-0,roster4-2,read> null
<1634,stu5-15,stu5-15application5-15,checkStatus> null
<1635,admissions0-1,stu3-6application3-6,setStatus> null
<1636,fac0-0,gradebook0-1,readScore> null
<1637,admissions0-0,application0-1,setStatus> null
<1638,admissions4-0,stu1-6application1-6,read> null
<1639,stu4-4,gradebook4-4,readMyScores> null
<1640,registrar0-0,roster0-2,read> null
<1641,fac3-1,gradebook3-2,addScore> null
<1642,admissions2-0,stu1-10application1-10,read> null
<1643,fac3-1,gradebook3-3,addScore> null
<1644,admissions0-0,application4-3,setStatus> null
<1645,admissions0-0,application4-0,setStatus> null
<1646,admissions0-0,application4-1,setStatus> null
<1647,admissions0-1,stu2-4application2-4,setStatus> null
<1648,fac5-0,gradebook5-1,readScore> null
<1649,admissions0-0,stu1-4application1-4,read> null
<1650,registrar2-1,roster2-7,read> null
<1651,admissions2-0,stu0-4application0-4,read> null
<1652,fac0-3,gradebook0-7,readScore> null
<1653,fac0-3,gradebook0-6,readScore> null
<1654,registrar4-1,roster4-7,write> null
<1655,registrar4-1,roster4-5,write> null
<1656,registrar4-1,roster4-4,write> null
<1657,chair3,transcript3-3,read> null
<1658,stu0-2,transcript0-2,read> null
<1659,registrar0-0,transcript4-11,read> null
<1660,admissions0-1,stu4-1application4-1,setStatus> null
<1661,registrar0-0,transcript3-12,read> null
<1662,registrar2-1,roster3-7,read> null
<1663,registrar4-1,roster4-3,write> null
<1664,registrar0-1,transcript5-3,read> null
<1665,admissions4-1,stu1-2application1-2,read> null
<1666,admissions0-1,application4-3,setStatus> null
<1667,admissions2-0,stu4-3application4-3,read> null
<1668,admissions0-1,application4-4,setStatus> null
<1669,admissions0-1,application4-0,setStatus> null
<1670,registrar4-1,roster4-9,write> null
<1671,admissions0-1,application4-2,setStatus> null
<1672,admissions4-0,stu2-4application2-4,read> null
<1673,registrar0-0,transcript4-13,read> null
<1674,fac0-2,gradebook0-4,readScore> null
<1675,fac0-2,gradebook0-5,readScore> null
<1676,registrar4-0,transcript4-18,read> null
<1677,admissions2-0,stu0-19application0-19,setStatus> null
<1678,admissions2-0,stu0-8application0-8,read> null
<1679,admissions0-0,stu1-12application1-12,setStatus> null
<1680,admissions4-1,stu1-8application1-8,setStatus> null
<1681,registrar2-0,roster2-6,read> null
<1682,admissions4-1,stu1-12application1-12,read> null
<1683,admissions4-0,application0-0,setStatus> null
<1684,admissions4-0,application0-1,setStatus> null
<1685,admissions4-1,stu2-4application2-4,read> null
<1686,admissions4-0,application0-4,setStatus> null
<1687,fac2-4,gradebook2-9,readScore> null
<1688,admissions2-1,stu3-18application3-18,read> null
<1689,chair0,transcript0-5,read> null
<1690,admissions4-0,application0-2,setStatus> null
<1691,admissions0-1,stu0-4application0-4,setStatus> null
<1692,admissions4-0,application0-3,setStatus> null
<1693,stu5-7,stu5-7application5-7,checkStatus> null
<1694,fac4-0,gradebook4-1,assignGrade> null
<1695,admissions4-0,stu1-11application1-11,setStatus> null
<1696,registrar4-1,transcript4-10,read> null
<1697,admissions2-1,stu0-19application0-19,setStatus> null
<1698,admissions0-1,stu1-12application1-12,setStatus> null
<1699,admissions2-0,stu4-4application4-4,read> null
<1700,admissions2-0,stu1-0application1-0,setStatus> null
<1701,admissions0-0,application3-2,read> null
<1702,admissions4-0,application4-4,setStatus> null
<1703,fac3-0,gradebook3-1,readScore> null
<1704,admissions2-0,stu3-5application3-5,setStatus> null
<1705,admissions4-1,application0-0,setStatus> null
<1706,admissions4-1,application0-1,setStatus> null
<1707,admissions4-1,application0-2,setStatus> null
<1708,admissions4-0,stu3-17application3-17,read> null
<1709,admissions4-1,application0-3,setStatus> null
<1710,admissions4-1,application0-4,setStatus> null
<1711,admissions0-1,stu2-6application2-6,read> null
<1712,admissions2-1,stu4-4application4-4,read> null
<1713,registrar0-0,transcript5-11,read> null
<1714,registrar4-1,transcript2-17,read> null
<1715,registrar2-0,transcript4-19,read> null
<1716,admissions2-1,application5-1,read> null
<1717,registrar0-1,transcript2-13,read> null
<1718,admissions4-0,stu0-4application0-4,read> null
<1719,registrar2-0,transcript1-3,read> null
<1720,registrar2-0,roster0-5,read> null
<1721,admissions2-0,stu0-10application0-10,read> null
<1722,admissions0-0,stu3-18application3-18,setStatus> null
<1723,admissions0-0,stu0-17application0-17,read> null
<1724,stu0-0,transcript0-0,read> null
<1725,admissions0-1,stu0-18application0-18,setStatus> null
<1726,admissions2-1,stu3-7application3-7,setStatus> null
<1727,stu3-12,stu3-12application3-12,checkStatus> null
<1728,stu0-3,transcript0-3,read> null
<1729,admissions2-1,stu1-14application1-14,setStatus> null
<1730,fac3-0,roster3-1,read> null
<1731,admissions0-0,stu3-6application3-6,setStatus> null
<1732,admissions0-0,stu2-18application2-18,read> null
<1733,registrar4-1,roster0-8,read> null
<1734,registrar0-1,roster1-9,write> null
<1735,admissions2-1,stu1-0application1-0,setStatus> null
<1736,admissions4-1,stu4-15application4-15,read> null
<1737,chair4,transcript4-0,read> null
<1738,admissions0-0,stu4-8application4-8,read> null
<1739,admissions2-0,stu4-12application4-12,read> null
<1740,registrar0-1,transcript4-17,read> null
<1741,fac3-4,gradebook3-8,addScore> null
<1742,admissions4-0,application3-0,setStatus> null
<1743,admissions2-0,stu0-10application0-10,setStatus> null
<1744,admissions0-1,stu3-18application3-18,setStatus> null
<1745,admissions0-1,stu0-17application0-17,read> null
<1746,fac2-3,gradebook2-6,readScore> null
<1747,admissions2-0,stu1-14application1-14,setStatus> null
<1748,app0-0,application0-0,checkStatus> null
<1749,admissions0-1,stu0-1application0-1,setStatus> null
<1750,admissions4-0,stu4-15application4-15,read> null
<1751,registrar2-0,roster5-4,read> null
<1752,admissions2-0,stu3-1application3-1,setStatus> null
<1753,admissions4-1,application3-4,read> null
<1754,admissions4-1,application3-2,read> null
<1755,registrar4-1,transcript0-11,read> null
<1756,admissions4-1,application3-3,read> null
<1757,registrar2-0,transcript3-16,read> null
<1758,admissions0-1,stu3-0application3-0,setStatus> null
<1759,fac5-3,gradebook5-6,assignGrade> null
<1760,registrar0-1,transcript5-0,read> null
<1761,admissions4-1,stu0-4application0-4,read> null
<1762,admissions2-1,stu4-2application4-2,setStatus> null
<1763,admissions4-1,application3-1,read> null
<1764,admissions4-1,application3-0,read> null
<1765,fac1-4,gradebook1-9,addScore> null
<1766,admissions4-0,application3-2,read> null
<1767,admissions4-0,application3-3,read> null
<1768,admissions4-0,application3-4,read> null
<1769,admissions4-1,stu3-2application3-2,read> null
<1770,admissions2-0,stu0-2application0-2,setStatus> null
<1771,fac2-4,gradebook2-8,assignGrade> null
<1772,registrar4-0,transcript5-6,read> null
<1773,registrar2-1,transcript0-2,read> null
<1774,admissions4-0,application3-0,read> null
<1775,admissions4-0,stu1-0application1-0,read> null
<1776,registrar0-1,transcript2-5,read> null
<1777,admissions4-0,stu3-2application3-2,read> null
<1778,admissions4-0,stu5-16application5-16,read> null
<1779,fac1-2,gradebook1-4,addScore> null
<1780,fac1-2,gradebook1-5,addScore> null
<1781,chair5,transcript5-17,read> null
<1782,chair5,transcript5-18,read> null
<1783,chair5,transcript5-15,read> null
<1784,chair5,transcript5-16,read> null
<1785,chair5,transcript5-10,read> null
<1786,chair5,transcript5-13,read> null
<1787,chair5,transcript5-14,read> null
<1788,admissions4-0,stu0-14application0-14,setStatus> null
<1789,chair5,transcript5-11,read> null
<1790,chair5,transcript5-12,read> null
<1791,admissions4-1,stu5-16application5-16,read> null
<1792,registrar2-0,roster1-9,read> null
<1793,admissions0-1,application4-2,read> null
<1794,fac1-3,gradebook1-7,addScore> null
<1795,admissions4-1,stu4-3application4-3,read> null
<1796,registrar4-1,transcript5-0,read> null
<1797,admissions4-1,stu0-14application0-14,setStatus> null
<1798,admissions0-1,stu0-17application0-17,setStatus> null
<1799,admissions0-1,stu0-3application0-3,read> null
<1800,stu5-11,gradebook5-6,readMyScores> null
<1801,app0-2,application0-2,checkStatus> null
<1802,stu5-11,gradebook5-7,readMyScores> null
<1803,stu5-11,gradebook5-8,readMyScores> null
<1804,stu5-11,gradebook5-3,readMyScores> null
<1805,admissions4-1,stu0-3application0-3,setStatus> null
<1806,admissions2-0,stu3-18application3-18,read> null
<1807,admissions2-0,stu5-15application5-15,read> null
<1808,stu5-13,gradebook5-1,readMyScores> null
<1809,admissions4-0,stu3-11application3-11,read> null
<1810,registrar2-1,roster3-3,write> null
<1811,stu5-12,gradebook5-9,readMyScores> null
<1812,admissions0-1,stu1-10application1-10,setStatus> null
<1813,registrar2-1,roster3-5,write> null
<1814,registrar2-1,roster3-6,write> null
<1815,admissions2-1,stu1-15application1-15,setStatus> null
<1816,stu5-12,gradebook5-5,readMyScores> null
<1817,registrar0-0,transcript2-16,read> null
<1818,stu5-12,gradebook5-2,readMyScores> null
<1819,admissions4-0,stu1-14application1-14,read> null
<1820,registrar2-1,roster3-1,write> null
<1821,stu5-12,gradebook5-3,readMyScores> null
<1822,registrar2-1,roster3-2,write> null
<1823,registrar2-0,transcript0-14,read> null
<1824,registrar0-0,transcript4-4,read> null
<1825,registrar4-1,roster4-7,read> null
<1826,admissions4-0,stu0-4application0-4,setStatus> null
<1827,registrar0-0,transcript2-3,read> null
<1828,admissions4-1,stu0-14application0-14,read> null
<1829,registrar2-1,roster3-7,write> null
<1830,registrar2-1,roster3-8,write> null
<1831,registrar2-0,roster3-1,read> null
<1832,registrar2-1,roster3-9,write> null
<1833,admissions4-0,stu4-7application4-7,read> null
<1834,admissions0-0,stu3-17application3-17,setStatus> null
<1835,registrar2-0,roster3-1,write> null
<1836,registrar2-0,transcript4-14,read> null
<1837,stu3-11,stu3-11application3-11,checkStatus> null
<1838,registrar2-0,roster3-4,write> null
<1839,registrar2-0,roster3-5,write> null
<1840,registrar2-0,roster3-2,write> null
<1841,admissions2-1,stu0-13application0-13,read> null
<1842,registrar2-0,roster3-8,write> null
<1843,registrar2-0,roster3-9,write> null
<1844,admissions0-1,application4-3,read> null
<1845,admissions0-1,stu2-7application2-7,read> null
<1846,registrar2-0,roster3-6,write> null
<1847,registrar4-1,transcript2-4,read> null
<1848,admissions4-1,stu0-4application0-4,setStatus> null
<1849,admissions4-0,stu0-14application0-14,read> null
<1850,admissions0-1,stu5-19application5-19,setStatus> null
<1851,admissions4-0,stu5-8application5-8,setStatus> null
<1852,registrar2-1,roster3-4,read> null
<1853,registrar0-0,roster4-2,read> null
<1854,admissions4-0,stu5-18application5-18,setStatus> null
<1855,admissions0-0,stu1-8application1-8,read> null
<1856,admissions0-0,stu2-14application2-14,read> null
<1857,admissions0-1,stu0-6application0-6,read> null
<1858,admissions4-1,stu4-7application4-7,read> null
<1859,stu5-10,gradebook5-6,readMyScores> null
<1860,admissions2-0,stu0-13application0-13,read> null
<1861,stu2-17,stu2-17application2-17,checkStatus> null
<1862,stu5-10,gradebook5-5,readMyScores> null
<1863,admissions0-0,stu0-3application0-3,read> null
<1864,admissions0-0,stu2-7application2-7,read> null
<1865,stu5-10,gradebook5-9,readMyScores> null
<1866,registrar2-0,transcript0-15,read> null
<1867,admissions4-1,stu5-8application5-8,setStatus> null
<1868,admissions4-1,stu5-18application5-18,setStatus> null
<1869,registrar2-0,transcript5-3,read> null
<1870,registrar0-0,transcript5-2,read> null
<1871,admissions2-0,stu4-7application4-7,read> null
<1872,admissions4-0,stu5-1application5-1,setStatus> null
<1873,stu5-15,gradebook5-9,readMyScores> null
<1874,stu5-11,stu5-11application5-11,checkStatus> null
<1875,admissions2-0,application1-0,read> null
<1876,stu5-14,stu5-14application5-14,checkStatus> null
<1877,stu5-15,gradebook5-8,readMyScores> null
<1878,stu5-15,gradebook5-6,readMyScores> null
<1879,admissions2-0,stu5-15application5-15,setStatus> null
<1880,admissions2-0,application1-3,read> null
<1881,stu2-16,gradebook2-9,addScore> null
<1882,admissions0-0,stu0-6application0-6,read> null
<1883,admissions2-0,application1-4,read> null
<1884,admissions2-0,application1-1,read> null
<1885,admissions2-0,application1-2,read> null
<1886,stu5-16,gradebook5-3,readMyScores> null
<1887,admissions0-1,stu2-14application2-14,read> null
<1888,admissions2-1,stu3-8application3-8,setStatus> null
<1889,admissions4-0,stu3-14application3-14,read> null
<1890,admissions2-1,stu4-7application4-7,read> null
<1891,admissions0-1,stu5-4application5-4,read> null
<1892,registrar0-1,roster1-8,read> null
<1893,stu5-16,gradebook5-6,readMyScores> null
<1894,admissions2-1,application1-1,read> null
<1895,admissions2-1,application1-0,read> null
<1896,registrar0-0,transcript4-12,read> null
<1897,admissions0-1,stu3-18application3-18,read> null
<1898,admissions2-1,application5-2,read> null
<1899,stu5-16,gradebook5-8,readMyScores> null
<1900,admissions2-1,application1-2,read> null
<1901,stu5-17,gradebook5-3,readMyScores> null
<1902,admissions2-1,application1-3,read> null
<1903,registrar2-0,transcript5-6,read> null
<1904,admissions2-1,application1-4,read> null
<1905,stu5-16,stu5-16application5-16,checkStatus> null
<1906,admissions2-1,stu2-5application2-5,setStatus> null
<1907,stu5-17,gradebook5-1,readMyScores> null
<1908,stu5-17,gradebook5-2,readMyScores> null
<1909,admissions4-0,stu3-8application3-8,setStatus> null
<1910,admissions0-1,stu4-14application4-14,read> null
<1911,admissions4-1,stu3-14application3-14,read> null
<1912,registrar4-0,transcript0-19,read> null
<1913,stu3-3,gradebook3-5,readMyScores> null
<1914,admissions4-1,stu3-5application3-5,read> null
<1915,admissions2-1,stu0-10application0-10,setStatus> null
<1916,admissions0-0,stu4-14application4-14,setStatus> null
<1917,admissions0-1,stu1-16application1-16,setStatus> null
<1918,registrar0-0,roster1-8,read> null
<1919,registrar0-0,roster1-7,read> null
<1920,admissions4-0,stu0-7application0-7,read> null
<1921,chair3,transcript3-9,read> null
<1922,stu5-13,gradebook5-8,readMyScores> null
<1923,chair0,transcript0-6,read> null
<1924,registrar0-0,roster1-9,read> null
<1925,chair3,transcript3-6,read> null
<1926,registrar0-1,roster1-4,read> null
<1927,admissions2-0,stu2-5application2-5,setStatus> null
<1928,chair3,transcript3-7,read> null
<1929,registrar0-1,roster1-5,read> null
<1930,stu4-16,stu4-16application4-16,checkStatus> null
<1931,admissions2-1,stu2-16application2-16,setStatus> null
<1932,chair3,transcript3-2,read> null
<1933,stu5-14,gradebook5-3,readMyScores> null
<1934,admissions0-0,stu2-8application2-8,read> null
<1935,registrar0-1,roster1-1,read> null
<1936,admissions4-1,stu3-11application3-11,read> null
<1937,chair3,transcript3-1,read> null
<1938,registrar0-1,roster1-3,read> null
<1939,admissions4-0,stu0-3application0-3,setStatus> null
<1940,admissions2-1,stu5-15application5-15,setStatus> null
<1941,stu5-14,gradebook5-7,readMyScores> null
<1942,registrar2-0,roster5-1,write> null
<1943,stu5-14,gradebook5-6,readMyScores> null
<1944,stu4-17,gradebook4-8,addScore> null
<1945,admissions4-1,stu5-1application5-1,setStatus> null
<1946,registrar0-0,roster1-5,read> null
<1947,registrar0-0,roster1-6,read> null
<1948,admissions0-1,stu0-0application0-0,read> null
<1949,registrar0-0,roster1-4,read> null
<1950,registrar0-0,roster1-2,read> null
<1951,admissions0-1,stu0-7application0-7,setStatus> null
<1952,registrar2-1,transcript3-10,read> null
<1953,fac0-4,gradebook0-8,addScore> null
<1954,admissions4-1,stu2-12application2-12,setStatus> null
<1955,admissions2-0,stu2-12application2-12,setStatus> null
<1956,stu5-16,gradebook5-7,addScore> null
<1957,registrar2-1,roster3-8,read> null
<1958,registrar0-1,roster1-1,write> null
<1959,admissions0-1,application5-1,setStatus> null
<1960,admissions0-0,stu0-15application0-15,setStatus> null
<1961,registrar0-1,roster1-5,write> null
<1962,registrar0-1,roster1-6,write> null
<1963,admissions0-0,stu0-10application0-10,setStatus> null
<1964,registrar4-0,roster1-1,write> null
<1965,registrar4-0,transcript0-6,read> null
<1966,registrar0-1,roster1-3,write> null
<1967,registrar0-1,roster1-4,write> null
<1968,registrar4-0,transcript4-14,read> null
<1969,registrar2-1,roster3-1,read> null
<1970,admissions4-0,stu0-13application0-13,read> null
<1971,registrar0-1,roster1-7,write> null
<1972,admissions2-1,stu0-18application0-18,setStatus> null
<1973,registrar2-1,roster1-7,write> null
<1974,registrar0-0,roster3-7,read> null
<1975,admissions4-0,stu0-17application0-17,setStatus> null
<1976,fac1-2,gradebook1-5,assignGrade> null
<1977,admissions0-1,stu5-12application5-12,read> null
<1978,admissions4-1,application2-4,setStatus> null
<1979,registrar2-1,roster3-3,read> null
<1980,registrar0-0,transcript0-13,read> null
<1981,admissions2-0,stu0-15application0-15,read> null
<1982,registrar0-1,roster1-8,write> null
<1983,registrar2-1,roster3-5,read> null
<1984,registrar2-1,roster3-6,read> null
<1985,registrar2-0,roster3-8,read> null
<1986,registrar0-0,transcript1-13,read> null
<1987,registrar2-0,roster3-7,read> null
<1988,registrar2-0,roster3-9,read> null
<1989,admissions0-1,stu4-5application4-5,setStatus> null
<1990,stu2-12,gradebook2-7,readScore> null
<1991,admissions0-0,stu0-0application0-0,read> null
<1992,fac2-1,gradebook2-3,addScore> null
<1993,stu0-15,gradebook0-7,readMyScores> null
<1994,admissions0-1,stu0-15application0-15,setStatus> null
<1995,admissions4-0,stu1-19application1-19,setStatus> null
<1996,registrar2-0,roster3-2,read> null
<1997,admissions0-0,stu5-12application5-12,read> null
<1998,admissions0-1,stu4-14application4-14,setStatus> null
<1999,admissions4-1,stu2-11application2-11,read> null
<2000,registrar2-0,roster3-5,read> null
<2001,registrar2-0,roster3-6,read> null
<2002,registrar2-0,roster3-3,read> null
<2003,registrar2-0,roster3-4,read> null
<2004,stu1-15,gradebook1-9,addScore> null
<2005,fac5-3,gradebook5-7,changeScore> null
<2006,admissions0-0,stu1-19application1-19,read> null
<2007,admissions2-1,stu2-18application2-18,read> null
<2008,registrar4-0,transcript5-0,read> null
<2009,registrar0-1,transcript0-1,read> null
<2010,registrar4-0,transcript5-1,read> null
<2011,admissions2-0,stu2-18application2-18,read> null
<2012,admissions0-1,stu1-19application1-19,read> null
<2013,admissions4-1,stu3-8application3-8,setStatus> null
<2014,stu5-18,gradebook5-2,readMyScores> null
<2015,stu0-6,transcript0-6,read> null
<2016,registrar4-0,transcript5-3,read> null
<2017,registrar2-1,transcript4-10,read> null
<2018,admissions0-1,stu1-6application1-6,read> null
<2019,admissions4-1,stu4-4application4-4,setStatus> null
<2020,stu5-18,gradebook5-5,readMyScores> null
<2021,stu5-18,gradebook5-8,readMyScores> null
<2022,stu3-8,transcript3-8,read> null
<2023,stu5-18,gradebook5-9,readMyScores> null
<2024,admissions0-0,stu0-4application0-4,read> null
<2025,registrar0-1,transcript0-18,read> null
<2026,admissions2-0,stu1-8application1-8,read> null
<2027,registrar4-1,transcript5-1,read> null
<2028,fac0-2,gradebook0-5,addScore> null
<2029,registrar4-1,transcript5-2,read> null
<2030,admissions4-1,stu0-5application0-5,read> null
<2031,admissions2-0,stu4-2application4-2,setStatus> null
<2032,stu0-2,stu0-2application0-2,checkStatus> null
<2033,stu3-5,transcript3-5,read> null
<2034,stu5-19,gradebook5-2,readMyScores> null
<2035,stu5-19,gradebook5-3,readMyScores> null
<2036,stu5-19,gradebook5-6,readMyScores> null
<2037,registrar4-1,transcript5-7,read> null
<2038,registrar4-1,transcript5-9,read> null
<2039,stu5-1,gradebook5-3,readMyScores> null
<2040,stu3-13,gradebook3-9,readMyScores> null
<2041,registrar2-0,transcript4-17,read> null
<2042,stu1-14,gradebook1-9,addScore> null
<2043,stu5-1,gradebook5-1,readMyScores> null
<2044,admissions0-1,stu0-12application0-12,read> null
<2045,admissions4-0,stu0-1application0-1,setStatus> null
<2046,stu3-14,gradebook3-4,readMyScores> null
<2047,stu3-14,gradebook3-6,readMyScores> null
<2048,registrar4-1,transcript4-13,read> null
<2049,admissions4-0,stu4-15application4-15,setStatus> null
<2050,stu3-14,gradebook3-3,readMyScores> null
<2051,admissions0-1,stu4-12application4-12,setStatus> null
<2052,stu5-0,gradebook5-2,readMyScores> null
<2053,stu5-0,gradebook5-5,readMyScores> null
<2054,admissions0-1,stu1-19application1-19,setStatus> null
<2055,stu5-0,gradebook5-7,readMyScores> null
<2056,registrar2-1,transcript5-18,read> null
<2057,admissions4-1,stu4-6application4-6,read> null
<2058,stu3-15,gradebook3-6,readMyScores> null
<2059,stu3-15,gradebook3-5,readMyScores> null
<2060,stu3-15,gradebook3-4,readMyScores> null
<2061,stu3-15,gradebook3-2,readMyScores> null
<2062,stu0-4,transcript0-4,read> null
<2063,stu4-2,gradebook4-2,addScore> null
<2064,registrar4-1,transcript3-10,read> null
<2065,admissions0-1,stu3-16application3-16,read> null
<2066,admissions0-0,stu1-9application1-9,read> null
<2067,admissions4-0,stu2-17application2-17,setStatus> null
<2068,registrar4-1,roster1-5,read> null
<2069,admissions2-0,stu1-17application1-17,setStatus> null
<2070,admissions4-0,stu0-9application0-9,setStatus> null
<2071,stu3-16,gradebook3-9,readMyScores> null
<2072,stu2-17,gradebook2-4,readMyScores> null
<2073,stu3-16,gradebook3-8,readMyScores> null
<2074,fac4-3,gradebook4-6,assignGrade> null
<2075,registrar4-1,roster3-1,write> null
<2076,admissions2-0,stu2-18application2-18,setStatus> null
<2077,registrar4-1,roster3-2,write> null
<2078,admissions2-0,stu2-16application2-16,read> null
<2079,admissions0-0,stu3-16application3-16,read> null
<2080,registrar4-1,roster3-3,write> null
<2081,registrar4-1,roster3-4,write> null
<2082,registrar4-1,roster3-5,write> null
<2083,admissions4-0,stu1-18application1-18,setStatus> null
<2084,registrar4-1,roster3-6,write> null
<2085,registrar4-1,roster3-7,write> null
<2086,chair0,transcript0-9,read> null
<2087,registrar4-1,roster3-8,write> null
<2088,registrar0-1,transcript4-19,read> null
<2089,registrar4-1,roster3-9,write> null
<2090,admissions4-1,stu2-17application2-17,setStatus> null
<2091,stu3-17,gradebook3-6,readMyScores> null
<2092,stu0-9,transcript0-9,read> null
<2093,stu3-17,gradebook3-8,readMyScores> null
<2094,fac1-4,gradebook1-9,assignGrade> null
<2095,stu3-17,gradebook3-7,readMyScores> null
<2096,stu1-10,gradebook1-2,addScore> null
<2097,admissions0-0,stu5-13application5-13,read> null
<2098,stu3-10,gradebook3-2,readMyScores> null
<2099,admissions4-1,stu2-10application2-10,setStatus> null
<2100,admissions4-1,stu4-10application4-10,setStatus> null
<2101,admissions0-1,stu1-13application1-13,read> null
<2102,stu3-10,gradebook3-7,readMyScores> null
<2103,admissions2-0,stu4-10application4-10,setStatus> null
<2104,registrar4-0,transcript2-13,read> null
<2105,admissions2-1,stu4-13application4-13,read> null
<2106,admissions0-0,stu2-10application2-10,setStatus> null
<2107,stu3-11,gradebook3-4,readMyScores> null
<2108,admissions0-1,stu2-12application2-12,read> null
<2109,stu3-11,gradebook3-2,readMyScores> null
<2110,admissions2-1,stu1-17application1-17,setStatus> null
<2111,registrar4-1,transcript3-17,read> null
<2112,admissions2-1,stu3-10application3-10,read> null
<2113,admissions4-1,stu0-9application0-9,setStatus> null
<2114,stu1-7,stu1-7application1-7,checkStatus> null
<2115,admissions0-0,application1-1,setStatus> null
<2116,admissions0-0,application1-2,setStatus> null
<2117,admissions0-0,stu5-8application5-8,setStatus> null
<2118,admissions0-1,application5-4,setStatus> null
<2119,admissions0-0,application1-3,setStatus> null
<2120,admissions0-0,application1-4,setStatus> null
<2121,registrar4-0,roster4-3,read> null
<2122,admissions0-1,stu2-10application2-10,setStatus> null
<2123,stu3-11,gradebook3-8,readMyScores> null
<2124,registrar4-0,roster4-1,read> null
<2125,admissions4-1,stu4-12application4-12,setStatus> null
<2126,registrar0-0,transcript5-0,read> null
<2127,registrar4-0,roster4-5,read> null
<2128,registrar4-0,roster4-4,read> null
<2129,stu3-12,gradebook3-3,readMyScores> null
<2130,admissions0-0,stu2-12application2-12,read> null
<2131,admissions4-0,stu4-6application4-6,read> null
<2132,admissions4-0,stu4-13application4-13,setStatus> null
<2133,admissions2-0,stu2-6application2-6,setStatus> null
<2134,admissions0-0,application1-0,setStatus> null
<2135,fac5-0,gradebook5-1,changeScore> null
<2136,registrar4-0,transcript2-11,read> null
<2137,admissions0-1,application1-4,setStatus> null
<2138,admissions0-1,application1-2,setStatus> null
<2139,registrar4-1,roster1-4,write> null
<2140,admissions2-0,stu5-16application5-16,read> null
<2141,admissions0-1,application1-3,setStatus> null
<2142,admissions2-0,stu0-11application0-11,read> null
<2143,stu3-12,gradebook3-8,readMyScores> null
<2144,registrar4-1,roster4-1,read> null
<2145,registrar4-1,roster4-4,read> null
<2146,admissions4-1,stu1-1application1-1,read> null
<2147,registrar4-1,roster4-3,read> null
<2148,registrar4-1,roster4-6,read> null
<2149,registrar4-1,roster4-5,read> null
<2150,registrar4-0,roster4-8,read> null
<2151,registrar4-0,roster4-9,read> null
<2152,stu2-2,gradebook2-1,readMyScores> null
<2153,registrar0-1,transcript0-13,read> null
<2154,admissions0-1,stu2-5application2-5,read> null
<2155,admissions4-0,stu3-6application3-6,setStatus> null
<2156,stu3-13,gradebook3-6,readMyScores> null
<2157,admissions4-0,stu2-10application2-10,setStatus> null
<2158,admissions2-0,stu0-3application0-3,setStatus> null
<2159,fac3-2,gradebook3-4,changeScore> null
<2160,admissions4-1,stu4-13application4-13,setStatus> null
<2161,admissions0-1,application1-1,setStatus> null
<2162,admissions0-1,application1-0,setStatus> null
<2163,admissions4-1,stu0-1application0-1,setStatus> null
<2164,registrar2-0,transcript4-15,read> null
<2165,registrar4-0,transcript2-15,read> null
<2166,admissions4-0,stu0-6application0-6,read> null
<2167,admissions4-1,stu3-6application3-6,setStatus> null
<2168,admissions0-1,stu0-0application0-0,setStatus> null
<2169,admissions2-0,stu4-0application4-0,read> null
<2170,admissions2-1,stu5-16application5-16,setStatus> null
<2171,stu1-16,gradebook1-5,readScore> null
<2172,admissions2-0,stu4-19application4-19,setStatus> null
<2173,stu1-17,gradebook1-4,readScore> null
<2174,admissions0-0,stu4-9application4-9,setStatus> null
<2175,admissions4-0,stu5-13application5-13,setStatus> null
<2176,admissions4-0,stu1-1application1-1,read> null
<2177,registrar2-0,transcript1-17,read> null
<2178,admissions0-1,stu1-8application1-8,setStatus> null
<2179,registrar4-1,transcript2-13,read> null
<2180,registrar2-1,transcript4-11,read> null
<2181,admissions2-0,stu3-9application3-9,read> null
<2182,registrar4-1,transcript2-11,read> null
<2183,stu5-9,gradebook5-4,readMyScores> null
<2184,registrar2-1,transcript4-12,read> null
<2185,stu5-9,gradebook5-7,readMyScores> null
<2186,registrar0-0,transcript2-10,read> null
<2187,admissions2-1,stu5-3application5-3,read> null
<2188,admissions0-0,application2-3,read> null
<2189,registrar2-1,transcript4-19,read> null
<2190,registrar2-1,transcript4-16,read> null
<2191,registrar0-1,transcript1-7,read> null
<2192,stu1-12,gradebook1-9,readMyScores> null
<2193,registrar4-1,transcript2-16,read> null
<2194,registrar4-1,transcript2-18,read> null
<2195,stu1-15,gradebook1-9,readScore> null
<2196,admissions2-1,stu4-19application4-19,setStatus> null
<2197,fac3-1,gradebook3-3,assignGrade> null
<2198,registrar2-1,roster1-6,write> null
<2199,admissions4-0,stu3-5application3-5,setStatus> null
<2200,admissions2-0,stu5-16application5-16,setStatus> null
<2201,admissions4-0,application5-2,setStatus> null
<2202,registrar2-1,transcript4-1,read> null
<2203,admissions2-0,stu5-11application5-11,read> null
<2204,admissions2-1,stu0-2application0-2,setStatus> null
<2205,registrar4-0,roster2-4,read> null
<2206,admissions4-0,application4-3,read> null
<2207,admissions0-1,stu4-9application4-9,setStatus> null
<2208,admissions0-0,stu2-3application2-3,read> null
<2209,stu1-12,gradebook1-2,readMyScores> null
<2210,fac3-3,gradebook3-7,changeScore> null
<2211,registrar0-0,roster3-2,read> null
<2212,stu5-8,gradebook5-1,readMyScores> null
<2213,stu5-8,gradebook5-2,readMyScores> null
<2214,stu5-8,gradebook5-5,readMyScores> null
<2215,stu2-4,stu2-4application2-4,checkStatus> null
<2216,admissions4-1,stu1-3application1-3,read> null
<2217,registrar0-1,transcript1-2,read> null
<2218,registrar4-1,transcript4-19,read> null
<2219,registrar0-1,transcript1-1,read> null
<2220,stu2-13,gradebook2-9,addScore> null
<2221,stu1-14,gradebook1-9,readScore> null
<2222,registrar0-1,transcript1-9,read> null
<2223,admissions4-0,stu0-17application0-17,read> null
<2224,admissions0-0,stu1-13application1-13,read> null
<2225,registrar0-1,transcript1-4,read> null
<2226,registrar2-1,transcript3-15,read> null
<2227,stu5-7,gradebook5-9,readMyScores> null
<2228,registrar0-1,transcript1-5,read> null
<2229,registrar2-1,roster1-4,write> null
<2230,admissions0-0,stu1-1application1-1,setStatus> null
<2231,stu5-7,gradebook5-5,readMyScores> null
<2232,stu5-7,gradebook5-7,readMyScores> null
<2233,admissions4-0,stu1-16application1-16,read> null
<2234,registrar0-0,transcript1-0,read> null
<2235,registrar2-0,roster0-8,read> null
<2236,admissions0-0,stu0-0application0-0,setStatus> null
<2237,admissions2-1,stu4-0application4-0,read> null
<2238,registrar0-0,transcript1-8,read> null
<2239,registrar0-0,transcript1-9,read> null
<2240,registrar0-0,transcript1-7,read> null
<2241,registrar0-0,transcript1-4,read> null
<2242,registrar0-0,transcript1-2,read> null
<2243,stu5-6,gradebook5-5,readMyScores> null
<2244,registrar2-0,transcript0-18,read> null
<2245,registrar4-0,roster1-4,read> null
<2246,admissions2-0,stu5-3application5-3,read> null
<2247,stu5-6,gradebook5-3,readMyScores> null
<2248,stu5-6,gradebook5-4,readMyScores> null
<2249,admissions4-1,stu3-15application3-15,read> null
<2250,registrar2-0,transcript4-10,read> null
<2251,stu5-6,gradebook5-1,readMyScores> null
<2252,registrar2-0,transcript4-11,read> null
<2253,registrar2-0,transcript4-12,read> null
<2254,stu4-14,stu4-14application4-14,checkStatus> null
<2255,registrar2-0,transcript4-13,read> null
<2256,registrar4-0,roster0-4,write> null
<2257,admissions4-0,stu3-16application3-16,setStatus> null
<2258,stu1-19,gradebook1-1,addScore> null
<2259,stu3-18,gradebook3-4,readMyScores> null
<2260,registrar2-0,transcript0-6,read> null
<2261,stu3-18,gradebook3-5,readMyScores> null
<2262,admissions2-0,stu0-16application0-16,read> null
<2263,admissions2-1,stu5-5application5-5,setStatus> null
<2264,registrar2-1,transcript0-8,read> null
<2265,stu3-18,gradebook3-2,readMyScores> null
<2266,registrar2-1,transcript0-9,read> null
<2267,registrar2-1,transcript0-7,read> null
<2268,stu4-12,gradebook4-4,addScore> null
<2269,registrar2-1,transcript0-1,read> null
<2270,registrar2-1,transcript0-5,read> null
<2271,registrar4-0,roster1-6,read> null
<2272,registrar4-0,roster3-9,write> null
<2273,registrar2-1,transcript0-4,read> null
<2274,stu5-5,gradebook5-2,readMyScores> null
<2275,registrar2-1,roster0-4,read> null
<2276,stu5-2,gradebook5-6,readMyScores> null
<2277,admissions0-1,stu5-2application5-2,setStatus> null
<2278,registrar4-0,transcript2-5,read> null
<2279,registrar2-1,transcript0-3,read> null
<2280,admissions4-0,stu5-15application5-15,read> null
<2281,stu5-5,gradebook5-7,readMyScores> null
<2282,registrar4-0,roster3-5,write> null
<2283,registrar4-0,roster3-4,write> null
<2284,stu5-5,gradebook5-9,readMyScores> null
<2285,registrar2-1,roster0-9,write> null
<2286,registrar4-0,roster3-7,write> null
<2287,registrar4-0,roster3-6,write> null
<2288,stu0-10,gradebook0-8,addScore> null
<2289,registrar4-0,transcript2-0,read> null
<2290,registrar4-0,roster3-1,write> null
<2291,registrar4-0,roster3-3,write> null
<2292,stu3-19,gradebook3-9,readMyScores> null
<2293,stu1-11,gradebook1-7,readScore> null
<2294,stu3-19,gradebook3-6,readMyScores> null
<2295,stu3-19,gradebook3-8,readMyScores> null
<2296,stu3-16,gradebook3-4,addScore> null
<2297,admissions4-0,stu1-3application1-3,read> null
<2298,registrar2-0,transcript1-10,read> null
<2299,admissions4-0,application5-3,read> null
<2300,fac0-1,gradebook0-3,addScore> null
<2301,registrar2-0,transcript0-5,read> null
<2302,registrar2-0,transcript0-7,read> null
<2303,registrar2-0,transcript0-9,read> null
<2304,stu4-13,gradebook4-4,addScore> null
<2305,registrar2-0,transcript0-2,read> null
<2306,registrar2-1,transcript0-10,read> null
<2307,registrar2-0,transcript0-3,read> null
<2308,stu5-4,gradebook5-6,readMyScores> null
<2309,stu5-4,gradebook5-5,readMyScores> null
<2310,stu1-10,gradebook1-2,readScore> null
<2311,admissions0-0,application1-3,read> null
<2312,admissions0-0,application1-4,read> null
<2313,admissions0-0,application1-1,read> null
<2314,admissions0-0,application1-2,read> null
<2315,admissions0-0,application1-0,read> null
<2316,admissions4-0,stu5-4application5-4,setStatus> null
<2317,admissions0-1,stu2-11application2-11,read> null
<2318,admissions0-0,stu3-14application3-14,setStatus> null
<2319,admissions4-1,stu4-11application4-11,setStatus> null
<2320,stu5-3,gradebook5-3,readMyScores> null
<2321,stu5-3,gradebook5-2,readMyScores> null
<2322,registrar0-0,transcript4-18,read> null
<2323,admissions4-1,stu3-12application3-12,read> null
<2324,admissions2-1,stu5-11application5-11,read> null
<2325,stu1-16,gradebook1-5,addScore> null
<2326,admissions2-1,stu3-9application3-9,setStatus> null
<2327,admissions4-1,stu2-8application2-8,read> null
<2328,admissions0-0,stu4-9application4-9,read> null
<2329,registrar0-0,transcript4-1,read> null
<2330,stu5-3,gradebook5-4,readMyScores> null
<2331,registrar4-0,transcript3-14,read> null
<2332,registrar2-1,transcript2-15,read> null
<2333,admissions0-1,application1-4,read> null
<2334,admissions0-1,application1-0,read> null
<2335,registrar0-0,transcript4-15,read> null
<2336,admissions0-1,application1-1,read> null
<2337,admissions4-1,stu0-10application0-10,read> null
<2338,admissions0-1,application1-2,read> null
<2339,registrar0-0,transcript3-1,read> null
<2340,registrar2-1,transcript2-17,read> null
<2341,admissions4-1,stu0-6application0-6,read> null
<2342,admissions2-1,stu4-1application4-1,setStatus> null
<2343,registrar4-0,roster0-5,write> null
<2344,admissions0-1,application1-3,read> null
<2345,admissions2-1,stu5-0application5-0,read> null
<2346,admissions0-0,stu2-11application2-11,read> null
<2347,admissions2-1,stu2-9application2-9,read> null
<2348,admissions4-0,stu4-11application4-11,setStatus> null
<2349,admissions2-1,stu0-16application0-16,read> null
<2350,admissions4-1,stu5-15application5-15,read> null
<2351,admissions0-0,stu0-12application0-12,read> null
<2352,stu5-12,stu5-12application5-12,checkStatus> null
<2353,admissions0-0,stu1-8application1-8,setStatus> null
<2354,admissions4-0,stu3-12application3-12,read> null
<2355,stu1-17,gradebook1-4,addScore> null
<2356,admissions2-0,stu3-18application3-18,setStatus> null
<2357,stu5-2,gradebook5-9,readMyScores> null
<2358,registrar2-1,transcript1-1,read> null
<2359,admissions2-0,stu1-17application1-17,read> null
<2360,stu5-2,gradebook5-5,readMyScores> null
<2361,registrar4-0,roster2-5,write> null
<2362,stu5-2,gradebook5-3,readMyScores> null
<2363,admissions4-0,stu5-15application5-15,setStatus> null
<2364,registrar4-1,transcript1-3,read> null
<2365,admissions4-0,stu3-19application3-19,read> null
<2366,admissions2-1,stu4-18application4-18,setStatus> null
<2367,admissions2-1,stu3-3application3-3,read> null
<2368,registrar4-1,transcript1-0,read> null
<2369,stu4-7,gradebook4-5,readMyScores> null
<2370,registrar4-1,transcript1-2,read> null
<2371,admissions2-1,stu4-5application4-5,read> null
<2372,registrar0-1,roster5-6,read> null
<2373,registrar4-1,transcript1-8,read> null
<2374,admissions2-0,application2-1,read> null
<2375,registrar4-1,transcript1-7,read> null
<2376,admissions2-1,application3-1,setStatus> null
<2377,admissions2-0,application2-0,read> null
<2378,stu2-9,gradebook2-9,readMyScores> null
<2379,registrar0-1,roster3-9,write> null
<2380,admissions4-1,stu5-4application5-4,read> null
<2381,stu5-9,gradebook5-3,readScore> null
<2382,admissions2-0,application2-3,read> null
<2383,admissions4-1,stu5-4application5-4,setStatus> null
<2384,admissions2-0,application2-2,read> null
<2385,admissions4-0,stu0-10application0-10,setStatus> null
<2386,registrar2-0,transcript3-15,read> null
<2387,registrar4-0,transcript1-5,read> null
<2388,admissions4-1,stu3-7application3-7,read> null
<2389,admissions2-1,application2-0,read> null
<2390,admissions4-1,stu5-5application5-5,setStatus> null
<2391,registrar4-0,transcript1-9,read> null
<2392,admissions2-1,application2-4,read> null
<2393,admissions2-1,application2-3,read> null
<2394,registrar4-0,transcript1-7,read> null
<2395,admissions2-1,application2-2,read> null
<2396,registrar0-0,transcript4-6,read> null
<2397,registrar4-0,transcript1-6,read> null
<2398,admissions2-1,application2-1,read> null
<2399,admissions4-0,stu5-17application5-17,read> null
<2400,admissions2-1,stu5-17application5-17,read> null
<2401,fac1-1,gradebook1-3,assignGrade> null
<2402,admissions0-1,stu3-14application3-14,setStatus> null
<2403,admissions4-1,application5-0,read> null
<2404,admissions0-1,stu0-19application0-19,setStatus> null
<2405,admissions4-1,stu3-9application3-9,read> null
<2406,admissions4-0,stu0-13application0-13,setStatus> null
<2407,stu3-8,gradebook3-7,readMyScores> null
<2408,admissions4-0,stu5-5application5-5,setStatus> null
<2409,admissions4-0,stu2-13application2-13,read> null
<2410,admissions0-0,stu5-0application5-0,setStatus> null
<2411,admissions4-1,stu3-17application3-17,read> null
<2412,registrar2-0,transcript5-7,read> null
<2413,admissions0-0,stu2-8application2-8,setStatus> null
<2414,admissions0-0,stu0-19application0-19,setStatus> null
<2415,admissions2-0,stu2-19application2-19,read> null
<2416,admissions4-1,stu0-13application0-13,setStatus> null
<2417,registrar0-0,transcript0-11,read> null
<2418,admissions0-1,stu5-16application5-16,setStatus> null
<2419,stu3-9,gradebook3-8,readMyScores> null
<2420,admissions2-0,stu4-18application4-18,setStatus> null
<2421,stu3-9,gradebook3-4,readMyScores> null
<2422,admissions4-1,stu2-13application2-13,read> null
<2423,admissions4-0,stu5-4application5-4,read> null
<2424,stu3-6,gradebook3-2,readMyScores> null
<2425,stu2-18,gradebook2-2,readScore> null
<2426,admissions4-1,application4-0,read> null
<2427,admissions0-1,stu1-5application1-5,setStatus> null
<2428,stu3-6,gradebook3-6,readMyScores> null
<2429,registrar0-0,transcript2-9,read> null
<2430,stu3-6,gradebook3-3,readMyScores> null
<2431,registrar4-1,transcript5-12,read> null
<2432,stu1-6,gradebook1-2,readScore> null
<2433,registrar4-1,transcript5-13,read> null
<2434,admissions2-1,stu5-10application5-10,read> null
<2435,registrar4-1,transcript5-10,read> null
<2436,admissions2-1,application5-3,setStatus> null
<2437,registrar0-0,transcript2-7,read> null
<2438,registrar4-1,transcript5-11,read> null
<2439,registrar4-1,transcript5-16,read> null
<2440,registrar4-1,transcript5-17,read> null
<2441,registrar0-0,transcript2-4,read> null
<2442,registrar4-1,transcript5-14,read> null
<2443,registrar4-1,transcript5-15,read> null
<2444,registrar4-0,transcript5-19,read> null
<2445,stu3-3,transcript3-3,read> null
<2446,registrar4-0,transcript5-18,read> null
<2447,registrar0-0,transcript0-5,read> null
<2448,registrar4-0,transcript5-17,read> null
<2449,admissions4-1,application4-3,read> null
<2450,admissions4-1,application4-4,read> null
<2451,stu4-3,gradebook4-8,readMyScores> null
<2452,stu2-17,gradebook2-8,readScore> null
<2453,admissions4-1,application4-1,read> null
<2454,admissions4-1,stu4-9application4-9,read> null
<2455,admissions4-1,application4-2,read> null
<2456,admissions0-1,stu2-17application2-17,setStatus> null
<2457,admissions4-1,stu1-11application1-11,setStatus> null
<2458,stu3-7,gradebook3-5,readMyScores> null
<2459,stu3-7,gradebook3-6,readMyScores> null
<2460,registrar0-1,transcript2-9,read> null
<2461,stu3-7,gradebook3-9,readMyScores> null
<2462,admissions2-1,stu3-11application3-11,setStatus> null
<2463,registrar0-1,transcript2-8,read> null
<2464,chair1,transcript1-15,read> null
<2465,registrar4-0,transcript5-10,read> null
<2466,stu3-7,gradebook3-8,readMyScores> null
<2467,registrar0-1,transcript2-7,read> null
<2468,registrar4-0,transcript5-11,read> null
<2469,admissions2-0,stu5-10application5-10,read> null
<2470,registrar0-1,transcript2-6,read> null
<2471,registrar4-0,transcript5-12,read> null
<2472,stu4-2,gradebook4-7,readMyScores> null
<2473,fac1-0,gradebook1-1,assignGrade> null
<2474,registrar4-0,transcript5-13,read> null
<2475,registrar4-0,transcript5-14,read> null
<2476,stu2-11,gradebook2-4,readMyScores> null
<2477,registrar4-0,transcript5-15,read> null
<2478,registrar0-1,transcript2-2,read> null
<2479,registrar4-0,transcript5-16,read> null
<2480,registrar0-1,transcript2-0,read> null
<2481,admissions4-1,stu3-19application3-19,setStatus> null
<2482,registrar0-1,transcript2-1,read> null
<2483,admissions2-1,stu1-4application1-4,read> null
<2484,stu2-10,gradebook2-9,readMyScores> null
<2485,admissions4-0,application4-0,read> null
<2486,registrar2-0,roster2-3,read> null
<2487,admissions4-0,stu4-9application4-9,read> null
<2488,admissions4-0,application4-1,read> null
<2489,admissions4-0,application4-2,read> null
<2490,registrar4-0,transcript2-1,read> null
<2491,registrar4-1,transcript3-16,read> null
<2492,registrar2-0,roster0-7,write> null
<2493,registrar4-0,transcript2-4,read> null
<2494,admissions0-0,stu2-16application2-16,read> null
<2495,stu3-4,gradebook3-2,readMyScores> null
<2496,registrar2-0,roster0-6,write> null
<2497,registrar4-0,transcript2-3,read> null
<2498,registrar2-0,roster0-5,write> null
<2499,registrar2-0,roster0-4,write> null
<2500,registrar2-0,roster0-3,write> null
<2501,admissions2-1,stu0-10application0-10,read> null
<2502,stu3-4,gradebook3-8,readMyScores> null
<2503,stu3-4,gradebook3-7,readMyScores> null
<2504,stu3-4,gradebook3-6,readMyScores> null
<2505,admissions4-0,stu3-19application3-19,setStatus> null
<2506,admissions0-0,stu0-13application0-13,read> null
<2507,stu5-11,transcript5-11,read> null
<2508,registrar4-0,transcript2-9,read> null
<2509,registrar4-0,transcript2-6,read> null
<2510,registrar4-0,transcript2-7,read> null
<2511,registrar4-0,transcript2-8,read> null
<2512,registrar4-1,transcript2-5,read> null
<2513,admissions2-0,stu4-12application4-12,setStatus> null
<2514,registrar4-1,transcript2-3,read> null
<2515,registrar4-1,transcript2-2,read> null
<2516,admissions2-0,stu5-18application5-18,setStatus> null
<2517,admissions2-0,application3-3,setStatus> null
<2518,stu3-5,gradebook3-7,readMyScores> null
<2519,stu3-5,gradebook3-9,readMyScores> null
<2520,stu3-5,gradebook3-8,readMyScores> null
<2521,registrar4-1,transcript2-6,read> null
<2522,stu2-16,gradebook2-9,readScore> null
<2523,registrar4-1,transcript2-7,read> null
<2524,registrar4-1,transcript3-18,read> null
<2525,admissions2-1,stu3-12application3-12,read> null
<2526,admissions0-0,stu4-16application4-16,setStatus> null
<2527,admissions2-0,stu4-5application4-5,read> null
<2528,fac0-3,gradebook0-6,changeScore> null
<2529,registrar0-1,transcript0-5,read> null
<2530,admissions2-0,application2-0,setStatus> null
<2531,admissions2-0,application2-1,setStatus> null
<2532,stu5-9,stu5-9application5-9,checkStatus> null
<2533,admissions0-0,stu5-11application5-11,read> null
<2534,stu2-13,gradebook2-9,readScore> null
<2535,admissions0-0,stu3-8application3-8,read> null
<2536,stu3-2,gradebook3-3,readMyScores> null
<2537,admissions0-1,stu5-6application5-6,setStatus> null
<2538,admissions4-1,stu3-3application3-3,read> null
<2539,admissions0-1,stu3-3application3-3,setStatus> null
<2540,admissions2-1,application2-0,setStatus> null
<2541,stu2-14,gradebook2-7,readMyScores> null
<2542,stu3-2,gradebook3-9,readMyScores> null
<2543,admissions2-0,application2-4,setStatus> null
<2544,admissions0-1,stu5-0application5-0,setStatus> null
<2545,admissions2-0,application2-3,setStatus> null
<2546,admissions2-0,application2-2,setStatus> null
<2547,registrar0-1,roster0-1,read> null
<2548,admissions0-0,stu2-9application2-9,read> null
<2549,stu2-14,gradebook2-1,readMyScores> null
<2550,registrar2-1,roster0-1,write> null
<2551,admissions2-1,application2-1,setStatus> null
<2552,admissions2-1,application2-2,setStatus> null
<2553,stu1-5,gradebook1-9,readScore> null
<2554,registrar4-1,roster4-9,read> null
<2555,admissions4-1,stu0-16application0-16,setStatus> null
<2556,admissions2-0,stu4-16application4-16,setStatus> null
<2557,admissions0-0,stu5-6application5-6,setStatus> null
<2558,fac2-1,gradebook2-2,assignGrade> null
<2559,stu3-3,gradebook3-4,readMyScores> null
<2560,chair1,transcript1-17,read> null
<2561,admissions2-0,stu2-9application2-9,read> null
<2562,admissions0-0,stu5-17application5-17,setStatus> null
<2563,stu3-3,gradebook3-8,readMyScores> null
<2564,registrar2-1,roster0-4,write> null
<2565,fac4-2,gradebook4-4,assignGrade> null
<2566,admissions2-1,application2-4,setStatus> null
<2567,admissions0-1,stu2-9application2-9,read> null
<2568,admissions2-1,application2-3,setStatus> null
<2569,registrar2-1,roster0-3,write> null
<2570,stu2-15,gradebook2-2,readMyScores> null
<2571,fac2-4,gradebook2-9,assignGrade> null
<2572,stu3-3,gradebook3-2,readMyScores> null
<2573,registrar2-1,roster0-8,write> null
<2574,stu2-15,gradebook2-1,readMyScores> null
<2575,admissions0-0,stu4-12application4-12,read> null
<2576,registrar2-1,roster0-6,write> null
<2577,registrar2-1,roster0-7,write> null
<2578,admissions2-1,application3-2,setStatus> null
<2579,admissions4-0,stu3-13application3-13,setStatus> null
<2580,admissions2-1,stu2-9application2-9,setStatus> null
<2581,stu2-11,gradebook2-7,readMyScores> null
<2582,admissions2-0,stu1-4application1-4,read> null
<2583,admissions0-0,stu2-15application2-15,setStatus> null
<2584,admissions2-0,stu1-10application1-10,setStatus> null
<2585,fac1-2,gradebook1-4,assignGrade> null
<2586,stu0-0,gradebook0-6,readMyScores> null
<2587,admissions4-0,application0-3,read> null
<2588,stu2-12,gradebook2-4,readMyScores> null
<2589,stu3-0,gradebook3-6,readMyScores> null
<2590,stu2-12,gradebook2-1,readMyScores> null
<2591,stu3-0,gradebook3-1,readMyScores> null
<2592,stu3-0,gradebook3-2,readMyScores> null
<2593,admissions0-0,stu3-3application3-3,setStatus> null
<2594,admissions2-1,stu5-12application5-12,read> null
<2595,admissions4-1,stu1-15application1-15,setStatus> null
<2596,admissions2-0,stu3-8application3-8,setStatus> null
<0,admissions4-0,stu2-11application2-11,setStatus> null
<1,chair0,transcript0-0,read> null
<2,admissions0-0,stu3-2application3-2,read> null
<3,stu1-19,stu1-19application1-19,checkStatus> null
<4,chair0,transcript0-2,read> null
<5,admissions2-0,stu3-15application3-15,setStatus> null
<6,admissions2-0,stu2-9application2-9,setStatus> null
<7,admissions0-1,stu5-11application5-11,read> null
<8,admissions4-1,stu5-17application5-17,read> null
<9,admissions0-1,stu2-15application2-15,setStatus> null
<10,admissions2-1,stu1-10application1-10,setStatus> null
<11,admissions4-0,stu0-8application0-8,setStatus> null
<12,registrar4-1,transcript5-18,read> null
<13,stu1-3,gradebook1-9,readScore> null
<14,admissions4-0,stu3-7application3-7,read> null
<15,registrar4-1,transcript5-19,read> null
<16,stu2-13,gradebook2-8,readMyScores> null
<17,stu3-1,gradebook3-6,readMyScores> null
<18,stu3-1,gradebook3-7,readMyScores> null
<19,stu2-13,gradebook2-3,readMyScores> null
<20,stu2-13,gradebook2-1,readMyScores> null
<21,admissions4-1,stu2-11application2-11,setStatus> null
<22,registrar2-0,roster2-8,read> null
<23,registrar2-0,roster2-9,read> null
<24,admissions2-1,stu1-6application1-6,setStatus> null
<25,stu2-18,gradebook2-1,readMyScores> null
<26,admissions4-0,stu2-18application2-18,setStatus> null
<27,registrar2-1,roster2-6,read> null
<28,stu2-18,gradebook2-7,readMyScores> null
<29,registrar2-1,roster2-5,read> null
<30,admissions4-0,stu3-4application3-4,setStatus> null
<31,stu2-18,gradebook2-8,readMyScores> null
<32,registrar2-1,roster2-8,read> null
<33,registrar2-1,roster2-2,read> null
<34,registrar2-1,roster2-1,read> null
<35,admissions0-1,stu5-2application5-2,read> null
<36,registrar2-1,roster2-4,read> null
<37,registrar0-0,roster4-6,read> null
<38,registrar2-1,roster2-3,read> null
<39,fac0-3,gradebook0-7,changeScore> null
<40,stu1-8,gradebook1-1,readScore> null
<41,stu2-19,gradebook2-2,readMyScores> null
<42,stu3-1,transcript3-1,read> null
<43,stu2-19,gradebook2-5,readMyScores> null
<44,admissions4-0,stu1-15application1-15,setStatus> null
<45,stu2-19,gradebook2-3,readMyScores> null
<46,admissions4-1,stu5-13application5-13,setStatus> null
<47,stu2-17,gradebook2-5,readMyScores> null
<48,stu2-19,gradebook2-9,readMyScores> null
<49,registrar2-0,roster2-7,read> null
<50,registrar0-1,transcript2-18,read> null
<51,admissions2-0,stu1-12application1-12,read> null
<52,registrar2-0,transcript4-9,read> null
<53,admissions0-1,stu0-10application0-10,setStatus> null
<54,registrar2-0,roster2-5,read> null
<55,admissions2-0,stu3-11application3-11,read> null
<56,registrar2-0,roster2-4,read> null
<57,registrar4-1,roster0-2,read> null
<58,registrar2-0,roster2-2,read> null
<59,registrar2-0,roster2-1,read> null
<60,registrar0-1,roster0-2,read> null
<61,registrar0-1,roster0-3,read> null
<62,registrar0-1,roster0-4,read> null
<63,registrar0-1,roster0-6,read> null
<64,registrar0-1,roster0-7,read> null
<65,registrar0-1,roster0-8,read> null
<66,registrar4-0,roster0-1,write> null
<67,registrar0-0,roster0-9,read> null
<68,admissions2-1,stu5-6application5-6,read> null
<69,registrar0-0,roster0-8,read> null
<70,admissions0-1,stu4-12application4-12,read> null
<71,stu2-16,gradebook2-5,readMyScores> null
<72,stu2-16,gradebook2-6,readMyScores> null
<73,admissions2-0,stu3-10application3-10,read> null
<74,registrar0-0,roster0-3,read> null
<75,admissions2-0,stu1-6application1-6,setStatus> null
<76,admissions4-1,stu3-19application3-19,read> null
<77,registrar0-0,roster0-1,read> null
<78,registrar0-0,roster0-7,read> null
<79,registrar0-0,roster0-4,read> null
<80,stu2-17,gradebook2-3,readMyScores> null
<81,admissions4-1,stu4-16application4-16,setStatus> null
<82,admissions2-0,stu5-6application5-6,read> null
<83,stu4-10,stu4-10application4-10,checkStatus> null
<84,registrar2-1,transcript1-14,read> null
<85,admissions4-1,stu2-18application2-18,setStatus> null
<86,registrar2-1,transcript1-3,read> null
<87,registrar4-0,roster2-9,write> null
<88,admissions0-0,stu4-0application4-0,setStatus> null
<89,stu5-0,gradebook5-3,addScore> null
<90,registrar2-1,transcript1-0,read> null
<91,admissions4-1,stu1-3application1-3,setStatus> null
<92,registrar4-0,roster2-3,write> null
<93,registrar4-0,roster2-4,write> null
<94,registrar4-0,roster2-2,write> null
<95,registrar4-0,roster2-7,write> null
<96,admissions2-0,stu4-8application4-8,setStatus> null
<97,registrar4-0,roster2-6,write> null
<98,registrar2-1,transcript1-6,read> null
<99,fac4-1,gradebook4-2,assignGrade> null
<100,registrar2-1,transcript1-5,read> null
<101,registrar2-1,transcript1-8,read> null
<102,registrar2-0,transcript1-2,read> null
<103,admissions2-0,stu5-0application5-0,setStatus> null
<104,fac4-3,gradebook4-7,assignGrade> null
<105,admissions4-0,stu3-11application3-11,setStatus> null
<106,admissions0-1,stu3-5application3-5,read> null
<107,admissions0-1,stu0-13application0-13,read> null
<108,admissions2-0,stu5-8application5-8,setStatus> null
<109,registrar0-0,transcript5-5,read> null
<110,admissions4-0,stu2-5application2-5,setStatus> null
<111,admissions4-1,stu5-2application5-2,read> null
<112,admissions2-0,stu5-11application5-11,setStatus> null
<113,registrar2-0,transcript1-6,read> null
<114,registrar2-0,transcript1-5,read> null
<115,registrar2-0,transcript1-4,read> null
<116,registrar4-0,roster3-4,read> null
<117,admissions2-0,stu1-11application1-11,read> null
<118,registrar4-0,roster1-8,read> null
<119,admissions4-1,stu2-3application2-3,setStatus> null
<120,admissions0-0,application2-4,setStatus> null
<121,admissions0-0,application2-1,setStatus> null
<122,admissions0-0,application2-0,setStatus> null
<123,registrar2-0,transcript2-10,read> null
<124,registrar4-0,transcript0-10,read> null
<125,admissions0-0,application2-3,setStatus> null
<126,registrar2-0,roster5-2,write> null
<127,registrar2-0,transcript2-11,read> null
<128,registrar4-0,transcript0-11,read> null
<129,admissions0-0,application2-2,setStatus> null
<130,registrar4-1,transcript3-6,read> null
<131,admissions4-1,stu3-11application3-11,setStatus> null
<132,admissions2-1,stu5-0application5-0,setStatus> null
<133,admissions4-1,stu5-7application5-7,read> null
<134,admissions4-1,stu4-7application4-7,setStatus> null
<135,admissions0-1,stu5-19application5-19,read> null
<136,admissions0-1,stu4-0application4-0,setStatus> null
<137,admissions0-1,application2-3,setStatus> null
<138,admissions0-1,application2-0,read> null
<139,admissions0-1,application2-2,setStatus> null
<140,registrar2-0,transcript3-11,read> null
<141,admissions0-1,application2-1,setStatus> null
<142,registrar4-1,roster2-4,read> null
<143,registrar4-1,roster2-6,write> null
<144,admissions4-1,stu4-5application4-5,setStatus> null
<145,registrar4-1,roster2-8,write> null
<146,admissions0-1,stu1-11application1-11,read> null
<147,registrar4-1,roster2-9,write> null
<148,registrar4-1,roster2-2,write> null
<149,admissions4-0,stu5-7application5-7,read> null
<150,registrar4-1,roster2-3,write> null
<151,registrar4-1,roster2-4,write> null
<152,registrar4-1,roster2-5,write> null
<153,stu4-6,transcript4-6,read> null
<154,registrar4-1,roster2-1,write> null
<155,registrar2-1,roster0-5,read> null
<156,admissions4-0,stu4-5application4-5,setStatus> null
<157,admissions0-1,stu5-8application5-8,read> null
<158,admissions4-0,stu5-11application5-11,setStatus> null
<159,admissions4-1,stu2-0application2-0,setStatus> null
<160,admissions0-0,stu4-13application4-13,read> null
<161,admissions4-1,application3-1,setStatus> null
<162,admissions2-0,stu0-11application0-11,setStatus> null
<163,admissions4-0,stu1-17application1-17,read> null
<164,admissions0-1,stu2-3application2-3,read> null
<165,admissions4-0,stu2-0application2-0,setStatus> null
<166,admissions0-1,stu1-18application1-18,read> null
<167,registrar0-1,transcript0-7,read> null
<168,admissions0-1,stu4-2application4-2,read> null
<169,admissions2-0,stu0-9application0-9,setStatus> null
<170,admissions2-0,stu1-7application1-7,setStatus> null
<171,admissions0-0,stu1-18application1-18,read> null
<172,stu1-0,gradebook1-3,readScore> null
<173,admissions2-0,stu3-6application3-6,setStatus> null
<174,admissions2-0,stu1-4application1-4,setStatus> null
<175,admissions4-1,stu2-1application2-1,read> null
<176,admissions4-1,stu5-3application5-3,setStatus> null
<177,admissions2-1,stu1-16application1-16,setStatus> null
<178,fac3-4,roster3-8,read> null
<179,admissions2-1,stu2-13application2-13,setStatus> null
<180,admissions2-1,stu1-7application1-7,setStatus> null
<181,admissions4-0,stu1-17application1-17,setStatus> null
<182,admissions2-0,stu2-13application2-13,setStatus> null
<183,registrar0-1,roster4-7,read> null
<184,registrar2-1,transcript5-5,read> null
<185,admissions2-1,stu1-7application1-7,read> null
<186,admissions0-0,application0-3,read> null
<187,admissions0-0,application0-2,read> null
<188,admissions0-0,application0-1,read> null
<189,admissions0-0,application0-0,read> null
<190,stu5-1,gradebook5-9,readScore> null
<191,registrar0-1,transcript0-0,read> null
<192,registrar4-0,transcript3-0,read> null
<193,registrar0-1,transcript0-3,read> null
<194,registrar2-0,transcript4-8,read> null
<195,fac5-3,gradebook5-7,assignGrade> null
<196,admissions2-1,stu3-2application3-2,read> null
<197,registrar0-1,transcript0-2,read> null
<198,admissions0-0,application0-4,read> null
<199,registrar0-1,transcript0-6,read> null
<200,stu1-8,gradebook1-7,readMyScores> null
<201,registrar0-1,transcript0-8,read> null
<202,admissions2-0,stu1-7application1-7,read> null
<203,registrar4-0,roster0-6,write> null
<204,registrar0-1,transcript0-9,read> null
<205,admissions2-0,stu4-6application4-6,read> null
<206,registrar0-1,roster4-6,write> null
<207,admissions0-1,application0-2,read> null
<208,admissions0-1,application0-1,read> null
<209,admissions0-1,application0-4,read> null
<210,admissions2-1,stu1-4application1-4,setStatus> null
<211,admissions0-1,application0-3,read> null
<212,registrar0-0,transcript0-2,read> null
<213,registrar0-0,transcript0-1,read> null
<214,admissions2-1,stu3-6application3-6,setStatus> null
<215,stu5-0,gradebook5-3,readScore> null
<216,admissions2-0,stu1-16application1-16,read> null
<217,stu1-13,transcript1-13,read> null
<218,admissions4-0,stu5-3application5-3,setStatus> null
<219,admissions2-1,stu0-1application0-1,read> null
<220,registrar0-0,transcript0-6,read> null
<221,registrar2-1,roster4-3,write> null
<222,registrar0-0,transcript0-3,read> null
<223,registrar0-0,transcript0-4,read> null
<224,registrar0-0,transcript0-9,read> null
<225,admissions0-1,application4-1,read> null
<226,registrar0-0,transcript0-7,read> null
<227,admissions2-0,stu1-1application1-1,setStatus> null
<228,registrar0-0,transcript0-8,read> null
<229,admissions0-1,application0-0,read> null
<230,admissions2-0,stu0-19application0-19,read> null
<231,registrar4-1,transcript0-19,read> null
<232,registrar4-1,transcript0-17,read> null
<233,registrar0-1,transcript4-15,read> null
<234,admissions2-1,stu2-4application2-4,read> null
<235,admissions2-0,stu0-1application0-1,read> null
<236,admissions4-0,stu4-7application4-7,setStatus> null
<237,registrar0-0,transcript4-16,read> null
<238,registrar0-0,transcript4-17,read> null
<239,registrar0-1,roster3-7,read> null
<240,registrar2-0,transcript2-17,read> null
<241,registrar2-0,roster0-2,read> null
<242,admissions4-1,application5-2,read> null
<243,registrar4-0,transcript0-17,read> null
<244,stu5-2,gradebook5-4,readScore> null
<245,registrar2-0,transcript2-18,read> null
<246,registrar0-0,transcript4-19,read> null
<247,registrar4-0,transcript0-12,read> null
<248,registrar2-0,transcript2-13,read> null
<249,registrar0-0,transcript4-14,read> null
<250,registrar2-0,transcript2-14,read> null
<251,registrar4-0,transcript0-14,read> null
<252,registrar4-0,transcript0-15,read> null
<253,registrar0-1,transcript4-10,read> null
<254,registrar2-1,transcript2-10,read> null
<255,admissions2-1,stu1-0application1-0,read> null
<256,admissions4-1,stu0-10application0-10,setStatus> null
<257,registrar2-1,transcript2-12,read> null
<258,registrar0-1,transcript4-11,read> null
<259,admissions4-1,stu2-5application2-5,setStatus> null
<260,admissions2-0,stu2-4application2-4,read> null
<261,admissions2-0,stu2-8application2-8,read> null
<262,admissions4-1,stu4-8application4-8,setStatus> null
<263,stu5-4,gradebook5-2,readScore> null
<264,registrar4-1,transcript0-2,read> null
<265,stu1-2,gradebook1-9,readMyScores> null
<266,registrar4-1,transcript0-3,read> null
<267,admissions0-0,stu4-3application4-3,read> null
<268,stu1-2,gradebook1-3,readMyScores> null
<269,registrar4-1,transcript0-6,read> null
<270,stu1-2,gradebook1-5,readMyScores> null
<271,stu1-2,gradebook1-6,readMyScores> null
<272,admissions2-0,application3-0,read> null
<273,registrar4-1,transcript0-9,read> null
<274,admissions0-1,stu2-10application2-10,read> null
<275,admissions2-0,application3-1,read> null
<276,admissions2-0,application3-4,read> null
<277,fac1-3,gradebook1-7,assignGrade> null
<278,admissions4-1,stu1-19application1-19,read> null
<279,registrar4-0,transcript4-15,read> null
<280,admissions0-1,stu0-9application0-9,read> null
<281,registrar4-0,transcript0-1,read> null
<282,admissions2-1,application4-1,setStatus> null
<283,registrar4-0,transcript0-0,read> null
<284,stu1-3,gradebook1-6,readMyScores> null
<285,fac5-4,gradebook5-9,changeScore> null
<286,registrar4-0,transcript0-3,read> null
<287,registrar4-0,transcript0-4,read> null
<288,registrar0-1,transcript2-10,read> null
<289,stu1-3,gradebook1-2,readMyScores> null
<290,admissions2-0,stu1-19application1-19,setStatus> null
<291,admissions2-1,stu1-12application1-12,read> null
<292,admissions0-0,stu5-14application5-14,read> null
<293,admissions2-1,application3-3,read> null
<294,admissions2-1,application3-2,read> null
<295,registrar2-0,transcript1-11,read> null
<296,registrar4-0,transcript0-9,read> null
<297,admissions2-1,application3-1,read> null
<298,registrar4-0,transcript0-8,read> null
<299,admissions2-1,application3-0,read> null
<300,admissions0-0,stu0-9application0-9,read> null
<301,admissions2-1,application3-4,read> null
<302,stu1-4,gradebook1-8,readMyScores> null
<303,stu1-4,gradebook1-1,readMyScores> null
<304,admissions2-1,stu1-19application1-19,setStatus> null
<305,admissions2-1,stu0-14application0-14,read> null
<306,admissions0-1,stu4-3application4-3,read> null
<307,admissions4-1,stu4-18application4-18,setStatus> null
<308,stu1-5,gradebook1-1,readMyScores> null
<309,admissions0-0,stu5-19application5-19,read> null
<310,stu1-5,gradebook1-4,readMyScores> null
<311,stu1-5,gradebook1-3,readMyScores> null
<312,admissions0-0,stu0-7application0-7,setStatus> null
<313,admissions4-0,stu1-19application1-19,read> null
<314,registrar4-0,roster1-7,read> null
<315,admissions2-1,stu4-1application4-1,read> null
<316,admissions4-0,stu4-16application4-16,read> null
<317,admissions4-0,stu4-18application4-18,setStatus> null
<318,admissions4-1,stu4-16application4-16,read> null
<319,admissions0-0,stu5-10application5-10,setStatus> null
<320,admissions2-0,stu3-2application3-2,read> null
<321,registrar2-1,roster1-9,write> null
<322,registrar4-1,roster1-1,write> null
<323,registrar2-1,roster1-5,write> null
<324,registrar2-1,roster1-2,write> null
<325,admissions2-0,stu0-14application0-14,read> null
<326,registrar0-1,transcript0-14,read> null
<327,admissions0-1,stu5-10application5-10,setStatus> null
<328,registrar2-0,roster1-8,write> null
<329,admissions0-1,stu3-15application3-15,read> null
<330,stu3-6,gradebook3-4,readScore> null
<331,stu1-0,gradebook1-2,readMyScores> null
<332,registrar2-0,roster1-3,write> null
<333,registrar2-0,roster1-2,write> null
<334,admissions2-0,stu1-11application1-11,setStatus> null
<335,fac3-3,gradebook3-6,assignGrade> null
<336,registrar2-0,roster1-1,write> null
<337,registrar4-0,transcript3-1,read> null
<338,registrar2-0,roster1-7,write> null
<339,stu1-0,gradebook1-5,readMyScores> null
<340,registrar2-0,roster1-6,write> null
<341,registrar0-0,roster5-2,read> null
<342,registrar4-0,transcript3-3,read> null
<343,stu1-0,gradebook1-8,readMyScores> null
<344,registrar2-0,roster1-5,write> null
<345,registrar4-0,transcript3-2,read> null
<346,stu1-0,gradebook1-7,readMyScores> null
<347,registrar4-0,transcript3-4,read> null
<348,registrar4-0,transcript3-5,read> null
<349,registrar4-0,transcript3-6,read> null
<350,registrar4-0,transcript3-7,read> null
<351,registrar4-0,transcript3-8,read> null
<352,registrar4-0,transcript3-9,read> null
<353,admissions4-0,stu4-4application4-4,setStatus> null
<354,admissions2-0,stu0-8application0-8,setStatus> null
<355,admissions4-0,stu3-10application3-10,read> null
<356,registrar4-1,roster1-9,write> null
<357,stu1-1,gradebook1-1,readMyScores> null
<358,registrar4-1,transcript3-0,read> null
<359,admissions4-0,stu4-19application4-19,setStatus> null
<360,stu1-1,gradebook1-5,readMyScores> null
<361,registrar2-1,roster0-8,read> null
<362,registrar4-1,transcript3-4,read> null
<363,registrar4-1,roster3-1,read> null
<364,stu1-1,gradebook1-9,readMyScores> null
<365,registrar4-1,transcript3-2,read> null
<366,registrar4-1,transcript3-1,read> null
<367,registrar4-1,transcript3-7,read> null
<368,registrar4-1,transcript3-8,read> null
<369,registrar4-1,transcript3-5,read> null
<370,registrar2-1,transcript5-0,read> null
<371,admissions0-0,stu2-10application2-10,read> null
<372,registrar4-1,transcript3-9,read> null
<373,admissions4-1,stu3-10application3-10,read> null
<374,admissions0-0,stu4-15application4-15,read> null
<375,admissions2-0,application1-1,setStatus> null
<376,admissions2-0,application1-2,setStatus> null
<377,admissions2-1,stu1-3application1-3,read> null
<378,stu0-12,stu0-12application0-12,checkStatus> null
<379,admissions4-1,application5-4,read> null
<380,admissions0-0,stu2-17application2-17,read> null
<381,admissions2-0,application1-0,setStatus> null
<382,admissions4-1,application5-3,read> null
<383,admissions2-0,stu4-1application4-1,setStatus> null
<384,stu4-0,gradebook4-7,readMyScores> null
<385,admissions0-1,stu1-17application1-17,read> null
<386,admissions2-0,application1-4,setStatus> null
<387,admissions2-0,application1-3,setStatus> null
<388,admissions0-1,stu4-15application4-15,read> null
<389,admissions2-1,stu1-3application1-3,setStatus> null
<390,admissions0-1,stu2-12application2-12,setStatus> null
<391,admissions2-1,application1-1,setStatus> null
<392,admissions0-1,stu2-17application2-17,read> null
<393,admissions2-1,application1-2,setStatus> null
<394,admissions2-1,application1-3,setStatus> null
<395,admissions0-1,stu3-8application3-8,read> null
<396,admissions4-0,application5-2,read> null
<397,admissions4-0,application5-1,read> null
<398,admissions2-0,stu1-3application1-3,read> null
<399,stu3-9,gradebook3-3,readScore> null
<400,admissions2-0,application4-1,read> null
<401,registrar0-0,transcript1-16,read> null
<402,registrar4-1,roster0-5,read> null
<403,admissions2-1,application1-4,setStatus> null
<404,admissions4-0,stu5-11application5-11,read> null
<405,admissions0-0,stu3-15application3-15,read> null
<406,admissions0-0,stu4-19application4-19,setStatus> null
<407,admissions4-0,application0-1,read> null
<408,registrar4-1,roster1-6,write> null
<409,admissions0-0,stu1-0application1-0,setStatus> null
<410,admissions0-0,stu1-5application1-5,setStatus> null
<411,registrar4-1,roster3-4,read> null
<412,registrar4-1,roster3-5,read> null
<413,admissions0-1,stu1-9application1-9,setStatus> null
<414,registrar4-1,roster3-3,read> null
<415,registrar4-1,roster3-8,read> null
<416,registrar2-0,transcript5-4,read> null
<417,registrar4-1,roster3-9,read> null
<418,stu0-1,stu0-1application0-1,checkStatus> null
<419,registrar4-0,transcript4-17,read> null
<420,registrar4-1,roster3-6,read> null
<421,registrar4-1,roster3-7,read> null
<422,admissions4-1,stu5-11application5-11,read> null
<423,admissions0-1,stu4-19application4-19,setStatus> null
<424,registrar4-0,roster3-1,read> null
<425,registrar4-0,roster3-2,read> null
<426,registrar4-1,roster1-7,write> null
<427,registrar4-0,roster3-3,read> null
<428,admissions0-0,stu1-9application1-9,setStatus> null
<429,registrar4-0,roster3-6,read> null
<430,registrar4-0,roster3-7,read> null
<431,admissions4-0,stu5-7application5-7,setStatus> null
<432,admissions4-1,stu1-14application1-14,read> null
<0,registrar2-1,roster5-4,read> 1.1817993698415013E-4
<1,stu4-9,gradebook4-1,readMyScores> 1.3632589272869196E-4
<2,admissions0-1,stu1-11application1-11,setStatus> 2.069058619425794E-4
<3,registrar2-1,roster1-3,read> 2.1019026874049833E-4
<4,stu1-6,gradebook1-5,readMyScores> 6.658058179332688E-5
<5,registrar2-1,roster1-2,read> 2.1419071794729605E-4
<6,registrar2-1,roster1-5,read> 2.133906281059365E-4
<7,registrar2-1,roster1-7,read> 2.1739107731273425E-4
<8,admissions0-0,stu4-17application4-17,setStatus> 1.145928159101198E-4
<9,admissions2-0,stu4-1application4-1,read> 1.7778290926297237E-4
<10,stu1-6,gradebook1-1,readMyScores> 9.01589940493774E-5
<11,registrar2-1,roster1-6,read> 2.117904484232174E-4
<12,admissions4-0,stu5-12application5-12,read> 8.533225208008093E-5
<13,registrar2-1,roster1-8,read> 2.1819116715409383E-4
<14,admissions4-0,stu1-4application1-4,read> 1.9205418085767794E-4
<15,registrar2-1,roster1-1,read> 2.1499080778865563E-4
<16,admissions4-0,stu3-9application3-9,setStatus> 9.191534664509212E-5
<17,admissions0-0,stu3-11application3-11,read> 1.432198549876136E-4
<18,admissions0-1,stu1-0application1-0,setStatus> 2.4240831091352903E-4
<19,admissions4-1,stu5-7application5-7,setStatus> 1.0021550168751413E-5
<20,stu1-7,gradebook1-5,readMyScores> 6.686450751526004E-5
<21,registrar2-0,roster1-4,read> 2.0846161934747962E-4
<22,stu1-7,gradebook1-4,readMyScores> 1.1454460379841801E-4
<23,registrar2-0,roster1-3,read> 2.0925816111858924E-4
<24,admissions2-0,stu4-14application4-14,setStatus> 1.7473337212690183E-4
<25,registrar2-0,roster1-2,read> 2.1324086997413728E-4
<26,stu1-7,gradebook1-6,readMyScores> 1.0440774009457499E-4
<27,admissions0-0,stu3-5application3-5,read> 1.2638468878741445E-4
<28,admissions4-1,stu5-12application5-12,read> 8.601083857773565E-5
<29,registrar2-0,roster1-6,read> 2.1085124466080842E-4
<30,stu5-10,transcript5-10,read> 1.5723018197233275E-4
<31,registrar2-0,roster1-5,read> 2.1244432820302766E-4
<32,admissions0-1,stu4-17application4-17,setStatus> 1.1420502296287743E-4
<33,admissions4-1,stu3-9application3-9,setStatus> 9.264628379535131E-5
<34,registrar2-0,roster0-7,read> 2.0607199403415078E-4
<35,admissions0-0,stu2-12application2-12,setStatus> 6.973422258670519E-5
<36,stu1-8,gradebook1-3,readMyScores> 8.990040456223212E-5
<37,admissions4-0,stu1-8application1-8,read> 1.2634114137887977E-4
<38,stu1-8,gradebook1-8,readMyScores> 8.773344729967844E-5
<39,admissions4-0,stu3-4application3-4,read> 4.877010981368196E-5
<40,admissions2-1,stu4-14application4-14,setStatus> 1.6913069887233183E-4
<41,admissions4-1,stu1-1application1-1,setStatus> 2.222426125658402E-4
<42,admissions2-1,stu3-11application3-11,read> 1.1704769874622229E-4
<43,stu1-9,gradebook1-7,readMyScores> 1.0034091081223461E-4
<44,stu1-9,gradebook1-9,readMyScores> 1.2745463569428022E-4
<45,stu1-9,gradebook1-8,readMyScores> 8.844818006790391E-5
<46,admissions0-0,stu1-17application1-17,read> 6.949343749018981E-5
<47,admissions2-1,stu3-5application3-5,read> 1.0328900961814074E-4
<48,stu1-19,gradebook1-3,readMyScores> 3.643621284701465E-5
<49,stu1-19,gradebook1-5,readMyScores> 2.825060933234979E-5
<50,admissions2-0,stu5-13application5-13,setStatus> 2.081529571797294E-4
<51,stu0-18,gradebook0-9,readScore> 2.1963327638180935E-5
<52,stu1-19,gradebook1-8,readMyScores> 3.555795521921794E-5
<53,stu0-19,gradebook0-1,readScore> 2.772623187000161E-5
<54,admissions0-0,stu4-16application4-16,read> 1.7456809549832921E-4
<55,registrar0-0,roster5-1,write> 9.871984011624894E-5
<56,admissions0-1,stu4-9application4-9,read> 1.3868527643386467E-4
<57,stu1-18,gradebook1-2,readMyScores> 5.351247661570479E-5
<58,registrar0-0,roster5-2,write> 9.927849990469268E-5
<59,stu1-18,gradebook1-3,readMyScores> 4.1196723068232645E-5
<60,registrar0-0,roster5-3,write> 8.307736603982374E-5
<61,admissions2-1,stu2-7application2-7,read> 8.763257026549626E-5
<62,admissions4-0,stu0-3application0-3,read> 7.742692402248116E-5
<63,registrar0-0,roster5-4,write> 8.251870625137998E-5
<64,registrar0-0,roster5-6,write> 8.4753345405155E-5
<65,admissions0-0,stu0-5application0-5,setStatus> 2.1288591010407243E-4
<66,registrar0-0,roster5-7,write> 8.922262371270505E-5
<67,registrar0-1,transcript3-15,read> 3.509155957540237E-4
<68,registrar0-0,roster5-8,write> 8.810530413581755E-5
<69,stu1-18,gradebook1-5,readMyScores> 3.194164371748092E-5
<70,registrar0-0,roster5-9,write> 9.089860307803633E-5
<71,admissions2-1,stu1-14application1-14,read> 1.6117039146731126E-4
<72,stu5-1,stu5-1application5-1,checkStatus> 3.651503878263021E-4
<73,admissions0-0,stu2-17application2-17,setStatus> 1.409802237474225E-4
<74,registrar2-0,roster5-3,read> 1.184523992120928E-4
<75,registrar2-0,roster5-1,read> 1.4075556880316207E-4
<76,admissions4-1,stu5-10application5-10,read> 1.78641087892817E-4
<77,admissions2-1,stu2-2application2-2,setStatus> 2.895596637620344E-5
<78,admissions0-0,stu1-7application1-7,read> 3.5823105089791536E-5
<79,admissions4-1,stu0-3application0-3,read> 7.80426450882663E-5
<80,registrar0-0,transcript0-10,read> 3.2734125967001805E-4
<81,registrar0-1,transcript3-14,read> 3.519190479520574E-4
<82,admissions0-0,stu4-5application4-5,read> 8.98117415249129E-5
<83,admissions0-0,stu4-14application4-14,read> 1.8211489413979778E-4
<84,admissions0-0,stu0-13application0-13,setStatus> 2.175037064756004E-4
<85,admissions0-1,stu0-14application0-14,setStatus> 1.5430964124487617E-4
<86,admissions2-0,stu3-5application3-5,read> 1.067105917172924E-4
<87,admissions0-1,stu0-2application0-2,read> 9.666747062398702E-6
<88,registrar2-1,roster5-2,read> 1.4218263222493658E-4
<89,registrar2-1,roster5-3,read> 1.189800268255097E-4
<90,stu0-15,gradebook0-9,readScore> 2.1451361958969255E-5
<91,registrar2-1,roster5-5,read> 1.2298047603230742E-4
<92,registrar2-1,roster5-1,read> 1.4138254238357708E-4
<93,admissions0-1,stu3-9application3-9,setStatus> 1.0763049537566455E-4
<94,registrar2-0,roster5-9,read> 1.2960398400762741E-4
<95,admissions0-1,stu5-0application5-0,read> 1.4099951014456363E-4
<96,registrar2-0,roster5-6,read> 1.2084202452542162E-4
<97,registrar2-0,roster5-5,read> 1.2243510806764086E-4
<98,registrar2-0,roster5-8,read> 1.2562127515207934E-4
<99,registrar2-0,roster5-7,read> 1.2721435869429858E-4
<100,admissions0-1,stu4-5application4-5,read> 8.950781008151217E-5
<101,registrar4-0,roster2-8,read> 1.690094435484081E-4
<102,registrar4-0,roster2-7,read> 1.6718928351019323E-4
<103,registrar4-0,roster2-6,read> 1.6627920349108585E-4
<104,registrar4-0,roster2-5,read> 1.225953625739294E-4
<105,registrar0-0,roster4-7,read> 1.0962243505009663E-4
<106,registrar4-0,roster2-3,read> 1.1895504249749974E-4
<107,registrar4-0,roster2-2,read> 1.21685282554822E-4
<108,fac5-2,gradebook5-4,changeScore> 5.400383695961347E-4
<109,stu1-15,gradebook1-3,readMyScores> 4.009814378641311E-5
<110,admissions0-1,stu3-6application3-6,read> 2.1679066416995397E-4
<111,stu1-15,gradebook1-8,readMyScores> 3.9131619060345373E-5
<112,stu1-15,gradebook1-7,readMyScores> 4.4393251450261376E-5
<113,admissions4-1,stu3-10application3-10,setStatus> 5.7559068145699304E-5
<114,admissions4-1,stu4-19application4-19,setStatus> 7.17071389721719E-5
<115,admissions4-1,stu3-4application3-4,read> 4.9157943688939875E-5
<116,admissions0-0,application4-4,read> 1.658602509120193E-4
<117,admissions0-0,application4-2,read> 1.62957636049916E-4
<118,admissions0-0,application4-3,read> 1.6644077388443997E-4
<119,admissions0-0,application4-0,read> 1.5657188335328875E-4
<120,registrar4-1,roster2-8,read> 1.7164506839906552E-4
<121,registrar4-1,roster2-7,read> 1.6979652379885124E-4
<122,admissions4-0,stu2-5application2-5,read> 1.337523864328796E-4
<123,admissions2-0,stu2-2application2-2,setStatus> 2.9915170231315773E-5
<124,admissions0-0,stu3-13application3-13,read> 1.3799514823582766E-4
<125,registrar4-1,roster2-9,read> 1.725693406991727E-4
<126,admissions0-0,stu3-6application3-6,read> 2.1752679545745807E-4
<127,registrar4-1,roster2-3,read> 1.2081009189317225E-4
<128,registrar4-1,roster2-6,read> 1.6887225149874412E-4
<129,registrar4-1,roster2-5,read> 1.2450718109360083E-4
<130,stu0-13,gradebook0-6,readScore> 4.207647166715674E-5
<131,stu1-14,gradebook1-7,readMyScores> 4.39878336287978E-5
<132,registrar4-1,roster2-2,read> 1.235829087934937E-4
<133,stu1-14,gradebook1-4,readMyScores> 5.277320387315649E-5
<134,registrar4-1,roster2-1,read> 1.3374990409467237E-4
<135,admissions4-0,stu3-10application3-10,setStatus> 5.7104953209638555E-5
<136,admissions0-0,stu0-11application0-11,setStatus> 2.2146181765119577E-4
<137,stu4-8,gradebook4-6,addScore> 3.3031119182018996E-4
<138,admissions0-1,stu4-19application4-19,read> 7.33081741066196E-5
<139,admissions0-0,stu5-16application5-16,setStatus> 1.7198542795625324E-4
<140,registrar0-0,transcript0-15,read> 3.293574768475057E-4
<141,chair1,transcript1-16,read> 2.1057606422766442E-4
<142,stu0-14,gradebook0-3,readScore> 5.2584829609239714E-5
<143,admissions0-1,application4-0,read> 1.5604202926410672E-4
<144,admissions2-1,stu3-9application3-9,read> 7.766938158654068E-5
<145,admissions0-1,application4-4,read> 1.652989641069025E-4
<146,registrar2-0,transcript3-12,read> 3.687070826086032E-4
<147,stu1-17,gradebook1-6,readMyScores> 4.943296399382213E-5
<148,stu0-12,gradebook0-9,readScore> 2.1348968823126924E-5
<149,stu1-17,gradebook1-1,readMyScores> 4.286877542219864E-5
<150,admissions0-1,stu0-11application0-11,read> 1.9422688549063923E-4
<151,stu1-16,gradebook1-3,readMyScores> 4.046433688035296E-5
<152,stu1-16,gradebook1-1,readMyScores> 4.2484302100026454E-5
<153,stu1-16,gradebook1-7,readMyScores> 4.4798669271724955E-5
<154,admissions0-0,stu0-11application0-11,read> 1.9488639953305225E-4
<155,registrar2-0,transcript0-12,read> 3.457091688912562E-4
<156,admissions4-1,stu0-7application0-7,setStatus> 1.220742711144143E-4
<157,admissions2-0,stu5-14application5-14,read> 3.1717042858747396E-5
<158,admissions4-1,application3-2,setStatus> 1.4131564743841702E-4
<159,admissions2-1,stu5-14application5-14,setStatus> 3.488643582796272E-5
<160,admissions4-1,application3-0,setStatus> 1.390519561061814E-4
<161,registrar0-1,transcript3-0,read> 7.295933689869788E-5
<162,admissions4-1,stu5-12application5-12,setStatus> 9.773958929288144E-5
<163,admissions2-0,application4-4,setStatus> 1.5913756576891564E-4
<164,admissions2-0,application4-1,setStatus> 1.5746658651627425E-4
<165,admissions2-0,application4-0,setStatus> 1.5022567642149494E-4
<166,admissions2-0,application4-3,setStatus> 1.5969455885312943E-4
<167,admissions2-0,application4-2,setStatus> 1.563526003478467E-4
<168,admissions4-0,stu0-6application0-6,setStatus> 6.215807483736568E-5
<169,admissions2-0,stu1-2application1-2,read> 1.5327521355756548E-4
<170,admissions2-1,stu5-14application5-14,read> 3.0700063528607194E-5
<171,admissions4-0,stu2-19application2-19,read> 1.1448314929248012E-4
<172,admissions4-0,stu5-12application5-12,setStatus> 9.696846827281925E-5
<173,registrar0-1,roster4-2,write> 1.0048817682535872E-4
<174,admissions2-1,application4-0,setStatus> 1.4540882106529472E-4
<175,admissions0-1,stu2-18application2-18,read> 1.7455589894969825E-4
<176,admissions2-0,stu5-14application5-14,setStatus> 3.60420941576675E-5
<177,admissions4-1,stu4-1application4-1,setStatus> 2.052649275740731E-4
<178,admissions4-0,application3-2,setStatus> 1.4020073108781804E-4
<179,admissions2-0,stu4-4application4-4,setStatus> 1.530106418425639E-4
<180,admissions4-0,application3-4,setStatus> 1.3907781517054533E-4
<181,admissions2-1,stu4-7application4-7,setStatus> 4.027777169319843E-5
<182,admissions0-0,stu0-14application0-14,read> 1.362535793185657E-4
<183,admissions2-1,application4-2,setStatus> 1.5133929051705403E-4
<184,admissions4-1,stu1-5application1-5,setStatus> 1.2150834828135538E-4
<185,admissions4-0,stu4-19application4-19,read> 6.260443391448159E-5
<186,registrar2-0,roster5-7,write> 9.251953359585351E-5
<187,admissions0-0,stu3-13application3-13,setStatus> 1.5681266844980418E-4
<188,admissions4-1,stu4-19application4-19,read> 6.310228229551127E-5
<189,admissions2-1,stu0-8application0-8,read> 1.3744851366027418E-4
<190,registrar0-1,transcript0-15,read> 3.278361951992493E-4
<191,admissions4-1,stu0-6application0-6,setStatus> 6.265237364322943E-5
<192,admissions4-0,stu2-14application2-14,read> 5.371093984968183E-5
<193,registrar2-1,roster5-6,read> 1.2138029634958832E-4
<194,registrar2-1,roster5-7,read> 1.2778101508046472E-4
<195,registrar2-1,roster5-8,read> 1.2618083539774562E-4
<196,admissions4-1,stu2-6application2-6,setStatus> 1.5829333243018413E-4
<197,registrar2-1,roster0-6,read> 2.077899992164197E-4
<198,registrar2-1,roster0-3,read> 2.0218937032690282E-4
<199,registrar2-1,roster0-9,read> 2.2219161636089155E-4
<200,registrar2-1,roster0-1,read> 2.0058919064418372E-4
<201,admissions0-1,stu1-7application1-7,read> 3.570187630776179E-5
<202,registrar2-0,roster0-4,read> 2.0527545226304113E-4
<203,registrar2-0,roster0-9,read> 2.212062876852335E-4
<204,admissions0-1,stu3-13application3-13,setStatus> 1.5628199952104002E-4
<205,registrar2-0,roster0-1,read> 1.9969965986527382E-4
<206,admissions2-0,stu5-4application5-4,read> 6.112627770523564E-5
<207,admissions2-1,stu4-4application4-4,setStatus> 1.4810448899791256E-4
<208,registrar0-0,transcript3-11,read> 3.5657640874358834E-4
<209,registrar0-1,roster5-8,write> 8.769835122987843E-5
<210,registrar0-1,roster5-7,write> 8.881050997731149E-5
<211,registrar0-1,roster5-9,write> 9.04787480984611E-5
<212,registrar0-1,roster5-4,write> 8.213755749271309E-5
<213,registrar0-1,roster5-3,write> 8.269363686642963E-5
<214,registrar0-1,roster5-6,write> 8.436187498757922E-5
<215,registrar0-1,roster5-5,write> 8.547403373501229E-5
<216,registrar0-1,roster5-2,write> 9.881993870420911E-5
<217,registrar0-1,roster5-1,write> 9.826385933049258E-5
<218,admissions2-0,stu5-7application5-7,read> 8.679808895664934E-6
<219,admissions0-1,stu4-16application4-16,read> 1.7397734052202355E-4
<220,admissions2-1,stu1-2application1-2,read> 1.4836057745151127E-4
<221,stu5-9,gradebook5-3,addScore> 1.4358978054311914E-4
<222,admissions2-1,stu5-7application5-7,read> 8.40149838999231E-6
<223,admissions2-1,stu3-2application3-2,setStatus> 5.37561113562877E-5
<224,admissions0-1,stu1-12application1-12,read> 1.3694960115084048E-4
<225,app0-3,application0-3,checkStatus> 7.440847642115931E-4
<226,admissions2-1,stu5-4application5-4,read> 5.916631689705174E-5
<227,admissions0-0,stu2-4application2-4,read> 3.698415103463286E-5
<228,admissions4-0,stu1-2application1-2,setStatus> 1.7557258248190798E-4
<229,admissions2-0,stu5-12application5-12,read> 8.465366558242623E-5
<230,admissions2-0,stu3-1application3-1,read> 1.5768659878453872E-4
<231,admissions4-0,stu5-10application5-10,setStatus> 2.0139964857918E-4
<232,admissions0-0,stu1-12application1-12,read> 1.37414625263407E-4
<233,admissions0-0,stu1-10application1-10,setStatus> 1.4295927933522022E-4
<234,admissions4-1,stu4-12application4-12,read> 1.622066888207864E-4
<235,admissions0-0,stu2-5application2-5,read> 1.5715240632570944E-4
<236,admissions4-0,stu5-6application5-6,read> 2.950087267328251E-5
<237,admissions2-1,stu4-14application4-14,read> 1.48835015007652E-4
<238,admissions2-0,stu3-2application3-2,setStatus> 5.553685210515024E-5
<239,fac0-4,gradebook0-8,changeScore> 2.8373251867769956E-4
<240,admissions4-1,stu5-6application5-6,read> 2.9735472058358314E-5
<241,admissions4-1,stu0-7application0-7,read> 1.0742535858068456E-4
<242,admissions2-0,stu1-18application1-18,setStatus> 1.246039945476605E-4
<243,admissions4-0,application2-2,setStatus> 5.87893270855476E-5
<244,admissions2-0,stu1-9application1-9,read> 1.4886382833059224E-4
<245,admissions4-0,stu3-12application3-12,setStatus> 7.900181359645613E-5
<246,admissions4-0,stu4-16application4-16,setStatus> 1.6883508697827183E-4
<247,admissions2-0,stu3-19application3-19,read> 1.4837367441648412E-4
<248,fac0-2,gradebook0-5,changeScore> 2.779073857022806E-4
<249,fac0-2,gradebook0-4,changeScore> 3.303335824810514E-4
<250,admissions2-0,stu5-5application5-5,setStatus> 9.786832650539845E-5
<251,stu5-4,gradebook5-2,addScore> 2.207226651143811E-4
<252,admissions2-1,stu1-9application1-9,read> 1.4409063944624458E-4
<253,admissions2-1,stu3-19application3-19,read> 1.4361620189010384E-4
<254,admissions4-1,stu1-2application1-2,setStatus> 1.7696878592112793E-4
<255,admissions0-0,stu5-12application5-12,setStatus> 1.1393313071418724E-4
<256,admissions2-0,stu4-11application4-11,setStatus> 1.9757008857966736E-4
<257,stu5-1,gradebook5-9,addScore> 1.4729171001893595E-4
<258,admissions2-0,stu0-18application0-18,setStatus> 2.1817883269557764E-4
<259,admissions0-1,stu5-12application5-12,setStatus> 1.1354757020415617E-4
<260,stu5-2,gradebook5-4,addScore> 1.6250291674696967E-4
<261,admissions2-0,stu5-7application5-7,setStatus> 9.863419199619243E-6
<262,admissions0-0,stu1-15application1-15,read> 1.6179659010507466E-4
<263,admissions2-1,application4-4,read> 1.3555076343571123E-4
<264,admissions2-1,application4-2,read> 1.3317857565500754E-4
<265,admissions2-1,application4-1,read> 1.34127450767289E-4
<266,admissions4-0,stu2-15application2-15,setStatus> 3.969975649191177E-5
<267,stu1-10,gradebook1-6,readMyScores> 5.031965393093105E-5
<268,stu1-10,gradebook1-3,readMyScores> 4.156291616217249E-5
<269,admissions4-1,stu2-9application2-9,read> 1.776450637066333E-4
<270,admissions2-1,stu5-7application5-7,setStatus> 9.547157261354897E-6
<271,admissions2-0,stu3-0application3-0,read> 7.338012555793908E-5
<272,admissions4-1,stu1-11application1-11,read> 1.5672855579677625E-4
<273,admissions2-0,application4-3,read> 1.4053121179075388E-4
<274,admissions4-1,stu4-9application4-9,setStatus> 1.3565641910782795E-4
<275,stu3-10,stu3-10application3-10,checkStatus> 6.11758474045301E-4
<276,admissions2-0,application4-2,read> 1.3759028830610508E-4
<277,admissions2-0,application4-4,read> 1.4004105787664573E-4
<278,admissions2-0,stu3-6application3-6,read> 1.8366475623227E-4
<279,admissions2-0,application4-0,read> 1.3219859525091554E-4
<280,admissions4-1,stu2-15application2-15,setStatus> 4.00154603208733E-5
<281,stu1-11,gradebook1-5,readMyScores> 2.995416366394877E-5
<282,stu1-11,gradebook1-6,readMyScores> 4.6772894182495374E-5
<283,stu1-11,gradebook1-1,readMyScores> 4.056193548916552E-5
<284,fac3-0,gradebook3-1,changeScore> 4.75961906866526E-4
<285,admissions4-0,stu2-9application2-9,read> 1.7624352474247836E-4
<286,admissions4-0,stu1-11application1-11,read> 1.5549203859127898E-4
<287,admissions2-1,stu0-7application0-7,read> 1.0234013450585926E-4
<288,admissions4-1,stu5-5application5-5,read> 8.750487485701116E-5
<289,stu4-3,gradebook4-9,addScore> 4.3761531235638216E-4
<290,admissions4-0,stu1-3application1-3,setStatus> 1.5536009597099946E-4
<291,admissions0-1,stu1-15application1-15,read> 1.6124905511317935E-4
<292,stu1-13,gradebook1-5,readMyScores> 3.05220151078151E-5
<293,stu1-13,gradebook1-3,readMyScores> 3.936575759853342E-5
<294,stu1-13,gradebook1-4,readMyScores> 5.228681489736703E-5
<295,stu1-13,gradebook1-7,readMyScores> 4.3582415807334226E-5
<296,admissions0-0,stu1-11application1-11,setStatus> 2.076084285366119E-4
<297,admissions0-0,stu0-14application0-14,setStatus> 1.5483361286200648E-4
<298,stu4-0,gradebook4-8,addScore> 3.924179717073056E-4
<299,registrar4-1,roster0-3,write> 1.6987004545908707E-4
<300,registrar4-1,roster0-2,write> 1.712144415319702E-4
<301,registrar4-1,roster0-1,write> 1.6852564938620393E-4
<302,registrar0-1,transcript4-7,read> 2.0140121824700725E-4
<303,registrar4-1,roster0-6,write> 1.7457543171417803E-4
<304,registrar0-1,transcript4-6,read> 2.0942883583127662E-4
<305,admissions4-1,stu2-0application2-0,read> 9.94571650912152E-5
<306,registrar4-1,roster0-7,write> 1.7390323367773644E-4
<307,admissions0-0,stu4-17application4-17,read> 1.0084167800090541E-4
<308,registrar0-1,transcript4-4,read> 2.0742193143520924E-4
<309,registrar4-1,roster0-5,write> 1.7255883760485333E-4
<310,registrar0-1,transcript4-0,read> 2.1043228802931026E-4
<311,registrar4-1,roster0-9,write> 1.8667499637012617E-4
<312,registrar0-1,transcript4-9,read> 2.0441157484110825E-4
<313,registrar0-1,transcript4-8,read> 2.024046704450409E-4
<314,stu4-1,gradebook4-4,addScore> 3.2618470648264634E-4
<315,admissions2-0,stu3-9application3-9,setStatus> 9.118440949483295E-5
<316,registrar0-0,transcript4-3,read> 2.073763376095059E-4
<317,admissions0-1,stu4-17application4-17,read> 1.0050042020733214E-4
<318,stu4-7,transcript4-7,read> 9.952401925896544E-4
<319,registrar0-0,transcript4-5,read> 2.0939255478699345E-4
<320,registrar0-0,transcript4-0,read> 2.114087719644811E-4
<321,admissions4-0,stu5-10application5-10,read> 1.7723169074967837E-4
<322,registrar0-0,transcript4-2,read> 2.1342498914196867E-4
<323,registrar0-0,transcript4-7,read> 2.023357946657869E-4
<324,registrar0-0,transcript4-9,read> 2.0536012043201828E-4
<325,admissions4-0,stu4-12application4-12,read> 1.6092695163087882E-4
<326,admissions2-1,stu3-0application3-0,read> 7.10272558005703E-5
<327,registrar4-0,roster0-2,write> 1.6858542899405126E-4
<328,admissions4-1,stu2-7application2-7,setStatus> 1.0453066328958828E-4
<329,registrar4-0,roster0-7,write> 1.7123293450418197E-4
<330,registrar4-0,roster0-8,write> 1.824848329222374E-4
<331,registrar4-0,roster0-9,write> 1.8380858567730273E-4
<332,admissions4-0,stu4-11application4-11,read> 1.7525535873527844E-4
<333,registrar4-0,roster0-3,write> 1.6726167623898593E-4
<334,admissions0-1,stu1-5application1-5,read> 1.2422131574199628E-4
<335,registrar4-0,roster1-5,read> 2.4272592509610958E-4
<336,registrar4-0,roster1-3,read> 2.390856050196799E-4
<337,admissions4-1,stu0-8application0-8,read> 1.4427825346948034E-4
<338,admissions2-1,stu2-0application2-0,setStatus> 1.0766947000864476E-4
<339,registrar4-0,roster1-1,read> 2.445460851343244E-4
<340,registrar4-0,roster1-2,read> 2.43636005115217E-4
<341,admissions4-1,stu3-1application3-1,read> 1.6021464044841906E-4
<342,admissions2-1,stu3-16application3-16,setStatus> 3.758210376058058E-5
<343,admissions2-0,stu4-2application4-2,read> 9.200597429404827E-5
<344,admissions0-0,application5-4,read> 2.2275150220924393E-4
<345,admissions0-0,application5-1,read> 2.1868784140229936E-4
<346,admissions0-0,application5-0,read> 2.1810731842987867E-4
<347,registrar4-1,roster1-6,read> 2.446625801075305E-4
<348,registrar4-1,roster1-8,read> 2.5205675850838773E-4
<349,stu1-16,transcript1-16,read> 1.820233775527269E-4
<350,admissions0-0,stu5-1application5-1,setStatus> 4.004838876973964E-5
<351,admissions0-0,stu3-1application3-1,read> 1.8675907791916306E-4
<352,registrar4-1,roster1-3,read> 2.4281403550731624E-4
<353,admissions2-0,stu3-16application3-16,setStatus> 3.882705957873646E-5
<354,admissions0-1,application5-2,read> 2.1910489788065293E-4
<355,registrar4-1,roster0-9,read> 2.5667812000892346E-4
<356,admissions4-1,stu3-18application3-18,setStatus> 1.7866655442030466E-4
<357,admissions2-1,stu3-4application3-4,setStatus> 5.321697776976413E-5
<358,admissions0-0,stu5-5application5-5,setStatus> 1.1591218630198493E-4
<359,admissions4-0,stu3-18application3-18,setStatus> 1.7725695635781703E-4
<360,admissions0-0,stu3-2application3-2,setStatus> 6.577611141110979E-5
<361,admissions2-1,stu4-2application4-2,read> 8.905588293391848E-5
<362,registrar0-0,roster3-6,write> 9.369190202025511E-5
<363,admissions4-0,stu2-14application2-14,setStatus> 6.103515892009299E-5
<364,admissions4-0,stu2-15application2-15,read> 3.493578571288235E-5
<365,admissions0-1,stu1-7application1-7,setStatus> 4.0570313986092944E-5
<366,admissions2-1,stu4-8application4-8,setStatus> 8.933892806684338E-5
<367,admissions4-1,stu4-8application4-8,read> 8.252475392609282E-5
<368,admissions0-0,stu0-16application0-16,read> 1.3857567120824832E-4
<369,admissions0-0,stu0-18application0-18,read> 2.273956859886092E-4
<370,admissions4-0,stu4-8application4-8,read> 8.187367105488104E-5
<371,admissions4-0,stu2-8application2-8,setStatus> 2.2105067713145218E-4
<372,admissions0-1,stu0-8application0-8,read> 1.6761319781760143E-4
<373,admissions4-1,stu0-11application0-11,setStatus> 1.8998501108148267E-4
<374,admissions2-0,stu2-11application2-11,setStatus> 7.614559622106057E-5
<375,admissions4-1,stu2-8application2-8,setStatus> 2.2280853539889914E-4
<376,admissions2-1,stu1-12application1-12,setStatus> 1.2761741271001689E-4
<377,admissions4-1,stu2-14application2-14,setStatus> 6.152052797711162E-5
<378,admissions4-0,stu0-11application0-11,setStatus> 1.8848611553054392E-4
<379,admissions2-1,stu2-11application2-11,setStatus> 7.370405405765982E-5
<380,admissions0-0,stu1-7application1-7,setStatus> 4.070807396567221E-5
<381,admissions2-0,stu1-12application1-12,setStatus> 1.318449046424398E-4
<382,admissions2-0,application3-0,setStatus> 1.3685784240036395E-4
<383,admissions2-0,stu0-9application0-9,read> 1.0720074563140054E-4
<384,admissions2-0,application3-2,setStatus> 1.390858147372191E-4
<385,admissions2-0,application3-1,setStatus> 1.3630084931615018E-4
<386,admissions2-0,application3-4,setStatus> 1.3797182856879154E-4
<387,admissions0-1,stu0-11application0-11,setStatus> 2.207123698757264E-4
<388,admissions2-1,application3-0,setStatus> 1.3246961498872904E-4
<389,admissions4-1,stu4-15application4-15,setStatus> 1.3417087167104835E-5
<390,admissions0-1,stu2-2application2-2,setStatus> 3.5310691916322623E-5
<391,admissions4-0,stu2-13application2-13,setStatus> 1.138122070319097E-4
<392,admissions0-0,stu5-8application5-8,read> 2.2217097923682335E-4
<393,admissions0-1,stu3-5application3-5,setStatus> 1.431329443466142E-4
<394,admissions4-0,stu0-0application0-0,setStatus> 1.3570906741872726E-4
<395,admissions2-1,stu1-18application1-18,read> 1.0613563495498521E-4
<396,stu1-19,gradebook1-1,readScore> 4.578964473649041E-5
<397,admissions4-0,stu5-1application5-1,read> 2.9994955676882494E-5
<398,admissions0-0,stu2-2application2-2,setStatus> 3.5430592398211667E-5
<399,registrar0-0,transcript5-9,read> 3.011304363626793E-4
<400,admissions4-0,stu2-0application2-0,read> 9.867249317728056E-5
<401,admissions4-0,application4-0,setStatus> 1.51429890260545E-4
<402,admissions2-1,stu3-16application3-16,read> 3.3072251309310904E-5
<403,admissions0-0,stu3-5application3-5,setStatus> 1.436189645311528E-4
<404,admissions4-1,stu3-13application3-13,setStatus> 1.3452457344171017E-4
<405,admissions0-1,stu0-9application0-9,setStatus> 1.4379039710533552E-4
<406,admissions2-0,stu3-16application3-16,read> 3.416781242928808E-5
<407,admissions2-0,stu3-12application3-12,read> 6.896874033096584E-5
<408,admissions0-1,stu2-4application2-4,read> 3.6858993163111266E-5
<409,admissions2-1,stu5-2application5-2,read> 1.3507632587957049E-4
<410,admissions4-1,application4-1,setStatus> 1.599911009293608E-4
<411,registrar2-0,transcript5-2,read> 3.070308594575362E-4
<412,admissions4-1,application4-0,setStatus> 1.5263410409959506E-4
<413,admissions4-1,application4-4,setStatus> 1.6168886942853752E-4
<414,admissions0-0,stu1-19application1-19,setStatus> 5.851957425585155E-5
<415,admissions0-0,stu0-5application0-5,read> 1.8733960089158374E-4
<416,admissions4-0,application4-1,setStatus> 1.587288437228175E-4
<417,admissions4-0,application4-2,setStatus> 1.5760592780554483E-4
<418,admissions4-0,application4-3,setStatus> 1.609746755573629E-4
<419,admissions0-0,stu5-13application5-13,setStatus> 2.465298550966334E-4
<420,admissions2-0,stu4-9application4-9,read> 1.1749397782767143E-4
<421,stu0-3,gradebook0-6,readMyScores> 3.99728661422735E-5
<422,admissions4-0,application5-0,setStatus> 2.1094443387599784E-4
<423,admissions4-0,application5-3,setStatus> 2.1375172366917963E-4
<424,admissions4-0,application5-4,setStatus> 2.1543609754508865E-4
<425,admissions0-1,stu3-1application3-1,read> 1.8612706750319297E-4
<426,admissions4-0,application5-1,setStatus> 2.1150589183463423E-4
<427,admissions2-1,stu4-9application4-9,read> 1.1372663585323708E-4
<428,admissions2-0,stu4-7application4-7,setStatus> 4.161202499980542E-5
<429,admissions4-1,application5-1,setStatus> 2.1318784723689773E-4
<430,admissions4-1,application5-0,setStatus> 2.1262192440383882E-4
<431,admissions4-1,application5-2,setStatus> 2.1431969290301557E-4
<432,admissions4-1,application5-3,setStatus> 2.1545153856913335E-4

