<0,stu4-0,transcript4-0,read> 0.0010398679446343637
<1,chair1,transcript1-3,read> 0.0017881039006664673
<2,stu2-15,transcript2-15,read> 0.0016745737514924535
<3,stu0-17,stu0-17application0-17,checkStatus> 0.0022417777756391713
<4,app0-4,application0-4,checkStatus> 7.38069932840398E-4
<5,stu4-18,transcript4-18,read> 0.001823332924974818
<6,fac5-3,roster5-7,read> 0.001682282120076192
<7,stu5-7,gradebook5-5,readMyScores> 3.929092232322078E-5
<8,stu4-3,transcript4-3,read> 0.0010200333881700485
<9,admissions4-0,stu0-5application0-5,read> 1.5944470262007889E-4
<10,stu4-2,stu4-2application4-2,checkStatus> 0.001129033971968079
<11,registrar4-0,roster2-3,read> 1.1895504249749974E-4
<12,stu1-19,stu1-19application1-19,checkStatus> 5.335656662197647E-4
<13,stu3-16,transcript3-16,read> 0.0017291187817693205
<14,stu2-13,gradebook2-1,addScore> 7.6807340075651E-4
<15,fac1-2,roster1-5,read> 0.0028093628621465444
<16,fac2-3,gradebook2-7,assignGrade> 7.941077855329361E-4
<17,registrar0-0,transcript2-19,read> 3.5052775721112545E-4
<18,stu5-17,stu5-17application5-17,checkStatus> 0.001513983179724565
<19,stu3-3,gradebook3-7,readMyScores> 5.56411398962654E-5
<20,registrar4-0,transcript0-19,read> 3.794594648234187E-4
<21,registrar0-0,transcript2-16,read> 3.4347099708991895E-4
<22,registrar2-1,transcript3-19,read> 3.598492693639731E-4
<23,registrar0-1,transcript0-3,read> 1.0808016382987624E-4
<24,stu1-12,stu1-12application1-12,checkStatus> 0.0014237607091566386
<25,stu5-16,stu5-16application5-16,checkStatus> 0.0015681166620653208
<26,stu3-15,stu3-15application3-15,checkStatus> 0.0016944281208604176
<27,registrar0-1,transcript4-14,read> 3.649639265264949E-4
<28,registrar2-1,transcript0-10,read> 3.409489794715431E-4
<29,stu4-11,transcript4-11,read> 0.001694408307956769
<30,app2-0,application2-0,checkStatus> 6.177733054164961E-4
<31,chair5,transcript5-4,read> 0.0016963204629100277
<32,admissions2-0,stu4-6application4-6,setStatus> 6.556272762099851E-5
<33,registrar2-0,transcript0-9,read> 1.220021900043352E-4
<34,admissions0-0,stu1-0application1-0,setStatus> 2.4323142911697056E-4
<35,chair5,transcript5-6,read> 0.0017077933926295827
<36,admissions2-1,application4-3,setStatus> 1.5457409203619544E-4
<37,admissions2-1,stu3-15application3-15,read> 1.3365301321114826E-4
<38,admissions0-1,application0-1,setStatus> 8.001747950937038E-5
<39,fac2-4,gradebook2-9,changeScore> 0.0022002012675905445
<40,admissions0-0,application0-1,setStatus> 8.028918572162629E-5
<41,stu5-5,transcript5-5,read> 0.0014613522695010638
<42,registrar4-0,transcript3-9,read> 8.08684105361384E-5
<43,fac5-4,roster5-9,read> 0.0017138825147136785
<44,registrar0-1,roster3-5,write> 9.270306559332722E-5
<45,stu0-14,stu0-14application0-14,checkStatus> 0.0014117310464142486
<46,stu4-14,transcript4-14,read> 0.0018034983685105027
<47,stu4-2,transcript4-2,read> 0.0010497852228665212
<48,admissions4-1,stu1-8application1-8,setStatus> 1.447111844367704E-4
<49,chair5,transcript5-8,read> 0.0017192663223491375
<50,chair4,transcript4-0,read> 0.0012029844849691656
<51,admissions2-0,stu5-17application5-17,read> 1.233758247969691E-4
<52,fac0-2,roster0-4,read> 0.002714561678234085
<53,stu3-18,transcript3-18,read> 0.0017092842253050053
<54,stu5-18,stu5-18application5-18,checkStatus> 0.0013696272268158827
<55,fac3-4,gradebook3-8,addScore> 3.443718437558708E-4
<56,registrar4-0,roster0-8,read> 2.509166452680764E-4
<57,admissions0-0,stu5-10application5-10,setStatus> 2.366345771576449E-4
<58,registrar0-1,transcript0-12,read> 3.31850003991384E-4
<59,fac0-4,roster0-9,read> 0.0029252309758173284
<60,registrar4-1,roster1-5,read> 2.465111247077448E-4
<61,admissions4-0,application4-2,read> 1.3869321646887945E-4
<62,admissions2-1,stu1-0application1-0,read> 1.7492908059539282E-4
<63,app4-2,application4-2,checkStatus> 0.0016884132894892227
<64,fac3-2,gradebook3-5,addScore> 3.68764143559533E-4
<65,stu5-9,gradebook5-3,readMyScores> 6.028906959092043E-5
<66,fac4-3,gradebook4-6,changeScore> 0.0013322564542531164
<67,registrar4-0,roster3-3,write> 1.0901655501611068E-4
<68,registrar0-0,transcript1-6,read> 3.091953050726297E-4
<69,registrar0-0,transcript1-0,read> 2.678628529341339E-4
<70,stu5-10,stu5-10application5-10,checkStatus> 0.00215757013644244
<71,stu3-1,stu3-1application3-1,checkStatus> 0.0019350213757082214
<72,stu4-11,stu4-11application4-11,checkStatus> 0.00213351081095766
<73,admissions4-0,stu0-9application0-9,setStatus> 1.2279553437009126E-4
<74,registrar0-1,roster1-1,write> 1.4942316171241373E-4
<75,stu2-18,gradebook2-7,readMyScores> 1.831749101986485E-4
<76,stu3-18,stu3-18application3-18,checkStatus> 0.0018989323874810515
<77,stu4-17,transcript4-17,read> 0.0018084570076265817
<78,stu3-5,stu3-5application3-5,checkStatus> 0.0013094789131039316
<79,registrar4-1,transcript1-1,read> 3.1987551323143815E-4
<80,registrar2-0,roster0-9,read> 2.212062876852335E-4
<81,chair1,transcript1-2,read> 0.0017823674358066898
<82,chair5,transcript5-0,read> 0.0016733746034709178
<83,fac2-2,gradebook2-4,changeScore> 0.0022526274643693157
<84,chair4,transcript4-5,read> 0.0011915115552496107
<85,registrar0-0,roster0-1,read> 1.9258341363399456E-4
<86,admissions0-1,stu5-0application5-0,setStatus> 1.6022671607336778E-4
<87,fac5-3,gradebook5-6,changeScore> 5.516886355469727E-4
<88,stu2-7,gradebook2-5,readScore> 1.1630082580772892E-4
<89,fac0-3,roster0-7,read> 0.0027250951431132472
<90,stu4-1,stu4-1application4-1,checkStatus> 0.0021816294619272205
<91,registrar0-0,roster3-1,read> 1.234492648140796E-4
<92,registrar2-0,transcript2-18,read> 3.6138956460762914E-4
<93,stu4-0,stu4-0application4-0,checkStatus> 7.140106073556176E-4
<94,fac2-1,roster2-3,read> 0.001376811638580489
<95,stu4-19,transcript4-19,read> 0.0018183742858587394
<96,fac4-2,gradebook4-5,changeScore> 0.0013206061883022785
<97,app3-0,application3-0,checkStatus> 0.0014778941914973943
<98,stu5-8,stu5-8application5-8,checkStatus> 0.0023019260893511226
<99,fac2-3,gradebook2-6,changeScore> 0.0022409771984184773
<100,chair0,transcript0-15,read> 0.0018741508735631292
<101,fac1-4,roster1-9,read> 0.00288309711630068
<102,registrar4-0,roster1-6,read> 2.409057650578947E-4
<103,fac2-1,gradebook2-3,changeScore> 0.002258452597344734
<104,fac0-1,roster0-3,read> 0.0026618943538382744
<105,stu4-17,stu4-17application4-17,checkStatus> 0.0010448263327713476
<106,admissions4-1,stu1-0application1-0,read> 1.836212088237353E-4
<107,admissions0-1,stu5-8application5-8,setStatus> 2.516126495356271E-4
<108,fac1-2,roster1-4,read> 0.0027566955377507337
<109,app3-4,application3-4,checkStatus> 0.0014899238542397846
<110,stu0-4,stu0-4application0-4,checkStatus> 0.0015260128424669551
<111,registrar2-0,roster0-2,write> 1.4755332869069985E-4
<112,admissions0-1,stu1-0application1-0,read> 2.1331931360390552E-4
<113,stu4-8,transcript4-8,read> 0.001000198831705733
<114,stu4-19,gradebook4-8,readScore> 1.3091914218157956E-4
<115,fac5-0,gradebook5-1,readScore> 1.4334933791779444E-4
<116,admissions2-0,application0-0,setStatus> 7.001867229470886E-5
<117,admissions0-0,stu1-8application1-8,read> 1.484445617393995E-4
<118,admissions4-1,stu1-1application1-1,setStatus> 2.222426125658402E-4
<119,fac2-2,gradebook2-4,assignGrade> 8.045098087033271E-4
<120,admissions0-0,stu4-3application4-3,setStatus> 2.5774450342748705E-4
<121,registrar4-0,transcript4-13,read> 4.296227619436817E-4
<122,chair4,transcript4-19,read> 0.0021036094679542277
<123,admissions2-1,stu4-11application4-11,setStatus> 1.9123517591979825E-4
<124,stu2-5,gradebook2-7,readMyScores> 2.853853616574555E-4
<125,fac2-1,roster2-2,read> 0.0014084120332179756
<126,fac2-1,gradebook2-2,assignGrade> 7.691429299239975E-4
<127,registrar0-0,roster4-9,read> 9.886823412255431E-5
<128,admissions4-1,stu0-8application0-8,read> 1.4427825346948034E-4
<129,registrar4-1,transcript5-8,read> 3.6354314531106567E-4
<130,registrar2-0,roster3-6,read> 1.335866928631755E-4
<131,admissions2-1,stu0-14application0-14,read> 1.1135444807253339E-4
<132,admissions0-0,stu0-9application0-9,read> 1.269652117598351E-4
<133,registrar2-0,transcript5-7,read> 3.1016693860081075E-4
<134,registrar0-0,transcript4-19,read> 3.6968182039725774E-4
<135,admissions2-1,application0-3,read> 5.869187934091099E-5
<136,registrar2-0,transcript5-3,read> 3.059854997431113E-4
<137,app5-0,application5-0,checkStatus> 0.0022598222697527565
<138,chair3,transcript3-19,read> 0.0019659343113195686
<139,app5-1,application5-1,checkStatus> 0.002265837101123952
<140,fac5-4,roster5-8,read> 0.0016612151903178678
<141,registrar2-1,transcript3-15,read> 3.671993820999181E-4
<142,registrar0-0,transcript5-6,read> 3.0012232777393554E-4
<143,fac3-3,gradebook3-6,addScore> 6.299033233902387E-5
<144,chair4,transcript4-9,read> 0.001168565695810501
<145,registrar2-0,transcript3-11,read> 3.697524423230281E-4
<146,fac3-2,roster3-5,read> 0.001756016374230327
<147,chair1,transcript1-6,read> 0.00175942157636758
<148,registrar4-0,transcript2-10,read> 3.9618056386350633E-4
<149,app2-4,application2-4,checkStatus> 6.959661132420323E-4
<150,admissions0-1,application3-0,read> 1.421566269999131E-4
<151,registrar4-0,roster1-2,write> 1.77189821901976E-4
<152,chair3,transcript3-10,read> 0.0020405083544966754
<153,registrar4-0,transcript3-16,read> 4.164847555550415E-4
<154,stu4-13,transcript4-13,read> 0.0017836638120461875
<155,fac0-4,roster0-8,read> 0.002904164046059004
<156,chair2,transcript2-5,read> 0.0010882551877736163
<157,registrar4-0,roster4-2,read> 1.64459043452871E-4
<158,admissions0-1,stu1-11application1-11,read> 1.8207715850946984E-4
<159,registrar4-0,transcript1-0,read> 3.173525255316644E-4
<160,registrar2-1,transcript0-13,read> 3.451490438920831E-4
<161,chair2,transcript2-19,read> 0.0019946166356184557
<162,registrar0-1,transcript3-18,read> 3.458983347638553E-4
<163,stu3-3,stu3-3application3-3,checkStatus> 0.002235762944267976
<164,stu1-8,stu1-8application1-8,checkStatus> 0.0015380425052093454
<165,stu5-1,gradebook5-6,readMyScores> 7.799085931489134E-5
<166,fac1-3,gradebook1-6,addScore> 3.349732609499793E-4
<167,app4-4,application4-4,checkStatus> 0.001718487446345198
<168,app4-3,application4-3,checkStatus> 0.001724502277716393
<169,registrar0-0,transcript4-11,read> 3.444791056786627E-4
<170,registrar2-1,roster4-9,write> 7.489325818059541E-5
<171,stu4-5,transcript4-5,read> 0.001029950666402206
<172,app0-1,application0-1,checkStatus> 7.320551014692028E-4
<173,registrar4-0,transcript4-2,read> 2.5285685780561184E-4
<174,admissions0-1,stu0-8application0-8,read> 1.6761319781760143E-4
<175,admissions0-1,stu0-4application0-4,setStatus> 1.6680124366058068E-4
<176,fac4-2,roster4-4,read> 0.0014716128224929487
<177,chair2,transcript2-17,read> 0.0019716707761793456
<178,fac2-2,gradebook2-5,assignGrade> 8.024294040692489E-4
<179,fac1-0,gradebook1-1,changeScore> 8.778960821704358E-4
<180,registrar4-1,roster2-8,read> 1.7164506839906552E-4
<181,fac1-3,roster1-6,read> 0.00278829593238822
<182,fac3-1,roster3-2,read> 0.0016717486551970297
<183,fac1-1,roster1-3,read> 0.002767229002629896
<184,fac1-3,roster1-7,read> 0.0028620301865423556
<185,registrar0-1,transcript3-12,read> 3.539259523481247E-4
<186,stu1-0,transcript1-0,read> 0.0013175517351347778
<187,fac5-0,roster5-1,read> 0.0018613510230219492
<188,fac5-3,roster5-6,read> 0.0015980144010428947
<189,admissions0-1,stu1-9application1-9,setStatus> 1.9967388159664514E-4
<190,fac2-4,gradebook2-8,readScore> 5.687168116869224E-4
<191,chair4,transcript4-17,read> 0.0020921365382346726
<192,admissions0-1,stu5-2application5-2,read> 1.647204056792278E-4
<193,registrar2-1,roster0-7,write> 1.5053811590913464E-4
<194,chair4,transcript4-18,read> 0.0021093459328140047
<195,fac1-0,roster1-1,read> 0.0028304297919048687
<196,fac0-2,roster0-5,read> 0.002704028213354923
<197,fac4-4,gradebook4-8,assignGrade> 4.799666857871266E-4
<198,registrar0-1,transcript2-3,read> 1.963839572568389E-4
<199,admissions2-0,stu5-11application5-11,read> 1.0425982214675171E-4
<200,admissions4-0,stu3-17application3-17,setStatus> 1.5929030168145388E-4
<201,fac2-2,roster2-5,read> 0.0014189454980971378
<202,admissions2-0,application1-2,setStatus> 2.4345239389177848E-5
<203,admissions0-0,application5-1,read> 2.1868784140229936E-4
<204,chair1,transcript1-4,read> 0.0017708945060871345
<205,registrar0-1,roster0-2,write> 1.4163805048038225E-4
<206,admissions2-0,stu1-4application1-4,read> 1.9052691102978392E-4
<207,stu3-6,stu3-6application3-6,checkStatus> 0.0022538074383815616
<208,registrar0-0,transcript0-15,read> 3.293574768475057E-4
<209,chair2,transcript2-12,read> 0.0019143061275815713
<210,stu0-15,transcript0-15,read> 0.0016200287212155863
<211,stu3-0,transcript3-0,read> 3.605343857315646E-4
<212,fac3-2,gradebook3-5,changeScore> 5.283881036452967E-4
<213,admissions4-0,stu1-16application1-16,read> 1.0954231925648026E-4
<214,stu5-7,transcript5-7,read> 0.0014712695477332215
<215,chair4,transcript4-13,read> 0.002063454213935785
<216,admissions0-1,stu1-13application1-13,read> 1.3926383486153945E-4
<217,admissions0-1,stu1-3application1-3,read> 1.600919382578299E-4
<218,registrar4-1,transcript5-9,read> 3.62330155531076E-4
<219,stu4-4,stu4-4application4-4,checkStatus> 0.001652324301262052
<220,registrar2-0,transcript1-8,read> 3.185298163162097E-4
<221,stu1-9,gradebook1-3,addScore> 3.9764207964353783E-4
<222,stu3-8,transcript3-8,read> 3.406998292672493E-4
<223,admissions0-0,stu2-10application2-10,read> 1.4089776309793097E-4
<224,admissions4-0,stu3-13application3-13,setStatus> 1.3346323558418186E-4
<225,stu4-8,stu4-8application4-8,checkStatus> 9.96707681801787E-4
<226,stu2-3,transcript2-3,read> 9.704469970092601E-4
<227,registrar0-1,transcript5-7,read> 2.9773262925823925E-4
<228,fac4-2,gradebook4-4,changeScore> 0.0013147810553268593
<229,admissions0-1,stu2-16application2-16,setStatus> 1.3458605848323745E-4
<230,fac3-2,roster3-4,read> 0.0017033490498345166
<231,admissions2-0,stu1-2application1-2,setStatus> 1.7417637904268806E-4
<232,stu4-16,stu4-16application4-16,checkStatus> 0.0018087099169131246
<233,stu0-18,gradebook0-3,addScore> 1.4378026600042647E-4
<234,registrar0-1,transcript0-18,read> 3.1980857761498E-4
<235,stu1-16,gradebook1-6,readScore> 9.183123067333297E-5
<236,chair4,transcript4-3,read> 0.001180038625530056
<237,admissions2-0,stu1-16application1-16,setStatus> 1.234900083792329E-4
<238,fac4-0,gradebook4-1,assignGrade> 4.5708223481226624E-4
<239,chair0,transcript0-11,read> 0.0018569414789837966
<240,registrar2-1,roster0-4,read> 2.0618981953370057E-4
<241,admissions0-0,application4-0,setStatus> 1.7792259471964631E-4
<242,chair3,transcript3-13,read> 0.0020175624950575653
<243,fac3-3,gradebook3-6,changeScore> 4.8178703984194497E-4
<244,registrar4-1,transcript4-8,read> 2.446701468720796E-4
<245,registrar0-0,roster2-4,read> 1.0424533458632549E-4
<246,chair2,transcript2-10,read> 0.0019028331978620163
<247,admissions0-1,stu4-4application4-4,setStatus> 1.8060775159372774E-4
<248,fac5-2,roster5-5,read> 0.0016190813308012192
<249,admissions0-0,stu4-9application4-9,setStatus> 1.581320388416693E-4
<250,admissions4-0,stu1-18application1-18,setStatus> 1.25602824163273E-4
<251,admissions2-1,stu2-0application2-0,read> 9.474913360760737E-5
<252,stu2-4,gradebook2-6,readMyScores> 1.778328963389975E-4
<253,fac4-4,roster4-8,read> 0.0013873451034596511
<254,stu2-19,transcript2-19,read> 0.0017241601426532416
<255,registrar4-1,roster3-3,read> 1.5223535009681536E-4
<256,fac3-1,gradebook3-3,changeScore> 5.109127047190399E-4
<257,stu0-10,stu0-10application0-10,checkStatus> 0.0023440299089494882
<258,chair2,transcript2-13,read> 0.0019200425924413489
<259,admissions2-0,stu4-13application4-13,setStatus> 1.9924106783230874E-4
<260,stu1-9,transcript1-9,read> 0.001515897299777931
<261,admissions4-0,stu5-13application5-13,read> 1.8464293580367817E-4
<262,fac2-3,roster2-6,read> 0.001924551812296922
<263,admissions2-1,stu1-10application1-10,setStatus> 1.1683474097954546E-4
<264,chair3,transcript3-17,read> 0.0019888801707586786
<265,registrar0-0,roster0-1,write> 1.4006066446108697E-4
<266,registrar0-0,transcript5-3,read> 2.950817848302165E-4
<267,chair0,transcript0-17,read> 0.0018339956195446865
<268,fac2-0,gradebook2-1,changeScore> 0.0021594253367626117
<269,stu0-3,stu0-3application0-3,checkStatus> 9.425741994610311E-4
<270,registrar0-0,transcript3-12,read> 3.555683001548445E-4
<271,fac0-0,roster0-1,read> 0.0026408274240799496
<272,fac4-0,gradebook4-1,readScore> 3.290731644930474E-4
<273,chair4,transcript4-4,read> 0.0011857750903898332
<274,stu2-7,gradebook2-2,readMyScores> 1.79491942858454E-4
<275,app3-3,application3-3,checkStatus> 0.00149593868561098
<276,registrar0-1,roster0-1,read> 1.9169388285508466E-4
<277,registrar2-0,roster4-6,write> 8.440929010819194E-5
<278,fac2-4,roster2-9,read> 0.0019666856718135706
<279,registrar2-1,roster0-1,read> 2.0058919064418372E-4
<280,registrar2-1,transcript5-0,read> 3.062984480020882E-4
<281,chair0,transcript0-16,read> 0.001839732084404464
<282,stu0-4,transcript0-4,read> 5.291281156782448E-4
<283,admissions0-0,stu4-1application4-1,read> 2.1056051978841014E-4
<284,registrar2-0,roster5-4,read> 1.1765585744098316E-4
<285,fac3-4,gradebook3-8,assignGrade> 1.762276092117082E-4
<286,stu1-16,gradebook1-6,addScore> 2.4925619754190384E-4
<287,admissions4-0,stu4-5application4-5,read> 7.643875801528119E-5
<288,admissions4-0,stu0-18application0-18,setStatus> 2.1992776121417944E-4
<289,admissions0-0,stu5-11application5-11,setStatus> 1.4032053855148993E-4
<290,admissions0-0,stu2-3application2-3,read> 7.413762126955509E-5
<291,fac1-1,gradebook1-2,changeScore> 8.895463481212737E-4
<292,registrar4-0,transcript2-19,read> 4.1529039133789223E-4
<293,registrar2-0,transcript4-0,read> 2.1922064344584758E-4
<294,stu1-1,stu1-1application1-1,checkStatus> 0.002362074403063073
<295,fac4-2,roster4-5,read> 0.0014505458927346244
<296,admissions4-0,stu5-0application5-0,read> 1.2041214533567996E-4
<297,registrar2-1,roster5-4,write> 8.594904507938192E-5
<298,registrar4-1,transcript0-5,read> 1.3550106667301086E-4
<299,admissions2-0,stu1-4application1-4,setStatus> 2.1650785344293628E-4
<300,chair3,transcript3-16,read> 0.0020003531004782332
<301,registrar0-0,transcript1-5,read> 3.122196308388611E-4
<302,chair4,transcript4-11,read> 0.001960197846459791
<303,admissions2-1,stu4-1application4-1,setStatus> 1.9554824461198684E-4
<304,registrar4-1,transcript1-6,read> 3.7203407377099326E-4
<305,stu3-0,stu3-0application3-0,checkStatus> 9.004703798626655E-4
<306,fac4-0,roster4-1,read> 0.0018929514176594352
<307,admissions2-0,stu1-1application1-1,setStatus> 2.1873582577979146E-4
<308,admissions2-0,stu5-19application5-19,setStatus> 3.492810798923991E-5
<309,admissions2-0,stu1-13application1-13,read> 1.179841317417796E-4
<310,fac5-3,gradebook5-6,assignGrade> 1.9703165555249027E-4
<311,fac2-1,gradebook2-3,addScore> 0.0015761829838408152
<312,fac4-3,roster4-6,read> 0.0015348136117679218
<313,admissions4-0,stu0-4application0-4,setStatus> 1.4244656292236344E-4
<314,admissions2-0,stu5-2application5-2,read> 1.3955090396253764E-4
<315,registrar0-0,roster0-5,write> 1.4341262319174952E-4
<316,admissions0-0,stu1-14application1-14,setStatus> 2.2410055843492604E-4
<317,stu4-8,gradebook4-2,readMyScores> 2.093422427935213E-4
<318,stu0-13,stu0-13application0-13,checkStatus> 0.0019831400266777824
<319,fac0-3,roster0-6,read> 0.0027356286079924094
<320,admissions4-0,stu0-0application0-0,setStatus> 1.3570906741872726E-4
<321,stu1-10,stu1-10application1-10,checkStatus> 0.0013034640817327367
<322,registrar0-0,roster0-9,write> 1.5514447874906843E-4
<323,admissions0-0,stu3-15application3-15,setStatus> 1.8583881707083714E-4
<324,registrar2-1,transcript4-14,read> 3.8189960757180797E-4
<325,chair4,transcript4-8,read> 0.0011570927660909459
<326,admissions2-0,stu0-16application0-16,setStatus> 1.3295889081086742E-4
<327,registrar0-1,transcript1-8,read> 3.0576024684250865E-4
<328,chair0,transcript0-3,read> 6.178650692718645E-4
<329,admissions2-1,stu5-0application5-0,read> 1.1562438607780005E-4
<330,admissions0-0,stu3-1application3-1,setStatus> 2.1222622490813984E-4
<331,stu4-12,transcript4-12,read> 0.0017886224511622663
<332,registrar4-0,transcript5-7,read> 3.543778162632871E-4
<333,stu5-0,gradebook5-3,readMyScores> 5.7087880055119346E-5
<334,fac4-3,gradebook4-6,assignGrade> 4.758058765189702E-4
<335,chair1,transcript1-1,read> 0.0015127535873971486
<336,fac0-1,gradebook0-2,assignGrade> 1.1381547018936194E-4
<337,stu2-9,gradebook2-9,readScore> 3.531976353840889E-4
<338,stu3-0,gradebook3-6,addScore> 1.2444431510880323E-4
<339,chair0,transcript0-9,read> 6.694932530098616E-4
<340,admissions0-0,stu2-2application2-2,setStatus> 3.5430592398211667E-5
<341,registrar2-1,roster3-9,read> 1.3658200333541975E-4
<342,stu2-8,stu2-8application2-8,checkStatus> 0.0023680892344342683
<343,fac4-4,gradebook4-8,changeScore> 0.0013439067202039544
<344,stu1-0,stu1-0application1-0,checkStatus> 0.002217718450154391
<345,stu2-13,stu2-13application2-13,checkStatus> 0.0012192564425360054
<346,fac1-3,gradebook1-6,assignGrade> 2.9897148262232246E-4
<347,registrar4-1,roster3-7,write> 1.1340541039799563E-4
<348,admissions4-0,stu1-4application1-4,read> 1.9205418085767794E-4
<349,admissions4-1,application2-2,setStatus> 5.9256836644876015E-5
<350,registrar2-0,roster5-6,write> 8.788510874576118E-5
<351,stu1-17,stu1-17application1-17,checkStatus> 7.200254387268127E-4
<352,stu3-15,transcript3-15,read> 0.0017340774208853993
<353,chair0,transcript0-12,read> 0.001897096733002239
<354,registrar4-1,roster4-7,write> 9.592826145051496E-5
<355,chair3,transcript3-18,read> 0.0019774072410391236
<356,app3-2,application3-2,checkStatus> 0.0015019535169821748
<357,fac3-4,roster3-9,read> 0.0017981502337469756
<358,admissions0-0,application2-4,setStatus> 7.633107454603087E-5
<359,app5-4,application5-4,checkStatus> 0.002307940920722317
<360,stu3-11,stu3-11application3-11,checkStatus> 0.0014839090228685897
<361,registrar4-0,transcript2-15,read> 4.033467491664011E-4
<362,registrar4-0,roster4-6,read> 1.3260624278411113E-4
<363,registrar4-1,transcript0-16,read> 3.890159306908483E-4
<364,stu1-18,stu1-18application1-18,checkStatus> 0.0013455679013311022
<365,registrar0-0,transcript3-16,read> 3.5153586579986934E-4
<366,fac1-1,roster1-2,read> 0.0028198963270257065
<367,stu2-19,gradebook2-6,readMyScores> 1.1651120794623976E-4
<368,stu4-0,gradebook4-6,readMyScores> 2.3454734126007517E-4
<369,registrar4-1,transcript3-11,read> 4.2904459343050694E-4
<370,fac0-1,roster0-2,read> 0.0026829612835965987
<371,admissions0-1,stu2-1application2-1,read> 1.3000690001874364E-4
<372,registrar0-0,roster1-1,write> 1.5011654065307458E-4
<373,registrar4-0,transcript3-12,read> 4.212622124236379E-4
<374,admissions4-0,stu4-0application4-0,setStatus> 6.664973850645647E-5
<375,stu2-16,transcript2-16,read> 0.0016894496688406898
<376,admissions0-0,stu3-19application3-19,setStatus> 1.9969220618542107E-4
<377,admissions0-1,stu3-6application3-6,setStatus> 2.463530274658568E-4
<378,stu2-1,transcript2-1,read> 9.605297187771024E-4
<379,registrar0-1,transcript0-17,read> 3.208120298130136E-4
<380,admissions4-1,stu0-6application0-6,read> 5.51340888060419E-5
<381,chair0,transcript0-5,read> 6.408109287109743E-4
<382,admissions0-0,stu1-15application1-15,setStatus> 1.8385976148303941E-4
<383,registrar2-1,transcript4-12,read> 3.78749559256403E-4
<384,registrar4-1,transcript1-5,read> 3.7567304311096215E-4
<385,registrar0-0,transcript1-9,read> 3.0818719648388593E-4
<386,admissions4-1,stu1-4application1-4,setStatus> 2.1997892123360458E-4
<387,registrar0-0,roster1-5,write> 1.489992210761871E-4
<388,registrar2-1,roster4-4,write> 8.129397691147182E-5
<389,registrar2-0,roster0-3,read> 2.0129274340749303E-4
<390,registrar0-0,roster0-4,read> 1.9796051409776575E-4
<391,stu2-17,stu2-17application2-17,checkStatus> 0.0012854195876191514
<392,stu3-6,gradebook3-1,readMyScores> 9.795237699583791E-5
<393,registrar0-0,roster1-4,write> 1.462059221339683E-4
<394,registrar0-0,transcript0-17,read> 3.223007167262991E-4
<395,admissions2-1,stu2-16application2-16,setStatus> 1.1036513794126264E-4
<396,admissions2-1,stu1-17application1-17,read> 5.679412911634802E-5
<397,fac4-3,roster4-7,read> 0.0015032132171304351
<398,fac4-2,gradebook4-4,assignGrade> 4.695646626167355E-4
<399,registrar0-0,roster2-7,read> 1.4111688062361341E-4
<400,registrar0-1,transcript0-19,read> 3.188051254169463E-4
<401,registrar4-1,transcript3-15,read> 4.2419263431054836E-4
<402,admissions0-1,stu3-12application3-12,setStatus> 9.25090819250749E-5
<403,registrar0-0,transcript1-8,read> 3.071790878951421E-4
<404,stu4-12,gradebook4-2,readMyScores> 9.612266320646258E-5
<405,chair0,transcript0-18,read> 0.0018282591546849095
<406,chair1,transcript1-7,read> 0.0017651580412273574
<407,admissions0-0,stu3-5application3-5,setStatus> 1.436189645311528E-4
<408,stu4-6,transcript4-6,read> 0.0010349093055182848
<409,stu0-12,transcript0-12,read> 0.0016398632776799017
<410,registrar0-0,roster1-3,write> 1.4676458192241205E-4
<411,admissions4-0,stu2-13application2-13,read> 1.0015474218808053E-4
<412,registrar2-1,transcript2-19,read> 3.65099349889648E-4
<413,stu2-9,stu2-9application2-9,checkStatus> 0.0021455404737000497
<414,registrar0-0,roster1-2,write> 1.4955788086463083E-4
<415,admissions0-0,application2-1,setStatus> 6.841485219484006E-5
<416,registrar4-0,transcript2-17,read> 4.105129344692958E-4
<417,fac4-0,gradebook4-1,addScore> 8.931985893382716E-4
<418,fac1-2,gradebook1-4,addScore> 5.639025419888311E-4
<419,admissions4-1,application5-2,setStatus> 2.1431969290301557E-4
<420,fac4-0,gradebook4-1,changeScore> 0.0012798302574743453
<421,registrar2-0,roster5-2,read> 1.4155211057427167E-4
<422,chair4,transcript4-10,read> 0.0019429884518804587
<423,admissions2-0,stu1-6application1-6,setStatus> 2.82441909786744E-5
<424,registrar0-0,roster1-9,write> 1.529098395952934E-4
<425,fac1-4,roster1-8,read> 0.0028725636514215177
<426,stu5-13,stu5-13application5-13,checkStatus> 0.0022477926070103666
<427,admissions0-0,stu5-13application5-13,read> 2.169462724850374E-4
<428,admissions4-0,stu0-13application0-13,setStatus> 1.851173677787259E-4
<429,admissions4-0,stu3-13application3-13,read> 1.1744764731408003E-4
<430,admissions0-1,stu5-10application5-10,setStatus> 2.3583378332631618E-4
<431,registrar4-0,transcript3-11,read> 4.224565766407871E-4
<432,chair0,transcript0-6,read> 6.293379989914194E-4
<433,app5-2,application5-2,checkStatus> 0.002277866763866342
<434,admissions0-1,stu3-19application3-19,setStatus> 1.990164288379239E-4
<435,registrar0-1,transcript4-4,read> 2.0742193143520924E-4
<436,stu5-8,transcript5-8,read> 0.001486145465081458
<437,registrar0-0,roster1-8,write> 1.5235117980684962E-4
<438,stu5-14,transcript5-14,read> 1.274783472758598E-4
<439,stu1-11,stu1-11application1-11,checkStatus> 0.0018929175561098561
<440,fac2-3,roster2-7,read> 0.001935085277176084
<441,chair0,transcript0-8,read> 6.465473935707518E-4
<442,registrar0-0,roster1-7,write> 1.5179252001840587E-4
<443,app1-0,application1-0,checkStatus> 2.3883892903120516E-4
<444,admissions2-1,stu5-10application5-10,read> 1.701847050339854E-4
<445,registrar0-0,transcript4-13,read> 3.6262506027605107E-4
<446,registrar0-0,roster1-6,write> 1.4788190149929957E-4
<447,fac5-2,roster5-4,read> 0.001555880541526246
<448,admissions2-0,stu4-16application4-16,setStatus> 1.6749246203212254E-4
<449,admissions4-1,stu1-17application1-17,read> 5.9616197643868414E-5
<450,stu4-14,stu4-14application4-14,checkStatus> 0.0018869027247386608
<451,stu5-0,stu5-0application5-0,checkStatus> 0.001465864528755004
<452,admissions0-0,application1-4,read> 1.666584699990977E-5
<453,fac0-4,gradebook0-9,addScore> 2.1427957813633872E-4
<454,admissions2-1,stu5-3application5-3,setStatus> 1.5673062638228968E-4
<455,registrar2-1,transcript5-7,read> 3.1154852852776315E-4
<456,registrar4-1,roster1-3,read> 2.4281403550731624E-4
<457,registrar0-0,transcript3-3,read> 7.430600389532427E-5
<458,admissions2-0,stu3-19application3-19,setStatus> 1.6860644820055015E-4
<459,chair5,transcript5-2,read> 0.0016848475331904728
<460,admissions0-0,stu4-14application4-14,setStatus> 2.0694874334067933E-4
<461,admissions4-0,application3-3,setStatus> 1.3963927312918173E-4
<462,admissions2-1,application0-3,setStatus> 6.669531743285341E-5
<463,stu3-11,transcript3-11,read> 0.0017539119773497148
<464,admissions0-1,stu2-7application2-7,setStatus> 1.2143700330881164E-4
<465,registrar4-1,transcript0-0,read> 2.1677138193231763E-4
<466,registrar4-1,transcript1-4,read> 3.744600533309725E-4
<467,admissions0-0,stu1-13application1-13,setStatus> 1.587917240376019E-4
<468,admissions4-0,stu3-10application3-10,setStatus> 5.7104953209638555E-5
<469,chair1,transcript1-5,read> 0.0017766309709469122
<470,registrar2-1,transcript1-0,read> 2.7899802926857826E-4
<471,admissions4-0,stu1-14application1-14,setStatus> 1.9073194736508932E-4
<472,admissions0-0,application1-4,setStatus> 1.893846249989747E-5
<473,chair3,transcript3-7,read> 4.515075883383179E-4
<474,registrar2-0,transcript1-4,read> 3.227112551739091E-4
<475,stu5-3,transcript5-3,read> 0.0014514349912689063
<476,stu3-17,stu3-17application3-17,checkStatus> 0.001706457783602808
<477,chair5,transcript5-1,read> 0.0016561652088915855
<478,registrar4-1,transcript3-13,read> 4.266186138705276E-4
<479,chair2,transcript2-1,read> 0.0011112010472127262
<480,app4-0,application4-0,checkStatus> 0.0016222501444060765
<481,admissions4-0,stu2-1application2-1,read> 1.1102456826728021E-4
<482,registrar2-1,transcript0-11,read> 3.398989633664081E-4
<483,admissions0-1,stu3-9application3-9,read> 9.471483593058479E-5
<484,admissions0-0,stu0-3application0-3,setStatus> 1.0337816757926615E-4
<485,admissions2-0,stu4-9application4-9,read> 1.1749397782767143E-4
<486,stu1-8,transcript1-8,read> 0.0015109386606618521
<487,stu0-18,stu0-18application0-18,checkStatus> 0.0023560595716918776
<488,stu1-2,transcript1-2,read> 0.0015406904953583253
<489,registrar4-0,roster2-9,read> 1.6991952356751555E-4
<490,admissions2-1,stu4-13application4-13,setStatus> 1.92852576679369E-4
<491,admissions4-0,stu5-16application5-16,setStatus> 1.4637676863281786E-4
<492,admissions0-1,stu0-18application0-18,setStatus> 2.575297243641187E-4
<493,stu1-12,gradebook1-9,addScore> 1.6162543120315192E-4
<494,registrar4-0,roster5-5,read> 1.398868829369705E-4
<495,registrar2-1,roster0-5,read> 2.0538972969234102E-4
<496,stu2-8,gradebook2-7,addScore> 5.259729770931199E-4
<497,admissions0-0,stu2-7application2-7,setStatus> 1.2184935306537806E-4
<498,app4-1,application4-1,checkStatus> 0.0017004429522316127
<499,admissions0-1,stu4-15application4-15,setStatus> 1.5587109154683923E-5
<500,admissions4-0,application3-2,read> 1.2337664335727988E-4
<501,admissions2-0,stu2-8application2-8,read> 1.929776806003246E-4
<502,admissions0-0,stu4-18application4-18,read> 1.1441140248123834E-5
<503,stu4-7,transcript4-7,read> 9.952401925896544E-4
<504,stu2-11,gradebook2-5,addScore> 2.4139751239083228E-4
<505,chair0,transcript0-19,read> 0.001822522689825132
<506,admissions0-1,stu0-12application0-12,setStatus> 6.621097157622326E-5
<507,chair3,transcript3-14,read> 0.0020118260301977883
<508,chair3,transcript3-15,read> 0.0020060895653380107
<509,registrar2-1,roster3-1,write> 9.351353085223582E-5
<510,admissions0-1,application5-1,setStatus> 2.4766793298329937E-4
<511,stu2-15,stu2-15application2-15,checkStatus> 4.2529870153825306E-4
<512,registrar4-0,transcript4-5,read> 2.480794009370153E-4
<513,registrar0-1,transcript1-6,read> 3.07767151238576E-4
<514,admissions0-1,stu1-13application1-13,setStatus> 1.5825435779720393E-4
<515,registrar4-1,transcript4-17,read> 4.423874810103931E-4
<516,fac2-4,gradebook2-8,changeScore> 0.0022118515335413824
<517,registrar4-1,roster0-9,read> 2.5667812000892346E-4
<518,registrar2-1,roster5-5,write> 8.94403462053145E-5
<519,admissions2-0,application3-2,read> 1.223955169687528E-4
<520,admissions2-1,stu2-17application2-17,setStatus> 1.1521734021997476E-4
<521,admissions0-0,stu3-12application3-12,read> 8.168441991102368E-5
<522,registrar0-1,transcript0-0,read> 1.7932526989026658E-4
<523,stu3-19,stu3-19application3-19,checkStatus> 0.0018207395796555148
<524,admissions0-1,stu4-7application4-7,setStatus> 4.911719984946972E-5
<525,admissions4-0,stu2-19application2-19,setStatus> 1.3009448783236378E-4
<526,stu1-2,stu1-2application1-2,checkStatus> 0.0018808878933674656
<527,stu0-10,transcript0-10,read> 0.0016101114429834286
<528,stu2-17,gradebook2-2,addScore> 7.77335959291052E-4
<529,registrar0-0,transcript5-8,read> 3.021385449514231E-4
<530,chair3,transcript3-2,read> 4.3429819375898554E-4
<531,admissions0-1,stu4-18application4-18,read> 1.1402422345422909E-5
<532,fac5-1,gradebook5-2,addScore> 1.1477579606898586E-4
<533,stu2-4,transcript2-4,read> 9.654883578931814E-4
<534,registrar0-0,roster1-4,read> 2.0103314293420642E-4
<535,stu2-10,transcript2-10,read> 0.0016448219167959804
<536,admissions0-1,stu2-17application2-17,setStatus> 1.4050313331172905E-4
<537,fac5-1,gradebook5-3,addScore> 1.9123060955750633E-4
<538,fac4-2,gradebook4-5,readScore> 1.5297593800335017E-4
<539,chair1,transcript1-0,read> 0.0015242265171167037
<540,app3-1,application3-1,checkStatus> 0.0014718793601261994
<541,stu0-7,transcript0-7,read> 5.687972286068753E-4
<542,chair4,transcript4-7,read> 0.0011513563012311686
<543,admissions2-1,stu1-13application1-13,read> 1.1420107340937783E-4
<544,admissions2-1,stu1-11application1-11,read> 1.4930945256379276E-4
<545,stu3-14,transcript3-14,read> 0.0017390360600014784
<546,fac1-3,gradebook1-6,changeScore> 8.371201513425029E-4
<547,registrar4-0,transcript1-5,read> 3.699045510862257E-4
<548,admissions2-0,stu5-18application5-18,setStatus> 1.2683196688451567E-4
<549,stu0-15,stu0-15application0-15,checkStatus> 0.0014177458777854433
<550,admissions0-0,stu3-2application3-2,setStatus> 6.577611141110979E-5
<551,fac4-1,gradebook4-3,assignGrade> 4.633234487145009E-4
<552,fac3-0,gradebook3-1,changeScore> 4.75961906866526E-4
<553,stu3-8,stu3-8application3-8,checkStatus> 0.001904947218852246
<554,admissions2-0,stu0-0application0-0,setStatus> 1.3462987006350878E-4
<555,registrar4-1,roster5-5,read> 1.4206835479563674E-4
<556,fac2-0,roster2-1,read> 0.0015242801468887597
<557,stu2-16,gradebook2-5,addScore> 2.2489169957778393E-4
<558,fac4-1,gradebook4-3,changeScore> 0.0012973056564006024
<559,admissions4-1,stu5-0application5-0,read> 1.2136969718725593E-4
<560,registrar0-1,transcript1-9,read> 3.067636990405423E-4
<561,chair5,transcript5-7,read> 0.001702056927769805
<562,stu1-3,stu1-3application1-3,checkStatus> 0.0016643539640044424
<563,admissions2-1,stu2-0application2-0,setStatus> 1.0766947000864476E-4
<564,admissions2-1,application3-1,setStatus> 1.3193048140220547E-4
<565,admissions0-0,stu0-10application0-10,setStatus> 2.570848182315545E-4
<566,registrar4-0,transcript2-18,read> 4.129016629035941E-4
<567,admissions0-0,stu1-8application1-8,setStatus> 1.6868700197659038E-4
<568,stu4-9,gradebook4-4,readMyScores> 1.375454053516947E-4
<569,chair1,transcript1-9,read> 0.0017536851115078024
<570,admissions2-1,stu3-11application3-11,read> 1.1704769874622229E-4
<571,registrar2-1,transcript2-10,read> 3.4829909220748806E-4
<572,admissions4-1,stu0-2application0-2,read> 8.320952055409408E-6
<573,fac5-2,gradebook5-5,changeScore> 5.342132366207157E-4
<574,stu3-19,gradebook3-1,addScore> 1.1952907230425687E-4
<575,stu1-6,transcript1-6,read> 0.00152085593889401
<576,admissions0-0,stu2-1application2-1,read> 1.3044834959435904E-4
<577,admissions0-0,stu4-7application4-7,setStatus> 4.9283981512795595E-5
<578,admissions0-1,stu0-14application0-14,setStatus> 1.5430964124487617E-4
<579,registrar4-1,transcript2-18,read> 4.193406751905897E-4
<580,stu1-7,gradebook1-3,readMyScores> 1.1676083996685192E-4
<581,admissions4-1,stu4-5application4-5,read> 7.704662090208263E-5
<582,chair0,transcript0-0,read> 0.0010251540743160643
<583,registrar4-0,roster0-5,read> 2.3362512490503534E-4
<584,admissions0-1,stu3-15application3-15,setStatus> 1.852099209047768E-4
<585,stu2-16,gradebook2-2,readMyScores> 1.2787334491223194E-4
<586,fac2-0,gradebook2-1,addScore> 7.38998066973929E-4
<587,registrar0-1,roster4-1,write> 9.993209745164217E-5
<588,admissions0-1,stu3-1application3-1,setStatus> 2.1150803125362838E-4
<589,registrar2-1,roster3-8,write> 9.87504825411347E-5
<590,chair0,transcript0-2,read> 0.0010022082148769544
<591,admissions2-0,stu2-17application2-17,setStatus> 1.1903406370552257E-4
<592,stu0-7,stu0-7application0-7,checkStatus> 0.0012974492503615414
<593,stu0-17,transcript0-17,read> 0.0015853182474030343
<594,registrar2-1,transcript3-16,read> 3.661493659947831E-4
<595,admissions0-0,stu3-4application3-4,setStatus> 6.511642621517722E-5
<596,admissions4-1,stu4-0application4-0,setStatus> 6.717975630770066E-5
<597,admissions4-1,stu2-19application2-19,setStatus> 1.3112903644335673E-4
<598,admissions4-1,stu3-13application3-13,read> 1.1838162462870494E-4
<599,registrar0-0,roster2-1,write> 8.08427268860487E-5
<600,stu4-5,stu4-5application4-5,checkStatus> 9.305445367186408E-4
<601,admissions2-0,application2-3,read> 5.573458465004613E-5
<602,registrar4-0,transcript1-9,read> 3.651270942176292E-4
<603,registrar0-0,roster1-6,read> 2.0333761456153688E-4
<604,stu1-13,transcript1-13,read> 1.8698201666880572E-4
<605,admissions4-0,stu5-2application5-2,setStatus> 1.5985175964009022E-4
<606,stu3-12,stu3-12application3-12,checkStatus> 8.463368975219097E-4
<607,fac2-4,gradebook2-9,addScore> 5.768498547921843E-4
<608,stu2-12,transcript2-12,read> 0.001654739195028138
<609,fac5-0,gradebook5-1,addScore> 3.8909106006258494E-4
<610,registrar0-0,transcript0-3,read> 1.0858169591261349E-4
<611,stu2-11,transcript2-11,read> 0.0016497805559120594
<612,admissions2-1,stu2-10application2-10,setStatus> 1.3085221422915833E-4
<613,stu0-1,transcript0-1,read> 8.514396582233682E-4
<614,registrar4-0,transcript0-9,read> 1.3939225717644535E-4
<615,stu0-12,stu0-12application0-12,checkStatus> 6.057436426741059E-4
<616,registrar0-1,roster2-8,read> 1.4199428882916937E-4
<617,stu5-3,stu5-3application5-3,checkStatus> 0.0017485616032011735
<618,registrar4-1,transcript3-18,read> 4.1812768541060004E-4
<619,stu1-3,gradebook1-2,addScore> 2.0312279919845858E-4
<620,registrar2-1,transcript2-5,read> 1.9919680527831846E-4
<621,stu2-2,transcript2-2,read> 9.555710796610238E-4
<622,stu5-1,transcript5-1,read> 0.0014316004348045909
<623,registrar4-1,transcript2-12,read> 4.0478479783071387E-4
<624,admissions2-0,stu3-14application3-14,setStatus> 1.2961693230558466E-4
<625,stu0-14,transcript0-14,read> 0.0016249873603316652
<626,fac2-4,gradebook2-9,assignGrade> 7.857861669966231E-4
<627,admissions4-0,application4-3,read> 1.4165771449047934E-4
<628,registrar4-0,transcript4-7,read> 2.397188514169715E-4
<629,registrar2-1,transcript2-4,read> 2.0444688580399347E-4
<630,admissions2-1,application5-4,read> 1.8204564393750394E-4
<631,chair3,transcript3-11,read> 0.002029035424777121
<632,registrar2-1,transcript2-7,read> 2.0129683748858844E-4
<633,stu3-14,stu3-14application3-14,checkStatus> 0.0013997013836718583
<634,fac4-1,gradebook4-2,addScore> 8.972639726388822E-4
<635,admissions2-0,stu2-13application2-13,read> 9.935828300567035E-5
<636,admissions0-1,stu5-3application5-3,read> 1.681917562452762E-4
<637,admissions0-1,stu2-19application2-19,read> 1.340568090124668E-4
<638,admissions4-1,stu3-5application3-5,setStatus> 1.232061167805321E-4
<639,registrar2-1,transcript2-6,read> 1.981467891731835E-4
<640,admissions4-1,stu0-11application0-11,setStatus> 1.8998501108148267E-4
<641,admissions0-1,stu1-14application1-14,read> 1.9654111920133817E-4
<642,registrar2-0,transcript1-6,read> 3.2062053574505946E-4
<643,stu2-19,stu2-19application2-19,checkStatus> 0.001393686552300663
<644,registrar2-1,transcript2-9,read> 2.0864695022453344E-4
<645,stu0-11,transcript0-11,read> 0.0016051528038673497
<646,admissions0-0,stu0-8application0-8,setStatus> 1.9111629863829768E-4
<647,stu4-9,transcript4-9,read> 0.0010101161099378907
<648,registrar2-1,transcript2-8,read> 2.0024682138345347E-4
<649,admissions4-0,stu0-2application0-2,read> 8.255303518483103E-6
<650,app1-1,application1-1,checkStatus> 2.5086859177359536E-4
<651,admissions2-0,stu4-3application4-3,setStatus> 2.1762183961136392E-4
<652,admissions2-0,stu2-10application2-10,setStatus> 1.3518686314772257E-4
<653,registrar0-1,transcript1-15,read> 3.58316055714522E-5
<654,admissions4-1,stu3-8application3-8,setStatus> 1.7923247725336355E-4
<655,admissions0-0,stu5-10application5-10,read> 2.0823842789872749E-4
<656,stu0-0,transcript0-0,read> 8.861501320359201E-4
<657,stu1-4,stu1-4application1-4,checkStatus> 0.002338015077578293
<658,fac5-3,gradebook5-7,addScore> 1.3811707850591292E-4
<659,fac5-3,gradebook5-6,addScore> 2.553741733625342E-4
<660,registrar2-0,transcript0-14,read> 3.4257308974798155E-4
<661,registrar4-0,transcript2-12,read> 3.985692922978046E-4
<662,stu2-1,stu2-1application2-1,checkStatus> 0.0013515827327022973
<663,stu2-14,transcript2-14,read> 0.0016696151123763746
<664,registrar2-1,transcript0-14,read> 3.440990277869481E-4
<665,admissions4-0,stu5-10application5-10,read> 1.7723169074967837E-4
<666,stu4-1,gradebook4-4,addScore> 3.204775716451304E-4
<667,registrar0-1,transcript2-2,read> 1.933736006627379E-4
<668,admissions0-1,stu2-3application2-3,setStatus> 8.39621960616981E-5
<669,admissions4-0,stu0-9application0-9,read> 1.0806007024568029E-4
<670,admissions0-0,stu1-7application1-7,read> 3.5823105089791536E-5
<671,stu2-7,stu2-7application2-7,checkStatus> 0.0011109894778544938
<672,registrar2-1,transcript4-15,read> 3.797995753615381E-4
<673,admissions0-1,application3-0,setStatus> 1.6154162159081034E-4
<674,stu0-8,gradebook0-9,readMyScores> 2.164100484658352E-5
<675,admissions0-1,application3-3,read> 1.4389230228293733E-4
<676,registrar2-1,transcript2-0,read> 2.4539751390425835E-4
<677,fac4-3,gradebook4-7,assignGrade> 4.7788628115304834E-4
<678,registrar2-1,transcript2-1,read> 2.0339686969885842E-4
<679,fac3-3,roster3-6,read> 0.0017665498391094892
<680,registrar4-1,transcript5-10,read> 3.846188427383859E-5
<681,stu1-9,stu1-9application1-9,checkStatus> 0.00182675441102671
<682,registrar0-0,roster4-3,write> 1.015131390584677E-4
<683,admissions0-0,stu2-3application2-3,setStatus> 8.42472968972217E-5
<684,registrar2-1,transcript2-2,read> 2.0234685359372346E-4
<685,registrar2-1,transcript2-3,read> 2.0549690190912843E-4
<686,admissions4-1,application4-3,setStatus> 1.622547922615964E-4
<687,app0-0,application0-0,checkStatus> 7.561144269539832E-4
<688,admissions0-1,application2-0,read> 5.942277184242594E-5
<689,registrar2-0,transcript2-6,read> 1.9726808944292546E-4
<690,registrar4-1,roster5-1,read> 1.633266176981012E-4
<691,registrar4-0,transcript1-11,read> 4.862057667311215E-5
<692,registrar4-1,roster2-7,read> 1.6979652379885124E-4
<693,admissions0-0,stu4-16application4-16,setStatus> 1.9837283579355594E-4
<694,chair2,transcript2-11,read> 0.0019085696627217938
<695,registrar2-0,transcript2-5,read> 1.983134491573503E-4
<696,admissions0-1,stu0-11application0-11,read> 1.9422688549063923E-4
<697,registrar2-1,roster1-8,write> 1.5868448520297732E-4
<698,admissions0-0,stu4-14application4-14,read> 1.8211489413979778E-4
<699,admissions2-0,application3-2,setStatus> 1.390858147372191E-4
<700,registrar0-1,transcript5-15,read> 2.4793631393081856E-5
<701,stu3-13,transcript3-13,read> 0.0017439946991175568
<702,stu2-16,stu2-16application2-16,checkStatus> 0.0012312861052783956
<703,admissions0-0,stu2-19application2-19,read> 1.345120104013037E-4
<704,admissions2-0,stu3-12application3-12,setStatus> 7.837356855791573E-5
<705,admissions2-0,stu3-12application3-12,read> 6.896874033096584E-5
<706,stu2-6,transcript2-6,read> 9.357365231967085E-4
<707,registrar2-0,transcript2-4,read> 2.0354024772947465E-4
<708,registrar2-0,transcript2-3,read> 2.0458560744389948E-4
<709,registrar2-0,transcript2-9,read> 2.0772168658717406E-4
<710,registrar2-0,transcript5-6,read> 3.1121229831523563E-4
<711,admissions0-1,stu1-15application1-15,setStatus> 1.832375626286129E-4
<712,registrar2-0,transcript2-8,read> 1.9935880887177515E-4
<713,admissions0-0,application4-2,setStatus> 1.8517913187490458E-4
<714,registrar4-1,transcript2-10,read> 4.0235881827073455E-4
<715,admissions4-0,stu1-4application1-4,setStatus> 2.182433873382704E-4
<716,admissions0-0,stu5-17application5-17,read> 1.4612246984971688E-4
<717,chair3,transcript3-6,read> 4.572440531980954E-4
<718,stu2-11,gradebook2-1,readMyScores> 1.30311803482232E-4
<719,admissions2-0,stu3-18application3-18,read> 1.5474567529988992E-4
<720,app0-2,application0-2,checkStatus> 7.260402700980077E-4
<721,registrar2-0,transcript2-7,read> 2.0040416858620001E-4
<722,fac2-3,gradebook2-6,assignGrade> 8.003489994351706E-4
<723,registrar4-0,transcript0-18,read> 3.806538290405678E-4
<724,stu3-3,gradebook3-3,addScore> 1.6023180970224765E-4
<725,stu1-16,stu1-16application1-16,checkStatus> 0.0013335382385887122
<726,stu3-7,stu3-7application3-7,checkStatus> 0.0017305171090875883
<727,registrar0-1,transcript5-8,read> 3.007429858523403E-4
<728,admissions0-1,stu5-10application5-10,read> 2.0753372932715822E-4
<729,fac5-2,gradebook5-4,addScore> 2.4676357298490615E-4
<730,chair5,transcript5-3,read> 0.0016791110683306951
<731,stu5-6,transcript5-6,read> 0.0014762281868493004
<732,fac5-2,gradebook5-5,addScore> 1.6970427666841188E-4
<733,registrar2-0,transcript4-18,read> 3.843874783249761E-4
<734,admissions2-1,stu3-14application3-14,setStatus> 1.2546087836392262E-4
<735,registrar2-0,transcript2-1,read> 2.0249488801504973E-4
<736,registrar2-0,transcript3-15,read> 3.6557100346532864E-4
<737,stu1-4,transcript1-4,read> 0.0015307732171261673
<738,registrar4-0,roster1-7,write> 1.798373274121067E-4
<739,registrar4-1,transcript4-6,read> 2.5316107533200724E-4
<740,registrar2-1,transcript2-13,read> 3.514491405228931E-4
<741,registrar2-0,transcript2-2,read> 2.0144952830062487E-4
<742,app2-2,application2-2,checkStatus> 6.298029681588862E-4
<743,registrar4-0,roster5-7,read> 1.4534736305161507E-4
<744,registrar2-0,transcript2-0,read> 2.443092765920443E-4
<745,chair4,transcript4-12,read> 0.002069190678795563
<746,stu2-13,transcript2-13,read> 0.001659697834144217
<747,stu2-6,stu2-6application2-6,checkStatus> 0.0016823984581180278
<748,admissions0-1,stu0-3application0-3,setStatus> 1.0302832606461551E-4
<749,chair0,transcript0-14,read> 0.0018798873384229065
<750,stu0-16,transcript0-16,read> 0.0015902768865191132
<751,admissions4-1,application3-2,read> 1.2435776974580696E-4
<752,registrar2-0,roster0-3,write> 1.4639472247817675E-4
<753,registrar4-1,transcript4-3,read> 2.4952210599203824E-4
<754,app1-3,application1-3,checkStatus> 2.6891308588718063E-4
<755,admissions2-1,stu3-19application3-19,setStatus> 1.6320022942057256E-4
<756,admissions0-0,stu3-3application3-3,read> 2.1578522654019602E-4
<757,admissions4-1,stu1-5application1-5,read> 1.0692734648759271E-4
<758,stu2-10,stu2-10application2-10,checkStatus> 0.0014598496973838094
<759,fac1-2,gradebook1-5,changeScore> 8.254698853916649E-4
<760,stu3-10,transcript3-10,read> 0.0017638292555818723
<761,admissions2-0,stu3-11application3-11,read> 1.2092505522642842E-4
<762,admissions4-0,stu3-16application3-16,read> 3.444170270928237E-5
<763,admissions0-0,application3-0,setStatus> 1.6209015001726468E-4
<764,admissions0-0,application3-2,setStatus> 1.6472889080099498E-4
<765,admissions0-0,application3-1,setStatus> 1.6143046482133215E-4
<766,fac5-3,gradebook5-7,changeScore> 5.458635025715538E-4
<767,registrar4-1,roster3-6,read> 1.5500816699713684E-4
<768,admissions0-0,application3-4,setStatus> 1.6340952040912982E-4
<769,registrar2-1,transcript0-17,read> 3.356988989458681E-4
<770,stu1-11,gradebook1-7,readScore> 6.412758415938821E-5
<771,chair4,transcript4-6,read> 0.0011972480201093883
<772,registrar2-1,transcript5-5,read> 3.0944849631749316E-4
<773,admissions0-0,stu5-0application5-0,setStatus> 1.6077077962539955E-4
<774,admissions0-0,application3-3,setStatus> 1.640692056050624E-4
<775,registrar0-1,transcript4-15,read> 3.629570221304277E-4
<776,stu0-13,transcript0-13,read> 0.001629945999447744
<777,chair2,transcript2-18,read> 0.001983143705898901
<778,chair1,transcript1-14,read> 2.2204899394721934E-4
<779,admissions4-1,application5-3,setStatus> 2.1545153856913335E-4
<780,stu2-18,stu2-18application2-18,checkStatus> 0.0018147247482843195
<781,admissions0-1,stu1-6application1-6,setStatus> 3.333833364015876E-5
<782,admissions4-0,stu2-12application2-12,setStatus> 5.935078504418395E-5
<783,registrar2-1,transcript0-18,read> 3.3464888284073313E-4
<784,stu2-11,stu2-11application2-11,checkStatus> 8.222775720371293E-4
<785,registrar4-0,transcript2-3,read> 2.337470303312259E-4
<786,stu4-3,stu4-3application4-3,checkStatus> 0.002350044740320683
<787,app1-2,application1-2,checkStatus> 2.6289825451598556E-4
<788,registrar4-0,roster1-1,read> 2.445460851343244E-4
<789,admissions4-1,stu0-5application0-5,setStatus> 1.8262801425171697E-4
<790,fac3-4,roster3-8,read> 0.0017876167688678135
<791,registrar0-0,transcript5-9,read> 3.011304363626793E-4
<792,fac5-4,gradebook5-8,addScore> 9.947502482401819E-5
<793,registrar2-1,transcript1-3,read> 3.272987701047882E-4
<794,fac1-3,gradebook1-7,changeScore> 8.545955502687598E-4
<795,fac5-4,gradebook5-9,addScore> 2.7119494434488397E-4
<796,admissions0-1,stu3-7application3-7,setStatus> 1.8915463745710452E-4
<797,admissions2-1,stu5-1application5-1,setStatus> 3.272990148186844E-5
<798,admissions2-1,stu4-3application4-3,setStatus> 2.106439850346468E-4
<799,registrar0-0,roster3-2,read> 1.2191295039585928E-4
<800,admissions4-0,application5-2,read> 1.871133508216781E-4
<801,fac5-1,roster5-2,read> 0.0018718844879011109
<802,admissions0-1,application3-3,setStatus> 1.6351397986697424E-4
<803,registrar0-0,transcript2-17,read> 3.464953228561503E-4
<804,admissions4-1,stu3-11application3-11,setStatus> 1.396178789392403E-4
<805,admissions0-1,application4-0,read> 1.5604202926410672E-4
<806,admissions4-1,stu4-17application4-17,read> 8.650885067082749E-5
<807,admissions0-1,application3-2,setStatus> 1.641714326256955E-4
<808,admissions0-1,application3-1,setStatus> 1.6088416883208907E-4
<809,admissions4-1,stu3-16application3-16,read> 3.471559298927666E-5
<810,admissions0-1,application3-4,setStatus> 1.6285652710825292E-4
<811,registrar4-0,transcript5-6,read> 3.555721804804363E-4
<812,admissions2-0,stu3-3application3-3,setStatus> 2.0703897101130177E-4
<813,admissions0-0,stu0-16application0-16,setStatus> 1.5747235364573674E-4
<814,admissions0-1,stu3-7application3-7,read> 1.6645608096225198E-4
<815,registrar4-1,roster0-9,write> 1.8667499637012617E-4
<816,registrar4-1,roster5-2,write> 1.194551927259697E-4
<817,registrar2-0,transcript4-17,read> 3.8125139918170157E-4
<818,stu2-17,transcript2-17,read> 0.0017043255861889262
<819,admissions0-1,stu0-5application0-5,setStatus> 2.1216548401234973E-4
<820,admissions0-1,application1-2,setStatus> 2.8736164329109728E-5
<821,stu4-4,transcript4-4,read> 0.0010249920272861273
<822,admissions2-0,stu2-15application2-15,read> 3.4657966343396216E-5
<823,app2-1,application2-1,checkStatus> 6.237881367876912E-4
<824,registrar4-0,transcript2-11,read> 3.973749280806555E-4
<825,admissions4-1,stu4-2application4-2,setStatus> 1.0622843178876498E-4
<826,registrar0-1,transcript3-15,read> 3.509155957540237E-4
<827,admissions2-1,stu2-15application2-15,read> 3.3546688865451654E-5
<828,fac4-3,gradebook4-6,addScore> 5.8842236899484E-4
<829,registrar4-0,roster2-3,write> 8.651275817999981E-5
<830,stu2-3,stu2-3application2-3,checkStatus> 7.681440896963734E-4
<831,registrar2-1,transcript0-1,read> 1.8029651538588846E-4
<832,stu0-18,transcript0-18,read> 0.001580359608286956
<833,admissions4-0,stu2-7application2-7,read> 9.126124812328077E-5
<834,admissions2-1,stu5-15application5-15,read> 3.829106442685907E-5
<835,stu1-10,gradebook1-5,addScore> 2.5052567635858305E-4
<836,admissions2-0,stu5-18application5-18,read> 1.1161213085837378E-4
<837,fac1-4,gradebook1-9,readScore> 8.358834383696488E-5
<838,admissions4-0,stu3-0application3-0,read> 7.396834299728127E-5
<839,stu2-13,gradebook2-8,readMyScores> 1.0960608387202049E-4
<840,fac0-3,gradebook0-6,assignGrade> 9.71722331167363E-5
<841,stu1-15,stu1-15application1-15,checkStatus> 0.0016763836267468324
<842,registrar4-1,transcript4-18,read> 4.4602645035036207E-4
<843,admissions2-1,stu0-6application0-6,read> 5.2524191111081334E-5
<844,stu4-6,gradebook4-7,readMyScores> 1.0685238271242117E-4
<845,admissions4-1,stu1-10application1-10,read> 1.0792337067377639E-4
<846,chair4,transcript4-15,read> 0.0020749271436553405
<847,registrar0-0,roster2-8,write> 1.0374777821224273E-4
<848,registrar4-1,roster0-1,read> 2.317227679060304E-4
<849,registrar4-0,roster0-7,read> 2.3544528494325018E-4
<850,admissions0-1,stu1-16application1-16,read> 1.2827122473571943E-4
<851,registrar4-0,transcript5-0,read> 3.4840599517754154E-4
<852,registrar2-1,transcript1-2,read> 3.2624875399965314E-4
<853,admissions0-0,stu0-9application0-9,setStatus> 1.4427864972708536E-4
<854,admissions2-1,stu0-16application0-16,setStatus> 1.2869567988306403E-4
<855,admissions2-0,stu0-13application0-13,read> 1.616078300974038E-4
<856,stu1-6,gradebook1-4,readMyScores> 1.357026817546429E-4
<857,admissions0-1,stu2-18application2-18,read> 1.7455589894969825E-4
<858,admissions2-0,stu1-6application1-6,read> 2.485488806123347E-5
<859,stu2-7,gradebook2-5,addScore> 3.1567367004954995E-4
<860,admissions0-0,application5-1,setStatus> 2.485089106844311E-4
<861,stu5-16,transcript5-16,read> 1.1260242992762332E-4
<862,registrar4-0,transcript0-5,read> 1.3342043609069975E-4
<863,registrar0-0,transcript0-10,read> 3.2734125967001805E-4
<864,admissions4-1,stu2-7application2-7,read> 9.198698369483767E-5
<865,registrar4-1,roster2-4,read> 1.25431453393708E-4
<866,admissions4-0,stu1-0application1-0,setStatus> 2.0701422816554345E-4
<867,admissions0-0,stu3-8application3-8,read> 1.838564630570598E-4
<868,admissions2-0,stu2-17application2-17,read> 1.0474997606085986E-4
<869,registrar0-1,roster3-3,read> 1.2593749691310445E-4
<870,stu1-15,gradebook1-9,readMyScores> 2.506178695133321E-5
<871,registrar2-1,transcript5-15,read> 2.5944147931043894E-5
<872,admissions0-1,stu5-17application5-17,read> 1.456279775659615E-4
<873,admissions4-0,stu1-13application1-13,read> 1.1892989632488E-4
<874,registrar2-0,transcript0-0,read> 1.868144922986768E-4
<875,admissions2-0,stu0-6application0-6,read> 5.426412290772172E-5
<876,admissions2-0,stu1-9application1-9,setStatus> 1.6916344128476392E-4
<877,registrar2-0,transcript0-7,read> 1.1991147057548549E-4
<878,chair2,transcript2-15,read> 0.0019372519870206814
<879,admissions4-1,stu3-0application3-0,read> 7.455656043662347E-5
<880,registrar4-0,roster3-8,write> 1.1232593690377405E-4
<881,registrar0-1,transcript3-11,read> 3.549294045461583E-4
<882,stu2-8,gradebook2-5,readMyScores> 2.3767580698980405E-4
<883,registrar0-1,roster5-3,read> 1.1370375069134075E-4
<884,stu0-2,transcript0-2,read> 8.663155755716048E-4
<885,registrar4-1,transcript4-0,read> 2.543740651119969E-4
<886,admissions4-1,stu2-15application2-15,read> 3.52136050823685E-5
<887,admissions2-1,stu5-18application5-18,setStatus> 1.2276521043130475E-4
<888,registrar2-0,roster0-6,read> 2.0686853580526037E-4
<889,fac5-2,gradebook5-4,changeScore> 5.400383695961347E-4
<890,stu0-19,transcript0-19,read> 0.0015754009691708768
<891,fac5-1,roster5-3,read> 0.0015664140064054082
<892,admissions4-1,stu2-13application2-13,setStatus> 1.1471727428464856E-4
<893,admissions4-0,stu3-18application3-18,setStatus> 1.7725695635781703E-4
<894,admissions0-0,stu1-11application1-11,setStatus> 2.076084285366119E-4
<895,registrar4-1,roster5-9,write> 1.0937222217934626E-4
<896,registrar4-1,roster5-8,write> 1.0601123199713842E-4
<897,admissions2-0,application3-4,setStatus> 1.3797182856879154E-4
<898,registrar4-1,roster5-7,write> 1.0735562807002155E-4
<899,registrar4-1,roster0-2,write> 1.712144415319702E-4
<900,admissions0-0,stu1-16application1-16,read> 1.2870678067709708E-4
<901,admissions4-1,application4-4,setStatus> 1.6168886942853752E-4
<902,registrar4-1,roster5-1,write> 1.1878299468952815E-4
<903,admissions0-0,stu4-13application4-13,setStatus> 2.3597489196171235E-4
<904,fac1-3,gradebook1-6,readScore> 1.2341120140262394E-4
<905,admissions4-0,stu0-6application0-6,read> 5.46991058568818E-5
<906,admissions0-1,stu0-16application0-16,setStatus> 1.5693945227976131E-4
<907,registrar0-1,transcript3-13,read> 3.52922500150091E-4
<908,registrar4-1,roster5-6,write> 1.0197804377848904E-4
<909,registrar2-0,transcript2-13,read> 3.498906077489556E-4
<910,admissions0-1,stu0-0application0-0,setStatus> 1.589118105559252E-4
<911,registrar4-1,roster5-5,write> 1.0332243985137217E-4
<912,registrar4-1,roster5-4,write> 9.928925163272279E-5
<913,registrar2-0,transcript1-2,read> 3.248019746027589E-4
<914,admissions0-1,stu3-12application3-12,read> 8.14079920940659E-5
<915,fac3-2,gradebook3-4,changeScore> 5.225629706698778E-4
<916,registrar0-1,transcript2-13,read> 3.3586381278351865E-4
<917,registrar4-1,roster5-3,write> 9.996144966916436E-5
<918,registrar4-1,transcript0-17,read> 3.878029409108587E-4
<919,stu5-12,stu5-12application5-12,checkStatus> 0.0010388115014001525
<920,registrar0-0,transcript3-10,read> 3.585926259210759E-4
<921,admissions4-0,stu3-4application3-4,read> 4.877010981368196E-5
<922,admissions2-1,stu2-17application2-17,read> 1.0139125939357778E-4
<923,admissions4-0,stu4-2application4-2,setStatus> 1.0539033765236446E-4
<924,registrar4-0,roster5-2,write> 1.1762094792403542E-4
<925,admissions4-0,stu4-16application4-16,setStatus> 1.6883508697827183E-4
<926,admissions2-1,stu1-8application1-8,setStatus> 1.3786095085396472E-4
<927,registrar4-0,roster5-3,write> 9.842653297558794E-5
<928,registrar0-0,roster0-9,read> 2.1332365827996907E-4
<929,registrar4-0,roster5-4,write> 9.776465659805526E-5
<930,registrar4-0,roster5-5,write> 1.0173591486325129E-4
<931,stu0-6,stu0-6application0-6,checkStatus> 6.658919563860568E-4
<932,registrar4-0,roster5-1,write> 1.1695907154650276E-4
<933,stu1-14,stu1-14application1-14,checkStatus> 0.0020432883403897328
<934,admissions2-0,stu2-18application2-18,setStatus> 1.680494551163363E-4
<935,admissions2-0,stu0-16application0-16,read> 1.1700382391356332E-4
<936,admissions2-0,stu3-8application3-8,setStatus> 1.7640435137954323E-4
<937,stu2-9,gradebook2-9,addScore> 9.586792960425271E-4
<938,fac1-4,gradebook1-8,assignGrade> 2.6984581774522755E-4
<939,registrar4-0,roster5-6,write> 1.0041216210818594E-4
<940,fac1-3,gradebook1-7,readScore> 9.026489334283554E-5
<941,registrar4-0,roster5-7,write> 1.0570717312844732E-4
<942,admissions4-1,application4-1,read> 1.407921688178375E-4
<943,registrar0-1,transcript1-0,read> 2.666256111191956E-4
<944,registrar4-0,roster5-8,write> 1.0438342037338198E-4
<945,admissions0-1,stu3-4application3-4,setStatus> 6.489606605878069E-5
<946,registrar4-0,roster5-9,write> 1.0769280226104533E-4
<947,admissions0-1,stu2-13application2-13,read> 1.1727861460989948E-4
<948,admissions4-0,stu1-7application1-7,setStatus> 3.4646634864184634E-5
<949,registrar4-1,transcript5-6,read> 3.6111716575108635E-4
<950,admissions4-1,stu2-12application2-12,read> 5.264402834058272E-5
<951,admissions2-1,stu0-12application0-12,read> 4.7779815549673914E-5
<952,admissions2-1,stu1-6application1-6,read> 2.4057937742636804E-5
<953,admissions2-1,stu1-9application1-9,setStatus> 1.6373936300709613E-4
<954,stu2-0,gradebook2-5,addScore> 3.308039984615109E-4
<955,admissions4-1,stu0-12application0-12,setStatus> 5.69931453126404E-5
<956,admissions0-0,stu4-4application4-4,setStatus> 1.8122102069930915E-4
<957,admissions2-1,stu0-17application0-17,setStatus> 2.009395804772225E-4
<958,admissions0-0,stu2-13application2-13,read> 1.1767684420110456E-4
<959,admissions0-1,stu4-3application4-3,setStatus> 2.5687227160539746E-4
<960,fac1-1,gradebook1-3,addScore> 2.3537197845566987E-4
<961,stu0-11,stu0-11application0-11,checkStatus> 0.0020192290149049527
<962,fac1-1,gradebook1-2,addScore> 1.2424839282911972E-4
<963,chair4,transcript4-1,read> 0.001208720949828943
<964,admissions2-1,stu3-8application3-8,read> 1.5025832767607422E-4
<965,registrar4-1,roster1-7,read> 2.5113248620828055E-4
<966,registrar0-1,transcript1-7,read> 3.0877060343660964E-4
<967,registrar4-0,roster2-1,write> 9.577902746545724E-5
<968,registrar4-1,roster5-7,read> 1.4761398859627962E-4
<969,admissions2-1,stu1-12application1-12,read> 1.1230332318481486E-4
<970,stu2-3,gradebook2-6,addScore> 9.958197419220876E-4
<971,fac4-3,gradebook4-7,changeScore> 0.0013380815872285352
<972,admissions2-1,stu5-19application5-19,setStatus> 3.380816865491559E-5
<973,fac2-3,gradebook2-6,readScore> 2.0932471811148818E-4
<974,admissions4-0,stu0-12application0-12,setStatus> 5.6543495251002206E-5
<975,stu0-18,gradebook0-3,readScore> 5.297167694752554E-5
<976,chair4,transcript4-16,read> 0.00209787300309445
<977,admissions2-0,stu5-3application5-3,setStatus> 1.619225311899846E-4
<978,registrar0-0,transcript1-1,read> 2.658466357566463E-4
<979,admissions2-0,stu1-8application1-8,setStatus> 1.4242777324250186E-4
<980,app1-4,application1-4,checkStatus> 1.7267578394805915E-4
<981,fac1-0,gradebook1-1,addScore> 2.345946818480017E-4
<982,registrar2-0,transcript4-19,read> 3.833421186105513E-4
<983,fac0-2,gradebook0-4,changeScore> 3.303335824810514E-4
<984,admissions2-0,application0-4,setStatus> 6.834769304206747E-5
<985,registrar2-1,transcript3-14,read> 3.682493982050531E-4
<986,stu4-13,stu4-13application4-13,checkStatus> 0.002151555305071245
<987,admissions2-0,stu1-10application1-10,setStatus> 1.2070504295816395E-4
<988,admissions2-1,stu3-3application3-3,setStatus> 2.004004468906989E-4
<989,admissions4-0,stu4-17application4-17,read> 8.582633508368091E-5
<990,admissions0-1,stu5-11application5-11,setStatus> 1.3984568055300776E-4
<991,stu1-15,gradebook1-2,addScore> 9.286825266067311E-5
<992,admissions0-0,stu2-15application2-15,read> 4.1047811841577486E-5
<993,stu0-6,gradebook0-4,addScore> 5.8980354772272684E-5
<994,admissions4-0,stu4-17application4-17,setStatus> 9.75299262314556E-5
<995,admissions0-1,stu2-1application2-1,setStatus> 1.4773511365766324E-4
<996,stu2-15,gradebook2-3,readMyScores> 1.2848445707232823E-4
<997,admissions2-0,stu3-6application3-6,read> 1.8366475623227E-4
<998,admissions2-0,stu0-1application0-1,setStatus> 1.7104329294398546E-5
<999,admissions2-0,stu3-19application3-19,read> 1.4837367441648412E-4
<1000,admissions2-1,stu0-9application0-9,setStatus> 1.1791300815259261E-4
<1001,stu5-19,stu5-19application5-19,checkStatus> 3.771800505686923E-4
<1002,admissions0-0,stu2-1application2-1,setStatus> 1.4823676090268076E-4
<1003,admissions4-0,stu3-18application3-18,read> 1.55986121594879E-4
<1004,registrar4-1,transcript1-0,read> 3.223014927914174E-4
<1005,stu0-8,gradebook0-6,addScore> 8.726163222672089E-5
<1006,registrar2-1,transcript5-2,read> 3.083984802123582E-4
<1007,fac1-1,gradebook1-3,changeScore> 9.070217470475309E-4
<1008,registrar4-1,transcript0-19,read> 3.8537696135087943E-4
<1009,admissions0-0,application2-1,read> 6.020506993145925E-5
<1010,admissions0-1,stu1-17application1-17,setStatus> 7.870257399192778E-5
<1011,admissions2-1,stu3-5application3-5,setStatus> 1.1737387456606904E-4
<1012,admissions4-1,stu1-10application1-10,setStatus> 1.2264019394747319E-4
<1013,registrar2-1,roster2-1,write> 8.420339451641564E-5
<1014,registrar2-1,roster2-3,write> 7.605702522257294E-5
<1015,registrar0-1,transcript4-16,read> 3.6697083092256236E-4
<1016,registrar2-1,roster2-2,write> 7.780267578553922E-5
<1017,registrar2-1,roster2-5,write> 7.838455930652799E-5
<1018,admissions4-1,stu3-18application3-18,read> 1.5722656788986808E-4
<1019,admissions2-0,stu0-5application0-5,read> 1.5817675269864684E-4
<1020,registrar2-1,roster2-4,write> 7.896644282751676E-5
<1021,registrar4-1,roster0-4,read> 2.3819267400678048E-4
<1022,admissions4-0,stu0-1application0-1,setStatus> 1.724143814645785E-5
<1023,registrar0-1,transcript5-6,read> 2.9873608145627295E-4
<1024,admissions2-0,stu0-11application0-11,read> 1.6454875358205262E-4
<1025,registrar2-1,roster2-7,write> 1.0689685183497737E-4
<1026,chair5,transcript5-11,read> 1.5894788048966726E-4
<1027,admissions4-0,stu4-11application4-11,setStatus> 1.991538167446346E-4
<1028,stu5-14,stu5-14application5-14,checkStatus> 3.892097133110825E-4
<1029,registrar0-1,transcript4-12,read> 3.6195356993239396E-4
<1030,registrar2-1,roster2-6,write> 1.0631496831398863E-4
<1031,registrar2-1,roster2-9,write> 1.0864250239794369E-4
<1032,registrar2-0,transcript2-10,read> 3.46754528605681E-4
<1033,registrar2-1,roster2-8,write> 1.0806061887695491E-4
<1034,registrar2-0,transcript1-3,read> 3.2584733431718384E-4
<1035,admissions4-0,stu4-4application4-4,read> 1.3572871844727953E-4
<1036,registrar4-0,roster0-1,read> 2.2816464479039075E-4
<1037,fac2-4,gradebook2-8,assignGrade> 7.899469762647796E-4
<1038,fac1-2,gradebook1-4,changeScore> 8.079944864654078E-4
<1039,stu5-2,transcript5-2,read> 0.0014563936303849852
<1040,admissions4-0,stu0-2application0-2,setStatus> 9.381026725548981E-6
<1041,admissions0-0,application4-3,setStatus> 1.8913724305049998E-4
<1042,stu0-0,stu0-0application0-0,checkStatus> 0.001453834866012614
<1043,registrar4-0,roster0-7,write> 1.7123293450418197E-4
<1044,admissions0-0,stu1-17application1-17,setStatus> 7.896981532976115E-5
<1045,admissions2-1,stu4-9application4-9,setStatus> 1.292348134695876E-4
<1046,admissions4-0,stu1-10application1-10,read> 1.0707190423848032E-4
<1047,admissions0-0,stu4-10application4-10,setStatus> 3.87290183778745E-5
<1048,admissions2-1,stu0-18application0-18,read> 1.8584114438662986E-4
<1049,stu5-0,transcript5-0,read> 0.0014464763521528274
<1050,admissions4-1,stu0-2application0-2,setStatus> 9.45562733569251E-6
<1051,admissions4-1,stu5-14application5-14,setStatus> 3.661992332251988E-5
<1052,admissions2-1,stu3-17application3-17,read> 1.3460188832342974E-4
<1053,admissions2-1,stu0-1application0-1,setStatus> 1.655589388616132E-5
<1054,admissions4-0,application0-3,setStatus> 6.945702829963822E-5
<1055,registrar2-1,transcript0-19,read> 3.3359886673559817E-4
<1056,admissions2-0,stu0-4application0-4,setStatus> 1.413137870740743E-4
<1057,admissions4-1,stu2-16application2-16,setStatus> 1.1584911995076637E-4
<1058,admissions2-0,stu4-9application4-9,setStatus> 1.335158838950812E-4
<1059,registrar4-0,transcript4-10,read> 4.0454111338355023E-4
<1060,registrar0-1,roster4-1,read> 1.3740663399600797E-4
<1061,registrar0-1,transcript5-3,read> 2.937188204661046E-4
<1062,admissions4-0,stu5-14application5-14,setStatus> 3.633100874009368E-5
<1063,registrar2-1,transcript3-12,read> 3.703494304153231E-4
<1064,admissions4-0,stu2-16application2-16,setStatus> 1.149351229491824E-4
<1065,admissions4-0,stu2-9application2-9,read> 1.7624352474247836E-4
<1066,admissions4-0,stu1-11application1-11,setStatus> 1.766954983991807E-4
<1067,admissions4-1,application2-4,read> 5.762414927150107E-5
<1068,registrar4-0,transcript5-12,read> 3.54825702844718E-5
<1069,admissions4-1,application2-3,read> 5.66281250853174E-5
<1070,registrar0-0,transcript4-6,read> 2.104006633757373E-4
<1071,stu2-19,gradebook2-2,readMyScores> 1.2630914497446764E-4
<1072,admissions4-0,stu0-10application0-10,read> 1.9254826386127795E-4
<1073,admissions2-1,stu0-4application0-4,setStatus> 1.3678268368091758E-4
<1074,registrar2-0,roster1-4,write> 1.5160845043453065E-4
<1075,stu5-2,stu5-2application5-2,checkStatus> 0.001712472614974003
<1076,registrar2-0,roster0-9,write> 1.6087730013471526E-4
<1077,registrar4-1,transcript5-1,read> 3.5020025773117944E-4
<1078,stu3-17,gradebook3-3,addScore> 1.0652282320987414E-4
<1079,stu1-7,transcript1-7,read> 0.001525814578010089
<1080,fac3-1,roster3-3,read> 0.0017349494444720028
<1081,registrar2-1,roster1-3,write> 1.528656499930897E-4
<1082,admissions4-0,stu3-15application3-15,setStatus> 1.5816738576418117E-4
<1083,registrar2-0,transcript3-14,read> 3.666163631797535E-4
<1084,admissions2-0,stu3-17application3-17,read> 1.390607500484295E-4
<1085,admissions4-1,stu0-15application0-15,read> 1.1738560044252125E-4
<1086,stu4-15,transcript4-15,read> 0.0017935810902783454
<1087,chair2,transcript2-16,read> 0.0019544613816000135
<1088,registrar4-1,transcript4-13,read> 4.363225321104448E-4
<1089,admissions4-1,stu1-0application1-0,setStatus> 2.086604645724265E-4
<1090,chair3,transcript3-12,read> 0.0020232989599173433
<1091,admissions0-0,stu3-7application3-7,read> 1.6702129685686065E-4
<1092,stu4-12,stu4-12application4-12,checkStatus> 0.001959080701193002
<1093,registrar2-0,transcript0-17,read> 3.342102120325826E-4
<1094,admissions0-0,stu4-11application4-11,read> 2.0591633600904486E-4
<1095,registrar0-0,roster4-8,write> 7.358014963627987E-5
<1096,admissions0-0,stu0-11application0-11,setStatus> 2.2146181765119577E-4
<1097,stu5-9,transcript5-9,read> 0.0014811868259653792
<1098,admissions2-0,stu4-17application4-17,setStatus> 9.675434033697087E-5
<1099,admissions4-1,application2-1,read> 5.164800415439905E-5
<1100,admissions2-0,stu5-2application5-2,setStatus> 1.5858057268470187E-4
<1101,registrar0-1,transcript4-19,read> 3.67974283120596E-4
<1102,admissions4-1,application2-2,read> 5.2146016247490886E-5
<1103,admissions4-1,application2-0,read> 5.1149992061307216E-5
<1104,admissions4-0,application2-3,read> 5.618135486768176E-5
<1105,admissions4-0,application2-2,read> 5.173460783528188E-5
<1106,admissions4-1,stu4-11application4-11,read> 1.7664903952044965E-4
<1107,admissions4-0,application2-4,read> 5.716952087488173E-5
<1108,admissions2-1,stu4-12application4-12,setStatus> 1.7560030191061469E-4
<1109,stu0-3,gradebook0-7,addScore> 5.520093645360656E-5
<1110,admissions0-1,stu1-2application1-2,setStatus> 2.055909564251368E-4
<1111,registrar0-0,transcript3-19,read> 3.4548721426740656E-4
<1112,admissions0-1,stu0-10application0-10,read> 2.25469040585075E-4
<1113,admissions2-0,application5-1,read> 1.8464506406048626E-4
<1114,admissions0-0,stu1-4application1-4,read> 2.2565411707134726E-4
<1115,admissions4-0,stu0-15application0-15,read> 1.1645948130688007E-4
<1116,admissions2-0,stu2-1application2-1,setStatus> 1.251609876318743E-4
<1117,admissions2-0,stu2-4application2-4,setStatus> 3.54851010734537E-5
<1118,admissions0-1,stu4-11application4-11,read> 2.0521949561645925E-4
<1119,registrar0-0,transcript4-12,read> 3.636331688647949E-4
<1120,registrar2-1,transcript5-10,read> 3.329426066698888E-5
<1121,admissions4-0,stu1-5application1-5,read> 1.0608373823128035E-4
<1122,admissions2-1,stu4-17application4-17,setStatus> 9.365199675903191E-5
<1123,registrar0-1,transcript1-5,read> 3.1077750783267693E-4
<1124,admissions4-0,stu0-5application0-5,setStatus> 1.8118716206827148E-4
<1125,admissions4-0,application2-0,read> 5.074644182808191E-5
<1126,stu5-6,stu5-6application5-6,checkStatus> 3.59135556455107E-4
<1127,admissions4-1,stu2-17application2-17,read> 1.0642933439450089E-4
<1128,stu5-5,stu5-5application5-5,checkStatus> 0.0010568559955137378
<1129,admissions2-1,application1-2,setStatus> 2.3564630510967736E-5
<1130,fac0-1,gradebook0-2,readScore> 8.194065332436397E-5
<1131,admissions4-0,application2-1,read> 5.1240524831681895E-5
<1132,admissions4-0,stu1-0application1-0,read> 1.8217252078567823E-4
<1133,registrar0-1,roster2-2,read> 1.0223461360843718E-4
<1134,registrar2-1,roster1-4,write> 1.5228376647210095E-4
<1135,stu2-3,gradebook2-1,readMyScores> 1.815455039966138E-4
<1136,registrar0-1,roster2-1,read> 1.106453141358998E-4
<1137,registrar0-1,roster2-6,read> 1.397004614125887E-4
<1138,registrar0-1,roster2-5,read> 1.0299922274729743E-4
<1139,registrar2-1,transcript3-3,read> 7.739493708265877E-5
<1140,fac2-3,gradebook2-7,changeScore> 0.002223501799492221
<1141,registrar0-0,transcript0-14,read> 3.303655854362495E-4
<1142,registrar0-1,transcript2-12,read> 3.3486036058548495E-4
<1143,admissions2-0,stu0-0application0-0,read> 1.1847428565588772E-4
<1144,registrar0-1,transcript0-13,read> 3.2984309959531666E-4
<1145,registrar2-0,roster3-6,write> 9.715395844594581E-5
<1146,registrar0-1,roster2-4,read> 1.0376383188615769E-4
<1147,registrar0-1,roster2-3,read> 9.994078619185651E-5
<1148,registrar4-1,transcript2-8,read> 2.3132725929219346E-4
<1149,admissions2-0,stu1-0application1-0,read> 1.8072383274762114E-4
<1150,stu0-4,gradebook0-4,addScore> 5.857429380998509E-5
<1151,admissions0-0,stu0-10application0-10,read> 2.2623464004376792E-4
<1152,admissions0-0,stu2-17application2-17,read> 1.240625968977318E-4
<1153,stu2-15,gradebook2-6,readMyScores> 1.1290404980548932E-4
<1154,admissions4-1,stu2-6application2-6,setStatus> 1.5829333243018413E-4
<1155,admissions0-1,stu3-14application3-14,read> 1.3463536744014155E-4
<1156,registrar2-0,roster2-9,write> 1.081607174649151E-4
<1157,admissions2-1,stu0-8application0-8,read> 1.3744851366027418E-4
<1158,fac1-3,gradebook1-7,addScore> 2.4500471050198223E-4
<1159,stu0-9,stu0-9application0-9,checkStatus> 0.0013154937444751268
<1160,registrar0-0,transcript3-15,read> 3.525439743886132E-4
<1161,admissions2-1,stu2-1application2-1,setStatus> 1.2114780967173403E-4
<1162,admissions0-0,stu2-8application2-8,setStatus> 2.5972355901528475E-4
<1163,admissions0-0,stu1-16application1-16,setStatus> 1.4625770531488306E-4
<1164,registrar0-1,transcript3-17,read> 3.4790523915992274E-4
<1165,registrar4-0,transcript0-13,read> 3.92597471212059E-4
<1166,registrar2-0,roster2-7,write> 1.0642280814613045E-4
<1167,registrar0-1,transcript3-9,read> 6.794207590852954E-5
<1168,registrar2-0,roster2-8,write> 1.0758141435865353E-4
<1169,registrar4-0,roster3-2,read> 1.4443728303250764E-4
<1170,registrar2-0,roster2-5,write> 7.8036955939315E-5
<1171,registrar0-0,roster2-8,read> 1.4265319504183375E-4
<1172,registrar2-0,roster2-6,write> 1.0584350503986894E-4
<1173,fac3-3,roster3-7,read> 0.0017770833039886514
<1174,admissions0-1,stu0-19application0-19,setStatus> 1.299838891721884E-4
<1175,registrar0-0,roster2-9,read> 1.4342135225094393E-4
<1176,admissions4-1,stu5-2application5-2,read> 1.417881930040212E-4
<1177,registrar2-0,roster2-3,write> 7.571974351426884E-5
<1178,registrar0-0,roster3-4,read> 1.242174220231898E-4
<1179,stu0-4,gradebook0-8,readMyScores> 2.1738455865658665E-5
<1180,admissions2-0,stu1-11application1-11,read> 1.5425552138578175E-4
<1181,registrar0-0,roster2-6,read> 1.403487234145033E-4
<1182,admissions2-1,stu0-5application0-5,read> 1.531049530129187E-4
<1183,registrar2-0,roster2-4,write> 7.861625904557654E-5
<1184,registrar2-0,roster2-1,write> 8.382998700193041E-5
<1185,admissions0-1,application0-2,read> 6.983682354057117E-5
<1186,registrar0-0,transcript2-2,read> 1.942709259558365E-4
<1187,admissions0-1,stu5-5application5-5,read> 1.016575370626816E-4
<1188,registrar4-0,transcript0-4,read> 1.2744861500495417E-4
<1189,chair0,transcript0-1,read> 9.849988202976219E-4
<1190,chair2,transcript2-0,read> 0.0013406596416038249
<1191,registrar2-1,transcript2-11,read> 3.493491083126231E-4
<1192,registrar2-0,roster2-2,write> 7.745765283305345E-5
<1193,fac1-4,gradebook1-8,addScore> 2.0370402272960983E-4
<1194,chair2,transcript2-2,read> 0.0011054645823529489
<1195,registrar2-0,transcript3-19,read> 3.582534854643546E-4
<1196,admissions4-1,stu3-15application3-15,setStatus> 1.594251780963019E-4
<1197,registrar0-0,roster2-1,read> 1.1115874946831697E-4
<1198,registrar4-1,transcript3-19,read> 4.157017058506208E-4
<1199,app2-3,application2-3,checkStatus> 6.839364504996422E-4
<1200,fac4-1,roster4-2,read> 0.0019034848825385977
<1201,admissions2-0,stu1-1application1-1,read> 1.9248752668621645E-4
<1202,registrar2-0,roster0-2,read> 2.0288582694971227E-4
<1203,admissions0-0,stu4-13application4-13,read> 2.0765790492630686E-4
<1204,registrar0-0,roster2-3,read> 1.0040454854077465E-4
<1205,registrar4-0,transcript4-16,read> 4.367889472465765E-4
<1206,admissions4-1,stu2-14application2-14,read> 5.413806461985823E-5
<1207,registrar4-1,transcript2-13,read> 4.059977876107035E-4
<1208,registrar0-0,roster2-2,read> 1.0270902016810512E-4
<1209,registrar0-0,roster2-5,read> 1.0347717737721529E-4
<1210,admissions2-1,stu2-9application2-9,setStatus> 1.9231344309284537E-4
<1211,stu1-0,gradebook1-2,addScore> 2.0057846350912502E-4
<1212,fac2-1,gradebook2-2,changeScore> 0.0021536002037871927
<1213,registrar4-1,transcript1-9,read> 3.7082108399100357E-4
<1214,fac1-4,gradebook1-9,changeScore> 7.73043688612894E-4
<1215,fac1-4,gradebook1-8,changeScore> 7.555682896866371E-4
<1216,admissions2-1,stu2-5application2-5,read> 1.284342000936001E-4
<1217,admissions0-0,stu1-5application1-5,read> 1.2464311987015245E-4
<1218,admissions2-1,stu5-2application5-2,setStatus> 1.534958248631483E-4
<1219,admissions2-0,application3-3,setStatus> 1.3852882165300533E-4
<1220,stu2-5,transcript2-5,read> 9.406951623127872E-4
<1221,fac0-0,gradebook0-1,addScore> 3.730653727287663E-5
<1222,admissions0-0,stu5-5application5-5,read> 1.0200272394574672E-4
<1223,registrar0-0,roster0-6,read> 1.9949682851598609E-4
<1224,fac5-4,gradebook5-9,readScore> 9.99139268639046E-5
<1225,admissions0-0,application5-0,read> 2.1810731842987867E-4
<1226,admissions2-0,application0-1,read> 5.965581596291123E-5
<1227,admissions2-0,application0-0,read> 6.161643161934378E-5
<1228,registrar4-0,transcript0-16,read> 3.83042557474866E-4
<1229,registrar0-1,roster1-9,read> 2.0927989304887006E-4
<1230,stu0-5,stu0-5application0-5,checkStatus> 0.0019410362070794167
<1231,stu5-18,gradebook5-4,addScore> 1.3013133717584764E-4
<1232,admissions0-1,stu3-15application3-15,read> 1.6298473039620356E-4
<1233,registrar0-0,transcript0-12,read> 3.3338991120248094E-4
<1234,admissions0-1,stu1-15application1-15,read> 1.6124905511317935E-4
<1235,registrar4-0,transcript1-1,read> 3.1496379709736617E-4
<1236,admissions0-1,stu0-2application0-2,setStatus> 1.0984939843634889E-5
<1237,admissions0-1,stu5-6application5-6,read> 3.454475945241232E-5
<1238,admissions0-0,application0-0,setStatus> 8.292792650535657E-5
<1239,admissions2-0,stu2-5application2-5,read> 1.3268874916502372E-4
<1240,admissions4-0,stu3-6application3-6,setStatus> 2.1038297591736158E-4
<1241,admissions4-1,stu3-3application3-3,setStatus> 2.103582330716032E-4
<1242,admissions0-1,stu4-4application4-4,read> 1.589348214024804E-4
<1243,admissions2-0,stu0-12application0-12,read> 4.936258376664034E-5
<1244,admissions0-1,stu4-0application4-0,read> 6.867970668522172E-5
<1245,admissions2-1,stu3-14application3-14,read> 1.104055729602519E-4
<1246,stu3-7,gradebook3-9,addScore> 2.2224880773402122E-4
<1247,stu1-1,gradebook1-8,addScore> 3.2361006955372796E-4
<1248,stu4-17,gradebook4-8,readMyScores> 6.662265161011734E-5
<1249,stu4-17,gradebook4-7,readMyScores> 5.174113522809263E-5
<1250,admissions0-0,stu1-4application1-4,setStatus> 2.564251330356219E-4
<1251,admissions2-0,application0-4,read> 6.014596987701937E-5
<1252,admissions2-0,application0-3,setStatus> 6.890468612628125E-5
<1253,stu4-17,gradebook4-1,readMyScores> 7.638200786316916E-5
<1254,registrar0-0,transcript3-2,read> 7.632222107281188E-5
<1255,admissions2-0,application0-2,setStatus> 6.723370687363989E-5
<1256,registrar2-1,roster1-9,read> 2.1899125699545335E-4
<1257,admissions2-0,application0-2,read> 5.9165662048803095E-5
<1258,admissions2-0,application0-1,setStatus> 6.779069995785367E-5
<1259,admissions2-0,application0-3,read> 6.0636123791127495E-5
<1260,admissions2-1,application0-0,read> 5.964075445319247E-5
<1261,admissions2-1,application0-2,read> 5.726856667248876E-5
<1262,admissions2-1,application0-1,read> 5.7743004228629504E-5
<1263,registrar2-1,transcript3-18,read> 3.6194930157424304E-4
<1264,chair2,transcript2-9,read> 0.0011398833715116137
<1265,admissions2-1,stu2-7application2-7,read> 8.763257026549626E-5
<1266,chair2,transcript2-8,read> 0.001093991652633394
<1267,stu2-7,transcript2-7,read> 9.506124405449448E-4
<1268,registrar0-1,roster2-9,read> 1.4275889796802965E-4
<1269,registrar4-0,transcript4-15,read> 4.320114903779801E-4
<1270,admissions0-0,stu5-6application5-6,read> 3.466205914495022E-5
<1271,stu4-15,gradebook4-7,readMyScores> 5.25341028177952E-5
<1272,registrar0-1,roster2-7,read> 1.404650705514489E-4
<1273,admissions4-0,stu3-7application3-7,setStatus> 1.6153613351599927E-4
<1274,stu2-14,stu2-14application2-14,checkStatus> 6.538622936436666E-4
<1275,stu5-1,gradebook5-3,readMyScores> 5.644764214795913E-5
<1276,registrar4-1,roster1-2,write> 1.7995301600571054E-4
<1277,admissions2-0,stu3-14application3-14,read> 1.1406290042891449E-4
<1278,chair2,transcript2-4,read> 0.001116937512072504
<1279,stu2-11,gradebook2-6,readMyScores> 1.2661125074034106E-4
<1280,fac5-1,gradebook5-2,changeScore> 5.691640344732297E-4
<1281,stu4-16,gradebook4-6,readMyScores> 1.2029259680467222E-4
<1282,chair2,transcript2-6,read> 0.001082518722913839
<1283,admissions0-1,stu4-19application4-19,read> 7.33081741066196E-5
<1284,stu4-19,stu4-19application4-19,checkStatus> 7.621292583251784E-4
<1285,stu4-16,gradebook4-5,readMyScores> 7.949377776331105E-5
<1286,admissions2-1,application0-0,setStatus> 6.777358460590054E-5
<1287,admissions2-0,stu3-6application3-6,setStatus> 2.087099502639432E-4
<1288,admissions0-0,stu1-6application1-6,setStatus> 3.3451536810413966E-5
<1289,chair2,transcript2-7,read> 0.0010997281174931713
<1290,registrar2-0,roster3-5,read> 1.3279015109206587E-4
<1291,stu4-16,gradebook4-4,readMyScores> 6.350135469891076E-5
<1292,admissions2-1,application0-2,setStatus> 6.507791667328269E-5
<1293,admissions2-1,application0-1,setStatus> 6.561705025980626E-5
<1294,fac2-2,gradebook2-4,readScore> 2.8404916122085923E-4
<1295,fac2-4,gradebook2-8,addScore> 0.0015436599174359323
<1296,admissions2-0,stu2-19application2-19,read> 1.1357274651480633E-4
<1297,admissions4-1,stu5-15application5-15,setStatus> 4.5674688651462336E-5
<1298,admissions4-1,application4-3,read> 1.4278421719020483E-4
<1299,admissions2-1,application0-4,read> 5.821744178477025E-5
<1300,admissions4-0,stu3-15application3-15,read> 1.3918729947247943E-4
<1301,admissions2-1,application0-4,setStatus> 6.615618384632984E-5
<1302,registrar4-1,transcript2-0,read> 2.8348581983174854E-4
<1303,registrar0-1,roster1-8,read> 2.085152839100098E-4
<1304,stu2-12,stu2-12application2-12,checkStatus> 6.358177995300814E-4
<1305,chair2,transcript2-3,read> 0.0011226739769322812
<1306,admissions2-1,stu3-1application3-1,setStatus> 1.7344376756452042E-4
<1307,admissions4-1,stu4-0application4-0,read> 5.911818555077657E-5
<1308,admissions4-1,stu4-14application4-14,setStatus> 1.7753470875418682E-4
<1309,admissions4-1,stu3-7application3-7,setStatus> 1.6282071509465535E-4
<1310,admissions2-1,stu2-11application2-11,read> 6.485956757074063E-5
<1311,admissions2-0,stu1-15application1-15,read> 1.3660998047788879E-4
<1312,admissions2-1,stu1-0application1-0,setStatus> 1.987830461311282E-4
<1313,stu0-0,gradebook0-1,addScore> 7.817235548698177E-5
<1314,stu1-1,transcript1-1,read> 0.0013076344569026203
<1315,registrar2-0,roster1-2,write> 1.5508426907209985E-4
<1316,stu4-19,gradebook4-2,readMyScores> 1.0220156680845231E-4
<1317,stu3-9,gradebook3-4,addScore> 2.3637882609374615E-4
<1318,admissions0-0,stu1-2application1-2,setStatus> 2.0628905814474677E-4
<1319,stu4-19,gradebook4-5,readMyScores> 8.256303559201033E-5
<1320,stu4-19,gradebook4-9,readMyScores> 7.15473596975236E-5
<1321,admissions2-1,application2-1,read> 4.9203128218096144E-5
<1322,admissions4-0,stu1-7application1-7,read> 3.0489038680482475E-5
<1323,stu4-17,gradebook4-9,readMyScores> 6.941955717863813E-5
<1324,registrar2-0,transcript4-12,read> 3.770699603240021E-4
<1325,admissions2-1,application3-0,read> 1.1657326119008155E-4
<1326,admissions0-0,stu0-2application0-2,setStatus> 1.1022240148706655E-5
<1327,admissions0-1,stu3-3application3-3,read> 2.150549888869297E-4
<1328,registrar4-0,transcript0-12,read> 3.949861996463573E-4
<1329,admissions4-0,stu3-3application3-3,setStatus> 2.0869860204145247E-4
<1330,admissions2-0,stu2-11application2-11,read> 6.700812467453329E-5
<1331,stu4-7,stu4-7application4-7,checkStatus> 4.4935802702303346E-4
<1332,stu1-18,transcript1-18,read> 1.7210609932056926E-4
<1333,admissions0-0,stu2-19application2-19,setStatus> 1.5285455727420875E-4
<1334,stu4-3,gradebook4-2,readMyScores> 2.0250347624128283E-4
<1335,stu4-18,gradebook4-5,readMyScores> 8.194918402627047E-5
<1336,stu0-1,gradebook0-5,addScore> 1.3121678885379947E-4
<1337,admissions2-1,stu2-12application2-12,read> 5.0152003330377624E-5
<1338,registrar0-0,transcript0-19,read> 3.2028449954881155E-4
<1339,stu4-18,gradebook4-7,readMyScores> 5.293058661264649E-5
<1340,registrar2-1,roster4-3,read> 1.4538299159037478E-4
<1341,stu2-8,transcript2-8,read> 9.456538014288661E-4
<1342,admissions0-0,stu3-10application3-10,setStatus> 6.709548180297492E-5
<1343,admissions4-1,stu4-1application4-1,setStatus> 2.052649275740731E-4
<1344,registrar2-1,roster4-4,read> 1.1177921825327376E-4
<1345,registrar2-1,roster4-5,read> 1.1017903857055466E-4
<1346,registrar2-1,transcript1-5,read> 3.251987378945181E-4
<1347,registrar2-1,roster4-6,read> 1.1657975730143103E-4
<1348,registrar2-1,roster4-1,read> 1.437828119076557E-4
<1349,registrar0-1,roster0-8,write> 1.5331571732842946E-4
<1350,registrar2-1,roster4-2,read> 1.4458290174901528E-4
<1351,registrar0-1,roster0-9,write> 1.5442787607586255E-4
<1352,registrar0-1,transcript0-7,read> 1.151043292161119E-4
<1353,registrar0-1,roster0-6,write> 1.4441844734896492E-4
<1354,admissions0-0,stu3-0application3-0,read> 8.69091266628096E-5
<1355,registrar4-1,transcript1-7,read> 3.7324706355098294E-4
<1356,registrar0-1,roster0-7,write> 1.438623679752484E-4
<1357,registrar0-1,roster0-4,write> 1.4330628860153186E-4
<1358,stu2-10,gradebook2-4,readMyScores> 4.507162400932029E-4
<1359,registrar0-1,roster0-5,write> 1.4275020922781533E-4
<1360,fac4-4,roster4-9,read> 0.0013557447088221647
<1361,admissions2-1,application5-0,read> 1.78250143488378E-4
<1362,registrar0-0,roster4-8,read> 1.0117270574988482E-4
<1363,admissions2-0,stu0-15application0-15,setStatus> 1.3128791155822602E-4
<1364,fac3-4,gradebook3-8,changeScore> 4.934373057927829E-4
<1365,fac0-2,gradebook0-4,assignGrade> 1.1797627945751836E-4
<1366,admissions0-0,stu5-3application5-3,read> 1.6876286577412262E-4
<1367,admissions0-1,stu1-11application1-11,setStatus> 2.069058619425794E-4
<1368,admissions4-0,stu5-9application5-9,setStatus> 2.903205527782116E-5
<1369,registrar0-1,roster0-3,write> 1.405258917329492E-4
<1370,registrar4-1,transcript2-14,read> 4.0842376717068287E-4
<1371,admissions4-1,stu1-7application1-7,read> 3.073149624454198E-5
<1372,registrar4-0,roster3-1,read> 1.4625744307072248E-4
<1373,registrar0-0,transcript1-2,read> 3.1322773942760494E-4
<1374,registrar0-1,roster0-1,write> 1.3941373298551613E-4
<1375,admissions0-0,stu3-7application3-7,setStatus> 1.8979692824643257E-4
<1376,admissions0-1,stu0-16application0-16,read> 1.3810671800618994E-4
<1377,registrar2-0,roster4-7,read> 1.1367314858543506E-4
<1378,registrar2-0,roster4-6,read> 1.1606277389876392E-4
<1379,registrar2-0,roster4-9,read> 1.0252156378990042E-4
<1380,registrar2-0,roster3-5,write> 9.657465533968428E-5
<1381,registrar4-1,transcript4-2,read> 2.5680004467197614E-4
<1382,registrar2-0,roster4-8,read> 1.0491118910322926E-4
<1383,stu2-18,transcript2-18,read> 0.0017142428644210841
<1384,registrar2-0,roster4-4,read> 1.1128352327210623E-4
<1385,fac3-1,gradebook3-2,changeScore> 5.050875717436209E-4
<1386,registrar2-0,roster4-5,read> 1.09690439729887E-4
<1387,admissions0-1,stu0-0application0-0,read> 1.3984239328921415E-4
<1388,registrar2-0,roster4-2,read> 1.4394173588760055E-4
<1389,registrar2-0,roster4-3,read> 1.4473827765871015E-4
<1390,admissions0-1,stu3-10application3-10,setStatus> 6.686842433494455E-5
<1391,admissions2-0,stu2-4application2-4,read> 3.1226888944639255E-5
<1392,stu4-13,gradebook4-3,readMyScores> 9.811478371627408E-5
<1393,admissions2-1,stu0-7application0-7,read> 1.0234013450585926E-4
<1394,admissions0-1,stu4-10application4-10,setStatus> 3.859795570992908E-5
<1395,registrar4-0,transcript0-14,read> 3.9140310699490986E-4
<1396,registrar2-0,roster4-1,read> 1.431451941164909E-4
<1397,admissions2-0,stu0-18application0-18,read> 1.919973727721083E-4
<1398,admissions0-0,stu4-12application4-12,setStatus> 2.1486496569187013E-4
<1399,stu2-17,gradebook2-2,readScore> 2.863869323703875E-4
<1400,admissions2-1,stu0-15application0-15,setStatus> 1.270782791234933E-4
<1401,admissions4-0,stu4-9application4-9,read> 1.1843581332128001E-4
<1402,admissions2-0,stu2-12application2-12,setStatus> 5.8878810610432986E-5
<1403,admissions2-0,stu2-1application2-1,read> 1.1014166911604937E-4
<1404,admissions2-0,stu2-6application2-6,read> 1.3710013439199693E-4
<1405,stu1-8,gradebook1-7,readMyScores> 8.095066476610457E-5
<1406,admissions2-1,stu1-15application1-15,read> 1.3222970054272603E-4
<1407,admissions0-0,application5-3,setStatus> 2.511476514681614E-4
<1408,registrar2-1,transcript4-2,read> 2.222971595912884E-4
<1409,admissions4-1,stu1-9application1-9,setStatus> 1.7187548042359779E-4
<1410,admissions0-1,stu1-3application1-3,setStatus> 1.8192265711117035E-4
<1411,stu1-6,gradebook1-1,addScore> 3.78092459748154E-4
<1412,admissions4-1,stu3-1application3-1,setStatus> 1.8206209141865802E-4
<1413,admissions2-0,application3-0,read> 1.2043490131232026E-4
<1414,admissions4-1,stu4-13application4-13,read> 1.7814307579972519E-4
<1415,admissions4-1,stu4-4application4-4,read> 1.368080720731028E-4
<1416,admissions0-0,stu3-9application3-9,read> 9.503644827669882E-5
<1417,admissions4-1,stu0-16application0-16,read> 1.1887963672179677E-4
<1418,registrar4-0,transcript4-1,read> 2.5166249358846274E-4
<1419,registrar4-0,transcript4-0,read> 2.504681293713136E-4
<1420,registrar0-1,roster5-4,read> 1.129391415524805E-4
<1421,registrar0-1,transcript2-17,read> 3.4489488256582164E-4
<1422,admissions0-0,stu5-18application5-18,read> 1.3218991851162104E-4
<1423,fac3-1,gradebook3-2,addScore> 1.6424657231808756E-4
<1424,registrar4-0,transcript4-9,read> 2.4330194406841887E-4
<1425,registrar4-1,transcript3-14,read> 4.2540562409053805E-4
<1426,admissions0-1,stu4-8application4-8,read> 9.587195278593426E-5
<1427,admissions2-0,stu1-12application1-12,setStatus> 1.318449046424398E-4
<1428,registrar2-1,transcript4-7,read> 2.1074698243480342E-4
<1429,registrar4-0,transcript4-8,read> 2.409132156341206E-4
<1430,admissions0-0,stu4-15application4-15,setStatus> 1.564003652023463E-5
<1431,registrar4-0,transcript4-6,read> 2.4927376515416447E-4
<1432,registrar4-0,transcript4-4,read> 2.468850367198662E-4
<1433,chair0,transcript0-13,read> 0.001885623803282684
<1434,stu3-9,stu3-9application3-9,checkStatus> 9.846780190593968E-4
<1435,registrar4-1,roster1-8,read> 2.5205675850838773E-4
<1436,registrar2-0,transcript2-11,read> 3.477998883201059E-4
<1437,registrar0-0,transcript4-16,read> 3.6867371180851396E-4
<1438,registrar4-0,transcript4-3,read> 2.456906725027171E-4
<1439,admissions4-0,stu3-1application3-1,setStatus> 1.8062570410963508E-4
<1440,admissions2-1,application4-1,read> 1.34127450767289E-4
<1441,admissions0-0,stu1-3application1-3,setStatus> 1.825403910911743E-4
<1442,admissions2-1,stu2-6application2-6,read> 1.327041380988668E-4
<1443,admissions0-1,stu4-13application4-13,setStatus> 2.3517633056759492E-4
<1444,stu4-9,gradebook4-8,readMyScores> 1.4320041208151654E-4
<1445,registrar4-0,transcript4-11,read> 4.081242060349976E-4
<1446,registrar0-0,roster0-7,write> 1.4452994276863704E-4
<1447,registrar0-0,roster0-8,write> 1.540271591721809E-4
<1448,registrar2-1,transcript5-8,read> 3.146985768431682E-4
<1449,fac2-4,roster2-8,read> 0.001956152206934408
<1450,admissions2-1,stu4-14application4-14,read> 1.48835015007652E-4
<1451,fac3-0,roster3-1,read> 0.0016928155849553542
<1452,admissions4-0,stu4-13application4-13,read> 1.7673760774607842E-4
<1453,registrar2-0,transcript3-18,read> 3.6034420489320425E-4
<1454,admissions0-1,stu4-1application4-1,read> 2.0984796303785715E-4
<1455,admissions0-0,stu4-4application4-4,read> 1.5947449821539204E-4
<1456,registrar4-1,transcript4-1,read> 2.555870548919865E-4
<1457,fac2-1,gradebook2-2,addScore> 7.256701251387767E-4
<1458,registrar0-0,roster0-2,write> 1.42295303614862E-4
<1459,registrar0-0,roster0-3,write> 1.4117798403797448E-4
<1460,registrar0-0,roster0-4,write> 1.4397128298019327E-4
<1461,stu2-3,gradebook2-2,readMyScores> 1.912234423916863E-4
<1462,registrar0-0,roster0-6,write> 1.450886025570808E-4
<1463,registrar4-0,transcript4-18,read> 4.391776756808747E-4
<1464,admissions0-1,stu5-18application5-18,read> 1.3174257530176785E-4
<1465,admissions2-1,stu4-12application4-12,read> 1.545282656813409E-4
<1466,admissions4-1,stu4-12application4-12,read> 1.622066888207864E-4
<1467,registrar4-1,transcript4-9,read> 2.470961264320589E-4
<1468,registrar2-1,roster3-1,read> 1.2858110492182425E-4
<1469,admissions2-1,stu4-16application4-16,read> 1.4266732677782235E-4
<1470,admissions2-1,stu0-0application0-0,read> 1.1467551096551856E-4
<1471,admissions2-1,stu1-5application1-5,read> 1.0186569694971852E-4
<1472,registrar4-1,transcript4-5,read> 2.519480855520175E-4
<1473,stu0-8,stu0-8application0-8,checkStatus> 0.0017425467718299784
<1474,registrar4-0,roster5-2,read> 1.617288033955487E-4
<1475,stu3-4,transcript3-4,read> 3.853275813119587E-4
<1476,registrar4-1,transcript4-4,read> 2.5073509577202787E-4
<1477,admissions0-0,stu4-6application4-6,setStatus> 7.765044493789602E-5
<1478,registrar0-0,transcript1-4,read> 3.1121152225011727E-4
<1479,registrar4-1,transcript4-7,read> 2.4345715709208997E-4
<1480,fac5-2,gradebook5-4,readScore> 9.091289531022857E-5
<1481,registrar4-1,transcript0-11,read> 3.9265490003081733E-4
<1482,admissions2-1,application5-0,setStatus> 2.0255698123679318E-4
<1483,admissions2-1,stu0-0application0-0,setStatus> 1.3031308064263475E-4
<1484,registrar2-1,roster4-9,read> 1.0297822999831869E-4
<1485,registrar2-1,roster4-8,read> 1.0537849952239734E-4
<1486,registrar2-1,roster4-7,read> 1.1417948777735238E-4
<1487,admissions0-0,stu4-0application4-0,read> 6.891291451776915E-5
<1488,registrar2-1,transcript3-7,read> 8.264501760833376E-5
<1489,registrar2-1,transcript3-8,read> 7.214485655698377E-5
<1490,registrar2-1,transcript3-9,read> 7.109484045184878E-5
<1491,admissions2-0,stu4-1application4-1,read> 1.7778290926297237E-4
<1492,stu5-5,gradebook5-3,readMyScores> 5.90085937766E-5
<1493,admissions0-0,stu0-1application0-1,setStatus> 2.0257832891762604E-5
<1494,registrar0-1,transcript3-16,read> 3.4991214355599003E-4
<1495,registrar0-0,roster1-1,read> 2.0641024339797755E-4
<1496,registrar2-0,roster5-8,write> 9.136092738333043E-5
<1497,admissions4-0,application0-4,read> 6.062810190008164E-5
<1498,stu0-16,stu0-16application0-16,checkStatus> 0.0014357903718990289
<1499,admissions4-0,stu0-11application0-11,read> 1.6586778166687865E-4
<1500,registrar2-1,transcript3-4,read> 8.159500150319875E-5
<1501,admissions4-0,stu3-19application3-19,setStatus> 1.6995800289554448E-4
<1502,registrar4-1,transcript4-12,read> 4.375355218904345E-4
<1503,registrar2-1,transcript3-5,read> 8.054498539806376E-5
<1504,registrar0-0,roster1-7,read> 2.0871471502530807E-4
<1505,registrar2-1,transcript3-6,read> 8.369503371346875E-5
<1506,stu5-9,stu5-9application5-9,checkStatus> 3.110169054855463E-4
<1507,fac3-3,gradebook3-7,readScore> 5.570113076866694E-5
<1508,fac3-3,gradebook3-6,readScore> 2.3206964545956158E-5
<1509,fac2-0,gradebook2-1,readScore> 2.7226244572723697E-4
<1510,registrar4-1,roster5-8,read> 1.4576544399606532E-4
<1511,stu0-11,gradebook0-7,addScore> 3.945666936075183E-5
<1512,registrar4-1,roster5-9,read> 1.503868054966011E-4
<1513,registrar0-1,roster2-2,write> 7.435244626068159E-5
<1514,admissions4-0,stu0-12application0-12,read> 4.975827582088194E-5
<1515,registrar0-0,roster2-9,write> 1.0430643800068649E-4
<1516,registrar0-0,roster2-7,write> 1.0263045863535522E-4
<1517,stu5-10,gradebook5-6,addScore> 1.296515033994404E-4
<1518,admissions0-0,stu0-5application0-5,setStatus> 2.1288591010407243E-4
<1519,app0-3,application0-3,checkStatus> 7.440847642115931E-4
<1520,registrar4-0,roster4-7,write> 9.445527471039189E-5
<1521,registrar2-1,roster1-7,read> 2.1739107731273425E-4
<1522,registrar4-0,transcript1-4,read> 3.6871018686907654E-4
<1523,registrar0-0,roster2-6,write> 1.0207179884691148E-4
<1524,registrar4-0,transcript4-14,read> 4.344002188122782E-4
<1525,registrar4-0,transcript2-14,read> 4.02152384949252E-4
<1526,registrar0-0,roster2-5,write> 7.525612900161112E-5
<1527,admissions4-1,stu0-14application0-14,setStatus> 1.3282680494253345E-4
<1528,registrar0-1,roster3-6,read> 1.2823132432968518E-4
<1529,registrar2-1,transcript3-0,read> 7.634492097752378E-5
<1530,registrar0-0,roster2-4,write> 7.581478879005491E-5
<1531,registrar4-0,transcript2-6,read> 2.2538648081118207E-4
<1532,registrar0-0,roster2-3,write> 7.302148984783611E-5
<1533,registrar2-0,transcript4-5,read> 2.171299240169978E-4
<1534,admissions2-1,stu1-14application1-14,read> 1.6117039146731126E-4
<1535,registrar2-1,transcript2-18,read> 3.6299931767937805E-4
<1536,admissions2-0,stu5-19application5-19,read> 3.0736735030531115E-5
<1537,stu4-8,gradebook4-8,readMyScores> 1.4064782006580328E-4
<1538,admissions4-0,application5-0,read> 1.856311018108781E-4
<1539,admissions0-0,stu0-0application0-0,setStatus> 1.5945140923353442E-4
<1540,registrar4-1,roster0-8,read> 2.548295754087092E-4
<1541,stu3-12,transcript3-12,read> 0.001748953338233636
<1542,registrar2-1,transcript3-2,read> 7.949496929292877E-5
<1543,registrar0-0,roster2-2,write> 7.469746921316736E-5
<1544,admissions0-1,stu2-12application2-12,setStatus> 6.949823536982972E-5
<1545,admissions4-1,stu5-19application5-19,read> 3.122950833763382E-5
<1546,admissions4-1,application4-2,read> 1.3979614463165385E-4
<1547,registrar2-1,transcript3-1,read> 7.529490487238877E-5
<1548,registrar2-0,transcript3-8,read> 7.18249237119417E-5
<1549,registrar2-0,transcript3-9,read> 7.077956399751684E-5
<1550,registrar2-0,roster0-8,write> 1.597186939221922E-4
<1551,stu0-13,gradebook0-4,addScore> 4.2128824837337626E-5
<1552,stu4-11,gradebook4-1,readMyScores> 7.462609963642963E-5
<1553,registrar2-0,transcript3-6,read> 8.332388057061522E-5
<1554,registrar2-0,transcript3-7,read> 8.227852085619036E-5
<1555,stu3-18,gradebook3-7,addScore> 1.8911767694030723E-4
<1556,registrar2-0,transcript3-4,read> 8.123316114176549E-5
<1557,fac3-4,gradebook3-9,readScore> 4.649047027669577E-5
<1558,registrar2-0,transcript3-5,read> 8.018780142734063E-5
<1559,registrar0-1,transcript2-14,read> 3.37870717179586E-4
<1560,fac3-4,gradebook3-8,readScore> 1.2687383717321555E-4
<1561,admissions4-1,stu3-11application3-11,read> 1.2286373346653145E-4
<1562,registrar2-0,transcript3-2,read> 7.914244171291576E-5
<1563,stu1-19,gradebook1-9,readScore> 5.563237599851509E-5
<1564,registrar0-0,roster1-5,read> 2.0487392897975722E-4
<1565,admissions4-1,stu1-8application1-8,read> 1.2734584230435794E-4
<1566,registrar2-0,transcript3-3,read> 7.705172228406603E-5
<1567,registrar2-1,roster5-8,read> 1.2618083539774562E-4
<1568,registrar2-0,transcript3-0,read> 7.600636256964117E-5
<1569,admissions4-1,stu0-11application0-11,read> 1.6718680975170473E-4
<1570,fac2-1,gradebook2-3,readScore> 5.80698994046616E-4
<1571,registrar2-0,roster0-7,write> 1.4987054111574602E-4
<1572,registrar0-1,transcript2-19,read> 3.489086913579563E-4
<1573,fac2-1,gradebook2-2,readScore> 2.673521513669177E-4
<1574,stu2-0,transcript2-0,read> 0.0011588752834202555
<1575,admissions0-0,stu3-14application3-14,read> 1.3509253337372438E-4
<1576,admissions4-1,stu4-2application4-2,read> 9.348101997411318E-5
<1577,fac3-4,gradebook3-9,changeScore> 4.992624387682019E-4
<1578,chair3,transcript3-3,read> 4.228252640394306E-4
<1579,registrar2-0,transcript3-1,read> 7.496100285521631E-5
<1580,admissions2-1,stu3-11application3-11,setStatus> 1.3300874857525262E-4
<1581,chair4,transcript4-2,read> 0.0012144574146887206
<1582,stu4-10,gradebook4-7,readMyScores> 5.094816763839006E-5
<1583,stu4-10,gradebook4-4,readMyScores> 6.301099674756782E-5
<1584,admissions2-1,stu3-4application3-4,read> 4.683094043739243E-5
<1585,stu4-3,gradebook4-5,addScore> 5.064358692905941E-4
<1586,admissions4-0,stu0-19application0-19,read> 9.768432717008059E-5
<1587,stu5-2,gradebook5-8,readMyScores> 3.482800336269641E-5
<1588,fac3-1,gradebook3-3,readScore> 3.308913290626637E-5
<1589,registrar4-0,transcript3-14,read> 4.1887348398933976E-4
<1590,registrar0-0,transcript2-0,read> 2.356033780943323E-4
<1591,registrar4-1,transcript4-16,read> 4.436004707903828E-4
<1592,fac3-1,gradebook3-2,readScore> 6.051189506455856E-5
<1593,registrar4-0,roster5-6,read> 1.3806672289875567E-4
<1594,registrar4-0,roster5-4,read> 1.3442640282232597E-4
<1595,registrar4-0,roster5-3,read> 1.353364828414334E-4
<1596,registrar4-0,roster5-1,read> 1.6081872337644128E-4
<1597,admissions2-1,stu1-1application1-1,read> 1.8631558194277063E-4
<1598,admissions2-1,stu2-3application2-3,read> 6.058962956547396E-5
<1599,registrar2-0,transcript4-9,read> 2.129484851592984E-4
<1600,admissions4-1,stu0-19application0-19,read> 9.846114090503153E-5
<1601,admissions4-1,stu1-13application1-13,read> 1.1987566090798046E-4
<1602,admissions0-1,stu3-18application3-18,read> 1.826557169371446E-4
<1603,app5-3,application5-3,checkStatus> 0.002289896426608732
<1604,registrar4-0,roster5-8,read> 1.4352720301340024E-4
<1605,fac4-1,gradebook4-2,changeScore> 0.0012856553904497644
<1606,fac3-2,gradebook3-5,readScore> 1.358604739429858E-4
<1607,admissions2-1,stu0-10application0-10,read> 1.8489226927434843E-4
<1608,registrar4-0,roster5-9,read> 1.4807760310893732E-4
<1609,admissions0-1,stu3-19application3-19,read> 1.7513445737737303E-4
<1610,fac3-2,gradebook3-4,readScore> 4.7275765218749216E-5
<1611,fac4-3,gradebook4-7,readScore> 1.0127212315754181E-4
<1612,stu2-18,gradebook2-4,readScore> 2.951520600307951E-4
<1613,registrar0-1,roster2-7,write> 1.021564149465083E-4
<1614,registrar4-1,roster5-4,read> 1.3652272099499383E-4
<1615,admissions4-0,application5-3,setStatus> 2.1375172366917963E-4
<1616,fac5-1,gradebook5-2,readScore> 4.2285819604363205E-5
<1617,registrar4-1,transcript4-11,read> 4.144887160706311E-4
<1618,registrar0-1,roster2-6,write> 1.0160033557279179E-4
<1619,registrar0-1,roster2-9,write> 1.0382465306765792E-4
<1620,registrar0-1,transcript2-10,read> 3.328534561894176E-4
<1621,registrar4-1,roster1-5,write> 1.7928081796926896E-4
<1622,admissions0-1,stu2-8application2-8,setStatus> 2.588446298815613E-4
<1623,registrar4-1,roster5-6,read> 1.4021981019542244E-4
<1624,registrar0-1,roster2-8,write> 1.0326857369394137E-4
<1625,registrar4-1,roster5-3,read> 1.3744699329510098E-4
<1626,registrar4-1,roster5-2,read> 1.6425088999820833E-4
<1627,registrar0-1,roster2-1,write> 8.046931937156349E-5
<1628,stu3-1,transcript3-1,read> 3.555757466154858E-4
<1629,admissions4-0,stu5-19application5-19,read> 3.0983121684082466E-5
<1630,admissions4-0,stu4-3application4-3,setStatus> 2.1936630325554313E-4
<1631,registrar0-1,roster2-3,write> 7.268420813953201E-5
<1632,registrar0-1,roster2-5,write> 7.490852563439813E-5
<1633,stu2-14,gradebook2-4,readMyScores> 3.948528187858764E-4
<1634,fac4-2,gradebook4-5,assignGrade> 4.716450672508138E-4
<1635,admissions0-0,application3-4,read> 1.4380037796003423E-4
<1636,stu3-5,transcript3-5,read> 3.803689421958799E-4
<1637,registrar0-1,roster2-4,write> 7.546460500811469E-5
<1638,fac1-0,gradebook1-1,readScore> 8.642961962821114E-5
<1639,registrar4-1,roster1-7,write> 1.8264180815147677E-4
<1640,stu3-13,stu3-13application3-13,checkStatus> 0.0014297755405278335
<1641,stu4-14,gradebook4-3,readMyScores> 1.0280553034812783E-4
<1642,admissions2-0,stu2-3application2-3,read> 6.259673944756005E-5
<1643,admissions4-1,stu1-12application1-12,setStatus> 1.3395865060865128E-4
<1644,stu4-14,gradebook4-1,readMyScores> 7.696731060541565E-5
<1645,admissions0-1,stu0-11application0-11,setStatus> 2.207123698757264E-4
<1646,stu4-13,gradebook4-5,readMyScores> 7.703837150035163E-5
<1647,admissions4-0,stu0-16application0-16,read> 1.1794173031768004E-4
<1648,admissions4-1,stu2-4application2-4,setStatus> 3.6054000489460974E-5
<1649,stu5-14,gradebook5-8,addScore> 5.253175468234669E-5
<1650,admissions0-0,stu2-14application2-14,setStatus> 7.17132781745029E-5
<1651,stu3-2,stu3-2application3-2,checkStatus> 5.997288113029108E-4
<1652,admissions4-0,application5-0,setStatus> 2.1094443387599784E-4
<1653,admissions2-0,stu2-10application2-10,read> 1.1896443956999586E-4
<1654,fac0-4,gradebook0-9,readScore> 7.894510773444056E-5
<1655,stu4-15,gradebook4-6,readMyScores> 1.2307929788895033E-4
<1656,registrar2-1,transcript5-3,read> 3.073484641072232E-4
<1657,fac0-4,gradebook0-8,readScore> 7.295401655459368E-5
<1658,admissions0-1,stu2-6application2-6,setStatus> 1.8389501538733423E-4
<1659,stu4-15,gradebook4-2,readMyScores> 1.0068184090795488E-4
<1660,admissions2-0,stu3-4application3-4,read> 4.838227593842406E-5
<1661,stu4-14,gradebook4-9,readMyScores> 6.99515078083595E-5
<1662,stu4-14,gradebook4-7,readMyScores> 5.213761902294391E-5
<1663,registrar4-0,roster0-9,write> 1.8380858567730273E-4
<1664,admissions2-0,stu4-11application4-11,read> 1.7386167795010725E-4
<1665,registrar0-0,transcript4-9,read> 2.0536012043201828E-4
<1666,registrar0-0,roster5-7,write> 8.922262371270505E-5
<1667,admissions4-1,stu4-17application4-17,setStatus> 9.830551212594033E-5
<1668,admissions2-0,application5-3,read> 1.866056797169188E-4
<1669,admissions0-1,stu0-8application0-8,setStatus> 1.904695429745471E-4
<1670,stu5-15,gradebook5-7,addScore> 7.497784261749558E-5
<1671,admissions2-1,stu4-5application4-5,setStatus> 8.340845861508409E-5
<1672,chair3,transcript3-1,read> 4.113523343198757E-4
<1673,admissions2-1,stu2-10application2-10,read> 1.151499485216593E-4
<1674,stu5-12,gradebook5-3,addScore> 1.022463438126264E-4
<1675,fac1-2,gradebook1-4,readScore> 2.0775356810114826E-4
<1676,fac1-2,gradebook1-5,readScore> 1.1994795309076604E-4
<1677,admissions2-1,stu1-3application1-3,setStatus> 1.4918275617095973E-4
<1678,registrar0-0,transcript1-13,read> 3.8014094700547465E-5
<1679,admissions0-0,stu2-6application2-6,setStatus> 1.84519446678972E-4
<1680,stu4-12,gradebook4-3,readMyScores> 9.889657482158303E-5
<1681,registrar4-1,roster0-8,write> 1.8533060029724306E-4
<1682,stu4-11,gradebook4-5,readMyScores> 7.826607463183134E-5
<1683,stu4-11,gradebook4-8,readMyScores> 6.509109640068934E-5
<1684,stu5-19,gradebook5-4,readMyScores> 2.84973431326974E-5
<1685,stu4-11,gradebook4-7,readMyScores> 5.055168384353877E-5
<1686,admissions4-0,stu4-14application4-14,setStatus> 1.761340404405443E-4
<1687,admissions2-0,stu4-5application4-5,setStatus> 8.617147173690883E-5
<1688,fac1-1,gradebook1-3,readScore> 8.67159920626152E-5
<1689,stu5-13,gradebook5-3,addScore> 9.967948999306258E-5
<1690,fac1-1,gradebook1-2,readScore> 4.577572367388621E-5
<1691,admissions0-1,stu5-2application5-2,setStatus> 1.871822791809407E-4
<1692,stu4-12,gradebook4-4,readMyScores> 6.203028084488194E-5
<1693,registrar4-1,transcript2-16,read> 4.1327572629064146E-4
<1694,admissions2-1,stu5-19application5-19,read> 2.9751188416325714E-5
<1695,stu4-12,gradebook4-8,readMyScores> 6.458057799754668E-5
<1696,admissions0-1,stu1-16application1-16,setStatus> 1.4576275538149937E-4
<1697,fac0-4,gradebook0-9,changeScore> 3.0703305057937555E-4
<1698,admissions2-0,application2-1,read> 5.083304550896475E-5
<1699,stu1-10,gradebook1-4,readMyScores> 6.568125534819605E-5
<1700,registrar2-0,transcript3-12,read> 3.687070826086032E-4
<1701,registrar4-0,roster2-8,read> 1.690094435484081E-4
<1702,fac5-1,gradebook5-3,readScore> 7.045338246855495E-5
<1703,admissions0-0,stu3-11application3-11,setStatus> 1.6274983521319728E-4
<1704,admissions2-0,stu1-17application1-17,setStatus> 6.66767137894261E-5
<1705,admissions4-1,stu0-12application0-12,read> 5.0153967875123546E-5
<1706,fac5-2,gradebook5-5,readScore> 6.2522628246257E-5
<1707,admissions0-1,stu2-14application2-14,setStatus> 7.14705936459936E-5
<1708,admissions4-0,stu2-4application2-4,setStatus> 3.576955078145733E-5
<1709,stu3-10,stu3-10application3-10,checkStatus> 6.11758474045301E-4
<1710,admissions4-1,stu5-0application5-0,setStatus> 1.3792011044006357E-4
<1711,admissions4-0,stu1-2application1-2,read> 1.54503872584079E-4
<1712,registrar4-0,roster4-2,write> 1.1960657705663347E-4
<1713,admissions4-0,stu5-0application5-0,setStatus> 1.3683198333599997E-4
<1714,registrar4-0,roster4-1,write> 1.1894470067910076E-4
<1715,registrar4-0,roster4-4,write> 9.246964557779389E-5
<1716,registrar4-0,roster4-3,write> 1.202684534341661E-4
<1717,admissions0-0,stu5-19application5-19,setStatus> 4.136775916160478E-5
<1718,registrar4-0,roster4-6,write> 9.64409038429899E-5
<1719,registrar4-0,roster4-5,write> 9.114589282272853E-5
<1720,registrar4-0,roster4-8,write> 8.717463455753249E-5
<1721,registrar4-0,roster4-9,write> 8.518900542493445E-5
<1722,fac3-3,gradebook3-7,addScore> 1.5118878351495313E-4
<1723,registrar0-0,transcript0-16,read> 3.233088253150429E-4
<1724,admissions2-0,stu1-17application1-17,read> 5.8675508134694955E-5
<1725,admissions4-0,stu0-15application0-15,setStatus> 1.3234031966690918E-4
<1726,admissions0-0,stu3-2application3-2,read> 5.788297804177661E-5
<1727,stu4-8,gradebook4-5,readMyScores> 1.691161063613297E-4
<1728,fac1-4,gradebook1-8,readScore> 7.504885047932992E-5
<1729,admissions0-1,stu3-17application3-17,setStatus> 1.8652482642221937E-4
<1730,admissions0-1,application4-3,setStatus> 1.8849718469838322E-4
<1731,fac0-1,gradebook0-3,readScore> 3.3462294761723594E-5
<1732,stu2-9,transcript2-9,read> 9.853229143574967E-4
<1733,registrar4-1,transcript2-17,read> 4.1691469563061035E-4
<1734,registrar2-0,roster4-5,write> 7.977486525809964E-5
<1735,registrar2-0,roster4-8,write> 7.629904662053038E-5
<1736,registrar2-0,roster4-7,write> 8.267138078940733E-5
<1737,admissions2-0,stu3-7application3-7,setStatus> 1.6025155193734322E-4
<1738,registrar4-1,transcript0-13,read> 3.987198489307656E-4
<1739,admissions4-1,stu1-6application1-6,read> 2.52533632205318E-5
<1740,stu4-6,gradebook4-9,readMyScores> 1.4336069470990788E-4
<1741,registrar2-0,roster4-9,write> 7.456113730174576E-5
<1742,admissions0-0,stu0-18application0-18,setStatus> 2.5840418862341957E-4
<1743,registrar2-0,transcript1-18,read> 3.628269342149633E-5
<1744,admissions0-0,stu2-6application2-6,read> 1.6237711307749535E-4
<1745,admissions0-0,stu2-4application2-4,setStatus> 4.202744435753735E-5
<1746,admissions2-1,stu0-4application0-4,read> 1.2036876163920747E-4
<1747,stu1-3,transcript1-3,read> 0.0015456491344744041
<1748,registrar2-0,roster4-2,write> 1.0468489882734586E-4
<1749,registrar2-0,roster4-1,write> 1.041055957210843E-4
<1750,registrar2-0,roster4-4,write> 8.093347147062272E-5
<1751,admissions2-1,stu0-11application0-11,setStatus> 1.8099163777585036E-4
<1752,fac3-2,gradebook3-4,addScore> 1.2831993416517648E-4
<1753,registrar2-0,roster4-3,write> 1.0526420193360738E-4
<1754,fac4-2,gradebook4-4,addScore> 2.698433503062081E-4
<1755,admissions4-1,stu0-15application0-15,setStatus> 1.3339272777559234E-4
<1756,stu5-15,stu5-15application5-15,checkStatus> 4.85447015250204E-4
<1757,fac0-0,gradebook0-1,readScore> 1.374451373211244E-5
<1758,registrar2-1,transcript4-16,read> 3.8399963978207806E-4
<1759,registrar2-0,transcript1-7,read> 3.216658954594843E-4
<1760,registrar4-1,roster4-9,write> 8.651748894033304E-5
<1761,admissions4-0,stu1-6application1-6,read> 2.5054125640882634E-5
<1762,admissions0-0,application4-4,setStatus> 1.884775578545674E-4
<1763,fac3-1,gradebook3-3,addScore> 8.981336074558015E-5
<1764,admissions0-0,application4-1,setStatus> 1.864985022667697E-4
<1765,admissions0-1,stu2-4application2-4,setStatus> 4.188521950353553E-5
<1766,admissions2-0,stu0-4application0-4,read> 1.2435613262518538E-4
<1767,fac0-3,gradebook0-7,readScore> 9.72648079388491E-6
<1768,stu1-2,gradebook1-9,readMyScores> 5.4586631852903836E-5
<1769,fac0-3,gradebook0-6,readScore> 1.5112788307371815E-5
<1770,admissions4-0,stu5-3application5-3,read> 1.4363404650487928E-4
<1771,registrar4-1,roster4-6,write> 9.794485555983966E-5
<1772,admissions2-1,application4-0,setStatus> 1.4540882106529472E-4
<1773,registrar4-1,roster4-5,write> 9.256727126830716E-5
<1774,registrar4-0,transcript5-1,read> 3.4482290252609417E-4
<1775,registrar4-1,roster4-4,write> 9.391166734119027E-5
<1776,registrar4-1,roster4-3,write> 1.2214398487173596E-4
<1777,registrar4-1,roster4-2,write> 1.2147178683529442E-4
<1778,registrar4-1,roster4-1,write> 1.2079958879885283E-4
<1779,admissions4-1,stu1-2application1-2,read> 1.5573253161059258E-4
<1780,admissions0-0,stu4-9application4-9,read> 1.3915619418066897E-4
<1781,registrar2-0,roster1-6,write> 1.5334635975331522E-4
<1782,admissions2-0,stu4-3application4-3,read> 1.9150721885800024E-4
<1783,stu2-2,gradebook2-3,readMyScores> 1.9991032138729658E-4
<1784,admissions0-1,application4-4,setStatus> 1.8783973193966196E-4
<1785,fac3-0,gradebook3-1,addScore> 1.0259860880507036E-4
<1786,registrar4-0,roster1-5,write> 1.7652794552444333E-4
<1787,admissions0-1,application4-0,setStatus> 1.773204878001213E-4
<1788,admissions0-1,application4-1,setStatus> 1.8586737366349808E-4
<1789,registrar4-1,roster4-8,write> 8.853408304965776E-5
<1790,admissions0-1,application4-2,setStatus> 1.845524681460555E-4
<1791,admissions4-0,stu2-4application2-4,read> 3.147720468768245E-5
<1792,fac0-2,gradebook0-4,readScore> 1.0210296038573521E-5
<1793,admissions2-0,application5-1,setStatus> 2.0982393643237076E-4
<1794,fac0-2,gradebook0-5,readScore> 2.3113216287179536E-5
<1795,admissions2-0,stu0-19application0-19,setStatus> 1.1012217435810189E-4
<1796,admissions0-0,stu1-12application1-12,setStatus> 1.561529832538716E-4
<1797,admissions4-0,application0-0,setStatus> 7.05799442169109E-5
<1798,admissions4-0,application0-1,setStatus> 6.833411238236553E-5
<1799,registrar2-1,transcript5-9,read> 3.136485607380332E-4
<1800,admissions4-1,stu2-4application2-4,read> 3.172752043072565E-5
<1801,chair5,transcript5-9,read> 0.00171352985748936
<1802,admissions4-0,application0-4,setStatus> 6.889557034100187E-5
<1803,fac2-4,gradebook2-9,readScore> 2.1252363071291E-4
<1804,admissions4-0,application0-2,setStatus> 6.777265442372917E-5
<1805,registrar4-1,roster4-5,read> 1.2727999799392234E-4
<1806,admissions2-1,stu0-19application0-19,setStatus> 1.0659120283559763E-4
<1807,admissions0-1,stu1-12application1-12,setStatus> 1.5562454676231873E-4
<1808,fac0-1,gradebook0-2,addScore> 2.224103447375594E-4
<1809,admissions4-0,stu1-1application1-1,read> 1.9403051287207788E-4
<1810,registrar0-0,roster5-5,read> 1.1807216435030846E-4
<1811,admissions2-0,stu4-4application4-4,read> 1.3464936482145623E-4
<1812,admissions2-0,stu1-0application1-0,setStatus> 2.053679917586604E-4
<1813,registrar0-1,roster0-6,read> 1.9857536510482676E-4
<1814,registrar2-0,transcript0-8,read> 1.1782075114663576E-4
<1815,fac3-0,gradebook3-1,readScore> 3.77994874544996E-5
<1816,admissions2-0,stu3-5application3-5,setStatus> 1.2126203604237773E-4
<1817,admissions4-1,application0-0,setStatus> 7.114121613911298E-5
<1818,admissions4-1,application0-1,setStatus> 6.887752480687737E-5
<1819,admissions4-1,stu0-3application0-3,setStatus> 8.868482396393898E-5
<1820,admissions4-1,application0-2,setStatus> 6.831160197381847E-5
<1821,admissions4-1,application0-3,setStatus> 7.000937047299518E-5
<1822,admissions4-1,application0-4,setStatus> 6.944344763993627E-5
<1823,admissions0-1,stu2-6application2-6,read> 1.618276135408541E-4
<1824,admissions2-1,stu4-4application4-4,read> 1.3033195031816305E-4
<1825,registrar0-0,transcript2-5,read> 1.9124660018960508E-4
<1826,fac4-4,gradebook4-8,addScore> 5.825658482949841E-4
<1827,admissions4-0,stu0-4application0-4,read> 1.2535297537167981E-4
<1828,admissions2-0,stu1-11application1-11,setStatus> 1.7529036521111565E-4
<1829,admissions4-1,stu2-11application2-11,read> 6.808240322642961E-5
<1830,admissions2-0,stu0-10application0-10,read> 1.9101706494389207E-4
<1831,admissions2-0,stu1-14application1-14,read> 1.6650936923848515E-4
<1832,admissions0-0,stu3-18application3-18,setStatus> 2.082681137325445E-4
<1833,admissions0-0,stu0-17application0-17,read> 2.163657495126167E-4
<1834,admissions2-1,stu3-7application3-7,setStatus> 1.55113225622719E-4
<1835,admissions0-0,stu3-6application3-6,setStatus> 2.47189540292566E-4
<1836,fac2-2,gradebook2-5,readScore> 7.778726257728273E-5
<1837,fac3-3,gradebook3-7,changeScore> 4.8761217281736394E-4
<1838,admissions4-1,stu4-15application4-15,read> 1.1807036707052254E-5
<1839,registrar2-0,transcript2-17,read> 3.5929884517877937E-4
<1840,stu5-4,transcript5-4,read> 0.0014663109086171429
<1841,registrar2-0,transcript5-2,read> 3.070308594575362E-4
<1842,admissions0-0,stu4-8application4-8,read> 9.619749422154016E-5
<1843,admissions0-1,stu5-13application5-13,setStatus> 2.456955747071355E-4
<1844,admissions0-0,stu1-5application1-5,setStatus> 1.4163990894335506E-4
<1845,fac3-4,gradebook3-9,addScore> 1.2618841932245998E-4
<1846,admissions0-1,stu3-18application3-18,setStatus> 2.0756331470130068E-4
<1847,admissions0-1,stu0-17application0-17,read> 2.1563354731460449E-4
<1848,admissions0-1,stu0-1application0-1,setStatus> 2.0189278465732955E-5
<1849,admissions4-0,stu4-11application4-11,read> 1.7525535873527844E-4
<1850,fac2-3,gradebook2-7,readScore> 1.1676994705727668E-4
<1851,admissions0-0,stu4-1application4-1,setStatus> 2.3927331794137518E-4
<1852,admissions4-0,stu4-15application4-15,read> 1.1713884543683006E-5
<1853,admissions4-1,application3-4,read> 1.2336174555962326E-4
<1854,admissions4-1,application3-3,read> 1.2385975765271515E-4
<1855,admissions0-1,stu3-0application3-0,setStatus> 9.842615675356649E-5
<1856,admissions4-1,stu0-4application0-4,read> 1.263498181181743E-4
<1857,admissions0-1,stu4-6application4-6,read> 6.810114825754698E-5
<1858,admissions4-0,stu5-8application5-8,setStatus> 2.1487463958645237E-4
<1859,admissions2-1,stu4-2application4-2,setStatus> 1.0119986697036191E-4
<1860,admissions4-1,application3-1,read> 1.218677092803478E-4
<1861,admissions4-1,application3-0,read> 1.2236572137343962E-4
<1862,fac1-4,gradebook1-9,addScore> 2.2688264755747615E-4
<1863,admissions4-0,application3-1,read> 1.2090622833927995E-4
<1864,admissions4-0,application3-3,read> 1.228825603536799E-4
<1865,admissions4-0,application3-4,read> 1.223884773500799E-4
<1866,admissions4-1,stu3-2application3-2,read> 4.965595578203171E-5
<1867,registrar2-0,roster2-4,read> 1.0809735618766774E-4
<1868,admissions0-0,stu4-6application4-6,read> 6.83323915453485E-5
<1869,admissions2-0,stu0-2application0-2,setStatus> 9.306426115405451E-6
<1870,admissions4-0,application3-0,read> 1.2140031134287994E-4
<1871,admissions4-0,stu3-2application3-2,read> 4.926419281728195E-5
<1872,stu5-4,gradebook5-7,readMyScores> 7.088810954263614E-5
<1873,admissions4-0,stu5-16application5-16,read> 1.288115563968797E-4
<1874,admissions4-1,stu1-19application1-19,setStatus> 5.0202071315933564E-5
<1875,admissions4-1,stu3-17application3-17,setStatus> 1.6055702376241974E-4
<1876,fac1-2,gradebook1-5,addScore> 3.255730155320793E-4
<1877,chair5,transcript5-17,read> 1.2452909133100245E-4
<1878,chair5,transcript5-18,read> 1.1879262647122499E-4
<1879,chair5,transcript5-15,read> 1.4173848591033484E-4
<1880,chair5,transcript5-16,read> 1.3026555619077992E-4
<1881,fac2-2,gradebook2-5,changeScore> 0.0022468023313938967
<1882,chair5,transcript5-19,read> 1.0731969675167007E-4
<1883,chair5,transcript5-10,read> 1.8189373992877708E-4
<1884,chair5,transcript5-13,read> 1.532114156298898E-4
<1885,chair5,transcript5-14,read> 1.474749507701123E-4
<1886,admissions4-0,stu0-14application0-14,setStatus> 1.3177886170827286E-4
<1887,registrar2-1,transcript2-12,read> 3.503991244177581E-4
<1888,chair5,transcript5-12,read> 1.7042081020922215E-4
<1889,admissions4-1,stu5-16application5-16,read> 1.2983590276981715E-4
<1890,admissions2-1,stu3-18application3-18,read> 1.497838901199335E-4
<1891,admissions0-1,stu0-15application0-15,read> 1.3637104272316573E-4
<1892,stu5-12,gradebook5-1,readMyScores> 3.132352770968531E-5
<1893,admissions0-1,stu0-17application0-17,setStatus> 2.450381219484142E-4
<1894,registrar0-1,roster0-2,read> 1.9475231941052558E-4
<1895,registrar2-0,transcript2-16,read> 3.561627660355048E-4
<1896,fac1-4,gradebook1-9,assignGrade> 2.7608703164746216E-4
<1897,admissions4-1,stu4-6application4-6,setStatus> 6.661383347464176E-5
<1898,stu5-11,gradebook5-5,readMyScores> 1.72124742894701E-5
<1899,admissions0-1,stu0-3application0-3,read> 9.066492693686164E-5
<1900,stu5-11,gradebook5-7,readMyScores> 3.005452944830906E-5
<1901,admissions0-0,stu5-2application5-2,setStatus> 1.8781787265863487E-4
<1902,stu5-11,gradebook5-4,readMyScores> 2.7123977198591503E-5
<1903,stu4-16,transcript4-16,read> 0.0018134156467426606
<1904,stu2-2,gradebook2-2,readMyScores> 1.9044134242280413E-4
<1905,registrar0-0,transcript1-3,read> 3.1423584801634877E-4
<1906,admissions2-0,stu5-15application5-15,read> 3.95595054844776E-5
<1907,stu5-13,gradebook5-2,readMyScores> 2.1502723848890487E-5
<1908,registrar4-1,roster2-5,write> 9.055067715898243E-5
<1909,admissions0-0,stu0-17application0-17,setStatus> 2.458701699007008E-4
<1910,admissions4-0,stu3-11application3-11,read> 1.2189439434647993E-4
<1911,fac1-1,gradebook1-3,assignGrade> 3.23936338231261E-4
<1912,registrar2-1,roster3-3,write> 9.584106493619087E-5
<1913,admissions4-0,stu4-3application4-3,read> 1.9304234686487795E-4
<1914,admissions2-1,stu4-3application4-3,read> 1.8536670683048917E-4
<1915,admissions0-1,stu3-6application3-6,read> 2.1679066416995397E-4
<1916,fac0-3,gradebook0-7,changeScore> 2.8955765165311853E-4
<1917,registrar2-1,roster3-4,write> 9.40954143732246E-5
<1918,admissions0-1,stu2-18application2-18,setStatus> 1.9835897607920259E-4
<1919,registrar2-1,roster3-5,write> 9.70048319781684E-5
<1920,stu5-12,gradebook5-7,readMyScores> 3.0308154169391837E-5
<1921,registrar2-1,roster3-6,write> 9.758671549915717E-5
<1922,admissions0-0,stu5-13application5-13,setStatus> 2.465298550966334E-4
<1923,admissions2-1,stu3-13application3-13,read> 1.1277776074095559E-4
<1924,registrar2-1,roster3-2,write> 9.23497638102583E-5
<1925,admissions4-1,stu0-14application0-14,read> 1.1688758834942943E-4
<1926,registrar2-1,roster3-7,write> 9.816859902014593E-5
<1927,registrar2-1,roster3-9,write> 9.933236606212346E-5
<1928,admissions0-1,stu1-8application1-8,read> 1.4794221127666045E-4
<1929,admissions4-0,stu4-7application4-7,read> 3.6912117727282304E-5
<1930,admissions0-0,stu3-17application3-17,setStatus> 1.871581874627023E-4
<1931,registrar2-0,roster3-1,write> 9.309883670211504E-5
<1932,registrar2-0,roster3-4,write> 9.367813980837659E-5
<1933,registrar4-0,transcript1-8,read> 3.639327300004801E-4
<1934,registrar2-0,roster3-2,write> 9.194023048959196E-5
<1935,admissions0-0,application5-2,setStatus> 2.4982828107629625E-4
<1936,admissions2-1,stu0-13application0-13,read> 1.5642601590590388E-4
<1937,registrar2-0,roster3-3,write> 9.54160491271612E-5
<1938,stu3-16,gradebook3-9,readMyScores> 3.9063286052169136E-5
<1939,admissions4-1,stu5-17application5-17,setStatus> 1.424474931045348E-4
<1940,admissions4-0,stu1-12application1-12,read> 1.1695356431048006E-4
<1941,admissions0-1,application0-0,setStatus> 8.264729054425552E-5
<1942,registrar2-0,roster3-8,write> 9.83125646584689E-5
<1943,registrar2-0,roster3-9,write> 9.889186776473045E-5
<1944,admissions0-1,stu2-7application2-7,read> 1.0686456291175424E-4
<1945,fac2-2,roster2-4,read> 0.0014294789629763001
<1946,admissions0-1,stu1-2application1-2,read> 1.809200416541204E-4
<1947,registrar2-0,roster3-7,write> 9.773326155220736E-5
<1948,admissions4-1,stu0-4application0-4,setStatus> 1.4357933877065263E-4
<1949,admissions0-1,stu1-1application1-1,read> 2.2720471586809918E-4
<1950,admissions4-0,stu0-14application0-14,read> 1.159653983032801E-4
<1951,admissions0-0,stu0-4application0-4,read> 1.472835157945582E-4
<1952,admissions0-1,stu5-19application5-19,setStatus> 4.1227766744814237E-5
<1953,admissions4-0,stu5-18application5-18,setStatus> 1.278486559978184E-4
<1954,stu5-9,gradebook5-2,addScore> 1.4507455207824835E-4
<1955,admissions0-0,stu2-14application2-14,read> 6.310768479356254E-5
<1956,fac4-1,roster4-3,read> 0.0019140183474177595
<1957,admissions2-1,stu3-4application3-4,setStatus> 5.321697776976413E-5
<1958,admissions0-1,stu0-6application0-6,read> 6.405123926382383E-5
<1959,admissions4-1,stu4-7application4-7,read> 3.720565345473584E-5
<1960,stu5-10,gradebook5-2,readMyScores> 2.1318151111990137E-5
<1961,stu5-10,gradebook5-5,readMyScores> 1.67767154466987E-5
<1962,registrar2-1,transcript2-15,read> 3.545991888382981E-4
<1963,stu1-5,stu1-5application1-5,checkStatus> 0.0012914344189903465
<1964,admissions0-0,stu0-3application0-3,read> 9.097278746975421E-5
<1965,stu5-10,gradebook5-8,readMyScores> 1.538292309136304E-5
<1966,admissions0-0,stu2-7application2-7,read> 1.0722743069753269E-4
<1967,admissions4-1,stu5-11application5-11,read> 1.0593132230140904E-4
<1968,admissions4-1,stu1-12application1-12,read> 1.1788361253561312E-4
<1969,registrar2-0,roster0-7,read> 2.0607199403415078E-4
<1970,registrar4-0,transcript5-3,read> 3.4960035939469064E-4
<1971,admissions4-1,stu5-8application5-8,setStatus> 2.1658338423525118E-4
<1972,admissions0-0,stu0-8application0-8,read> 1.6818234280170194E-4
<1973,admissions4-1,stu5-18application5-18,setStatus> 1.2886534511112114E-4
<1974,admissions2-0,stu4-7application4-7,read> 3.661858199982877E-5
<1975,admissions4-0,stu5-1application5-1,setStatus> 3.408517690554829E-5
<1976,admissions4-0,stu2-8application2-8,setStatus> 2.2105067713145218E-4
<1977,stu1-19,transcript1-19,read> 1.6218882108841158E-4
<1978,registrar4-0,roster1-9,read> 2.490964852298616E-4
<1979,registrar0-1,transcript2-4,read> 1.9538050505880526E-4
<1980,admissions0-0,stu5-4application5-4,read> 7.239605235229312E-5
<1981,stu5-15,gradebook5-9,readMyScores> 2.8394097690132032E-5
<1982,admissions2-0,application1-0,read> 1.9463195006043956E-5
<1983,stu5-15,gradebook5-8,readMyScores> 1.6448406941847064E-5
<1984,admissions2-0,stu5-15application5-15,setStatus> 4.495398350508818E-5
<1985,admissions2-0,application1-3,read> 2.1913964576584643E-5
<1986,admissions2-1,stu4-19application4-19,read> 6.011519200933323E-5
<1987,registrar0-1,transcript2-8,read> 1.913666962666706E-4
<1988,stu5-16,gradebook5-4,readMyScores> 2.803955448799544E-5
<1989,admissions0-1,stu0-9application0-9,read> 1.2653554945269525E-4
<1990,fac0-4,gradebook0-8,changeScore> 2.8373251867769956E-4
<1991,admissions0-0,stu0-6application0-6,read> 6.426873073840387E-5
<1992,admissions2-1,stu5-17application5-17,read> 1.1941988652692598E-4
<1993,admissions2-0,application1-4,read> 1.4071501950854447E-5
<1994,stu5-16,gradebook5-5,readMyScores> 1.7793486079831957E-5
<1995,admissions0-1,application4-4,read> 1.652989641069025E-4
<1996,admissions2-0,application1-1,read> 2.044350283426023E-5
<1997,registrar4-0,roster2-7,write> 1.2159220618923144E-4
<1998,admissions2-0,application1-2,read> 2.1423810662476507E-5
<1999,registrar4-1,transcript0-2,read> 2.11919422812359E-4
<2000,stu5-16,gradebook5-3,readMyScores> 2.614304787570886E-5
<2001,admissions0-1,stu2-14application2-14,read> 6.289412240847436E-5
<2002,admissions0-0,stu0-11application0-11,read> 1.9488639953305225E-4
<2003,admissions2-1,stu2-12application2-12,setStatus> 5.699091287542912E-5
<2004,admissions4-0,stu3-14application3-14,read> 1.1497723229608012E-4
<2005,admissions2-1,stu4-7application4-7,read> 3.544443909001462E-5
<2006,stu2-5,stu2-5application2-5,checkStatus> 0.0016282649757772718
<2007,admissions2-0,stu0-10application0-10,setStatus> 2.1706484652715008E-4
<2008,admissions4-1,stu0-7application0-7,setStatus> 1.220742711144143E-4
<2009,admissions0-1,stu5-4application5-4,read> 7.215105725127013E-5
<2010,admissions2-1,application1-1,read> 1.9787999737370124E-5
<2011,stu5-16,gradebook5-9,readMyScores> 2.8164185967944725E-5
<2012,admissions4-0,stu2-1application2-1,setStatus> 1.2616428212190934E-4
<2013,admissions2-1,application1-0,read> 1.8839124625088637E-5
<2014,admissions2-1,application1-2,read> 2.0736874849651607E-5
<2015,stu5-17,gradebook5-3,readMyScores> 2.592963523998879E-5
<2016,admissions2-1,application1-3,read> 2.121131240579235E-5
<2017,stu5-17,gradebook5-4,readMyScores> 2.781066016564445E-5
<2018,registrar4-1,transcript2-3,read> 2.373922081921417E-4
<2019,registrar2-0,transcript0-3,read> 1.1259395257451144E-4
<2020,stu4-1,transcript4-1,read> 0.0010448265837504425
<2021,admissions2-1,application1-4,read> 1.3620311507540476E-5
<2022,stu5-17,gradebook5-5,readMyScores> 1.7648233132241493E-5
<2023,stu5-17,gradebook5-6,readMyScores> 3.582566883462873E-5
<2024,admissions2-1,stu2-5application2-5,setStatus> 1.4594795465181832E-4
<2025,admissions2-0,stu2-16application2-16,setStatus> 1.1402112594759846E-4
<2026,admissions4-0,stu3-8application3-8,setStatus> 1.7781841431645338E-4
<2027,admissions4-1,stu3-14application3-14,read> 1.1589156416324577E-4
<2028,admissions2-1,stu0-10application0-10,setStatus> 2.1010485144812324E-4
<2029,stu5-13,gradebook5-5,readMyScores> 1.6921968394289165E-5
<2030,registrar0-0,roster1-8,read> 2.0948287223441822E-4
<2031,stu1-13,stu1-13application1-13,checkStatus> 0.0014478200346414191
<2032,chair3,transcript3-9,read> 3.884064748807658E-4
<2033,admissions4-1,stu1-15application1-15,setStatus> 1.5772740959712518E-4
<2034,fac5-2,gradebook5-4,assignGrade> 1.9287084628433383E-4
<2035,chair3,transcript3-8,read> 3.9414293974054324E-4
<2036,admissions2-1,application3-3,setStatus> 1.3408701574829976E-4
<2037,registrar2-0,transcript5-9,read> 3.122576580296605E-4
<2038,stu3-17,transcript3-17,read> 0.001719201503537163
<2039,stu5-13,gradebook5-7,readMyScores> 2.9547280006143506E-5
<2040,registrar2-1,transcript2-17,read> 3.60899285469108E-4
<2041,registrar0-0,roster1-9,read> 2.102510294435284E-4
<2042,registrar0-1,roster1-4,read> 2.0010458338254726E-4
<2043,admissions2-0,stu2-5application2-5,setStatus> 1.507826695057088E-4
<2044,registrar0-1,roster1-5,read> 2.0392762907684838E-4
<2045,admissions2-1,application3-2,read> 1.184710114146445E-4
<2046,registrar4-0,transcript0-10,read> 3.878200143434625E-4
<2047,chair3,transcript3-4,read> 4.4577112347854046E-4
<2048,registrar0-1,roster1-6,read> 2.023984107991279E-4
<2049,chair3,transcript3-5,read> 4.40034658618763E-4
<2050,registrar0-1,roster1-7,read> 2.0775067477114955E-4
<2051,stu0-7,gradebook0-4,readMyScores> 3.5376044599631444E-5
<2052,admissions4-0,application4-4,read> 1.4116363148687937E-4
<2053,registrar0-1,roster1-1,read> 2.0545684735456888E-4
<2054,chair3,transcript3-0,read> 4.1708879917965315E-4
<2055,registrar0-1,roster1-2,read> 2.0469223821570863E-4
<2056,stu5-14,gradebook5-1,readMyScores> 3.079928456810062E-5
<2057,registrar0-1,transcript0-14,read> 3.2883964739728296E-4
<2058,registrar0-1,roster1-3,read> 2.0086919252140748E-4
<2059,admissions4-0,stu0-3application0-3,setStatus> 8.798514093463768E-5
<2060,fac0-0,gradebook0-1,changeScore> 3.2450844950563236E-4
<2061,stu5-14,gradebook5-5,readMyScores> 1.7067221341879634E-5
<2062,stu1-10,transcript1-10,read> 2.2665112959743632E-4
<2063,admissions2-1,stu5-15application5-15,setStatus> 4.351257321233986E-5
<2064,stu5-14,gradebook5-6,readMyScores> 3.4646222947068935E-5
<2065,admissions0-1,stu5-9application5-9,setStatus> 3.3995786398880045E-5
<2066,admissions4-1,stu5-1application5-1,setStatus> 3.4356231990284263E-5
<2067,admissions2-1,stu2-19application2-19,read> 1.0993113540411114E-4
<2068,registrar4-1,transcript1-3,read> 3.780990226709416E-4
<2069,registrar2-0,transcript5-5,read> 3.08076219171961E-4
<2070,registrar0-0,roster1-3,read> 2.0180130014331657E-4
<2071,registrar0-1,transcript1-16,read> 3.6835057769485866E-5
<2072,stu5-15,gradebook5-2,readMyScores> 2.279473300719292E-5
<2073,registrar2-1,transcript4-4,read> 2.170470790656134E-4
<2074,registrar0-0,roster1-2,read> 2.056420861888674E-4
<2075,admissions2-0,stu0-19application0-19,read> 9.690751343512966E-5
<2076,admissions4-1,stu2-12application2-12,setStatus> 5.982275947793492E-5
<2077,registrar2-1,roster3-8,read> 1.357819134940602E-4
<2078,stu4-3,gradebook4-5,readScore> 1.8658163605442938E-4
<2079,registrar0-1,roster1-2,write> 1.488670823386972E-4
<2080,admissions0-0,stu0-15application0-15,setStatus> 1.5549329805793902E-4
<2081,registrar0-1,roster1-5,write> 1.4831100296498065E-4
<2082,registrar0-1,roster1-6,write> 1.471988442175476E-4
<2083,admissions2-0,stu1-3application1-3,read> 1.3562967264967252E-4
<2084,stu5-19,gradebook5-9,readMyScores> 2.8624009412319332E-5
<2085,registrar0-1,roster1-3,write> 1.4608668547011453E-4
<2086,registrar4-1,transcript5-0,read> 3.5383922707114845E-4
<2087,registrar0-1,roster1-4,write> 1.45530606096398E-4
<2088,chair0,transcript0-10,read> 0.001862677943843574
<2089,admissions2-0,stu3-1application3-1,setStatus> 1.791893168006122E-4
<2090,registrar0-1,roster1-9,write> 1.522035585809964E-4
<2091,registrar2-1,roster3-2,read> 1.2698092523910515E-4
<2092,registrar0-1,roster1-7,write> 1.5109139983356332E-4
<2093,admissions0-1,stu5-12application5-12,read> 9.992186177965741E-5
<2094,fac5-3,gradebook5-6,readScore> 9.408522176514415E-5
<2095,registrar2-1,roster3-3,read> 1.3178146428726245E-4
<2096,registrar0-1,roster1-8,write> 1.5164747920727988E-4
<2097,registrar2-1,roster3-4,read> 1.2938119476318383E-4
<2098,registrar2-1,roster3-5,read> 1.3338164396998155E-4
<2099,registrar2-1,roster3-6,read> 1.341817338113411E-4
<2100,fac2-3,gradebook2-7,addScore> 3.1694699915546537E-4
<2101,chair1,transcript1-8,read> 0.0017479486466480247
<2102,registrar4-1,transcript0-18,read> 3.865899511308691E-4
<2103,registrar2-1,roster3-7,read> 1.3498182365270065E-4
<2104,registrar2-0,roster3-8,read> 1.3517977640539473E-4
<2105,registrar2-0,roster3-7,read> 1.343832346342851E-4
<2106,registrar2-0,roster3-9,read> 1.3597631817650435E-4
<2107,admissions2-0,stu1-2application1-2,read> 1.5327521355756548E-4
<2108,admissions0-0,stu0-0application0-0,read> 1.403172401255103E-4
<2109,registrar2-1,roster1-4,read> 2.0939017889913877E-4
<2110,admissions0-1,stu0-15application0-15,setStatus> 1.5496709400359744E-4
<2111,admissions4-0,stu1-19application1-19,setStatus> 4.980599974736604E-5
<2112,stu2-14,gradebook2-7,addScore> 3.5329934314462264E-4
<2113,registrar2-0,roster3-1,read> 1.2801090046540817E-4
<2114,registrar2-0,roster3-2,read> 1.2641781692318893E-4
<2115,admissions0-0,stu5-12application5-12,read> 1.0026115502848477E-4
<2116,admissions0-1,stu4-14application4-14,setStatus> 2.0624840918385807E-4
<2117,registrar2-0,roster3-3,read> 1.3119706754984663E-4
<2118,registrar2-0,roster3-4,read> 1.2880744223651782E-4
<2119,admissions0-1,stu5-12application5-12,setStatus> 1.1354757020415617E-4
<2120,admissions0-0,stu1-19application1-19,read> 5.149722534514936E-5
<2121,admissions2-1,stu2-18application2-18,read> 1.431417643339631E-4
<2122,chair4,transcript4-14,read> 0.002086400073374895
<2123,admissions2-0,stu2-18application2-18,read> 1.4788352050237595E-4
<2124,admissions0-1,stu1-19application1-19,read> 5.132295385497965E-5
<2125,registrar4-1,transcript0-15,read> 3.962938693707863E-4
<2126,stu1-5,transcript1-5,read> 0.0015357318562422464
<2127,admissions4-0,stu4-16application4-16,read> 1.485748765408792E-4
<2128,registrar4-0,transcript5-5,read> 3.5198908782898885E-4
<2129,registrar4-0,transcript5-4,read> 3.53183452046138E-4
<2130,stu5-18,gradebook5-1,readMyScores> 3.158564928047765E-5
<2131,registrar4-0,transcript5-2,read> 3.507947236118398E-4
<2132,registrar4-0,transcript5-9,read> 3.567665446975854E-4
<2133,registrar4-0,transcript5-8,read> 3.579609089147345E-4
<2134,registrar4-1,roster1-9,write> 1.8398620422435994E-4
<2135,admissions2-1,stu2-9application2-9,read> 1.692358299217039E-4
<2136,stu5-18,gradebook5-8,readMyScores> 1.6048850497915553E-5
<2137,registrar4-1,transcript5-2,read> 3.5626520663112777E-4
<2138,stu5-1,stu5-1application5-1,checkStatus> 3.651503878263021E-4
<2139,stu2-0,stu2-0application2-0,checkStatus> 0.00120121194842242
<2140,admissions4-0,application0-3,read> 6.112218490368163E-5
<2141,admissions2-0,stu4-2application4-2,setStatus> 1.0455224351596396E-4
<2142,stu0-2,stu0-2application0-2,checkStatus> 1.0049780749371802E-4
<2143,admissions4-1,stu2-3application2-3,read> 6.36002943886031E-5
<2144,registrar2-0,transcript0-18,read> 3.3316485231815783E-4
<2145,registrar4-1,transcript5-4,read> 3.5869118619110703E-4
<2146,registrar4-1,transcript5-3,read> 3.550522168511381E-4
<2147,registrar4-1,transcript5-5,read> 3.5747819641111735E-4
<2148,registrar0-0,transcript3-6,read> 8.035465542778707E-5
<2149,admissions2-1,stu4-13application4-13,read> 1.697102674778447E-4
<2150,stu5-19,gradebook5-3,readMyScores> 2.6569873147149004E-5
<2151,registrar4-1,transcript5-7,read> 3.5990417597109666E-4
<2152,stu5-19,gradebook5-8,readMyScores> 1.6581592423157564E-5
<2153,stu5-1,gradebook5-5,readMyScores> 3.8419404637677985E-5
<2154,stu5-1,gradebook5-2,readMyScores> 4.881948891014192E-5
<2155,admissions2-0,stu3-4application3-4,setStatus> 5.497985902093644E-5
<2156,admissions0-1,stu0-12application0-12,read> 5.826565498707647E-5
<2157,admissions2-0,stu5-0application5-0,read> 1.1945459348410397E-4
<2158,stu3-14,gradebook3-3,readMyScores> 3.148788915327988E-5
<2159,admissions0-0,stu0-5application0-5,read> 1.8733960089158374E-4
<2160,admissions0-1,stu4-12application4-12,setStatus> 2.1413784228851355E-4
<2161,stu5-0,gradebook5-4,readMyScores> 6.1229231228888E-5
<2162,admissions2-1,stu1-8application1-8,read> 1.2131763675148896E-4
<2163,stu0-5,transcript0-5,read> 5.539213112586388E-4
<2164,registrar2-1,roster2-6,read> 1.4618308143173435E-4
<2165,stu5-0,gradebook5-5,readMyScores> 3.885516348044938E-5
<2166,registrar2-0,transcript0-2,read> 1.8263305344097734E-4
<2167,admissions2-1,stu2-6application2-6,setStatus> 1.5080015693053045E-4
<2168,stu3-15,gradebook3-7,readMyScores> 3.5539871479365045E-5
<2169,admissions4-1,stu4-6application4-6,read> 5.8620173457684744E-5
<2170,stu5-11,stu5-11application5-11,checkStatus> 0.0012794047562479562
<2171,stu3-15,gradebook3-4,readMyScores> 3.092140395579949E-5
<2172,stu3-15,gradebook3-2,readMyScores> 2.5154654052999633E-5
<2173,stu3-15,gradebook3-9,readMyScores> 3.883683221998265E-5
<2174,admissions0-1,stu3-16application3-16,read> 4.033034372915967E-5
<2175,admissions4-1,stu2-5application2-5,setStatus> 1.5320002693265398E-4
<2176,admissions4-0,stu1-13application1-13,setStatus> 1.3514760946009091E-4
<2177,admissions0-1,stu1-14application1-14,setStatus> 2.233421809106116E-4
<2178,registrar2-0,transcript0-4,read> 1.1154859286008658E-4
<2179,registrar0-1,transcript5-5,read> 2.9572572486217196E-4
<2180,admissions4-0,stu4-10application4-10,setStatus> 3.296226098827559E-5
<2181,admissions4-1,stu3-6application3-6,setStatus> 2.1205600157077995E-4
<2182,admissions0-0,stu1-9application1-9,read> 1.7630966441559118E-4
<2183,admissions4-0,stu2-17application2-17,setStatus> 1.1998824457690951E-4
<2184,stu3-16,gradebook3-4,readMyScores> 3.1101703687320185E-5
<2185,registrar4-1,roster3-1,write> 1.080278261064631E-4
<2186,registrar4-1,roster3-2,write> 1.0668343003357999E-4
<2187,admissions4-1,stu2-19application2-19,read> 1.1539355207015391E-4
<2188,admissions0-0,stu3-16application3-16,read> 4.046728886915682E-5
<2189,stu1-3,gradebook1-2,readScore> 7.483471549416894E-5
<2190,registrar4-1,roster3-3,write> 1.1071661825222936E-4
<2191,registrar4-1,roster3-4,write> 1.0870002414290469E-4
<2192,registrar4-1,roster3-5,write> 1.120610143251125E-4
<2193,registrar4-1,roster3-6,write> 1.1273321236155406E-4
<2194,registrar4-1,roster3-8,write> 1.1407760843443719E-4
<2195,registrar4-1,roster3-9,write> 1.1474980647087875E-4
<2196,stu1-13,gradebook1-7,addScore> 1.7736031231624976E-4
<2197,admissions0-1,stu1-9application1-9,read> 1.7571301580504773E-4
<2198,admissions4-1,stu2-17application2-17,setStatus> 1.2094242544829647E-4
<2199,admissions4-1,stu1-15application1-15,read> 1.3880012044547015E-4
<2200,stu3-17,gradebook3-5,readMyScores> 2.916609079436582E-5
<2201,stu3-17,gradebook3-9,readMyScores> 4.0422009045288065E-5
<2202,admissions2-0,stu4-13application4-13,read> 1.753321396924317E-4
<2203,stu3-10,gradebook3-1,readMyScores> 6.233333081553321E-5
<2204,registrar2-0,transcript4-11,read> 3.572081257499297E-4
<2205,stu3-10,gradebook3-3,readMyScores> 2.9683425591487328E-5
<2206,admissions4-0,application1-0,read> 1.9619212601282783E-5
<2207,admissions4-0,stu0-17application0-17,setStatus> 2.0926006000008884E-4
<2208,admissions4-1,stu2-10application2-10,setStatus> 1.3735418760700468E-4
<2209,fac2-0,gradebook2-1,assignGrade> 7.712233345580757E-4
<2210,admissions4-1,stu0-18application0-18,read> 1.950754869648475E-4
<2211,admissions2-1,stu0-3application0-3,setStatus> 8.448672578813123E-5
<2212,stu2-15,gradebook2-7,addScore> 3.55571364643945E-4
<2213,stu1-11,gradebook1-7,addScore> 1.740605855754823E-4
<2214,admissions4-1,stu4-10application4-10,setStatus> 3.3224386324166456E-5
<2215,admissions2-0,stu4-10application4-10,setStatus> 3.270013565238474E-5
<2216,admissions0-0,stu2-10application2-10,setStatus> 1.60111094429467E-4
<2217,stu3-10,gradebook3-5,readMyScores> 2.687855426147438E-5
<2218,admissions0-1,stu1-0application1-0,setStatus> 2.4240831091352903E-4
<2219,admissions0-1,stu2-12application2-12,read> 6.115844712545015E-5
<2220,admissions2-0,stu1-3application1-3,setStatus> 1.5412462801099152E-4
<2221,admissions4-0,stu4-1application4-1,read> 1.7920802276407834E-4
<2222,admissions2-1,stu1-17application1-17,setStatus> 6.453878308675912E-5
<2223,registrar4-1,roster3-2,read> 1.4668971629617247E-4
<2224,admissions4-1,stu0-9application0-9,setStatus> 1.23772039613591E-4
<2225,stu1-7,stu1-7application1-7,checkStatus> 3.711652191974972E-4
<2226,admissions2-1,stu5-16application5-16,read> 1.2368982453219267E-4
<2227,fac0-1,gradebook0-3,changeScore> 3.3615871545647036E-4
<2228,admissions0-0,application1-1,setStatus> 2.7514370047020852E-5
<2229,admissions0-0,application1-2,setStatus> 2.8833740438885986E-5
<2230,admissions4-0,stu0-10application0-10,setStatus> 2.1880484529690679E-4
<2231,admissions0-0,application1-3,setStatus> 2.9493425634818556E-5
<2232,registrar4-0,roster4-3,read> 1.653691234719784E-4
<2233,admissions0-1,stu2-10application2-10,setStatus> 1.5956926331464648E-4
<2234,admissions4-1,stu4-12application4-12,setStatus> 1.8432578275089364E-4
<2235,admissions2-1,stu4-10application4-10,setStatus> 3.16516343088213E-5
<2236,stu3-11,gradebook3-8,readMyScores> 6.411322865325125E-5
<2237,registrar4-0,roster4-1,read> 1.6354896343376355E-4
<2238,admissions2-0,stu0-17application0-17,read> 1.8268444840405373E-4
<2239,stu5-10,transcript5-10,read> 1.5723018197233275E-4
<2240,registrar0-0,transcript0-1,read> 1.7310064559221666E-4
<2241,admissions2-1,stu3-9application3-9,setStatus> 8.826066089379623E-5
<2242,admissions4-0,stu5-13application5-13,setStatus> 2.098215179587252E-4
<2243,registrar4-0,roster4-7,read> 1.2987600272678883E-4
<2244,stu3-11,gradebook3-9,readMyScores> 3.679874773030425E-5
<2245,registrar4-0,roster4-5,read> 1.2532560263125173E-4
<2246,registrar4-1,transcript2-1,read> 2.3496622863216238E-4
<2247,registrar0-0,roster5-2,write> 9.927849990469268E-5
<2248,admissions2-0,stu3-9application3-9,read> 8.0242280355453E-5
<2249,registrar4-0,roster4-4,read> 1.271457626694666E-4
<2250,admissions0-0,stu2-12application2-12,read> 6.136611587630056E-5
<2251,stu3-12,gradebook3-5,readMyScores> 2.6224972394933967E-5
<2252,admissions4-0,stu4-6application4-6,read> 5.81576868820817E-5
<2253,admissions4-0,stu4-13application4-13,setStatus> 2.0083819062054366E-4
<2254,admissions4-0,stu1-16application1-16,setStatus> 1.244799082460003E-4
<2255,stu0-3,transcript0-3,read> 5.340867547943236E-4
<2256,admissions2-0,stu2-6application2-6,setStatus> 1.557956072636329E-4
<2257,stu2-9,gradebook2-3,readMyScores> 1.9170045192580597E-4
<2258,registrar2-1,roster0-7,read> 2.0698990937506012E-4
<2259,admissions4-1,stu3-17application3-17,read> 1.4129018091092936E-4
<2260,stu4-10,transcript4-10,read> 0.0016795323906085324
<2261,stu4-18,gradebook4-4,addScore> 1.6486996460356418E-4
<2262,admissions0-0,application1-0,setStatus> 2.619499965515572E-5
<2263,admissions0-1,application1-4,setStatus> 1.8874372948290376E-5
<2264,admissions2-0,stu5-16application5-16,read> 1.277872100239423E-4
<2265,fac4-1,gradebook4-2,assignGrade> 4.591626394463445E-4
<2266,admissions0-1,application1-3,setStatus> 2.9393617087831017E-5
<2267,registrar4-1,roster4-2,read> 1.6702370689852981E-4
<2268,registrar4-1,roster4-1,read> 1.6609943459842264E-4
<2269,stu3-12,gradebook3-7,readMyScores> 3.326034619497428E-5
<2270,stu0-8,transcript0-8,read> 5.588799503747177E-4
<2271,registrar4-1,roster4-4,read> 1.2912854259413661E-4
<2272,admissions2-0,application5-4,setStatus> 2.137228880218673E-4
<2273,admissions4-1,stu1-1application1-1,read> 1.9557349905793933E-4
<2274,stu3-12,gradebook3-6,readMyScores> 3.7259064121400596E-5
<2275,admissions2-1,application3-1,read> 1.1609882363394079E-4
<2276,registrar4-1,roster4-3,read> 1.6794797919863694E-4
<2277,registrar4-1,roster4-6,read> 1.3467417639477953E-4
<2278,registrar4-1,roster4-8,read> 1.2173436419327941E-4
<2279,registrar4-1,roster4-7,read> 1.3190135949445807E-4
<2280,registrar4-0,roster4-8,read> 1.1986512251660716E-4
<2281,registrar4-0,roster4-9,read> 1.1713488245928488E-4
<2282,stu3-13,gradebook3-2,readMyScores> 2.544800278831158E-5
<2283,stu3-13,gradebook3-6,readMyScores> 4.027693224338321E-5
<2284,stu4-6,stu4-6application4-6,checkStatus> 7.079957759844224E-4
<2285,admissions4-0,stu2-10application2-10,setStatus> 1.3627052537736362E-4
<2286,admissions2-0,stu0-3application0-3,setStatus> 8.72854579053364E-5
<2287,admissions4-1,stu4-13application4-13,setStatus> 2.0243531340877863E-4
<2288,admissions0-1,application1-1,setStatus> 2.7421258811667146E-5
<2289,registrar2-1,transcript3-10,read> 3.7349947873072803E-4
<2290,admissions0-1,application1-0,setStatus> 2.610635329422456E-5
<2291,stu4-19,gradebook4-8,addScore> 3.5535195735000174E-4
<2292,admissions4-1,stu3-19application3-19,read> 1.5075241067967422E-4
<2293,admissions4-1,stu0-1application0-1,setStatus> 1.737854699851716E-5
<2294,stu4-16,gradebook4-9,addScore> 2.1688057205955638E-4
<2295,admissions0-1,stu3-8application3-8,read> 1.8323427536481933E-4
<2296,registrar0-1,transcript2-0,read> 2.3451514078211828E-4
<2297,registrar2-0,transcript4-16,read> 3.8229675889612646E-4
<2298,registrar2-0,transcript1-9,read> 3.1957517603063457E-4
<2299,registrar4-0,transcript2-16,read> 4.069298418178485E-4
<2300,stu4-18,stu4-18application4-18,checkStatus> 1.1854230160730328E-4
<2301,admissions0-0,application2-3,setStatus> 7.501170415416575E-5
<2302,registrar2-0,transcript4-15,read> 3.78115320038427E-4
<2303,registrar2-0,transcript4-14,read> 3.802060394672766E-4
<2304,fac0-1,gradebook0-2,changeScore> 3.186833165302134E-4
<2305,stu0-19,stu0-19application0-19,checkStatus> 0.0011891822856800298
<2306,admissions2-0,stu4-0application4-0,read> 5.818535422058681E-5
<2307,admissions0-0,stu0-13application0-13,read> 1.9140326169852834E-4
<2308,admissions2-1,stu5-16application5-16,setStatus> 1.405566187865826E-4
<2309,admissions2-0,stu4-19application4-19,setStatus> 7.057566537892265E-5
<2310,admissions4-1,stu4-19application4-19,setStatus> 7.17071389721719E-5
<2311,admissions2-1,stu1-10application1-10,read> 1.0281457206199999E-4
<2312,admissions2-1,stu5-18application5-18,read> 1.0803338517954817E-4
<2313,admissions0-1,stu1-8application1-8,setStatus> 1.6811614917802323E-4
<2314,registrar2-1,transcript4-13,read> 3.77699543151268E-4
<2315,registrar2-1,transcript4-11,read> 3.587992532588381E-4
<2316,registrar4-1,transcript2-11,read> 4.035718080507242E-4
<2317,registrar2-1,transcript4-10,read> 3.556492049434331E-4
<2318,stu5-9,gradebook5-7,readMyScores> 7.164898370588447E-5
<2319,stu5-9,gradebook5-8,readMyScores> 3.7624898470216965E-5
<2320,admissions2-1,stu5-3application5-3,read> 1.3792295121641492E-4
<2321,stu2-4,stu2-4application2-4,checkStatus> 3.8319488193988744E-4
<2322,admissions2-0,stu2-8application2-8,setStatus> 2.1929281886400525E-4
<2323,registrar2-1,transcript4-19,read> 3.85049655887213E-4
<2324,registrar4-1,transcript2-19,read> 4.2176665475056893E-4
<2325,registrar4-1,transcript2-15,read> 4.096367569506725E-4
<2326,registrar2-1,transcript4-18,read> 3.86099671992348E-4
<2327,registrar2-1,transcript4-17,read> 3.8294962367694304E-4
<2328,admissions2-1,stu4-19application4-19,setStatus> 6.831271819242413E-5
<2329,admissions4-0,stu3-5application3-5,setStatus> 1.222340764114549E-4
<2330,admissions2-0,stu5-16application5-16,setStatus> 1.4521273866357083E-4
<2331,stu5-8,gradebook5-9,readMyScores> 6.540988496228794E-5
<2332,admissions2-1,stu0-2application0-2,setStatus> 9.008023674831327E-6
<2333,admissions0-1,stu4-9application4-9,setStatus> 1.5759690503848258E-4
<2334,admissions2-0,stu1-10application1-10,read> 1.0622043780318427E-4
<2335,registrar4-0,roster3-5,write> 1.1034030777117602E-4
<2336,fac4-4,gradebook4-9,changeScore> 0.001145852199039709
<2337,stu5-8,gradebook5-1,readMyScores> 7.457358689042233E-5
<2338,stu5-8,gradebook5-8,readMyScores> 3.7891269432837966E-5
<2339,registrar0-0,transcript3-7,read> 7.934654683904328E-5
<2340,stu4-14,gradebook4-4,addScore> 1.624000025870314E-4
<2341,admissions4-1,stu1-3application1-3,read> 1.378040962592865E-4
<2342,admissions2-1,stu0-5application0-5,setStatus> 1.73982901151044E-4
<2343,admissions0-1,stu5-13application5-13,read> 2.1621210574227921E-4
<2344,registrar0-1,transcript1-2,read> 3.1178096003071064E-4
<2345,registrar0-1,transcript1-1,read> 2.646187067231283E-4
<2346,registrar0-1,transcript1-3,read> 3.127844122287444E-4
<2347,admissions0-0,stu1-13application1-13,read> 1.3973671715308966E-4
<2348,registrar0-1,transcript1-4,read> 3.097740556346433E-4
<2349,stu1-15,gradebook1-2,readScore> 3.421461940130062E-5
<2350,stu5-7,gradebook5-4,readMyScores> 6.191591419594095E-5
<2351,stu5-7,gradebook5-2,readMyScores> 4.992692533154401E-5
<2352,stu1-13,gradebook1-7,readScore> 6.534327295861833E-5
<2353,admissions2-1,stu4-0application4-0,read> 5.6319691560207274E-5
<2354,registrar0-1,roster5-6,read> 1.1599757810792142E-4
<2355,registrar0-0,transcript1-7,read> 3.1020341366137354E-4
<2356,stu5-6,gradebook5-7,readMyScores> 6.936636121613948E-5
<2357,admissions2-0,stu5-3application5-3,read> 1.4249182744718644E-4
<2358,stu5-6,gradebook5-6,readMyScores> 8.064461256190088E-5
<2359,registrar0-0,transcript4-3,read> 2.073763376095059E-4
<2360,registrar2-0,transcript4-10,read> 3.5407204660665504E-4
<2361,stu5-6,gradebook5-2,readMyScores> 5.0480643542245045E-5
<2362,registrar2-0,transcript4-13,read> 3.760246006095772E-4
<2363,registrar4-0,transcript2-13,read> 3.9976365651495376E-4
<2364,registrar4-0,roster1-9,write> 1.8116108016717205E-4
<2365,registrar4-0,transcript4-19,read> 4.3798331146372566E-4
<2366,admissions4-1,stu1-16application1-16,read> 1.1041343113923557E-4
<2367,admissions4-0,stu3-16application3-16,setStatus> 3.913829853327542E-5
<2368,stu3-18,gradebook3-5,readMyScores> 2.9329486261000923E-5
<2369,registrar2-1,transcript0-8,read> 1.1834556518292368E-4
<2370,stu3-18,gradebook3-2,readMyScores> 2.6328048994247433E-5
<2371,registrar2-1,transcript0-9,read> 1.2254562960346366E-4
<2372,registrar2-1,roster0-9,read> 2.2219161636089155E-4
<2373,stu3-18,gradebook3-3,readMyScores> 3.2390120934176146E-5
<2374,registrar2-1,transcript0-6,read> 1.1519551686751869E-4
<2375,admissions2-1,application3-4,read> 1.1752213630236301E-4
<2376,registrar2-1,transcript0-7,read> 1.2044559739319367E-4
<2377,admissions4-1,stu3-12application3-12,setStatus> 7.963005863499655E-5
<2378,stu1-12,gradebook1-9,readScore> 5.954621149589807E-5
<2379,registrar2-1,transcript0-0,read> 1.876466281218335E-4
<2380,stu5-5,gradebook5-1,readMyScores> 7.247661432408359E-5
<2381,registrar2-1,transcript0-5,read> 1.1729554907778868E-4
<2382,registrar4-0,roster3-9,write> 1.1298781328130673E-4
<2383,registrar2-0,transcript1-1,read> 2.756700680247903E-4
<2384,registrar2-1,transcript0-4,read> 1.1204546855211371E-4
<2385,registrar2-1,transcript0-3,read> 1.130954846572487E-4
<2386,admissions4-0,stu5-15application5-15,read> 3.9876615748882216E-5
<2387,registrar2-1,transcript0-2,read> 1.834465637012935E-4
<2388,registrar4-0,roster3-4,write> 1.0703092588351269E-4
<2389,registrar4-0,roster3-7,write> 1.1166406052624136E-4
<2390,stu5-5,gradebook5-8,readMyScores> 3.682578558235395E-5
<2391,registrar4-0,roster3-6,write> 1.110021841487087E-4
<2392,registrar4-0,roster3-1,write> 1.0636904950597999E-4
<2393,stu5-6,gradebook5-5,addScore> 2.031252501917315E-4
<2394,registrar4-0,roster3-2,write> 1.0504529675091465E-4
<2395,admissions4-1,stu3-16application3-16,setStatus> 3.9449537487814396E-5
<2396,stu3-19,gradebook3-7,readMyScores> 3.65760193359063E-5
<2397,admissions4-0,stu1-3application1-3,read> 1.3671688445447951E-4
<2398,registrar2-0,transcript0-5,read> 1.167753914322109E-4
<2399,registrar2-0,transcript4-1,read> 2.2026600316027244E-4
<2400,admissions0-1,stu4-5application4-5,setStatus> 1.0171342054717293E-4
<2401,admissions2-1,stu3-0application3-0,read> 7.10272558005703E-5
<2402,registrar2-0,transcript0-6,read> 1.1468467200336116E-4
<2403,stu3-19,gradebook3-4,readMyScores> 3.182290261340297E-5
<2404,stu5-4,gradebook5-4,readMyScores> 6.397596309709979E-5
<2405,registrar2-0,transcript0-1,read> 1.794969742977027E-4
<2406,registrar2-1,roster5-6,read> 1.2138029634958832E-4
<2407,admissions4-1,application4-0,setStatus> 1.5263410409959506E-4
<2408,admissions4-1,stu1-11application1-11,read> 1.5672855579677625E-4
<2409,stu5-4,gradebook5-2,readMyScores> 5.158807996364714E-5
<2410,stu1-19,gradebook1-9,addScore> 1.5100216342454098E-4
<2411,admissions4-0,stu1-17application1-17,read> 5.9145852889281685E-5
<2412,stu5-4,gradebook5-9,readMyScores> 6.426032635135144E-5
<2413,registrar0-1,roster4-5,write> 7.657676375554774E-5
<2414,stu1-8,gradebook1-5,readMyScores> 1.8879326337128247E-4
<2415,admissions0-1,stu1-18application1-18,read> 1.2942834159106892E-4
<2416,registrar2-0,roster2-1,read> 1.1526623212765431E-4
<2417,admissions0-0,application1-3,read> 2.5954214558640327E-5
<2418,admissions2-0,stu4-8application4-8,read> 8.122258818366927E-5
<2419,admissions0-0,application1-1,read> 2.4212645641378348E-5
<2420,admissions0-0,application1-2,read> 2.5373691586219667E-5
<2421,admissions0-1,stu2-0application2-0,setStatus> 1.3129879468963098E-4
<2422,admissions2-1,stu5-1application5-1,read> 2.8802313304044224E-5
<2423,stu1-10,gradebook1-5,readScore> 9.229893339526743E-5
<2424,registrar4-1,transcript5-15,read> 2.9970955813911017E-5
<2425,admissions0-0,application1-0,read> 2.305159969653703E-5
<2426,admissions4-0,stu5-4application5-4,setStatus> 7.001848625827455E-5
<2427,stu3-3,gradebook3-9,readMyScores> 6.080285394207197E-5
<2428,admissions0-1,stu2-11application2-11,read> 7.909375838336695E-5
<2429,admissions4-1,stu4-11application4-11,setStatus> 2.0073754490960188E-4
<2430,stu5-3,gradebook5-1,readMyScores> 6.749630447902902E-5
<2431,stu4-10,gradebook4-6,addScore> 3.413646700489252E-4
<2432,admissions4-1,stu3-12application3-12,read> 7.007445159879695E-5
<2433,stu5-3,gradebook5-5,readMyScores> 3.740263400454473E-5
<2434,admissions2-1,stu5-11application5-11,read> 1.0091682183743703E-4
<2435,stu5-3,gradebook5-6,readMyScores> 7.59268290116617E-5
<2436,admissions0-0,stu5-9application5-9,read> 3.001787536558495E-5
<2437,admissions0-1,application1-4,read> 1.660944819449553E-5
<2438,admissions0-1,application1-0,read> 2.2973590898917614E-5
<2439,admissions0-1,application1-1,read> 2.4130707754267086E-5
<2440,admissions0-1,application1-2,read> 2.528782460961656E-5
<2441,admissions0-1,application1-3,read> 2.5866383037291293E-5
<2442,admissions0-0,stu2-11application2-11,read> 7.936232802134102E-5
<2443,admissions2-1,stu0-16application0-16,read> 1.1325219829709635E-4
<2444,stu5-2,gradebook5-2,readMyScores> 4.826577069944087E-5
<2445,stu4-11,gradebook4-9,addScore> 2.135310651551617E-4
<2446,admissions4-1,stu5-15application5-15,read> 4.019372601328685E-5
<2447,admissions0-0,stu0-12application0-12,read> 5.8463501014197265E-5
<2448,admissions4-0,stu3-12application3-12,read> 6.952159596488138E-5
<2449,stu0-6,transcript0-6,read> 5.440040330264812E-4
<2450,admissions2-1,stu4-9application4-9,read> 1.1372663585323708E-4
<2451,stu5-2,gradebook5-5,readMyScores> 3.798364579490659E-5
<2452,admissions4-0,stu5-15application5-15,setStatus> 4.531433607827525E-5
<2453,admissions4-0,stu3-19application3-19,read> 1.4956304254807915E-4
<2454,admissions2-1,stu4-18application4-18,setStatus> 1.062542443440204E-5
<2455,admissions2-1,stu3-3application3-3,read> 1.7635239326381502E-4
<2456,registrar4-1,transcript1-2,read> 3.7688603289095184E-4
<2457,admissions2-0,application2-4,read> 5.67148924782624E-5
<2458,admissions2-1,stu4-5application4-5,read> 7.339944358127399E-5
<2459,registrar4-1,transcript1-8,read> 3.6960809421101394E-4
<2460,admissions2-0,application2-0,read> 5.034289159485661E-5
<2461,admissions4-1,stu5-4application5-4,read> 6.21062581093276E-5
<2462,admissions4-1,stu5-4application5-4,setStatus> 7.05752933060541E-5
<2463,registrar4-0,transcript4-17,read> 4.355945830294274E-4
<2464,admissions2-0,application2-2,read> 5.132319942307289E-5
<2465,admissions2-1,application2-0,read> 4.87286906619554E-5
<2466,registrar4-0,transcript1-2,read> 3.7109891530337486E-4
<2467,stu2-9,gradebook2-2,readMyScores> 1.8262034273398262E-4
<2468,registrar4-0,transcript1-3,read> 3.7229327952052407E-4
<2469,admissions4-1,stu5-5application5-5,setStatus> 9.943735779205814E-5
<2470,admissions2-1,application2-4,read> 5.489637889178505E-5
<2471,admissions2-1,application2-3,read> 5.394750377950357E-5
<2472,registrar4-0,transcript1-7,read> 3.675158226519275E-4
<2473,admissions2-1,application2-2,read> 4.967756577423689E-5
<2474,registrar4-0,transcript1-6,read> 3.663214584347784E-4
<2475,admissions4-0,stu3-17application3-17,read> 1.401754654796794E-4
<2476,admissions2-1,stu1-12application1-12,setStatus> 1.2761741271001689E-4
<2477,admissions0-1,stu3-14application3-14,setStatus> 1.5299473572743359E-4
<2478,admissions2-1,application5-1,setStatus> 2.0309611482331678E-4
<2479,admissions4-1,stu3-9application3-9,read> 8.152872973990915E-5
<2480,stu3-8,gradebook3-9,readMyScores> 6.01234924455125E-5
<2481,stu3-8,gradebook3-7,readMyScores> 5.5019451182340644E-5
<2482,admissions4-0,stu5-5application5-5,setStatus> 9.865284214872829E-5
<2483,stu3-8,gradebook3-4,readMyScores> 4.786957871874498E-5
<2484,admissions0-0,stu0-19application0-19,setStatus> 1.3042526061250143E-4
<2485,admissions4-0,stu0-11application0-11,setStatus> 1.8848611553054392E-4
<2486,admissions0-0,stu3-14application3-14,setStatus> 1.5351424247014134E-4
<2487,admissions4-1,stu0-13application0-13,setStatus> 1.8658947408312925E-4
<2488,admissions4-0,stu3-9application3-9,read> 8.088550504768105E-5
<2489,admissions4-0,application4-3,setStatus> 1.609746755573629E-4
<2490,admissions2-0,stu3-3application3-3,read> 1.8219429448994556E-4
<2491,stu3-9,gradebook3-2,readMyScores> 3.850202150969332E-5
<2492,admissions2-0,stu4-18application4-18,setStatus> 1.0977405368046827E-5
<2493,stu3-9,gradebook3-3,readMyScores> 4.7367168497054256E-5
<2494,admissions4-1,stu2-13application2-13,read> 1.0095120137049072E-4
<2495,admissions4-0,stu5-4application5-4,read> 6.16162679072816E-5
<2496,admissions4-1,application4-0,read> 1.3431801160764364E-4
<2497,registrar0-0,transcript2-9,read> 2.0031957748829928E-4
<2498,stu3-6,gradebook3-4,readMyScores> 4.6607480598100104E-5
<2499,stu3-6,gradebook3-3,readMyScores> 4.6645383072337236E-5
<2500,registrar0-0,transcript2-6,read> 1.902384916008613E-4
<2501,registrar4-1,transcript5-12,read> 3.603590471385928E-5
<2502,registrar4-1,transcript5-13,read> 3.239693537389032E-5
<2503,registrar0-0,transcript2-8,read> 1.9225470877834888E-4
<2504,registrar0-0,transcript2-7,read> 1.9326281736709266E-4
<2505,registrar4-1,transcript5-11,read> 3.3609925153879974E-5
<2506,stu3-6,gradebook3-7,readMyScores> 5.3568844183182884E-5
<2507,registrar4-1,transcript5-16,read> 2.7544976253931705E-5
<2508,registrar0-0,transcript2-1,read> 1.9527903454458028E-4
<2509,registrar4-1,transcript5-17,read> 2.6331986473942056E-5
<2510,registrar0-0,transcript2-4,read> 1.962871431333241E-4
<2511,fac2-1,gradebook2-3,assignGrade> 8.065902133374052E-4
<2512,registrar4-1,transcript5-14,read> 3.118394559390067E-5
<2513,registrar0-0,transcript2-3,read> 1.972952517220679E-4
<2514,admissions4-0,stu2-6application2-6,setStatus> 1.570444698469085E-4
<2515,stu2-10,gradebook2-3,readMyScores> 1.457251829414585E-4
<2516,registrar2-0,roster5-5,read> 1.2243510806764086E-4
<2517,registrar4-0,transcript5-19,read> 2.2344563895831472E-5
<2518,registrar4-0,transcript5-18,read> 2.4733292330129716E-5
<2519,admissions4-0,stu3-5application3-5,read> 1.075659872420803E-4
<2520,registrar4-0,transcript5-17,read> 2.5927656547278835E-5
<2521,admissions0-1,stu4-16application4-16,setStatus> 1.9770152332048132E-4
<2522,admissions2-1,stu3-15application3-15,setStatus> 1.5187842410357757E-4
<2523,admissions4-1,application4-4,read> 1.42286205097113E-4
<2524,registrar4-1,transcript4-14,read> 4.411744912304034E-4
<2525,admissions4-1,stu4-9application4-9,read> 1.193776488148886E-4
<2526,stu3-7,gradebook3-3,readMyScores> 4.592359764762022E-5
<2527,admissions4-1,stu1-11application1-11,setStatus> 1.7810063158724574E-4
<2528,stu3-4,stu3-4application3-4,checkStatus> 5.937139799317157E-4
<2529,stu3-7,gradebook3-6,readMyScores> 5.9080572080351736E-5
<2530,admissions0-0,stu3-17application3-17,read> 1.64699204967178E-4
<2531,registrar0-1,transcript2-9,read> 1.9939431385093993E-4
<2532,registrar0-0,transcript4-15,read> 3.646412774535388E-4
<2533,registrar4-0,transcript5-10,read> 3.787129871877005E-5
<2534,stu3-7,gradebook3-8,readMyScores> 1.0041117964463044E-4
<2535,registrar0-1,transcript2-7,read> 1.9237014846470424E-4
<2536,registrar4-0,transcript5-11,read> 3.3093841850173566E-5
<2537,admissions2-0,stu5-10application5-10,read> 1.758222936065398E-4
<2538,registrar2-1,roster5-7,read> 1.2778101508046472E-4
<2539,registrar0-1,transcript2-6,read> 1.8935979187060327E-4
<2540,registrar0-1,transcript2-5,read> 1.9036324406863692E-4
<2541,registrar4-0,transcript5-13,read> 3.189947763302444E-5
<2542,admissions0-1,stu3-11application3-11,setStatus> 1.6219907434953165E-4
<2543,registrar4-0,transcript5-14,read> 3.070511341587532E-5
<2544,registrar4-0,transcript5-15,read> 2.95107491987262E-5
<2545,registrar4-0,transcript5-16,read> 2.7122020764427957E-5
<2546,admissions4-1,stu3-19application3-19,setStatus> 1.713095575905389E-4
<2547,admissions4-1,stu5-13application5-13,setStatus> 2.1149007873772106E-4
<2548,admissions4-1,stu5-9application5-9,setStatus> 2.9262926492754134E-5
<2549,registrar0-1,transcript2-1,read> 1.9437705286077156E-4
<2550,admissions2-1,stu1-4application1-4,read> 1.8441783171820766E-4
<2551,stu2-10,gradebook2-9,readMyScores> 1.255413537043808E-4
<2552,admissions4-0,application4-0,read> 1.332583034292796E-4
<2553,registrar4-1,transcript4-15,read> 4.387485116704242E-4
<2554,admissions4-1,stu3-3application3-3,read> 1.851152451030108E-4
<2555,admissions0-1,stu3-13application3-13,setStatus> 1.5628199952104002E-4
<2556,admissions4-0,application4-1,read> 1.396813824760794E-4
<2557,registrar4-0,transcript2-2,read> 2.3016393767977855E-4
<2558,registrar4-0,transcript2-1,read> 2.3135830189692763E-4
<2559,registrar4-0,transcript2-4,read> 2.325526661140768E-4
<2560,stu3-4,gradebook3-2,readMyScores> 4.070213702453294E-5
<2561,registrar2-0,roster0-6,write> 1.5044984422200755E-4
<2562,registrar2-0,roster0-5,write> 1.4871193490322292E-4
<2563,registrar2-0,roster0-4,write> 1.4929123800948445E-4
<2564,registrar4-0,transcript2-0,read> 2.791328705828925E-4
<2565,registrar2-0,roster0-1,write> 1.4523611626565368E-4
<2566,registrar0-1,transcript3-14,read> 3.519190479520574E-4
<2567,admissions2-1,stu4-16application4-16,setStatus> 1.621219622475254E-4
<2568,admissions2-0,application4-0,read> 1.3219859525091554E-4
<2569,chair5,transcript5-5,read> 0.0016905839980502501
<2570,stu3-4,gradebook3-6,readMyScores> 6.441987721924404E-5
<2571,fac3-3,gradebook3-6,assignGrade> 1.720667999435518E-4
<2572,registrar4-1,roster0-3,read> 2.335713125062447E-4
<2573,registrar0-1,transcript0-11,read> 3.248258386051483E-4
<2574,stu3-4,gradebook3-5,readMyScores> 4.5342241991240984E-5
<2575,registrar4-0,transcript2-9,read> 2.3733012298267326E-4
<2576,registrar4-0,transcript2-5,read> 2.2658084502833118E-4
<2577,registrar2-0,roster1-3,write> 1.5218775354079218E-4
<2578,registrar0-0,transcript0-11,read> 3.2633315108127433E-4
<2579,registrar4-0,transcript2-7,read> 2.2896957346262942E-4
<2580,registrar4-0,transcript2-8,read> 2.277752092454803E-4
<2581,registrar4-1,roster1-3,write> 1.7659202582350273E-4
<2582,stu2-15,gradebook2-7,readScore> 1.3099997644776918E-4
<2583,registrar4-1,transcript2-5,read> 2.301142695122038E-4
<2584,registrar4-1,transcript2-4,read> 2.361792184121521E-4
<2585,stu3-5,gradebook3-2,readMyScores> 4.0262113921565014E-5
<2586,stu3-5,gradebook3-5,readMyScores> 4.4852055591335677E-5
<2587,registrar4-1,transcript2-2,read> 2.3375323885217275E-4
<2588,stu3-5,gradebook3-4,readMyScores> 4.949227630243126E-5
<2589,stu3-5,gradebook3-8,readMyScores> 1.0830203855579984E-4
<2590,stu2-16,gradebook2-5,readScore> 8.285483668655195E-5
<2591,registrar4-1,transcript2-9,read> 2.4103117753211068E-4
<2592,registrar4-1,transcript2-6,read> 2.2890127973221417E-4
<2593,registrar4-1,transcript2-7,read> 2.325402490721831E-4
<2594,admissions2-0,stu4-5application4-5,read> 7.583089512847976E-5
<2595,registrar2-1,transcript5-14,read> 2.699416403617889E-5
<2596,stu2-13,gradebook2-1,readScore> 2.8297441080502993E-4
<2597,admissions2-0,application2-0,setStatus> 5.7207831357791605E-5
<2598,admissions0-1,stu3-2application3-2,read> 5.7687096559401735E-5
<2599,admissions2-1,stu2-16application2-16,read> 9.712132138831111E-5

