<0,stu2-8,stu2-8application2-8,checkStatus> 0.0023680892344342683
<1,admissions4-0,stu3-8application3-8,setStatus> 1.7781841431645338E-4
<2,stu0-2,transcript0-2,read> 8.663155755716048E-4
<3,chair2,transcript2-12,read> 0.0019143061275815713
<4,chair5,transcript5-1,read> 0.0016561652088915855
<5,registrar2-0,transcript4-10,read> 3.5407204660665504E-4
<6,fac4-3,roster4-7,read> 0.0015032132171304351
<7,fac4-2,roster4-4,read> 0.0014716128224929487
<8,stu0-8,gradebook0-2,readMyScores> 2.2521056915337294E-5
<9,registrar0-0,transcript2-10,read> 3.3439801979122467E-4
<10,stu4-4,stu4-4application4-4,checkStatus> 0.001652324301262052
<11,stu5-10,gradebook5-1,readMyScores> 3.0134108097827113E-5
<12,chair4,transcript4-18,read> 0.0021093459328140047
<13,admissions0-1,stu2-9application2-9,read> 2.063766124718087E-4
<14,admissions0-0,stu1-0application1-0,read> 2.1404365762293405E-4
<15,fac0-1,roster0-2,read> 0.0026829612835965987
<16,registrar4-0,transcript4-13,read> 4.296227619436817E-4
<17,registrar2-1,transcript4-2,read> 2.222971595912884E-4
<18,stu3-15,transcript3-15,read> 0.0017340774208853993
<19,stu1-4,transcript1-4,read> 0.0015307732171261673
<20,fac0-2,roster0-5,read> 0.002704028213354923
<21,registrar4-1,transcript5-5,read> 3.5747819641111735E-4
<22,stu3-5,stu3-5application3-5,checkStatus> 0.0013094789131039316
<23,admissions2-1,stu5-4application5-4,setStatus> 6.723445101937698E-5
<24,fac5-4,gradebook5-8,changeScore> 3.8275977925982224E-4
<25,registrar4-0,transcript0-2,read> 2.0866538177109436E-4
<26,registrar0-1,transcript0-18,read> 3.1980857761498E-4
<27,admissions2-0,application5-3,setStatus> 2.1205190876922593E-4
<28,admissions2-0,stu4-0application4-0,setStatus> 6.611972070521229E-5
<29,stu1-4,stu1-4application1-4,checkStatus> 0.002338015077578293
<30,registrar0-1,roster1-5,write> 1.4831100296498065E-4
<31,admissions0-1,application2-2,setStatus> 6.884078261110843E-5
<32,chair0,transcript0-1,read> 9.849988202976219E-4
<33,registrar0-0,roster3-8,read> 1.3036267969607112E-4
<34,admissions0-1,stu2-7application2-7,read> 1.0686456291175424E-4
<35,registrar2-1,roster5-2,write> 1.0340555070904479E-4
<36,stu5-13,stu5-13application5-13,checkStatus> 0.0022477926070103666
<37,chair5,transcript5-6,read> 0.0017077933926295827
<38,app3-3,application3-3,checkStatus> 0.00149593868561098
<39,registrar4-0,roster1-9,write> 1.8116108016717205E-4
<40,chair0,transcript0-11,read> 0.0018569414789837966
<41,admissions4-0,stu1-14application1-14,read> 1.6784411368127858E-4
<42,fac2-3,gradebook2-6,addScore> 0.0015639868339389841
<43,stu1-12,transcript1-12,read> 2.1177521224919986E-4
<44,fac4-3,gradebook4-6,readScore> 2.1678718857704628E-4
<45,stu4-3,gradebook4-5,addScore> 3.2297356555678906E-4
<46,stu1-12,stu1-12application1-12,checkStatus> 0.0014237607091566386
<47,registrar0-1,transcript2-9,read> 1.9939431385093993E-4
<48,chair4,transcript4-2,read> 0.0012144574146887206
<49,fac0-0,roster0-1,read> 0.0026408274240799496
<50,registrar2-0,transcript2-11,read> 3.477998883201059E-4
<51,chair0,transcript0-8,read> 6.465473935707518E-4
<52,app4-3,application4-3,checkStatus> 0.001724502277716393
<53,admissions2-0,stu4-1application4-1,read> 1.7778290926297237E-4
<54,chair4,transcript4-6,read> 0.0011972480201093883
<55,registrar4-0,roster2-3,read> 1.1895504249749974E-4
<56,chair4,transcript4-3,read> 0.001180038625530056
<57,admissions0-0,stu0-17application0-17,setStatus> 2.458701699007008E-4
<58,stu0-4,stu0-4application0-4,checkStatus> 0.0015260128424669551
<59,chair1,transcript1-3,read> 0.0017881039006664673
<60,admissions0-0,stu4-12application4-12,setStatus> 2.1486496569187013E-4
<61,fac4-0,gradebook4-1,readScore> 2.0391285833970887E-4
<62,fac0-4,gradebook0-9,addScore> 2.1427957813633872E-4
<63,admissions2-1,stu5-8application5-8,read> 1.8157120638136325E-4
<64,stu3-8,stu3-8application3-8,checkStatus> 0.001904947218852246
<65,registrar2-1,transcript4-9,read> 2.1389703075020843E-4
<66,stu1-10,stu1-10application1-10,checkStatus> 0.0013034640817327367
<67,stu0-3,transcript0-3,read> 5.340867547943236E-4
<68,fac2-3,roster2-6,read> 0.001924551812296922
<69,registrar4-1,transcript0-13,read> 3.987198489307656E-4
<70,stu2-13,transcript2-13,read> 0.001659697834144217
<71,stu5-15,gradebook5-3,addScore> 5.5113303922082426E-5
<72,registrar0-1,roster4-4,read> 1.0682226844159864E-4
<73,stu2-5,gradebook2-5,readMyScores> 4.0996876439370944E-4
<74,chair4,transcript4-15,read> 0.0020749271436553405
<75,stu4-1,gradebook4-5,readMyScores> 1.1977293648397014E-4
<76,registrar2-1,roster5-6,write> 8.827657916333697E-5
<77,admissions0-1,stu0-18application0-18,read> 2.2662615744042442E-4
<78,fac2-3,gradebook2-7,readScore> 1.279131897997113E-4
<79,chair5,transcript5-2,read> 0.0016848475331904728
<80,admissions0-0,stu4-1application4-1,setStatus> 2.3927331794137518E-4
<81,stu5-9,transcript5-9,read> 0.0014811868259653792
<82,fac3-1,roster3-3,read> 0.0017349494444720028
<83,registrar0-1,transcript4-13,read> 3.6095011773436026E-4
<84,chair0,transcript0-17,read> 0.0018339956195446865
<85,stu3-14,transcript3-14,read> 0.0017390360600014784
<86,registrar0-1,transcript0-9,read> 1.1711123361217923E-4
<87,chair4,transcript4-17,read> 0.0020921365382346726
<88,registrar4-0,transcript2-18,read> 4.129016629035941E-4
<89,registrar4-1,transcript2-10,read> 4.0235881827073455E-4
<90,stu3-2,stu3-2application3-2,checkStatus> 5.997288113029108E-4
<91,app2-1,application2-1,checkStatus> 6.237881367876912E-4
<92,stu5-7,transcript5-7,read> 0.0014712695477332215
<93,stu3-1,stu3-1application3-1,checkStatus> 0.0019350213757082214
<94,stu4-0,gradebook4-5,readMyScores> 1.1654206729172431E-4
<95,stu2-4,transcript2-4,read> 9.654883578931814E-4
<96,stu3-11,transcript3-11,read> 0.0017539119773497148
<97,stu2-14,gradebook2-8,addScore> 8.10942963382728E-4
<98,stu5-12,stu5-12application5-12,checkStatus> 0.0010388115014001525
<99,chair2,transcript2-16,read> 0.0019544613816000135
<100,chair5,transcript5-5,read> 0.0016905839980502501
<101,admissions2-1,stu3-6application3-6,setStatus> 2.0201784765026966E-4
<102,chair5,transcript5-4,read> 0.0016963204629100277
<103,registrar0-0,transcript4-1,read> 2.124168805532249E-4
<104,admissions4-0,stu1-11application1-11,read> 1.5549203859127898E-4
<105,stu0-14,stu0-14application0-14,checkStatus> 0.0014117310464142486
<106,fac2-4,roster2-8,read> 0.001956152206934408
<107,admissions4-0,stu5-13application5-13,setStatus> 2.098215179587252E-4
<108,fac2-1,gradebook2-3,addScore> 7.657870157339809E-4
<109,fac2-2,gradebook2-4,changeScore> 0.0022526274643693157
<110,registrar4-1,transcript2-6,read> 2.2890127973221417E-4
<111,chair2,transcript2-17,read> 0.0019716707761793456
<112,fac3-2,roster3-4,read> 0.0017033490498345166
<113,admissions4-1,stu5-3application5-3,setStatus> 1.6451848359383202E-4
<114,app5-3,application5-3,checkStatus> 0.002289896426608732
<115,stu1-17,stu1-17application1-17,checkStatus> 7.200254387268127E-4
<116,chair0,transcript0-14,read> 0.0018798873384229065
<117,registrar2-1,roster4-3,write> 1.0573308479299985E-4
<118,chair4,transcript4-13,read> 0.002063454213935785
<119,registrar4-0,transcript2-10,read> 3.9618056386350633E-4
<120,stu0-9,gradebook0-2,readMyScores> 2.2598051981714515E-5
<121,fac0-3,roster0-7,read> 0.0027250951431132472
<122,fac1-0,gradebook1-1,readScore> 2.257268416406889E-4
<123,fac4-4,gradebook4-9,changeScore> 0.001145852199039709
<124,stu1-1,transcript1-1,read> 0.0013076344569026203
<125,stu2-17,transcript2-17,read> 0.0017043255861889262
<126,admissions2-0,application5-3,read> 1.866056797169188E-4
<127,stu1-14,stu1-14application1-14,checkStatus> 0.0020432883403897328
<128,registrar0-0,roster1-4,read> 2.0103314293420642E-4
<129,admissions4-1,application4-3,read> 1.4278421719020483E-4
<130,stu4-9,stu4-9application4-9,checkStatus> 0.0014418052032702238
<131,stu0-12,transcript0-12,read> 0.0016398632776799017
<132,admissions4-0,stu1-11application1-11,setStatus> 1.766954983991807E-4
<133,app5-1,application5-1,checkStatus> 0.002265837101123952
<134,chair2,transcript2-18,read> 0.001983143705898901
<135,admissions2-0,stu4-5application4-5,read> 7.583089512847976E-5
<136,stu2-0,transcript2-0,read> 0.0011588752834202555
<137,registrar4-0,roster1-4,read> 2.3817552500057248E-4
<138,admissions2-1,stu3-8application3-8,setStatus> 1.7074809963190255E-4
<139,stu2-2,stu2-2application2-2,checkStatus> 3.2304656822793645E-4
<140,stu1-9,gradebook1-4,readMyScores> 9.523703521102355E-5
<141,stu2-13,stu2-13application2-13,checkStatus> 0.0012192564425360054
<142,admissions4-1,stu4-4application4-4,read> 1.368080720731028E-4
<143,chair0,transcript0-12,read> 0.001897096733002239
<144,registrar2-1,transcript4-6,read> 2.1914711127588344E-4
<145,stu2-12,transcript2-12,read> 0.001654739195028138
<146,chair2,transcript2-4,read> 0.001116937512072504
<147,registrar4-0,transcript3-15,read> 4.176791197721906E-4
<148,registrar0-1,transcript0-19,read> 3.188051254169463E-4
<149,registrar4-0,transcript0-18,read> 3.806538290405678E-4
<150,stu4-17,transcript4-17,read> 0.0018084570076265817
<151,registrar0-1,transcript4-4,read> 2.0742193143520924E-4
<152,admissions0-1,stu1-12application1-12,setStatus> 1.5562454676231873E-4
<153,stu0-12,stu0-12application0-12,checkStatus> 6.057436426741059E-4
<154,chair0,transcript0-18,read> 0.0018282591546849095
<155,admissions0-1,stu0-8application0-8,read> 1.6761319781760143E-4
<156,chair3,transcript3-3,read> 4.228252640394306E-4
<157,admissions4-0,application3-4,setStatus> 1.3907781517054533E-4
<158,fac5-1,roster5-2,read> 0.0018718844879011109
<159,registrar4-1,transcript4-18,read> 4.4602645035036207E-4
<160,registrar4-1,roster2-6,read> 1.6887225149874412E-4
<161,stu2-2,gradebook2-1,readMyScores> 6.120656893670533E-4
<162,stu0-11,stu0-11application0-11,checkStatus> 0.0020192290149049527
<163,fac3-4,gradebook3-9,readScore> 1.2837160996817724E-4
<164,stu0-13,stu0-13application0-13,checkStatus> 0.0019831400266777824
<165,stu4-2,transcript4-2,read> 0.0010497852228665212
<166,admissions2-1,stu3-1application3-1,setStatus> 1.7344376756452042E-4
<167,fac3-3,gradebook3-7,changeScore> 4.8761217281736394E-4
<168,fac1-3,roster1-7,read> 0.0028620301865423556
<169,stu5-5,transcript5-5,read> 0.0014613522695010638
<170,fac3-4,roster3-9,read> 0.0017981502337469756
<171,registrar4-0,roster0-8,read> 2.509166452680764E-4
<172,stu0-13,transcript0-13,read> 0.001629945999447744
<173,stu5-3,transcript5-3,read> 0.0014514349912689063
<174,registrar0-0,roster2-1,write> 8.08427268860487E-5
<175,stu1-8,stu1-8application1-8,checkStatus> 0.0015380425052093454
<176,stu2-16,gradebook2-3,addScore> 8.103959681068343E-4
<177,stu3-6,stu3-6application3-6,checkStatus> 0.0022538074383815616
<178,chair1,transcript1-5,read> 0.0017766309709469122
<179,registrar2-1,transcript1-4,read> 3.2414872178938316E-4
<180,admissions2-0,stu2-11application2-11,read> 6.700812467453329E-5
<181,registrar0-0,transcript4-17,read> 3.676656032197701E-4
<182,registrar2-0,transcript5-8,read> 3.1330301774408535E-4
<183,fac5-4,roster5-9,read> 0.0017138825147136785
<184,stu3-18,transcript3-18,read> 0.0017092842253050053
<185,admissions2-0,stu0-8application0-8,setStatus> 1.613655381057708E-4
<186,admissions0-0,application5-0,setStatus> 2.478492254884985E-4
<187,stu0-9,stu0-9application0-9,checkStatus> 0.0013154937444751268
<188,admissions2-1,stu0-5application0-5,setStatus> 1.73982901151044E-4
<189,chair1,transcript1-2,read> 0.0017823674358066898
<190,stu0-9,gradebook0-8,addScore> 1.3453309302800652E-4
<191,stu5-6,transcript5-6,read> 0.0014762281868493004
<192,admissions4-0,stu1-9application1-9,read> 1.500571255516791E-4
<193,stu3-7,gradebook3-7,readMyScores> 5.7083730110842595E-5
<194,stu1-0,stu1-0application1-0,checkStatus> 0.002217718450154391
<195,registrar2-1,transcript4-17,read> 3.8294962367694304E-4
<196,registrar4-0,roster3-7,write> 1.1166406052624136E-4
<197,registrar4-0,roster1-7,read> 2.472763251916467E-4
<198,registrar4-1,transcript5-8,read> 3.6354314531106567E-4
<199,stu2-10,gradebook2-9,readMyScores> 1.0955409861569504E-4
<200,admissions2-0,stu3-15application3-15,setStatus> 1.5690959343206046E-4
<201,chair3,transcript3-10,read> 0.0020405083544966754
<202,stu3-9,stu3-9application3-9,checkStatus> 9.846780190593968E-4
<203,registrar2-0,transcript4-15,read> 3.78115320038427E-4
<204,admissions2-0,stu1-5application1-5,read> 1.05240129974968E-4
<205,fac2-4,roster2-9,read> 0.0019666856718135706
<206,registrar4-0,transcript3-19,read> 4.0931857025214676E-4
<207,chair3,transcript3-13,read> 0.0020175624950575653
<208,admissions2-0,stu1-15application1-15,setStatus> 1.5523861417941908E-4
<209,registrar2-1,roster3-2,read> 1.2698092523910515E-4
<210,stu2-12,gradebook2-6,readMyScores> 2.0749788874245158E-4
<211,chair2,transcript2-6,read> 0.001082518722913839
<212,admissions4-0,stu5-15application5-15,setStatus> 4.531433607827525E-5
<213,admissions2-0,stu3-8application3-8,setStatus> 1.7640435137954323E-4
<214,admissions4-1,stu1-14application1-14,read> 1.6917885812407207E-4
<215,registrar4-0,transcript4-7,read> 2.397188514169715E-4
<216,admissions0-1,application5-3,setStatus> 2.502977440181845E-4
<217,chair5,transcript5-9,read> 0.00171352985748936
<218,registrar0-1,transcript1-0,read> 2.666256111191956E-4
<219,chair1,transcript1-7,read> 0.0017651580412273574
<220,admissions0-0,stu2-16application2-16,read> 1.1883789014594587E-4
<221,admissions4-0,stu4-17application4-17,setStatus> 9.75299262314556E-5
<222,app4-1,application4-1,checkStatus> 0.0017004429522316127
<223,registrar0-1,transcript3-18,read> 3.458983347638553E-4
<224,registrar0-0,roster4-9,read> 9.886823412255431E-5
<225,admissions2-1,stu5-10application5-10,read> 1.701847050339854E-4
<226,fac2-0,gradebook2-1,changeScore> 0.0021594253367626117
<227,stu0-3,stu0-3application0-3,checkStatus> 9.425741994610311E-4
<228,admissions4-0,stu5-16application5-16,setStatus> 1.4637676863281786E-4
<229,admissions2-1,stu1-4application1-4,setStatus> 2.0956571786159964E-4
<230,admissions0-1,stu1-5application1-5,setStatus> 1.4116058607045035E-4
<231,stu1-2,stu1-2application1-2,checkStatus> 0.0018808878933674656
<232,stu0-15,stu0-15application0-15,checkStatus> 0.0014177458777854433
<233,fac1-3,roster1-6,read> 0.00278829593238822
<234,fac4-2,roster4-5,read> 0.0014505458927346244
<235,fac3-1,gradebook3-2,assignGrade> 1.803884184798646E-4
<236,stu1-2,transcript1-2,read> 0.0015406904953583253
<237,stu1-5,stu1-5application1-5,checkStatus> 0.0012914344189903465
<238,stu1-8,gradebook1-7,readMyScores> 1.0135631508067089E-4
<239,fac5-1,gradebook5-2,changeScore> 5.691640344732297E-4
<240,stu3-12,stu3-12application3-12,checkStatus> 8.463368975219097E-4
<241,registrar2-0,transcript1-4,read> 3.227112551739091E-4
<242,admissions4-0,stu5-0application5-0,read> 1.2041214533567996E-4
<243,stu4-10,stu4-10application4-10,checkStatus> 3.531207250839119E-4
<244,chair2,transcript2-15,read> 0.0019372519870206814
<245,fac0-4,roster0-9,read> 0.0029252309758173284
<246,app1-2,application1-2,checkStatus> 2.6289825451598556E-4
<247,fac4-3,roster4-6,read> 0.0015348136117679218
<248,registrar0-1,transcript1-9,read> 3.067636990405423E-4
<249,stu1-1,stu1-1application1-1,checkStatus> 0.002362074403063073
<250,admissions2-0,stu3-19application3-19,read> 1.4837367441648412E-4
<251,stu3-0,transcript3-0,read> 3.605343857315646E-4
<252,stu3-10,stu3-10application3-10,checkStatus> 6.11758474045301E-4
<253,admissions2-0,application4-3,read> 1.4053121179075388E-4
<254,registrar0-0,transcript4-3,read> 2.073763376095059E-4
<255,admissions4-0,stu4-13application4-13,read> 1.7673760774607842E-4
<256,chair3,transcript3-19,read> 0.0019659343113195686
<257,admissions0-0,stu5-11application5-11,setStatus> 1.4032053855148993E-4
<258,chair3,transcript3-1,read> 4.113523343198757E-4
<259,registrar0-1,transcript5-7,read> 2.9773262925823925E-4
<260,registrar4-0,transcript5-3,read> 3.4960035939469064E-4
<261,registrar0-1,roster3-4,read> 1.2364366949652378E-4
<262,registrar4-0,roster1-2,read> 2.43636005115217E-4
<263,registrar0-0,roster5-5,write> 8.587066498204251E-5
<264,admissions4-1,stu0-3application0-3,setStatus> 8.868482396393898E-5
<265,stu5-16,stu5-16application5-16,checkStatus> 0.0015681166620653208
<266,admissions2-0,stu1-0application1-0,setStatus> 2.053679917586604E-4
<267,app5-0,application5-0,checkStatus> 0.0022598222697527565
<268,registrar0-0,roster2-4,read> 1.0424533458632549E-4
<269,chair3,transcript3-7,read> 4.515075883383179E-4
<270,admissions0-0,application4-1,read> 1.6411868199475732E-4
<271,registrar0-1,transcript1-4,read> 3.097740556346433E-4
<272,admissions4-1,stu5-12application5-12,setStatus> 9.773958929288144E-5
<273,registrar4-0,transcript1-2,read> 3.7109891530337486E-4
<274,registrar4-0,transcript1-8,read> 3.639327300004801E-4
<275,stu0-10,transcript0-10,read> 0.0016101114429834286
<276,stu4-16,stu4-16application4-16,checkStatus> 0.0018087099169131246
<277,stu1-15,stu1-15application1-15,checkStatus> 0.0016763836267468324
<278,registrar4-1,transcript2-8,read> 2.3132725929219346E-4
<279,fac0-2,roster0-4,read> 0.002714561678234085
<280,stu1-18,stu1-18application1-18,checkStatus> 0.0013455679013311022
<281,registrar0-0,roster3-3,read> 1.2652189365052027E-4
<282,chair1,transcript1-4,read> 0.0017708945060871345
<283,stu2-0,stu2-0application2-0,checkStatus> 0.00120121194842242
<284,registrar2-1,roster1-1,read> 2.1499080778865563E-4
<285,admissions0-0,stu1-10application1-10,setStatus> 1.4295927933522022E-4
<286,admissions2-0,stu1-13application1-13,read> 1.179841317417796E-4
<287,stu3-17,gradebook3-8,readMyScores> 2.4509069332351362E-5
<288,admissions4-0,stu1-8application1-8,setStatus> 1.4356947883963612E-4
<289,admissions0-0,stu3-15application3-15,setStatus> 1.8583881707083714E-4
<290,chair5,transcript5-3,read> 0.0016791110683306951
<291,chair3,transcript3-14,read> 0.0020118260301977883
<292,registrar2-1,roster0-9,read> 2.2219161636089155E-4
<293,registrar4-1,transcript3-14,read> 4.2540562409053805E-4
<294,fac5-2,roster5-4,read> 0.001555880541526246
<295,fac2-1,gradebook2-2,changeScore> 0.0021536002037871927
<296,chair0,transcript0-15,read> 0.0018741508735631292
<297,admissions2-0,stu5-3application5-3,read> 1.4249182744718644E-4
<298,registrar0-1,transcript2-16,read> 3.4188452597172064E-4
<299,registrar4-0,transcript4-0,read> 2.504681293713136E-4
<300,stu0-1,transcript0-1,read> 8.514396582233682E-4
<301,registrar4-1,roster0-7,read> 2.391169463068876E-4
<302,fac2-1,gradebook2-2,addScore> 0.0015030060844298285
<303,fac2-2,gradebook2-5,readScore> 9.902566090240348E-5
<304,registrar4-1,transcript4-16,read> 4.436004707903828E-4
<305,fac2-3,roster2-7,read> 0.001935085277176084
<306,stu1-16,stu1-16application1-16,checkStatus> 0.0013335382385887122
<307,stu1-3,stu1-3application1-3,checkStatus> 0.0016643539640044424
<308,stu5-3,stu5-3application5-3,checkStatus> 0.0017485616032011735
<309,admissions4-0,stu4-5application4-5,read> 7.643875801528119E-5
<310,stu3-13,transcript3-13,read> 0.0017439946991175568
<311,fac0-4,roster0-8,read> 0.002904164046059004
<312,registrar0-0,transcript2-19,read> 3.5052775721112545E-4
<313,chair3,transcript3-9,read> 3.884064748807658E-4
<314,registrar0-0,transcript1-4,read> 3.1121152225011727E-4
<315,fac1-4,roster1-9,read> 0.00288309711630068
<316,fac4-0,gradebook4-1,assignGrade> 4.5708223481226624E-4
<317,stu2-3,transcript2-3,read> 9.704469970092601E-4
<318,chair4,transcript4-19,read> 0.0021036094679542277
<319,stu2-19,stu2-19application2-19,checkStatus> 0.001393686552300663
<320,chair0,transcript0-16,read> 0.001839732084404464
<321,registrar0-1,roster0-3,write> 1.405258917329492E-4
<322,registrar4-0,roster3-1,read> 1.4625744307072248E-4
<323,registrar4-1,roster4-1,write> 1.2079958879885283E-4
<324,registrar0-0,roster2-2,write> 7.469746921316736E-5
<325,fac2-1,roster2-2,read> 0.0014084120332179756
<326,fac1-2,gradebook1-5,changeScore> 8.254698853916649E-4
<327,fac4-4,gradebook4-9,assignGrade> 4.092329282284675E-4
<328,registrar0-0,roster0-6,read> 1.9949682851598609E-4
<329,fac1-4,roster1-8,read> 0.0028725636514215177
<330,registrar4-0,transcript5-7,read> 3.543778162632871E-4
<331,stu4-19,gradebook4-5,readMyScores> 6.207884376529475E-5
<332,admissions2-0,stu4-13application4-13,setStatus> 1.9924106783230874E-4
<333,admissions4-0,application5-2,read> 1.871133508216781E-4
<334,stu5-1,transcript5-1,read> 0.0014316004348045909
<335,stu5-12,gradebook5-3,readMyScores> 5.806763049781083E-5
<336,admissions4-0,stu1-4application1-4,read> 1.9205418085767794E-4
<337,admissions0-1,stu2-1application2-1,read> 1.3000690001874364E-4
<338,fac1-1,gradebook1-2,changeScore> 8.895463481212737E-4
<339,fac4-3,gradebook4-6,changeScore> 0.0013322564542531164
<340,chair2,transcript2-11,read> 0.0019085696627217938
<341,stu4-1,stu4-1application4-1,checkStatus> 0.0021816294619272205
<342,admissions2-0,stu3-11application3-11,read> 1.2092505522642842E-4
<343,registrar2-1,transcript4-18,read> 3.86099671992348E-4
<344,registrar2-0,roster0-9,read> 2.212062876852335E-4
<345,admissions0-0,stu3-18application3-18,setStatus> 2.082681137325445E-4
<346,admissions2-0,stu4-9application4-9,read> 1.1749397782767143E-4
<347,registrar0-0,roster1-1,write> 1.5011654065307458E-4
<348,admissions4-0,stu4-0application4-0,setStatus> 6.664973850645647E-5
<349,stu5-4,gradebook5-6,readMyScores> 6.575939595164471E-5
<350,registrar0-0,transcript5-4,read> 2.9810611059644793E-4
<351,admissions2-1,stu2-3application2-3,setStatus> 6.885185177894769E-5
<352,registrar0-0,roster1-5,write> 1.489992210761871E-4
<353,fac2-1,gradebook2-3,changeScore> 0.002258452597344734
<354,fac2-1,gradebook2-3,readScore> 2.8213205842830873E-4
<355,stu0-16,stu0-16application0-16,checkStatus> 0.0014357903718990289
<356,admissions0-0,stu4-8application4-8,read> 9.619749422154016E-5
<357,registrar0-0,roster1-4,write> 1.462059221339683E-4
<358,registrar2-0,roster4-6,read> 1.1606277389876392E-4
<359,fac4-3,gradebook4-7,readScore> 3.440508924426646E-4
<360,stu4-11,transcript4-11,read> 0.001694408307956769
<361,registrar0-0,roster1-3,write> 1.4676458192241205E-4
<362,fac1-0,gradebook1-1,changeScore> 8.778960821704358E-4
<363,stu2-2,transcript2-2,read> 9.555710796610238E-4
<364,registrar4-0,transcript1-1,read> 3.1496379709736617E-4
<365,admissions0-0,application5-0,read> 2.1810731842987867E-4
<366,registrar2-0,transcript2-10,read> 3.46754528605681E-4
<367,fac5-0,roster5-1,read> 0.0018613510230219492
<368,admissions2-1,stu1-14application1-14,read> 1.6117039146731126E-4
<369,stu4-19,transcript4-19,read> 0.0018183742858587394
<370,fac4-4,roster4-8,read> 0.0013873451034596511
<371,registrar0-0,roster1-7,read> 2.0871471502530807E-4
<372,chair5,transcript5-7,read> 0.001702056927769805
<373,fac1-1,gradebook1-2,assignGrade> 3.1769512432902635E-4
<374,chair2,transcript2-19,read> 0.0019946166356184557
<375,fac5-4,gradebook5-9,changeScore> 3.885849122352412E-4
<376,admissions0-1,stu4-0application4-0,setStatus> 7.80451212332065E-5
<377,admissions2-1,stu0-15application0-15,read> 1.118288856286741E-4
<378,stu4-3,stu4-3application4-3,checkStatus> 0.002350044740320683
<379,fac4-1,roster4-2,read> 0.0019034848825385977
<380,stu1-19,transcript1-19,read> 1.6218882108841158E-4
<381,stu2-18,gradebook2-4,readScore> 2.951520600307951E-4
<382,chair4,transcript4-11,read> 0.001960197846459791
<383,registrar0-0,roster1-2,write> 1.4955788086463083E-4
<384,stu2-14,gradebook2-8,readScore> 2.987684601936366E-4
<385,registrar0-1,roster5-4,write> 8.213755749271309E-5
<386,stu3-15,stu3-15application3-15,checkStatus> 0.0016944281208604176
<387,registrar0-0,transcript3-15,read> 3.525439743886132E-4
<388,registrar0-0,roster2-8,read> 1.4265319504183375E-4
<389,stu3-19,transcript3-19,read> 0.0016993669470728476
<390,admissions2-0,stu3-19application3-19,setStatus> 1.6860644820055015E-4
<391,registrar2-0,transcript4-4,read> 2.1608456430257297E-4
<392,chair0,transcript0-10,read> 0.001862677943843574
<393,app3-2,application3-2,checkStatus> 0.0015019535169821748
<394,registrar0-0,roster1-9,write> 1.529098395952934E-4
<395,stu0-18,stu0-18application0-18,checkStatus> 0.0023560595716918776
<396,admissions4-0,stu3-13application3-13,read> 1.1744764731408003E-4
<397,admissions4-0,stu0-8application0-8,setStatus> 1.6265904943327193E-4
<398,admissions0-1,application3-0,read> 1.421566269999131E-4
<399,stu2-15,transcript2-15,read> 0.0016745737514924535
<400,admissions2-0,stu3-14application3-14,setStatus> 1.2961693230558466E-4
<401,admissions2-1,stu2-18application2-18,setStatus> 1.6266109583404898E-4
<402,registrar0-0,roster1-8,write> 1.5235117980684962E-4
<403,stu2-18,stu2-18application2-18,checkStatus> 0.0018147247482843195
<404,admissions2-1,application3-3,read> 1.1799657385850378E-4
<405,stu4-2,stu4-2application4-2,checkStatus> 0.001129033971968079
<406,registrar2-1,transcript5-7,read> 3.1154852852776315E-4
<407,stu4-11,stu4-11application4-11,checkStatus> 0.00213351081095766
<408,registrar2-0,transcript3-14,read> 3.666163631797535E-4
<409,stu3-11,stu3-11application3-11,checkStatus> 0.0014839090228685897
<410,fac4-1,gradebook4-3,changeScore> 0.0012973056564006024
<411,registrar4-0,transcript4-19,read> 4.3798331146372566E-4
<412,fac0-3,roster0-6,read> 0.0027356286079924094
<413,registrar2-1,roster4-3,read> 1.4538299159037478E-4
<414,chair5,transcript5-8,read> 0.0017192663223491375
<415,chair3,transcript3-12,read> 0.0020232989599173433
<416,registrar0-1,transcript3-14,read> 3.519190479520574E-4
<417,stu1-5,transcript1-5,read> 0.0015357318562422464
<418,admissions0-0,stu4-19application4-19,read> 7.355709829713444E-5
<419,stu3-14,stu3-14application3-14,checkStatus> 0.0013997013836718583
<420,registrar4-1,transcript1-3,read> 3.780990226709416E-4
<421,fac4-2,gradebook4-5,assignGrade> 4.716450672508138E-4
<422,registrar2-1,transcript0-10,read> 3.409489794715431E-4
<423,registrar0-1,transcript0-5,read> 1.120939726220109E-4
<424,registrar0-0,roster1-7,write> 1.5179252001840587E-4
<425,admissions4-1,stu4-14application4-14,setStatus> 1.7753470875418682E-4
<426,registrar4-0,roster0-1,write> 1.6593792348392055E-4
<427,admissions4-1,stu2-6application2-6,setStatus> 1.5829333243018413E-4
<428,fac1-0,roster1-1,read> 0.0028304297919048687
<429,registrar2-1,transcript1-12,read> 4.484443782347385E-5
<430,stu5-17,stu5-17application5-17,checkStatus> 0.001513983179724565
<431,chair1,transcript1-9,read> 0.0017536851115078024
<432,chair2,transcript2-13,read> 0.0019200425924413489
<433,app5-4,application5-4,checkStatus> 0.002307940920722317
<434,stu2-18,transcript2-18,read> 0.0017142428644210841
<435,admissions2-1,application5-0,read> 1.78250143488378E-4
<436,registrar2-0,transcript5-9,read> 3.122576580296605E-4
<437,fac2-2,gradebook2-5,changeScore> 0.0022468023313938967
<438,admissions4-0,stu1-1application1-1,read> 1.9403051287207788E-4
<439,admissions0-0,stu0-4application0-4,read> 1.472835157945582E-4
<440,registrar2-1,roster3-5,read> 1.3338164396998155E-4
<441,admissions0-0,stu1-1application1-1,setStatus> 2.590638738193522E-4
<442,admissions4-1,stu5-2application5-2,read> 1.417881930040212E-4
<443,stu5-7,gradebook5-4,readMyScores> 8.493092541388535E-5
<444,registrar0-0,roster1-6,write> 1.4788190149929957E-4
<445,admissions0-0,stu1-5application1-5,read> 1.2464311987015245E-4
<446,app3-4,application3-4,checkStatus> 0.0014899238542397846
<447,admissions4-1,stu2-8application2-8,setStatus> 2.2280853539889914E-4
<448,registrar4-1,roster1-2,read> 2.47435397007852E-4
<449,stu5-0,stu5-0application5-0,checkStatus> 0.001465864528755004
<450,admissions2-1,stu5-3application5-3,setStatus> 1.5673062638228968E-4
<451,admissions2-0,stu0-10application0-10,read> 1.9101706494389207E-4
<452,admissions0-0,stu1-13application1-13,setStatus> 1.587917240376019E-4
<453,chair3,transcript3-15,read> 0.0020060895653380107
<454,admissions4-1,stu2-12application2-12,setStatus> 5.982275947793492E-5
<455,admissions0-0,stu0-3application0-3,setStatus> 1.0337816757926615E-4
<456,stu2-9,stu2-9application2-9,checkStatus> 0.0021455404737000497
<457,stu3-12,transcript3-12,read> 0.001748953338233636
<458,chair4,transcript4-4,read> 0.0011857750903898332
<459,registrar2-0,roster1-5,read> 2.1244432820302766E-4
<460,admissions2-1,stu1-12application1-12,read> 1.1230332318481486E-4
<461,admissions2-1,application3-1,read> 1.1609882363394079E-4
<462,app3-1,application3-1,checkStatus> 0.0014718793601261994
<463,admissions4-1,application5-0,setStatus> 2.1262192440383882E-4
<464,admissions0-0,stu4-16application4-16,read> 1.7456809549832921E-4
<465,registrar0-1,transcript0-2,read> 1.7531146109813191E-4
<466,registrar0-1,transcript4-15,read> 3.629570221304277E-4
<467,stu4-4,transcript4-4,read> 0.0010249920272861273
<468,stu0-15,transcript0-15,read> 0.0016200287212155863
<469,admissions4-1,stu4-12application4-12,setStatus> 1.8432578275089364E-4
<470,fac2-3,gradebook2-6,readScore> 5.762056756617309E-4
<471,registrar2-0,transcript1-1,read> 2.756700680247903E-4
<472,registrar0-0,roster1-3,read> 2.0180130014331657E-4
<473,admissions0-1,stu4-14application4-14,read> 1.814986000817951E-4
<474,admissions2-1,stu4-13application4-13,setStatus> 1.92852576679369E-4
<475,app3-0,application3-0,checkStatus> 0.0014778941914973943
<476,fac5-4,roster5-8,read> 0.0016612151903178678
<477,registrar2-1,transcript4-8,read> 2.117969985399384E-4
<478,fac4-0,roster4-1,read> 0.0018929514176594352
<479,stu1-10,gradebook1-3,addScore> 2.763349830548464E-4
<480,stu4-1,gradebook4-8,readMyScores> 1.2192472306885259E-4
<481,stu2-5,transcript2-5,read> 9.406951623127872E-4
<482,stu1-3,transcript1-3,read> 0.0015456491344744041
<483,admissions0-1,stu0-5application0-5,setStatus> 2.1216548401234973E-4
<484,stu4-19,stu4-19application4-19,checkStatus> 7.621292583251784E-4
<485,fac5-2,gradebook5-5,addScore> 2.47649845603322E-4
<486,admissions0-0,stu2-7application2-7,setStatus> 1.2184935306537806E-4
<487,admissions0-0,stu4-18application4-18,read> 1.1441140248123834E-5
<488,stu4-13,stu4-13application4-13,checkStatus> 0.002151555305071245
<489,registrar4-1,transcript1-8,read> 3.6960809421101394E-4
<490,registrar0-0,transcript3-18,read> 3.475034314448941E-4
<491,fac4-1,roster4-3,read> 0.0019140183474177595
<492,registrar0-1,transcript0-12,read> 3.31850003991384E-4
<493,stu3-4,stu3-4application3-4,checkStatus> 5.937139799317157E-4
<494,admissions2-1,stu2-8application2-8,read> 1.8679001949891138E-4
<495,stu4-12,transcript4-12,read> 0.0017886224511622663
<496,registrar0-1,roster2-2,read> 1.0223461360843718E-4
<497,registrar2-0,transcript4-17,read> 3.8125139918170157E-4
<498,registrar0-0,transcript2-17,read> 3.464953228561503E-4
<499,stu2-7,stu2-7application2-7,checkStatus> 0.0011109894778544938
<500,app2-3,application2-3,checkStatus> 6.839364504996422E-4
<501,stu2-14,stu2-14application2-14,checkStatus> 6.538622936436666E-4
<502,fac4-2,gradebook4-5,changeScore> 0.0013206061883022785
<503,fac4-3,gradebook4-7,assignGrade> 4.7788628115304834E-4
<504,stu4-7,stu4-7application4-7,checkStatus> 4.4935802702303346E-4
<505,admissions0-1,stu1-13application1-13,setStatus> 1.5825435779720393E-4
<506,admissions0-0,stu3-9application3-9,read> 9.503644827669882E-5
<507,admissions2-1,stu2-17application2-17,setStatus> 1.1521734021997476E-4
<508,fac1-2,roster1-5,read> 0.0028093628621465444
<509,admissions2-1,application4-0,setStatus> 1.4540882106529472E-4
<510,admissions0-1,stu4-7application4-7,setStatus> 4.911719984946972E-5
<511,admissions4-0,stu2-19application2-19,setStatus> 1.3009448783236378E-4
<512,admissions0-1,stu4-18application4-18,read> 1.1402422345422909E-5
<513,fac5-1,gradebook5-2,addScore> 1.8192434069541099E-4
<514,fac5-1,gradebook5-3,addScore> 9.97394609440115E-5
<515,registrar0-0,transcript5-2,read> 2.960898934189603E-4
<516,chair4,transcript4-10,read> 0.0019429884518804587
<517,registrar2-1,transcript5-2,read> 3.083984802123582E-4
<518,fac2-4,gradebook2-9,changeScore> 0.0022002012675905445
<519,registrar0-1,transcript4-6,read> 2.0942883583127662E-4
<520,fac5-3,roster5-7,read> 0.001682282120076192
<521,admissions2-0,stu4-12application4-12,read> 1.5964721444097126E-4
<522,registrar0-1,transcript3-17,read> 3.4790523915992274E-4
<523,admissions4-1,application3-0,setStatus> 1.390519561061814E-4
<524,admissions4-1,stu4-17application4-17,read> 8.650885067082749E-5
<525,app4-0,application4-0,checkStatus> 0.0016222501444060765
<526,fac5-1,roster5-3,read> 0.0015664140064054082
<527,registrar0-1,roster0-2,read> 1.9475231941052558E-4
<528,registrar2-1,roster3-4,write> 9.40954143732246E-5
<529,stu0-18,transcript0-18,read> 0.001580359608286956
<530,fac1-2,roster1-4,read> 0.0027566955377507337
<531,registrar2-0,transcript3-13,read> 3.676617228941783E-4
<532,admissions4-0,stu5-1application5-1,setStatus> 3.408517690554829E-5
<533,admissions2-1,stu1-13application1-13,read> 1.1420107340937783E-4
<534,registrar0-0,roster0-4,read> 1.9796051409776575E-4
<535,fac2-4,gradebook2-8,changeScore> 0.0022118515335413824
<536,fac2-0,roster2-1,read> 0.0015242801468887597
<537,admissions4-1,stu5-0application5-0,read> 1.2136969718725593E-4
<538,stu4-4,gradebook4-1,readMyScores> 1.3988054955107505E-4
<539,chair2,transcript2-7,read> 0.0010997281174931713
<540,registrar2-0,transcript2-13,read> 3.498906077489556E-4
<541,admissions2-0,application3-1,setStatus> 1.3630084931615018E-4
<542,registrar2-1,roster0-4,read> 2.0618981953370057E-4
<543,registrar2-1,transcript4-16,read> 3.8399963978207806E-4
<544,admissions4-1,application1-0,setStatus> 2.2471852496047288E-5
<545,admissions2-1,stu1-1application1-1,setStatus> 2.1172225220769393E-4
<546,stu1-9,transcript1-9,read> 0.001515897299777931
<547,admissions2-1,stu4-14application4-14,read> 1.48835015007652E-4
<548,registrar0-1,transcript5-2,read> 2.947222726641383E-4
<549,admissions2-1,stu1-8application1-8,read> 1.2131763675148896E-4
<550,admissions0-0,stu4-8application4-8,setStatus> 1.0931533434265928E-4
<551,admissions4-1,stu0-2application0-2,read> 8.320952055409408E-6
<552,fac2-3,gradebook2-6,changeScore> 0.0022409771984184773
<553,admissions0-0,stu2-1application2-1,read> 1.3044834959435904E-4
<554,stu0-11,transcript0-11,read> 0.0016051528038673497
<555,registrar2-0,transcript2-18,read> 3.6138956460762914E-4
<556,stu2-8,gradebook2-1,readMyScores> 5.819022878376709E-4
<557,admissions4-1,stu3-1application3-1,setStatus> 1.8206209141865802E-4
<558,stu3-8,transcript3-8,read> 3.406998292672493E-4
<559,admissions0-0,stu4-7application4-7,setStatus> 4.9283981512795595E-5
<560,stu0-6,stu0-6application0-6,checkStatus> 6.658919563860568E-4
<561,admissions0-0,stu1-14application1-14,setStatus> 2.2410055843492604E-4
<562,admissions4-1,stu4-5application4-5,read> 7.704662090208263E-5
<563,fac2-1,roster2-3,read> 0.001376811638580489
<564,admissions0-1,stu3-15application3-15,setStatus> 1.852099209047768E-4
<565,chair1,transcript1-1,read> 0.0015127535873971486
<566,admissions4-0,stu4-3application4-3,setStatus> 2.1936630325554313E-4
<567,admissions2-0,stu2-17application2-17,setStatus> 1.1903406370552257E-4
<568,admissions4-0,stu2-10application2-10,read> 1.1991806233207998E-4
<569,stu5-18,stu5-18application5-18,checkStatus> 0.0013696272268158827
<570,registrar0-1,transcript1-1,read> 2.646187067231283E-4
<571,registrar2-0,transcript0-5,read> 1.167753914322109E-4
<572,registrar4-0,transcript2-19,read> 4.1529039133789223E-4
<573,admissions0-0,stu3-4application3-4,setStatus> 6.511642621517722E-5
<574,fac3-1,gradebook3-3,addScore> 1.7036026363645762E-4
<575,admissions4-0,stu3-6application3-6,read> 1.8513701880727818E-4
<576,fac2-1,gradebook2-2,readScore> 5.537390837373051E-4
<577,registrar0-1,transcript5-3,read> 2.937188204661046E-4
<578,fac3-2,roster3-5,read> 0.001756016374230327
<579,stu3-5,transcript3-5,read> 3.803689421958799E-4
<580,registrar2-0,transcript1-0,read> 2.7776078745364E-4
<581,chair4,transcript4-12,read> 0.002069190678795563
<582,admissions2-0,stu3-1application3-1,read> 1.5768659878453872E-4
<583,admissions2-0,stu4-19application4-19,setStatus> 7.057566537892265E-5
<584,registrar4-1,transcript3-10,read> 4.314705729904862E-4
<585,registrar2-1,transcript3-6,read> 8.369503371346875E-5
<586,admissions4-1,stu4-0application4-0,setStatus> 6.717975630770066E-5
<587,admissions4-0,stu5-8application5-8,setStatus> 2.1487463958645237E-4
<588,stu2-10,transcript2-10,read> 0.0016448219167959804
<589,stu4-16,transcript4-16,read> 0.0018134156467426606
<590,stu4-0,stu4-0application4-0,checkStatus> 7.140106073556176E-4
<591,stu3-6,gradebook3-8,readMyScores> 3.549352617598222E-5
<592,admissions2-1,stu2-12application2-12,setStatus> 5.699091287542912E-5
<593,admissions4-1,stu2-19application2-19,setStatus> 1.3112903644335673E-4
<594,stu1-8,transcript1-8,read> 0.0015109386606618521
<595,admissions0-1,stu0-17application0-17,setStatus> 2.450381219484142E-4
<596,stu4-14,transcript4-14,read> 0.0018034983685105027
<597,registrar4-1,transcript1-6,read> 3.7203407377099326E-4
<598,registrar0-1,transcript4-18,read> 3.6897773531862965E-4
<599,admissions4-1,stu3-13application3-13,read> 1.1838162462870494E-4
<600,fac5-0,gradebook5-1,addScore> 2.5693622479351457E-4
<601,fac2-2,gradebook2-5,assignGrade> 8.024294040692489E-4
<602,registrar0-0,transcript0-17,read> 3.223007167262991E-4
<603,admissions2-1,stu2-10application2-10,setStatus> 1.3085221422915833E-4
<604,registrar2-1,transcript2-5,read> 1.9919680527831846E-4
<605,registrar4-0,transcript3-16,read> 4.164847555550415E-4
<606,registrar0-0,transcript4-18,read> 3.706899289860015E-4
<607,registrar2-1,transcript2-4,read> 2.0444688580399347E-4
<608,registrar4-1,transcript2-0,read> 2.8348581983174854E-4
<609,registrar2-1,transcript3-5,read> 8.054498539806376E-5
<610,registrar2-1,transcript2-7,read> 2.0129683748858844E-4
<611,registrar4-1,transcript5-3,read> 3.550522168511381E-4
<612,registrar2-0,transcript4-9,read> 2.129484851592984E-4
<613,admissions4-0,application0-3,setStatus> 6.945702829963822E-5
<614,admissions0-1,stu1-10application1-10,read> 1.2537843259734574E-4
<615,registrar2-0,roster5-1,write> 1.023676864022997E-4
<616,stu1-11,stu1-11application1-11,checkStatus> 0.0018929175561098561
<617,admissions0-1,stu2-19application2-19,read> 1.340568090124668E-4
<618,registrar2-1,transcript2-6,read> 1.981467891731835E-4
<619,registrar2-1,transcript2-9,read> 2.0864695022453344E-4
<620,chair4,transcript4-5,read> 0.0011915115552496107
<621,admissions4-0,stu1-5application1-5,setStatus> 1.2054970253554587E-4
<622,fac5-3,roster5-6,read> 0.0015980144010428947
<623,registrar0-0,roster4-3,read> 1.3958056620539308E-4
<624,registrar2-1,transcript2-8,read> 2.0024682138345347E-4
<625,admissions4-0,stu0-2application0-2,read> 8.255303518483103E-6
<626,chair2,transcript2-10,read> 0.0019028331978620163
<627,app1-1,application1-1,checkStatus> 2.5086859177359536E-4
<628,registrar4-1,transcript4-7,read> 2.4345715709208997E-4
<629,fac4-4,gradebook4-8,changeScore> 0.0013439067202039544
<630,stu3-4,gradebook3-2,addScore> 1.1166606663709237E-4
<631,stu3-10,transcript3-10,read> 0.0017638292555818723
<632,stu2-19,transcript2-19,read> 0.0017241601426532416
<633,admissions2-0,stu4-3application4-3,setStatus> 2.1762183961136392E-4
<634,stu2-3,stu2-3application2-3,checkStatus> 7.681440896963734E-4
<635,admissions2-0,stu2-10application2-10,setStatus> 1.3518686314772257E-4
<636,fac4-2,gradebook4-4,assignGrade> 4.695646626167355E-4
<637,admissions0-0,stu5-10application5-10,read> 2.0823842789872749E-4
<638,stu2-10,stu2-10application2-10,checkStatus> 0.0014598496973838094
<639,fac5-2,roster5-5,read> 0.0016190813308012192
<640,admissions0-0,application1-4,read> 1.666584699990977E-5
<641,fac5-3,gradebook5-7,addScore> 1.7723612834858967E-4
<642,admissions4-0,stu0-18application0-18,read> 1.9353642986847788E-4
<643,admissions4-0,stu2-7application2-7,setStatus> 1.0370596377645544E-4
<644,registrar4-0,roster1-3,read> 2.390856050196799E-4
<645,chair0,transcript0-0,read> 0.0010251540743160643
<646,registrar2-0,transcript0-16,read> 3.352555717470075E-4
<647,admissions2-1,stu0-18application0-18,read> 1.8584114438662986E-4
<648,stu5-2,transcript5-2,read> 0.0014563936303849852
<649,registrar2-0,transcript0-11,read> 3.383916508902821E-4
<650,admissions0-1,stu3-3application3-3,read> 2.150549888869297E-4
<651,fac5-3,gradebook5-6,addScore> 1.8656728746187267E-4
<652,registrar2-1,transcript2-0,read> 2.4539751390425835E-4
<653,admissions4-1,stu4-3application4-3,read> 1.9457747487175572E-4
<654,registrar4-1,roster4-4,write> 9.391166734119027E-5
<655,stu5-2,stu5-2application5-2,checkStatus> 0.001712472614974003
<656,fac2-0,gradebook2-1,addScore> 3.6108153783015234E-4
<657,stu3-7,gradebook3-3,readMyScores> 3.706800315408581E-5
<658,admissions2-0,stu2-19application2-19,setStatus> 1.2905993922137084E-4
<659,registrar4-1,transcript0-15,read> 3.962938693707863E-4
<660,registrar2-1,transcript2-1,read> 2.0339686969885842E-4
<661,registrar2-1,transcript2-2,read> 2.0234685359372346E-4
<662,admissions2-1,application2-0,setStatus> 5.5373512115858414E-5
<663,registrar2-1,transcript2-3,read> 2.0549690190912843E-4
<664,admissions4-0,stu4-14application4-14,setStatus> 1.761340404405443E-4
<665,registrar4-0,roster2-9,read> 1.6991952356751555E-4
<666,registrar0-1,roster1-3,write> 1.4608668547011453E-4
<667,admissions4-0,stu4-5application4-5,setStatus> 8.6862225017365E-5
<668,registrar4-0,transcript0-11,read> 3.8662565012631344E-4
<669,fac2-2,gradebook2-5,addScore> 2.687839367350952E-4
<670,fac4-2,gradebook4-4,changeScore> 0.0013147810553268593
<671,stu5-2,gradebook5-7,addScore> 2.0372416511277446E-4
<672,admissions0-0,stu5-16application5-16,setStatus> 1.7198542795625324E-4
<673,registrar2-0,transcript2-6,read> 1.9726808944292546E-4
<674,registrar2-0,transcript2-5,read> 1.983134491573503E-4
<675,registrar0-0,transcript3-11,read> 3.5657640874358834E-4
<676,admissions4-0,stu5-18application5-18,setStatus> 1.278486559978184E-4
<677,admissions0-0,stu2-19application2-19,read> 1.345120104013037E-4
<678,stu3-16,transcript3-16,read> 0.0017291187817693205
<679,admissions0-0,stu1-1application1-1,read> 2.279762089610299E-4
<680,registrar2-0,transcript2-4,read> 2.0354024772947465E-4
<681,admissions2-0,stu2-6application2-6,read> 1.3710013439199693E-4
<682,admissions2-0,application4-3,setStatus> 1.5969455885312943E-4
<683,registrar2-0,transcript2-3,read> 2.0458560744389948E-4
<684,admissions2-1,stu4-11application4-11,setStatus> 1.9123517591979825E-4
<685,registrar2-0,transcript2-9,read> 2.0772168658717406E-4
<686,admissions2-1,application3-4,setStatus> 1.3354788216177616E-4
<687,registrar2-0,transcript2-8,read> 1.9935880887177515E-4
<688,registrar2-1,roster5-5,write> 8.94403462053145E-5
<689,admissions0-0,stu5-17application5-17,read> 1.4612246984971688E-4
<690,registrar2-0,transcript2-7,read> 2.0040416858620001E-4
<691,stu2-5,stu2-5application2-5,checkStatus> 0.0016282649757772718
<692,registrar0-1,roster2-9,read> 1.4275889796802965E-4
<693,app1-0,application1-0,checkStatus> 2.3883892903120516E-4
<694,admissions0-1,stu5-10application5-10,read> 2.0753372932715822E-4
<695,fac5-2,gradebook5-4,addScore> 1.387920821462244E-4
<696,admissions2-1,stu3-14application3-14,setStatus> 1.2546087836392262E-4
<697,admissions4-1,application5-3,setStatus> 2.1545153856913335E-4
<698,admissions2-0,stu1-11application1-11,read> 1.5425552138578175E-4
<699,stu2-16,gradebook2-5,readMyScores> 2.6973799991296377E-4
<700,admissions0-1,application3-1,setStatus> 1.6088416883208907E-4
<701,registrar2-0,transcript2-1,read> 2.0249488801504973E-4
<702,registrar2-0,transcript2-2,read> 2.0144952830062487E-4
<703,registrar2-0,transcript2-0,read> 2.443092765920443E-4
<704,admissions2-0,stu5-8application5-8,setStatus> 2.1316589493765355E-4
<705,admissions0-1,stu0-3application0-3,setStatus> 1.0302832606461551E-4
<706,app1-3,application1-3,checkStatus> 2.6891308588718063E-4
<707,admissions2-1,stu3-19application3-19,setStatus> 1.6320022942057256E-4
<708,stu4-9,transcript4-9,read> 0.0010101161099378907
<709,admissions4-1,stu1-5application1-5,read> 1.0692734648759271E-4
<710,admissions4-0,stu3-16application3-16,read> 3.444170270928237E-5
<711,registrar4-0,roster1-1,write> 1.7785169827950868E-4
<712,registrar4-0,transcript2-6,read> 2.2538648081118207E-4
<713,registrar0-1,transcript2-3,read> 1.963839572568389E-4
<714,registrar4-1,roster3-5,write> 1.120610143251125E-4
<715,admissions0-0,application3-0,setStatus> 1.6209015001726468E-4
<716,admissions2-0,stu0-0application0-0,setStatus> 1.3462987006350878E-4
<717,chair3,transcript3-16,read> 0.0020003531004782332
<718,admissions0-0,application3-2,setStatus> 1.6472889080099498E-4
<719,admissions2-0,stu0-16application0-16,setStatus> 1.3295889081086742E-4
<720,admissions0-0,application3-1,setStatus> 1.6143046482133215E-4
<721,chair4,transcript4-9,read> 0.001168565695810501
<722,registrar2-0,transcript0-15,read> 3.4152773003355666E-4
<723,registrar4-0,transcript2-12,read> 3.985692922978046E-4
<724,admissions0-0,application3-4,setStatus> 1.6340952040912982E-4
<725,admissions0-0,application3-3,setStatus> 1.640692056050624E-4
<726,stu0-17,transcript0-17,read> 0.0015853182474030343
<727,admissions4-1,stu1-6application1-6,read> 2.52533632205318E-5
<728,fac3-1,roster3-2,read> 0.0016717486551970297
<729,admissions0-1,stu1-6application1-6,setStatus> 3.333833364015876E-5
<730,admissions4-0,stu2-12application2-12,setStatus> 5.935078504418395E-5
<731,stu4-1,gradebook4-7,readMyScores> 9.654923737965952E-5
<732,registrar2-0,roster5-9,write> 9.425744291463813E-5
<733,stu3-5,gradebook3-2,addScore> 1.1045886591669136E-4
<734,stu1-13,stu1-13application1-13,checkStatus> 0.0014478200346414191
<735,fac5-4,gradebook5-8,addScore> 2.6712956104427355E-4
<736,admissions2-0,application2-2,setStatus> 5.83218175262192E-5
<737,admissions0-1,stu0-12application0-12,read> 5.826565498707647E-5
<738,stu1-7,transcript1-7,read> 0.001525814578010089
<739,admissions2-1,stu5-13application5-13,read> 1.7730126837609656E-4
<740,registrar0-1,transcript1-5,read> 3.1077750783267693E-4
<741,fac5-4,gradebook5-9,addScore> 6.764672098288866E-5
<742,registrar4-1,roster4-4,read> 1.2912854259413661E-4
<743,chair1,transcript1-0,read> 0.0015242265171167037
<744,admissions0-1,stu2-9application2-9,setStatus> 2.3451887780887354E-4
<745,admissions0-0,stu3-13application3-13,read> 1.3799514823582766E-4
<746,registrar2-0,roster1-1,read> 2.140374117452469E-4
<747,stu5-15,transcript5-15,read> 1.2251970815978098E-4
<748,stu4-12,gradebook4-3,readMyScores> 1.7516912625251436E-4
<749,fac1-3,gradebook1-7,readScore> 2.1973575046084205E-4
<750,admissions2-1,stu4-3application4-3,setStatus> 2.106439850346468E-4
<751,registrar4-0,transcript2-15,read> 4.033467491664011E-4
<752,registrar0-0,transcript3-14,read> 3.5355208297735695E-4
<753,admissions0-1,application3-3,setStatus> 1.6351397986697424E-4
<754,registrar0-0,roster0-4,write> 1.4397128298019327E-4
<755,admissions2-1,application4-1,read> 1.34127450767289E-4
<756,admissions0-1,application3-2,setStatus> 1.641714326256955E-4
<757,admissions4-1,stu3-16application3-16,read> 3.471559298927666E-5
<758,admissions0-1,application3-0,setStatus> 1.6154162159081034E-4
<759,admissions0-1,application3-4,setStatus> 1.6285652710825292E-4
<760,stu5-0,transcript5-0,read> 0.0014464763521528274
<761,stu3-17,transcript3-17,read> 0.001719201503537163
<762,admissions4-0,application4-4,setStatus> 1.6041321759872656E-4
<763,fac1-4,gradebook1-8,changeScore> 7.555682896866371E-4
<764,admissions2-0,stu3-3application3-3,setStatus> 2.0703897101130177E-4
<765,admissions0-0,stu0-16application0-16,setStatus> 1.5747235364573674E-4
<766,stu4-14,stu4-14application4-14,checkStatus> 0.0018869027247386608
<767,admissions2-0,stu2-15application2-15,read> 3.4657966343396216E-5
<768,fac3-4,gradebook3-8,changeScore> 4.934373057927829E-4
<769,admissions2-0,application4-1,read> 1.3857059613432135E-4
<770,chair4,transcript4-16,read> 0.00209787300309445
<771,admissions4-1,stu4-2application4-2,setStatus> 1.0622843178876498E-4
<772,registrar4-0,transcript4-12,read> 4.3081712616083087E-4
<773,admissions2-1,stu2-15application2-15,read> 3.3546688865451654E-5
<774,registrar0-1,transcript3-19,read> 3.43891430367788E-4
<775,registrar4-1,transcript3-16,read> 4.229796445305587E-4
<776,stu2-4,gradebook2-5,addScore> 4.31630230652775E-4
<777,admissions4-0,stu2-7application2-7,read> 9.126124812328077E-5
<778,stu1-14,gradebook1-7,readMyScores> 4.4794949842170234E-5
<779,stu1-11,gradebook1-1,readMyScores> 9.210331574653144E-5
<780,registrar0-0,roster5-3,write> 8.307736603982374E-5
<781,registrar2-1,transcript3-17,read> 3.6404933378451313E-4
<782,admissions2-1,stu5-15application5-15,read> 3.829106442685907E-5
<783,registrar2-0,transcript0-14,read> 3.4257308974798155E-4
<784,admissions4-0,stu3-0application3-0,read> 7.396834299728127E-5
<785,registrar0-1,transcript1-2,read> 3.1178096003071064E-4
<786,fac4-4,gradebook4-9,addScore> 3.5196147213581517E-4
<787,admissions2-0,stu5-0application5-0,read> 1.1945459348410397E-4
<788,admissions2-1,stu0-6application0-6,read> 5.2524191111081334E-5
<789,admissions0-1,stu1-16application1-16,read> 1.2827122473571943E-4
<790,admissions4-0,stu5-5application5-5,read> 8.681450109088089E-5
<791,admissions4-1,stu0-12application0-12,read> 5.0153967875123546E-5
<792,admissions2-1,stu0-16application0-16,setStatus> 1.2869567988306403E-4
<793,admissions2-0,stu1-6application1-6,read> 2.485488806123347E-5
<794,admissions0-0,stu4-3application4-3,read> 2.268151630161886E-4
<795,admissions0-0,stu3-12application3-12,read> 8.168441991102368E-5
<796,admissions4-0,stu5-16application5-16,read> 1.288115563968797E-4
<797,admissions4-1,stu2-7application2-7,read> 9.198698369483767E-5
<798,registrar0-1,transcript1-8,read> 3.0576024684250865E-4
<799,fac2-3,gradebook2-7,changeScore> 0.002223501799492221
<800,stu4-6,transcript4-6,read> 0.0010349093055182848
<801,registrar0-0,transcript2-18,read> 3.485115400336379E-4
<802,admissions0-1,stu5-2application5-2,setStatus> 1.871822791809407E-4
<803,admissions0-1,stu1-4application1-4,read> 2.2489048215740024E-4
<804,chair2,transcript2-8,read> 0.001093991652633394
<805,admissions4-0,stu1-0application1-0,setStatus> 2.0701422816554345E-4
<806,registrar2-1,roster0-5,write> 1.493743488671571E-4
<807,admissions2-0,stu2-17application2-17,read> 1.0474997606085986E-4
<808,fac5-2,gradebook5-4,changeScore> 5.400383695961347E-4
<809,registrar2-0,roster4-4,read> 1.1128352327210623E-4
<810,admissions0-1,stu5-17application5-17,read> 1.456279775659615E-4
<811,admissions2-0,stu0-6application0-6,read> 5.426412290772172E-5
<812,admissions2-0,stu1-9application1-9,setStatus> 1.6916344128476392E-4
<813,chair4,transcript4-14,read> 0.002086400073374895
<814,admissions4-1,stu3-0application3-0,read> 7.455656043662347E-5
<815,registrar4-1,roster4-3,write> 1.2214398487173596E-4
<816,admissions0-1,stu1-10application1-10,setStatus> 1.424754915878929E-4
<817,admissions0-1,stu1-14application1-14,read> 1.9654111920133817E-4
<818,registrar0-1,transcript1-3,read> 3.127844122287444E-4
<819,admissions0-0,application3-3,read> 1.443809009324549E-4
<820,chair0,transcript0-13,read> 0.001885623803282684
<821,fac4-3,gradebook4-7,addScore> 9.338524223443756E-4
<822,registrar4-1,roster5-9,write> 1.0937222217934626E-4
<823,stu2-3,gradebook2-4,readMyScores> 1.4942337614816392E-4
<824,chair3,transcript3-0,read> 4.1708879917965315E-4
<825,stu4-0,transcript4-0,read> 0.0010398679446343637
<826,stu4-17,stu4-17application4-17,checkStatus> 0.0010448263327713476
<827,registrar0-1,roster0-5,read> 1.962815376882461E-4
<828,registrar4-1,roster5-8,write> 1.0601123199713842E-4
<829,stu0-3,gradebook0-3,addScore> 7.276091392537731E-5
<830,admissions4-1,stu3-4application3-4,setStatus> 5.5861299646522594E-5
<831,registrar4-1,roster5-7,write> 1.0735562807002155E-4
<832,admissions0-0,stu1-16application1-16,read> 1.2870678067709708E-4
<833,registrar4-1,roster5-2,write> 1.194551927259697E-4
<834,registrar0-1,transcript0-10,read> 3.258292908031819E-4
<835,stu0-8,stu0-8application0-8,checkStatus> 0.0017425467718299784
<836,admissions4-0,stu2-5application2-5,read> 1.337523864328796E-4
<837,admissions2-0,stu2-4application2-4,setStatus> 3.54851010734537E-5
<838,fac1-1,roster1-2,read> 0.0028198963270257065
<839,stu0-10,stu0-10application0-10,checkStatus> 0.0023440299089494882
<840,registrar4-1,roster5-1,write> 1.1878299468952815E-4
<841,stu2-16,stu2-16application2-16,checkStatus> 0.0012312861052783956
<842,chair2,transcript2-5,read> 0.0010882551877736163
<843,registrar2-1,transcript0-13,read> 3.451490438920831E-4
<844,registrar0-0,transcript1-6,read> 3.091953050726297E-4
<845,stu4-15,transcript4-15,read> 0.0017935810902783454
<846,registrar2-1,transcript0-12,read> 3.4724907610235315E-4
<847,fac4-4,gradebook4-8,addScore> 3.3116233169690857E-4
<848,fac1-0,gradebook1-1,addScore> 6.126871415961557E-4
<849,registrar4-1,transcript5-7,read> 3.5990417597109666E-4
<850,chair3,transcript3-2,read> 4.3429819375898554E-4
<851,chair3,transcript3-18,read> 0.0019774072410391236
<852,admissions0-1,stu0-16application0-16,setStatus> 1.5693945227976131E-4
<853,stu3-3,stu3-3application3-3,checkStatus> 0.002235762944267976
<854,stu5-10,stu5-10application5-10,checkStatus> 0.00215757013644244
<855,registrar0-1,roster1-5,read> 2.0392762907684838E-4
<856,registrar4-1,roster5-6,write> 1.0197804377848904E-4
<857,registrar4-1,roster5-5,write> 1.0332243985137217E-4
<858,app4-4,application4-4,checkStatus> 0.001718487446345198
<859,admissions0-1,stu2-4application2-4,read> 3.6858993163111266E-5
<860,fac3-3,roster3-7,read> 0.0017770833039886514
<861,chair5,transcript5-0,read> 0.0016733746034709178
<862,registrar4-1,roster5-4,write> 9.928925163272279E-5
<863,admissions0-1,stu3-12application3-12,read> 8.14079920940659E-5
<864,registrar4-1,roster5-3,write> 9.996144966916436E-5
<865,admissions2-1,stu1-9application1-9,read> 1.4409063944624458E-4
<866,stu2-6,gradebook2-1,addScore> 5.931208211570698E-4
<867,stu0-16,transcript0-16,read> 0.0015902768865191132
<868,stu5-1,gradebook5-2,readScore> 7.932012640940855E-5
<869,registrar2-1,transcript5-9,read> 3.136485607380332E-4
<870,registrar4-0,roster0-8,write> 1.824848329222374E-4
<871,registrar4-0,transcript2-1,read> 2.3135830189692763E-4
<872,registrar0-1,roster3-9,read> 1.3052515174626588E-4
<873,stu4-18,transcript4-18,read> 0.001823332924974818
<874,admissions2-1,stu2-17application2-17,read> 1.0139125939357778E-4
<875,registrar0-0,transcript0-10,read> 3.2734125967001805E-4
<876,admissions4-1,stu4-11application4-11,setStatus> 2.0073754490960188E-4
<877,stu2-1,stu2-1application2-1,checkStatus> 0.0013515827327022973
<878,admissions4-0,stu4-2application4-2,setStatus> 1.0539033765236446E-4
<879,registrar4-0,roster5-2,write> 1.1762094792403542E-4
<880,stu4-16,gradebook4-4,addScore> 2.5042786120944247E-4
<881,admissions2-1,stu1-8application1-8,setStatus> 1.3786095085396472E-4
<882,registrar4-0,roster5-3,write> 9.842653297558794E-5
<883,fac4-1,gradebook4-2,changeScore> 0.0012856553904497644
<884,stu2-5,gradebook2-8,readMyScores> 1.9581462930878053E-4
<885,registrar4-0,roster5-4,write> 9.776465659805526E-5
<886,registrar2-0,roster2-5,write> 7.8036955939315E-5
<887,chair4,transcript4-8,read> 0.0011570927660909459
<888,admissions2-0,stu5-17application5-17,setStatus> 1.401998009056467E-4
<889,chair0,transcript0-19,read> 0.001822522689825132
<890,admissions2-1,stu5-10application5-10,setStatus> 1.9339171026589255E-4
<891,stu5-5,stu5-5application5-5,checkStatus> 0.0010568559955137378
<892,stu3-19,stu3-19application3-19,checkStatus> 0.0018207395796555148
<893,registrar4-0,roster5-5,write> 1.0173591486325129E-4
<894,admissions2-1,stu1-1application1-1,read> 1.8631558194277063E-4
<895,registrar0-0,roster2-8,write> 1.0374777821224273E-4
<896,registrar4-0,roster5-1,write> 1.1695907154650276E-4
<897,registrar4-0,roster5-6,write> 1.0041216210818594E-4
<898,app0-1,application0-1,checkStatus> 7.320551014692028E-4
<899,chair4,transcript4-1,read> 0.001208720949828943
<900,registrar0-0,transcript1-1,read> 2.658466357566463E-4
<901,admissions0-1,stu2-5application2-5,setStatus> 1.7797794055884262E-4
<902,registrar0-0,roster0-2,read> 1.9565604247043523E-4
<903,registrar4-0,roster5-7,write> 1.0570717312844732E-4
<904,stu4-6,stu4-6application4-6,checkStatus> 7.079957759844224E-4
<905,chair1,transcript1-18,read> 1.991031345081095E-4
<906,stu4-13,transcript4-13,read> 0.0017836638120461875
<907,registrar4-0,roster5-8,write> 1.0438342037338198E-4
<908,registrar0-0,roster2-9,read> 1.4342135225094393E-4
<909,admissions0-1,stu3-4application3-4,setStatus> 6.489606605878069E-5
<910,registrar4-0,roster5-9,write> 1.0769280226104533E-4
<911,stu2-13,gradebook2-4,readMyScores> 9.686546061138645E-5
<912,admissions0-1,stu2-13application2-13,read> 1.1727861460989948E-4
<913,fac1-3,gradebook1-7,changeScore> 8.545955502687598E-4
<914,app4-2,application4-2,checkStatus> 0.0016884132894892227
<915,registrar2-1,transcript1-7,read> 3.230987056842482E-4
<916,admissions0-0,stu5-2application5-2,read> 1.6527972793959866E-4
<917,admissions0-0,stu4-3application4-3,setStatus> 2.5774450342748705E-4
<918,admissions2-1,stu1-6application1-6,read> 2.4057937742636804E-5
<919,admissions2-0,stu5-19application5-19,setStatus> 3.492810798923991E-5
<920,admissions2-1,stu1-9application1-9,setStatus> 1.6373936300709613E-4
<921,registrar4-0,roster3-5,read> 1.5171792318536702E-4
<922,stu4-5,stu4-5application4-5,checkStatus> 9.305445367186408E-4
<923,admissions0-1,application5-1,setStatus> 2.4766793298329937E-4
<924,registrar4-0,roster0-6,write> 1.7189481088171463E-4
<925,registrar2-0,transcript1-2,read> 3.248019746027589E-4
<926,registrar4-1,roster2-1,write> 9.72726575233981E-5
<927,stu0-14,transcript0-14,read> 0.0016249873603316652
<928,fac1-2,gradebook1-4,changeScore> 8.079944864654078E-4
<929,stu2-0,gradebook2-7,addScore> 5.985656126879476E-4
<930,admissions4-1,stu0-12application0-12,setStatus> 5.69931453126404E-5
<931,registrar2-0,transcript5-6,read> 3.1121229831523563E-4
<932,admissions0-0,stu2-13application2-13,read> 1.1767684420110456E-4
<933,stu2-1,transcript2-1,read> 9.605297187771024E-4
<934,fac1-1,gradebook1-3,addScore> 3.5667907504436123E-4
<935,fac1-1,gradebook1-2,addScore> 1.0782433141780161E-4
<936,admissions2-1,stu5-19application5-19,setStatus> 3.380816865491559E-5
<937,chair2,transcript2-9,read> 0.0011398833715116137
<938,registrar2-1,transcript2-14,read> 3.535491727331631E-4
<939,stu0-19,transcript0-19,read> 0.0015754009691708768
<940,app5-2,application5-2,checkStatus> 0.002277866763866342
<941,registrar2-0,roster2-6,read> 1.455348194298198E-4
<942,registrar2-0,transcript4-8,read> 2.1085776573044862E-4
<943,stu0-8,transcript0-8,read> 5.588799503747177E-4
<944,fac3-0,roster3-1,read> 0.0016928155849553542
<945,admissions4-0,stu0-12application0-12,setStatus> 5.6543495251002206E-5
<946,admissions2-0,stu5-3application5-3,setStatus> 1.619225311899846E-4
<947,admissions0-1,stu0-9application0-9,setStatus> 1.4379039710533552E-4
<948,admissions2-0,stu1-8application1-8,setStatus> 1.4242777324250186E-4
<949,registrar4-0,transcript0-0,read> 2.1344283863969086E-4
<950,admissions2-1,stu3-3application3-3,setStatus> 2.004004468906989E-4
<951,stu2-2,gradebook2-7,addScore> 6.06032127607132E-4
<952,registrar0-1,roster3-5,read> 1.2746671519082493E-4
<953,admissions0-0,stu2-1application2-1,setStatus> 1.4823676090268076E-4
<954,stu2-11,transcript2-11,read> 0.0016497805559120594
<955,admissions4-0,stu4-17application4-17,read> 8.582633508368091E-5
<956,fac4-0,gradebook4-1,changeScore> 0.0012798302574743453
<957,admissions4-0,stu3-14application3-14,setStatus> 1.3065594579100015E-4
<958,admissions2-1,stu4-9application4-9,setStatus> 1.292348134695876E-4
<959,stu1-0,gradebook1-3,readMyScores> 7.802966517672457E-5
<960,registrar0-1,transcript4-14,read> 3.649639265264949E-4
<961,admissions2-0,stu1-3application1-3,read> 1.3562967264967252E-4
<962,stu4-12,gradebook4-4,addScore> 2.4462644357524686E-4
<963,fac3-1,gradebook3-3,changeScore> 5.109127047190399E-4
<964,registrar0-1,transcript2-15,read> 3.388741693776197E-4
<965,admissions4-0,stu1-18application1-18,setStatus> 1.25602824163273E-4
<966,admissions2-0,stu3-0application3-0,setStatus> 8.338650631583987E-5
<967,admissions0-1,stu5-11application5-11,setStatus> 1.3984568055300776E-4
<968,admissions0-1,stu2-1application2-1,setStatus> 1.4773511365766324E-4
<969,admissions4-1,stu2-1application2-1,setStatus> 1.2716757661194441E-4
<970,admissions2-0,stu0-1application0-1,setStatus> 1.7104329294398546E-5
<971,stu5-19,stu5-19application5-19,checkStatus> 3.771800505686923E-4
<972,admissions4-0,stu3-18application3-18,read> 1.55986121594879E-4
<973,registrar2-0,transcript0-19,read> 3.3211949260373295E-4
<974,registrar4-0,transcript4-5,read> 2.480794009370153E-4
<975,fac1-1,gradebook1-3,changeScore> 9.070217470475309E-4
<976,admissions2-1,stu1-16application1-16,setStatus> 1.1953040891216333E-4
<977,registrar2-1,transcript4-15,read> 3.797995753615381E-4
<978,registrar2-1,transcript3-4,read> 8.159500150319875E-5
<979,admissions0-1,stu1-17application1-17,setStatus> 7.870257399192778E-5
<980,registrar4-1,transcript4-12,read> 4.375355218904345E-4
<981,stu5-15,stu5-15application5-15,checkStatus> 4.85447015250204E-4
<982,admissions2-1,stu3-5application3-5,setStatus> 1.1737387456606904E-4
<983,registrar2-1,roster2-1,write> 8.420339451641564E-5
<984,stu1-19,gradebook1-4,readMyScores> 3.828721213534079E-5
<985,registrar2-1,roster2-3,write> 7.605702522257294E-5
<986,registrar2-1,roster2-2,write> 7.780267578553922E-5
<987,registrar2-1,transcript5-8,read> 3.146985768431682E-4
<988,registrar2-1,roster2-5,write> 7.838455930652799E-5
<989,registrar2-1,roster5-2,read> 1.4218263222493658E-4
<990,admissions4-1,stu3-18application3-18,read> 1.5722656788986808E-4
<991,admissions2-0,stu0-5application0-5,read> 1.5817675269864684E-4
<992,registrar2-1,roster2-4,write> 7.896644282751676E-5
<993,admissions2-0,application2-1,setStatus> 5.7764824442005406E-5
<994,admissions4-1,stu2-11application2-11,read> 6.808240322642961E-5
<995,registrar2-1,roster2-7,write> 1.0689685183497737E-4
<996,registrar0-1,transcript4-7,read> 2.0140121824700725E-4
<997,registrar2-1,roster2-6,write> 1.0631496831398863E-4
<998,registrar2-1,roster2-9,write> 1.0864250239794369E-4
<999,registrar4-1,transcript2-3,read> 2.373922081921417E-4
<1000,registrar2-1,roster2-8,write> 1.0806061887695491E-4
<1001,chair3,transcript3-11,read> 0.002029035424777121
<1002,admissions4-0,stu4-4application4-4,read> 1.3572871844727953E-4
<1003,stu3-8,gradebook3-8,readMyScores> 3.645466614979993E-5
<1004,registrar2-0,roster1-5,write> 1.5450496596583832E-4
<1005,admissions4-0,stu0-2application0-2,setStatus> 9.381026725548981E-6
<1006,registrar2-0,roster0-2,read> 2.0288582694971227E-4
<1007,stu0-8,gradebook0-4,addScore> 7.905424978498616E-5
<1008,registrar0-1,transcript2-13,read> 3.3586381278351865E-4
<1009,admissions0-0,stu1-17application1-17,setStatus> 7.896981532976115E-5
<1010,admissions4-1,stu0-5application0-5,setStatus> 1.8262801425171697E-4
<1011,admissions4-0,stu1-10application1-10,read> 1.0707190423848032E-4
<1012,admissions4-0,stu1-1application1-1,setStatus> 2.2048921917281578E-4
<1013,stu2-12,gradebook2-7,readMyScores> 1.5045062033601202E-4
<1014,admissions0-0,stu4-10application4-10,setStatus> 3.87290183778745E-5
<1015,admissions4-1,stu0-2application0-2,setStatus> 9.45562733569251E-6
<1016,fac4-1,gradebook4-3,assignGrade> 4.633234487145009E-4
<1017,admissions4-1,stu5-14application5-14,setStatus> 3.661992332251988E-5
<1018,admissions2-1,stu0-10application0-10,setStatus> 2.1010485144812324E-4
<1019,admissions0-0,stu3-6application3-6,setStatus> 2.47189540292566E-4
<1020,admissions2-1,stu3-17application3-17,read> 1.3460188832342974E-4
<1021,admissions4-1,stu4-3application4-3,setStatus> 2.211107668997224E-4
<1022,registrar0-0,roster2-7,read> 1.4111688062361341E-4
<1023,registrar2-1,transcript0-17,read> 3.356988989458681E-4
<1024,fac2-2,roster2-5,read> 0.0014189454980971378
<1025,admissions4-0,stu0-11application0-11,read> 1.6586778166687865E-4
<1026,registrar4-0,transcript1-5,read> 3.699045510862257E-4
<1027,stu4-10,transcript4-10,read> 0.0016795323906085324
<1028,registrar2-0,transcript1-6,read> 3.2062053574505946E-4
<1029,admissions2-1,stu0-1application0-1,setStatus> 1.655589388616132E-5
<1030,admissions2-0,stu0-4application0-4,setStatus> 1.413137870740743E-4
<1031,admissions4-1,stu2-5application2-5,setStatus> 1.5320002693265398E-4
<1032,admissions4-1,stu2-16application2-16,setStatus> 1.1584911995076637E-4
<1033,admissions4-0,application0-2,read> 5.963993589288166E-5
<1034,admissions0-1,stu5-3application5-3,read> 1.681917562452762E-4
<1035,registrar2-0,transcript4-7,read> 2.0981240601602378E-4
<1036,admissions2-0,stu4-9application4-9,setStatus> 1.335158838950812E-4
<1037,registrar0-1,transcript0-16,read> 3.2181548201104727E-4
<1038,admissions4-1,stu1-10application1-10,read> 1.0792337067377639E-4
<1039,registrar0-1,transcript0-17,read> 3.208120298130136E-4
<1040,stu3-18,stu3-18application3-18,checkStatus> 0.0018989323874810515
<1041,registrar4-0,transcript4-17,read> 4.355945830294274E-4
<1042,admissions4-0,stu5-14application5-14,setStatus> 3.633100874009368E-5
<1043,admissions0-1,application3-3,read> 1.4389230228293733E-4
<1044,admissions0-1,stu4-3application4-3,setStatus> 2.5687227160539746E-4
<1045,admissions4-0,stu2-16application2-16,setStatus> 1.149351229491824E-4
<1046,registrar2-0,transcript1-7,read> 3.216658954594843E-4
<1047,admissions2-1,stu5-16application5-16,read> 1.2368982453219267E-4
<1048,stu2-12,stu2-12application2-12,checkStatus> 6.358177995300814E-4
<1049,stu0-5,stu0-5application0-5,checkStatus> 0.0019410362070794167
<1050,admissions4-1,application2-4,read> 5.762414927150107E-5
<1051,admissions4-1,application2-3,read> 5.66281250853174E-5
<1052,registrar4-0,transcript0-5,read> 1.3342043609069975E-4
<1053,admissions2-1,stu0-4application0-4,setStatus> 1.3678268368091758E-4
<1054,registrar2-1,transcript2-12,read> 3.503991244177581E-4
<1055,admissions4-0,stu3-15application3-15,setStatus> 1.5816738576418117E-4
<1056,admissions0-0,stu4-14application4-14,read> 1.8211489413979778E-4
<1057,admissions0-1,stu3-13application3-13,setStatus> 1.5628199952104002E-4
<1058,chair2,transcript2-14,read> 0.0019315155221609037
<1059,admissions2-0,stu3-17application3-17,read> 1.390607500484295E-4
<1060,admissions4-1,stu0-15application0-15,read> 1.1738560044252125E-4
<1061,stu2-2,gradebook2-7,readScore> 2.2327499438157492E-4
<1062,admissions0-1,stu0-13application0-13,read> 1.9075553492459084E-4
<1063,admissions4-1,stu1-0application1-0,setStatus> 2.086604645724265E-4
<1064,registrar2-1,roster1-4,write> 1.5228376647210095E-4
<1065,admissions0-0,stu3-7application3-7,read> 1.6702129685686065E-4
<1066,admissions4-1,application5-2,read> 1.886013297546537E-4
<1067,registrar0-0,transcript0-16,read> 3.233088253150429E-4
<1068,chair3,transcript3-17,read> 0.0019888801707586786
<1069,stu4-12,stu4-12application4-12,checkStatus> 0.001959080701193002
<1070,registrar0-0,transcript2-12,read> 3.3641423696871233E-4
<1071,stu3-18,gradebook3-2,readMyScores> 1.1341313412906585E-4
<1072,admissions0-0,stu4-11application4-11,read> 2.0591633600904486E-4
<1073,admissions2-0,stu4-17application4-17,setStatus> 9.675434033697087E-5
<1074,admissions4-1,application2-1,read> 5.164800415439905E-5
<1075,admissions2-0,stu5-2application5-2,setStatus> 1.5858057268470187E-4
<1076,admissions4-1,application2-2,read> 5.2146016247490886E-5
<1077,admissions2-0,application4-2,read> 1.3759028830610508E-4
<1078,admissions4-1,application2-0,read> 5.1149992061307216E-5
<1079,admissions4-0,application2-3,read> 5.618135486768176E-5
<1080,admissions4-0,application2-2,read> 5.173460783528188E-5
<1081,admissions4-0,application2-4,read> 5.716952087488173E-5
<1082,admissions0-1,stu1-2application1-2,setStatus> 2.055909564251368E-4
<1083,fac0-2,gradebook0-4,addScore> 3.689198323299354E-5
<1084,admissions0-1,stu0-10application0-10,read> 2.25469040585075E-4
<1085,admissions4-0,stu0-15application0-15,read> 1.1645948130688007E-4
<1086,admissions0-1,stu3-7application3-7,read> 1.6645608096225198E-4
<1087,admissions4-0,stu1-4application1-4,setStatus> 2.182433873382704E-4
<1088,fac0-1,gradebook0-3,changeScore> 3.3615871545647036E-4
<1089,admissions2-0,stu2-1application2-1,setStatus> 1.251609876318743E-4
<1090,admissions0-1,stu4-11application4-11,read> 2.0521949561645925E-4
<1091,admissions0-0,stu1-8application1-8,setStatus> 1.6868700197659038E-4
<1092,registrar4-1,transcript2-4,read> 2.361792184121521E-4
<1093,admissions2-0,stu0-9application0-9,read> 1.0720074563140054E-4
<1094,stu2-9,gradebook2-1,addScore> 5.528691087432168E-4
<1095,admissions0-1,stu1-19application1-19,read> 5.132295385497965E-5
<1096,admissions2-1,stu4-17application4-17,setStatus> 9.365199675903191E-5
<1097,admissions4-0,stu0-5application0-5,setStatus> 1.8118716206827148E-4
<1098,fac2-3,gradebook2-6,assignGrade> 8.003489994351706E-4
<1099,registrar4-0,transcript2-2,read> 2.3016393767977855E-4
<1100,admissions4-0,application2-0,read> 5.074644182808191E-5
<1101,stu5-6,stu5-6application5-6,checkStatus> 3.59135556455107E-4
<1102,admissions4-0,application2-1,read> 5.1240524831681895E-5
<1103,stu0-4,gradebook0-7,addScore> 1.3685696959074044E-4
<1104,app2-0,application2-0,checkStatus> 6.177733054164961E-4
<1105,registrar2-0,roster1-2,read> 2.1324086997413728E-4
<1106,admissions2-0,application5-2,read> 1.8562537188870256E-4
<1107,registrar0-1,roster2-1,read> 1.106453141358998E-4
<1108,registrar4-1,transcript0-17,read> 3.878029409108587E-4
<1109,registrar0-1,roster2-6,read> 1.397004614125887E-4
<1110,registrar0-1,roster2-5,read> 1.0299922274729743E-4
<1111,registrar0-1,roster2-4,read> 1.0376383188615769E-4
<1112,admissions2-0,stu0-15application0-15,setStatus> 1.3128791155822602E-4
<1113,registrar0-1,roster2-3,read> 9.994078619185651E-5
<1114,admissions4-1,stu4-16application4-16,read> 1.4975638649349055E-4
<1115,admissions0-0,stu0-10application0-10,read> 2.2623464004376792E-4
<1116,admissions4-0,stu3-4application3-4,setStatus> 5.542057933372951E-5
<1117,stu2-18,gradebook2-4,addScore> 8.011270200835868E-4
<1118,registrar2-0,transcript4-13,read> 3.760246006095772E-4
<1119,app2-2,application2-2,checkStatus> 6.298029681588862E-4
<1120,registrar0-1,roster5-6,read> 1.1599757810792142E-4
<1121,stu2-17,stu2-17application2-17,checkStatus> 0.0012854195876191514
<1122,fac1-3,gradebook1-6,changeScore> 8.371201513425029E-4
<1123,registrar2-0,roster2-9,write> 1.081607174649151E-4
<1124,stu0-5,transcript0-5,read> 5.539213112586388E-4
<1125,admissions2-1,stu2-1application2-1,setStatus> 1.2114780967173403E-4
<1126,registrar2-0,roster2-7,write> 1.0642280814613045E-4
<1127,admissions2-1,stu4-3application4-3,read> 1.8536670683048917E-4
<1128,registrar2-1,transcript2-13,read> 3.514491405228931E-4
<1129,registrar4-0,transcript4-11,read> 4.081242060349976E-4
<1130,registrar2-0,roster2-8,write> 1.0758141435865353E-4
<1131,registrar2-0,roster2-6,write> 1.0584350503986894E-4
<1132,fac2-4,gradebook2-9,addScore> 0.0015355291508347116
<1133,admissions4-0,stu1-0application1-0,read> 1.8217252078567823E-4
<1134,registrar2-0,roster2-3,write> 7.571974351426884E-5
<1135,registrar2-0,roster1-8,write> 1.5798078460340756E-4
<1136,registrar0-0,roster2-6,read> 1.403487234145033E-4
<1137,chair1,transcript1-19,read> 1.8763020478855454E-4
<1138,stu4-5,gradebook4-8,addScore> 4.092595709179482E-4
<1139,stu2-19,gradebook2-5,addScore> 2.827922200828526E-4
<1140,chair1,transcript1-8,read> 0.0017479486466480247
<1141,registrar2-0,roster3-4,write> 9.367813980837659E-5
<1142,admissions2-1,stu0-5application0-5,read> 1.531049530129187E-4
<1143,registrar0-1,transcript3-16,read> 3.4991214355599003E-4
<1144,registrar2-0,roster2-4,write> 7.861625904557654E-5
<1145,admissions4-1,stu5-17application5-17,setStatus> 1.424474931045348E-4
<1146,registrar2-0,roster2-1,write> 8.382998700193041E-5
<1147,admissions0-1,stu5-5application5-5,read> 1.016575370626816E-4
<1148,chair3,transcript3-5,read> 4.40034658618763E-4
<1149,admissions0-1,stu2-17application2-17,setStatus> 1.4050313331172905E-4
<1150,registrar2-0,roster2-2,write> 7.745765283305345E-5
<1151,registrar0-0,transcript0-12,read> 3.3338991120248094E-4
<1152,fac3-4,gradebook3-9,assignGrade> 1.783080138457864E-4
<1153,admissions4-1,stu3-15application3-15,setStatus> 1.594251780963019E-4
<1154,registrar0-1,roster4-5,write> 7.657676375554774E-5
<1155,registrar0-0,roster2-1,read> 1.1115874946831697E-4
<1156,registrar0-0,roster2-3,read> 1.0040454854077465E-4
<1157,registrar0-0,roster2-2,read> 1.0270902016810512E-4
<1158,admissions0-0,stu3-17application3-17,setStatus> 1.871581874627023E-4
<1159,registrar0-0,roster2-5,read> 1.0347717737721529E-4
<1160,admissions0-1,stu3-3application3-3,setStatus> 2.4438066918969285E-4
<1161,registrar2-0,transcript0-17,read> 3.342102120325826E-4
<1162,admissions2-0,application3-3,read> 1.2190536305464469E-4
<1163,stu0-5,gradebook0-3,addScore> 7.326707680485821E-5
<1164,fac1-4,gradebook1-9,changeScore> 7.73043688612894E-4
<1165,stu4-6,gradebook4-9,readMyScores> 1.6062331834383847E-4
<1166,admissions2-1,stu2-5application2-5,read> 1.284342000936001E-4
<1167,admissions2-1,stu5-2application5-2,setStatus> 1.534958248631483E-4
<1168,admissions2-1,stu5-1application5-1,setStatus> 3.272990148186844E-5
<1169,admissions2-1,application0-3,read> 5.869187934091099E-5
<1170,admissions0-0,stu5-5application5-5,read> 1.0200272394574672E-4
<1171,admissions2-0,application0-1,read> 5.965581596291123E-5
<1172,chair5,transcript5-14,read> 1.474749507701123E-4
<1173,registrar0-1,transcript0-13,read> 3.2984309959531666E-4
<1174,admissions2-0,application0-0,read> 6.161643161934378E-5
<1175,registrar2-0,transcript1-5,read> 3.23756614888334E-4
<1176,admissions2-0,application0-4,setStatus> 6.834769304206747E-5
<1177,registrar4-0,roster5-1,read> 1.6081872337644128E-4
<1178,registrar4-0,transcript4-18,read> 4.391776756808747E-4
<1179,registrar2-1,roster0-9,write> 1.6159390280792114E-4
<1180,stu3-7,stu3-7application3-7,checkStatus> 0.0017305171090875883
<1181,admissions2-1,stu3-13application3-13,setStatus> 1.2815654629654046E-4
<1182,admissions0-1,stu0-2application0-2,setStatus> 1.0984939843634889E-5
<1183,stu4-16,gradebook4-8,readMyScores> 6.084490033686478E-5
<1184,admissions4-1,stu0-18application0-18,read> 1.950754869648475E-4
<1185,admissions0-1,stu5-6application5-6,read> 3.454475945241232E-5
<1186,registrar2-1,roster1-9,read> 2.1899125699545335E-4
<1187,admissions2-1,stu3-8application3-8,read> 1.5025832767607422E-4
<1188,fac1-3,gradebook1-6,assignGrade> 2.9897148262232246E-4
<1189,admissions4-1,application4-2,read> 1.3979614463165385E-4
<1190,admissions2-0,stu2-5application2-5,read> 1.3268874916502372E-4
<1191,registrar0-0,roster1-1,read> 2.0641024339797755E-4
<1192,admissions4-1,stu3-3application3-3,setStatus> 2.103582330716032E-4
<1193,admissions0-1,stu4-4application4-4,read> 1.589348214024804E-4
<1194,fac1-3,gradebook1-7,addScore> 5.964256083937142E-4
<1195,registrar4-1,roster3-1,read> 1.4853826089638678E-4
<1196,admissions2-0,stu0-12application0-12,read> 4.936258376664034E-5
<1197,fac1-1,roster1-3,read> 0.002767229002629896
<1198,registrar0-1,transcript2-18,read> 3.46901786961889E-4
<1199,admissions4-0,stu1-5application1-5,read> 1.0608373823128035E-4
<1200,app1-4,application1-4,checkStatus> 1.7267578394805915E-4
<1201,admissions0-1,stu4-0application4-0,read> 6.867970668522172E-5
<1202,admissions2-1,stu3-14application3-14,read> 1.104055729602519E-4
<1203,registrar4-1,roster5-7,read> 1.4761398859627962E-4
<1204,admissions0-1,stu3-6application3-6,read> 2.1679066416995397E-4
<1205,stu1-1,gradebook1-9,addScore> 2.5807388221344937E-4
<1206,stu4-17,gradebook4-6,readMyScores> 5.172378114216623E-5
<1207,registrar4-1,roster1-9,read> 2.529810308084949E-4
<1208,registrar4-0,roster1-6,write> 1.7520419276937797E-4
<1209,registrar2-1,transcript3-15,read> 3.671993820999181E-4
<1210,stu4-17,gradebook4-8,readMyScores> 6.131474512711084E-5
<1211,stu4-17,gradebook4-7,readMyScores> 4.855366272849929E-5
<1212,admissions2-0,application0-4,read> 6.014596987701937E-5
<1213,admissions0-1,stu0-13application0-13,setStatus> 2.1676765332339872E-4
<1214,registrar4-0,transcript1-6,read> 3.663214584347784E-4
<1215,admissions2-0,application0-3,setStatus> 6.890468612628125E-5
<1216,stu1-14,transcript1-14,read> 1.9194065578488455E-4
<1217,stu3-17,stu3-17application3-17,checkStatus> 0.001706457783602808
<1218,stu1-10,gradebook1-6,readMyScores> 4.5860950418063747E-5
<1219,admissions0-0,stu1-19application1-19,read> 5.149722534514936E-5
<1220,stu2-15,gradebook2-9,readMyScores> 9.65927686386269E-5
<1221,chair4,transcript4-7,read> 0.0011513563012311686
<1222,registrar0-1,roster4-1,write> 9.993209745164217E-5
<1223,registrar4-1,transcript2-14,read> 4.0842376717068287E-4
<1224,admissions4-1,stu0-15application0-15,setStatus> 1.3339272777559234E-4
<1225,admissions2-0,application0-2,setStatus> 6.723370687363989E-5
<1226,registrar0-1,transcript4-19,read> 3.67974283120596E-4
<1227,admissions2-0,application0-2,read> 5.9165662048803095E-5
<1228,admissions2-0,application0-1,setStatus> 6.779069995785367E-5
<1229,admissions2-0,application0-3,read> 6.0636123791127495E-5
<1230,admissions2-0,application0-0,setStatus> 7.001867229470886E-5
<1231,admissions2-1,application0-0,read> 5.964075445319247E-5
<1232,admissions4-1,stu1-12application1-12,setStatus> 1.3395865060865128E-4
<1233,admissions0-0,stu5-16application5-16,read> 1.5134717660150284E-4
<1234,admissions4-0,stu0-10application0-10,setStatus> 2.1880484529690679E-4
<1235,admissions2-1,application0-2,read> 5.726856667248876E-5
<1236,admissions2-1,application0-1,read> 5.7743004228629504E-5
<1237,admissions0-0,stu5-6application5-6,read> 3.466205914495022E-5
<1238,stu1-7,gradebook1-6,readMyScores> 9.515642135201771E-5
<1239,registrar0-1,roster2-8,read> 1.4199428882916937E-4
<1240,registrar0-1,roster2-7,read> 1.404650705514489E-4
<1241,admissions2-0,stu1-9application1-9,read> 1.4886382833059224E-4
<1242,admissions4-0,stu3-7application3-7,setStatus> 1.6153613351599927E-4
<1243,admissions2-0,stu3-14application3-14,read> 1.1406290042891449E-4
<1244,stu3-8,gradebook3-7,addScore> 1.586503340664998E-4
<1245,stu2-16,gradebook2-2,readMyScores> 2.0206244694226586E-4
<1246,stu4-16,gradebook4-7,readMyScores> 4.818160401027324E-5
<1247,registrar2-1,transcript3-16,read> 3.661493659947831E-4
<1248,stu2-4,gradebook2-9,readMyScores> 1.5214132568320464E-4
<1249,admissions2-1,application0-0,setStatus> 6.777358460590054E-5
<1250,admissions0-1,stu4-16application4-16,read> 1.7397734052202355E-4
<1251,admissions4-1,stu2-3application2-3,setStatus> 7.227306180523079E-5
<1252,registrar4-1,transcript2-15,read> 4.096367569506725E-4
<1253,admissions0-0,stu1-6application1-6,setStatus> 3.3451536810413966E-5
<1254,chair2,transcript2-0,read> 0.0013406596416038249
<1255,admissions0-0,application3-2,read> 1.4496142390487557E-4
<1256,admissions2-1,application0-2,setStatus> 6.507791667328269E-5
<1257,registrar0-1,transcript3-12,read> 3.539259523481247E-4
<1258,chair2,transcript2-1,read> 0.0011112010472127262
<1259,stu4-16,gradebook4-2,readMyScores> 8.750504448623457E-5
<1260,admissions2-1,application0-1,setStatus> 6.561705025980626E-5
<1261,chair1,transcript1-6,read> 0.00175942157636758
<1262,stu0-17,gradebook0-6,readScore> 4.2396036129019364E-5
<1263,admissions2-1,application0-4,read> 5.821744178477025E-5
<1264,stu2-10,gradebook2-5,addScore> 3.1080878677836743E-4
<1265,registrar4-1,transcript2-11,read> 4.035718080507242E-4
<1266,chair2,transcript2-2,read> 0.0011054645823529489
<1267,stu1-2,gradebook1-6,addScore> 3.6004838721011404E-4
<1268,registrar4-1,transcript4-11,read> 4.144887160706311E-4
<1269,admissions4-0,stu1-14application1-14,setStatus> 1.9073194736508932E-4
<1270,stu4-16,gradebook4-1,readMyScores> 6.874584883060424E-5
<1271,stu1-19,gradebook1-5,readScore> 8.55002639893131E-5
<1272,admissions2-1,application0-4,setStatus> 6.615618384632984E-5
<1273,admissions2-1,application4-3,setStatus> 1.5457409203619544E-4
<1274,stu0-19,stu0-19application0-19,checkStatus> 0.0011891822856800298
<1275,chair2,transcript2-3,read> 0.0011226739769322812
<1276,registrar0-0,transcript1-7,read> 3.1020341366137354E-4
<1277,admissions0-1,stu0-8application0-8,setStatus> 1.904695429745471E-4
<1278,admissions2-1,application0-3,setStatus> 6.669531743285341E-5
<1279,admissions4-1,stu4-0application4-0,read> 5.911818555077657E-5
<1280,registrar4-1,roster2-8,read> 1.7164506839906552E-4
<1281,admissions4-1,stu3-7application3-7,setStatus> 1.6282071509465535E-4
<1282,admissions4-1,stu3-12application3-12,setStatus> 7.963005863499655E-5
<1283,admissions2-1,stu2-11application2-11,read> 6.485956757074063E-5
<1284,admissions0-1,stu5-3application5-3,setStatus> 1.911269957332684E-4
<1285,admissions2-0,stu1-15application1-15,read> 1.3660998047788879E-4
<1286,stu0-14,gradebook0-1,readMyScores> 2.531417468434037E-5
<1287,admissions0-0,stu5-3application5-3,setStatus> 1.9177598383423027E-4
<1288,registrar2-1,transcript2-15,read> 3.545991888382981E-4
<1289,admissions2-0,stu2-13application2-13,read> 9.935828300567035E-5
<1290,registrar0-1,roster4-2,read> 1.3817124313486823E-4
<1291,admissions0-0,stu2-16application2-16,setStatus> 1.3504305698402942E-4
<1292,stu3-9,gradebook3-6,addScore> 2.1739724816033406E-4
<1293,admissions0-1,stu5-0application5-0,setStatus> 1.6022671607336778E-4
<1294,admissions0-0,stu1-2application1-2,setStatus> 2.0628905814474677E-4
<1295,stu4-19,gradebook4-3,readMyScores> 1.86247015659788E-4
<1296,stu4-19,gradebook4-6,readMyScores> 5.3309184395565956E-5
<1297,registrar2-1,roster3-7,read> 1.3498182365270065E-4
<1298,stu4-19,gradebook4-8,readMyScores> 6.319412428809508E-5
<1299,admissions4-0,stu1-7application1-7,read> 3.0489038680482475E-5
<1300,registrar2-1,transcript4-19,read> 3.85049655887213E-4
<1301,admissions0-0,stu0-2application0-2,setStatus> 1.1022240148706655E-5
<1302,registrar0-0,transcript4-16,read> 3.6867371180851396E-4
<1303,admissions2-1,stu0-12application0-12,read> 4.7779815549673914E-5
<1304,admissions4-0,stu3-3application3-3,setStatus> 2.0869860204145247E-4
<1305,stu4-18,gradebook4-5,readMyScores> 6.161729102354534E-5
<1306,stu4-18,gradebook4-4,readMyScores> 7.928805636650232E-5
<1307,stu4-18,gradebook4-2,readMyScores> 9.020790300318392E-5
<1308,admissions2-1,stu4-13application4-13,read> 1.697102674778447E-4
<1309,registrar0-0,roster3-2,write> 8.86639639242613E-5
<1310,admissions2-1,stu2-12application2-12,read> 5.0152003330377624E-5
<1311,admissions2-1,stu3-7application3-7,read> 1.3649963854799272E-4
<1312,admissions0-1,stu5-18application5-18,read> 1.3174257530176785E-4
<1313,stu4-18,gradebook4-9,readMyScores> 7.95666530571519E-5
<1314,admissions0-0,stu3-10application3-10,setStatus> 6.709548180297492E-5
<1315,admissions0-1,stu0-9application0-9,read> 1.2653554945269525E-4
<1316,registrar2-1,roster4-4,read> 1.1177921825327376E-4
<1317,registrar2-1,roster4-5,read> 1.1017903857055466E-4
<1318,registrar2-1,roster4-6,read> 1.1657975730143103E-4
<1319,admissions0-0,stu4-1application4-1,read> 2.1056051978841014E-4
<1320,registrar2-1,roster4-1,read> 1.437828119076557E-4
<1321,admissions2-0,stu2-6application2-6,setStatus> 1.557956072636329E-4
<1322,admissions0-1,stu2-6application2-6,setStatus> 1.8389501538733423E-4
<1323,admissions0-1,stu0-0application0-0,setStatus> 1.589118105559252E-4
<1324,registrar0-1,roster0-8,write> 1.5331571732842946E-4
<1325,admissions0-0,stu1-18application1-18,read> 1.298678266219384E-4
<1326,stu5-8,transcript5-8,read> 0.001486145465081458
<1327,registrar0-1,transcript1-6,read> 3.07767151238576E-4
<1328,registrar2-1,roster4-2,read> 1.4458290174901528E-4
<1329,registrar0-1,roster0-9,write> 1.5442787607586255E-4
<1330,registrar0-1,roster0-6,write> 1.4441844734896492E-4
<1331,registrar0-1,roster0-7,write> 1.438623679752484E-4
<1332,registrar0-1,roster0-4,write> 1.4330628860153186E-4
<1333,registrar0-1,roster0-5,write> 1.4275020922781533E-4
<1334,registrar0-1,roster0-2,write> 1.4163805048038225E-4
<1335,admissions0-0,stu5-3application5-3,read> 1.6876286577412262E-4
<1336,registrar4-0,roster1-6,read> 2.409057650578947E-4
<1337,stu2-17,gradebook2-9,readMyScores> 1.0214762434308465E-4
<1338,admissions4-1,stu1-7application1-7,read> 3.073149624454198E-5
<1339,stu5-11,stu5-11application5-11,checkStatus> 0.0012794047562479562
<1340,registrar4-1,transcript0-5,read> 1.3550106667301086E-4
<1341,registrar4-0,transcript1-3,read> 3.7229327952052407E-4
<1342,registrar0-1,roster0-1,write> 1.3941373298551613E-4
<1343,admissions0-1,stu3-8application3-8,read> 1.8323427536481933E-4
<1344,admissions2-0,stu0-0application0-0,read> 1.1847428565588772E-4
<1345,admissions0-0,stu3-7application3-7,setStatus> 1.8979692824643257E-4
<1346,registrar2-0,roster4-7,read> 1.1367314858543506E-4
<1347,registrar4-0,transcript3-12,read> 4.212622124236379E-4
<1348,registrar2-1,roster4-9,write> 7.489325818059541E-5
<1349,admissions0-0,stu0-4application0-4,setStatus> 1.6736763158472525E-4
<1350,admissions0-1,stu3-1application3-1,read> 1.8612706750319297E-4
<1351,registrar2-0,roster4-9,read> 1.0252156378990042E-4
<1352,admissions0-1,stu2-14application2-14,setStatus> 7.14705936459936E-5
<1353,registrar2-0,roster4-8,read> 1.0491118910322926E-4
<1354,registrar2-0,roster4-5,read> 1.09690439729887E-4
<1355,stu5-13,gradebook5-9,readMyScores> 2.1430065719811754E-5
<1356,registrar2-0,roster4-2,read> 1.4394173588760055E-4
<1357,registrar2-0,roster4-3,read> 1.4473827765871015E-4
<1358,admissions0-1,stu3-10application3-10,setStatus> 6.686842433494455E-5
<1359,admissions0-1,stu4-10application4-10,setStatus> 3.859795570992908E-5
<1360,registrar2-0,roster4-1,read> 1.431451941164909E-4
<1361,admissions2-0,stu0-18application0-18,read> 1.919973727721083E-4
<1362,admissions2-1,stu0-15application0-15,setStatus> 1.270782791234933E-4
<1363,admissions0-0,stu3-1application3-1,setStatus> 2.1222622490813984E-4
<1364,admissions4-1,stu1-17application1-17,read> 5.9616197643868414E-5
<1365,admissions0-1,stu3-7application3-7,setStatus> 1.8915463745710452E-4
<1366,admissions2-1,stu1-15application1-15,read> 1.3222970054272603E-4
<1367,admissions0-1,stu1-3application1-3,setStatus> 1.8192265711117035E-4
<1368,admissions4-1,stu4-13application4-13,read> 1.7814307579972519E-4
<1369,registrar4-0,transcript4-1,read> 2.5166249358846274E-4
<1370,registrar4-0,transcript4-2,read> 2.5285685780561184E-4
<1371,admissions0-0,stu5-18application5-18,read> 1.3218991851162104E-4
<1372,registrar4-0,transcript4-9,read> 2.4330194406841887E-4
<1373,registrar4-0,transcript4-8,read> 2.409132156341206E-4
<1374,admissions0-0,stu4-15application4-15,setStatus> 1.564003652023463E-5
<1375,registrar4-0,transcript4-6,read> 2.4927376515416447E-4
<1376,admissions4-1,stu4-14application4-14,read> 1.5623054370368438E-4
<1377,registrar4-0,transcript4-4,read> 2.468850367198662E-4
<1378,fac3-4,gradebook3-8,addScore> 1.5747383361621307E-4
<1379,registrar4-0,transcript4-3,read> 2.456906725027171E-4
<1380,fac2-3,gradebook2-7,assignGrade> 7.941077855329361E-4
<1381,stu1-7,gradebook1-2,addScore> 1.7332853275694388E-4
<1382,admissions4-0,stu3-1application3-1,setStatus> 1.8062570410963508E-4
<1383,admissions0-0,stu1-3application1-3,setStatus> 1.825403910911743E-4
<1384,admissions2-1,stu3-4application3-4,setStatus> 5.321697776976413E-5
<1385,admissions2-1,stu2-6application2-6,read> 1.327041380988668E-4
<1386,registrar0-0,roster0-7,write> 1.4452994276863704E-4
<1387,admissions4-1,stu2-18application2-18,read> 1.5025439858658236E-4
<1388,registrar2-1,transcript4-13,read> 3.77699543151268E-4
<1389,registrar2-0,roster0-5,write> 1.4871193490322292E-4
<1390,registrar0-0,roster0-8,write> 1.540271591721809E-4
<1391,stu0-8,gradebook0-8,readMyScores> 3.061172739156698E-5
<1392,registrar2-0,transcript2-16,read> 3.561627660355048E-4
<1393,admissions4-0,application5-4,read> 1.89583765839678E-4
<1394,registrar0-0,roster0-9,write> 1.5514447874906843E-4
<1395,admissions0-1,stu4-1application4-1,read> 2.0984796303785715E-4
<1396,stu1-8,gradebook1-2,addScore> 1.8068855537931944E-4
<1397,admissions2-1,stu3-5application3-5,read> 1.0328900961814074E-4
<1398,admissions0-1,stu3-9application3-9,read> 9.471483593058479E-5
<1399,admissions0-0,stu4-4application4-4,read> 1.5947449821539204E-4
<1400,admissions2-1,stu0-17application0-17,setStatus> 2.009395804772225E-4
<1401,stu5-2,gradebook5-7,readScore> 7.505627135733795E-5
<1402,app0-3,application0-3,checkStatus> 7.440847642115931E-4
<1403,registrar0-1,transcript4-16,read> 3.6697083092256236E-4
<1404,registrar4-1,transcript4-0,read> 2.543740651119969E-4
<1405,registrar4-1,transcript4-1,read> 2.555870548919865E-4
<1406,fac3-1,gradebook3-2,changeScore> 5.050875717436209E-4
<1407,registrar4-1,transcript4-2,read> 2.5680004467197614E-4
<1408,registrar4-1,transcript3-9,read> 8.21295163534661E-5
<1409,registrar0-0,roster0-1,write> 1.4006066446108697E-4
<1410,registrar4-1,transcript4-3,read> 2.4952210599203824E-4
<1411,registrar0-0,roster0-2,write> 1.42295303614862E-4
<1412,registrar0-0,roster0-3,write> 1.4117798403797448E-4
<1413,admissions0-1,stu1-1application1-1,setStatus> 2.5818717712284E-4
<1414,registrar0-0,roster0-5,write> 1.4341262319174952E-4
<1415,stu3-15,gradebook3-8,addScore> 1.8689801013965776E-4
<1416,registrar0-0,roster0-6,write> 1.450886025570808E-4
<1417,registrar4-1,transcript4-9,read> 2.470961264320589E-4
<1418,registrar4-1,transcript4-8,read> 2.446701468720796E-4
<1419,admissions2-1,stu0-0application0-0,read> 1.1467551096551856E-4
<1420,stu4-0,gradebook4-3,addScore> 4.8434782130958896E-4
<1421,registrar4-1,transcript4-5,read> 2.519480855520175E-4
<1422,registrar4-1,transcript4-4,read> 2.5073509577202787E-4
<1423,stu5-19,transcript5-19,read> 9.276787346330803E-5
<1424,admissions0-1,stu4-15application4-15,setStatus> 1.5587109154683923E-5
<1425,registrar4-1,transcript4-6,read> 2.5316107533200724E-4
<1426,admissions0-1,stu1-18application1-18,read> 1.2942834159106892E-4
<1427,admissions0-1,stu2-7application2-7,setStatus> 1.2143700330881164E-4
<1428,fac0-1,roster0-3,read> 0.0026618943538382744
<1429,admissions2-1,stu0-0application0-0,setStatus> 1.3031308064263475E-4
<1430,registrar2-1,roster4-9,read> 1.0297822999831869E-4
<1431,registrar2-1,roster4-8,read> 1.0537849952239734E-4
<1432,registrar4-0,transcript3-13,read> 4.200678482064888E-4
<1433,admissions4-1,stu2-4application2-4,read> 3.172752043072565E-5
<1434,registrar2-1,roster4-7,read> 1.1417948777735238E-4
<1435,admissions4-0,application3-2,setStatus> 1.4020073108781804E-4
<1436,admissions0-0,stu0-15application0-15,setStatus> 1.5549329805793902E-4
<1437,admissions0-0,stu4-0application4-0,read> 6.891291451776915E-5
<1438,registrar0-1,transcript5-6,read> 2.9873608145627295E-4
<1439,fac4-4,roster4-9,read> 0.0013557447088221647
<1440,admissions2-1,stu1-18application1-18,setStatus> 1.2060867608521047E-4
<1441,registrar2-1,transcript3-7,read> 8.264501760833376E-5
<1442,registrar4-0,transcript2-7,read> 2.2896957346262942E-4
<1443,registrar2-1,transcript3-8,read> 7.214485655698377E-5
<1444,stu1-14,gradebook1-2,addScore> 7.985624545277458E-5
<1445,admissions4-0,stu1-2application1-2,read> 1.54503872584079E-4
<1446,registrar2-1,transcript3-9,read> 7.109484045184878E-5
<1447,admissions0-0,stu0-1application0-1,setStatus> 2.0257832891762604E-5
<1448,registrar2-1,transcript3-3,read> 7.739493708265877E-5
<1449,admissions2-0,stu1-1application1-1,read> 1.9248752668621645E-4
<1450,fac3-3,gradebook3-7,readScore> 3.1591686107602146E-5
<1451,fac3-3,gradebook3-6,readScore> 4.378456857685324E-5
<1452,fac2-0,gradebook2-1,readScore> 1.33030040253214E-4
<1453,registrar4-1,roster5-8,read> 1.4576544399606532E-4
<1454,admissions4-1,stu3-14application3-14,setStatus> 1.3169495927641567E-4
<1455,admissions0-1,stu0-10application0-10,setStatus> 2.5621481884667617E-4
<1456,fac4-2,gradebook4-4,addScore> 4.225365843572446E-4
<1457,fac5-1,gradebook5-3,changeScore> 5.633389014978107E-4
<1458,registrar4-1,roster5-9,read> 1.503868054966011E-4
<1459,stu5-10,gradebook5-5,addScore> 1.2517968125682138E-4
<1460,registrar4-0,roster3-8,read> 1.5444816324268931E-4
<1461,admissions4-0,stu0-12application0-12,read> 4.975827582088194E-5
<1462,admissions4-1,stu3-9application3-9,setStatus> 9.264628379535131E-5
<1463,registrar0-0,roster2-9,write> 1.0430643800068649E-4
<1464,registrar0-0,roster2-7,write> 1.0263045863535522E-4
<1465,registrar0-0,roster2-6,write> 1.0207179884691148E-4
<1466,admissions0-1,stu3-14application3-14,read> 1.3463536744014155E-4
<1467,registrar0-0,roster2-5,write> 7.525612900161112E-5
<1468,admissions0-1,stu0-7application0-7,read> 1.2479987416967104E-4
<1469,registrar2-1,transcript3-0,read> 7.634492097752378E-5
<1470,registrar0-0,roster2-4,write> 7.581478879005491E-5
<1471,registrar0-0,roster2-3,write> 7.302148984783611E-5
<1472,admissions2-0,stu5-19application5-19,read> 3.0736735030531115E-5
<1473,registrar2-1,transcript5-0,read> 3.062984480020882E-4
<1474,registrar2-1,transcript3-2,read> 7.949496929292877E-5
<1475,admissions4-1,stu5-19application5-19,read> 3.122950833763382E-5
<1476,registrar4-1,transcript3-19,read> 4.157017058506208E-4
<1477,registrar2-1,transcript3-1,read> 7.529490487238877E-5
<1478,registrar2-0,transcript3-8,read> 7.18249237119417E-5
<1479,registrar2-0,transcript3-9,read> 7.077956399751684E-5
<1480,registrar2-0,transcript3-6,read> 8.332388057061522E-5
<1481,admissions4-1,stu2-1application2-1,read> 1.1190746741851107E-4
<1482,registrar2-0,transcript3-7,read> 8.227852085619036E-5
<1483,stu2-16,transcript2-16,read> 0.0016894496688406898
<1484,registrar2-0,transcript3-4,read> 8.123316114176549E-5
<1485,registrar2-1,transcript3-10,read> 3.7349947873072803E-4
<1486,registrar2-0,transcript3-5,read> 8.018780142734063E-5
<1487,stu4-8,stu4-8application4-8,checkStatus> 9.96707681801787E-4
<1488,fac3-4,gradebook3-8,readScore> 5.801667554281533E-5
<1489,registrar0-0,roster3-4,read> 1.242174220231898E-4
<1490,registrar2-0,transcript3-2,read> 7.914244171291576E-5
<1491,registrar2-0,transcript3-3,read> 7.705172228406603E-5
<1492,fac2-0,gradebook2-1,assignGrade> 7.712233345580757E-4
<1493,admissions4-1,stu0-11application0-11,read> 1.6718680975170473E-4
<1494,stu5-11,gradebook5-4,addScore> 7.197751306051461E-5
<1495,admissions0-0,stu3-14application3-14,read> 1.3509253337372438E-4
<1496,registrar2-0,transcript3-1,read> 7.496100285521631E-5
<1497,stu4-10,gradebook4-8,readMyScores> 6.0375055546618714E-5
<1498,stu0-0,stu0-0application0-0,checkStatus> 0.001453834866012614
<1499,registrar2-0,transcript3-0,read> 7.600636256964117E-5
<1500,stu4-10,gradebook4-9,readMyScores> 7.658662859808254E-5
<1501,admissions2-1,stu3-4application3-4,read> 4.683094043739243E-5
<1502,admissions4-0,stu0-19application0-19,read> 9.768432717008059E-5
<1503,fac3-1,gradebook3-3,readScore> 6.2764307655537E-5
<1504,registrar4-1,transcript5-4,read> 3.5869118619110703E-4
<1505,admissions2-0,stu3-5application3-5,read> 1.067105917172924E-4
<1506,fac3-1,gradebook3-2,readScore> 2.231203436741143E-5
<1507,registrar4-0,roster5-6,read> 1.3806672289875567E-4
<1508,registrar4-1,transcript2-18,read> 4.193406751905897E-4
<1509,registrar4-0,roster5-5,read> 1.398868829369705E-4
<1510,registrar4-0,roster5-4,read> 1.3442640282232597E-4
<1511,registrar4-0,roster5-3,read> 1.353364828414334E-4
<1512,registrar4-0,roster5-2,read> 1.617288033955487E-4
<1513,admissions4-0,stu0-13application0-13,read> 1.6290328364527878E-4
<1514,registrar0-1,roster4-6,read> 1.1140992327476003E-4
<1515,admissions2-1,stu2-3application2-3,read> 6.058962956547396E-5
<1516,admissions4-1,stu0-19application0-19,read> 9.846114090503153E-5
<1517,registrar0-1,roster2-2,write> 7.435244626068159E-5
<1518,registrar0-1,roster5-7,read> 1.221144512188033E-4
<1519,registrar2-0,roster3-1,write> 9.309883670211504E-5
<1520,admissions4-1,stu1-13application1-13,read> 1.1987566090798046E-4
<1521,registrar4-0,roster5-7,read> 1.4534736305161507E-4
<1522,registrar4-0,roster5-8,read> 1.4352720301340024E-4
<1523,stu4-13,gradebook4-2,readMyScores> 8.480218596928524E-5
<1524,stu2-9,transcript2-9,read> 9.853229143574967E-4
<1525,fac3-2,gradebook3-5,readScore> 6.0690023626568905E-5
<1526,stu1-6,transcript1-6,read> 0.00152085593889401
<1527,registrar4-0,roster5-9,read> 1.4807760310893732E-4
<1528,registrar4-1,transcript1-4,read> 3.744600533309725E-4
<1529,registrar4-0,transcript5-12,read> 3.54825702844718E-5
<1530,fac3-2,gradebook3-4,readScore> 5.946175439004172E-5
<1531,admissions0-0,stu3-11application3-11,setStatus> 1.6274983521319728E-4
<1532,stu3-0,stu3-0application3-0,checkStatus> 9.004703798626655E-4
<1533,registrar4-1,roster5-5,read> 1.4206835479563674E-4
<1534,registrar0-1,roster2-7,write> 1.021564149465083E-4
<1535,registrar2-0,transcript0-8,read> 1.1782075114663576E-4
<1536,registrar4-1,roster5-4,read> 1.3652272099499383E-4
<1537,registrar0-1,roster2-6,write> 1.0160033557279179E-4
<1538,registrar0-1,roster2-9,write> 1.0382465306765792E-4
<1539,registrar4-1,roster5-6,read> 1.4021981019542244E-4
<1540,registrar0-1,roster2-8,write> 1.0326857369394137E-4
<1541,registrar4-1,roster5-1,read> 1.633266176981012E-4
<1542,registrar4-1,roster5-3,read> 1.3744699329510098E-4
<1543,admissions0-1,application3-2,read> 1.4447086071061203E-4
<1544,chair3,transcript3-6,read> 4.572440531980954E-4
<1545,registrar4-1,roster5-2,read> 1.6425088999820833E-4
<1546,registrar0-1,roster2-1,write> 8.046931937156349E-5
<1547,admissions4-0,stu5-19application5-19,read> 3.0983121684082466E-5
<1548,registrar0-1,roster2-3,write> 7.268420813953201E-5
<1549,registrar0-1,roster2-5,write> 7.490852563439813E-5
<1550,registrar2-0,transcript3-17,read> 3.624349243220541E-4
<1551,registrar0-1,roster2-4,write> 7.546460500811469E-5
<1552,admissions0-0,stu3-19application3-19,setStatus> 1.9969220618542107E-4
<1553,stu1-11,transcript1-11,read> 2.018579340170422E-4
<1554,admissions4-0,application2-0,setStatus> 5.7666411168274903E-5
<1555,fac1-3,gradebook1-6,addScore> 2.2418107128176912E-4
<1556,registrar2-1,roster1-7,write> 1.5810260168198855E-4
<1557,admissions0-0,stu4-12application4-12,read> 1.890811698088457E-4
<1558,admissions4-0,stu1-13application1-13,read> 1.1892989632488E-4
<1559,stu1-18,transcript1-18,read> 1.7210609932056926E-4
<1560,registrar0-1,roster3-7,read> 1.289959334685454E-4
<1561,stu4-14,gradebook4-3,readMyScores> 1.8209280713206037E-4
<1562,registrar0-0,transcript5-7,read> 2.991142191851917E-4
<1563,admissions2-0,stu2-3application2-3,read> 6.259673944756005E-5
<1564,stu4-14,gradebook4-4,readMyScores> 7.810022031606784E-5
<1565,admissions0-0,stu1-9application1-9,read> 1.7630966441559118E-4
<1566,stu3-13,stu3-13application3-13,checkStatus> 0.0014297755405278335
<1567,stu4-13,gradebook4-5,readMyScores> 5.792486908955011E-5
<1568,stu4-13,gradebook4-8,readMyScores> 5.896552117588053E-5
<1569,admissions4-1,stu2-4application2-4,setStatus> 3.6054000489460974E-5
<1570,admissions0-0,stu2-14application2-14,setStatus> 7.17132781745029E-5
<1571,registrar2-0,transcript4-12,read> 3.770699603240021E-4
<1572,fac3-3,roster3-6,read> 0.0017665498391094892
<1573,chair0,transcript0-6,read> 6.293379989914194E-4
<1574,admissions2-0,stu2-10application2-10,read> 1.1896443956999586E-4
<1575,fac0-4,gradebook0-9,readScore> 7.894510773444056E-5
<1576,stu4-15,gradebook4-5,readMyScores> 6.115573828179593E-5
<1577,admissions4-1,stu1-14application1-14,setStatus> 1.922487024137183E-4
<1578,registrar4-0,transcript2-8,read> 2.277752092454803E-4
<1579,fac0-4,gradebook0-8,readScore> 2.3389192807433392E-5
<1580,stu0-12,gradebook0-5,readMyScores> 1.9553035495194868E-5
<1581,stu4-15,gradebook4-6,readMyScores> 5.251648276886609E-5
<1582,stu4-15,gradebook4-4,readMyScores> 7.869413834128507E-5
<1583,stu4-15,gradebook4-2,readMyScores> 8.953218837394658E-5
<1584,admissions2-0,stu3-4application3-4,read> 4.838227593842406E-5
<1585,stu4-14,gradebook4-9,readMyScores> 7.837464327352415E-5
<1586,admissions4-1,stu4-17application4-17,setStatus> 9.830551212594033E-5
<1587,admissions2-1,stu0-19application0-19,read> 9.38002584953259E-5
<1588,stu2-6,stu2-6application2-6,checkStatus> 0.0016823984581180278
<1589,admissions0-1,stu2-8application2-8,setStatus> 2.588446298815613E-4
<1590,admissions2-1,stu4-5application4-5,setStatus> 8.340845861508409E-5
<1591,admissions2-1,stu2-10application2-10,read> 1.151499485216593E-4
<1592,fac1-2,gradebook1-4,readScore> 2.0775356810114826E-4
<1593,fac1-2,gradebook1-5,readScore> 1.2674662249672039E-4
<1594,registrar0-1,transcript4-12,read> 3.6195356993239396E-4
<1595,admissions0-0,stu2-6application2-6,setStatus> 1.84519446678972E-4
<1596,stu2-11,gradebook2-8,readMyScores> 1.3829161949171424E-4
<1597,registrar0-0,transcript2-1,read> 1.9527903454458028E-4
<1598,registrar2-0,transcript0-9,read> 1.220021900043352E-4
<1599,admissions0-0,stu5-11application5-11,read> 1.2348207392531114E-4
<1600,registrar0-1,roster3-3,read> 1.2593749691310445E-4
<1601,registrar2-1,roster1-9,write> 1.5926636872396608E-4
<1602,registrar0-1,transcript2-10,read> 3.328534561894176E-4
<1603,stu5-8,stu5-8application5-8,checkStatus> 0.0023019260893511226
<1604,stu4-12,gradebook4-1,readMyScores> 6.715328090402653E-5
<1605,registrar2-1,roster0-8,write> 1.604301357659436E-4
<1606,stu4-11,gradebook4-6,readMyScores> 5.0534728702116424E-5
<1607,stu4-11,gradebook4-7,readMyScores> 4.743748657382114E-5
<1608,admissions4-1,application0-0,read> 6.260427020241943E-5
<1609,stu4-11,gradebook4-9,readMyScores> 7.599062370626866E-5
<1610,stu5-12,gradebook5-9,addScore> 3.633160969642784E-5
<1611,admissions2-0,stu4-5application4-5,setStatus> 8.617147173690883E-5
<1612,stu5-13,gradebook5-1,addScore> 1.321548352690704E-4
<1613,fac1-1,gradebook1-3,readScore> 1.3140808027950148E-4
<1614,fac1-1,gradebook1-2,readScore> 3.9724753680242694E-5
<1615,admissions0-1,stu3-19application3-19,setStatus> 1.990164288379239E-4
<1616,admissions2-0,stu3-13application3-13,read> 1.1651366999945517E-4
<1617,stu4-13,gradebook4-3,readMyScores> 1.7378439007660515E-4
<1618,admissions2-1,stu5-19application5-19,read> 2.9751188416325714E-5
<1619,registrar2-1,transcript4-10,read> 3.556492049434331E-4
<1620,stu4-12,gradebook4-8,readMyScores> 5.9435365966126594E-5
<1621,admissions4-0,stu2-4application2-4,setStatus> 3.576955078145733E-5
<1622,fac4-3,gradebook4-7,changeScore> 0.0013380815872285352
<1623,admissions4-1,stu5-0application5-0,setStatus> 1.3792011044006357E-4
<1624,fac2-4,gradebook2-8,assignGrade> 7.899469762647796E-4
<1625,admissions0-0,stu5-7application5-7,setStatus> 1.1681925344639223E-5
<1626,registrar4-0,roster4-2,write> 1.1960657705663347E-4
<1627,admissions4-0,stu5-0application5-0,setStatus> 1.3683198333599997E-4
<1628,registrar4-0,roster4-1,write> 1.1894470067910076E-4
<1629,registrar4-0,roster4-4,write> 9.246964557779389E-5
<1630,registrar4-0,roster0-5,read> 2.3362512490503534E-4
<1631,registrar4-0,roster4-3,write> 1.202684534341661E-4
<1632,admissions0-0,stu2-6application2-6,read> 1.6237711307749535E-4
<1633,admissions4-1,stu5-15application5-15,setStatus> 4.5674688651462336E-5
<1634,admissions0-0,stu5-19application5-19,setStatus> 4.136775916160478E-5
<1635,registrar4-0,roster4-6,write> 9.64409038429899E-5
<1636,registrar0-1,transcript4-5,read> 2.084253836332429E-4
<1637,registrar4-0,roster4-5,write> 9.114589282272853E-5
<1638,registrar4-0,roster4-8,write> 8.717463455753249E-5
<1639,registrar4-0,roster4-7,write> 9.445527471039189E-5
<1640,admissions0-1,stu1-2application1-2,read> 1.809200416541204E-4
<1641,fac3-3,gradebook3-6,addScore> 1.1884382899431596E-4
<1642,registrar4-0,roster4-9,write> 8.518900542493445E-5
<1643,fac3-3,gradebook3-7,addScore> 8.574886229206298E-5
<1644,registrar4-1,transcript0-18,read> 3.865899511308691E-4
<1645,admissions4-0,stu0-15application0-15,setStatus> 1.3234031966690918E-4
<1646,fac1-4,gradebook1-9,readScore> 5.9850264318310184E-5
<1647,fac0-0,gradebook0-1,changeScore> 3.2450844950563236E-4
<1648,fac1-4,gradebook1-8,readScore> 1.9427361294649284E-4
<1649,admissions0-1,stu3-17application3-17,setStatus> 1.8652482642221937E-4
<1650,stu2-0,gradebook2-7,readScore> 2.2052417309555963E-4
<1651,admissions2-1,stu0-18application0-18,setStatus> 2.1118311862117033E-4
<1652,chair0,transcript0-7,read> 6.580203232903067E-4
<1653,registrar4-0,transcript3-17,read> 4.140960271207433E-4
<1654,fac0-1,gradebook0-2,readScore> 3.190505323405552E-5
<1655,fac0-1,gradebook0-3,readScore> 1.2634091873358422E-5
<1656,registrar2-0,roster4-6,write> 8.440929010819194E-5
<1657,registrar0-0,transcript3-13,read> 3.5456019156610073E-4
<1658,registrar2-0,roster4-5,write> 7.977486525809964E-5
<1659,registrar2-0,roster4-8,write> 7.629904662053038E-5
<1660,registrar2-0,roster4-7,write> 8.267138078940733E-5
<1661,admissions2-0,stu3-7application3-7,setStatus> 1.6025155193734322E-4
<1662,registrar2-0,roster4-9,write> 7.456113730174576E-5
<1663,app0-4,application0-4,checkStatus> 7.38069932840398E-4
<1664,admissions0-0,stu0-18application0-18,setStatus> 2.5840418862341957E-4
<1665,admissions0-1,stu4-14application4-14,setStatus> 2.0624840918385807E-4
<1666,fac3-2,gradebook3-5,addScore> 1.6473006412925847E-4
<1667,admissions0-0,stu2-4application2-4,setStatus> 4.202744435753735E-5
<1668,admissions2-1,stu0-4application0-4,read> 1.2036876163920747E-4
<1669,registrar2-0,roster4-2,write> 1.0468489882734586E-4
<1670,registrar2-0,roster4-1,write> 1.041055957210843E-4
<1671,registrar4-1,roster2-9,write> 1.2550497505394378E-4
<1672,registrar2-0,roster4-4,write> 8.093347147062272E-5
<1673,stu2-3,gradebook2-8,readMyScores> 1.9266268356537967E-4
<1674,fac3-2,gradebook3-4,addScore> 1.613961904872561E-4
<1675,registrar2-0,transcript0-18,read> 3.3316485231815783E-4
<1676,admissions0-1,application5-0,read> 2.1736922259762867E-4
<1677,registrar2-0,roster4-3,write> 1.0526420193360738E-4
<1678,stu2-8,transcript2-8,read> 9.456538014288661E-4
<1679,fac1-3,gradebook1-6,readScore> 8.25930262617044E-5
<1680,admissions0-1,stu3-6application3-6,setStatus> 2.463530274658568E-4
<1681,fac0-0,gradebook0-1,readScore> 8.34384261193257E-5
<1682,admissions0-1,stu3-17application3-17,read> 1.6414184725155304E-4
<1683,admissions4-0,stu1-6application1-6,read> 2.5054125640882634E-5
<1684,fac3-1,gradebook3-2,addScore> 6.056123614011674E-5
<1685,fac2-2,gradebook2-4,addScore> 7.70990580456618E-4
<1686,fac2-2,roster2-4,read> 0.0014294789629763001
<1687,admissions0-0,application4-4,setStatus> 1.884775578545674E-4
<1688,fac1-2,gradebook1-5,assignGrade> 2.9481067335416605E-4
<1689,admissions0-0,application4-2,setStatus> 1.8517913187490458E-4
<1690,stu2-11,stu2-11application2-11,checkStatus> 8.222775720371293E-4
<1691,stu4-2,gradebook4-2,addScore> 4.8263356844049346E-4
<1692,admissions0-0,application4-3,setStatus> 1.8913724305049998E-4
<1693,admissions0-0,application4-0,setStatus> 1.7792259471964631E-4
<1694,registrar4-1,transcript3-0,read> 8.819446525341437E-5
<1695,admissions0-0,application4-1,setStatus> 1.864985022667697E-4
<1696,admissions0-1,stu2-4application2-4,setStatus> 4.188521950353553E-5
<1697,admissions2-0,stu0-4application0-4,read> 1.2435613262518538E-4
<1698,fac0-3,gradebook0-7,readScore> 2.4030800552966825E-5
<1699,stu2-7,transcript2-7,read> 9.506124405449448E-4
<1700,fac0-3,gradebook0-6,readScore> 2.756243483565089E-5
<1701,registrar4-1,roster4-7,write> 9.592826145051496E-5
<1702,registrar4-1,roster4-6,write> 9.794485555983966E-5
<1703,registrar2-1,roster1-7,read> 2.1739107731273425E-4
<1704,registrar4-1,roster4-5,write> 9.256727126830716E-5
<1705,registrar4-1,roster4-2,write> 1.2147178683529442E-4
<1706,stu1-17,gradebook1-6,readMyScores> 4.505282794373662E-5
<1707,stu5-4,stu5-4application5-4,checkStatus> 7.500995955827881E-4
<1708,admissions4-1,stu1-2application1-2,read> 1.5573253161059258E-4
<1709,admissions0-1,application4-3,setStatus> 1.8849718469838322E-4
<1710,admissions2-0,stu4-3application4-3,read> 1.9150721885800024E-4
<1711,admissions0-0,stu2-13application2-13,setStatus> 1.337236865921643E-4
<1712,admissions0-1,application4-4,setStatus> 1.8783973193966196E-4
<1713,registrar2-1,transcript3-13,read> 3.6929941431018806E-4
<1714,admissions4-0,stu2-8application2-8,setStatus> 2.2105067713145218E-4
<1715,registrar4-1,roster1-1,write> 1.806252140421521E-4
<1716,fac3-0,gradebook3-1,addScore> 1.6026948286269746E-4
<1717,admissions4-1,stu0-5application0-5,read> 1.6071265254151093E-4
<1718,admissions0-1,application4-0,setStatus> 1.773204878001213E-4
<1719,registrar4-1,roster4-9,write> 8.651748894033304E-5
<1720,admissions0-1,application4-1,setStatus> 1.8586737366349808E-4
<1721,registrar4-1,roster4-8,write> 8.853408304965776E-5
<1722,stu3-13,gradebook3-2,addScore> 6.981644166319107E-5
<1723,registrar2-0,roster3-7,read> 1.343832346342851E-4
<1724,admissions0-0,stu0-9application0-9,read> 1.269652117598351E-4
<1725,admissions0-1,application4-2,setStatus> 1.845524681460555E-4
<1726,stu0-7,transcript0-7,read> 5.687972286068753E-4
<1727,admissions4-0,stu2-4application2-4,read> 3.147720468768245E-5
<1728,fac0-2,gradebook0-4,readScore> 1.359178329636604E-5
<1729,stu2-6,transcript2-6,read> 9.357365231967085E-4
<1730,fac0-2,gradebook0-5,readScore> 2.8190107725981977E-5
<1731,admissions2-0,stu0-19application0-19,setStatus> 1.1012217435810189E-4
<1732,admissions4-0,stu0-13application0-13,setStatus> 1.851173677787259E-4
<1733,stu3-13,gradebook3-4,readMyScores> 3.316533938385214E-5
<1734,admissions0-0,stu1-12application1-12,setStatus> 1.561529832538716E-4
<1735,stu5-4,transcript5-4,read> 0.0014663109086171429
<1736,admissions4-1,stu1-8application1-8,setStatus> 1.447111844367704E-4
<1737,fac2-2,gradebook2-4,readScore> 2.8404916122085923E-4
<1738,admissions4-0,application0-0,setStatus> 7.05799442169109E-5
<1739,admissions4-1,stu2-14application2-14,setStatus> 6.152052797711162E-5
<1740,admissions4-0,application0-1,setStatus> 6.833411238236553E-5
<1741,stu3-12,gradebook3-7,addScore> 9.59072640966976E-5
<1742,registrar2-0,transcript4-18,read> 3.843874783249761E-4
<1743,stu2-16,gradebook2-3,readScore> 2.9856693561830733E-4
<1744,admissions4-0,stu2-13application2-13,setStatus> 1.138122070319097E-4
<1745,admissions4-0,application0-4,setStatus> 6.889557034100187E-5
<1746,fac2-4,gradebook2-9,readScore> 5.657212660969989E-4
<1747,admissions4-0,application0-2,setStatus> 6.777265442372917E-5
<1748,fac2-4,gradebook2-8,readScore> 2.6994835149328576E-4
<1749,admissions2-1,stu0-19application0-19,setStatus> 1.0659120283559763E-4
<1750,admissions0-0,application1-4,setStatus> 1.893846249989747E-5
<1751,registrar2-0,transcript5-7,read> 3.1016693860081075E-4
<1752,registrar4-0,roster0-7,read> 2.3544528494325018E-4
<1753,admissions2-0,stu4-4application4-4,read> 1.3464936482145623E-4
<1754,stu4-7,gradebook4-1,readMyScores> 1.4784338918396358E-4
<1755,fac3-0,gradebook3-1,readScore> 5.90466515809938E-5
<1756,registrar4-0,roster0-3,read> 2.2998480482860564E-4
<1757,admissions2-0,stu3-5application3-5,setStatus> 1.2126203604237773E-4
<1758,admissions0-1,stu4-11application4-11,setStatus> 2.33203972291431E-4
<1759,admissions4-1,application0-0,setStatus> 7.114121613911298E-5
<1760,registrar4-0,transcript4-15,read> 4.320114903779801E-4
<1761,admissions4-1,application0-1,setStatus> 6.887752480687737E-5
<1762,admissions4-1,application0-2,setStatus> 6.831160197381847E-5
<1763,registrar0-0,roster0-3,read> 1.941197280522149E-4
<1764,admissions4-1,application0-3,setStatus> 7.000937047299518E-5
<1765,admissions4-1,application0-4,setStatus> 6.944344763993627E-5
<1766,admissions0-1,stu2-6application2-6,read> 1.618276135408541E-4
<1767,admissions2-1,stu4-4application4-4,read> 1.3033195031816305E-4
<1768,admissions4-0,stu0-4application0-4,read> 1.2535297537167981E-4
<1769,admissions0-0,stu0-17application0-17,read> 2.163657495126167E-4
<1770,admissions0-1,stu0-18application0-18,setStatus> 2.575297243641187E-4
<1771,admissions0-0,stu0-8application0-8,setStatus> 1.9111629863829768E-4
<1772,admissions2-1,stu3-7application3-7,setStatus> 1.55113225622719E-4
<1773,stu4-9,gradebook4-9,addScore> 4.4773330128841784E-4
<1774,admissions2-1,stu1-0application1-0,setStatus> 1.987830461311282E-4
<1775,stu2-4,gradebook2-5,readScore> 1.5902166392470655E-4
<1776,admissions4-1,stu4-15application4-15,read> 1.1807036707052254E-5
<1777,fac3-4,gradebook3-9,addScore> 3.4843722705648115E-4
<1778,fac3-3,gradebook3-6,changeScore> 4.8178703984194497E-4
<1779,admissions4-1,stu0-9application0-9,setStatus> 1.23772039613591E-4
<1780,admissions2-1,stu3-13application3-13,read> 1.1277776074095559E-4
<1781,registrar0-0,transcript4-14,read> 3.6665749463102624E-4
<1782,admissions0-1,stu3-18application3-18,setStatus> 2.0756331470130068E-4
<1783,admissions0-1,stu0-17application0-17,read> 2.1563354731460449E-4
<1784,admissions0-1,stu0-1application0-1,setStatus> 2.0189278465732955E-5
<1785,admissions4-1,stu1-15application1-15,read> 1.3880012044547015E-4
<1786,admissions4-0,stu4-15application4-15,read> 1.1713884543683006E-5
<1787,admissions0-1,stu4-8application4-8,read> 9.587195278593426E-5
<1788,admissions4-1,stu0-10application0-10,setStatus> 2.2054484406666352E-4
<1789,admissions0-0,stu5-8application5-8,read> 2.2217097923682335E-4
<1790,registrar4-1,roster1-8,write> 1.8331400618791836E-4
<1791,admissions4-1,application3-4,read> 1.2336174555962326E-4
<1792,registrar2-1,transcript0-3,read> 1.130954846572487E-4
<1793,admissions4-1,application3-2,read> 1.2435776974580696E-4
<1794,admissions4-1,application3-3,read> 1.2385975765271515E-4
<1795,admissions0-1,stu3-0application3-0,setStatus> 9.842615675356649E-5
<1796,admissions4-1,stu0-4application0-4,read> 1.263498181181743E-4
<1797,admissions0-1,stu4-6application4-6,read> 6.810114825754698E-5
<1798,fac3-4,roster3-8,read> 0.0017876167688678135
<1799,registrar2-1,roster0-6,write> 1.5111999943012342E-4
<1800,registrar2-1,transcript4-1,read> 2.2124714348615342E-4
<1801,admissions2-1,stu4-2application4-2,setStatus> 1.0119986697036191E-4
<1802,admissions0-1,stu5-13application5-13,read> 2.1621210574227921E-4
<1803,admissions4-1,application3-1,read> 1.218677092803478E-4
<1804,admissions4-1,application3-0,read> 1.2236572137343962E-4
<1805,fac1-4,gradebook1-8,addScore> 5.273140922833377E-4
<1806,stu5-10,transcript5-10,read> 1.5723018197233275E-4
<1807,chair0,transcript0-4,read> 6.12128604412087E-4
<1808,fac1-4,gradebook1-9,addScore> 1.6245071743541337E-4
<1809,registrar0-0,roster4-8,write> 7.358014963627987E-5
<1810,admissions4-0,application3-1,read> 1.2090622833927995E-4
<1811,admissions4-0,application3-2,read> 1.2337664335727988E-4
<1812,admissions4-0,application3-3,read> 1.228825603536799E-4
<1813,stu2-6,gradebook2-1,readScore> 2.1851819726839412E-4
<1814,admissions4-0,application3-4,read> 1.223884773500799E-4
<1815,admissions4-1,stu3-2application3-2,read> 4.965595578203171E-5
<1816,registrar0-1,transcript0-0,read> 1.7932526989026658E-4
<1817,admissions0-0,stu4-6application4-6,read> 6.83323915453485E-5
<1818,admissions2-0,stu0-2application0-2,setStatus> 9.306426115405451E-6
<1819,admissions2-1,stu1-13application1-13,setStatus> 1.2977394705611118E-4
<1820,admissions4-0,application3-0,read> 1.2140031134287994E-4
<1821,admissions4-0,stu3-2application3-2,read> 4.926419281728195E-5
<1822,admissions4-1,stu1-0application1-0,read> 1.836212088237353E-4
<1823,admissions4-1,stu1-19application1-19,setStatus> 5.0202071315933564E-5
<1824,fac1-2,gradebook1-4,addScore> 5.639025419888311E-4
<1825,fac1-2,gradebook1-5,addScore> 3.4402654677681256E-4
<1826,chair5,transcript5-17,read> 1.2452909133100245E-4
<1827,chair5,transcript5-18,read> 1.1879262647122499E-4
<1828,registrar0-1,roster5-8,read> 1.2058523294108284E-4
<1829,chair5,transcript5-15,read> 1.4173848591033484E-4
<1830,fac1-1,gradebook1-3,assignGrade> 3.23936338231261E-4
<1831,chair5,transcript5-16,read> 1.3026555619077992E-4
<1832,chair5,transcript5-19,read> 1.0731969675167007E-4
<1833,stu2-9,gradebook2-1,readScore> 2.0368861901065878E-4
<1834,registrar2-0,transcript3-10,read> 3.7184316175187774E-4
<1835,stu0-5,gradebook0-1,readMyScores> 3.481450627608806E-5
<1836,app0-2,application0-2,checkStatus> 7.260402700980077E-4
<1837,chair5,transcript5-10,read> 1.8189373992877708E-4
<1838,admissions2-1,stu2-19application2-19,read> 1.0993113540411114E-4
<1839,chair5,transcript5-13,read> 1.532114156298898E-4
<1840,admissions4-0,stu0-14application0-14,setStatus> 1.3177886170827286E-4
<1841,fac2-2,gradebook2-4,assignGrade> 8.045098087033271E-4
<1842,registrar4-1,roster3-8,write> 1.1407760843443719E-4
<1843,registrar2-0,transcript1-8,read> 3.185298163162097E-4
<1844,stu4-1,transcript4-1,read> 0.0010448265837504425
<1845,stu5-1,stu5-1application5-1,checkStatus> 3.651503878263021E-4
<1846,chair5,transcript5-11,read> 1.5894788048966726E-4
<1847,chair5,transcript5-12,read> 1.7042081020922215E-4
<1848,admissions4-1,stu5-16application5-16,read> 1.2983590276981715E-4
<1849,registrar0-1,roster3-8,read> 1.2976054260740563E-4
<1850,admissions2-1,stu3-18application3-18,read> 1.497838901199335E-4
<1851,registrar4-0,transcript2-14,read> 4.02152384949252E-4
<1852,admissions4-1,stu0-14application0-14,setStatus> 1.3282680494253345E-4
<1853,admissions4-1,stu0-18application0-18,setStatus> 2.2167668973278128E-4
<1854,registrar0-0,transcript4-15,read> 3.646412774535388E-4
<1855,admissions4-1,stu2-18application2-18,setStatus> 1.7074363475747998E-4
<1856,registrar4-0,transcript1-4,read> 3.6871018686907654E-4
<1857,stu5-11,gradebook5-5,readMyScores> 1.9079621950197573E-5
<1858,admissions0-1,stu0-3application0-3,read> 9.066492693686164E-5
<1859,registrar2-0,transcript3-15,read> 3.6557100346532864E-4
<1860,stu5-11,gradebook5-6,readMyScores> 2.788010168253988E-5
<1861,admissions2-1,application5-3,setStatus> 2.0525264916941108E-4
<1862,stu5-11,gradebook5-7,readMyScores> 2.8317410960797924E-5
<1863,stu5-11,gradebook5-2,readMyScores> 2.860877421955387E-5
<1864,admissions0-0,stu5-2application5-2,setStatus> 1.8781787265863487E-4
<1865,registrar4-1,transcript5-9,read> 3.62330155531076E-4
<1866,admissions2-0,stu3-18application3-18,read> 1.5474567529988992E-4
<1867,admissions2-0,stu5-15application5-15,read> 3.95595054844776E-5
<1868,stu2-14,transcript2-14,read> 0.0016696151123763746
<1869,admissions4-0,stu3-11application3-11,read> 1.2189439434647993E-4
<1870,registrar2-1,roster3-3,write> 9.584106493619087E-5
<1871,registrar2-1,roster3-5,write> 9.70048319781684E-5
<1872,stu5-12,gradebook5-7,readMyScores> 2.8556376454137996E-5
<1873,registrar2-0,transcript3-12,read> 3.687070826086032E-4
<1874,registrar2-1,roster3-6,write> 9.758671549915717E-5
<1875,registrar2-1,roster3-1,write> 9.351353085223582E-5
<1876,registrar2-1,roster3-2,write> 9.23497638102583E-5
<1877,admissions4-0,stu0-4application0-4,setStatus> 1.4244656292236344E-4
<1878,admissions4-1,stu0-14application0-14,read> 1.1688758834942943E-4
<1879,registrar2-1,roster3-9,read> 1.3658200333541975E-4
<1880,admissions4-0,stu5-10application5-10,read> 1.7723169074967837E-4
<1881,registrar2-1,roster3-7,write> 9.816859902014593E-5
<1882,registrar2-1,roster3-8,write> 9.87504825411347E-5
<1883,registrar2-1,roster3-9,write> 9.933236606212346E-5
<1884,admissions0-1,stu1-8application1-8,read> 1.4794221127666045E-4
<1885,admissions4-0,stu4-7application4-7,read> 3.6912117727282304E-5
<1886,registrar2-0,roster3-5,write> 9.657465533968428E-5
<1887,registrar2-0,roster3-2,write> 9.194023048959196E-5
<1888,stu4-1,gradebook4-1,readMyScores> 1.3775712564897144E-4
<1889,registrar2-1,transcript1-3,read> 3.272987701047882E-4
<1890,fac5-1,gradebook5-2,readScore> 6.70247570983093E-5
<1891,registrar2-1,transcript1-9,read> 3.2099867347397816E-4
<1892,admissions2-1,stu0-13application0-13,read> 1.5642601590590388E-4
<1893,admissions0-0,stu2-5application2-5,setStatus> 1.785822799155789E-4
<1894,registrar2-0,roster3-3,write> 9.54160491271612E-5
<1895,admissions4-0,stu1-12application1-12,read> 1.1695356431048006E-4
<1896,registrar2-0,roster3-8,write> 9.83125646584689E-5
<1897,registrar2-0,roster3-9,write> 9.889186776473045E-5
<1898,registrar2-0,roster3-6,write> 9.715395844594581E-5
<1899,registrar2-0,roster3-7,write> 9.773326155220736E-5
<1900,admissions2-1,stu2-5application2-5,setStatus> 1.4594795465181832E-4
<1901,admissions4-1,stu0-4application0-4,setStatus> 1.4357933877065263E-4
<1902,admissions4-0,stu0-14application0-14,read> 1.159653983032801E-4
<1903,admissions0-1,stu5-19application5-19,setStatus> 4.1227766744814237E-5
<1904,admissions0-0,stu1-8application1-8,read> 1.484445617393995E-4
<1905,registrar4-1,transcript2-1,read> 2.3496622863216238E-4
<1906,registrar4-1,roster3-9,read> 1.5778098389745827E-4
<1907,admissions0-0,stu2-14application2-14,read> 6.310768479356254E-5
<1908,chair0,transcript0-2,read> 0.0010022082148769544
<1909,admissions0-1,stu0-6application0-6,read> 6.405123926382383E-5
<1910,admissions4-1,stu4-7application4-7,read> 3.720565345473584E-5
<1911,admissions0-0,stu3-3application3-3,read> 2.1578522654019602E-4
<1912,stu5-10,gradebook5-6,readMyScores> 2.717427632348824E-5
<1913,admissions4-0,stu4-11application4-11,setStatus> 1.991538167446346E-4
<1914,admissions2-0,stu0-13application0-13,read> 1.616078300974038E-4
<1915,admissions0-0,stu0-3application0-3,read> 9.097278746975421E-5
<1916,admissions2-0,stu5-13application5-13,setStatus> 2.081529571797294E-4
<1917,stu5-10,gradebook5-8,readMyScores> 1.3324319864909167E-5
<1918,admissions0-0,stu2-7application2-7,read> 1.0722743069753269E-4
<1919,admissions4-1,stu1-12application1-12,read> 1.1788361253561312E-4
<1920,admissions4-1,stu5-8application5-8,setStatus> 2.1658338423525118E-4
<1921,admissions4-1,stu5-18application5-18,setStatus> 1.2886534511112114E-4
<1922,admissions2-0,stu4-7application4-7,read> 3.661858199982877E-5
<1923,admissions0-0,stu5-4application5-4,read> 7.239605235229312E-5
<1924,stu5-15,gradebook5-9,readMyScores> 2.2717709153620188E-5
<1925,admissions2-0,application1-0,read> 1.9463195006043956E-5
<1926,stu5-15,gradebook5-7,readMyScores> 2.951223842749826E-5
<1927,admissions2-0,stu5-15application5-15,setStatus> 4.495398350508818E-5
<1928,admissions2-0,application1-3,read> 2.1913964576584643E-5
<1929,stu2-13,gradebook2-6,readMyScores> 2.0881533565510207E-4
<1930,admissions0-0,stu0-6application0-6,read> 6.426873073840387E-5
<1931,admissions2-0,application1-4,read> 1.4071501950854447E-5
<1932,registrar2-0,transcript3-16,read> 3.6452564375090375E-4
<1933,registrar4-1,transcript1-0,read> 3.223014927914174E-4
<1934,stu5-16,gradebook5-5,readMyScores> 1.97236598219342E-5
<1935,stu1-7,gradebook1-9,readMyScores> 5.458691111983715E-5
<1936,stu1-0,transcript1-0,read> 0.0013175517351347778
<1937,admissions2-0,application1-1,read> 2.044350283426023E-5
<1938,stu5-16,gradebook5-2,readMyScores> 2.95744712396232E-5
<1939,admissions2-0,application1-2,read> 2.1423810662476507E-5
<1940,admissions0-1,stu2-14application2-14,read> 6.289412240847436E-5
<1941,admissions4-0,stu3-14application3-14,read> 1.1497723229608012E-4
<1942,admissions2-1,stu4-7application4-7,read> 3.544443909001462E-5
<1943,registrar2-0,transcript4-19,read> 3.833421186105513E-4
<1944,registrar4-0,transcript5-8,read> 3.579609089147345E-4
<1945,admissions4-1,stu2-17application2-17,read> 1.0642933439450089E-4
<1946,registrar0-0,transcript1-5,read> 3.122196308388611E-4
<1947,admissions2-0,stu0-10application0-10,setStatus> 2.1706484652715008E-4
<1948,admissions0-1,stu5-4application5-4,read> 7.215105725127013E-5
<1949,registrar0-1,roster1-9,read> 2.0927989304887006E-4
<1950,registrar0-1,roster1-8,read> 2.085152839100098E-4
<1951,stu5-16,gradebook5-7,readMyScores> 2.9273272934158194E-5
<1952,stu5-16,gradebook5-6,readMyScores> 2.882120216127541E-5
<1953,admissions2-1,application1-1,read> 1.9787999737370124E-5
<1954,admissions2-1,application1-0,read> 1.8839124625088637E-5
<1955,stu3-11,gradebook3-1,addScore> 1.7190621099134217E-4
<1956,admissions2-1,application1-2,read> 2.0736874849651607E-5
<1957,admissions2-1,application1-3,read> 2.121131240579235E-5
<1958,stu5-17,gradebook5-4,readMyScores> 3.814827148904647E-5
<1959,registrar0-1,transcript4-0,read> 2.1043228802931026E-4
<1960,registrar0-1,roster4-1,read> 1.3740663399600797E-4
<1961,admissions2-1,application1-4,read> 1.3620311507540476E-5
<1962,admissions4-0,stu0-7application0-7,read> 1.0657782123488033E-4
<1963,admissions0-0,stu3-14application3-14,setStatus> 1.5351424247014134E-4
<1964,admissions2-0,stu2-16application2-16,setStatus> 1.1402112594759846E-4
<1965,stu5-17,gradebook5-2,readMyScores> 2.9333046984605864E-5
<1966,registrar4-1,transcript1-1,read> 3.1987551323143815E-4
<1967,stu5-18,gradebook5-6,addScore> 9.881915665562924E-5
<1968,registrar0-0,roster0-8,read> 2.1178734386174874E-4
<1969,stu5-9,stu5-9application5-9,checkStatus> 3.110169054855463E-4
<1970,admissions4-1,stu3-14application3-14,read> 1.1589156416324577E-4
<1971,registrar4-1,roster0-8,read> 2.548295754087092E-4
<1972,fac1-2,gradebook1-4,assignGrade> 2.885694594519314E-4
<1973,admissions0-0,stu4-14application4-14,setStatus> 2.0694874334067933E-4
<1974,stu5-13,gradebook5-6,readMyScores> 2.740955144317212E-5
<1975,admissions0-0,application5-3,read> 2.2100993329198198E-4
<1976,admissions0-1,stu1-16application1-16,setStatus> 1.4576275538149937E-4
<1977,admissions2-0,stu0-9application0-9,setStatus> 1.2181902912659154E-4
<1978,registrar4-0,roster1-9,read> 2.490964852298616E-4
<1979,stu5-13,gradebook5-3,readMyScores> 5.6609865715439005E-5
<1980,registrar0-0,roster1-8,read> 2.0948287223441822E-4
<1981,chair3,transcript3-8,read> 3.9414293974054324E-4
<1982,registrar0-0,roster1-9,read> 2.102510294435284E-4
<1983,registrar0-1,roster1-4,read> 2.0010458338254726E-4
<1984,admissions2-0,stu2-5application2-5,setStatus> 1.507826695057088E-4
<1985,admissions2-1,stu2-16application2-16,setStatus> 1.1036513794126264E-4
<1986,chair3,transcript3-4,read> 4.4577112347854046E-4
<1987,registrar0-1,roster1-6,read> 2.023984107991279E-4
<1988,registrar0-1,roster1-7,read> 2.0775067477114955E-4
<1989,stu4-7,gradebook4-2,readMyScores> 1.8818652424259713E-4
<1990,registrar0-1,roster1-1,read> 2.0545684735456888E-4
<1991,admissions4-1,stu3-11application3-11,read> 1.2286373346653145E-4
<1992,registrar0-0,transcript2-5,read> 1.9124660018960508E-4
<1993,registrar0-1,roster1-2,read> 2.0469223821570863E-4
<1994,registrar0-1,roster1-3,read> 2.0086919252140748E-4
<1995,stu2-4,stu2-4application2-4,checkStatus> 3.8319488193988744E-4
<1996,registrar2-0,transcript5-1,read> 3.0180406088541186E-4
<1997,stu5-17,gradebook5-6,addScore> 9.963923264447267E-5
<1998,admissions4-0,stu0-3application0-3,setStatus> 8.798514093463768E-5
<1999,registrar2-0,transcript0-12,read> 3.457091688912562E-4
<2000,stu5-14,gradebook5-5,readMyScores> 1.8918612482263414E-5
<2001,admissions0-1,application1-2,setStatus> 2.8736164329109728E-5
<2002,admissions2-1,stu5-15application5-15,setStatus> 4.351257321233986E-5
<2003,admissions0-0,stu5-5application5-5,setStatus> 1.1591218630198493E-4
<2004,admissions0-0,stu1-16application1-16,setStatus> 1.4625770531488306E-4
<2005,stu5-14,gradebook5-7,readMyScores> 2.8078445467457858E-5
<2006,stu5-14,gradebook5-8,readMyScores> 1.3555044018414086E-5
<2007,admissions2-0,stu4-14application4-14,setStatus> 1.7473337212690183E-4
<2008,chair1,transcript1-16,read> 2.1057606422766442E-4
<2009,registrar2-1,roster1-5,read> 2.133906281059365E-4
<2010,admissions0-0,stu0-7application0-7,setStatus> 1.4229959413928766E-4
<2011,admissions4-1,stu5-1application5-1,setStatus> 3.4356231990284263E-5
<2012,registrar0-0,roster1-5,read> 2.0487392897975722E-4
<2013,stu4-4,gradebook4-6,readMyScores> 1.0443843931770727E-4
<2014,registrar0-0,roster1-6,read> 2.0333761456153688E-4
<2015,admissions0-1,stu0-0application0-0,read> 1.3984239328921415E-4
<2016,stu5-18,gradebook5-6,readScore> 3.640705771523182E-5
<2017,stu5-15,gradebook5-2,readMyScores> 2.981589549464053E-5
<2018,admissions0-1,stu4-19application4-19,read> 7.33081741066196E-5
<2019,registrar0-0,roster1-2,read> 2.056420861888674E-4
<2020,admissions2-0,stu2-12application2-12,setStatus> 5.8878810610432986E-5
<2021,registrar2-1,roster3-8,read> 1.357819134940602E-4
<2022,registrar0-1,roster1-1,write> 1.4942316171241373E-4
<2023,registrar0-1,roster1-2,write> 1.488670823386972E-4
<2024,admissions0-0,stu3-5application3-5,read> 1.2638468878741445E-4
<2025,registrar0-1,roster1-6,write> 1.471988442175476E-4
<2026,stu5-19,gradebook5-9,readMyScores> 2.290165821559282E-5
<2027,registrar0-1,roster1-4,write> 1.45530606096398E-4
<2028,admissions0-1,stu0-4application0-4,setStatus> 1.6680124366058068E-4
<2029,registrar0-1,roster1-9,write> 1.522035585809964E-4
<2030,registrar2-1,roster3-1,read> 1.2858110492182425E-4
<2031,registrar0-1,roster1-7,write> 1.5109139983356332E-4
<2032,admissions0-1,stu5-12application5-12,read> 9.992186177965741E-5
<2033,registrar2-1,roster3-3,read> 1.3178146428726245E-4
<2034,fac1-3,gradebook1-7,assignGrade> 3.0521269652455707E-4
<2035,registrar0-1,roster1-8,write> 1.5164747920727988E-4
<2036,registrar2-1,roster3-4,read> 1.2938119476318383E-4
<2037,registrar2-1,roster3-6,read> 1.341817338113411E-4
<2038,registrar2-0,roster3-8,read> 1.3517977640539473E-4
<2039,registrar2-1,transcript2-19,read> 3.65099349889648E-4
<2040,registrar2-0,roster3-9,read> 1.3597631817650435E-4
<2041,admissions0-0,stu0-0application0-0,read> 1.403172401255103E-4
<2042,admissions2-0,stu2-9application2-9,read> 1.748419857783235E-4
<2043,admissions0-1,stu0-15application0-15,setStatus> 1.5496709400359744E-4
<2044,admissions4-0,stu1-19application1-19,setStatus> 4.980599974736604E-5
<2045,registrar2-0,roster3-1,read> 1.2801090046540817E-4
<2046,fac5-3,gradebook5-7,changeScore> 5.458635025715538E-4
<2047,fac2-1,gradebook2-2,assignGrade> 7.691429299239975E-4
<2048,registrar2-0,roster3-2,read> 1.2641781692318893E-4
<2049,stu1-19,gradebook1-5,addScore> 2.3207214511384986E-4
<2050,admissions0-0,stu5-12application5-12,read> 1.0026115502848477E-4
<2051,registrar2-0,roster3-5,read> 1.3279015109206587E-4
<2052,registrar2-0,roster3-6,read> 1.335866928631755E-4
<2053,registrar2-0,roster3-3,read> 1.3119706754984663E-4
<2054,registrar2-0,roster3-4,read> 1.2880744223651782E-4
<2055,admissions2-1,stu2-18application2-18,read> 1.431417643339631E-4
<2056,stu5-17,gradebook5-8,readMyScores> 1.401649232542393E-5
<2057,registrar4-0,transcript2-13,read> 3.9976365651495376E-4
<2058,registrar4-0,transcript5-0,read> 3.4840599517754154E-4
<2059,registrar4-0,transcript5-1,read> 3.4482290252609417E-4
<2060,admissions2-0,stu2-18application2-18,read> 1.4788352050237595E-4
<2061,admissions4-1,stu3-8application3-8,setStatus> 1.7923247725336355E-4
<2062,registrar4-0,transcript5-5,read> 3.5198908782898885E-4
<2063,stu5-18,gradebook5-3,readMyScores> 5.855355209193477E-5
<2064,registrar4-0,transcript5-4,read> 3.53183452046138E-4
<2065,registrar4-0,transcript5-2,read> 3.507947236118398E-4
<2066,registrar4-0,transcript5-9,read> 3.567665446975854E-4
<2067,stu5-18,gradebook5-7,readMyScores> 2.8795341947478062E-5
<2068,stu2-9,gradebook2-6,readMyScores> 3.076238541038885E-4
<2069,registrar4-0,transcript5-6,read> 3.555721804804363E-4
<2070,registrar4-1,transcript5-0,read> 3.5383922707114845E-4
<2071,stu4-10,gradebook4-6,addScore> 3.413646700489252E-4
<2072,registrar0-1,transcript0-8,read> 1.1309742482004456E-4
<2073,registrar4-1,transcript5-1,read> 3.5020025773117944E-4
<2074,admissions2-0,application5-1,setStatus> 2.0982393643237076E-4
<2075,registrar4-1,transcript5-2,read> 3.5626520663112777E-4
<2076,admissions2-0,stu4-2application4-2,setStatus> 1.0455224351596396E-4
<2077,stu0-2,stu0-2application0-2,checkStatus> 1.0049780749371802E-4
<2078,admissions0-1,application5-3,read> 2.2026201473600233E-4
<2079,registrar4-1,transcript5-6,read> 3.6111716575108635E-4
<2080,fac4-1,gradebook4-2,assignGrade> 4.591626394463445E-4
<2081,admissions0-1,stu4-1application4-1,setStatus> 2.3846359436120133E-4
<2082,stu5-19,gradebook5-5,readMyScores> 2.0045678757802512E-5
<2083,stu5-19,gradebook5-8,readMyScores> 1.4362578555681308E-5
<2084,stu5-1,gradebook5-8,readMyScores> 3.0513269301025755E-5
<2085,stu5-1,gradebook5-1,readMyScores> 6.900841205086814E-5
<2086,admissions4-0,stu0-1application0-1,setStatus> 1.724143814645785E-5
<2087,stu3-14,gradebook3-5,readMyScores> 2.1533417513390426E-5
<2088,stu3-14,gradebook3-4,readMyScores> 3.33564940777072E-5
<2089,stu3-14,gradebook3-3,readMyScores> 2.541597858698615E-5
<2090,stu5-0,gradebook5-1,readMyScores> 6.979111615730522E-5
<2091,registrar2-1,transcript5-3,read> 3.073484641072232E-4
<2092,admissions4-0,stu4-6application4-6,setStatus> 6.608828054782012E-5
<2093,admissions0-1,stu4-12application4-12,setStatus> 2.1413784228851355E-4
<2094,stu5-0,gradebook5-6,readMyScores> 6.293609451543814E-5
<2095,registrar2-1,transcript4-0,read> 2.201971273810184E-4
<2096,registrar2-1,roster0-8,read> 2.2059143667817245E-4
<2097,registrar2-0,transcript4-16,read> 3.8229675889612646E-4
<2098,stu5-0,gradebook5-7,readMyScores> 6.392326946846789E-5
<2099,stu5-0,gradebook5-8,readMyScores> 3.0859355531283135E-5
<2100,stu3-14,gradebook3-9,readMyScores> 3.0458577388849083E-5
<2101,stu1-15,gradebook1-9,addScore> 1.1898564253630613E-4
<2102,admissions2-1,stu2-6application2-6,setStatus> 1.5080015693053045E-4
<2103,stu0-17,stu0-17application0-17,checkStatus> 0.0022417777756391713
<2104,registrar0-0,transcript2-9,read> 2.0031957748829928E-4
<2105,admissions4-1,stu4-6application4-6,read> 5.8620173457684744E-5
<2106,stu3-15,gradebook3-5,readMyScores> 2.1163215493102912E-5
<2107,admissions2-1,stu3-12application3-12,setStatus> 7.586058840375411E-5
<2108,stu3-15,gradebook3-3,readMyScores> 2.4979027665719914E-5
<2109,stu3-15,gradebook3-1,readMyScores> 4.591317102049745E-5
<2110,registrar4-0,roster0-4,read> 2.3453520492414278E-4
<2111,stu3-15,gradebook3-9,readMyScores> 2.9934934224570874E-5
<2112,admissions0-1,stu3-16application3-16,read> 4.033034372915967E-5
<2113,admissions0-1,stu1-14application1-14,setStatus> 2.233421809106116E-4
<2114,admissions4-0,stu4-10application4-10,setStatus> 3.296226098827559E-5
<2115,admissions4-0,stu2-17application2-17,setStatus> 1.1998824457690951E-4
<2116,stu3-16,gradebook3-5,readMyScores> 2.1286616166532082E-5
<2117,stu3-16,gradebook3-7,readMyScores> 3.8691329839372686E-5
<2118,stu3-16,gradebook3-6,readMyScores> 2.0886997659814475E-5
<2119,admissions2-0,stu1-17application1-17,setStatus> 6.66767137894261E-5
<2120,admissions2-1,application2-3,read> 5.394750377950357E-5
<2121,admissions0-0,stu3-12application3-12,setStatus> 9.28232044443451E-5
<2122,admissions4-0,stu0-9application0-9,setStatus> 1.2279553437009126E-4
<2123,registrar4-1,roster3-1,write> 1.080278261064631E-4
<2124,registrar4-1,roster3-2,write> 1.0668343003357999E-4
<2125,admissions0-0,stu3-16application3-16,read> 4.046728886915682E-5
<2126,registrar4-1,roster3-3,write> 1.1071661825222936E-4
<2127,registrar2-0,roster5-3,read> 1.184523992120928E-4
<2128,registrar4-1,roster3-4,write> 1.0870002414290469E-4
<2129,stu1-13,gradebook1-2,addScore> 7.912024319053702E-5
<2130,registrar4-1,roster3-6,write> 1.1273321236155406E-4
<2131,admissions0-0,application4-3,read> 1.6644077388443997E-4
<2132,registrar4-1,roster3-7,write> 1.1340541039799563E-4
<2133,stu4-2,gradebook4-6,readMyScores> 1.0126763281090782E-4
<2134,registrar4-1,roster3-9,write> 1.1474980647087875E-4
<2135,admissions0-1,stu1-9application1-9,read> 1.7571301580504773E-4
<2136,admissions4-1,stu2-17application2-17,setStatus> 1.2094242544829647E-4
<2137,stu3-17,gradebook3-4,readMyScores> 3.412111285312742E-5
<2138,admissions2-0,stu4-13application4-13,read> 1.753321396924317E-4
<2139,admissions4-1,stu2-10application2-10,setStatus> 1.3735418760700468E-4
<2140,admissions2-1,stu0-3application0-3,setStatus> 8.448672578813123E-5
<2141,registrar2-1,roster0-7,read> 2.0698990937506012E-4
<2142,admissions4-1,stu4-10application4-10,setStatus> 3.3224386324166456E-5
<2143,admissions0-1,stu1-13application1-13,read> 1.3926383486153945E-4
<2144,stu3-10,gradebook3-7,readMyScores> 3.689694932508293E-5
<2145,admissions2-0,stu4-10application4-10,setStatus> 3.270013565238474E-5
<2146,admissions4-1,stu1-4application1-4,read> 1.93581450685572E-4
<2147,admissions2-0,stu0-8application0-8,read> 1.420016735330783E-4
<2148,stu3-10,gradebook3-6,readMyScores> 1.99183253045767E-5
<2149,admissions0-0,stu2-10application2-10,setStatus> 1.60111094429467E-4
<2150,admissions0-0,stu3-0application3-0,read> 8.69091266628096E-5
<2151,stu3-10,gradebook3-5,readMyScores> 2.0299410779098708E-5
<2152,stu3-11,gradebook3-3,readMyScores> 2.3668174901921198E-5
<2153,admissions0-1,stu2-12application2-12,read> 6.115844712545015E-5
<2154,admissions2-0,stu1-3application1-3,setStatus> 1.5412462801099152E-4
<2155,admissions2-1,stu1-17application1-17,setStatus> 6.453878308675912E-5
<2156,stu1-7,stu1-7application1-7,checkStatus> 3.711652191974972E-4
<2157,admissions0-0,application1-1,setStatus> 2.7514370047020852E-5
<2158,stu0-7,stu0-7application0-7,checkStatus> 0.0012974492503615414
<2159,admissions0-0,application1-2,setStatus> 2.8833740438885986E-5
<2160,admissions0-0,application1-3,setStatus> 2.9493425634818556E-5
<2161,stu3-11,gradebook3-6,readMyScores> 1.9676157215767256E-5
<2162,registrar4-0,roster4-3,read> 1.653691234719784E-4
<2163,admissions0-1,stu3-11application3-11,setStatus> 1.6219907434953165E-4
<2164,admissions0-1,stu2-10application2-10,setStatus> 1.5956926331464648E-4
<2165,registrar4-0,roster4-2,read> 1.64459043452871E-4
<2166,admissions2-1,stu4-10application4-10,setStatus> 3.16516343088213E-5
<2167,admissions0-0,stu1-15application1-15,read> 1.6179659010507466E-4
<2168,registrar4-0,roster4-1,read> 1.6354896343376355E-4
<2169,stu3-11,gradebook3-7,readMyScores> 3.6448354196510494E-5
<2170,registrar4-0,roster4-7,read> 1.2987600272678883E-4
<2171,registrar4-0,roster4-6,read> 1.3260624278411113E-4
<2172,registrar4-0,roster4-5,read> 1.2532560263125173E-4
<2173,registrar4-0,roster4-4,read> 1.271457626694666E-4
<2174,admissions0-0,stu2-0application2-0,read> 1.1593527528384256E-4
<2175,stu4-18,gradebook4-1,addScore> 3.3972083098763326E-4
<2176,stu3-12,gradebook3-4,readMyScores> 3.068032836373642E-5
<2177,admissions0-0,stu2-12application2-12,read> 6.136611587630056E-5
<2178,stu3-12,gradebook3-5,readMyScores> 1.980580808538202E-5
<2179,admissions4-0,stu4-6application4-6,read> 5.81576868820817E-5
<2180,admissions4-0,stu4-13application4-13,setStatus> 2.0083819062054366E-4
<2181,admissions0-0,application1-0,setStatus> 2.619499965515572E-5
<2182,admissions0-1,application1-4,setStatus> 1.8874372948290376E-5
<2183,admissions2-0,stu5-16application5-16,read> 1.277872100239423E-4
<2184,admissions0-1,application1-3,setStatus> 2.9393617087831017E-5
<2185,stu2-15,stu2-15application2-15,checkStatus> 4.2529870153825306E-4
<2186,stu3-12,gradebook3-9,readMyScores> 2.801490928888411E-5
<2187,registrar2-0,transcript4-1,read> 2.2026600316027244E-4
<2188,registrar4-1,roster4-2,read> 1.6702370689852981E-4
<2189,registrar4-1,roster4-1,read> 1.6609943459842264E-4
<2190,fac0-0,gradebook0-1,addScore> 2.2647572803816978E-4
<2191,admissions4-1,stu1-1application1-1,read> 1.9557349905793933E-4
<2192,registrar4-1,roster4-3,read> 1.6794797919863694E-4
<2193,registrar4-1,roster4-6,read> 1.3467417639477953E-4
<2194,registrar4-1,roster4-5,read> 1.2727999799392234E-4
<2195,registrar4-1,roster4-8,read> 1.2173436419327941E-4
<2196,registrar4-1,roster4-7,read> 1.3190135949445807E-4
<2197,admissions4-1,stu4-8application4-8,read> 8.252475392609282E-5
<2198,registrar4-0,roster4-8,read> 1.1986512251660716E-4
<2199,stu3-13,gradebook3-3,readMyScores> 2.5270328279897403E-5
<2200,registrar4-0,roster4-9,read> 1.1713488245928488E-4
<2201,registrar0-0,roster4-1,read> 1.3804425178717277E-4
<2202,stu3-13,gradebook3-5,readMyScores> 2.1410016839961253E-5
<2203,admissions4-0,stu3-6application3-6,setStatus> 2.1038297591736158E-4
<2204,fac1-0,gradebook1-1,assignGrade> 3.1353431506086994E-4
<2205,stu3-13,gradebook3-6,readMyScores> 2.10080817042192E-5
<2206,admissions4-0,stu2-10application2-10,setStatus> 1.3627052537736362E-4
<2207,admissions2-0,stu0-3application0-3,setStatus> 8.72854579053364E-5
<2208,registrar2-1,roster1-2,read> 2.1419071794729605E-4
<2209,admissions4-1,stu4-13application4-13,setStatus> 2.0243531340877863E-4
<2210,stu5-14,stu5-14application5-14,checkStatus> 3.892097133110825E-4
<2211,admissions0-1,application1-1,setStatus> 2.7421258811667146E-5
<2212,admissions0-1,application1-0,setStatus> 2.610635329422456E-5
<2213,admissions4-1,stu0-1application0-1,setStatus> 1.737854699851716E-5
<2214,registrar4-0,transcript0-9,read> 1.3939225717644535E-4
<2215,registrar4-0,transcript2-17,read> 4.105129344692958E-4
<2216,registrar4-0,transcript2-16,read> 4.069298418178485E-4
<2217,registrar2-1,transcript3-18,read> 3.6194930157424304E-4
<2218,registrar2-0,transcript4-14,read> 3.802060394672766E-4
<2219,admissions4-0,stu0-6application0-6,read> 5.46991058568818E-5
<2220,admissions4-1,stu3-6application3-6,setStatus> 2.1205600157077995E-4
<2221,admissions2-0,stu4-0application4-0,read> 5.818535422058681E-5
<2222,admissions4-0,application5-2,setStatus> 2.1262880775190697E-4
<2223,admissions2-1,stu5-16application5-16,setStatus> 1.405566187865826E-4
<2224,admissions0-0,stu4-9application4-9,setStatus> 1.581320388416693E-4
<2225,admissions2-1,stu1-10application1-10,read> 1.0281457206199999E-4
<2226,admissions2-1,stu5-18application5-18,read> 1.0803338517954817E-4
<2227,admissions0-1,stu1-8application1-8,setStatus> 1.6811614917802323E-4
<2228,admissions4-0,stu3-8application3-8,read> 1.5648020459847897E-4
<2229,registrar4-1,transcript2-13,read> 4.059977876107035E-4
<2230,stu5-9,gradebook5-2,readMyScores> 6.820235204239634E-5
<2231,admissions4-1,stu1-13application1-13,setStatus> 1.362223419408869E-4
<2232,registrar2-1,transcript4-14,read> 3.8189960757180797E-4
<2233,registrar2-1,transcript4-11,read> 3.587992532588381E-4
<2234,registrar0-1,transcript0-15,read> 3.278361951992493E-4
<2235,stu5-9,gradebook5-4,readMyScores> 8.869865593132203E-5
<2236,registrar2-1,transcript4-12,read> 3.78749559256403E-4
<2237,registrar4-1,transcript2-12,read> 4.0478479783071387E-4
<2238,stu5-9,gradebook5-5,readMyScores> 4.5485174691399274E-5
<2239,admissions2-1,stu5-3application5-3,read> 1.3792295121641492E-4
<2240,registrar2-0,transcript5-4,read> 3.091215788863859E-4
<2241,registrar4-1,transcript2-19,read> 4.2176665475056893E-4
<2242,registrar4-1,transcript2-16,read> 4.1327572629064146E-4
<2243,registrar4-1,transcript2-17,read> 4.1691469563061035E-4
<2244,stu1-15,gradebook1-9,readScore> 4.383681567127068E-5
<2245,admissions2-1,stu4-19application4-19,setStatus> 6.831271819242413E-5
<2246,admissions4-0,stu3-5application3-5,setStatus> 1.222340764114549E-4
<2247,stu5-1,gradebook5-2,addScore> 2.1529748596839466E-4
<2248,registrar0-1,transcript5-8,read> 3.007429858523403E-4
<2249,admissions2-0,stu5-16application5-16,setStatus> 1.4521273866357083E-4
<2250,stu5-8,gradebook5-9,readMyScores> 5.2333508131214116E-5
<2251,admissions2-0,stu5-11application5-11,read> 1.0425982214675171E-4
<2252,admissions2-0,stu5-18application5-18,read> 1.1161213085837378E-4
<2253,admissions2-1,stu0-2application0-2,setStatus> 9.008023674831327E-6
<2254,registrar2-0,roster1-4,write> 1.5160845043453065E-4
<2255,admissions0-1,stu4-9application4-9,setStatus> 1.5759690503848258E-4
<2256,admissions2-0,stu1-10application1-10,read> 1.0622043780318427E-4
<2257,stu5-8,gradebook5-3,readMyScores> 1.382446935282609E-4
<2258,admissions4-1,stu1-3application1-3,read> 1.378040962592865E-4
<2259,stu0-6,transcript0-6,read> 5.440040330264812E-4
<2260,registrar2-0,roster2-9,read> 1.4872098651425825E-4
<2261,admissions4-1,stu3-5application3-5,setStatus> 1.232061167805321E-4
<2262,admissions0-1,stu5-18application5-18,setStatus> 1.4970747193382712E-4
<2263,registrar0-1,transcript1-7,read> 3.0877060343660964E-4
<2264,stu5-7,gradebook5-8,readMyScores> 3.120544176154051E-5
<2265,admissions0-0,stu1-13application1-13,read> 1.3973671715308966E-4
<2266,stu5-7,gradebook5-5,readMyScores> 4.3553061076189395E-5
<2267,admissions4-0,stu1-16application1-16,read> 1.0954231925648026E-4
<2268,stu4-14,gradebook4-8,addScore> 1.9749590303012914E-4
<2269,stu1-13,gradebook1-2,readScore> 2.9149563280724163E-5
<2270,registrar0-0,transcript1-0,read> 2.678628529341339E-4
<2271,admissions0-0,stu0-0application0-0,setStatus> 1.5945140923353442E-4
<2272,admissions2-1,stu4-0application4-0,read> 5.6319691560207274E-5
<2273,registrar0-0,transcript1-8,read> 3.071790878951421E-4
<2274,registrar0-0,transcript1-9,read> 3.0818719648388593E-4
<2275,registrar0-0,transcript1-2,read> 3.1322773942760494E-4
<2276,stu1-14,gradebook1-2,readScore> 2.9420722008916944E-5
<2277,stu1-9,stu1-9application1-9,checkStatus> 0.00182675441102671
<2278,stu5-6,gradebook5-7,readMyScores> 6.53570624285083E-5
<2279,admissions0-0,stu0-11application0-11,read> 1.9488639953305225E-4
<2280,registrar0-0,transcript1-3,read> 3.1423584801634877E-4
<2281,stu5-6,gradebook5-8,readMyScores> 3.1551527991797896E-5
<2282,registrar2-0,transcript4-11,read> 3.572081257499297E-4
<2283,admissions0-1,stu0-11application0-11,read> 1.9422688549063923E-4
<2284,admissions2-0,application3-0,read> 1.2043490131232026E-4
<2285,registrar4-0,transcript2-11,read> 3.973749280806555E-4
<2286,stu5-6,gradebook5-2,readMyScores> 6.602953374724038E-5
<2287,admissions4-1,stu1-16application1-16,read> 1.1041343113923557E-4
<2288,registrar2-1,transcript0-0,read> 1.876466281218335E-4
<2289,stu3-18,gradebook3-8,readMyScores> 2.4646375042896747E-5
<2290,stu1-18,gradebook1-7,readMyScores> 4.6446376564462225E-5
<2291,admissions4-0,stu3-16application3-16,setStatus> 3.913829853327542E-5
<2292,admissions2-0,stu0-16application0-16,read> 1.1700382391356332E-4
<2293,admissions0-1,stu4-13application4-13,setStatus> 2.3517633056759492E-4
<2294,registrar4-0,roster3-3,read> 1.4989776314715218E-4
<2295,registrar2-1,transcript0-8,read> 1.1834556518292368E-4
<2296,admissions2-0,application5-1,read> 1.8464506406048626E-4
<2297,registrar2-1,transcript0-9,read> 1.2254562960346366E-4
<2298,registrar0-0,roster3-7,read> 1.2959452248696094E-4
<2299,stu3-18,gradebook3-3,readMyScores> 2.614423012242988E-5
<2300,stu0-9,transcript0-9,read> 5.78714506839033E-4
<2301,registrar2-1,transcript0-6,read> 1.1519551686751869E-4
<2302,registrar2-1,transcript0-7,read> 1.2044559739319367E-4
<2303,registrar2-1,transcript0-1,read> 1.8029651538588846E-4
<2304,stu5-5,gradebook5-1,readMyScores> 7.213922847661643E-5
<2305,registrar2-1,transcript0-5,read> 1.1729554907778868E-4
<2306,admissions0-1,stu2-16application2-16,read> 1.1843573146524895E-4
<2307,registrar0-0,transcript4-5,read> 2.0939255478699345E-4
<2308,registrar4-0,roster3-9,write> 1.1298781328130673E-4
<2309,admissions0-1,stu5-8application5-8,setStatus> 2.516126495356271E-4
<2310,registrar2-1,transcript0-4,read> 1.1204546855211371E-4
<2311,registrar4-1,transcript1-5,read> 3.7567304311096215E-4
<2312,registrar4-0,roster3-8,write> 1.1232593690377405E-4
<2313,admissions4-0,stu5-15application5-15,read> 3.9876615748882216E-5
<2314,registrar2-1,transcript0-2,read> 1.834465637012935E-4
<2315,admissions0-0,stu5-0application5-0,setStatus> 1.6077077962539955E-4
<2316,stu5-5,gradebook5-4,readMyScores> 8.68147906726037E-5
<2317,registrar4-0,roster3-5,write> 1.1034030777117602E-4
<2318,registrar2-1,transcript1-0,read> 2.7899802926857826E-4
<2319,app2-4,application2-4,checkStatus> 6.959661132420323E-4
<2320,registrar0-0,transcript3-19,read> 3.4548721426740656E-4
<2321,stu5-5,gradebook5-6,readMyScores> 6.505357059259306E-5
<2322,registrar4-0,roster3-4,write> 1.0703092588351269E-4
<2323,registrar4-0,roster3-6,write> 1.110021841487087E-4
<2324,admissions2-1,stu1-17application1-17,read> 5.679412911634802E-5
<2325,registrar4-0,roster3-1,write> 1.0636904950597999E-4
<2326,registrar2-1,transcript2-11,read> 3.493491083126231E-4
<2327,registrar4-0,roster0-2,read> 2.3180496486682048E-4
<2328,registrar4-0,roster3-3,write> 1.0901655501611068E-4
<2329,registrar4-0,roster3-2,write> 1.0504529675091465E-4
<2330,admissions4-1,stu3-16application3-16,setStatus> 3.9449537487814396E-5
<2331,stu3-19,gradebook3-6,readMyScores> 2.1371333837433364E-5
<2332,stu3-19,gradebook3-7,readMyScores> 3.958852009651756E-5
<2333,admissions4-0,stu1-3application1-3,read> 1.3671688445447951E-4
<2334,registrar2-0,roster5-9,read> 1.2960398400762741E-4
<2335,admissions2-1,stu4-16application4-16,setStatus> 1.621219622475254E-4
<2336,registrar2-0,transcript0-6,read> 1.1468467200336116E-4
<2337,stu2-6,gradebook2-3,readMyScores> 1.5523803813683728E-4
<2338,registrar2-0,roster0-8,read> 2.1961320414301425E-4
<2339,registrar2-0,transcript0-7,read> 1.1991147057548549E-4
<2340,registrar2-0,transcript0-0,read> 1.868144922986768E-4
<2341,registrar4-1,roster1-6,read> 2.446625801075305E-4
<2342,admissions2-0,stu2-9application2-9,setStatus> 1.986840747480949E-4
<2343,registrar2-0,transcript0-2,read> 1.8263305344097734E-4
<2344,registrar2-0,transcript0-1,read> 1.794969742977027E-4
<2345,registrar2-0,transcript0-4,read> 1.1154859286008658E-4
<2346,registrar2-0,transcript0-3,read> 1.1259395257451144E-4
<2347,stu5-4,gradebook5-8,readMyScores> 3.2243700452312664E-5
<2348,stu5-4,gradebook5-5,readMyScores> 4.500214628759681E-5
<2349,registrar0-0,transcript0-19,read> 3.2028449954881155E-4
<2350,admissions0-0,application1-3,read> 2.5954214558640327E-5
<2351,admissions0-0,application1-1,read> 2.4212645641378348E-5
<2352,admissions4-1,stu4-9application4-9,read> 1.193776488148886E-4
<2353,admissions0-0,application1-2,read> 2.5373691586219667E-5
<2354,admissions0-0,application1-0,read> 2.305159969653703E-5
<2355,stu4-7,transcript4-7,read> 9.952401925896544E-4
<2356,stu1-10,gradebook1-3,readScore> 1.0180762533599603E-4
<2357,admissions4-0,stu5-4application5-4,setStatus> 7.001848625827455E-5
<2358,admissions0-1,stu2-11application2-11,read> 7.909375838336695E-5
<2359,stu5-3,gradebook5-1,readMyScores> 6.718210246918165E-5
<2360,stu4-8,gradebook4-5,addScore> 3.338807403785944E-4
<2361,admissions4-1,stu3-12application3-12,read> 7.007445159879695E-5
<2362,stu5-3,gradebook5-9,readMyScores> 4.736688345795302E-5
<2363,stu5-3,gradebook5-5,readMyScores> 4.1459937993045355E-5
<2364,admissions2-1,stu5-11application5-11,read> 1.0091682183743703E-4
<2365,admissions0-1,application1-4,read> 1.660944819449553E-5
<2366,admissions0-1,application1-0,read> 2.2973590898917614E-5
<2367,stu2-15,gradebook2-3,readMyScores> 9.698504179007999E-5
<2368,admissions0-1,application1-1,read> 2.4130707754267086E-5
<2369,admissions0-1,application1-2,read> 2.528782460961656E-5
<2370,admissions4-1,stu0-6application0-6,read> 5.51340888060419E-5
<2371,stu3-1,gradebook3-4,readMyScores> 5.381004632019814E-5
<2372,admissions0-1,application1-3,read> 2.5866383037291293E-5
<2373,admissions2-1,stu5-0application5-0,read> 1.1562438607780005E-4
<2374,admissions0-0,stu2-11application2-11,read> 7.936232802134102E-5
<2375,admissions2-1,stu0-16application0-16,read> 1.1325219829709635E-4
<2376,stu5-2,gradebook5-2,readMyScores> 6.313244268703238E-5
<2377,registrar2-0,transcript5-19,read> 1.9556937990698504E-5
<2378,stu2-5,gradebook2-4,readMyScores> 1.5186793035917683E-4
<2379,admissions4-1,stu5-15application5-15,read> 4.019372601328685E-5
<2380,admissions0-0,stu0-12application0-12,read> 5.8463501014197265E-5
<2381,admissions4-0,stu3-12application3-12,read> 6.952159596488138E-5
<2382,stu5-2,gradebook5-9,readMyScores> 4.810267970584356E-5
<2383,admissions2-0,stu1-17application1-17,read> 5.8675508134694955E-5
<2384,stu5-2,gradebook5-5,readMyScores> 4.210397586478199E-5
<2385,registrar0-1,transcript2-4,read> 1.9538050505880526E-4
<2386,admissions4-0,stu3-19application3-19,read> 1.4956304254807915E-4
<2387,admissions4-0,stu1-18application1-18,read> 1.1053048526368023E-4
<2388,admissions2-1,stu4-18application4-18,setStatus> 1.062542443440204E-5
<2389,admissions2-1,stu3-3application3-3,read> 1.7635239326381502E-4
<2390,registrar4-0,transcript4-16,read> 4.367889472465765E-4
<2391,admissions4-0,stu3-9application3-9,read> 8.088550504768105E-5
<2392,registrar4-1,transcript1-2,read> 3.7688603289095184E-4
<2393,admissions0-0,stu5-10application5-10,setStatus> 2.366345771576449E-4
<2394,admissions2-0,application2-4,read> 5.67148924782624E-5
<2395,admissions2-1,stu4-5application4-5,read> 7.339944358127399E-5
<2396,chair1,transcript1-14,read> 2.2204899394721934E-4
<2397,admissions2-0,stu2-0application2-0,setStatus> 1.1123616052652948E-4
<2398,admissions2-0,application2-1,read> 5.083304550896475E-5
<2399,registrar0-0,transcript4-2,read> 2.1342498914196867E-4
<2400,registrar4-1,transcript1-7,read> 3.7324706355098294E-4
<2401,registrar0-1,transcript5-15,read> 2.4793631393081856E-5
<2402,admissions2-0,application2-0,read> 5.034289159485661E-5
<2403,admissions4-1,stu5-4application5-4,read> 6.21062581093276E-5
<2404,admissions2-0,application2-3,read> 5.573458465004613E-5
<2405,registrar2-1,transcript5-1,read> 3.031483996866832E-4
<2406,admissions4-1,stu5-4application5-4,setStatus> 7.05752933060541E-5
<2407,registrar4-1,transcript1-9,read> 3.7082108399100357E-4
<2408,admissions2-0,application2-2,read> 5.132319942307289E-5
<2409,admissions2-1,application2-0,read> 4.87286906619554E-5
<2410,admissions4-0,stu0-11application0-11,setStatus> 1.8848611553054392E-4
<2411,registrar4-0,transcript1-0,read> 3.173525255316644E-4
<2412,stu2-11,gradebook2-4,readMyScores> 1.0725481600819129E-4
<2413,admissions4-1,stu5-5application5-5,setStatus> 9.943735779205814E-5
<2414,registrar4-0,transcript1-9,read> 3.651270942176292E-4
<2415,admissions2-1,application2-4,read> 5.489637889178505E-5
<2416,registrar4-0,transcript1-7,read> 3.675158226519275E-4
<2417,registrar4-1,transcript0-16,read> 3.890159306908483E-4
<2418,registrar0-1,roster3-7,write> 9.38152243407603E-5
<2419,admissions2-1,application2-2,read> 4.967756577423689E-5
<2420,admissions2-1,application2-1,read> 4.9203128218096144E-5
<2421,admissions2-1,stu3-10application3-10,read> 4.825425310581466E-5
<2422,stu0-2,gradebook0-7,readMyScores> 2.393969723701171E-5
<2423,admissions2-1,stu5-17application5-17,read> 1.1941988652692598E-4
<2424,admissions4-0,stu3-17application3-17,read> 1.401754654796794E-4
<2425,admissions0-1,stu3-14application3-14,setStatus> 1.5299473572743359E-4
<2426,admissions0-1,stu0-19application0-19,setStatus> 1.299838891721884E-4
<2427,admissions4-1,stu3-9application3-9,read> 8.152872973990915E-5
<2428,admissions4-0,stu5-5application5-5,setStatus> 9.865284214872829E-5
<2429,admissions4-1,stu1-1application1-1,setStatus> 2.222426125658402E-4
<2430,stu3-8,gradebook3-4,readMyScores> 5.075157121851726E-5
<2431,stu3-8,gradebook3-1,readMyScores> 7.107840761482259E-5
<2432,registrar4-1,transcript2-9,read> 2.4103117753211068E-4
<2433,admissions4-0,stu2-13application2-13,read> 1.0015474218808053E-4
<2434,admissions4-1,stu3-17application3-17,read> 1.4129018091092936E-4
<2435,admissions0-0,stu2-8application2-8,setStatus> 2.5972355901528475E-4
<2436,admissions2-0,stu5-17application5-17,read> 1.233758247969691E-4
<2437,fac0-4,gradebook0-8,changeScore> 2.8373251867769956E-4
<2438,admissions0-0,stu0-19application0-19,setStatus> 1.3042526061250143E-4
<2439,admissions4-1,stu0-13application0-13,setStatus> 1.8658947408312925E-4
<2440,admissions2-0,stu3-3application3-3,read> 1.8219429448994556E-4
<2441,registrar2-1,transcript2-16,read> 3.5774923715370307E-4
<2442,stu3-9,gradebook3-2,readMyScores> 1.6585486188790968E-4
<2443,admissions2-0,stu4-18application4-18,setStatus> 1.0977405368046827E-5
<2444,registrar4-1,transcript0-1,read> 2.0828045347239E-4
<2445,stu4-3,transcript4-3,read> 0.0010200333881700485
<2446,stu3-9,gradebook3-3,readMyScores> 3.823320561079578E-5
<2447,admissions2-1,stu4-12application4-12,read> 1.545282656813409E-4
<2448,stu3-9,gradebook3-5,readMyScores> 3.239267677515751E-5
<2449,admissions4-1,stu2-13application2-13,read> 1.0095120137049072E-4
<2450,admissions4-0,stu5-4application5-4,read> 6.16162679072816E-5
<2451,registrar0-0,transcript4-12,read> 3.636331688647949E-4
<2452,admissions4-1,application4-0,read> 1.3431801160764364E-4
<2453,admissions4-0,stu1-3application1-3,setStatus> 1.5536009597099946E-4
<2454,registrar0-1,transcript0-1,read> 1.7230110450403087E-4
<2455,stu3-6,gradebook3-6,readMyScores> 3.130022547862053E-5
<2456,registrar2-0,roster5-5,write> 8.904371495828427E-5
<2457,registrar0-0,transcript2-6,read> 1.902384916008613E-4
<2458,registrar4-1,transcript5-12,read> 3.603590471385928E-5
<2459,registrar4-1,transcript5-13,read> 3.239693537389032E-5
<2460,registrar0-0,transcript2-8,read> 1.9225470877834888E-4
<2461,registrar4-1,transcript5-10,read> 3.846188427383859E-5
<2462,registrar0-0,transcript2-7,read> 1.9326281736709266E-4
<2463,registrar4-1,transcript5-11,read> 3.3609925153879974E-5
<2464,registrar0-1,transcript0-14,read> 3.2883964739728296E-4
<2465,registrar0-0,transcript2-2,read> 1.942709259558365E-4
<2466,registrar0-0,transcript5-0,read> 2.940736762414727E-4
<2467,registrar4-1,transcript5-16,read> 2.7544976253931705E-5
<2468,stu2-10,gradebook2-4,readMyScores> 1.0847709311369775E-4
<2469,registrar4-1,transcript5-17,read> 2.6331986473942056E-5
<2470,registrar0-0,transcript2-4,read> 1.962871431333241E-4
<2471,admissions0-1,application5-2,read> 2.1910489788065293E-4
<2472,registrar4-1,transcript5-14,read> 3.118394559390067E-5
<2473,admissions0-1,stu5-16application5-16,setStatus> 1.714034129716297E-4
<2474,registrar0-0,transcript2-3,read> 1.972952517220679E-4
<2475,admissions0-1,stu4-3application4-3,read> 2.2604759901274975E-4
<2476,registrar4-1,transcript5-15,read> 2.9970955813911017E-5
<2477,registrar4-0,transcript5-19,read> 2.2344563895831472E-5
<2478,registrar4-0,transcript5-18,read> 2.4733292330129716E-5
<2479,registrar0-0,transcript2-0,read> 2.356033780943323E-4
<2480,registrar0-1,transcript5-10,read> 3.181779677931752E-5
<2481,registrar4-0,transcript5-17,read> 2.5927656547278835E-5
<2482,admissions0-1,stu4-16application4-16,setStatus> 1.9770152332048132E-4
<2483,admissions2-1,stu3-15application3-15,setStatus> 1.5187842410357757E-4
<2484,stu2-11,gradebook2-5,readMyScores> 2.8953528431024554E-4
<2485,registrar4-0,transcript0-19,read> 3.794594648234187E-4
<2486,admissions4-1,application4-4,read> 1.42286205097113E-4
<2487,admissions4-1,application4-1,read> 1.407921688178375E-4
<2488,stu2-19,gradebook2-5,readScore> 1.0418660739894567E-4
<2489,admissions0-0,stu5-13application5-13,read> 2.169462724850374E-4
<2490,admissions4-1,stu1-11application1-11,setStatus> 1.7810063158724574E-4
<2491,stu3-7,gradebook3-5,readMyScores> 3.1405471387724144E-5
<2492,stu3-7,gradebook3-9,readMyScores> 4.4422395102934625E-5
<2493,admissions4-0,stu2-8application2-8,read> 1.9452459587567788E-4
<2494,registrar0-1,transcript2-8,read> 1.913666962666706E-4
<2495,registrar4-0,transcript5-10,read> 3.787129871877005E-5
<2496,registrar0-1,transcript2-7,read> 1.9237014846470424E-4
<2497,admissions4-0,stu0-19application0-19,setStatus> 1.1100491723872795E-4
<2498,registrar4-0,transcript5-11,read> 3.3093841850173566E-5
<2499,admissions2-0,stu5-10application5-10,read> 1.758222936065398E-4
<2500,registrar0-1,transcript2-6,read> 1.8935979187060327E-4
<2501,registrar0-1,transcript2-5,read> 1.9036324406863692E-4
<2502,registrar4-0,transcript5-13,read> 3.189947763302444E-5
<2503,registrar4-0,transcript5-14,read> 3.070511341587532E-5
<2504,registrar4-0,transcript5-15,read> 2.95107491987262E-5
<2505,registrar0-1,transcript2-2,read> 1.933736006627379E-4
<2506,registrar4-0,transcript5-16,read> 2.7122020764427957E-5
<2507,registrar0-1,transcript2-0,read> 2.3451514078211828E-4
<2508,admissions4-0,application5-3,read> 1.8810151682887804E-4
<2509,fac2-1,gradebook2-3,assignGrade> 8.065902133374052E-4
<2510,stu2-17,gradebook2-4,readMyScores> 1.0114343048065902E-4
<2511,stu2-10,gradebook2-7,readMyScores> 1.6955546101360086E-4
<2512,admissions4-1,stu3-19application3-19,setStatus> 1.713095575905389E-4
<2513,registrar0-1,transcript2-1,read> 1.9437705286077156E-4
<2514,admissions2-1,stu1-4application1-4,read> 1.8441783171820766E-4
<2515,admissions4-0,application4-0,read> 1.332583034292796E-4
<2516,admissions4-0,stu4-9application4-9,read> 1.1843581332128001E-4
<2517,admissions4-0,application4-1,read> 1.396813824760794E-4
<2518,admissions4-0,application4-2,read> 1.3869321646887945E-4
<2519,admissions4-0,application4-3,read> 1.4165771449047934E-4
<2520,admissions4-0,application4-4,read> 1.4116363148687937E-4
<2521,stu3-4,gradebook3-4,readMyScores> 5.304542754477793E-5
<2522,fac0-2,gradebook0-4,assignGrade> 1.1797627945751836E-4
<2523,admissions0-0,stu0-7application0-7,read> 1.2522364284257314E-4
<2524,registrar2-0,roster0-8,write> 1.597186939221922E-4
<2525,stu3-4,gradebook3-3,readMyScores> 4.041796021712698E-5
<2526,admissions0-1,stu1-12application1-12,read> 1.3694960115084048E-4
<2527,registrar2-0,roster0-7,write> 1.4987054111574602E-4
<2528,registrar4-0,transcript2-4,read> 2.325526661140768E-4
<2529,registrar2-0,roster0-6,write> 1.5044984422200755E-4
<2530,registrar4-0,transcript2-3,read> 2.337470303312259E-4
<2531,registrar0-0,roster5-6,write> 8.4753345405155E-5
<2532,registrar2-0,roster0-4,write> 1.4929123800948445E-4
<2533,registrar2-0,roster0-3,write> 1.4639472247817675E-4
<2534,registrar4-0,transcript2-0,read> 2.791328705828925E-4
<2535,registrar2-0,roster0-2,write> 1.4755332869069985E-4
<2536,registrar2-0,roster0-1,write> 1.4523611626565368E-4
<2537,registrar0-1,transcript5-19,read> 1.8772918204879855E-5
<2538,registrar4-1,roster0-1,write> 1.6852564938620393E-4
<2539,admissions2-1,stu0-10application0-10,read> 1.8489226927434843E-4
<2540,admissions2-1,stu5-18application5-18,setStatus> 1.2276521043130475E-4
<2541,stu3-4,gradebook3-9,readMyScores> 4.8436992695734223E-5
<2542,stu3-4,gradebook3-6,readMyScores> 3.3600822322310245E-5
<2543,registrar2-0,roster0-9,write> 1.6087730013471526E-4
<2544,admissions2-0,stu1-13application1-13,setStatus> 1.34072876979295E-4
<2545,admissions4-0,stu3-19application3-19,setStatus> 1.6995800289554448E-4
<2546,registrar4-0,transcript2-9,read> 2.3733012298267326E-4
<2547,stu2-15,gradebook2-5,readScore> 1.009610158386068E-4
<2548,registrar4-0,transcript2-5,read> 2.2658084502833118E-4
<2549,registrar4-1,transcript2-5,read> 2.301142695122038E-4
<2550,registrar4-1,transcript2-2,read> 2.3375323885217275E-4
<2551,stu3-5,gradebook3-1,readMyScores> 7.348784516108776E-5
<2552,admissions2-0,stu5-18application5-18,setStatus> 1.2683196688451567E-4
<2553,stu5-11,transcript5-11,read> 1.3739562550801746E-4
<2554,stu3-5,gradebook3-6,readMyScores> 3.323757018909608E-5
<2555,stu3-5,gradebook3-9,readMyScores> 4.791334953145601E-5
<2556,registrar4-1,transcript2-7,read> 2.325402490721831E-4
<2557,admissions0-0,stu4-16application4-16,setStatus> 1.9837283579355594E-4
<2558,admissions2-0,application2-0,setStatus> 5.7207831357791605E-5
<2559,admissions0-1,stu3-2application3-2,read> 5.7687096559401735E-5
<2560,stu2-14,gradebook2-3,readMyScores> 9.636532906298682E-5
<2561,admissions0-1,stu5-6application5-6,setStatus> 3.9255408468650366E-5
<2562,admissions4-1,stu2-9application2-9,setStatus> 2.0186939057571966E-4
<2563,stu2-14,gradebook2-4,readMyScores> 9.503204495312676E-5
<2564,stu3-2,gradebook3-6,readMyScores> 3.2874318055881915E-5
<2565,stu3-2,gradebook3-7,readMyScores> 6.089678870370831E-5
<2566,registrar4-1,transcript3-4,read> 9.425941415336263E-5
<2567,registrar4-1,transcript4-13,read> 4.363225321104448E-4
<2568,stu3-2,gradebook3-8,readMyScores> 3.727850041307224E-5
<2569,admissions2-1,stu2-9application2-9,read> 1.692358299217039E-4
<2570,admissions2-0,application2-4,setStatus> 6.444874145257092E-5
<2571,admissions2-0,application2-3,setStatus> 6.333475528414333E-5
<2572,admissions0-0,stu2-9application2-9,read> 2.0707738195388615E-4
<2573,stu3-2,gradebook3-1,readMyScores> 7.26846993123327E-5
<2574,registrar2-1,roster0-1,write> 1.4588304774122452E-4
<2575,admissions2-1,application2-1,setStatus> 5.591264570238198E-5
<2576,admissions2-1,application2-2,setStatus> 5.6451779288905554E-5
<2577,registrar4-1,roster4-9,read> 1.1896154729295794E-4
<2578,admissions4-1,stu0-16application0-16,setStatus> 1.3509049627476906E-4
<2579,registrar4-1,roster3-4,read> 1.4946253319649396E-4
<2580,stu3-3,gradebook3-6,readMyScores> 3.251106592266775E-5
<2581,admissions2-0,stu4-16application4-16,setStatus> 1.6749246203212254E-4
<2582,registrar0-1,roster4-3,write> 1.0104425619907522E-4
<2583,admissions2-1,stu4-0application4-0,setStatus> 6.399964950023554E-5
<2584,admissions0-0,stu5-6application5-6,setStatus> 3.9388703573807074E-5
<2585,admissions2-1,stu1-11application1-11,read> 1.4930945256379276E-4
<2586,stu3-3,gradebook3-5,readMyScores> 3.313308081573255E-5
<2587,stu3-3,gradebook3-8,readMyScores> 3.6866583281436086E-5
<2588,stu3-3,gradebook3-9,readMyScores> 4.6866063202899594E-5
<2589,admissions4-1,stu0-13application0-13,read> 1.6419873719315375E-4
<2590,registrar2-1,roster0-4,write> 1.499562323881459E-4
<2591,admissions2-1,application2-4,setStatus> 6.238224874066484E-5
<2592,admissions0-0,stu3-8application3-8,read> 1.838564630570598E-4
<2593,admissions2-1,application2-3,setStatus> 6.130398156761769E-5
<2594,registrar2-1,roster0-2,write> 1.4821058182517958E-4
<2595,registrar2-1,roster0-3,write> 1.4704681478320205E-4
<2596,stu2-15,gradebook2-2,readMyScores> 1.9341145533005878E-4
<2597,registrar0-1,roster0-9,read> 2.1233832960431098E-4
<2598,registrar2-1,roster0-7,write> 1.5053811590913464E-4
<2599,admissions4-0,stu3-13application3-13,setStatus> 1.3346323558418186E-4
<2600,admissions2-1,stu2-9application2-9,setStatus> 1.9231344309284537E-4

