<0,app5-3,application5-3,checkStatus> 0.002289896426608732
<1,fac0-4,gradebook0-9,addScore> 3.849250528130079E-5
<2,stu2-12,transcript2-12,read> 0.001654739195028138
<3,stu5-7,transcript5-7,read> 0.0014712695477332215
<4,stu3-14,stu3-14application3-14,checkStatus> 0.0013997013836718583
<5,admissions2-1,stu2-14application2-14,read> 5.1575315998799854E-5
<6,stu2-4,gradebook2-3,readMyScores> 1.6660880230871786E-4
<7,admissions2-0,stu1-16application1-16,setStatus> 1.234900083792329E-4
<8,fac0-4,roster0-9,read> 0.0029252309758173284
<9,stu4-13,stu4-13application4-13,checkStatus> 0.002151555305071245
<10,admissions0-1,stu5-17application5-17,setStatus> 1.654863381431381E-4
<11,registrar0-1,transcript4-13,read> 3.6095011773436026E-4
<12,fac2-0,gradebook2-1,changeScore> 0.0021594253367626117
<13,fac2-3,gradebook2-6,changeScore> 0.0022409771984184773
<14,admissions2-0,application5-3,setStatus> 2.1205190876922593E-4
<15,stu0-10,stu0-10application0-10,checkStatus> 0.0023440299089494882
<16,registrar4-1,transcript2-0,read> 2.8348581983174854E-4
<17,stu2-14,gradebook2-4,readMyScores> 1.4644635736444034E-4
<18,stu5-8,transcript5-8,read> 0.001486145465081458
<19,chair2,transcript2-11,read> 0.0019085696627217938
<20,stu3-2,transcript3-2,read> 3.7541030307980107E-4
<21,chair0,transcript0-1,read> 9.849988202976219E-4
<22,admissions0-0,application4-1,read> 1.6411868199475732E-4
<23,admissions0-1,stu2-5application2-5,setStatus> 1.7797794055884262E-4
<24,admissions2-1,stu2-19application2-19,read> 1.0993113540411114E-4
<25,stu1-3,stu1-3application1-3,checkStatus> 0.0016643539640044424
<26,chair5,transcript5-9,read> 0.00171352985748936
<27,admissions2-0,stu2-3application2-3,setStatus> 7.113265846313643E-5
<28,fac2-0,roster2-1,read> 0.0015242801468887597
<29,fac1-0,roster1-1,read> 0.0028304297919048687
<30,fac4-4,gradebook4-9,addScore> 3.620794610678509E-4
<31,chair4,transcript4-13,read> 0.002063454213935785
<32,stu4-12,transcript4-12,read> 0.0017886224511622663
<33,fac0-0,roster0-1,read> 0.0026408274240799496
<34,chair4,transcript4-8,read> 0.0011570927660909459
<35,admissions0-1,stu3-11application3-11,read> 1.4273518542758784E-4
<36,registrar4-1,transcript3-11,read> 4.2904459343050694E-4
<37,registrar4-1,transcript1-4,read> 3.744600533309725E-4
<38,stu4-9,transcript4-9,read> 0.0010101161099378907
<39,chair0,transcript0-19,read> 0.001822522689825132
<40,chair5,transcript5-7,read> 0.001702056927769805
<41,registrar4-1,roster1-4,read> 2.418897632072091E-4
<42,stu0-14,stu0-14application0-14,checkStatus> 0.0014117310464142486
<43,app4-2,application4-2,checkStatus> 0.0016884132894892227
<44,admissions4-1,application4-3,setStatus> 1.622547922615964E-4
<45,stu2-18,stu2-18application2-18,checkStatus> 0.0018147247482843195
<46,admissions4-0,stu0-19application0-19,setStatus> 1.1100491723872795E-4
<47,chair4,transcript4-10,read> 0.0019429884518804587
<48,chair0,transcript0-12,read> 0.001897096733002239
<49,app4-0,application4-0,checkStatus> 0.0016222501444060765
<50,fac3-3,roster3-7,read> 0.0017770833039886514
<51,chair0,transcript0-18,read> 0.0018282591546849095
<52,admissions4-0,stu4-18application4-18,read> 9.737552529283059E-6
<53,stu4-8,stu4-8application4-8,checkStatus> 9.96707681801787E-4
<54,stu4-8,transcript4-8,read> 0.001000198831705733
<55,stu2-13,transcript2-13,read> 0.001659697834144217
<56,registrar2-1,transcript3-16,read> 3.661493659947831E-4
<57,registrar2-1,transcript4-5,read> 2.180970951707484E-4
<58,stu0-13,stu0-13application0-13,checkStatus> 0.0019831400266777824
<59,fac2-1,roster2-2,read> 0.0014084120332179756
<60,fac2-2,gradebook2-5,changeScore> 0.0022468023313938967
<61,registrar2-1,transcript4-9,read> 2.1389703075020843E-4
<62,stu4-10,gradebook4-9,readMyScores> 5.1218361874653496E-5
<63,stu1-4,gradebook1-2,readMyScores> 1.0964111875484404E-4
<64,chair5,transcript5-3,read> 0.0016791110683306951
<65,registrar4-0,transcript3-17,read> 4.140960271207433E-4
<66,fac2-4,gradebook2-8,changeScore> 0.0022118515335413824
<67,app3-3,application3-3,checkStatus> 0.00149593868561098
<68,admissions0-1,stu2-11application2-11,setStatus> 8.987927089018973E-5
<69,registrar0-1,transcript1-12,read> 4.285577095768787E-5
<70,stu0-4,gradebook0-3,readMyScores> 2.9948174428119394E-5
<71,fac0-2,roster0-4,read> 0.002714561678234085
<72,admissions2-0,stu5-0application5-0,read> 1.1945459348410397E-4
<73,fac1-2,roster1-5,read> 0.0028093628621465444
<74,registrar4-1,transcript0-12,read> 4.011458284907449E-4
<75,fac4-2,roster4-5,read> 0.0014505458927346244
<76,admissions4-0,application1-3,read> 2.208962761928271E-5
<77,stu4-15,transcript4-15,read> 0.0017935810902783454
<78,stu4-5,transcript4-5,read> 0.001029950666402206
<79,stu2-8,stu2-8application2-8,checkStatus> 0.0023680892344342683
<80,chair1,transcript1-0,read> 0.0015242265171167037
<81,chair2,transcript2-18,read> 0.001983143705898901
<82,registrar4-1,roster4-2,write> 1.2147178683529442E-4
<83,fac0-1,roster0-2,read> 0.0026829612835965987
<84,registrar2-1,transcript0-0,read> 1.876466281218335E-4
<85,stu2-5,stu2-5application2-5,checkStatus> 0.0016282649757772718
<86,stu2-17,transcript2-17,read> 0.0017043255861889262
<87,registrar4-0,transcript5-9,read> 3.567665446975854E-4
<88,admissions0-1,stu4-8application4-8,read> 9.587195278593426E-5
<89,fac4-1,gradebook4-2,changeScore> 0.0012856553904497644
<90,stu3-19,stu3-19application3-19,checkStatus> 0.0018207395796555148
<91,admissions4-0,stu5-3application5-3,read> 1.4363404650487928E-4
<92,fac2-2,gradebook2-4,assignGrade> 8.045098087033271E-4
<93,fac4-2,gradebook4-4,changeScore> 0.0013147810553268593
<94,fac2-1,gradebook2-3,changeScore> 0.002258452597344734
<95,admissions0-1,stu5-8application5-8,setStatus> 2.516126495356271E-4
<96,registrar4-1,transcript1-1,read> 3.1987551323143815E-4
<97,fac2-0,gradebook2-1,addScore> 0.001507071467730439
<98,registrar4-0,transcript1-1,read> 3.1496379709736617E-4
<99,registrar0-1,transcript4-14,read> 3.649639265264949E-4
<100,admissions2-0,stu0-0application0-0,setStatus> 1.3462987006350878E-4
<101,stu1-0,transcript1-0,read> 0.0013175517351347778
<102,stu1-3,transcript1-3,read> 0.0015456491344744041
<103,chair2,transcript2-13,read> 0.0019200425924413489
<104,stu5-16,gradebook5-4,readMyScores> 3.90786312281945E-5
<105,stu2-12,gradebook2-7,addScore> 8.229193021409147E-4
<106,registrar4-1,roster4-1,write> 1.2079958879885283E-4
<107,stu3-15,transcript3-15,read> 0.0017340774208853993
<108,fac0-4,roster0-8,read> 0.002904164046059004
<109,stu3-1,stu3-1application3-1,checkStatus> 0.0019350213757082214
<110,fac4-1,gradebook4-3,assignGrade> 4.633234487145009E-4
<111,admissions0-1,application5-0,setStatus> 2.470104802245781E-4
<112,registrar0-0,transcript2-14,read> 3.394385627349437E-4
<113,registrar2-1,roster1-3,write> 1.528656499930897E-4
<114,registrar2-1,transcript5-8,read> 3.146985768431682E-4
<115,stu3-9,transcript3-9,read> 3.3574119015117044E-4
<116,registrar4-0,transcript1-4,read> 3.6871018686907654E-4
<117,admissions2-1,stu4-3application4-3,read> 1.8536670683048917E-4
<118,fac2-4,gradebook2-9,changeScore> 0.0022002012675905445
<119,admissions4-1,stu1-0application1-0,read> 1.836212088237353E-4
<120,stu1-15,stu1-15application1-15,checkStatus> 0.0016763836267468324
<121,chair2,transcript2-16,read> 0.0019544613816000135
<122,stu4-1,transcript4-1,read> 0.0010448265837504425
<123,registrar4-0,transcript2-14,read> 4.02152384949252E-4
<124,admissions4-0,stu4-3application4-3,setStatus> 2.1936630325554313E-4
<125,fac4-1,gradebook4-3,changeScore> 0.0012973056564006024
<126,fac2-2,gradebook2-4,addScore> 0.0015721176005402049
<127,fac0-0,gradebook0-1,changeScore> 3.2450844950563236E-4
<128,registrar4-1,transcript5-5,read> 3.5747819641111735E-4
<129,admissions4-0,stu4-10application4-10,setStatus> 3.296226098827559E-5
<130,chair2,transcript2-15,read> 0.0019372519870206814
<131,stu2-19,transcript2-19,read> 0.0017241601426532416
<132,registrar2-0,transcript3-19,read> 3.582534854643546E-4
<133,registrar4-1,transcript2-14,read> 4.0842376717068287E-4
<134,registrar2-1,transcript5-9,read> 3.136485607380332E-4
<135,fac2-1,gradebook2-3,assignGrade> 8.065902133374052E-4
<136,admissions0-1,stu1-9application1-9,read> 1.7571301580504773E-4
<137,stu0-15,stu0-15application0-15,checkStatus> 0.0014177458777854433
<138,fac2-3,roster2-7,read> 0.001935085277176084
<139,admissions0-1,application4-1,setStatus> 1.8586737366349808E-4
<140,stu1-6,transcript1-6,read> 0.00152085593889401
<141,fac2-2,gradebook2-4,changeScore> 0.0022526274643693157
<142,registrar0-0,roster4-2,write> 1.0095447927002396E-4
<143,app2-4,application2-4,checkStatus> 6.959661132420323E-4
<144,registrar2-1,transcript2-14,read> 3.535491727331631E-4
<145,admissions0-0,stu0-9application0-9,setStatus> 1.4427864972708536E-4
<146,fac3-2,gradebook3-4,readScore> 3.338567552501035E-5
<147,stu4-17,transcript4-17,read> 0.0018084570076265817
<148,stu4-5,stu4-5application4-5,checkStatus> 9.305445367186408E-4
<149,registrar4-0,transcript0-7,read> 1.3700352874214711E-4
<150,fac0-1,roster0-3,read> 0.0026618943538382744
<151,registrar4-1,roster4-8,write> 8.853408304965776E-5
<152,registrar4-1,roster2-7,write> 1.2348838094461908E-4
<153,stu0-17,stu0-17application0-17,checkStatus> 0.0022417777756391713
<154,chair1,transcript1-2,read> 0.0017823674358066898
<155,stu3-17,transcript3-17,read> 0.001719201503537163
<156,fac2-3,gradebook2-7,addScore> 7.288713818962386E-4
<157,registrar4-0,roster3-5,read> 1.5171792318536702E-4
<158,registrar4-1,transcript0-13,read> 3.987198489307656E-4
<159,fac2-2,gradebook2-5,addScore> 0.0015680522172395947
<160,registrar0-1,transcript3-10,read> 3.569363089422256E-4
<161,stu4-18,gradebook4-6,readMyScores> 8.340839797501991E-5
<162,registrar4-0,roster1-3,write> 1.7388044001431267E-4
<163,registrar4-1,transcript4-11,read> 4.144887160706311E-4
<164,fac4-2,gradebook4-4,addScore> 2.7464877983220896E-4
<165,stu2-17,gradebook2-8,addScore> 8.348879618811986E-4
<166,chair4,transcript4-11,read> 0.001960197846459791
<167,registrar0-1,transcript2-11,read> 3.338569083874513E-4
<168,fac5-3,gradebook5-6,changeScore> 5.516886355469727E-4
<169,registrar2-1,transcript0-6,read> 1.1519551686751869E-4
<170,stu3-14,transcript3-14,read> 0.0017390360600014784
<171,chair4,transcript4-12,read> 0.002069190678795563
<172,registrar0-0,transcript2-12,read> 3.3641423696871233E-4
<173,registrar0-1,roster0-5,read> 1.962815376882461E-4
<174,registrar0-0,transcript3-16,read> 3.5153586579986934E-4
<175,registrar2-0,roster1-8,read> 2.1722357882968539E-4
<176,fac0-3,roster0-6,read> 0.0027356286079924094
<177,app4-3,application4-3,checkStatus> 0.001724502277716393
<178,registrar2-0,transcript4-18,read> 3.843874783249761E-4
<179,stu1-12,stu1-12application1-12,checkStatus> 0.0014237607091566386
<180,admissions2-1,stu0-17application0-17,setStatus> 2.009395804772225E-4
<181,registrar4-1,roster4-6,write> 9.794485555983966E-5
<182,stu2-9,gradebook2-5,readMyScores> 1.4496366099426373E-4
<183,stu0-19,transcript0-19,read> 0.0015754009691708768
<184,registrar2-1,roster4-1,write> 1.0456931775102233E-4
<185,stu5-9,transcript5-9,read> 0.0014811868259653792
<186,stu3-10,transcript3-10,read> 0.0017638292555818723
<187,fac4-1,roster4-2,read> 0.0019034848825385977
<188,chair4,transcript4-16,read> 0.00209787300309445
<189,fac4-2,roster4-4,read> 0.0014716128224929487
<190,stu1-9,stu1-9application1-9,checkStatus> 0.00182675441102671
<191,fac3-4,roster3-9,read> 0.0017981502337469756
<192,registrar4-0,roster4-7,read> 1.2987600272678883E-4
<193,chair4,transcript4-19,read> 0.0021036094679542277
<194,chair3,transcript3-0,read> 4.1708879917965315E-4
<195,registrar0-0,roster1-1,read> 2.0641024339797755E-4
<196,chair5,transcript5-2,read> 0.0016848475331904728
<197,admissions0-1,stu0-4application0-4,read> 1.46785094421311E-4
<198,fac4-3,gradebook4-7,addScore> 9.338524223443756E-4
<199,stu5-5,transcript5-5,read> 0.0014613522695010638
<200,stu4-3,stu4-3application4-3,checkStatus> 0.002350044740320683
<201,admissions2-1,application1-0,setStatus> 2.1408096164873454E-5
<202,admissions2-1,application3-3,setStatus> 1.3408701574829976E-4
<203,registrar2-1,transcript3-17,read> 3.6404933378451313E-4
<204,stu1-10,stu1-10application1-10,checkStatus> 0.0013034640817327367
<205,admissions4-0,stu4-1application4-1,read> 1.7920802276407834E-4
<206,fac2-4,roster2-8,read> 0.001956152206934408
<207,stu5-13,stu5-13application5-13,checkStatus> 0.0022477926070103666
<208,admissions0-1,stu5-16application5-16,read> 1.508350034150341E-4
<209,admissions4-0,stu1-13application1-13,read> 1.1892989632488E-4
<210,registrar4-1,transcript0-18,read> 3.865899511308691E-4
<211,registrar2-0,transcript1-9,read> 3.1957517603063457E-4
<212,admissions2-0,stu0-17application0-17,read> 1.8268444840405373E-4
<213,fac4-0,gradebook4-1,readScore> 3.290731644930474E-4
<214,admissions4-1,stu4-17application4-17,setStatus> 9.830551212594033E-5
<215,registrar4-0,transcript2-18,read> 4.129016629035941E-4
<216,registrar0-1,transcript4-2,read> 2.1243919242537758E-4
<217,app2-2,application2-2,checkStatus> 6.298029681588862E-4
<218,fac2-3,gradebook2-6,addScore> 0.0015639868339389841
<219,registrar4-1,transcript3-19,read> 4.157017058506208E-4
<220,registrar0-1,transcript1-3,read> 3.127844122287444E-4
<221,fac5-1,gradebook5-2,assignGrade> 2.0327286945472488E-4
<222,registrar0-1,transcript3-4,read> 7.79765978888662E-5
<223,admissions2-1,stu0-15application0-15,read> 1.118288856286741E-4
<224,chair1,transcript1-1,read> 0.0015127535873971486
<225,stu3-14,gradebook3-1,readMyScores> 1.0026668009274066E-4
<226,fac3-4,gradebook3-8,readScore> 1.2687383717321555E-4
<227,stu3-7,stu3-7application3-7,checkStatus> 0.0017305171090875883
<228,chair4,transcript4-15,read> 0.0020749271436553405
<229,stu1-14,stu1-14application1-14,checkStatus> 0.0020432883403897328
<230,fac1-1,gradebook1-3,addScore> 2.4213200916849587E-4
<231,registrar2-0,transcript2-5,read> 1.983134491573503E-4
<232,admissions0-1,application5-1,read> 2.1794778102530342E-4
<233,fac1-3,roster1-7,read> 0.0028620301865423556
<234,fac1-1,roster1-2,read> 0.0028198963270257065
<235,stu5-5,stu5-5application5-5,checkStatus> 0.0010568559955137378
<236,stu5-17,stu5-17application5-17,checkStatus> 0.001513983179724565
<237,fac3-2,roster3-4,read> 0.0017033490498345166
<238,admissions4-1,stu4-11application4-11,read> 1.7664903952044965E-4
<239,admissions2-0,stu2-7application2-7,read> 9.053551255172388E-5
<240,fac5-4,roster5-8,read> 0.0016612151903178678
<241,stu3-6,stu3-6application3-6,checkStatus> 0.0022538074383815616
<242,stu2-18,transcript2-18,read> 0.0017142428644210841
<243,admissions0-1,application3-1,setStatus> 1.6088416883208907E-4
<244,registrar2-0,transcript1-8,read> 3.185298163162097E-4
<245,registrar0-0,transcript2-0,read> 2.356033780943323E-4
<246,chair4,transcript4-4,read> 0.0011857750903898332
<247,admissions4-1,stu1-19application1-19,setStatus> 5.0202071315933564E-5
<248,stu0-14,gradebook0-2,readMyScores> 1.732808950226542E-5
<249,admissions0-1,application5-3,setStatus> 2.502977440181845E-4
<250,stu1-11,stu1-11application1-11,checkStatus> 0.0018929175561098561
<251,app2-1,application2-1,checkStatus> 6.237881367876912E-4
<252,stu5-3,stu5-3application5-3,checkStatus> 0.0017485616032011735
<253,fac5-1,roster5-3,read> 0.0015664140064054082
<254,registrar4-0,transcript4-13,read> 4.296227619436817E-4
<255,admissions0-0,stu5-11application5-11,setStatus> 1.4032053855148993E-4
<256,admissions4-1,stu4-14application4-14,setStatus> 1.7753470875418682E-4
<257,admissions4-0,stu2-8application2-8,read> 1.9452459587567788E-4
<258,stu0-13,transcript0-13,read> 0.001629945999447744
<259,fac1-1,roster1-3,read> 0.002767229002629896
<260,fac1-4,roster1-9,read> 0.00288309711630068
<261,admissions2-1,stu1-18application1-18,setStatus> 1.2060867608521047E-4
<262,admissions2-1,stu5-18application5-18,setStatus> 1.2276521043130475E-4
<263,stu4-11,stu4-11application4-11,checkStatus> 0.00213351081095766
<264,fac3-4,gradebook3-9,addScore> 1.593328459166504E-4
<265,stu2-7,transcript2-7,read> 9.506124405449448E-4
<266,registrar2-0,roster1-4,write> 1.5160845043453065E-4
<267,admissions4-0,stu5-0application5-0,read> 1.2041214533567996E-4
<268,registrar2-0,transcript3-14,read> 3.666163631797535E-4
<269,chair5,transcript5-0,read> 0.0016733746034709178
<270,admissions2-0,stu0-4application0-4,setStatus> 1.413137870740743E-4
<271,chair0,transcript0-11,read> 0.0018569414789837966
<272,app3-4,application3-4,checkStatus> 0.0014899238542397846
<273,registrar0-0,roster5-7,read> 1.2268110760496945E-4
<274,chair3,transcript3-19,read> 0.0019659343113195686
<275,stu2-11,stu2-11application2-11,checkStatus> 8.222775720371293E-4
<276,admissions4-0,application3-1,setStatus> 1.373934412946363E-4
<277,registrar2-0,transcript1-14,read> 4.046413227919579E-5
<278,registrar4-1,transcript0-16,read> 3.890159306908483E-4
<279,admissions0-0,application4-2,setStatus> 1.8517913187490458E-4
<280,admissions2-0,stu1-13application1-13,read> 1.179841317417796E-4
<281,stu4-18,transcript4-18,read> 0.001823332924974818
<282,registrar0-1,roster0-2,write> 1.4163805048038225E-4
<283,stu1-5,transcript1-5,read> 0.0015357318562422464
<284,stu2-0,transcript2-0,read> 0.0011588752834202555
<285,app5-1,application5-1,checkStatus> 0.002265837101123952
<286,chair1,transcript1-3,read> 0.0017881039006664673
<287,fac5-0,roster5-1,read> 0.0018613510230219492
<288,registrar0-0,transcript3-13,read> 3.5456019156610073E-4
<289,admissions0-0,application4-4,setStatus> 1.884775578545674E-4
<290,stu0-19,stu0-19application0-19,checkStatus> 0.0011891822856800298
<291,stu2-14,transcript2-14,read> 0.0016696151123763746
<292,registrar4-0,roster5-7,read> 1.4534736305161507E-4
<293,fac4-0,gradebook4-1,changeScore> 0.0012798302574743453
<294,admissions0-0,stu3-15application3-15,setStatus> 1.8583881707083714E-4
<295,stu1-8,transcript1-8,read> 0.0015109386606618521
<296,stu3-11,transcript3-11,read> 0.0017539119773497148
<297,admissions2-1,stu5-1application5-1,read> 2.8802313304044224E-5
<298,registrar2-1,roster1-1,write> 1.5635695111902226E-4
<299,fac5-1,gradebook5-2,changeScore> 5.691640344732297E-4
<300,admissions4-1,stu5-0application5-0,read> 1.2136969718725593E-4
<301,admissions0-1,stu4-13application4-13,read> 2.069551708994835E-4
<302,admissions0-0,stu1-3application1-3,read> 1.6063554416023338E-4
<303,fac2-0,gradebook2-1,readScore> 5.55236856532267E-4
<304,admissions0-0,stu3-18application3-18,read> 1.8327594008463914E-4
<305,admissions4-0,stu1-16application1-16,setStatus> 1.244799082460003E-4
<306,stu1-4,stu1-4application1-4,checkStatus> 0.002338015077578293
<307,admissions0-0,stu4-12application4-12,setStatus> 2.1486496569187013E-4
<308,admissions4-0,stu4-5application4-5,read> 7.643875801528119E-5
<309,registrar4-1,transcript4-15,read> 4.387485116704242E-4
<310,fac4-4,roster4-9,read> 0.0013557447088221647
<311,fac4-4,gradebook4-9,changeScore> 0.001145852199039709
<312,chair0,transcript0-15,read> 0.0018741508735631292
<313,registrar2-0,transcript4-4,read> 2.1608456430257297E-4
<314,registrar2-1,roster1-8,write> 1.5868448520297732E-4
<315,fac1-3,roster1-6,read> 0.00278829593238822
<316,registrar0-1,roster3-5,write> 9.270306559332722E-5
<317,fac4-3,gradebook4-6,changeScore> 0.0013322564542531164
<318,stu5-4,stu5-4application5-4,checkStatus> 7.500995955827881E-4
<319,fac3-2,gradebook3-5,changeScore> 5.283881036452967E-4
<320,registrar2-1,transcript3-6,read> 8.369503371346875E-5
<321,registrar4-0,transcript3-19,read> 4.0931857025214676E-4
<322,stu3-18,stu3-18application3-18,checkStatus> 0.0018989323874810515
<323,registrar2-1,roster3-4,write> 9.40954143732246E-5
<324,fac2-3,gradebook2-7,changeScore> 0.002223501799492221
<325,admissions4-1,stu2-15application2-15,read> 3.52136050823685E-5
<326,chair2,transcript2-7,read> 0.0010997281174931713
<327,stu4-4,transcript4-4,read> 0.0010249920272861273
<328,admissions2-1,stu0-9application0-9,setStatus> 1.1791300815259261E-4
<329,stu3-4,stu3-4application3-4,checkStatus> 5.937139799317157E-4
<330,registrar2-0,roster2-3,write> 7.571974351426884E-5
<331,admissions2-0,stu4-13application4-13,setStatus> 1.9924106783230874E-4
<332,stu4-16,transcript4-16,read> 0.0018134156467426606
<333,admissions2-1,stu3-1application3-1,read> 1.5263051545677796E-4
<334,admissions0-0,stu4-6application4-6,read> 6.83323915453485E-5
<335,stu0-3,stu0-3application0-3,checkStatus> 9.425741994610311E-4
<336,admissions2-1,stu1-17application1-17,read> 5.679412911634802E-5
<337,registrar4-0,roster3-2,write> 1.0504529675091465E-4
<338,stu5-10,stu5-10application5-10,checkStatus> 0.00215757013644244
<339,fac0-3,roster0-7,read> 0.0027250951431132472
<340,stu1-16,stu1-16application1-16,checkStatus> 0.0013335382385887122
<341,registrar2-1,transcript4-13,read> 3.77699543151268E-4
<342,registrar2-1,roster2-8,write> 1.0806061887695491E-4
<343,registrar4-1,transcript0-14,read> 3.975068591507759E-4
<344,admissions0-0,stu4-1application4-1,setStatus> 2.3927331794137518E-4
<345,admissions0-1,stu2-1application2-1,read> 1.3000690001874364E-4
<346,registrar2-0,roster0-9,write> 1.6087730013471526E-4
<347,registrar0-1,roster2-8,write> 1.0326857369394137E-4
<348,chair3,transcript3-17,read> 0.0019888801707586786
<349,stu1-7,transcript1-7,read> 0.001525814578010089
<350,registrar0-0,roster1-1,write> 1.5011654065307458E-4
<351,fac2-0,gradebook2-1,assignGrade> 7.712233345580757E-4
<352,stu4-2,stu4-2application4-2,checkStatus> 0.001129033971968079
<353,admissions4-0,stu3-1application3-1,read> 1.5895061961647885E-4
<354,stu5-13,gradebook5-7,readMyScores> 2.0598279559057278E-5
<355,registrar4-0,roster1-9,read> 2.490964852298616E-4
<356,app2-0,application2-0,checkStatus> 6.177733054164961E-4
<357,stu3-3,stu3-3application3-3,checkStatus> 0.002235762944267976
<358,admissions2-0,stu3-4application3-4,setStatus> 5.497985902093644E-5
<359,registrar4-0,transcript4-12,read> 4.3081712616083087E-4
<360,admissions4-0,stu4-0application4-0,setStatus> 6.664973850645647E-5
<361,registrar0-0,roster1-5,write> 1.489992210761871E-4
<362,admissions2-0,stu1-2application1-2,setStatus> 1.7417637904268806E-4
<363,fac5-1,gradebook5-3,assignGrade> 2.0119246482064668E-4
<364,chair4,transcript4-7,read> 0.0011513563012311686
<365,registrar0-0,roster1-4,write> 1.462059221339683E-4
<366,app4-4,application4-4,checkStatus> 0.001718487446345198
<367,app3-0,application3-0,checkStatus> 0.0014778941914973943
<368,fac1-3,gradebook1-6,changeScore> 8.371201513425029E-4
<369,registrar0-0,roster1-3,write> 1.4676458192241205E-4
<370,chair5,transcript5-8,read> 0.0017192663223491375
<371,registrar4-1,transcript2-8,read> 2.3132725929219346E-4
<372,admissions0-1,stu2-8application2-8,setStatus> 2.588446298815613E-4
<373,admissions2-1,stu0-11application0-11,read> 1.5927264124274832E-4
<374,stu4-0,stu4-0application4-0,checkStatus> 7.140106073556176E-4
<375,stu3-12,transcript3-12,read> 0.001748953338233636
<376,registrar0-0,roster1-2,write> 1.4955788086463083E-4
<377,registrar2-1,transcript3-14,read> 3.682493982050531E-4
<378,chair1,transcript1-10,read> 2.622042479656616E-4
<379,admissions0-1,stu2-6application2-6,setStatus> 1.8389501538733423E-4
<380,chair3,transcript3-16,read> 0.0020003531004782332
<381,fac1-0,gradebook1-1,changeScore> 8.778960821704358E-4
<382,registrar2-1,roster0-2,read> 2.0378955000962192E-4
<383,registrar0-1,roster0-7,write> 1.438623679752484E-4
<384,app1-2,application1-2,checkStatus> 2.6289825451598556E-4
<385,registrar4-1,transcript2-15,read> 4.096367569506725E-4
<386,fac4-2,gradebook4-5,changeScore> 0.0013206061883022785
<387,registrar0-0,roster1-9,write> 1.529098395952934E-4
<388,stu5-0,transcript5-0,read> 0.0014464763521528274
<389,stu2-10,transcript2-10,read> 0.0016448219167959804
<390,admissions0-0,stu5-0application5-0,read> 1.414782860703516E-4
<391,admissions0-1,stu3-2application3-2,setStatus> 6.555351881750198E-5
<392,admissions4-0,stu2-9application2-9,setStatus> 2.0027673266190726E-4
<393,admissions4-1,stu4-3application4-3,setStatus> 2.211107668997224E-4
<394,stu0-16,stu0-16application0-16,checkStatus> 0.0014357903718990289
<395,stu5-9,gradebook5-9,readMyScores> 3.865976591623568E-5
<396,registrar2-1,transcript0-19,read> 3.3359886673559817E-4
<397,stu1-2,transcript1-2,read> 0.0015406904953583253
<398,admissions4-1,stu2-14application2-14,read> 5.413806461985823E-5
<399,registrar4-1,roster1-9,read> 2.529810308084949E-4
<400,chair0,transcript0-14,read> 0.0018798873384229065
<401,fac3-3,roster3-6,read> 0.0017665498391094892
<402,stu3-9,gradebook3-6,readMyScores> 2.8054577991465086E-5
<403,stu4-17,stu4-17application4-17,checkStatus> 0.0010448263327713476
<404,stu2-2,transcript2-2,read> 9.555710796610238E-4
<405,registrar2-0,roster0-6,read> 2.0686853580526037E-4
<406,fac0-1,gradebook0-3,changeScore> 3.3615871545647036E-4
<407,registrar2-0,transcript5-5,read> 3.08076219171961E-4
<408,admissions2-1,application4-3,read> 1.3602520099185197E-4
<409,stu5-3,transcript5-3,read> 0.0014514349912689063
<410,admissions4-0,stu3-13application3-13,read> 1.1744764731408003E-4
<411,stu2-15,transcript2-15,read> 0.0016745737514924535
<412,registrar0-0,transcript2-5,read> 1.9124660018960508E-4
<413,registrar0-0,roster1-8,write> 1.5235117980684962E-4
<414,registrar4-1,roster1-1,read> 2.483596693079591E-4
<415,stu5-4,transcript5-4,read> 0.0014663109086171429
<416,chair3,transcript3-4,read> 4.4577112347854046E-4
<417,registrar2-1,transcript3-12,read> 3.703494304153231E-4
<418,admissions2-1,stu2-6application2-6,setStatus> 1.5080015693053045E-4
<419,registrar0-0,roster1-7,write> 1.5179252001840587E-4
<420,fac3-1,gradebook3-2,changeScore> 5.050875717436209E-4
<421,registrar4-1,transcript3-15,read> 4.2419263431054836E-4
<422,registrar0-0,roster1-6,write> 1.4788190149929957E-4
<423,admissions0-0,application5-2,read> 2.198488873471407E-4
<424,stu5-0,stu5-0application5-0,checkStatus> 0.001465864528755004
<425,chair1,transcript1-4,read> 0.0017708945060871345
<426,stu0-5,stu0-5application0-5,checkStatus> 0.0019410362070794167
<427,registrar4-0,roster1-6,write> 1.7520419276937797E-4
<428,admissions2-1,stu5-3application5-3,setStatus> 1.5673062638228968E-4
<429,registrar2-1,transcript1-2,read> 3.2624875399965314E-4
<430,admissions2-0,stu3-19application3-19,setStatus> 1.6860644820055015E-4
<431,app0-1,application0-1,checkStatus> 7.320551014692028E-4
<432,registrar4-0,transcript0-16,read> 3.83042557474866E-4
<433,stu0-11,stu0-11application0-11,checkStatus> 0.0020192290149049527
<434,registrar2-1,transcript2-0,read> 2.4539751390425835E-4
<435,registrar0-0,transcript3-14,read> 3.5355208297735695E-4
<436,admissions4-0,stu2-1application2-1,read> 1.1102456826728021E-4
<437,chair3,transcript3-8,read> 3.9414293974054324E-4
<438,admissions0-0,stu1-13application1-13,setStatus> 1.587917240376019E-4
<439,stu0-14,transcript0-14,read> 0.0016249873603316652
<440,registrar4-1,roster5-6,write> 1.0197804377848904E-4
<441,admissions0-0,stu0-3application0-3,setStatus> 1.0337816757926615E-4
<442,stu2-9,stu2-9application2-9,checkStatus> 0.0021455404737000497
<443,stu1-18,transcript1-18,read> 1.7210609932056926E-4
<444,registrar2-1,roster5-9,read> 1.3018128460454335E-4
<445,stu2-3,stu2-3application2-3,checkStatus> 7.681440896963734E-4
<446,admissions4-0,application4-4,read> 1.4116363148687937E-4
<447,registrar0-0,transcript2-15,read> 3.4044667132368756E-4
<448,admissions2-1,stu4-13application4-13,setStatus> 1.92852576679369E-4
<449,stu0-11,gradebook0-7,readMyScores> 1.9427465987561552E-5
<450,stu4-11,gradebook4-3,addScore> 3.3267385951905805E-4
<451,fac3-2,roster3-5,read> 0.001756016374230327
<452,admissions0-0,application3-3,setStatus> 1.640692056050624E-4
<453,admissions0-0,stu2-7application2-7,setStatus> 1.2184935306537806E-4
<454,admissions0-0,stu4-18application4-18,read> 1.1441140248123834E-5
<455,admissions4-0,stu1-14application1-14,setStatus> 1.9073194736508932E-4
<456,registrar2-1,roster0-5,write> 1.493743488671571E-4
<457,fac1-2,roster1-4,read> 0.0027566955377507337
<458,admissions0-1,stu1-13application1-13,setStatus> 1.5825435779720393E-4
<459,admissions2-1,stu5-15application5-15,read> 3.829106442685907E-5
<460,stu0-19,gradebook0-1,addScore> 7.525691507571868E-5
<461,registrar4-0,transcript2-17,read> 4.105129344692958E-4
<462,registrar2-1,transcript3-11,read> 3.7139944652045805E-4
<463,admissions2-1,stu1-2application1-2,setStatus> 1.685915652858083E-4
<464,registrar0-0,transcript2-6,read> 1.902384916008613E-4
<465,admissions4-1,stu5-11application5-11,setStatus> 1.2037650261523757E-4
<466,admissions4-0,stu3-9application3-9,read> 8.088550504768105E-5
<467,fac0-4,gradebook0-8,assignGrade> 1.0133304238489272E-4
<468,stu2-11,transcript2-11,read> 0.0016497805559120594
<469,app1-0,application1-0,checkStatus> 2.3883892903120516E-4
<470,fac1-4,roster1-8,read> 0.0028725636514215177
<471,fac2-1,gradebook2-2,changeScore> 0.0021536002037871927
<472,stu2-2,gradebook2-9,addScore> 3.1236537028258334E-4
<473,admissions2-1,stu2-17application2-17,setStatus> 1.1521734021997476E-4
<474,admissions0-0,application3-4,setStatus> 1.6340952040912982E-4
<475,admissions2-0,stu0-0application0-0,read> 1.1847428565588772E-4
<476,stu4-11,transcript4-11,read> 0.001694408307956769
<477,admissions4-0,stu3-15application3-15,setStatus> 1.5816738576418117E-4
<478,stu2-7,gradebook2-5,readMyScores> 1.4248034346117143E-4
<479,admissions0-1,stu4-7application4-7,setStatus> 4.911719984946972E-5
<480,registrar0-0,transcript1-6,read> 3.091953050726297E-4
<481,app5-4,application5-4,checkStatus> 0.002307940920722317
<482,admissions4-0,stu2-19application2-19,setStatus> 1.3009448783236378E-4
<483,fac5-3,roster5-7,read> 0.001682282120076192
<484,admissions0-1,stu4-18application4-18,read> 1.1402422345422909E-5
<485,admissions4-1,stu5-2application5-2,setStatus> 1.6112294659547863E-4
<486,stu1-11,transcript1-11,read> 2.018579340170422E-4
<487,registrar4-1,transcript4-16,read> 4.436004707903828E-4
<488,stu0-12,transcript0-12,read> 0.0016398632776799017
<489,fac5-1,gradebook5-2,addScore> 1.7649916154942457E-4
<490,admissions0-1,application5-0,read> 2.1736922259762867E-4
<491,stu4-7,gradebook4-6,addScore> 3.339080469035314E-4
<492,fac5-1,gradebook5-3,addScore> 1.1360111841198985E-4
<493,stu4-1,stu4-1application4-1,checkStatus> 0.0021816294619272205
<494,chair0,transcript0-4,read> 6.12128604412087E-4
<495,admissions2-0,stu2-5application2-5,read> 1.3268874916502372E-4
<496,stu4-13,transcript4-13,read> 0.0017836638120461875
<497,admissions4-1,stu1-16application1-16,read> 1.1041343113923557E-4
<498,admissions2-1,stu1-13application1-13,read> 1.1420107340937783E-4
<499,chair5,transcript5-6,read> 0.0017077933926295827
<500,fac1-4,gradebook1-8,addScore> 5.273140922833377E-4
<501,admissions2-1,application0-3,read> 5.869187934091099E-5
<502,admissions4-1,stu0-2application0-2,read> 8.320952055409408E-6
<503,admissions4-1,stu1-8application1-8,read> 1.2734584230435794E-4
<504,admissions4-0,stu4-4application4-4,read> 1.3572871844727953E-4
<505,registrar2-1,transcript4-15,read> 3.797995753615381E-4
<506,chair0,transcript0-10,read> 0.001862677943843574
<507,admissions2-1,stu4-11application4-11,setStatus> 1.9123517591979825E-4
<508,admissions0-1,stu3-13application3-13,read> 1.375281595785152E-4
<509,registrar2-0,roster3-7,write> 9.773326155220736E-5
<510,stu0-8,stu0-8application0-8,checkStatus> 0.0017425467718299784
<511,chair4,transcript4-2,read> 0.0012144574146887206
<512,admissions0-0,stu2-1application2-1,read> 1.3044834959435904E-4
<513,admissions2-1,stu0-3application0-3,setStatus> 8.448672578813123E-5
<514,registrar2-1,transcript2-19,read> 3.65099349889648E-4
<515,admissions0-0,stu4-7application4-7,setStatus> 4.9283981512795595E-5
<516,registrar0-1,transcript2-3,read> 1.963839572568389E-4
<517,stu2-15,gradebook2-5,readMyScores> 9.715979848223673E-5
<518,stu2-7,stu2-7application2-7,checkStatus> 0.0011109894778544938
<519,registrar4-1,roster0-4,write> 1.7323103564129488E-4
<520,stu0-4,stu0-4application0-4,checkStatus> 0.0015260128424669551
<521,fac4-4,gradebook4-9,assignGrade> 4.092329282284675E-4
<522,admissions4-1,stu4-5application4-5,read> 7.704662090208263E-5
<523,admissions0-0,stu1-16application1-16,read> 1.2870678067709708E-4
<524,admissions0-1,stu3-15application3-15,setStatus> 1.852099209047768E-4
<525,admissions2-1,stu0-3application0-3,read> 7.434831869355547E-5
<526,fac2-1,gradebook2-2,addScore> 4.1878167726674216E-4
<527,admissions2-0,stu2-17application2-17,setStatus> 1.1903406370552257E-4
<528,registrar2-1,transcript2-16,read> 3.5774923715370307E-4
<529,stu2-11,gradebook2-6,readMyScores> 2.6262659800306256E-4
<530,registrar0-0,transcript2-2,read> 1.942709259558365E-4
<531,fac5-1,roster5-2,read> 0.0018718844879011109
<532,admissions0-0,stu3-4application3-4,setStatus> 6.511642621517722E-5
<533,stu1-0,stu1-0application1-0,checkStatus> 0.002217718450154391
<534,stu1-8,stu1-8application1-8,checkStatus> 0.0015380425052093454
<535,registrar2-0,roster4-3,read> 1.4473827765871015E-4
<536,registrar2-0,transcript3-9,read> 7.077956399751684E-5
<537,registrar2-1,transcript2-18,read> 3.6299931767937805E-4
<538,registrar4-0,roster2-9,read> 1.6991952356751555E-4
<539,admissions4-1,stu4-0application4-0,setStatus> 6.717975630770066E-5
<540,stu1-14,gradebook1-2,readMyScores> 5.160981078047972E-5
<541,registrar4-1,transcript0-1,read> 2.0828045347239E-4
<542,registrar2-0,transcript2-19,read> 3.634802840364788E-4
<543,registrar4-1,transcript1-9,read> 3.7082108399100357E-4
<544,stu1-13,stu1-13application1-13,checkStatus> 0.0014478200346414191
<545,chair4,transcript4-3,read> 0.001180038625530056
<546,fac4-1,gradebook4-2,addScore> 2.634775143735581E-4
<547,stu2-0,stu2-0application2-0,checkStatus> 0.00120121194842242
<548,chair2,transcript2-0,read> 0.0013406596416038249
<549,admissions2-0,stu5-17application5-17,setStatus> 1.401998009056467E-4
<550,chair2,transcript2-9,read> 0.0011398833715116137
<551,fac2-3,gradebook2-6,assignGrade> 8.003489994351706E-4
<552,registrar4-0,transcript3-16,read> 4.164847555550415E-4
<553,admissions4-1,stu2-19application2-19,setStatus> 1.3112903644335673E-4
<554,admissions2-1,stu3-19application3-19,setStatus> 1.6320022942057256E-4
<555,stu2-5,transcript2-5,read> 9.406951623127872E-4
<556,admissions4-0,stu0-5application0-5,setStatus> 1.8118716206827148E-4
<557,admissions0-0,stu4-3application4-3,setStatus> 2.5774450342748705E-4
<558,stu5-4,gradebook5-8,readMyScores> 6.714082687828329E-5
<559,fac2-4,gradebook2-8,readScore> 2.611265099412176E-4
<560,admissions4-1,stu2-6application2-6,read> 1.3929813253856201E-4
<561,admissions2-1,stu1-1application1-1,setStatus> 2.1172225220769393E-4
<562,stu0-0,stu0-0application0-0,checkStatus> 0.001453834866012614
<563,admissions4-1,stu3-13application3-13,read> 1.1838162462870494E-4
<564,registrar2-1,transcript5-4,read> 3.104985124226282E-4
<565,fac3-1,gradebook3-3,changeScore> 5.109127047190399E-4
<566,stu1-18,stu1-18application1-18,checkStatus> 0.0013455679013311022
<567,fac1-4,gradebook1-9,changeScore> 7.73043688612894E-4
<568,registrar2-1,transcript0-11,read> 3.398989633664081E-4
<569,chair0,transcript0-8,read> 6.465473935707518E-4
<570,registrar4-0,transcript1-8,read> 3.639327300004801E-4
<571,registrar0-0,transcript5-7,read> 2.991142191851917E-4
<572,chair0,transcript0-17,read> 0.0018339956195446865
<573,fac5-0,gradebook5-1,addScore> 2.5544673943239275E-4
<574,fac1-1,gradebook1-2,changeScore> 8.895463481212737E-4
<575,admissions2-1,stu2-10application2-10,setStatus> 1.3085221422915833E-4
<576,stu0-10,transcript0-10,read> 0.0016101114429834286
<577,chair4,transcript4-14,read> 0.002086400073374895
<578,registrar2-1,transcript2-5,read> 1.9919680527831846E-4
<579,registrar2-1,transcript2-4,read> 2.0444688580399347E-4
<580,registrar2-1,transcript2-7,read> 2.0129683748858844E-4
<581,admissions0-1,stu2-19application2-19,read> 1.340568090124668E-4
<582,admissions2-0,application0-0,read> 6.161643161934378E-5
<583,stu0-5,transcript0-5,read> 5.539213112586388E-4
<584,registrar2-1,transcript2-6,read> 1.981467891731835E-4
<585,admissions4-1,stu3-7application3-7,setStatus> 1.6282071509465535E-4
<586,registrar2-0,roster0-2,write> 1.4755332869069985E-4
<587,app3-2,application3-2,checkStatus> 0.0015019535169821748
<588,registrar0-0,transcript2-18,read> 3.485115400336379E-4
<589,registrar4-1,transcript3-13,read> 4.266186138705276E-4
<590,chair0,transcript0-13,read> 0.001885623803282684
<591,registrar2-1,transcript2-9,read> 2.0864695022453344E-4
<592,stu0-18,stu0-18application0-18,checkStatus> 0.0023560595716918776
<593,registrar0-1,roster2-2,write> 7.435244626068159E-5
<594,registrar0-0,transcript5-8,read> 3.021385449514231E-4
<595,chair2,transcript2-19,read> 0.0019946166356184557
<596,fac4-4,roster4-8,read> 0.0013873451034596511
<597,registrar2-1,transcript2-8,read> 2.0024682138345347E-4
<598,registrar0-1,roster2-1,read> 1.106453141358998E-4
<599,registrar4-1,roster3-2,read> 1.4668971629617247E-4
<600,admissions4-0,stu0-2application0-2,read> 8.255303518483103E-6
<601,app1-1,application1-1,checkStatus> 2.5086859177359536E-4
<602,stu3-8,stu3-8application3-8,checkStatus> 0.001904947218852246
<603,chair3,transcript3-14,read> 0.0020118260301977883
<604,admissions2-0,stu4-3application4-3,setStatus> 2.1762183961136392E-4
<605,admissions0-1,stu4-11application4-11,setStatus> 2.33203972291431E-4
<606,admissions2-0,stu2-10application2-10,setStatus> 1.3518686314772257E-4
<607,stu4-10,transcript4-10,read> 0.0016795323906085324
<608,registrar4-1,transcript0-10,read> 3.9386788981080696E-4
<609,stu5-6,transcript5-6,read> 0.0014762281868493004
<610,admissions4-0,stu3-6application3-6,read> 1.8513701880727818E-4
<611,admissions4-0,stu1-8application1-8,setStatus> 1.4356947883963612E-4
<612,admissions4-0,stu4-9application4-9,setStatus> 1.3458615150145457E-4
<613,admissions0-0,stu5-10application5-10,read> 2.0823842789872749E-4
<614,fac5-2,gradebook5-5,changeScore> 5.342132366207157E-4
<615,fac5-3,gradebook5-7,addScore> 2.476241907498867E-4
<616,registrar4-0,transcript2-10,read> 3.9618056386350633E-4
<617,registrar4-0,roster3-9,read> 1.5535824326179675E-4
<618,admissions4-0,stu2-6application2-6,setStatus> 1.570444698469085E-4
<619,admissions4-1,stu4-1application4-1,read> 1.8063313626518433E-4
<620,registrar4-1,roster4-2,read> 1.6702370689852981E-4
<621,admissions2-0,stu3-14application3-14,setStatus> 1.2961693230558466E-4
<622,fac5-3,gradebook5-6,addScore> 3.850256767619746E-4
<623,registrar2-1,transcript2-1,read> 2.0339686969885842E-4
<624,registrar2-1,transcript2-2,read> 2.0234685359372346E-4
<625,registrar2-1,transcript2-3,read> 2.0549690190912843E-4
<626,registrar0-1,transcript4-3,read> 2.064184792371756E-4
<627,registrar2-0,transcript2-6,read> 1.9726808944292546E-4
<628,fac4-3,gradebook4-7,readScore> 3.440508924426646E-4
<629,admissions0-1,stu4-6application4-6,read> 6.810114825754698E-5
<630,admissions0-0,stu2-19application2-19,read> 1.345120104013037E-4
<631,admissions0-0,application5-0,setStatus> 2.478492254884985E-4
<632,registrar2-0,transcript2-4,read> 2.0354024772947465E-4
<633,registrar2-0,transcript2-3,read> 2.0458560744389948E-4
<634,registrar0-0,transcript5-1,read> 2.910493504752413E-4
<635,registrar2-0,transcript2-9,read> 2.0772168658717406E-4
<636,chair2,transcript2-10,read> 0.0019028331978620163
<637,registrar2-0,transcript2-8,read> 1.9935880887177515E-4
<638,admissions0-0,stu5-17application5-17,read> 1.4612246984971688E-4
<639,admissions0-0,stu5-3application5-3,setStatus> 1.9177598383423027E-4
<640,registrar4-1,transcript1-6,read> 3.7203407377099326E-4
<641,registrar2-0,transcript2-7,read> 2.0040416858620001E-4
<642,registrar2-0,transcript4-16,read> 3.8229675889612646E-4
<643,stu2-16,transcript2-16,read> 0.0016894496688406898
<644,registrar4-1,transcript4-17,read> 4.423874810103931E-4
<645,stu2-4,gradebook2-7,readMyScores> 1.2582363988337153E-4
<646,admissions2-1,stu1-5application1-5,setStatus> 1.1575647380649833E-4
<647,admissions0-1,stu5-10application5-10,read> 2.0753372932715822E-4
<648,fac5-2,gradebook5-4,addScore> 1.4199585650739036E-4
<649,fac5-2,gradebook5-5,addScore> 2.4621834360561497E-4
<650,chair1,transcript1-7,read> 0.0017651580412273574
<651,chair2,transcript2-8,read> 0.001093991652633394
<652,registrar4-1,transcript2-19,read> 4.2176665475056893E-4
<653,admissions2-1,stu3-14application3-14,setStatus> 1.2546087836392262E-4
<654,registrar0-1,transcript4-12,read> 3.6195356993239396E-4
<655,admissions2-1,stu0-11application0-11,setStatus> 1.8099163777585036E-4
<656,registrar2-0,transcript2-1,read> 2.0249488801504973E-4
<657,admissions2-0,stu1-0application1-0,read> 1.8072383274762114E-4
<658,registrar0-1,transcript4-5,read> 2.084253836332429E-4
<659,stu0-8,transcript0-8,read> 5.588799503747177E-4
<660,fac4-1,roster4-3,read> 0.0019140183474177595
<661,registrar2-0,transcript0-11,read> 3.383916508902821E-4
<662,stu2-4,gradebook2-6,readMyScores> 3.68874395485783E-4
<663,registrar2-0,transcript2-2,read> 2.0144952830062487E-4
<664,chair3,transcript3-15,read> 0.0020060895653380107
<665,admissions0-0,stu0-17application0-17,setStatus> 2.458701699007008E-4
<666,fac0-2,gradebook0-4,addScore> 2.3054111133878014E-4
<667,registrar2-0,transcript2-0,read> 2.443092765920443E-4
<668,registrar2-1,transcript2-13,read> 3.514491405228931E-4
<669,admissions0-1,stu0-3application0-3,setStatus> 1.0302832606461551E-4
<670,stu2-1,stu2-1application2-1,checkStatus> 0.0013515827327022973
<671,app1-3,application1-3,checkStatus> 2.6891308588718063E-4
<672,registrar0-1,transcript4-18,read> 3.6897773531862965E-4
<673,chair2,transcript2-12,read> 0.0019143061275815713
<674,fac3-4,gradebook3-9,changeScore> 4.992624387682019E-4
<675,stu3-15,stu3-15application3-15,checkStatus> 0.0016944281208604176
<676,admissions4-0,stu2-3application2-3,setStatus> 7.17028601341836E-5
<677,admissions2-1,stu2-12application2-12,setStatus> 5.699091287542912E-5
<678,stu3-6,gradebook3-4,addScore> 1.643847071088605E-4
<679,admissions4-1,stu1-5application1-5,read> 1.0692734648759271E-4
<680,registrar0-1,transcript5-7,read> 2.9773262925823925E-4
<681,fac4-2,gradebook4-5,assignGrade> 4.716450672508138E-4
<682,registrar0-0,roster4-9,read> 9.886823412255431E-5
<683,admissions0-0,stu1-0application1-0,read> 2.1404365762293405E-4
<684,admissions4-0,stu3-16application3-16,read> 3.444170270928237E-5
<685,admissions0-0,application3-0,setStatus> 1.6209015001726468E-4
<686,admissions4-1,stu3-4application3-4,setStatus> 5.5861299646522594E-5
<687,registrar2-0,roster4-5,write> 7.977486525809964E-5
<688,admissions2-1,stu1-16application1-16,read> 1.0518675984270371E-4
<689,admissions0-0,application3-2,setStatus> 1.6472889080099498E-4
<690,chair1,transcript1-6,read> 0.00175942157636758
<691,admissions2-0,stu5-18application5-18,read> 1.1161213085837378E-4
<692,registrar4-1,transcript0-7,read> 1.3914003601297982E-4
<693,chair4,transcript4-6,read> 0.0011972480201093883
<694,admissions2-0,stu4-19application4-19,read> 6.210658553345193E-5
<695,admissions0-1,stu3-9application3-9,read> 9.471483593058479E-5
<696,registrar4-1,transcript2-1,read> 2.3496622863216238E-4
<697,admissions0-1,stu5-1application5-1,setStatus> 3.991286122737166E-5
<698,stu3-17,stu3-17application3-17,checkStatus> 0.001706457783602808
<699,admissions0-0,application3-1,setStatus> 1.6143046482133215E-4
<700,registrar4-0,roster0-6,read> 2.363553649623576E-4
<701,admissions0-1,stu1-6application1-6,setStatus> 3.333833364015876E-5
<702,admissions4-0,stu2-12application2-12,setStatus> 5.935078504418395E-5
<703,fac4-1,gradebook4-3,addScore> 5.72720879721045E-4
<704,fac5-4,gradebook5-8,addScore> 1.7584712228506174E-4
<705,stu5-18,stu5-18application5-18,checkStatus> 0.0013696272268158827
<706,admissions4-1,stu4-2application4-2,read> 9.348101997411318E-5
<707,fac5-4,gradebook5-9,addScore> 1.2390323432594802E-4
<708,admissions2-1,stu4-3application4-3,setStatus> 2.106439850346468E-4
<709,admissions0-1,application3-3,setStatus> 1.6351397986697424E-4
<710,fac2-2,gradebook2-5,readScore> 5.777034484566927E-4
<711,stu3-16,transcript3-16,read> 0.0017291187817693205
<712,admissions0-1,application3-2,setStatus> 1.641714326256955E-4
<713,chair3,transcript3-13,read> 0.0020175624950575653
<714,registrar0-0,transcript1-5,read> 3.122196308388611E-4
<715,admissions4-1,stu3-16application3-16,read> 3.471559298927666E-5
<716,admissions0-1,application3-0,setStatus> 1.6154162159081034E-4
<717,admissions2-0,stu5-2application5-2,read> 1.3955090396253764E-4
<718,admissions0-1,application3-4,setStatus> 1.6285652710825292E-4
<719,admissions2-0,stu3-3application3-3,setStatus> 2.0703897101130177E-4
<720,admissions4-0,stu1-12application1-12,read> 1.1695356431048006E-4
<721,registrar2-1,transcript1-11,read> 4.274440561320386E-5
<722,registrar0-0,transcript2-11,read> 3.354061283799685E-4
<723,stu2-1,transcript2-1,read> 9.605297187771024E-4
<724,registrar0-1,transcript4-1,read> 2.1143574022734394E-4
<725,admissions0-0,stu0-16application0-16,setStatus> 1.5747235364573674E-4
<726,admissions0-0,stu5-4application5-4,read> 7.239605235229312E-5
<727,admissions2-0,stu2-15application2-15,read> 3.4657966343396216E-5
<728,stu0-17,transcript0-17,read> 0.0015853182474030343
<729,admissions4-1,stu4-2application4-2,setStatus> 1.0622843178876498E-4
<730,chair4,transcript4-5,read> 0.0011915115552496107
<731,admissions4-1,stu3-16application3-16,setStatus> 3.9449537487814396E-5
<732,admissions2-0,stu3-3application3-3,read> 1.8219429448994556E-4
<733,stu2-5,gradebook2-9,addScore> 3.187794435943407E-4
<734,stu2-6,stu2-6application2-6,checkStatus> 0.0016823984581180278
<735,admissions2-1,stu2-15application2-15,read> 3.3546688865451654E-5
<736,registrar0-1,roster3-4,write> 8.992266872474458E-5
<737,stu0-18,transcript0-18,read> 0.001580359608286956
<738,admissions2-0,stu4-11application4-11,read> 1.7386167795010725E-4
<739,registrar2-0,transcript1-1,read> 2.756700680247903E-4
<740,chair0,transcript0-16,read> 0.001839732084404464
<741,admissions4-0,stu2-7application2-7,read> 9.126124812328077E-5
<742,registrar2-1,transcript4-18,read> 3.86099671992348E-4
<743,stu2-1,gradebook2-4,readMyScores> 2.283809753111047E-4
<744,registrar2-1,roster0-2,write> 1.4821058182517958E-4
<745,admissions4-0,stu3-0application3-0,read> 7.396834299728127E-5
<746,registrar4-0,transcript0-13,read> 3.92597471212059E-4
<747,registrar2-1,transcript5-2,read> 3.083984802123582E-4
<748,registrar0-1,transcript4-16,read> 3.6697083092256236E-4
<749,stu4-2,transcript4-2,read> 0.0010497852228665212
<750,stu5-2,transcript5-2,read> 0.0014563936303849852
<751,stu2-12,gradebook2-5,readMyScores> 9.77806278655098E-5
<752,admissions2-1,stu0-6application0-6,read> 5.2524191111081334E-5
<753,registrar4-1,roster0-1,read> 2.317227679060304E-4
<754,stu0-7,transcript0-7,read> 5.687972286068753E-4
<755,app4-1,application4-1,checkStatus> 0.0017004429522316127
<756,admissions0-1,stu1-16application1-16,read> 1.2827122473571943E-4
<757,admissions2-1,stu0-16application0-16,setStatus> 1.2869567988306403E-4
<758,registrar4-0,transcript4-4,read> 2.468850367198662E-4
<759,fac2-2,roster2-5,read> 0.0014189454980971378
<760,registrar4-0,transcript4-8,read> 2.409132156341206E-4
<761,registrar0-1,transcript3-3,read> 7.396278909673154E-5
<762,registrar0-1,transcript2-12,read> 3.3486036058548495E-4
<763,admissions2-0,stu1-6application1-6,read> 2.485488806123347E-5
<764,stu4-4,stu4-4application4-4,checkStatus> 0.001652324301262052
<765,registrar0-0,roster5-5,write> 8.587066498204251E-5
<766,fac5-1,gradebook5-2,readScore> 6.50260068866301E-5
<767,stu3-5,stu3-5application3-5,checkStatus> 0.0013094789131039316
<768,admissions0-0,stu3-12application3-12,read> 8.168441991102368E-5
<769,admissions2-1,stu5-8application5-8,read> 1.8157120638136325E-4
<770,stu4-2,gradebook4-1,readMyScores> 1.2417563490973546E-4
<771,registrar2-1,transcript4-17,read> 3.8294962367694304E-4
<772,registrar4-1,transcript0-15,read> 3.962938693707863E-4
<773,admissions2-0,stu1-1application1-1,read> 1.9248752668621645E-4
<774,chair3,transcript3-12,read> 0.0020232989599173433
<775,admissions4-1,stu2-7application2-7,read> 9.198698369483767E-5
<776,registrar2-0,roster0-8,write> 1.597186939221922E-4
<777,registrar4-0,transcript5-7,read> 3.543778162632871E-4
<778,registrar4-1,transcript4-9,read> 2.470961264320589E-4
<779,admissions4-0,stu1-0application1-0,setStatus> 2.0701422816554345E-4
<780,stu0-15,transcript0-15,read> 0.0016200287212155863
<781,stu4-3,gradebook4-5,readMyScores> 8.610266397335116E-5
<782,chair3,transcript3-10,read> 0.0020405083544966754
<783,admissions2-0,stu2-17application2-17,read> 1.0474997606085986E-4
<784,admissions0-1,stu5-17application5-17,read> 1.456279775659615E-4
<785,fac2-4,roster2-9,read> 0.0019666856718135706
<786,registrar4-1,transcript0-0,read> 2.1677138193231763E-4
<787,admissions2-0,stu0-6application0-6,read> 5.426412290772172E-5
<788,admissions2-0,stu1-9application1-9,setStatus> 1.6916344128476392E-4
<789,admissions4-1,stu3-0application3-0,read> 7.455656043662347E-5
<790,registrar0-1,transcript0-17,read> 3.208120298130136E-4
<791,chair1,transcript1-11,read> 2.335219236667743E-4
<792,admissions0-1,stu3-2application3-2,read> 5.7687096559401735E-5
<793,registrar4-1,roster5-9,write> 1.0937222217934626E-4
<794,registrar4-1,roster5-8,write> 1.0601123199713842E-4
<795,registrar4-1,transcript1-5,read> 3.7567304311096215E-4
<796,chair4,transcript4-18,read> 0.0021093459328140047
<797,registrar4-1,roster5-7,write> 1.0735562807002155E-4
<798,registrar4-1,roster5-2,write> 1.194551927259697E-4
<799,registrar4-1,roster5-1,write> 1.1878299468952815E-4
<800,fac1-2,gradebook1-4,readScore> 1.1831525596493965E-4
<801,admissions0-1,stu0-16application0-16,setStatus> 1.5693945227976131E-4
<802,registrar4-1,roster5-5,write> 1.0332243985137217E-4
<803,registrar4-1,roster5-4,write> 9.928925163272279E-5
<804,stu1-1,stu1-1application1-1,checkStatus> 0.002362074403063073
<805,admissions2-1,stu5-8application5-8,setStatus> 2.0633091634245825E-4
<806,admissions0-1,application2-4,setStatus> 7.607276295704262E-5
<807,stu5-2,stu5-2application5-2,checkStatus> 0.001712472614974003
<808,admissions0-1,stu3-12application3-12,read> 8.14079920940659E-5
<809,registrar4-1,roster5-3,write> 9.996144966916436E-5
<810,registrar4-0,transcript2-2,read> 2.3016393767977855E-4
<811,stu0-16,transcript0-16,read> 0.0015902768865191132
<812,admissions2-1,stu2-8application2-8,read> 1.8679001949891138E-4
<813,admissions2-1,stu2-17application2-17,read> 1.0139125939357778E-4
<814,admissions4-0,stu4-2application4-2,setStatus> 1.0539033765236446E-4
<815,stu4-14,transcript4-14,read> 0.0018034983685105027
<816,chair1,transcript1-9,read> 0.0017536851115078024
<817,registrar4-0,roster5-2,write> 1.1762094792403542E-4
<818,stu4-19,transcript4-19,read> 0.0018183742858587394
<819,stu4-11,gradebook4-4,readMyScores> 1.0025618930817024E-4
<820,admissions4-1,stu0-12application0-12,read> 5.0153967875123546E-5
<821,stu0-3,gradebook0-1,readScore> 3.7336260714873365E-5
<822,admissions2-1,stu1-8application1-8,setStatus> 1.3786095085396472E-4
<823,registrar4-0,roster5-3,write> 9.842653297558794E-5
<824,registrar4-0,roster5-4,write> 9.776465659805526E-5
<825,registrar4-1,transcript4-3,read> 2.4952210599203824E-4
<826,fac0-2,roster0-5,read> 0.002704028213354923
<827,chair3,transcript3-18,read> 0.0019774072410391236
<828,registrar4-0,roster5-5,write> 1.0173591486325129E-4
<829,stu0-6,stu0-6application0-6,checkStatus> 6.658919563860568E-4
<830,stu2-6,transcript2-6,read> 9.357365231967085E-4
<831,registrar2-0,transcript2-12,read> 3.4884524803453077E-4
<832,stu2-8,transcript2-8,read> 9.456538014288661E-4
<833,registrar0-1,roster1-2,read> 2.0469223821570863E-4
<834,chair4,transcript4-9,read> 0.001168565695810501
<835,registrar4-1,roster1-7,read> 2.5113248620828055E-4
<836,registrar0-0,transcript1-1,read> 2.658466357566463E-4
<837,registrar4-0,roster5-1,write> 1.1695907154650276E-4
<838,registrar4-0,roster5-6,write> 1.0041216210818594E-4
<839,registrar4-1,roster5-6,read> 1.4021981019542244E-4
<840,registrar2-1,transcript4-14,read> 3.8189960757180797E-4
<841,registrar4-0,roster5-7,write> 1.0570717312844732E-4
<842,registrar4-0,roster5-8,write> 1.0438342037338198E-4
<843,admissions0-1,stu3-4application3-4,setStatus> 6.489606605878069E-5
<844,registrar4-0,roster5-9,write> 1.0769280226104533E-4
<845,stu1-0,gradebook1-3,addScore> 3.908820489307118E-4
<846,stu2-1,gradebook2-9,addScore> 3.110825556202319E-4
<847,admissions4-0,application3-1,read> 1.2090622833927995E-4
<848,admissions0-1,stu2-13application2-13,read> 1.1727861460989948E-4
<849,admissions2-1,stu1-6application1-6,read> 2.4057937742636804E-5
<850,admissions0-1,stu3-8application3-8,setStatus> 2.0822076746002197E-4
<851,registrar0-1,roster1-2,write> 1.488670823386972E-4
<852,registrar4-1,transcript3-12,read> 4.278316036505173E-4
<853,fac5-2,roster5-5,read> 0.0016190813308012192
<854,admissions2-0,stu0-16application0-16,setStatus> 1.3295889081086742E-4
<855,admissions2-1,stu2-10application2-10,read> 1.151499485216593E-4
<856,admissions2-0,stu5-19application5-19,setStatus> 3.492810798923991E-5
<857,admissions2-1,stu1-9application1-9,setStatus> 1.6373936300709613E-4
<858,admissions4-1,stu0-12application0-12,setStatus> 5.69931453126404E-5
<859,app5-2,application5-2,checkStatus> 0.002277866763866342
<860,chair5,transcript5-19,read> 1.0731969675167007E-4
<861,admissions0-0,stu1-14application1-14,read> 1.972084914227349E-4
<862,admissions0-0,stu2-13application2-13,read> 1.1767684420110456E-4
<863,stu2-0,gradebook2-2,addScore> 6.518899248068057E-4
<864,fac1-1,gradebook1-2,addScore> 1.8392279787849474E-4
<865,admissions2-1,stu5-19application5-19,setStatus> 3.380816865491559E-5
<866,registrar4-1,transcript0-8,read> 1.367140564530005E-4
<867,registrar0-0,transcript2-8,read> 1.9225470877834888E-4
<868,fac5-4,gradebook5-8,readScore> 6.478578189449643E-5
<869,admissions4-0,stu4-2application4-2,read> 9.274349713408072E-5
<870,admissions4-1,stu4-17application4-17,read> 8.650885067082749E-5
<871,admissions0-1,stu1-8application1-8,read> 1.4794221127666045E-4
<872,admissions0-0,stu1-2application1-2,read> 1.8153437116737712E-4
<873,admissions2-0,stu3-10application3-10,setStatus> 5.665083827357782E-5
<874,admissions4-0,stu0-12application0-12,setStatus> 5.6543495251002206E-5
<875,admissions2-1,stu3-15application3-15,setStatus> 1.5187842410357757E-4
<876,admissions2-0,application2-4,read> 5.67148924782624E-5
<877,admissions4-1,stu0-17application0-17,setStatus> 2.1092415590466212E-4
<878,registrar4-0,roster2-1,write> 9.577902746545724E-5
<879,admissions2-0,stu5-3application5-3,setStatus> 1.619225311899846E-4
<880,stu1-6,gradebook1-4,readMyScores> 1.1405821482262856E-4
<881,admissions4-0,application5-0,read> 1.856311018108781E-4
<882,admissions0-0,stu1-15application1-15,setStatus> 1.8385976148303941E-4
<883,registrar0-1,roster1-6,read> 2.023984107991279E-4
<884,registrar2-0,roster5-2,read> 1.4155211057427167E-4
<885,admissions2-0,stu1-8application1-8,setStatus> 1.4242777324250186E-4
<886,fac1-0,gradebook1-1,addScore> 1.8174511539702478E-4
<887,registrar0-1,roster0-8,write> 1.5331571732842946E-4
<888,admissions2-1,stu3-15application3-15,read> 1.3365301321114826E-4
<889,admissions2-1,stu3-3application3-3,setStatus> 2.004004468906989E-4
<890,stu5-8,stu5-8application5-8,checkStatus> 0.0023019260893511226
<891,fac5-1,gradebook5-3,changeScore> 5.633389014978107E-4
<892,admissions2-1,stu1-1application1-1,read> 1.8631558194277063E-4
<893,admissions0-0,stu4-2application4-2,read> 1.0896899961479464E-4
<894,admissions4-0,stu4-17application4-17,read> 8.582633508368091E-5
<895,registrar4-1,transcript5-8,read> 3.6354314531106567E-4
<896,admissions0-1,stu1-14application1-14,setStatus> 2.233421809106116E-4
<897,stu1-4,transcript1-4,read> 0.0015307732171261673
<898,stu4-12,gradebook4-3,readMyScores> 6.185249311438476E-5
<899,admissions0-1,stu5-11application5-11,setStatus> 1.3984568055300776E-4
<900,admissions0-0,stu2-14application2-14,setStatus> 7.17132781745029E-5
<901,registrar2-0,transcript0-8,read> 1.1782075114663576E-4
<902,admissions0-1,stu2-1application2-1,setStatus> 1.4773511365766324E-4
<903,admissions2-1,application4-3,setStatus> 1.5457409203619544E-4
<904,admissions0-0,application3-4,read> 1.4380037796003423E-4
<905,admissions2-0,stu0-1application0-1,setStatus> 1.7104329294398546E-5
<906,registrar0-0,roster3-8,read> 1.3036267969607112E-4
<907,fac4-4,gradebook4-8,changeScore> 0.0013439067202039544
<908,chair1,transcript1-8,read> 0.0017479486466480247
<909,stu5-19,stu5-19application5-19,checkStatus> 3.771800505686923E-4
<910,admissions4-0,stu3-18application3-18,read> 1.55986121594879E-4
<911,admissions2-1,stu1-10application1-10,read> 1.0281457206199999E-4
<912,stu0-9,stu0-9application0-9,checkStatus> 0.0013154937444751268
<913,fac1-1,gradebook1-3,changeScore> 9.070217470475309E-4
<914,fac5-3,roster5-6,read> 0.0015980144010428947
<915,admissions0-1,stu1-17application1-17,setStatus> 7.870257399192778E-5
<916,admissions4-0,application5-4,read> 1.89583765839678E-4
<917,admissions2-1,stu3-5application3-5,setStatus> 1.1737387456606904E-4
<918,registrar0-0,transcript2-13,read> 3.374223455574561E-4
<919,registrar2-1,transcript5-3,read> 3.073484641072232E-4
<920,registrar2-1,roster2-1,write> 8.420339451641564E-5
<921,registrar2-1,roster2-3,write> 7.605702522257294E-5
<922,fac4-3,roster4-6,read> 0.0015348136117679218
<923,admissions2-1,stu5-18application5-18,read> 1.0803338517954817E-4
<924,stu5-15,transcript5-15,read> 1.2251970815978098E-4
<925,registrar2-1,roster2-2,write> 7.780267578553922E-5
<926,registrar2-1,roster2-5,write> 7.838455930652799E-5
<927,registrar2-0,transcript0-13,read> 3.4361844946240644E-4
<928,registrar2-1,roster5-4,write> 8.594904507938192E-5
<929,admissions4-1,stu3-18application3-18,read> 1.5722656788986808E-4
<930,registrar0-1,roster1-7,read> 2.0775067477114955E-4
<931,registrar0-1,roster4-5,write> 7.657676375554774E-5
<932,admissions0-0,application3-3,read> 1.443809009324549E-4
<933,admissions2-0,stu0-5application0-5,read> 1.5817675269864684E-4
<934,registrar2-1,roster2-4,write> 7.896644282751676E-5
<935,chair3,transcript3-5,read> 4.40034658618763E-4
<936,admissions2-0,application3-3,read> 1.2190536305464469E-4
<937,stu2-13,stu2-13application2-13,checkStatus> 0.0012192564425360054
<938,stu3-0,stu3-0application3-0,checkStatus> 9.004703798626655E-4
<939,stu1-1,transcript1-1,read> 0.0013076344569026203
<940,fac0-1,gradebook0-2,changeScore> 3.186833165302134E-4
<941,registrar2-1,roster2-7,write> 1.0689685183497737E-4
<942,registrar2-0,roster3-3,write> 9.54160491271612E-5
<943,registrar4-0,roster2-1,read> 1.316961627650037E-4
<944,registrar2-1,roster2-6,write> 1.0631496831398863E-4
<945,chair5,transcript5-1,read> 0.0016561652088915855
<946,registrar2-1,roster2-9,write> 1.0864250239794369E-4
<947,admissions2-0,stu5-17application5-17,read> 1.233758247969691E-4
<948,fac1-2,gradebook1-4,changeScore> 8.079944864654078E-4
<949,admissions4-0,stu0-2application0-2,setStatus> 9.381026725548981E-6
<950,admissions2-1,stu2-5application2-5,read> 1.284342000936001E-4
<951,admissions2-0,stu2-1application2-1,read> 1.1014166911604937E-4
<952,registrar2-1,transcript0-13,read> 3.451490438920831E-4
<953,admissions0-0,stu5-18application5-18,read> 1.3218991851162104E-4
<954,fac1-2,gradebook1-5,changeScore> 8.254698853916649E-4
<955,stu0-8,gradebook0-7,addScore> 8.13618757860887E-5
<956,fac3-1,gradebook3-3,readScore> 2.5743173061841344E-5
<957,stu2-19,stu2-19application2-19,checkStatus> 0.001393686552300663
<958,admissions0-0,stu1-17application1-17,setStatus> 7.896981532976115E-5
<959,stu2-10,stu2-10application2-10,checkStatus> 0.0014598496973838094
<960,admissions4-1,stu0-5application0-5,setStatus> 1.8262801425171697E-4
<961,admissions0-1,stu2-19application2-19,setStatus> 1.5233728296871227E-4
<962,admissions2-1,stu4-9application4-9,setStatus> 1.292348134695876E-4
<963,chair1,transcript1-5,read> 0.0017766309709469122
<964,registrar0-0,transcript0-0,read> 1.801574057134233E-4
<965,registrar0-1,transcript1-0,read> 2.666256111191956E-4
<966,admissions4-0,stu1-10application1-10,read> 1.0707190423848032E-4
<967,stu4-19,stu4-19application4-19,checkStatus> 7.621292583251784E-4
<968,registrar4-1,transcript0-5,read> 1.3550106667301086E-4
<969,admissions0-0,stu4-10application4-10,setStatus> 3.87290183778745E-5
<970,admissions2-0,stu1-3application1-3,setStatus> 1.5412462801099152E-4
<971,admissions2-1,stu0-18application0-18,read> 1.8584114438662986E-4
<972,admissions2-1,stu0-8application0-8,setStatus> 1.5619149279576613E-4
<973,stu1-2,stu1-2application1-2,checkStatus> 0.0018808878933674656
<974,admissions4-1,stu0-2application0-2,setStatus> 9.45562733569251E-6
<975,registrar2-0,transcript2-15,read> 3.5302668689223026E-4
<976,chair2,transcript2-14,read> 0.0019315155221609037
<977,chair1,transcript1-13,read> 2.1631252908744188E-4
<978,admissions4-1,stu5-14application5-14,setStatus> 3.661992332251988E-5
<979,registrar0-1,roster1-9,read> 2.0927989304887006E-4
<980,registrar2-1,roster1-9,read> 2.1899125699545335E-4
<981,fac2-2,gradebook2-5,assignGrade> 8.024294040692489E-4
<982,admissions2-1,stu3-17application3-17,read> 1.3460188832342974E-4
<983,admissions2-1,stu1-8application1-8,read> 1.2131763675148896E-4
<984,registrar4-0,roster4-6,read> 1.3260624278411113E-4
<985,admissions2-1,stu0-1application0-1,setStatus> 1.655589388616132E-5
<986,admissions4-1,stu2-16application2-16,setStatus> 1.1584911995076637E-4
<987,admissions0-1,stu5-3application5-3,read> 1.681917562452762E-4
<988,registrar4-0,roster1-7,write> 1.798373274121067E-4
<989,admissions2-0,stu4-9application4-9,setStatus> 1.335158838950812E-4
<990,admissions4-1,stu1-10application1-10,read> 1.0792337067377639E-4
<991,admissions4-0,stu5-14application5-14,setStatus> 3.633100874009368E-5
<992,admissions4-0,stu2-16application2-16,setStatus> 1.149351229491824E-4
<993,admissions4-1,application2-4,read> 5.762414927150107E-5
<994,admissions4-1,application2-3,read> 5.66281250853174E-5
<995,admissions2-1,stu0-4application0-4,setStatus> 1.3678268368091758E-4
<996,fac1-3,gradebook1-7,changeScore> 8.545955502687598E-4
<997,fac5-2,roster5-4,read> 0.001555880541526246
<998,admissions2-0,stu3-17application3-17,read> 1.390607500484295E-4
<999,admissions4-1,stu0-15application0-15,read> 1.1738560044252125E-4
<1000,admissions4-1,stu1-0application1-0,setStatus> 2.086604645724265E-4
<1001,chair3,transcript3-11,read> 0.002029035424777121
<1002,registrar4-1,transcript2-9,read> 2.4103117753211068E-4
<1003,admissions0-0,stu3-7application3-7,read> 1.6702129685686065E-4
<1004,stu4-5,gradebook4-2,addScore> 3.270962308282213E-4
<1005,stu2-0,gradebook2-5,readMyScores> 1.493094666771753E-4
<1006,stu4-3,gradebook4-9,readScore> 1.612266940260355E-4
<1007,registrar4-1,roster1-2,read> 2.47435397007852E-4
<1008,stu3-18,transcript3-18,read> 0.0017092842253050053
<1009,registrar0-1,transcript1-8,read> 3.0576024684250865E-4
<1010,app0-4,application0-4,checkStatus> 7.38069932840398E-4
<1011,admissions2-0,stu2-16application2-16,setStatus> 1.1402112594759846E-4
<1012,registrar2-0,roster1-1,read> 2.140374117452469E-4
<1013,admissions4-1,stu1-15application1-15,read> 1.3880012044547015E-4
<1014,stu4-12,stu4-12application4-12,checkStatus> 0.001959080701193002
<1015,admissions0-0,stu4-11application4-11,read> 2.0591633600904486E-4
<1016,admissions2-0,stu4-17application4-17,setStatus> 9.675434033697087E-5
<1017,admissions4-1,application2-1,read> 5.164800415439905E-5
<1018,chair2,transcript2-6,read> 0.001082518722913839
<1019,admissions2-0,stu5-2application5-2,setStatus> 1.5858057268470187E-4
<1020,admissions4-1,application2-2,read> 5.2146016247490886E-5
<1021,fac3-1,roster3-2,read> 0.0016717486551970297
<1022,registrar4-1,transcript4-6,read> 2.5316107533200724E-4
<1023,admissions4-1,application2-0,read> 5.1149992061307216E-5
<1024,admissions4-0,application2-3,read> 5.618135486768176E-5
<1025,admissions4-0,application2-2,read> 5.173460783528188E-5
<1026,fac5-4,gradebook5-8,changeScore> 3.8275977925982224E-4
<1027,admissions4-0,application2-4,read> 5.716952087488173E-5
<1028,admissions0-1,stu1-2application1-2,setStatus> 2.055909564251368E-4
<1029,admissions0-1,stu0-10application0-10,read> 2.25469040585075E-4
<1030,admissions0-0,stu3-3application3-3,read> 2.1578522654019602E-4
<1031,admissions4-0,stu0-15application0-15,read> 1.1645948130688007E-4
<1032,admissions0-1,stu5-15application5-15,read> 4.6694486433581766E-5
<1033,stu0-3,gradebook0-1,addScore> 1.0134127908322772E-4
<1034,admissions4-1,stu3-14application3-14,setStatus> 1.3169495927641567E-4
<1035,admissions4-1,stu2-9application2-9,setStatus> 2.0186939057571966E-4
<1036,admissions0-1,stu3-7application3-7,read> 1.6645608096225198E-4
<1037,admissions2-0,stu2-1application2-1,setStatus> 1.251609876318743E-4
<1038,admissions2-0,stu2-4application2-4,setStatus> 3.54851010734537E-5
<1039,admissions0-1,stu4-11application4-11,read> 2.0521949561645925E-4
<1040,stu2-9,gradebook2-3,addScore> 9.485534193990472E-4
<1041,registrar4-1,transcript3-3,read> 8.940745503340402E-5
<1042,admissions2-1,stu4-17application4-17,setStatus> 9.365199675903191E-5
<1043,admissions4-1,stu0-8application0-8,setStatus> 1.6395256076077313E-4
<1044,admissions4-0,application2-0,read> 5.074644182808191E-5
<1045,stu5-6,stu5-6application5-6,checkStatus> 3.59135556455107E-4
<1046,admissions4-0,application2-1,read> 5.1240524831681895E-5
<1047,registrar0-1,roster2-2,read> 1.0223461360843718E-4
<1048,chair2,transcript2-17,read> 0.0019716707761793456
<1049,registrar0-1,roster2-6,read> 1.397004614125887E-4
<1050,registrar0-1,roster2-5,read> 1.0299922274729743E-4
<1051,registrar0-1,roster2-4,read> 1.0376383188615769E-4
<1052,registrar0-1,roster2-3,read> 9.994078619185651E-5
<1053,stu2-16,stu2-16application2-16,checkStatus> 0.0012312861052783956
<1054,registrar4-0,transcript2-12,read> 3.985692922978046E-4
<1055,registrar2-1,roster4-7,write> 8.30396274744381E-5
<1056,admissions0-0,stu0-10application0-10,read> 2.2623464004376792E-4
<1057,registrar4-1,transcript5-3,read> 3.550522168511381E-4
<1058,chair5,transcript5-4,read> 0.0016963204629100277
<1059,registrar2-0,roster2-9,write> 1.081607174649151E-4
<1060,fac1-3,gradebook1-6,addScore> 5.842294584918832E-4
<1061,admissions0-0,application0-4,setStatus> 8.094887091755885E-5
<1062,chair0,transcript0-3,read> 6.178650692718645E-4
<1063,admissions2-1,stu2-1application2-1,setStatus> 1.2114780967173403E-4
<1064,admissions4-0,stu1-5application1-5,setStatus> 1.2054970253554587E-4
<1065,registrar2-0,roster2-7,write> 1.0642280814613045E-4
<1066,registrar2-0,roster2-8,write> 1.0758141435865353E-4
<1067,registrar4-0,transcript5-4,read> 3.53183452046138E-4
<1068,registrar2-0,roster2-5,write> 7.8036955939315E-5
<1069,registrar0-0,roster2-8,read> 1.4265319504183375E-4
<1070,registrar0-1,transcript2-4,read> 1.9538050505880526E-4
<1071,fac0-1,gradebook0-2,assignGrade> 1.1381547018936194E-4
<1072,admissions2-0,stu3-0application3-0,setStatus> 8.338650631583987E-5
<1073,registrar2-0,roster2-6,write> 1.0584350503986894E-4
<1074,chair2,transcript2-2,read> 0.0011054645823529489
<1075,registrar0-0,roster2-9,read> 1.4342135225094393E-4
<1076,stu0-19,gradebook0-8,readMyScores> 2.7465004484396997E-5
<1077,stu2-15,stu2-15application2-15,checkStatus> 4.2529870153825306E-4
<1078,admissions4-1,application0-2,read> 6.011420973696024E-5
<1079,registrar0-0,roster2-6,read> 1.403487234145033E-4
<1080,admissions2-1,stu0-5application0-5,read> 1.531049530129187E-4
<1081,registrar2-0,roster2-4,write> 7.861625904557654E-5
<1082,registrar0-0,roster2-7,read> 1.4111688062361341E-4
<1083,registrar4-0,transcript1-2,read> 3.7109891530337486E-4
<1084,chair5,transcript5-5,read> 0.0016905839980502501
<1085,registrar2-1,roster2-9,read> 1.4938344079717256E-4
<1086,registrar2-0,roster2-1,write> 8.382998700193041E-5
<1087,admissions0-1,stu5-13application5-13,setStatus> 2.456955747071355E-4
<1088,admissions0-0,application5-1,setStatus> 2.485089106844311E-4
<1089,stu0-11,transcript0-11,read> 0.0016051528038673497
<1090,registrar2-1,transcript2-11,read> 3.493491083126231E-4
<1091,admissions0-0,stu4-11application4-11,setStatus> 2.3399583637391462E-4
<1092,admissions2-0,stu1-18application1-18,read> 1.0965151520194123E-4
<1093,admissions2-1,application3-4,setStatus> 1.3354788216177616E-4
<1094,admissions0-1,stu5-5application5-5,read> 1.016575370626816E-4
<1095,admissions0-1,stu5-18application5-18,read> 1.3174257530176785E-4
<1096,registrar2-0,roster2-2,write> 7.745765283305345E-5
<1097,admissions4-1,stu3-15application3-15,setStatus> 1.594251780963019E-4
<1098,registrar2-0,transcript2-16,read> 3.561627660355048E-4
<1099,registrar0-0,roster2-1,read> 1.1115874946831697E-4
<1100,registrar0-0,roster2-3,read> 1.0040454854077465E-4
<1101,stu3-19,transcript3-19,read> 0.0016993669470728476
<1102,registrar0-0,roster2-2,read> 1.0270902016810512E-4
<1103,registrar0-0,roster2-5,read> 1.0347717737721529E-4
<1104,admissions0-0,stu2-1application2-1,setStatus> 1.4823676090268076E-4
<1105,admissions4-1,stu0-0application0-0,setStatus> 1.367882647739458E-4
<1106,registrar2-0,roster0-1,write> 1.4523611626565368E-4
<1107,stu3-0,transcript3-0,read> 3.605343857315646E-4
<1108,admissions4-1,application0-0,read> 6.260427020241943E-5
<1109,registrar2-0,transcript0-16,read> 3.352555717470075E-4
<1110,registrar4-0,transcript4-0,read> 2.504681293713136E-4
<1111,registrar2-0,transcript0-1,read> 1.794969742977027E-4
<1112,registrar0-0,roster2-4,read> 1.0424533458632549E-4
<1113,admissions0-0,stu5-2application5-2,read> 1.6527972793959866E-4
<1114,stu4-5,gradebook4-6,readMyScores> 1.7025309699020917E-4
<1115,stu0-5,gradebook0-2,addScore> 1.515006936506434E-4
<1116,fac1-4,gradebook1-8,changeScore> 7.555682896866371E-4
<1117,app3-1,application3-1,checkStatus> 0.0014718793601261994
<1118,admissions2-1,stu5-2application5-2,setStatus> 1.534958248631483E-4
<1119,admissions0-0,stu5-5application5-5,read> 1.0200272394574672E-4
<1120,registrar4-0,transcript2-16,read> 4.069298418178485E-4
<1121,stu3-13,transcript3-13,read> 0.0017439946991175568
<1122,admissions2-0,application0-1,read> 5.965581596291123E-5
<1123,admissions2-0,application0-4,setStatus> 6.834769304206747E-5
<1124,admissions0-1,stu3-7application3-7,setStatus> 1.8915463745710452E-4
<1125,admissions2-1,stu4-12application4-12,read> 1.545282656813409E-4
<1126,registrar4-0,transcript0-5,read> 1.3342043609069975E-4
<1127,admissions2-1,stu4-11application4-11,read> 1.6828695480942244E-4
<1128,admissions0-1,stu0-2application0-2,setStatus> 1.0984939843634889E-5
<1129,admissions4-1,stu1-14application1-14,setStatus> 1.922487024137183E-4
<1130,admissions0-1,stu5-6application5-6,read> 3.454475945241232E-5
<1131,admissions0-1,stu1-4application1-4,setStatus> 2.555573660879548E-4
<1132,admissions4-1,stu3-3application3-3,setStatus> 2.103582330716032E-4
<1133,admissions2-0,application5-1,read> 1.8464506406048626E-4
<1134,chair2,transcript2-3,read> 0.0011226739769322812
<1135,admissions0-1,stu4-4application4-4,read> 1.589348214024804E-4
<1136,admissions2-0,stu0-12application0-12,read> 4.936258376664034E-5
<1137,registrar4-0,transcript4-1,read> 2.5166249358846274E-4
<1138,admissions4-1,stu3-12application3-12,setStatus> 7.963005863499655E-5
<1139,admissions4-0,stu1-5application1-5,read> 1.0608373823128035E-4
<1140,fac5-4,roster5-9,read> 0.0017138825147136785
<1141,stu5-13,transcript5-13,read> 1.3243698639193863E-4
<1142,registrar4-0,transcript2-19,read> 4.1529039133789223E-4
<1143,registrar0-0,transcript4-8,read> 2.0334390325453067E-4
<1144,app1-4,application1-4,checkStatus> 1.7267578394805915E-4
<1145,fac3-2,gradebook3-5,addScore> 3.68764143559533E-4
<1146,admissions0-1,stu4-0application4-0,read> 6.867970668522172E-5
<1147,admissions2-1,stu3-14application3-14,read> 1.104055729602519E-4
<1148,stu4-17,gradebook4-5,readMyScores> 4.216284295880798E-5
<1149,admissions4-1,application4-2,setStatus> 1.5885925526324302E-4
<1150,admissions2-0,application0-4,read> 6.014596987701937E-5
<1151,admissions2-0,application0-3,setStatus> 6.890468612628125E-5
<1152,admissions2-0,application0-2,setStatus> 6.723370687363989E-5
<1153,registrar4-0,transcript4-10,read> 4.0454111338355023E-4
<1154,admissions2-0,application0-2,read> 5.9165662048803095E-5
<1155,admissions0-0,application5-3,read> 2.2100993329198198E-4
<1156,admissions2-0,application0-1,setStatus> 6.779069995785367E-5
<1157,stu4-17,gradebook4-3,readMyScores> 6.380830317333764E-5
<1158,stu3-12,gradebook3-2,readMyScores> 2.326629294613266E-5
<1159,admissions2-0,application0-3,read> 6.0636123791127495E-5
<1160,registrar2-1,transcript0-12,read> 3.4724907610235315E-4
<1161,fac2-2,roster2-4,read> 0.0014294789629763001
<1162,admissions0-0,stu1-5application1-5,read> 1.2464311987015245E-4
<1163,admissions2-0,stu0-17application0-17,setStatus> 2.075959640955156E-4
<1164,chair2,transcript2-5,read> 0.0010882551877736163
<1165,chair4,transcript4-1,read> 0.001208720949828943
<1166,admissions2-0,application0-0,setStatus> 7.001867229470886E-5
<1167,fac2-4,gradebook2-8,addScore> 7.087719555547336E-4
<1168,fac3-0,gradebook3-1,addScore> 1.028082075973177E-4
<1169,fac4-3,roster4-7,read> 0.0015032132171304351
<1170,stu1-17,stu1-17application1-17,checkStatus> 7.200254387268127E-4
<1171,registrar4-1,transcript5-6,read> 3.6111716575108635E-4
<1172,admissions2-1,application0-0,read> 5.964075445319247E-5
<1173,admissions2-1,application0-2,read> 5.726856667248876E-5
<1174,stu4-7,stu4-7application4-7,checkStatus> 4.4935802702303346E-4
<1175,admissions2-0,application3-2,read> 1.223955169687528E-4
<1176,admissions0-1,stu4-16application4-16,setStatus> 1.9770152332048132E-4
<1177,admissions4-1,stu0-19application0-19,setStatus> 1.1188766011935402E-4
<1178,admissions2-1,stu4-16application4-16,setStatus> 1.621219622475254E-4
<1179,admissions2-1,application0-1,read> 5.7743004228629504E-5
<1180,stu4-15,gradebook4-9,readMyScores> 5.281270776958435E-5
<1181,chair2,transcript2-1,read> 0.0011112010472127262
<1182,admissions0-1,stu1-3application1-3,read> 1.600919382578299E-4
<1183,admissions2-1,stu4-10application4-10,read> 2.785343819176274E-5
<1184,registrar0-1,roster2-9,read> 1.4275889796802965E-4
<1185,admissions0-0,stu5-6application5-6,read> 3.466205914495022E-5
<1186,registrar0-1,roster2-8,read> 1.4199428882916937E-4
<1187,registrar0-1,roster2-7,read> 1.404650705514489E-4
<1188,fac5-0,gradebook5-1,assignGrade> 1.9911206018656847E-4
<1189,admissions0-0,application5-4,setStatus> 2.5312670705595903E-4
<1190,registrar2-0,transcript0-0,read> 1.868144922986768E-4
<1191,admissions4-0,stu3-7application3-7,setStatus> 1.6153613351599927E-4
<1192,admissions2-0,stu3-14application3-14,read> 1.1406290042891449E-4
<1193,admissions2-1,application4-0,read> 1.2795976253745934E-4
<1194,chair2,transcript2-4,read> 0.001116937512072504
<1195,stu4-16,gradebook4-7,readMyScores> 5.2283284897368806E-5
<1196,registrar4-0,transcript4-3,read> 2.456906725027171E-4
<1197,admissions2-1,application0-0,setStatus> 6.777358460590054E-5
<1198,admissions0-0,stu2-0application2-0,setStatus> 1.3174463100436656E-4
<1199,admissions0-0,stu1-6application1-6,setStatus> 3.3451536810413966E-5
<1200,registrar2-1,roster5-8,write> 9.176788028926956E-5
<1201,stu4-16,gradebook4-4,readMyScores> 1.0182883541496506E-4
<1202,registrar2-0,transcript1-0,read> 2.7776078745364E-4
<1203,stu4-16,gradebook4-3,readMyScores> 6.331935065859943E-5
<1204,stu5-3,gradebook5-7,readMyScores> 4.5528386149847634E-5
<1205,registrar4-0,transcript3-12,read> 4.212622124236379E-4
<1206,admissions2-1,application0-2,setStatus> 6.507791667328269E-5
<1207,admissions2-1,stu4-6application4-6,read> 5.584525400406654E-5
<1208,registrar0-0,transcript2-17,read> 3.464953228561503E-4
<1209,admissions2-1,application0-1,setStatus> 6.561705025980626E-5
<1210,admissions2-1,stu5-13application5-13,read> 1.7730126837609656E-4
<1211,registrar2-1,transcript1-4,read> 3.2414872178938316E-4
<1212,admissions2-1,application0-4,read> 5.821744178477025E-5
<1213,admissions4-1,stu3-8application3-8,read> 1.5772457998295992E-4
<1214,admissions2-1,application0-4,setStatus> 6.615618384632984E-5
<1215,admissions2-1,application0-3,setStatus> 6.669531743285341E-5
<1216,stu0-7,stu0-7application0-7,checkStatus> 0.0012974492503615414
<1217,admissions4-1,stu4-0application4-0,read> 5.911818555077657E-5
<1218,stu5-5,gradebook5-5,readMyScores> 3.5993971687007805E-5
<1219,stu3-9,gradebook3-3,addScore> 1.2187382595722233E-4
<1220,registrar4-0,transcript5-8,read> 3.579609089147345E-4
<1221,admissions2-1,stu2-11application2-11,read> 6.485956757074063E-5
<1222,admissions2-0,stu1-15application1-15,read> 1.3660998047788879E-4
<1223,admissions0-0,stu2-18application2-18,setStatus> 1.990325209894885E-4
<1224,registrar2-1,transcript0-18,read> 3.3464888284073313E-4
<1225,stu4-19,gradebook4-1,readMyScores> 6.5368387065986E-5
<1226,fac2-1,roster2-3,read> 0.001376811638580489
<1227,admissions0-0,stu1-2application1-2,setStatus> 2.0628905814474677E-4
<1228,stu4-3,transcript4-3,read> 0.0010200333881700485
<1229,registrar0-1,transcript0-12,read> 3.31850003991384E-4
<1230,stu4-19,gradebook4-4,readMyScores> 1.0576045068195214E-4
<1231,stu1-3,gradebook1-9,addScore> 1.5391626325592377E-4
<1232,stu4-19,gradebook4-8,readMyScores> 9.540955375811206E-5
<1233,chair4,transcript4-17,read> 0.0020921365382346726
<1234,stu0-0,gradebook0-7,addScore> 8.247451682247967E-5
<1235,registrar4-1,transcript4-18,read> 4.4602645035036207E-4
<1236,stu4-19,gradebook4-9,readMyScores> 5.3609880717049773E-5
<1237,admissions4-0,stu1-7application1-7,read> 3.0489038680482475E-5
<1238,fac4-4,gradebook4-8,addScore> 3.426857931146966E-4
<1239,fac4-0,roster4-1,read> 0.0018929514176594352
<1240,stu4-17,gradebook4-9,readMyScores> 5.2015534822118927E-5
<1241,admissions0-0,stu0-2application0-2,setStatus> 1.1022240148706655E-5
<1242,admissions0-1,stu0-13application0-13,setStatus> 2.1676765332339872E-4
<1243,admissions2-1,stu0-12application0-12,read> 4.7779815549673914E-5
<1244,admissions0-1,application3-3,read> 1.4389230228293733E-4
<1245,admissions4-0,stu3-3application3-3,setStatus> 2.0869860204145247E-4
<1246,fac4-0,gradebook4-1,addScore> 8.931985893382716E-4
<1247,admissions2-1,stu1-19application1-19,read> 4.2086564875985014E-5
<1248,admissions2-0,stu2-11application2-11,read> 6.700812467453329E-5
<1249,registrar0-1,transcript3-1,read> 7.195588470066421E-5
<1250,registrar0-1,transcript1-6,read> 3.07767151238576E-4
<1251,stu4-18,gradebook4-2,readMyScores> 1.4422296954308433E-4
<1252,admissions0-1,application5-3,read> 2.2026201473600233E-4
<1253,admissions2-1,stu2-12application2-12,read> 5.0152003330377624E-5
<1254,stu2-5,gradebook2-4,readMyScores> 2.340316386177712E-4
<1255,registrar0-1,roster0-9,read> 2.1233832960431098E-4
<1256,fac4-2,gradebook4-5,addScore> 9.216562724425445E-4
<1257,stu4-18,gradebook4-8,readMyScores> 9.470018904615583E-5
<1258,registrar2-1,roster4-3,read> 1.4538299159037478E-4
<1259,admissions0-0,stu3-10application3-10,setStatus> 6.709548180297492E-5
<1260,registrar2-1,roster4-4,read> 1.1177921825327376E-4
<1261,registrar2-1,roster4-5,read> 1.1017903857055466E-4
<1262,admissions0-1,stu0-18application0-18,read> 2.2662615744042442E-4
<1263,admissions0-0,stu5-2application5-2,setStatus> 1.8781787265863487E-4
<1264,registrar2-1,roster4-6,read> 1.1657975730143103E-4
<1265,fac3-1,roster3-3,read> 0.0017349494444720028
<1266,admissions0-0,stu4-1application4-1,read> 2.1056051978841014E-4
<1267,registrar2-1,roster4-1,read> 1.437828119076557E-4
<1268,admissions4-1,stu5-18application5-18,read> 1.1340150369778659E-4
<1269,registrar2-1,roster4-2,read> 1.4458290174901528E-4
<1270,admissions0-0,stu0-19application0-19,read> 1.1477422933900125E-4
<1271,registrar0-1,roster0-9,write> 1.5442787607586255E-4
<1272,registrar0-1,roster0-6,write> 1.4441844734896492E-4
<1273,registrar0-1,roster0-4,write> 1.4330628860153186E-4
<1274,admissions2-1,application4-4,setStatus> 1.5403495844967187E-4
<1275,registrar0-1,roster0-5,write> 1.4275020922781533E-4
<1276,admissions2-0,stu0-15application0-15,setStatus> 1.3128791155822602E-4
<1277,admissions0-0,stu5-3application5-3,read> 1.6876286577412262E-4
<1278,registrar0-1,roster0-3,write> 1.405258917329492E-4
<1279,admissions0-1,stu3-3application3-3,read> 2.150549888869297E-4
<1280,registrar4-0,roster0-4,read> 2.3453520492414278E-4
<1281,admissions4-1,stu1-7application1-7,read> 3.073149624454198E-5
<1282,registrar0-1,roster0-1,write> 1.3941373298551613E-4
<1283,stu1-5,gradebook1-9,addScore> 1.4941766683508254E-4
<1284,admissions0-0,stu3-7application3-7,setStatus> 1.8979692824643257E-4
<1285,registrar2-0,roster4-7,read> 1.1367314858543506E-4
<1286,registrar2-0,roster4-6,read> 1.1606277389876392E-4
<1287,registrar2-0,roster4-9,read> 1.0252156378990042E-4
<1288,registrar2-0,roster4-8,read> 1.0491118910322926E-4
<1289,registrar2-0,roster4-4,read> 1.1128352327210623E-4
<1290,registrar2-0,roster4-5,read> 1.09690439729887E-4
<1291,registrar2-0,roster4-2,read> 1.4394173588760055E-4
<1292,admissions0-1,stu3-10application3-10,setStatus> 6.686842433494455E-5
<1293,admissions0-1,stu4-10application4-10,setStatus> 3.859795570992908E-5
<1294,admissions4-1,stu3-2application3-2,setStatus> 5.64272224795815E-5
<1295,stu1-5,stu1-5application1-5,checkStatus> 0.0012914344189903465
<1296,admissions2-1,stu5-16application5-16,read> 1.2368982453219267E-4
<1297,stu3-9,stu3-9application3-9,checkStatus> 9.846780190593968E-4
<1298,registrar2-0,roster4-1,read> 1.431451941164909E-4
<1299,admissions2-0,stu0-18application0-18,read> 1.919973727721083E-4
<1300,admissions2-1,stu0-15application0-15,setStatus> 1.270782791234933E-4
<1301,fac1-1,gradebook1-2,readScore> 6.776103079734016E-5
<1302,admissions4-1,stu1-17application1-17,read> 5.9616197643868414E-5
<1303,admissions2-1,stu4-0application4-0,setStatus> 6.399964950023554E-5
<1304,admissions2-0,stu2-6application2-6,read> 1.3710013439199693E-4
<1305,registrar4-0,transcript3-18,read> 4.117072986864449E-4
<1306,admissions2-1,stu1-15application1-15,read> 1.3222970054272603E-4
<1307,admissions0-1,stu1-3application1-3,setStatus> 1.8192265711117035E-4
<1308,stu1-6,gradebook1-2,addScore> 2.944020211775223E-4
<1309,admissions0-0,stu4-8application4-8,setStatus> 1.0931533434265928E-4
<1310,registrar2-1,transcript1-9,read> 3.2099867347397816E-4
<1311,admissions4-1,stu3-1application3-1,setStatus> 1.8206209141865802E-4
<1312,admissions4-1,stu4-13application4-13,read> 1.7814307579972519E-4
<1313,fac2-2,gradebook2-4,readScore> 5.792012212516544E-4
<1314,registrar4-1,roster0-8,write> 1.8533060029724306E-4
<1315,admissions2-1,stu0-7application0-7,setStatus> 1.162956073930219E-4
<1316,admissions4-1,stu4-4application4-4,read> 1.368080720731028E-4
<1317,registrar4-1,transcript2-12,read> 4.0478479783071387E-4
<1318,fac3-4,gradebook3-8,changeScore> 4.934373057927829E-4
<1319,fac5-2,gradebook5-5,readScore> 9.071202132838445E-5
<1320,admissions0-0,stu3-9application3-9,read> 9.503644827669882E-5
<1321,stu2-3,gradebook2-7,readMyScores> 1.2480275842387156E-4
<1322,registrar4-0,transcript4-2,read> 2.5285685780561184E-4
<1323,registrar4-0,transcript4-9,read> 2.4330194406841887E-4
<1324,registrar4-0,transcript4-7,read> 2.397188514169715E-4
<1325,admissions0-0,stu4-15application4-15,setStatus> 1.564003652023463E-5
<1326,registrar4-0,transcript4-6,read> 2.4927376515416447E-4
<1327,admissions4-1,stu5-1application5-1,read> 3.023348415145015E-5
<1328,registrar4-0,roster0-3,read> 2.2998480482860564E-4
<1329,registrar0-0,roster0-5,read> 1.9719235688865557E-4
<1330,fac2-3,gradebook2-7,readScore> 2.6853156175124575E-4
<1331,registrar4-0,transcript4-5,read> 2.480794009370153E-4
<1332,admissions4-0,stu0-16application0-16,setStatus> 1.3402469354281823E-4
<1333,admissions4-0,stu3-1application3-1,setStatus> 1.8062570410963508E-4
<1334,admissions0-0,stu1-3application1-3,setStatus> 1.825403910911743E-4
<1335,admissions2-1,stu2-6application2-6,read> 1.327041380988668E-4
<1336,registrar0-0,roster0-7,write> 1.4452994276863704E-4
<1337,registrar0-0,roster0-8,write> 1.540271591721809E-4
<1338,admissions4-0,stu4-13application4-13,read> 1.7673760774607842E-4
<1339,registrar0-0,roster0-9,write> 1.5514447874906843E-4
<1340,registrar4-0,roster3-8,write> 1.1232593690377405E-4
<1341,admissions2-1,application5-3,read> 1.8062233126908174E-4
<1342,registrar2-0,transcript1-7,read> 3.216658954594843E-4
<1343,admissions4-1,stu1-18application1-18,read> 1.1140945532541924E-4
<1344,admissions0-1,stu4-1application4-1,read> 2.0984796303785715E-4
<1345,stu3-8,gradebook3-9,readMyScores> 4.6138204149247547E-5
<1346,stu4-0,transcript4-0,read> 0.0010398679446343637
<1347,admissions0-0,stu4-4application4-4,read> 1.5947449821539204E-4
<1348,stu1-8,gradebook1-1,addScore> 3.0665584762865685E-4
<1349,registrar4-1,transcript4-0,read> 2.543740651119969E-4
<1350,admissions4-1,stu0-19application0-19,read> 9.846114090503153E-5
<1351,admissions2-0,stu5-8application5-8,read> 1.8758598754513512E-4
<1352,registrar4-1,transcript4-1,read> 2.555870548919865E-4
<1353,registrar4-1,transcript4-2,read> 2.5680004467197614E-4
<1354,registrar0-0,roster0-1,write> 1.4006066446108697E-4
<1355,registrar0-0,roster0-2,write> 1.42295303614862E-4
<1356,stu1-9,transcript1-9,read> 0.001515897299777931
<1357,registrar0-0,roster0-3,write> 1.4117798403797448E-4
<1358,registrar0-0,roster0-4,write> 1.4397128298019327E-4
<1359,registrar0-0,roster0-5,write> 1.4341262319174952E-4
<1360,registrar0-0,roster0-6,write> 1.450886025570808E-4
<1361,registrar4-1,transcript4-8,read> 2.446701468720796E-4
<1362,admissions2-1,stu0-0application0-0,read> 1.1467551096551856E-4
<1363,registrar4-1,transcript4-5,read> 2.519480855520175E-4
<1364,admissions0-0,stu1-14application1-14,setStatus> 2.2410055843492604E-4
<1365,registrar4-1,transcript4-4,read> 2.5073509577202787E-4
<1366,registrar4-1,transcript4-7,read> 2.4345715709208997E-4
<1367,fac3-1,gradebook3-2,readScore> 1.2986938276313896E-4
<1368,registrar2-0,transcript0-10,read> 3.3943701060470694E-4
<1369,admissions0-1,stu4-15application4-15,setStatus> 1.5587109154683923E-5
<1370,admissions0-1,stu2-7application2-7,setStatus> 1.2143700330881164E-4
<1371,admissions2-1,stu0-0application0-0,setStatus> 1.3031308064263475E-4
<1372,registrar2-1,roster4-9,read> 1.0297822999831869E-4
<1373,registrar2-1,roster4-8,read> 1.0537849952239734E-4
<1374,registrar2-1,roster4-7,read> 1.1417948777735238E-4
<1375,admissions0-0,stu4-0application4-0,read> 6.891291451776915E-5
<1376,stu3-10,gradebook3-5,readMyScores> 3.685495016834063E-5
<1377,registrar2-1,transcript3-7,read> 8.264501760833376E-5
<1378,registrar2-1,roster0-7,read> 2.0698990937506012E-4
<1379,admissions4-0,application3-3,setStatus> 1.3963927312918173E-4
<1380,registrar4-0,transcript5-5,read> 3.5198908782898885E-4
<1381,fac5-4,gradebook5-9,readScore> 4.564856001482294E-5
<1382,admissions0-1,stu5-14application5-14,read> 3.7437551590786E-5
<1383,fac4-3,gradebook4-7,changeScore> 0.0013380815872285352
<1384,registrar2-1,transcript3-8,read> 7.214485655698377E-5
<1385,registrar2-1,transcript3-9,read> 7.109484045184878E-5
<1386,registrar0-0,transcript4-10,read> 3.414547799124313E-4
<1387,admissions0-0,stu0-1application0-1,setStatus> 2.0257832891762604E-5
<1388,registrar2-1,transcript3-3,read> 7.739493708265877E-5
<1389,registrar4-0,roster1-8,write> 1.8049920378963936E-4
<1390,admissions4-0,stu0-11application0-11,read> 1.6586778166687865E-4
<1391,registrar2-1,transcript3-4,read> 8.159500150319875E-5
<1392,admissions2-0,stu0-5application0-5,setStatus> 1.79746309884826E-4
<1393,stu2-16,gradebook2-3,readMyScores> 1.1050928672403802E-4
<1394,registrar4-1,transcript0-4,read> 1.294361177730626E-4
<1395,admissions4-1,application3-4,setStatus> 1.4018380177229918E-4
<1396,registrar2-1,transcript3-5,read> 8.054498539806376E-5
<1397,admissions4-1,stu3-5application3-5,setStatus> 1.232061167805321E-4
<1398,admissions0-0,stu1-16application1-16,setStatus> 1.4625770531488306E-4
<1399,admissions4-1,stu2-13application2-13,setStatus> 1.1471727428464856E-4
<1400,fac3-3,gradebook3-7,readScore> 1.2537606437825383E-4
<1401,fac3-3,gradebook3-6,readScore> 1.2387829158329208E-4
<1402,stu0-10,gradebook0-3,readMyScores> 2.143604166172151E-5
<1403,registrar4-1,roster5-8,read> 1.4576544399606532E-4
<1404,fac4-2,gradebook4-5,readScore> 3.3955757405777954E-4
<1405,registrar4-1,roster5-9,read> 1.503868054966011E-4
<1406,admissions4-0,stu0-12application0-12,read> 4.975827582088194E-5
<1407,registrar0-0,roster2-9,write> 1.0430643800068649E-4
<1408,stu2-9,transcript2-9,read> 9.853229143574967E-4
<1409,stu5-10,gradebook5-8,addScore> 9.128243875921182E-5
<1410,registrar4-0,roster2-8,write> 1.229159589442968E-4
<1411,registrar0-0,roster2-8,write> 1.0374777821224273E-4
<1412,admissions0-0,stu0-4application0-4,setStatus> 1.6736763158472525E-4
<1413,stu4-6,stu4-6application4-6,checkStatus> 7.079957759844224E-4
<1414,registrar0-1,roster4-1,read> 1.3740663399600797E-4
<1415,admissions4-0,stu5-5application5-5,read> 8.681450109088089E-5
<1416,registrar0-0,roster2-7,write> 1.0263045863535522E-4
<1417,registrar0-0,roster2-6,write> 1.0207179884691148E-4
<1418,admissions0-1,stu3-14application3-14,read> 1.3463536744014155E-4
<1419,admissions2-1,stu4-10application4-10,setStatus> 3.16516343088213E-5
<1420,admissions2-1,stu5-11application5-11,setStatus> 1.1467820663345118E-4
<1421,stu2-2,gradebook2-2,readMyScores> 5.163792410306667E-4
<1422,registrar0-0,roster2-5,write> 7.525612900161112E-5
<1423,registrar2-1,transcript3-0,read> 7.634492097752378E-5
<1424,registrar0-0,roster2-4,write> 7.581478879005491E-5
<1425,registrar0-0,roster2-3,write> 7.302148984783611E-5
<1426,admissions2-0,stu5-19application5-19,read> 3.0736735030531115E-5
<1427,registrar2-1,transcript3-2,read> 7.949496929292877E-5
<1428,registrar0-0,roster2-2,write> 7.469746921316736E-5
<1429,admissions4-1,stu5-19application5-19,read> 3.122950833763382E-5
<1430,registrar4-0,transcript0-18,read> 3.806538290405678E-4
<1431,registrar2-1,transcript3-1,read> 7.529490487238877E-5
<1432,stu3-16,gradebook3-3,readMyScores> 4.696801246097581E-5
<1433,admissions0-1,stu0-16application0-16,read> 1.3810671800618994E-4
<1434,registrar0-0,roster2-1,write> 8.08427268860487E-5
<1435,fac4-3,gradebook4-6,addScore> 2.655678003200438E-4
<1436,registrar2-0,transcript3-8,read> 7.18249237119417E-5
<1437,registrar4-1,roster4-8,read> 1.2173436419327941E-4
<1438,registrar0-0,roster1-3,read> 2.0180130014331657E-4
<1439,registrar2-0,transcript3-6,read> 8.332388057061522E-5
<1440,registrar2-0,transcript3-7,read> 8.227852085619036E-5
<1441,registrar2-0,transcript3-4,read> 8.123316114176549E-5
<1442,registrar2-0,roster1-9,write> 1.5856008770966912E-4
<1443,app5-0,application5-0,checkStatus> 0.0022598222697527565
<1444,admissions2-1,stu1-11application1-11,setStatus> 1.6966983245885543E-4
<1445,stu1-11,gradebook1-7,addScore> 2.4772795939187735E-4
<1446,admissions0-1,stu5-5application5-5,setStatus> 1.1551992848032002E-4
<1447,registrar2-1,roster3-2,read> 1.2698092523910515E-4
<1448,fac3-4,gradebook3-9,readScore> 5.8701574811397515E-5
<1449,registrar2-0,transcript3-5,read> 8.018780142734063E-5
<1450,registrar2-0,transcript3-2,read> 7.914244171291576E-5
<1451,registrar2-0,transcript3-3,read> 7.705172228406603E-5
<1452,admissions4-1,stu0-11application0-11,read> 1.6718680975170473E-4
<1453,fac2-1,gradebook2-3,readScore> 2.3123194479433552E-4
<1454,registrar2-0,roster1-7,read> 2.164270370585758E-4
<1455,admissions2-1,stu5-13application5-13,setStatus> 2.014787140637461E-4
<1456,stu2-3,gradebook2-8,readMyScores> 2.8627332206172253E-4
<1457,fac2-1,gradebook2-2,readScore> 1.542879863614313E-4
<1458,fac3-3,gradebook3-6,changeScore> 4.8178703984194497E-4
<1459,stu5-11,gradebook5-1,addScore> 1.3364432063019222E-4
<1460,admissions4-0,stu2-7application2-7,setStatus> 1.0370596377645544E-4
<1461,admissions4-1,stu1-4application1-4,read> 1.93581450685572E-4
<1462,admissions0-0,stu3-14application3-14,read> 1.3509253337372438E-4
<1463,fac0-4,gradebook0-9,changeScore> 3.0703305057937555E-4
<1464,registrar2-0,transcript3-1,read> 7.496100285521631E-5
<1465,admissions2-0,stu1-14application1-14,read> 1.6650936923848515E-4
<1466,stu4-10,gradebook4-8,readMyScores> 9.11533654863747E-5
<1467,admissions0-1,application2-0,setStatus> 6.752587709366585E-5
<1468,stu5-1,transcript5-1,read> 0.0014316004348045909
<1469,registrar2-0,transcript3-0,read> 7.600636256964117E-5
<1470,stu4-10,gradebook4-2,readMyScores> 1.3882136019690138E-4
<1471,registrar2-1,roster1-4,read> 2.0939017889913877E-4
<1472,admissions4-1,stu5-6application5-6,setStatus> 3.379030915722536E-5
<1473,admissions4-1,stu3-17application3-17,setStatus> 1.6055702376241974E-4
<1474,stu4-10,gradebook4-3,readMyScores> 6.28303981438612E-5
<1475,admissions2-1,stu3-4application3-4,read> 4.683094043739243E-5
<1476,admissions4-0,stu0-19application0-19,read> 9.768432717008059E-5
<1477,registrar4-0,roster5-6,read> 1.3806672289875567E-4
<1478,admissions0-1,stu1-1application1-1,setStatus> 2.5818717712284E-4
<1479,registrar4-0,roster5-5,read> 1.398868829369705E-4
<1480,stu2-18,gradebook2-2,addScore> 4.323344823562808E-4
<1481,registrar4-0,roster5-4,read> 1.3442640282232597E-4
<1482,admissions0-1,stu0-7application0-7,read> 1.2479987416967104E-4
<1483,registrar4-0,roster5-3,read> 1.353364828414334E-4
<1484,registrar4-0,roster5-2,read> 1.617288033955487E-4
<1485,registrar4-0,roster5-1,read> 1.6081872337644128E-4
<1486,registrar4-1,transcript1-18,read> 4.210085361380755E-5
<1487,admissions2-1,stu2-3application2-3,read> 6.058962956547396E-5
<1488,admissions4-1,stu1-13application1-13,read> 1.1987566090798046E-4
<1489,registrar4-0,roster5-8,read> 1.4352720301340024E-4
<1490,fac3-2,gradebook3-5,readScore> 1.358604739429858E-4
<1491,admissions0-0,stu0-18application0-18,setStatus> 2.5840418862341957E-4
<1492,registrar4-0,roster5-9,read> 1.4807760310893732E-4
<1493,registrar2-0,transcript0-4,read> 1.1154859286008658E-4
<1494,fac5-2,gradebook5-5,assignGrade> 1.9079044165025563E-4
<1495,registrar4-0,transcript0-2,read> 2.0866538177109436E-4
<1496,registrar4-1,roster5-5,read> 1.4206835479563674E-4
<1497,fac1-3,gradebook1-6,readScore> 2.1524243207595692E-4
<1498,registrar0-1,roster2-7,write> 1.021564149465083E-4
<1499,registrar4-1,roster5-4,read> 1.3652272099499383E-4
<1500,registrar0-1,roster2-6,write> 1.0160033557279179E-4
<1501,registrar4-1,roster5-7,read> 1.4761398859627962E-4
<1502,stu3-13,stu3-13application3-13,checkStatus> 0.0014297755405278335
<1503,registrar0-1,roster2-9,write> 1.0382465306765792E-4
<1504,registrar4-1,roster5-1,read> 1.633266176981012E-4
<1505,admissions2-0,stu1-15application1-15,setStatus> 1.5523861417941908E-4
<1506,registrar0-1,roster4-4,read> 1.0682226844159864E-4
<1507,admissions4-0,stu1-1application1-1,setStatus> 2.2048921917281578E-4
<1508,registrar4-0,transcript5-2,read> 3.507947236118398E-4
<1509,registrar4-1,roster5-3,read> 1.3744699329510098E-4
<1510,registrar0-0,transcript1-3,read> 3.1423584801634877E-4
<1511,registrar4-1,roster5-2,read> 1.6425088999820833E-4
<1512,registrar0-1,roster2-1,write> 8.046931937156349E-5
<1513,admissions4-1,stu5-10application5-10,setStatus> 2.030012362418375E-4
<1514,chair1,transcript1-12,read> 2.449948533863292E-4
<1515,admissions4-0,stu5-19application5-19,read> 3.0983121684082466E-5
<1516,registrar0-1,roster2-3,write> 7.268420813953201E-5
<1517,registrar0-1,roster2-5,write> 7.490852563439813E-5
<1518,registrar0-1,roster2-4,write> 7.546460500811469E-5
<1519,admissions0-0,stu3-19application3-19,setStatus> 1.9969220618542107E-4
<1520,fac3-3,gradebook3-7,addScore> 3.403064604552604E-4
<1521,stu5-14,gradebook5-5,addScore> 1.2661118325452847E-4
<1522,registrar2-1,roster5-9,write> 9.467729789421335E-5
<1523,fac1-0,gradebook1-1,readScore> 6.695872672521964E-5
<1524,registrar0-1,transcript3-11,read> 3.549294045461583E-4
<1525,admissions4-0,application0-0,read> 6.21103509108816E-5
<1526,fac0-3,gradebook0-6,assignGrade> 9.71722331167363E-5
<1527,stu4-14,gradebook4-3,readMyScores> 6.429725568807587E-5
<1528,admissions2-0,stu2-3application2-3,read> 6.259673944756005E-5
<1529,admissions4-0,stu4-3application4-3,read> 1.9304234686487795E-4
<1530,admissions2-1,stu3-7application3-7,read> 1.3649963854799272E-4
<1531,stu4-13,gradebook4-9,readMyScores> 5.0022602453455365E-5
<1532,stu4-13,gradebook4-6,readMyScores> 7.841014191659174E-5
<1533,registrar2-0,transcript3-10,read> 3.7184316175187774E-4
<1534,admissions4-0,stu4-17application4-17,setStatus> 9.75299262314556E-5
<1535,stu4-13,gradebook4-8,readMyScores> 8.902527135050603E-5
<1536,stu4-13,gradebook4-7,readMyScores> 5.066835717853116E-5
<1537,stu4-9,stu4-9application4-9,checkStatus> 0.0014418052032702238
<1538,admissions4-1,stu0-17application0-17,read> 1.8561325719610263E-4
<1539,admissions4-1,stu2-4application2-4,setStatus> 3.6054000489460974E-5
<1540,registrar2-0,transcript5-8,read> 3.1330301774408535E-4
<1541,stu3-2,stu3-2application3-2,checkStatus> 5.997288113029108E-4
<1542,admissions2-0,stu2-10application2-10,read> 1.1896443956999586E-4
<1543,stu2-4,transcript2-4,read> 9.654883578931814E-4
<1544,fac0-4,gradebook0-9,readScore> 1.4181449314163448E-5
<1545,registrar4-0,transcript1-10,read> 5.459239775885775E-5
<1546,admissions0-1,application5-4,read> 2.2199769001902652E-4
<1547,stu4-15,gradebook4-5,readMyScores> 4.280901679725715E-5
<1548,fac0-4,gradebook0-8,readScore> 2.9287337080612242E-5
<1549,registrar4-1,transcript2-10,read> 4.0235881827073455E-4
<1550,admissions2-0,stu4-13application4-13,read> 1.753321396924317E-4
<1551,stu4-15,gradebook4-6,readMyScores> 8.278361596771638E-5
<1552,admissions2-0,stu3-4application3-4,read> 4.838227593842406E-5
<1553,stu4-14,gradebook4-8,readMyScores> 9.328145962224337E-5
<1554,registrar4-1,transcript5-4,read> 3.5869118619110703E-4
<1555,stu4-14,gradebook4-7,readMyScores> 5.309074875678763E-5
<1556,registrar4-0,transcript1-3,read> 3.7229327952052407E-4
<1557,admissions4-1,application5-1,read> 1.8760530556846997E-4
<1558,admissions2-1,stu4-5application4-5,setStatus> 8.340845861508409E-5
<1559,registrar2-0,roster0-3,read> 2.0129274340749303E-4
<1560,registrar4-0,transcript1-0,read> 3.173525255316644E-4
<1561,registrar2-0,transcript4-5,read> 2.171299240169978E-4
<1562,fac2-3,roster2-6,read> 0.001924551812296922
<1563,stu2-3,transcript2-3,read> 9.704469970092601E-4
<1564,fac1-2,gradebook1-5,readScore> 1.2134269673135634E-4
<1565,admissions0-0,stu2-6application2-6,setStatus> 1.84519446678972E-4
<1566,stu4-12,gradebook4-2,readMyScores> 1.366607164584282E-4
<1567,stu4-11,gradebook4-8,readMyScores> 9.044400077441847E-5
<1568,stu4-11,gradebook4-7,readMyScores> 5.1475821037949987E-5
<1569,stu2-14,stu2-14application2-14,checkStatus> 6.538622936436666E-4
<1570,stu3-8,gradebook3-5,readMyScores> 5.9483217444951E-5
<1571,admissions4-0,stu4-14application4-14,setStatus> 1.761340404405443E-4
<1572,admissions2-0,stu4-5application4-5,setStatus> 8.617147173690883E-5
<1573,registrar2-1,transcript1-7,read> 3.230987056842482E-4
<1574,fac1-1,gradebook1-3,readScore> 8.920652969365635E-5
<1575,stu5-13,gradebook5-4,addScore> 7.239613690639375E-5
<1576,admissions0-1,stu3-19application3-19,setStatus> 1.990164288379239E-4
<1577,stu4-12,gradebook4-5,readMyScores> 4.0870495281909655E-5
<1578,admissions2-1,stu5-19application5-19,read> 2.9751188416325714E-5
<1579,stu4-12,gradebook4-9,readMyScores> 5.042118892718807E-5
<1580,admissions4-1,application3-3,setStatus> 1.4074972460535813E-4
<1581,admissions0-1,stu2-14application2-14,setStatus> 7.14705936459936E-5
<1582,admissions4-0,stu2-4application2-4,setStatus> 3.576955078145733E-5
<1583,admissions4-1,stu5-0application5-0,setStatus> 1.3792011044006357E-4
<1584,admissions2-0,stu5-1application5-1,read> 2.975642720231484E-5
<1585,admissions4-0,stu1-2application1-2,read> 1.54503872584079E-4
<1586,fac0-0,gradebook0-1,addScore> 4.9877533879223386E-5
<1587,registrar4-0,roster4-2,write> 1.1960657705663347E-4
<1588,admissions4-0,stu5-0application5-0,setStatus> 1.3683198333599997E-4
<1589,registrar4-0,roster4-1,write> 1.1894470067910076E-4
<1590,registrar4-0,roster4-4,write> 9.246964557779389E-5
<1591,registrar4-0,roster4-3,write> 1.202684534341661E-4
<1592,registrar2-1,roster3-9,read> 1.3658200333541975E-4
<1593,admissions4-1,stu5-15application5-15,setStatus> 4.5674688651462336E-5
<1594,registrar0-1,transcript0-4,read> 1.0707671163184258E-4
<1595,admissions0-0,stu5-19application5-19,setStatus> 4.136775916160478E-5
<1596,registrar4-0,roster4-6,write> 9.64409038429899E-5
<1597,registrar4-0,roster4-5,write> 9.114589282272853E-5
<1598,registrar4-0,roster4-8,write> 8.717463455753249E-5
<1599,registrar4-0,roster4-7,write> 9.445527471039189E-5
<1600,chair0,transcript0-7,read> 6.580203232903067E-4
<1601,fac3-3,gradebook3-6,addScore> 3.3624107715465E-4
<1602,registrar4-0,roster4-9,write> 8.518900542493445E-5
<1603,admissions4-0,stu0-15application0-15,setStatus> 1.3234031966690918E-4
<1604,fac1-4,gradebook1-9,readScore> 3.5396850785039924E-5
<1605,fac1-4,gradebook1-8,readScore> 1.9427361294649284E-4
<1606,admissions0-1,stu3-17application3-17,setStatus> 1.8652482642221937E-4
<1607,registrar0-0,transcript2-1,read> 1.9527903454458028E-4
<1608,fac0-1,gradebook0-2,readScore> 2.6124608295179577E-5
<1609,fac0-1,gradebook0-3,readScore> 3.384914210000942E-5
<1610,registrar2-0,roster4-6,write> 8.440929010819194E-5
<1611,registrar0-0,transcript0-12,read> 3.3338991120248094E-4
<1612,registrar2-0,roster4-8,write> 7.629904662053038E-5
<1613,registrar2-0,roster4-7,write> 8.267138078940733E-5
<1614,admissions2-0,stu3-7application3-7,setStatus> 1.6025155193734322E-4
<1615,admissions4-1,stu1-6application1-6,read> 2.52533632205318E-5
<1616,registrar2-0,roster4-9,write> 7.456113730174576E-5
<1617,stu2-10,gradebook2-4,readMyScores> 1.671654561555509E-4
<1618,admissions0-0,stu2-6application2-6,read> 1.6237711307749535E-4
<1619,admissions0-0,stu2-4application2-4,setStatus> 4.202744435753735E-5
<1620,admissions2-1,stu0-4application0-4,read> 1.2036876163920747E-4
<1621,app2-3,application2-3,checkStatus> 6.839364504996422E-4
<1622,registrar2-0,roster4-2,write> 1.0468489882734586E-4
<1623,registrar2-0,roster4-1,write> 1.041055957210843E-4
<1624,registrar2-0,roster4-4,write> 8.093347147062272E-5
<1625,registrar4-0,roster3-8,read> 1.5444816324268931E-4
<1626,registrar0-0,roster0-6,read> 1.9949682851598609E-4
<1627,fac3-2,gradebook3-4,addScore> 9.061826213931383E-5
<1628,registrar2-0,roster4-3,write> 1.0526420193360738E-4
<1629,admissions4-1,stu0-15application0-15,setStatus> 1.3339272777559234E-4
<1630,stu2-1,gradebook2-6,readMyScores> 3.6288860407830573E-4
<1631,fac1-3,gradebook1-7,readScore> 1.2846755489541356E-4
<1632,registrar4-1,roster0-4,read> 2.3819267400678048E-4
<1633,registrar4-0,roster4-2,read> 1.64459043452871E-4
<1634,stu5-15,stu5-15application5-15,checkStatus> 4.85447015250204E-4
<1635,admissions0-1,stu3-6application3-6,setStatus> 2.463530274658568E-4
<1636,fac0-0,gradebook0-1,readScore> 1.837593353445072E-5
<1637,admissions0-0,application0-1,setStatus> 8.028918572162629E-5
<1638,admissions4-0,stu1-6application1-6,read> 2.5054125640882634E-5
<1639,stu4-4,gradebook4-4,readMyScores> 2.071961245702185E-4
<1640,registrar0-0,roster0-2,read> 1.9565604247043523E-4
<1641,fac3-1,gradebook3-2,addScore> 3.525026103570915E-4
<1642,admissions2-0,stu1-10application1-10,read> 1.0622043780318427E-4
<1643,fac3-1,gradebook3-3,addScore> 6.987432688214081E-5
<1644,admissions0-0,application4-3,setStatus> 1.8913724305049998E-4
<1645,admissions0-0,application4-0,setStatus> 1.7792259471964631E-4
<1646,admissions0-0,application4-1,setStatus> 1.864985022667697E-4
<1647,admissions0-1,stu2-4application2-4,setStatus> 4.188521950353553E-5
<1648,fac5-0,gradebook5-1,readScore> 9.41119566329868E-5
<1649,admissions0-0,stu1-4application1-4,read> 2.2565411707134726E-4
<1650,registrar2-1,roster2-7,read> 1.4698317127309388E-4
<1651,admissions2-0,stu0-4application0-4,read> 1.2435613262518538E-4
<1652,fac0-3,gradebook0-7,readScore> 1.4091013125345999E-5
<1653,fac0-3,gradebook0-6,readScore> 2.7881999297513505E-5
<1654,registrar4-1,roster4-7,write> 9.592826145051496E-5
<1655,registrar4-1,roster4-5,write> 9.256727126830716E-5
<1656,registrar4-1,roster4-4,write> 9.391166734119027E-5
<1657,chair3,transcript3-3,read> 4.228252640394306E-4
<1658,stu0-2,transcript0-2,read> 8.663155755716048E-4
<1659,registrar0-0,transcript4-11,read> 3.444791056786627E-4
<1660,admissions0-1,stu4-1application4-1,setStatus> 2.3846359436120133E-4
<1661,registrar0-0,transcript3-12,read> 3.555683001548445E-4
<1662,registrar2-1,roster3-7,read> 1.3498182365270065E-4
<1663,registrar4-1,roster4-3,write> 1.2214398487173596E-4
<1664,registrar0-1,transcript5-3,read> 2.937188204661046E-4
<1665,admissions4-1,stu1-2application1-2,read> 1.5573253161059258E-4
<1666,admissions0-1,application4-3,setStatus> 1.8849718469838322E-4
<1667,admissions2-0,stu4-3application4-3,read> 1.9150721885800024E-4
<1668,admissions0-1,application4-4,setStatus> 1.8783973193966196E-4
<1669,admissions0-1,application4-0,setStatus> 1.773204878001213E-4
<1670,registrar4-1,roster4-9,write> 8.651748894033304E-5
<1671,admissions0-1,application4-2,setStatus> 1.845524681460555E-4
<1672,admissions4-0,stu2-4application2-4,read> 3.147720468768245E-5
<1673,registrar0-0,transcript4-13,read> 3.6262506027605107E-4
<1674,fac0-2,gradebook0-4,readScore> 8.493619891428741E-5
<1675,fac0-2,gradebook0-5,readScore> 7.145624375963197E-5
<1676,registrar4-0,transcript4-18,read> 4.391776756808747E-4
<1677,admissions2-0,stu0-19application0-19,setStatus> 1.1012217435810189E-4
<1678,admissions2-0,stu0-8application0-8,read> 1.420016735330783E-4
<1679,admissions0-0,stu1-12application1-12,setStatus> 1.561529832538716E-4
<1680,admissions4-1,stu1-8application1-8,setStatus> 1.447111844367704E-4
<1681,registrar2-0,roster2-6,read> 1.455348194298198E-4
<1682,admissions4-1,stu1-12application1-12,read> 1.1788361253561312E-4
<1683,admissions4-0,application0-0,setStatus> 7.05799442169109E-5
<1684,admissions4-0,application0-1,setStatus> 6.833411238236553E-5
<1685,admissions4-1,stu2-4application2-4,read> 3.172752043072565E-5
<1686,admissions4-0,application0-4,setStatus> 6.889557034100187E-5
<1687,fac2-4,gradebook2-9,readScore> 6.640253791698276E-5
<1688,admissions2-1,stu3-18application3-18,read> 1.497838901199335E-4
<1689,chair0,transcript0-5,read> 6.408109287109743E-4
<1690,admissions4-0,application0-2,setStatus> 6.777265442372917E-5
<1691,admissions0-1,stu0-4application0-4,setStatus> 1.6680124366058068E-4
<1692,admissions4-0,application0-3,setStatus> 6.945702829963822E-5
<1693,stu5-7,stu5-7application5-7,checkStatus> 1.0651263886491312E-4
<1694,fac4-0,gradebook4-1,assignGrade> 4.5708223481226624E-4
<1695,admissions4-0,stu1-11application1-11,setStatus> 1.766954983991807E-4
<1696,registrar4-1,transcript4-10,read> 4.1084974673066214E-4
<1697,admissions2-1,stu0-19application0-19,setStatus> 1.0659120283559763E-4
<1698,admissions0-1,stu1-12application1-12,setStatus> 1.5562454676231873E-4
<1699,admissions2-0,stu4-4application4-4,read> 1.3464936482145623E-4
<1700,admissions2-0,stu1-0application1-0,setStatus> 2.053679917586604E-4
<1701,admissions0-0,application3-2,read> 1.4496142390487557E-4
<1702,admissions4-0,application4-4,setStatus> 1.6041321759872656E-4
<1703,fac3-0,gradebook3-1,readScore> 3.787670806216967E-5
<1704,admissions2-0,stu3-5application3-5,setStatus> 1.2126203604237773E-4
<1705,admissions4-1,application0-0,setStatus> 7.114121613911298E-5
<1706,admissions4-1,application0-1,setStatus> 6.887752480687737E-5
<1707,admissions4-1,application0-2,setStatus> 6.831160197381847E-5
<1708,admissions4-0,stu3-17application3-17,read> 1.401754654796794E-4
<1709,admissions4-1,application0-3,setStatus> 7.000937047299518E-5
<1710,admissions4-1,application0-4,setStatus> 6.944344763993627E-5
<1711,admissions0-1,stu2-6application2-6,read> 1.618276135408541E-4
<1712,admissions2-1,stu4-4application4-4,read> 1.3033195031816305E-4
<1713,registrar0-0,transcript5-11,read> 2.7933008813109464E-5
<1714,registrar4-1,transcript2-17,read> 4.1691469563061035E-4
<1715,registrar2-0,transcript4-19,read> 3.833421186105513E-4
<1716,admissions2-1,application5-1,read> 1.7872458104451877E-4
<1717,registrar0-1,transcript2-13,read> 3.3586381278351865E-4
<1718,admissions4-0,stu0-4application0-4,read> 1.2535297537167981E-4
<1719,registrar2-0,transcript1-3,read> 3.2584733431718384E-4
<1720,registrar2-0,roster0-5,read> 2.044789104919315E-4
<1721,admissions2-0,stu0-10application0-10,read> 1.9101706494389207E-4
<1722,admissions0-0,stu3-18application3-18,setStatus> 2.082681137325445E-4
<1723,admissions0-0,stu0-17application0-17,read> 2.163657495126167E-4
<1724,stu0-0,transcript0-0,read> 8.861501320359201E-4
<1725,admissions0-1,stu0-18application0-18,setStatus> 2.575297243641187E-4
<1726,admissions2-1,stu3-7application3-7,setStatus> 1.55113225622719E-4
<1727,stu3-12,stu3-12application3-12,checkStatus> 8.463368975219097E-4
<1728,stu0-3,transcript0-3,read> 5.340867547943236E-4
<1729,admissions2-1,stu1-14application1-14,setStatus> 1.8314817212194463E-4
<1730,fac3-0,roster3-1,read> 0.0016928155849553542
<1731,admissions0-0,stu3-6application3-6,setStatus> 2.47189540292566E-4
<1732,admissions0-0,stu2-18application2-18,read> 1.7514861847074987E-4
<1733,registrar4-1,roster0-8,read> 2.548295754087092E-4
<1734,registrar0-1,roster1-9,write> 1.522035585809964E-4
<1735,admissions2-1,stu1-0application1-0,setStatus> 1.987830461311282E-4
<1736,admissions4-1,stu4-15application4-15,read> 1.1807036707052254E-5
<1737,chair4,transcript4-0,read> 0.0012029844849691656
<1738,admissions0-0,stu4-8application4-8,read> 9.619749422154016E-5
<1739,admissions2-0,stu4-12application4-12,read> 1.5964721444097126E-4
<1740,registrar0-1,transcript4-17,read> 3.6596737872452865E-4
<1741,fac3-4,gradebook3-8,addScore> 3.443718437558708E-4
<1742,admissions4-0,application3-0,setStatus> 1.3795489925327268E-4
<1743,admissions2-0,stu0-10application0-10,setStatus> 2.1706484652715008E-4
<1744,admissions0-1,stu3-18application3-18,setStatus> 2.0756331470130068E-4
<1745,admissions0-1,stu0-17application0-17,read> 2.1563354731460449E-4
<1746,fac2-3,gradebook2-6,readScore> 5.762056756617309E-4
<1747,admissions2-0,stu1-14application1-14,setStatus> 1.892151923164604E-4
<1748,app0-0,application0-0,checkStatus> 7.561144269539832E-4
<1749,admissions0-1,stu0-1application0-1,setStatus> 2.0189278465732955E-5
<1750,admissions4-0,stu4-15application4-15,read> 1.1713884543683006E-5
<1751,registrar2-0,roster5-4,read> 1.1765585744098316E-4
<1752,admissions2-0,stu3-1application3-1,setStatus> 1.791893168006122E-4
<1753,admissions4-1,application3-4,read> 1.2336174555962326E-4
<1754,admissions4-1,application3-2,read> 1.2435776974580696E-4
<1755,registrar4-1,transcript0-11,read> 3.9265490003081733E-4
<1756,admissions4-1,application3-3,read> 1.2385975765271515E-4
<1757,registrar2-0,transcript3-16,read> 3.6452564375090375E-4
<1758,admissions0-1,stu3-0application3-0,setStatus> 9.842615675356649E-5
<1759,fac5-3,gradebook5-6,assignGrade> 1.9703165555249027E-4
<1760,registrar0-1,transcript5-0,read> 2.9271536826807096E-4
<1761,admissions4-1,stu0-4application0-4,read> 1.263498181181743E-4
<1762,admissions2-1,stu4-2application4-2,setStatus> 1.0119986697036191E-4
<1763,admissions4-1,application3-1,read> 1.218677092803478E-4
<1764,admissions4-1,application3-0,read> 1.2236572137343962E-4
<1765,fac1-4,gradebook1-9,addScore> 9.607716641653695E-5
<1766,admissions4-0,application3-2,read> 1.2337664335727988E-4
<1767,admissions4-0,application3-3,read> 1.228825603536799E-4
<1768,admissions4-0,application3-4,read> 1.223884773500799E-4
<1769,admissions4-1,stu3-2application3-2,read> 4.965595578203171E-5
<1770,admissions2-0,stu0-2application0-2,setStatus> 9.306426115405451E-6
<1771,fac2-4,gradebook2-8,assignGrade> 7.899469762647796E-4
<1772,registrar4-0,transcript5-6,read> 3.555721804804363E-4
<1773,registrar2-1,transcript0-2,read> 1.834465637012935E-4
<1774,admissions4-0,application3-0,read> 1.2140031134287994E-4
<1775,admissions4-0,stu1-0application1-0,read> 1.8217252078567823E-4
<1776,registrar0-1,transcript2-5,read> 1.9036324406863692E-4
<1777,admissions4-0,stu3-2application3-2,read> 4.926419281728195E-5
<1778,admissions4-0,stu5-16application5-16,read> 1.288115563968797E-4
<1779,fac1-2,gradebook1-4,addScore> 3.211414090476934E-4
<1780,fac1-2,gradebook1-5,addScore> 3.293587482708244E-4
<1781,chair5,transcript5-17,read> 1.2452909133100245E-4
<1782,chair5,transcript5-18,read> 1.1879262647122499E-4
<1783,chair5,transcript5-15,read> 1.4173848591033484E-4
<1784,chair5,transcript5-16,read> 1.3026555619077992E-4
<1785,chair5,transcript5-10,read> 1.8189373992877708E-4
<1786,chair5,transcript5-13,read> 1.532114156298898E-4
<1787,chair5,transcript5-14,read> 1.474749507701123E-4
<1788,admissions4-0,stu0-14application0-14,setStatus> 1.3177886170827286E-4
<1789,chair5,transcript5-11,read> 1.5894788048966726E-4
<1790,chair5,transcript5-12,read> 1.7042081020922215E-4
<1791,admissions4-1,stu5-16application5-16,read> 1.2983590276981715E-4
<1792,registrar2-0,roster1-9,read> 2.18020120600795E-4
<1793,admissions0-1,application4-2,read> 1.6240617196852883E-4
<1794,fac1-3,gradebook1-7,addScore> 3.4869764900183684E-4
<1795,admissions4-1,stu4-3application4-3,read> 1.9457747487175572E-4
<1796,registrar4-1,transcript5-0,read> 3.5383922707114845E-4
<1797,admissions4-1,stu0-14application0-14,setStatus> 1.3282680494253345E-4
<1798,admissions0-1,stu0-17application0-17,setStatus> 2.450381219484142E-4
<1799,admissions0-1,stu0-3application0-3,read> 9.066492693686164E-5
<1800,stu5-11,gradebook5-6,readMyScores> 2.8619597649574793E-5
<1801,app0-2,application0-2,checkStatus> 7.260402700980077E-4
<1802,stu5-11,gradebook5-7,readMyScores> 2.095189809225998E-5
<1803,stu5-11,gradebook5-8,readMyScores> 2.8465788855372337E-5
<1804,stu5-11,gradebook5-3,readMyScores> 2.0724242227548177E-5
<1805,admissions4-1,stu0-3application0-3,setStatus> 8.868482396393898E-5
<1806,admissions2-0,stu3-18application3-18,read> 1.5474567529988992E-4
<1807,admissions2-0,stu5-15application5-15,read> 3.95595054844776E-5
<1808,stu5-13,gradebook5-1,readMyScores> 3.386299263067848E-5
<1809,admissions4-0,stu3-11application3-11,read> 1.2189439434647993E-4
<1810,registrar2-1,roster3-3,write> 9.584106493619087E-5
<1811,stu5-12,gradebook5-9,readMyScores> 1.6353423104389958E-5
<1812,admissions0-1,stu1-10application1-10,setStatus> 1.424754915878929E-4
<1813,registrar2-1,roster3-5,write> 9.70048319781684E-5
<1814,registrar2-1,roster3-6,write> 9.758671549915717E-5
<1815,admissions2-1,stu1-15application1-15,setStatus> 1.5026102334400685E-4
<1816,stu5-12,gradebook5-5,readMyScores> 1.555616497865256E-5
<1817,registrar0-0,transcript2-16,read> 3.4347099708991895E-4
<1818,stu5-12,gradebook5-2,readMyScores> 2.39225405290099E-5
<1819,admissions4-0,stu1-14application1-14,read> 1.6784411368127858E-4
<1820,registrar2-1,roster3-1,write> 9.351353085223582E-5
<1821,stu5-12,gradebook5-3,readMyScores> 2.0899130347611872E-5
<1822,registrar2-1,roster3-2,write> 9.23497638102583E-5
<1823,registrar2-0,transcript0-14,read> 3.4257308974798155E-4
<1824,registrar0-0,transcript4-4,read> 2.0838444619824967E-4
<1825,registrar4-1,roster4-7,read> 1.3190135949445807E-4
<1826,admissions4-0,stu0-4application0-4,setStatus> 1.4244656292236344E-4
<1827,registrar0-0,transcript2-3,read> 1.972952517220679E-4
<1828,admissions4-1,stu0-14application0-14,read> 1.1688758834942943E-4
<1829,registrar2-1,roster3-7,write> 9.816859902014593E-5
<1830,registrar2-1,roster3-8,write> 9.87504825411347E-5
<1831,registrar2-0,roster3-1,read> 1.2801090046540817E-4
<1832,registrar2-1,roster3-9,write> 9.933236606212346E-5
<1833,admissions4-0,stu4-7application4-7,read> 3.6912117727282304E-5
<1834,admissions0-0,stu3-17application3-17,setStatus> 1.871581874627023E-4
<1835,registrar2-0,roster3-1,write> 9.309883670211504E-5
<1836,registrar2-0,transcript4-14,read> 3.802060394672766E-4
<1837,stu3-11,stu3-11application3-11,checkStatus> 0.0014839090228685897
<1838,registrar2-0,roster3-4,write> 9.367813980837659E-5
<1839,registrar2-0,roster3-5,write> 9.657465533968428E-5
<1840,registrar2-0,roster3-2,write> 9.194023048959196E-5
<1841,admissions2-1,stu0-13application0-13,read> 1.5642601590590388E-4
<1842,registrar2-0,roster3-8,write> 9.83125646584689E-5
<1843,registrar2-0,roster3-9,write> 9.889186776473045E-5
<1844,admissions0-1,application4-3,read> 1.6587752253457722E-4
<1845,admissions0-1,stu2-7application2-7,read> 1.0686456291175424E-4
<1846,registrar2-0,roster3-6,write> 9.715395844594581E-5
<1847,registrar4-1,transcript2-4,read> 2.361792184121521E-4
<1848,admissions4-1,stu0-4application0-4,setStatus> 1.4357933877065263E-4
<1849,admissions4-0,stu0-14application0-14,read> 1.159653983032801E-4
<1850,admissions0-1,stu5-19application5-19,setStatus> 4.1227766744814237E-5
<1851,admissions4-0,stu5-8application5-8,setStatus> 2.1487463958645237E-4
<1852,registrar2-1,roster3-4,read> 1.2938119476318383E-4
<1853,registrar0-0,roster4-2,read> 1.3881240899628295E-4
<1854,admissions4-0,stu5-18application5-18,setStatus> 1.278486559978184E-4
<1855,admissions0-0,stu1-8application1-8,read> 1.484445617393995E-4
<1856,admissions0-0,stu2-14application2-14,read> 6.310768479356254E-5
<1857,admissions0-1,stu0-6application0-6,read> 6.405123926382383E-5
<1858,admissions4-1,stu4-7application4-7,read> 3.720565345473584E-5
<1859,stu5-10,gradebook5-6,readMyScores> 2.789505087363619E-5
<1860,admissions2-0,stu0-13application0-13,read> 1.616078300974038E-4
<1861,stu2-17,stu2-17application2-17,checkStatus> 0.0012854195876191514
<1862,stu5-10,gradebook5-5,readMyScores> 1.5035456527484272E-5
<1863,admissions0-0,stu0-3application0-3,read> 9.097278746975421E-5
<1864,admissions0-0,stu2-7application2-7,read> 1.0722743069753269E-4
<1865,stu5-10,gradebook5-9,readMyScores> 1.5806028188761842E-5
<1866,registrar2-0,transcript0-15,read> 3.4152773003355666E-4
<1867,admissions4-1,stu5-8application5-8,setStatus> 2.1658338423525118E-4
<1868,admissions4-1,stu5-18application5-18,setStatus> 1.2886534511112114E-4
<1869,registrar2-0,transcript5-3,read> 3.059854997431113E-4
<1870,registrar0-0,transcript5-2,read> 2.960898934189603E-4
<1871,admissions2-0,stu4-7application4-7,read> 3.661858199982877E-5
<1872,admissions4-0,stu5-1application5-1,setStatus> 3.408517690554829E-5
<1873,stu5-15,gradebook5-9,readMyScores> 1.6900818020018077E-5
<1874,stu5-11,stu5-11application5-11,checkStatus> 0.0012794047562479562
<1875,admissions2-0,application1-0,read> 1.9463195006043956E-5
<1876,stu5-14,stu5-14application5-14,checkStatus> 3.892097133110825E-4
<1877,stu5-15,gradebook5-8,readMyScores> 2.9666876992729827E-5
<1878,stu5-15,gradebook5-6,readMyScores> 2.9827175609472464E-5
<1879,admissions2-0,stu5-15application5-15,setStatus> 4.495398350508818E-5
<1880,admissions2-0,application1-3,read> 2.1913964576584643E-5
<1881,stu2-16,gradebook2-9,addScore> 2.097401972944656E-4
<1882,admissions0-0,stu0-6application0-6,read> 6.426873073840387E-5
<1883,admissions2-0,application1-4,read> 1.4071501950854447E-5
<1884,admissions2-0,application1-1,read> 2.044350283426023E-5
<1885,admissions2-0,application1-2,read> 2.1423810662476507E-5
<1886,stu5-16,gradebook5-3,readMyScores> 2.1423794707802967E-5
<1887,admissions0-1,stu2-14application2-14,read> 6.289412240847436E-5
<1888,admissions2-1,stu3-8application3-8,setStatus> 1.7074809963190255E-4
<1889,admissions4-0,stu3-14application3-14,read> 1.1497723229608012E-4
<1890,admissions2-1,stu4-7application4-7,read> 3.544443909001462E-5
<1891,admissions0-1,stu5-4application5-4,read> 7.215105725127013E-5
<1892,registrar0-1,roster1-8,read> 2.085152839100098E-4
<1893,stu5-16,gradebook5-6,readMyScores> 2.9585660017492932E-5
<1894,admissions2-1,application1-1,read> 1.9787999737370124E-5
<1895,admissions2-1,application1-0,read> 1.8839124625088637E-5
<1896,registrar0-0,transcript4-12,read> 3.636331688647949E-4
<1897,admissions0-1,stu3-18application3-18,read> 1.826557169371446E-4
<1898,admissions2-1,application5-2,read> 1.7967345615680028E-4
<1899,stu5-16,gradebook5-8,readMyScores> 2.942665936525833E-5
<1900,admissions2-1,application1-2,read> 2.0736874849651607E-5
<1901,stu5-17,gradebook5-3,readMyScores> 2.124890658773927E-5
<1902,admissions2-1,application1-3,read> 2.121131240579235E-5
<1903,registrar2-0,transcript5-6,read> 3.1121229831523563E-4
<1904,admissions2-1,application1-4,read> 1.3620311507540476E-5
<1905,stu5-16,stu5-16application5-16,checkStatus> 0.0015681166620653208
<1906,admissions2-1,stu2-5application2-5,setStatus> 1.4594795465181832E-4
<1907,stu5-17,gradebook5-1,readMyScores> 3.531633995388357E-5
<1908,stu5-17,gradebook5-2,readMyScores> 2.432291777635735E-5
<1909,admissions4-0,stu3-8application3-8,setStatus> 1.7781841431645338E-4
<1910,admissions0-1,stu4-14application4-14,read> 1.814986000817951E-4
<1911,admissions4-1,stu3-14application3-14,read> 1.1589156416324577E-4
<1912,registrar4-0,transcript0-19,read> 3.794594648234187E-4
<1913,stu3-3,gradebook3-5,readMyScores> 6.01553441957414E-5
<1914,admissions4-1,stu3-5application3-5,read> 1.0842138276686823E-4
<1915,admissions2-1,stu0-10application0-10,setStatus> 2.1010485144812324E-4
<1916,admissions0-0,stu4-14application4-14,setStatus> 2.0694874334067933E-4
<1917,admissions0-1,stu1-16application1-16,setStatus> 1.4576275538149937E-4
<1918,registrar0-0,roster1-8,read> 2.0948287223441822E-4
<1919,registrar0-0,roster1-7,read> 2.0871471502530807E-4
<1920,admissions4-0,stu0-7application0-7,read> 1.0657782123488033E-4
<1921,chair3,transcript3-9,read> 3.884064748807658E-4
<1922,stu5-13,gradebook5-8,readMyScores> 2.7985353600429343E-5
<1923,chair0,transcript0-6,read> 6.293379989914194E-4
<1924,registrar0-0,roster1-9,read> 2.102510294435284E-4
<1925,chair3,transcript3-6,read> 4.572440531980954E-4
<1926,registrar0-1,roster1-4,read> 2.0010458338254726E-4
<1927,admissions2-0,stu2-5application2-5,setStatus> 1.507826695057088E-4
<1928,chair3,transcript3-7,read> 4.515075883383179E-4
<1929,registrar0-1,roster1-5,read> 2.0392762907684838E-4
<1930,stu4-16,stu4-16application4-16,checkStatus> 0.0018087099169131246
<1931,admissions2-1,stu2-16application2-16,setStatus> 1.1036513794126264E-4
<1932,chair3,transcript3-2,read> 4.3429819375898554E-4
<1933,stu5-14,gradebook5-3,readMyScores> 2.0549354107484477E-5
<1934,admissions0-0,stu2-8application2-8,read> 2.2855673193345057E-4
<1935,registrar0-1,roster1-1,read> 2.0545684735456888E-4
<1936,admissions4-1,stu3-11application3-11,read> 1.2286373346653145E-4
<1937,chair3,transcript3-1,read> 4.113523343198757E-4
<1938,registrar0-1,roster1-3,read> 2.0086919252140748E-4
<1939,admissions4-0,stu0-3application0-3,setStatus> 8.798514093463768E-5
<1940,admissions2-1,stu5-15application5-15,setStatus> 4.351257321233986E-5
<1941,stu5-14,gradebook5-7,readMyScores> 2.0775088825658627E-5
<1942,registrar2-0,roster5-1,write> 1.023676864022997E-4
<1943,stu5-14,gradebook5-6,readMyScores> 2.8378082057595255E-5
<1944,stu4-17,gradebook4-8,addScore> 2.0281404082298372E-4
<1945,admissions4-1,stu5-1application5-1,setStatus> 3.4356231990284263E-5
<1946,registrar0-0,roster1-5,read> 2.0487392897975722E-4
<1947,registrar0-0,roster1-6,read> 2.0333761456153688E-4
<1948,admissions0-1,stu0-0application0-0,read> 1.3984239328921415E-4
<1949,registrar0-0,roster1-4,read> 2.0103314293420642E-4
<1950,registrar0-0,roster1-2,read> 2.056420861888674E-4
<1951,admissions0-1,stu0-7application0-7,setStatus> 1.4181803882917164E-4
<1952,registrar2-1,transcript3-10,read> 3.7349947873072803E-4
<1953,fac0-4,gradebook0-8,addScore> 7.94942006473761E-5
<1954,admissions4-1,stu2-12application2-12,setStatus> 5.982275947793492E-5
<1955,admissions2-0,stu2-12application2-12,setStatus> 5.8878810610432986E-5
<1956,stu5-16,gradebook5-7,addScore> 1.3333610271147746E-4
<1957,registrar2-1,roster3-8,read> 1.357819134940602E-4
<1958,registrar0-1,roster1-1,write> 1.4942316171241373E-4
<1959,admissions0-1,application5-1,setStatus> 2.4766793298329937E-4
<1960,admissions0-0,stu0-15application0-15,setStatus> 1.5549329805793902E-4
<1961,registrar0-1,roster1-5,write> 1.4831100296498065E-4
<1962,registrar0-1,roster1-6,write> 1.471988442175476E-4
<1963,admissions0-0,stu0-10application0-10,setStatus> 2.570848182315545E-4
<1964,registrar4-0,roster1-1,write> 1.7785169827950868E-4
<1965,registrar4-0,transcript0-6,read> 1.310317076564015E-4
<1966,registrar0-1,roster1-3,write> 1.4608668547011453E-4
<1967,registrar0-1,roster1-4,write> 1.45530606096398E-4
<1968,registrar4-0,transcript4-14,read> 4.344002188122782E-4
<1969,registrar2-1,roster3-1,read> 1.2858110492182425E-4
<1970,admissions4-0,stu0-13application0-13,read> 1.6290328364527878E-4
<1971,registrar0-1,roster1-7,write> 1.5109139983356332E-4
<1972,admissions2-1,stu0-18application0-18,setStatus> 2.1118311862117033E-4
<1973,registrar2-1,roster1-7,write> 1.5810260168198855E-4
<1974,registrar0-0,roster3-7,read> 1.2959452248696094E-4
<1975,admissions4-0,stu0-17application0-17,setStatus> 2.0926006000008884E-4
<1976,fac1-2,gradebook1-5,assignGrade> 2.9481067335416605E-4
<1977,admissions0-1,stu5-12application5-12,read> 9.992186177965741E-5
<1978,admissions4-1,application2-4,setStatus> 6.548198780852395E-5
<1979,registrar2-1,roster3-3,read> 1.3178146428726245E-4
<1980,registrar0-0,transcript0-13,read> 3.3137369402499333E-4
<1981,admissions2-0,stu0-15application0-15,read> 1.1553336217123889E-4
<1982,registrar0-1,roster1-8,write> 1.5164747920727988E-4
<1983,registrar2-1,roster3-5,read> 1.3338164396998155E-4
<1984,registrar2-1,roster3-6,read> 1.341817338113411E-4
<1985,registrar2-0,roster3-8,read> 1.3517977640539473E-4
<1986,registrar0-0,transcript1-13,read> 3.8014094700547465E-5
<1987,registrar2-0,roster3-7,read> 1.343832346342851E-4
<1988,registrar2-0,roster3-9,read> 1.3597631817650435E-4
<1989,admissions0-1,stu4-5application4-5,setStatus> 1.0171342054717293E-4
<1990,stu2-12,gradebook2-7,readScore> 3.031807955256001E-4
<1991,admissions0-0,stu0-0application0-0,read> 1.403172401255103E-4
<1992,fac2-1,gradebook2-3,addScore> 6.27629564441768E-4
<1993,stu0-15,gradebook0-7,readMyScores> 1.9805616177100463E-5
<1994,admissions0-1,stu0-15application0-15,setStatus> 1.5496709400359744E-4
<1995,admissions4-0,stu1-19application1-19,setStatus> 4.980599974736604E-5
<1996,registrar2-0,roster3-2,read> 1.2641781692318893E-4
<1997,admissions0-0,stu5-12application5-12,read> 1.0026115502848477E-4
<1998,admissions0-1,stu4-14application4-14,setStatus> 2.0624840918385807E-4
<1999,admissions4-1,stu2-11application2-11,read> 6.808240322642961E-5
<2000,registrar2-0,roster3-5,read> 1.3279015109206587E-4
<2001,registrar2-0,roster3-6,read> 1.335866928631755E-4
<2002,registrar2-0,roster3-3,read> 1.3119706754984663E-4
<2003,registrar2-0,roster3-4,read> 1.2880744223651782E-4
<2004,stu1-15,gradebook1-9,addScore> 7.037090115458726E-5
<2005,fac5-3,gradebook5-7,changeScore> 5.458635025715538E-4
<2006,admissions0-0,stu1-19application1-19,read> 5.149722534514936E-5
<2007,admissions2-1,stu2-18application2-18,read> 1.431417643339631E-4
<2008,registrar4-0,transcript5-0,read> 3.4840599517754154E-4
<2009,registrar0-1,transcript0-1,read> 1.7230110450403087E-4
<2010,registrar4-0,transcript5-1,read> 3.4482290252609417E-4
<2011,admissions2-0,stu2-18application2-18,read> 1.4788352050237595E-4
<2012,admissions0-1,stu1-19application1-19,read> 5.132295385497965E-5
<2013,admissions4-1,stu3-8application3-8,setStatus> 1.7923247725336355E-4
<2014,stu5-18,gradebook5-2,readMyScores> 2.4122729152683623E-5
<2015,stu0-6,transcript0-6,read> 5.440040330264812E-4
<2016,registrar4-0,transcript5-3,read> 3.4960035939469064E-4
<2017,registrar2-1,transcript4-10,read> 3.556492049434331E-4
<2018,admissions0-1,stu1-6application1-6,read> 2.9337733603339707E-5
<2019,admissions4-1,stu4-4application4-4,setStatus> 1.5546371826488957E-4
<2020,stu5-18,gradebook5-5,readMyScores> 1.568634209144463E-5
<2021,stu5-18,gradebook5-8,readMyScores> 2.8946224110315338E-5
<2022,stu3-8,transcript3-8,read> 3.406998292672493E-4
<2023,stu5-18,gradebook5-9,readMyScores> 1.6490271833296988E-5
<2024,admissions0-0,stu0-4application0-4,read> 1.472835157945582E-4
<2025,registrar0-1,transcript0-18,read> 3.1980857761498E-4
<2026,admissions2-0,stu1-8application1-8,read> 1.2533644045340162E-4
<2027,registrar4-1,transcript5-1,read> 3.5020025773117944E-4
<2028,fac0-2,gradebook0-5,addScore> 1.939526616332868E-4
<2029,registrar4-1,transcript5-2,read> 3.5626520663112777E-4
<2030,admissions4-1,stu0-5application0-5,read> 1.6071265254151093E-4
<2031,admissions2-0,stu4-2application4-2,setStatus> 1.0455224351596396E-4
<2032,stu0-2,stu0-2application0-2,checkStatus> 1.0049780749371802E-4
<2033,stu3-5,transcript3-5,read> 3.803689421958799E-4
<2034,stu5-19,gradebook5-2,readMyScores> 2.4923483647378516E-5
<2035,stu5-19,gradebook5-3,readMyScores> 2.177357094793036E-5
<2036,stu5-19,gradebook5-6,readMyScores> 3.0068691201451995E-5
<2037,registrar4-1,transcript5-7,read> 3.5990417597109666E-4
<2038,registrar4-1,transcript5-9,read> 3.62330155531076E-4
<2039,stu5-1,gradebook5-3,readMyScores> 4.625790775684804E-5
<2040,stu3-13,gradebook3-9,readMyScores> 3.0150577852709792E-5
<2041,registrar2-0,transcript4-17,read> 3.8125139918170157E-4
<2042,stu1-14,gradebook1-9,addScore> 6.972824452303852E-5
<2043,stu5-1,gradebook5-1,readMyScores> 7.688207339754901E-5
<2044,admissions0-1,stu0-12application0-12,read> 5.826565498707647E-5
<2045,admissions4-0,stu0-1application0-1,setStatus> 1.724143814645785E-5
<2046,stu3-14,gradebook3-4,readMyScores> 4.136041082728009E-5
<2047,stu3-14,gradebook3-6,readMyScores> 1.8649614702897742E-5
<2048,registrar4-1,transcript4-13,read> 4.363225321104448E-4
<2049,admissions4-0,stu4-15application4-15,setStatus> 1.3311232436003416E-5
<2050,stu3-14,gradebook3-3,readMyScores> 4.7512569127190025E-5
<2051,admissions0-1,stu4-12application4-12,setStatus> 2.1413784228851355E-4
<2052,stu5-0,gradebook5-2,readMyScores> 5.355045683272091E-5
<2053,stu5-0,gradebook5-5,readMyScores> 3.482237767187916E-5
<2054,admissions0-1,stu1-19application1-19,setStatus> 5.832153847156779E-5
<2055,stu5-0,gradebook5-7,readMyScores> 4.7296478815861135E-5
<2056,registrar2-1,transcript5-18,read> 2.1744083510503905E-5
<2057,admissions4-1,stu4-6application4-6,read> 5.8620173457684744E-5
<2058,stu3-15,gradebook3-6,readMyScores> 1.8328990954423856E-5
<2059,stu3-15,gradebook3-5,readMyScores> 3.842324592018492E-5
<2060,stu3-15,gradebook3-4,readMyScores> 4.064934359242713E-5
<2061,stu3-15,gradebook3-2,readMyScores> 2.4860867540571657E-5
<2062,stu0-4,transcript0-4,read> 5.291281156782448E-4
<2063,stu4-2,gradebook4-2,addScore> 3.066902274371029E-4
<2064,registrar4-1,transcript3-10,read> 4.314705729904862E-4
<2065,admissions0-1,stu3-16application3-16,read> 4.033034372915967E-5
<2066,admissions0-0,stu1-9application1-9,read> 1.7630966441559118E-4
<2067,admissions4-0,stu2-17application2-17,setStatus> 1.1998824457690951E-4
<2068,registrar4-1,roster1-5,read> 2.465111247077448E-4
<2069,admissions2-0,stu1-17application1-17,setStatus> 6.66767137894261E-5
<2070,admissions4-0,stu0-9application0-9,setStatus> 1.2279553437009126E-4
<2071,stu3-16,gradebook3-9,readMyScores> 2.9976799306008296E-5
<2072,stu2-17,gradebook2-4,readMyScores> 1.5586412954221785E-4
<2073,stu3-16,gradebook3-8,readMyScores> 2.1509397660996377E-5
<2074,fac4-3,gradebook4-6,assignGrade> 4.758058765189702E-4
<2075,registrar4-1,roster3-1,write> 1.080278261064631E-4
<2076,admissions2-0,stu2-18application2-18,setStatus> 1.680494551163363E-4
<2077,registrar4-1,roster3-2,write> 1.0668343003357999E-4
<2078,admissions2-0,stu2-16application2-16,read> 1.0033859083388664E-4
<2079,admissions0-0,stu3-16application3-16,read> 4.046728886915682E-5
<2080,registrar4-1,roster3-3,write> 1.1071661825222936E-4
<2081,registrar4-1,roster3-4,write> 1.0870002414290469E-4
<2082,registrar4-1,roster3-5,write> 1.120610143251125E-4
<2083,admissions4-0,stu1-18application1-18,setStatus> 1.25602824163273E-4
<2084,registrar4-1,roster3-6,write> 1.1273321236155406E-4
<2085,registrar4-1,roster3-7,write> 1.1340541039799563E-4
<2086,chair0,transcript0-9,read> 6.694932530098616E-4
<2087,registrar4-1,roster3-8,write> 1.1407760843443719E-4
<2088,registrar0-1,transcript4-19,read> 3.67974283120596E-4
<2089,registrar4-1,roster3-9,write> 1.1474980647087875E-4
<2090,admissions4-1,stu2-17application2-17,setStatus> 1.2094242544829647E-4
<2091,stu3-17,gradebook3-6,readMyScores> 1.907711303419626E-5
<2092,stu0-9,transcript0-9,read> 5.78714506839033E-4
<2093,stu3-17,gradebook3-8,readMyScores> 2.2257550623117987E-5
<2094,fac1-4,gradebook1-9,assignGrade> 2.7608703164746216E-4
<2095,stu3-17,gradebook3-7,readMyScores> 3.3373517684159626E-5
<2096,stu1-10,gradebook1-2,addScore> 1.424930891413594E-4
<2097,admissions0-0,stu5-13application5-13,read> 2.169462724850374E-4
<2098,stu3-10,gradebook3-2,readMyScores> 2.3846138253201386E-5
<2099,admissions4-1,stu2-10application2-10,setStatus> 1.3735418760700468E-4
<2100,admissions4-1,stu4-10application4-10,setStatus> 3.3224386324166456E-5
<2101,admissions0-1,stu1-13application1-13,read> 1.3926383486153945E-4
<2102,stu3-10,gradebook3-7,readMyScores> 3.0755986885402E-5
<2103,admissions2-0,stu4-10application4-10,setStatus> 3.270013565238474E-5
<2104,registrar4-0,transcript2-13,read> 3.9976365651495376E-4
<2105,admissions2-1,stu4-13application4-13,read> 1.697102674778447E-4
<2106,admissions0-0,stu2-10application2-10,setStatus> 1.60111094429467E-4
<2107,stu3-11,gradebook3-4,readMyScores> 3.8516141887868264E-5
<2108,admissions0-1,stu2-12application2-12,read> 6.115844712545015E-5
<2109,stu3-11,gradebook3-2,readMyScores> 2.3556215599667025E-5
<2110,admissions2-1,stu1-17application1-17,setStatus> 6.453878308675912E-5
<2111,registrar4-1,transcript3-17,read> 4.2055366497057947E-4
<2112,admissions2-1,stu3-10application3-10,read> 4.825425310581466E-5
<2113,admissions4-1,stu0-9application0-9,setStatus> 1.23772039613591E-4
<2114,stu1-7,stu1-7application1-7,checkStatus> 3.711652191974972E-4
<2115,admissions0-0,application1-1,setStatus> 2.7514370047020852E-5
<2116,admissions0-0,application1-2,setStatus> 2.8833740438885986E-5
<2117,admissions0-0,stu5-8application5-8,setStatus> 2.5246702186002657E-4
<2118,admissions0-1,application5-4,setStatus> 2.5227010229434836E-4
<2119,admissions0-0,application1-3,setStatus> 2.9493425634818556E-5
<2120,admissions0-0,application1-4,setStatus> 1.893846249989747E-5
<2121,registrar4-0,roster4-3,read> 1.653691234719784E-4
<2122,admissions0-1,stu2-10application2-10,setStatus> 1.5956926331464648E-4
<2123,stu3-11,gradebook3-8,readMyScores> 2.0262476057460352E-5
<2124,registrar4-0,roster4-1,read> 1.6354896343376355E-4
<2125,admissions4-1,stu4-12application4-12,setStatus> 1.8432578275089364E-4
<2126,registrar0-0,transcript5-0,read> 2.940736762414727E-4
<2127,registrar4-0,roster4-5,read> 1.2532560263125173E-4
<2128,registrar4-0,roster4-4,read> 1.271457626694666E-4
<2129,stu3-12,gradebook3-3,readMyScores> 4.370067246369053E-5
<2130,admissions0-0,stu2-12application2-12,read> 6.136611587630056E-5
<2131,admissions4-0,stu4-6application4-6,read> 5.81576868820817E-5
<2132,admissions4-0,stu4-13application4-13,setStatus> 2.0083819062054366E-4
<2133,admissions2-0,stu2-6application2-6,setStatus> 1.557956072636329E-4
<2134,admissions0-0,application1-0,setStatus> 2.619499965515572E-5
<2135,fac5-0,gradebook5-1,changeScore> 5.575137685223917E-4
<2136,registrar4-0,transcript2-11,read> 3.973749280806555E-4
<2137,admissions0-1,application1-4,setStatus> 1.8874372948290376E-5
<2138,admissions0-1,application1-2,setStatus> 2.8736164329109728E-5
<2139,registrar4-1,roster1-4,write> 1.7591982778706117E-4
<2140,admissions2-0,stu5-16application5-16,read> 1.277872100239423E-4
<2141,admissions0-1,application1-3,setStatus> 2.9393617087831017E-5
<2142,admissions2-0,stu0-11application0-11,read> 1.6454875358205262E-4
<2143,stu3-12,gradebook3-8,readMyScores> 2.0013091736753146E-5
<2144,registrar4-1,roster4-1,read> 1.6609943459842264E-4
<2145,registrar4-1,roster4-4,read> 1.2912854259413661E-4
<2146,admissions4-1,stu1-1application1-1,read> 1.9557349905793933E-4
<2147,registrar4-1,roster4-3,read> 1.6794797919863694E-4
<2148,registrar4-1,roster4-6,read> 1.3467417639477953E-4
<2149,registrar4-1,roster4-5,read> 1.2727999799392234E-4
<2150,registrar4-0,roster4-8,read> 1.1986512251660716E-4
<2151,registrar4-0,roster4-9,read> 1.1713488245928488E-4
<2152,stu2-2,gradebook2-1,readMyScores> 1.6598983868075954E-4
<2153,registrar0-1,transcript0-13,read> 3.2984309959531666E-4
<2154,admissions0-1,stu2-5application2-5,read> 1.566205876917815E-4
<2155,admissions4-0,stu3-6application3-6,setStatus> 2.1038297591736158E-4
<2156,stu3-13,gradebook3-6,readMyScores> 1.8542740120073114E-5
<2157,admissions4-0,stu2-10application2-10,setStatus> 1.3627052537736362E-4
<2158,admissions2-0,stu0-3application0-3,setStatus> 8.72854579053364E-5
<2159,fac3-2,gradebook3-4,changeScore> 5.225629706698778E-4
<2160,admissions4-1,stu4-13application4-13,setStatus> 2.0243531340877863E-4
<2161,admissions0-1,application1-1,setStatus> 2.7421258811667146E-5
<2162,admissions0-1,application1-0,setStatus> 2.610635329422456E-5
<2163,admissions4-1,stu0-1application0-1,setStatus> 1.737854699851716E-5
<2164,registrar2-0,transcript4-15,read> 3.78115320038427E-4
<2165,registrar4-0,transcript2-15,read> 4.033467491664011E-4
<2166,admissions4-0,stu0-6application0-6,read> 5.46991058568818E-5
<2167,admissions4-1,stu3-6application3-6,setStatus> 2.1205600157077995E-4
<2168,admissions0-1,stu0-0application0-0,setStatus> 1.589118105559252E-4
<2169,admissions2-0,stu4-0application4-0,read> 5.818535422058681E-5
<2170,admissions2-1,stu5-16application5-16,setStatus> 1.405566187865826E-4
<2171,stu1-16,gradebook1-5,readScore> 9.090418975467714E-5
<2172,admissions2-0,stu4-19application4-19,setStatus> 7.057566537892265E-5
<2173,stu1-17,gradebook1-4,readScore> 8.943831213620862E-5
<2174,admissions0-0,stu4-9application4-9,setStatus> 1.581320388416693E-4
<2175,admissions4-0,stu5-13application5-13,setStatus> 2.098215179587252E-4
<2176,admissions4-0,stu1-1application1-1,read> 1.9403051287207788E-4
<2177,registrar2-0,transcript1-17,read> 3.523733370707147E-5
<2178,admissions0-1,stu1-8application1-8,setStatus> 1.6811614917802323E-4
<2179,registrar4-1,transcript2-13,read> 4.059977876107035E-4
<2180,registrar2-1,transcript4-11,read> 3.587992532588381E-4
<2181,admissions2-0,stu3-9application3-9,read> 8.0242280355453E-5
<2182,registrar4-1,transcript2-11,read> 4.035718080507242E-4
<2183,stu5-9,gradebook5-4,readMyScores> 9.012010875073425E-5
<2184,registrar2-1,transcript4-12,read> 3.78749559256403E-4
<2185,stu5-9,gradebook5-7,readMyScores> 4.994861781488138E-5
<2186,registrar0-0,transcript2-10,read> 3.3439801979122467E-4
<2187,admissions2-1,stu5-3application5-3,read> 1.3792295121641492E-4
<2188,admissions0-0,application2-3,read> 6.601029965566585E-5
<2189,registrar2-1,transcript4-19,read> 3.85049655887213E-4
<2190,registrar2-1,transcript4-16,read> 3.8399963978207806E-4
<2191,registrar0-1,transcript1-7,read> 3.0877060343660964E-4
<2192,stu1-12,gradebook1-9,readMyScores> 5.484411596541755E-5
<2193,registrar4-1,transcript2-16,read> 4.1327572629064146E-4
<2194,registrar4-1,transcript2-18,read> 4.193406751905897E-4
<2195,stu1-15,gradebook1-9,readScore> 2.5926121478005832E-5
<2196,admissions2-1,stu4-19application4-19,setStatus> 6.831271819242413E-5
<2197,fac3-1,gradebook3-3,assignGrade> 1.8246882311394284E-4
<2198,registrar2-1,roster1-6,write> 1.540294170350672E-4
<2199,admissions4-0,stu3-5application3-5,setStatus> 1.222340764114549E-4
<2200,admissions2-0,stu5-16application5-16,setStatus> 1.4521273866357083E-4
<2201,admissions4-0,application5-2,setStatus> 2.1262880775190697E-4
<2202,registrar2-1,transcript4-1,read> 2.2124714348615342E-4
<2203,admissions2-0,stu5-11application5-11,read> 1.0425982214675171E-4
<2204,admissions2-1,stu0-2application0-2,setStatus> 9.008023674831327E-6
<2205,registrar4-0,roster2-4,read> 1.2350544259303686E-4
<2206,admissions4-0,application4-3,read> 1.4165771449047934E-4
<2207,admissions0-1,stu4-9application4-9,setStatus> 1.5759690503848258E-4
<2208,admissions0-0,stu2-3application2-3,read> 7.413762126955509E-5
<2209,stu1-12,gradebook1-2,readMyScores> 5.065847786286719E-5
<2210,fac3-3,gradebook3-7,changeScore> 4.8761217281736394E-4
<2211,registrar0-0,roster3-2,read> 1.2191295039585928E-4
<2212,stu5-8,gradebook5-1,readMyScores> 8.269546269036933E-5
<2213,stu5-8,gradebook5-2,readMyScores> 5.695366343517419E-5
<2214,stu5-8,gradebook5-5,readMyScores> 3.703538858934437E-5
<2215,stu2-4,stu2-4application2-4,checkStatus> 3.8319488193988744E-4
<2216,admissions4-1,stu1-3application1-3,read> 1.378040962592865E-4
<2217,registrar0-1,transcript1-2,read> 3.1178096003071064E-4
<2218,registrar4-1,transcript4-19,read> 4.448134605703725E-4
<2219,registrar0-1,transcript1-1,read> 2.646187067231283E-4
<2220,stu2-13,gradebook2-9,addScore> 2.033261239827083E-4
<2221,stu1-14,gradebook1-9,readScore> 2.5689353245329978E-5
<2222,registrar0-1,transcript1-9,read> 3.067636990405423E-4
<2223,admissions4-0,stu0-17application0-17,read> 1.8414885280007817E-4
<2224,admissions0-0,stu1-13application1-13,read> 1.3973671715308966E-4
<2225,registrar0-1,transcript1-4,read> 3.097740556346433E-4
<2226,registrar2-1,transcript3-15,read> 3.671993820999181E-4
<2227,stu5-7,gradebook5-9,readMyScores> 3.701758116935133E-5
<2228,registrar0-1,transcript1-5,read> 3.1077750783267693E-4
<2229,registrar2-1,roster1-4,write> 1.5228376647210095E-4
<2230,admissions0-0,stu1-1application1-1,setStatus> 2.590638738193522E-4
<2231,stu5-7,gradebook5-5,readMyScores> 3.5212909010255374E-5
<2232,stu5-7,gradebook5-7,readMyScores> 4.7826906615665184E-5
<2233,admissions4-0,stu1-16application1-16,read> 1.0954231925648026E-4
<2234,registrar0-0,transcript1-0,read> 2.678628529341339E-4
<2235,registrar2-0,roster0-8,read> 2.1961320414301425E-4
<2236,admissions0-0,stu0-0application0-0,setStatus> 1.5945140923353442E-4
<2237,admissions2-1,stu4-0application4-0,read> 5.6319691560207274E-5
<2238,registrar0-0,transcript1-8,read> 3.071790878951421E-4
<2239,registrar0-0,transcript1-9,read> 3.0818719648388593E-4
<2240,registrar0-0,transcript1-7,read> 3.1020341366137354E-4
<2241,registrar0-0,transcript1-4,read> 3.1121152225011727E-4
<2242,registrar0-0,transcript1-2,read> 3.1322773942760494E-4
<2243,stu5-6,gradebook5-5,readMyScores> 3.560344034863159E-5
<2244,registrar2-0,transcript0-18,read> 3.3316485231815783E-4
<2245,registrar4-0,roster1-4,read> 2.3817552500057248E-4
<2246,admissions2-0,stu5-3application5-3,read> 1.4249182744718644E-4
<2247,stu5-6,gradebook5-3,readMyScores> 4.783190083742132E-5
<2248,stu5-6,gradebook5-4,readMyScores> 8.724902564009139E-5
<2249,admissions4-1,stu3-15application3-15,read> 1.4029415672474566E-4
<2250,registrar2-0,transcript4-10,read> 3.5407204660665504E-4
<2251,stu5-6,gradebook5-1,readMyScores> 7.949809857931816E-5
<2252,registrar2-0,transcript4-11,read> 3.572081257499297E-4
<2253,registrar2-0,transcript4-12,read> 3.770699603240021E-4
<2254,stu4-14,stu4-14application4-14,checkStatus> 0.0018869027247386608
<2255,registrar2-0,transcript4-13,read> 3.760246006095772E-4
<2256,registrar4-0,roster0-4,write> 1.705710581266493E-4
<2257,admissions4-0,stu3-16application3-16,setStatus> 3.913829853327542E-5
<2258,stu1-19,gradebook1-1,addScore> 1.2428617857047398E-4
<2259,stu3-18,gradebook3-4,readMyScores> 4.2545522885368345E-5
<2260,registrar2-0,transcript0-6,read> 1.1468467200336116E-4
<2261,stu3-18,gradebook3-5,readMyScores> 4.021558392229267E-5
<2262,admissions2-0,stu0-16application0-16,read> 1.1700382391356332E-4
<2263,admissions2-1,stu5-5application5-5,setStatus> 9.473026393207906E-5
<2264,registrar2-1,transcript0-8,read> 1.1834556518292368E-4
<2265,stu3-18,gradebook3-2,readMyScores> 2.6020558154709116E-5
<2266,registrar2-1,transcript0-9,read> 1.2254562960346366E-4
<2267,registrar2-1,transcript0-7,read> 1.2044559739319367E-4
<2268,stu4-12,gradebook4-4,addScore> 1.5900718832391047E-4
<2269,registrar2-1,transcript0-1,read> 1.8029651538588846E-4
<2270,registrar2-1,transcript0-5,read> 1.1729554907778868E-4
<2271,registrar4-0,roster1-6,read> 2.409057650578947E-4
<2272,registrar4-0,roster3-9,write> 1.1298781328130673E-4
<2273,registrar2-1,transcript0-4,read> 1.1204546855211371E-4
<2274,stu5-5,gradebook5-2,readMyScores> 5.535215444578442E-5
<2275,registrar2-1,roster0-4,read> 2.0618981953370057E-4
<2276,stu5-2,gradebook5-6,readMyScores> 6.315632730264818E-5
<2277,admissions0-1,stu5-2application5-2,setStatus> 1.871822791809407E-4
<2278,registrar4-0,transcript2-5,read> 2.2658084502833118E-4
<2279,registrar2-1,transcript0-3,read> 1.130954846572487E-4
<2280,admissions4-0,stu5-15application5-15,read> 3.9876615748882216E-5
<2281,stu5-5,gradebook5-7,readMyScores> 4.888776221527329E-5
<2282,registrar4-0,roster3-5,write> 1.1034030777117602E-4
<2283,registrar4-0,roster3-4,write> 1.0703092588351269E-4
<2284,stu5-5,gradebook5-9,readMyScores> 3.783867354279351E-5
<2285,registrar2-1,roster0-9,write> 1.6159390280792114E-4
<2286,registrar4-0,roster3-7,write> 1.1166406052624136E-4
<2287,registrar4-0,roster3-6,write> 1.110021841487087E-4
<2288,stu0-10,gradebook0-8,addScore> 1.1852384428652104E-4
<2289,registrar4-0,transcript2-0,read> 2.791328705828925E-4
<2290,registrar4-0,roster3-1,write> 1.0636904950597999E-4
<2291,registrar4-0,roster3-3,write> 1.0901655501611068E-4
<2292,stu3-19,gradebook3-9,readMyScores> 3.067191349281428E-5
<2293,stu1-11,gradebook1-7,readScore> 9.126819556542848E-5
<2294,stu3-19,gradebook3-6,readMyScores> 1.8863363868547003E-5
<2295,stu3-19,gradebook3-8,readMyScores> 2.2008166302410783E-5
<2296,stu3-16,gradebook3-4,addScore> 1.0969579101074832E-4
<2297,admissions4-0,stu1-3application1-3,read> 1.3671688445447951E-4
<2298,registrar2-0,transcript1-10,read> 4.778165028016984E-5
<2299,admissions4-0,application5-3,read> 1.8810151682887804E-4
<2300,fac0-1,gradebook0-3,addScore> 9.187624284288272E-5
<2301,registrar2-0,transcript0-5,read> 1.167753914322109E-4
<2302,registrar2-0,transcript0-7,read> 1.1991147057548549E-4
<2303,registrar2-0,transcript0-9,read> 1.220021900043352E-4
<2304,stu4-13,gradebook4-4,addScore> 1.577502145031681E-4
<2305,registrar2-0,transcript0-2,read> 1.8263305344097734E-4
<2306,registrar2-1,transcript0-10,read> 3.409489794715431E-4
<2307,registrar2-0,transcript0-3,read> 1.1259395257451144E-4
<2308,stu5-4,gradebook5-6,readMyScores> 6.75036079582798E-5
<2309,stu5-4,gradebook5-5,readMyScores> 3.6384503025384024E-5
<2310,stu1-10,gradebook1-2,readScore> 5.249745389418504E-5
<2311,admissions0-0,application1-3,read> 2.5954214558640327E-5
<2312,admissions0-0,application1-4,read> 1.666584699990977E-5
<2313,admissions0-0,application1-1,read> 2.4212645641378348E-5
<2314,admissions0-0,application1-2,read> 2.5373691586219667E-5
<2315,admissions0-0,application1-0,read> 2.305159969653703E-5
<2316,admissions4-0,stu5-4application5-4,setStatus> 7.001848625827455E-5
<2317,admissions0-1,stu2-11application2-11,read> 7.909375838336695E-5
<2318,admissions0-0,stu3-14application3-14,setStatus> 1.5351424247014134E-4
<2319,admissions4-1,stu4-11application4-11,setStatus> 2.0073754490960188E-4
<2320,stu5-3,gradebook5-3,readMyScores> 4.503369091640215E-5
<2321,stu5-3,gradebook5-2,readMyScores> 5.154857059598368E-5
<2322,registrar0-0,transcript4-18,read> 3.706899289860015E-4
<2323,admissions4-1,stu3-12application3-12,read> 7.007445159879695E-5
<2324,admissions2-1,stu5-11application5-11,read> 1.0091682183743703E-4
<2325,stu1-16,gradebook1-5,addScore> 2.4673994361983797E-4
<2326,admissions2-1,stu3-9application3-9,setStatus> 8.826066089379623E-5
<2327,admissions4-1,stu2-8application2-8,read> 1.9607151115103122E-4
<2328,admissions0-0,stu4-9application4-9,read> 1.3915619418066897E-4
<2329,registrar0-0,transcript4-1,read> 2.124168805532249E-4
<2330,stu5-3,gradebook5-4,readMyScores> 8.214487788783742E-5
<2331,registrar4-0,transcript3-14,read> 4.1887348398933976E-4
<2332,registrar2-1,transcript2-15,read> 3.545991888382981E-4
<2333,admissions0-1,application1-4,read> 1.660944819449553E-5
<2334,admissions0-1,application1-0,read> 2.2973590898917614E-5
<2335,registrar0-0,transcript4-15,read> 3.646412774535388E-4
<2336,admissions0-1,application1-1,read> 2.4130707754267086E-5
<2337,admissions4-1,stu0-10application0-10,read> 1.9407946277866388E-4
<2338,admissions0-1,application1-2,read> 2.528782460961656E-5
<2339,registrar0-0,transcript3-1,read> 7.228978671783667E-5
<2340,registrar2-1,transcript2-17,read> 3.60899285469108E-4
<2341,admissions4-1,stu0-6application0-6,read> 5.51340888060419E-5
<2342,admissions2-1,stu4-1application4-1,setStatus> 1.9554824461198684E-4
<2343,registrar4-0,roster0-5,write> 1.6990918174911661E-4
<2344,admissions0-1,application1-3,read> 2.5866383037291293E-5
<2345,admissions2-1,stu5-0application5-0,read> 1.1562438607780005E-4
<2346,admissions0-0,stu2-11application2-11,read> 7.936232802134102E-5
<2347,admissions2-1,stu2-9application2-9,read> 1.692358299217039E-4
<2348,admissions4-0,stu4-11application4-11,setStatus> 1.991538167446346E-4
<2349,admissions2-1,stu0-16application0-16,read> 1.1325219829709635E-4
<2350,admissions4-1,stu5-15application5-15,read> 4.019372601328685E-5
<2351,admissions0-0,stu0-12application0-12,read> 5.8463501014197265E-5
<2352,stu5-12,stu5-12application5-12,checkStatus> 0.0010388115014001525
<2353,admissions0-0,stu1-8application1-8,setStatus> 1.6868700197659038E-4
<2354,admissions4-0,stu3-12application3-12,read> 6.952159596488138E-5
<2355,stu1-17,gradebook1-4,addScore> 2.4276113294113773E-4
<2356,admissions2-0,stu3-18application3-18,setStatus> 1.7584735829532947E-4
<2357,stu5-2,gradebook5-9,readMyScores> 3.578594260918807E-5
<2358,registrar2-1,transcript1-1,read> 2.768979970583083E-4
<2359,admissions2-0,stu1-17application1-17,read> 5.8675508134694955E-5
<2360,stu5-2,gradebook5-5,readMyScores> 3.404131499512673E-5
<2361,registrar4-0,roster2-5,write> 8.916026369013049E-5
<2362,stu5-2,gradebook5-3,readMyScores> 4.573324339665694E-5
<2363,admissions4-0,stu5-15application5-15,setStatus> 4.531433607827525E-5
<2364,registrar4-1,transcript1-3,read> 3.780990226709416E-4
<2365,admissions4-0,stu3-19application3-19,read> 1.4956304254807915E-4
<2366,admissions2-1,stu4-18application4-18,setStatus> 1.062542443440204E-5
<2367,admissions2-1,stu3-3application3-3,read> 1.7635239326381502E-4
<2368,registrar4-1,transcript1-0,read> 3.223014927914174E-4
<2369,stu4-7,gradebook4-5,readMyScores> 8.997970700404617E-5
<2370,registrar4-1,transcript1-2,read> 3.7688603289095184E-4
<2371,admissions2-1,stu4-5application4-5,read> 7.339944358127399E-5
<2372,registrar0-1,roster5-6,read> 1.1599757810792142E-4
<2373,registrar4-1,transcript1-8,read> 3.6960809421101394E-4
<2374,admissions2-0,application2-1,read> 5.083304550896475E-5
<2375,registrar4-1,transcript1-7,read> 3.7324706355098294E-4
<2376,admissions2-1,application3-1,setStatus> 1.3193048140220547E-4
<2377,admissions2-0,application2-0,read> 5.034289159485661E-5
<2378,stu2-9,gradebook2-9,readMyScores> 2.670953255580678E-4
<2379,registrar0-1,roster3-9,write> 9.492738308819336E-5
<2380,admissions4-1,stu5-4application5-4,read> 6.21062581093276E-5
<2381,stu5-9,gradebook5-3,readScore> 5.2901498094833364E-5
<2382,admissions2-0,application2-3,read> 5.573458465004613E-5
<2383,admissions4-1,stu5-4application5-4,setStatus> 7.05752933060541E-5
<2384,admissions2-0,application2-2,read> 5.132319942307289E-5
<2385,admissions4-0,stu0-10application0-10,setStatus> 2.1880484529690679E-4
<2386,registrar2-0,transcript3-15,read> 3.6557100346532864E-4
<2387,registrar4-0,transcript1-5,read> 3.699045510862257E-4
<2388,admissions4-1,stu3-7application3-7,read> 1.432822292832967E-4
<2389,admissions2-1,application2-0,read> 4.87286906619554E-5
<2390,admissions4-1,stu5-5application5-5,setStatus> 9.943735779205814E-5
<2391,registrar4-0,transcript1-9,read> 3.651270942176292E-4
<2392,admissions2-1,application2-4,read> 5.489637889178505E-5
<2393,admissions2-1,application2-3,read> 5.394750377950357E-5
<2394,registrar4-0,transcript1-7,read> 3.675158226519275E-4
<2395,admissions2-1,application2-2,read> 4.967756577423689E-5
<2396,registrar0-0,transcript4-6,read> 2.104006633757373E-4
<2397,registrar4-0,transcript1-6,read> 3.663214584347784E-4
<2398,admissions2-1,application2-1,read> 4.9203128218096144E-5
<2399,admissions4-0,stu5-17application5-17,read> 1.2436480936447983E-4
<2400,admissions2-1,stu5-17application5-17,read> 1.1941988652692598E-4
<2401,fac1-1,gradebook1-3,assignGrade> 3.23936338231261E-4
<2402,admissions0-1,stu3-14application3-14,setStatus> 1.5299473572743359E-4
<2403,admissions4-1,application5-0,read> 1.8710729347537814E-4
<2404,admissions0-1,stu0-19application0-19,setStatus> 1.299838891721884E-4
<2405,admissions4-1,stu3-9application3-9,read> 8.152872973990915E-5
<2406,admissions4-0,stu0-13application0-13,setStatus> 1.851173677787259E-4
<2407,stu3-8,gradebook3-7,readMyScores> 4.963960193358196E-5
<2408,admissions4-0,stu5-5application5-5,setStatus> 9.865284214872829E-5
<2409,admissions4-0,stu2-13application2-13,read> 1.0015474218808053E-4
<2410,admissions0-0,stu5-0application5-0,setStatus> 1.6077077962539955E-4
<2411,admissions4-1,stu3-17application3-17,read> 1.4129018091092936E-4
<2412,registrar2-0,transcript5-7,read> 3.1016693860081075E-4
<2413,admissions0-0,stu2-8application2-8,setStatus> 2.5972355901528475E-4
<2414,admissions0-0,stu0-19application0-19,setStatus> 1.3042526061250143E-4
<2415,admissions2-0,stu2-19application2-19,read> 1.1357274651480633E-4
<2416,admissions4-1,stu0-13application0-13,setStatus> 1.8658947408312925E-4
<2417,registrar0-0,transcript0-11,read> 3.2633315108127433E-4
<2418,admissions0-1,stu5-16application5-16,setStatus> 1.714034129716297E-4
<2419,stu3-9,gradebook3-8,readMyScores> 3.273169209282057E-5
<2420,admissions2-0,stu4-18application4-18,setStatus> 1.0977405368046827E-5
<2421,stu3-9,gradebook3-4,readMyScores> 6.221838304963337E-5
<2422,admissions4-1,stu2-13application2-13,read> 1.0095120137049072E-4
<2423,admissions4-0,stu5-4application5-4,read> 6.16162679072816E-5
<2424,stu3-6,gradebook3-2,readMyScores> 3.747250296931647E-5
<2425,stu2-18,gradebook2-2,readScore> 1.5928112507862974E-4
<2426,admissions4-1,application4-0,read> 1.3431801160764364E-4
<2427,admissions0-1,stu1-5application1-5,setStatus> 1.4116058607045035E-4
<2428,stu3-6,gradebook3-6,readMyScores> 2.762707966016657E-5
<2429,registrar0-0,transcript2-9,read> 2.0031957748829928E-4
<2430,stu3-6,gradebook3-3,readMyScores> 7.038394910818693E-5
<2431,registrar4-1,transcript5-12,read> 3.603590471385928E-5
<2432,stu1-6,gradebook1-2,readScore> 1.0846390253908715E-4
<2433,registrar4-1,transcript5-13,read> 3.239693537389032E-5
<2434,admissions2-1,stu5-10application5-10,read> 1.701847050339854E-4
<2435,registrar4-1,transcript5-10,read> 3.846188427383859E-5
<2436,admissions2-1,application5-3,setStatus> 2.0525264916941108E-4
<2437,registrar0-0,transcript2-7,read> 1.9326281736709266E-4
<2438,registrar4-1,transcript5-11,read> 3.3609925153879974E-5
<2439,registrar4-1,transcript5-16,read> 2.7544976253931705E-5
<2440,registrar4-1,transcript5-17,read> 2.6331986473942056E-5
<2441,registrar0-0,transcript2-4,read> 1.962871431333241E-4
<2442,registrar4-1,transcript5-14,read> 3.118394559390067E-5
<2443,registrar4-1,transcript5-15,read> 2.9970955813911017E-5
<2444,registrar4-0,transcript5-19,read> 2.2344563895831472E-5
<2445,stu3-3,transcript3-3,read> 3.6549302484764347E-4
<2446,registrar4-0,transcript5-18,read> 2.4733292330129716E-5
<2447,registrar0-0,transcript0-5,read> 1.1261413026758868E-4
<2448,registrar4-0,transcript5-17,read> 2.5927656547278835E-5
<2449,admissions4-1,application4-3,read> 1.4278421719020483E-4
<2450,admissions4-1,application4-4,read> 1.42286205097113E-4
<2451,stu4-3,gradebook4-8,readMyScores> 1.8904569573633352E-4
<2452,stu2-17,gradebook2-8,readScore> 3.075903017457047E-4
<2453,admissions4-1,application4-1,read> 1.407921688178375E-4
<2454,admissions4-1,stu4-9application4-9,read> 1.193776488148886E-4
<2455,admissions4-1,application4-2,read> 1.3979614463165385E-4
<2456,admissions0-1,stu2-17application2-17,setStatus> 1.4050313331172905E-4
<2457,admissions4-1,stu1-11application1-11,setStatus> 1.7810063158724574E-4
<2458,stu3-7,gradebook3-5,readMyScores> 5.701875269205284E-5
<2459,stu3-7,gradebook3-6,readMyScores> 2.7199581328868054E-5
<2460,registrar0-1,transcript2-9,read> 1.9939431385093993E-4
<2461,stu3-7,gradebook3-9,readMyScores> 4.4226640135531076E-5
<2462,admissions2-1,stu3-11application3-11,setStatus> 1.3300874857525262E-4
<2463,registrar0-1,transcript2-8,read> 1.913666962666706E-4
<2464,chair1,transcript1-15,read> 2.0483959936788695E-4
<2465,registrar4-0,transcript5-10,read> 3.787129871877005E-5
<2466,stu3-7,gradebook3-8,readMyScores> 3.1734154809991755E-5
<2467,registrar0-1,transcript2-7,read> 1.9237014846470424E-4
<2468,registrar4-0,transcript5-11,read> 3.3093841850173566E-5
<2469,admissions2-0,stu5-10application5-10,read> 1.758222936065398E-4
<2470,registrar0-1,transcript2-6,read> 1.8935979187060327E-4
<2471,registrar4-0,transcript5-12,read> 3.54825702844718E-5
<2472,stu4-2,gradebook4-7,readMyScores> 1.0315350804075467E-4
<2473,fac1-0,gradebook1-1,assignGrade> 3.1353431506086994E-4
<2474,registrar4-0,transcript5-13,read> 3.189947763302444E-5
<2475,registrar4-0,transcript5-14,read> 3.070511341587532E-5
<2476,stu2-11,gradebook2-4,readMyScores> 1.652819017199954E-4
<2477,registrar4-0,transcript5-15,read> 2.95107491987262E-5
<2478,registrar0-1,transcript2-2,read> 1.933736006627379E-4
<2479,registrar4-0,transcript5-16,read> 2.7122020764427957E-5
<2480,registrar0-1,transcript2-0,read> 2.3451514078211828E-4
<2481,admissions4-1,stu3-19application3-19,setStatus> 1.713095575905389E-4
<2482,registrar0-1,transcript2-1,read> 1.9437705286077156E-4
<2483,admissions2-1,stu1-4application1-4,read> 1.8441783171820766E-4
<2484,stu2-10,gradebook2-9,readMyScores> 2.030382025120216E-4
<2485,admissions4-0,application4-0,read> 1.332583034292796E-4
<2486,registrar2-0,roster2-3,read> 1.0411464733211966E-4
<2487,admissions4-0,stu4-9application4-9,read> 1.1843581332128001E-4
<2488,admissions4-0,application4-1,read> 1.396813824760794E-4
<2489,admissions4-0,application4-2,read> 1.3869321646887945E-4
<2490,registrar4-0,transcript2-1,read> 2.3135830189692763E-4
<2491,registrar4-1,transcript3-16,read> 4.229796445305587E-4
<2492,registrar2-0,roster0-7,write> 1.4987054111574602E-4
<2493,registrar4-0,transcript2-4,read> 2.325526661140768E-4
<2494,admissions0-0,stu2-16application2-16,read> 1.1883789014594587E-4
<2495,stu3-4,gradebook3-2,readMyScores> 4.022676817789292E-5
<2496,registrar2-0,roster0-6,write> 1.5044984422200755E-4
<2497,registrar4-0,transcript2-3,read> 2.337470303312259E-4
<2498,registrar2-0,roster0-5,write> 1.4871193490322292E-4
<2499,registrar2-0,roster0-4,write> 1.4929123800948445E-4
<2500,registrar2-0,roster0-3,write> 1.4639472247817675E-4
<2501,admissions2-1,stu0-10application0-10,read> 1.8489226927434843E-4
<2502,stu3-4,gradebook3-8,readMyScores> 3.460207449812461E-5
<2503,stu3-4,gradebook3-7,readMyScores> 5.1883199761088494E-5
<2504,stu3-4,gradebook3-6,readMyScores> 2.9657696733834524E-5
<2505,admissions4-0,stu3-19application3-19,setStatus> 1.6995800289554448E-4
<2506,admissions0-0,stu0-13application0-13,read> 1.9140326169852834E-4
<2507,stu5-11,transcript5-11,read> 1.3739562550801746E-4
<2508,registrar4-0,transcript2-9,read> 2.3733012298267326E-4
<2509,registrar4-0,transcript2-6,read> 2.2538648081118207E-4
<2510,registrar4-0,transcript2-7,read> 2.2896957346262942E-4
<2511,registrar4-0,transcript2-8,read> 2.277752092454803E-4
<2512,registrar4-1,transcript2-5,read> 2.301142695122038E-4
<2513,admissions2-0,stu4-12application4-12,setStatus> 1.8141728913746735E-4
<2514,registrar4-1,transcript2-3,read> 2.373922081921417E-4
<2515,registrar4-1,transcript2-2,read> 2.3375323885217275E-4
<2516,admissions2-0,stu5-18application5-18,setStatus> 1.2683196688451567E-4
<2517,admissions2-0,application3-3,setStatus> 1.3852882165300533E-4
<2518,stu3-5,gradebook3-7,readMyScores> 5.132230030421186E-5
<2519,stu3-5,gradebook3-9,readMyScores> 4.770221106956103E-5
<2520,stu3-5,gradebook3-8,readMyScores> 3.42279980170638E-5
<2521,registrar4-1,transcript2-6,read> 2.2890127973221417E-4
<2522,stu2-16,gradebook2-9,readScore> 7.727270426638206E-5
<2523,registrar4-1,transcript2-7,read> 2.325402490721831E-4
<2524,registrar4-1,transcript3-18,read> 4.1812768541060004E-4
<2525,admissions2-1,stu3-12application3-12,read> 6.675731779530362E-5
<2526,admissions0-0,stu4-16application4-16,setStatus> 1.9837283579355594E-4
<2527,admissions2-0,stu4-5application4-5,read> 7.583089512847976E-5
<2528,fac0-3,gradebook0-6,changeScore> 2.720822527268616E-4
<2529,registrar0-1,transcript0-5,read> 1.120939726220109E-4
<2530,admissions2-0,application2-0,setStatus> 5.7207831357791605E-5
<2531,admissions2-0,application2-1,setStatus> 5.7764824442005406E-5
<2532,stu5-9,stu5-9application5-9,checkStatus> 3.110169054855463E-4
<2533,admissions0-0,stu5-11application5-11,read> 1.2348207392531114E-4
<2534,stu2-13,gradebook2-9,readScore> 7.490962462520831E-5
<2535,admissions0-0,stu3-8application3-8,read> 1.838564630570598E-4
<2536,stu3-2,gradebook3-3,readMyScores> 7.392356743857932E-5
<2537,admissions0-1,stu5-6application5-6,setStatus> 3.9255408468650366E-5
<2538,admissions4-1,stu3-3application3-3,read> 1.851152451030108E-4
<2539,admissions0-1,stu3-3application3-3,setStatus> 2.4438066918969285E-4
<2540,admissions2-1,application2-0,setStatus> 5.5373512115858414E-5
<2541,stu2-14,gradebook2-7,readMyScores> 7.937353347612282E-5
<2542,stu3-2,gradebook3-9,readMyScores> 4.718087542945653E-5
<2543,admissions2-0,application2-4,setStatus> 6.444874145257092E-5
<2544,admissions0-1,stu5-0application5-0,setStatus> 1.6022671607336778E-4
<2545,admissions2-0,application2-3,setStatus> 6.333475528414333E-5
<2546,admissions2-0,application2-2,setStatus> 5.83218175262192E-5
<2547,registrar0-1,roster0-1,read> 1.9169388285508466E-4
<2548,admissions0-0,stu2-9application2-9,read> 2.0707738195388615E-4
<2549,stu2-14,gradebook2-1,readMyScores> 1.060017244963372E-4
<2550,registrar2-1,roster0-1,write> 1.4588304774122452E-4
<2551,admissions2-1,application2-1,setStatus> 5.591264570238198E-5
<2552,admissions2-1,application2-2,setStatus> 5.6451779288905554E-5
<2553,stu1-5,gradebook1-9,readScore> 5.504861409713566E-5
<2554,registrar4-1,roster4-9,read> 1.1896154729295794E-4
<2555,admissions4-1,stu0-16application0-16,setStatus> 1.3509049627476906E-4
<2556,admissions2-0,stu4-16application4-16,setStatus> 1.6749246203212254E-4
<2557,admissions0-0,stu5-6application5-6,setStatus> 3.9388703573807074E-5
<2558,fac2-1,gradebook2-2,assignGrade> 7.691429299239975E-4
<2559,stu3-3,gradebook3-4,readMyScores> 6.364051751933928E-5
<2560,chair1,transcript1-17,read> 1.9336666964833203E-4
<2561,admissions2-0,stu2-9application2-9,read> 1.748419857783235E-4
<2562,admissions0-0,stu5-17application5-17,setStatus> 1.660482611928601E-4
<2563,stu3-3,gradebook3-8,readMyScores> 3.347984505494219E-5
<2564,registrar2-1,roster0-4,write> 1.499562323881459E-4
<2565,fac4-2,gradebook4-4,assignGrade> 4.695646626167355E-4
<2566,admissions2-1,application2-4,setStatus> 6.238224874066484E-5
<2567,admissions0-1,stu2-9application2-9,read> 2.063766124718087E-4
<2568,admissions2-1,application2-3,setStatus> 6.130398156761769E-5
<2569,registrar2-1,roster0-3,write> 1.4704681478320205E-4
<2570,stu2-15,gradebook2-2,readMyScores> 3.3188234587802607E-4
<2571,fac2-4,gradebook2-9,assignGrade> 7.857861669966231E-4
<2572,stu3-3,gradebook3-2,readMyScores> 3.892211623698828E-5
<2573,registrar2-1,roster0-8,write> 1.604301357659436E-4
<2574,stu2-15,gradebook2-1,readMyScores> 1.0668340761206927E-4
<2575,admissions0-0,stu4-12application4-12,read> 1.890811698088457E-4
<2576,registrar2-1,roster0-6,write> 1.5111999943012342E-4
<2577,registrar2-1,roster0-7,write> 1.5053811590913464E-4
<2578,admissions2-1,application3-2,setStatus> 1.346261493348233E-4
<2579,admissions4-0,stu3-13application3-13,setStatus> 1.3346323558418186E-4
<2580,admissions2-1,stu2-9application2-9,setStatus> 1.9231344309284537E-4
<2581,stu2-11,gradebook2-7,readMyScores> 8.958234807112254E-5
<2582,admissions2-0,stu1-4application1-4,read> 1.9052691102978392E-4
<2583,admissions0-0,stu2-15application2-15,setStatus> 4.664524072906533E-5
<2584,admissions2-0,stu1-10application1-10,setStatus> 1.2070504295816395E-4
<2585,fac1-2,gradebook1-4,assignGrade> 2.885694594519314E-4
<2586,stu0-0,gradebook0-6,readMyScores> 4.1224190647596855E-5
<2587,admissions4-0,application0-3,read> 6.112218490368163E-5
<2588,stu2-12,gradebook2-4,readMyScores> 1.4832991179999585E-4
<2589,stu3-0,gradebook3-6,readMyScores> 3.029894423078229E-5
<2590,stu2-12,gradebook2-1,readMyScores> 1.0736509072780134E-4
<2591,stu3-0,gradebook3-1,readMyScores> 1.6289744301599984E-4
<2592,stu3-0,gradebook3-2,readMyScores> 4.1096536138496006E-5
<2593,admissions0-0,stu3-3application3-3,setStatus> 2.4521048470476823E-4
<2594,admissions2-1,stu5-12application5-12,read> 8.193931959180735E-5
<2595,admissions4-1,stu1-15application1-15,setStatus> 1.5772740959712518E-4
<2596,admissions2-0,stu3-8application3-8,setStatus> 1.7640435137954323E-4

