<0,stu3-15,stu3-15application3-15,checkStatus> null
<1,stu1-4,transcript1-4,read> null
<2,stu1-12,stu1-12application1-12,checkStatus> null
<3,fac0-4,gradebook0-9,changeScore> null
<4,fac0-3,roster0-7,read> null
<5,admissions0-1,application5-4,read> null
<6,registrar2-0,roster0-4,write> null
<7,admissions0-0,stu3-17application3-17,read> null
<8,stu5-4,transcript5-4,read> null
<9,stu2-8,gradebook2-4,readMyScores> null
<10,registrar2-1,transcript4-11,read> null
<11,registrar4-0,transcript2-2,read> null
<12,stu1-1,transcript1-1,read> null
<13,stu4-16,stu4-16application4-16,checkStatus> null
<14,registrar4-0,transcript2-10,read> null
<15,registrar2-0,transcript0-11,read> null
<16,stu2-5,stu2-5application2-5,checkStatus> null
<17,stu2-8,stu2-8application2-8,checkStatus> null
<18,registrar2-1,transcript4-16,read> null
<19,admissions2-1,stu5-10application5-10,setStatus> null
<20,registrar0-0,transcript2-17,read> null
<21,stu4-4,stu4-4application4-4,checkStatus> null
<22,stu4-11,gradebook4-2,addScore> null
<23,stu4-16,transcript4-16,read> null
<24,registrar4-1,transcript3-3,read> null
<25,stu2-19,stu2-19application2-19,checkStatus> null
<26,stu3-3,stu3-3application3-3,checkStatus> null
<27,stu4-7,stu4-7application4-7,checkStatus> null
<28,fac5-4,roster5-9,read> null
<29,fac3-0,roster3-1,read> null
<30,registrar2-1,roster1-1,read> null
<31,registrar4-0,transcript3-4,read> null
<32,registrar4-1,transcript5-3,read> null
<33,fac0-2,roster0-4,read> null
<34,stu5-2,stu5-2application5-2,checkStatus> null
<35,fac3-4,gradebook3-8,changeScore> null
<36,registrar0-1,roster4-6,write> null
<37,stu5-13,stu5-13application5-13,checkStatus> null
<38,registrar0-0,transcript5-9,read> null
<39,registrar4-0,transcript3-9,read> null
<40,stu5-5,gradebook5-2,addScore> null
<41,stu4-12,transcript4-12,read> null
<42,registrar4-0,roster4-4,read> null
<43,chair2,transcript2-12,read> null
<44,stu1-1,stu1-1application1-1,checkStatus> null
<45,stu2-16,transcript2-16,read> null
<46,stu4-11,transcript4-11,read> null
<47,registrar0-1,roster1-8,read> null
<48,registrar2-1,transcript0-15,read> null
<49,stu0-11,stu0-11application0-11,checkStatus> null
<50,registrar4-1,transcript3-8,read> null
<51,admissions0-0,stu3-19application3-19,read> null
<52,fac3-3,roster3-7,read> null
<53,admissions2-0,application2-2,read> null
<54,admissions2-0,stu4-4application4-4,setStatus> null
<55,admissions0-0,stu2-6application2-6,read> null
<56,fac3-1,gradebook3-2,addScore> null
<57,app0-1,application0-1,checkStatus> null
<58,fac2-1,gradebook2-3,addScore> null
<59,chair4,transcript4-10,read> null
<60,stu4-18,transcript4-18,read> null
<61,registrar2-1,transcript3-18,read> null
<62,registrar0-0,roster5-5,read> null
<63,registrar2-0,roster2-7,read> null
<64,chair0,transcript0-7,read> null
<65,stu2-18,transcript2-18,read> null
<66,fac2-4,gradebook2-8,changeScore> null
<67,registrar0-0,transcript4-2,read> null
<68,admissions0-0,application0-2,setStatus> null
<69,registrar4-0,roster0-4,write> null
<70,fac2-3,gradebook2-7,changeScore> null
<71,registrar0-0,roster4-4,read> null
<72,admissions4-0,stu3-9application3-9,setStatus> null
<73,admissions0-1,stu3-2application3-2,read> null
<74,fac4-3,gradebook4-7,changeScore> null
<75,registrar4-0,roster0-1,read> null
<76,stu4-17,transcript4-17,read> null
<77,fac4-0,gradebook4-1,assignGrade> null
<78,chair5,transcript5-4,read> null
<79,admissions0-1,application1-0,setStatus> null
<80,registrar2-1,transcript4-10,read> null
<81,registrar0-0,roster2-7,write> null
<82,chair0,transcript0-10,read> null
<83,fac1-1,roster1-3,read> null
<84,fac0-1,roster0-3,read> null
<85,registrar4-0,roster1-8,write> null
<86,stu3-1,gradebook3-9,readMyScores> null
<87,stu4-14,stu4-14application4-14,checkStatus> null
<88,stu4-6,stu4-6application4-6,checkStatus> null
<89,fac1-3,gradebook1-6,assignGrade> null
<90,admissions0-0,application4-3,read> null
<91,fac4-4,gradebook4-8,changeScore> null
<92,app5-2,application5-2,checkStatus> null
<93,chair2,transcript2-11,read> null
<94,registrar2-0,roster1-5,read> null
<95,stu4-7,gradebook4-4,addScore> null
<96,admissions4-0,application3-1,setStatus> null
<97,admissions0-0,stu2-7application2-7,read> null
<98,stu1-11,stu1-11application1-11,checkStatus> null
<99,registrar2-1,transcript4-19,read> null
<100,stu5-19,transcript5-19,read> null
<101,chair4,transcript4-4,read> null
<102,stu2-0,stu2-0application2-0,checkStatus> null
<103,admissions2-1,stu5-3application5-3,read> null
<104,registrar2-0,roster4-7,read> null
<105,registrar2-1,roster1-4,write> null
<106,registrar0-0,transcript2-14,read> null
<107,chair4,transcript4-17,read> null
<108,fac1-2,gradebook1-4,assignGrade> null
<109,stu3-12,stu3-12application3-12,checkStatus> null
<110,registrar2-0,roster3-1,write> null
<111,stu3-10,transcript3-10,read> null
<112,registrar0-0,transcript2-12,read> null
<113,stu3-2,stu3-2application3-2,checkStatus> null
<114,stu0-3,transcript0-3,read> null
<115,stu4-8,gradebook4-1,addScore> null
<116,stu5-17,stu5-17application5-17,checkStatus> null
<117,admissions2-1,stu4-8application4-8,setStatus> null
<118,fac3-3,gradebook3-7,assignGrade> null
<119,registrar4-1,transcript0-0,read> null
<120,stu2-16,gradebook2-5,readMyScores> null
<121,stu3-12,transcript3-12,read> null
<122,stu0-8,gradebook0-9,readMyScores> null
<123,stu3-13,stu3-13application3-13,checkStatus> null
<124,chair2,transcript2-0,read> null
<125,chair4,transcript4-7,read> null
<126,admissions2-1,stu1-16application1-16,setStatus> null
<127,admissions2-1,stu4-13application4-13,read> null
<128,fac2-3,roster2-7,read> null
<129,chair5,transcript5-8,read> null
<130,stu2-5,transcript2-5,read> null
<131,fac2-1,gradebook2-3,changeScore> null
<132,stu1-6,gradebook1-5,addScore> null
<133,registrar2-1,transcript2-17,read> null
<134,admissions4-0,stu1-6application1-6,read> null
<135,registrar4-1,transcript1-8,read> null
<136,registrar0-0,roster5-7,read> null
<137,fac2-0,gradebook2-1,assignGrade> null
<138,stu4-13,transcript4-13,read> null
<139,registrar4-1,roster1-6,write> null
<140,admissions0-1,stu1-13application1-13,read> null
<141,registrar2-0,transcript4-2,read> null
<142,admissions4-0,stu1-5application1-5,setStatus> null
<143,registrar2-1,transcript2-19,read> null
<144,admissions0-0,application5-0,setStatus> null
<145,stu1-5,transcript1-5,read> null
<146,fac2-0,gradebook2-1,changeScore> null
<147,registrar0-1,roster2-8,read> null
<148,stu1-6,transcript1-6,read> null
<149,chair5,transcript5-9,read> null
<150,admissions0-1,stu5-15application5-15,read> null
<151,chair0,transcript0-4,read> null
<152,registrar4-1,transcript3-13,read> null
<153,registrar2-0,roster2-5,write> null
<154,registrar4-1,transcript2-0,read> null
<155,fac0-3,roster0-6,read> null
<156,admissions0-1,stu0-8application0-8,setStatus> null
<157,registrar4-0,transcript1-9,read> null
<158,registrar4-1,roster3-5,read> null
<159,fac1-4,roster1-8,read> null
<160,registrar2-0,transcript3-12,read> null
<161,admissions2-1,stu2-13application2-13,read> null
<162,registrar4-1,transcript0-11,read> null
<163,stu4-4,transcript4-4,read> null
<164,chair0,transcript0-19,read> null
<165,registrar2-1,transcript0-18,read> null
<166,stu0-14,stu0-14application0-14,checkStatus> null
<167,stu5-9,transcript5-9,read> null
<168,admissions0-0,application2-0,setStatus> null
<169,registrar2-0,roster1-2,read> null
<170,registrar0-1,roster2-6,write> null
<171,fac4-1,gradebook4-3,addScore> null
<172,registrar0-0,roster4-2,read> null
<173,registrar0-1,roster1-4,write> null
<174,admissions4-1,stu0-7application0-7,read> null
<175,stu0-12,stu0-12application0-12,checkStatus> null
<176,stu1-9,stu1-9application1-9,checkStatus> null
<177,registrar4-1,roster1-5,read> null
<178,chair5,transcript5-1,read> null
<179,chair4,transcript4-0,read> null
<180,registrar0-1,transcript0-2,read> null
<181,chair2,transcript2-13,read> null
<182,fac2-2,gradebook2-4,changeScore> null
<183,stu2-15,gradebook2-4,addScore> null
<184,stu5-1,transcript5-1,read> null
<185,registrar2-0,transcript1-4,read> null
<186,app0-0,application0-0,checkStatus> null
<187,chair2,transcript2-6,read> null
<188,app3-4,application3-4,checkStatus> null
<189,admissions4-1,application0-3,read> null
<190,stu4-2,gradebook4-1,addScore> null
<191,registrar2-0,transcript3-15,read> null
<192,stu4-9,stu4-9application4-9,checkStatus> null
<193,stu3-17,transcript3-17,read> null
<194,admissions4-1,stu0-10application0-10,setStatus> null
<195,fac1-3,roster1-6,read> null
<196,admissions4-0,stu3-18application3-18,setStatus> null
<197,registrar0-1,transcript3-19,read> null
<198,stu2-8,transcript2-8,read> null
<199,app5-4,application5-4,checkStatus> null
<200,fac3-1,gradebook3-3,changeScore> null
<201,stu4-10,gradebook4-8,addScore> null
<202,stu4-0,stu4-0application4-0,checkStatus> null
<203,app2-2,application2-2,checkStatus> null
<204,chair4,transcript4-16,read> null
<205,registrar4-1,roster1-2,write> null
<206,stu0-5,transcript0-5,read> null
<207,admissions0-0,stu2-17application2-17,read> null
<208,stu3-1,stu3-1application3-1,checkStatus> null
<209,fac4-1,roster4-3,read> null
<210,stu3-16,stu3-16application3-16,checkStatus> null
<211,registrar2-1,transcript2-18,read> null
<212,admissions0-1,stu1-0application1-0,read> null
<213,stu2-2,gradebook2-2,readMyScores> null
<214,registrar0-1,transcript3-3,read> null
<215,admissions0-0,stu1-1application1-1,read> null
<216,chair0,transcript0-14,read> null
<217,registrar4-0,transcript5-4,read> null
<218,admissions2-0,stu1-8application1-8,read> null
<219,registrar2-1,roster1-8,read> null
<220,fac2-3,gradebook2-6,changeScore> null
<221,stu0-4,transcript0-4,read> null
<222,admissions0-1,application0-0,setStatus> null
<223,fac3-2,roster3-4,read> null
<224,registrar4-1,transcript4-19,read> null
<225,registrar0-1,transcript1-16,read> null
<226,admissions0-1,application5-0,setStatus> null
<227,stu4-19,gradebook4-2,readMyScores> null
<228,registrar0-1,transcript2-8,read> null
<229,admissions2-1,stu3-13application3-13,setStatus> null
<230,registrar4-1,transcript0-16,read> null
<231,registrar4-0,transcript0-7,read> null
<232,admissions0-1,stu1-1application1-1,setStatus> null
<233,admissions2-0,stu1-2application1-2,read> null
<234,admissions0-1,stu0-4application0-4,read> null
<235,chair3,transcript3-12,read> null
<236,admissions0-0,stu3-17application3-17,setStatus> null
<237,stu5-0,transcript5-0,read> null
<238,stu2-6,stu2-6application2-6,checkStatus> null
<239,fac1-1,roster1-2,read> null
<240,fac2-2,gradebook2-5,addScore> null
<241,chair3,transcript3-7,read> null
<242,admissions0-0,stu2-8application2-8,setStatus> null
<243,app4-2,application4-2,checkStatus> null
<244,fac2-4,gradebook2-8,assignGrade> null
<245,admissions0-0,application3-4,read> null
<246,fac0-4,roster0-9,read> null
<247,registrar4-1,roster0-9,write> null
<248,fac2-4,gradebook2-8,readScore> null
<249,stu4-11,stu4-11application4-11,checkStatus> null
<250,chair1,transcript1-6,read> null
<251,registrar2-0,transcript2-5,read> null
<252,stu0-18,stu0-18application0-18,checkStatus> null
<253,stu5-3,transcript5-3,read> null
<254,registrar0-0,transcript3-13,read> null
<255,fac4-0,roster4-1,read> null
<256,registrar2-0,roster0-9,read> null
<257,admissions4-0,stu0-4application0-4,read> null
<258,stu1-8,stu1-8application1-8,checkStatus> null
<259,app2-3,application2-3,checkStatus> null
<260,registrar2-0,roster2-1,read> null
<261,stu4-10,stu4-10application4-10,checkStatus> null
<262,stu4-19,stu4-19application4-19,checkStatus> null
<263,chair4,transcript4-5,read> null
<264,admissions4-0,stu4-4application4-4,setStatus> null
<265,stu1-8,gradebook1-4,readMyScores> null
<266,stu5-8,transcript5-8,read> null
<267,registrar4-0,roster2-7,read> null
<268,stu1-2,stu1-2application1-2,checkStatus> null
<269,fac3-4,gradebook3-8,assignGrade> null
<270,stu0-18,transcript0-18,read> null
<271,admissions0-1,stu1-4application1-4,setStatus> null
<272,stu2-1,stu2-1application2-1,checkStatus> null
<273,fac5-3,gradebook5-7,changeScore> null
<274,admissions4-0,application5-3,setStatus> null
<275,registrar0-0,transcript2-0,read> null
<276,admissions0-0,stu5-11application5-11,setStatus> null
<277,chair4,transcript4-18,read> null
<278,registrar0-1,transcript4-13,read> null
<279,fac2-0,roster2-1,read> null
<280,fac2-4,roster2-9,read> null
<281,admissions4-1,stu0-16application0-16,read> null
<282,stu3-18,gradebook3-4,readMyScores> null
<283,stu4-3,transcript4-3,read> null
<284,admissions4-0,application4-2,read> null
<285,admissions4-0,stu5-0application5-0,read> null
<286,chair1,transcript1-9,read> null
<287,registrar2-0,roster1-8,read> null
<288,chair4,transcript4-8,read> null
<289,stu3-16,transcript3-16,read> null
<290,admissions0-0,stu4-10application4-10,setStatus> null
<291,registrar2-1,transcript5-0,read> null
<292,fac1-1,gradebook1-3,changeScore> null
<293,fac4-1,roster4-2,read> null
<294,fac1-2,roster1-4,read> null
<295,fac1-3,roster1-7,read> null
<296,stu4-0,transcript4-0,read> null
<297,registrar0-0,roster0-9,write> null
<298,registrar2-0,transcript1-5,read> null
<299,admissions4-1,stu2-18application2-18,setStatus> null
<300,stu2-13,transcript2-13,read> null
<301,registrar4-1,transcript3-17,read> null
<302,admissions4-0,stu3-8application3-8,read> null
<303,admissions0-0,stu2-13application2-13,read> null
<304,registrar4-1,roster4-6,read> null
<305,fac5-1,roster5-2,read> null
<306,registrar2-0,roster0-6,write> null
<307,fac2-2,roster2-4,read> null
<308,registrar0-0,roster1-2,read> null
<309,admissions4-1,stu3-1application3-1,read> null
<310,fac0-0,gradebook0-1,addScore> null
<311,stu4-3,gradebook4-9,readScore> null
<312,registrar0-1,roster0-8,read> null
<313,registrar2-0,transcript2-10,read> null
<314,admissions4-1,stu5-18application5-18,read> null
<315,fac5-2,gradebook5-5,assignGrade> null
<316,admissions2-1,stu2-1application2-1,read> null
<317,admissions2-1,stu5-14application5-14,setStatus> null
<318,registrar2-1,roster4-6,read> null
<319,registrar2-0,transcript4-6,read> null
<320,registrar4-1,transcript3-10,read> null
<321,stu2-14,transcript2-14,read> null
<322,stu2-19,gradebook2-7,addScore> null
<323,registrar4-0,transcript5-2,read> null
<324,app4-3,application4-3,checkStatus> null
<325,registrar2-1,transcript3-17,read> null
<326,admissions2-0,application4-2,setStatus> null
<327,admissions0-1,stu1-2application1-2,read> null
<328,stu5-5,stu5-5application5-5,checkStatus> null
<329,fac2-4,roster2-8,read> null
<330,chair1,transcript1-5,read> null
<331,admissions2-0,stu0-17application0-17,read> null
<332,chair1,transcript1-14,read> null
<333,fac3-3,roster3-6,read> null
<334,stu0-15,stu0-15application0-15,checkStatus> null
<335,stu2-19,gradebook2-9,readMyScores> null
<336,stu4-8,transcript4-8,read> null
<337,fac5-3,gradebook5-6,readScore> null
<338,chair3,transcript3-14,read> null
<339,chair4,transcript4-12,read> null
<340,fac2-2,roster2-5,read> null
<341,admissions2-1,stu4-15application4-15,setStatus> null
<342,app0-4,application0-4,checkStatus> null
<343,registrar4-0,transcript5-8,read> null
<344,registrar2-0,transcript2-3,read> null
<345,fac0-4,gradebook0-9,addScore> null
<346,admissions4-0,stu3-19application3-19,read> null
<347,registrar4-0,roster0-5,read> null
<348,fac3-1,roster3-2,read> null
<349,admissions0-1,stu0-5application0-5,setStatus> null
<350,stu3-15,transcript3-15,read> null
<351,registrar4-1,transcript4-14,read> null
<352,fac4-2,gradebook4-4,changeScore> null
<353,registrar2-1,roster1-6,write> null
<354,chair4,transcript4-13,read> null
<355,registrar2-0,roster4-2,read> null
<356,registrar4-1,transcript4-11,read> null
<357,fac4-3,gradebook4-7,assignGrade> null
<358,stu0-11,transcript0-11,read> null
<359,admissions2-0,stu1-13application1-13,read> null
<360,stu5-2,transcript5-2,read> null
<361,admissions4-0,application4-0,read> null
<362,fac5-1,gradebook5-2,changeScore> null
<363,registrar2-0,transcript2-14,read> null
<364,chair0,transcript0-15,read> null
<365,admissions2-1,stu0-17application0-17,read> null
<366,registrar0-1,transcript3-10,read> null
<367,registrar0-0,transcript3-17,read> null
<368,admissions2-0,application2-3,setStatus> null
<369,admissions0-0,stu3-15application3-15,setStatus> null
<370,admissions4-1,stu4-1application4-1,setStatus> null
<371,admissions2-0,stu4-1application4-1,setStatus> null
<372,admissions4-0,stu4-5application4-5,read> null
<373,admissions2-0,stu4-13application4-13,setStatus> null
<374,chair2,transcript2-10,read> null
<375,app5-0,application5-0,checkStatus> null
<376,app0-2,application0-2,checkStatus> null
<377,stu0-9,gradebook0-9,readMyScores> null
<378,chair2,transcript2-19,read> null
<379,stu3-13,transcript3-13,read> null
<380,registrar2-0,transcript1-7,read> null
<381,registrar4-1,transcript5-2,read> null
<382,registrar0-0,roster5-4,read> null
<383,stu2-6,gradebook2-7,addScore> null
<384,registrar4-0,transcript4-9,read> null
<385,admissions0-1,stu3-1application3-1,read> null
<386,admissions0-1,stu2-1application2-1,read> null
<387,stu1-19,stu1-19application1-19,checkStatus> null
<388,admissions2-0,stu3-17application3-17,setStatus> null
<389,fac3-4,roster3-8,read> null
<390,stu2-2,gradebook2-5,readMyScores> null
<391,registrar0-0,transcript4-0,read> null
<392,stu4-15,gradebook4-4,addScore> null
<393,stu0-19,transcript0-19,read> null
<394,registrar4-0,transcript2-3,read> null
<395,stu2-11,gradebook2-2,readMyScores> null
<396,registrar0-0,roster1-1,write> null
<397,chair5,transcript5-2,read> null
<398,stu4-3,stu4-3application4-3,checkStatus> null
<399,registrar4-1,transcript0-15,read> null
<400,fac5-0,roster5-1,read> null
<401,registrar0-1,roster5-3,write> null
<402,admissions0-0,stu2-2application2-2,read> null
<403,chair0,transcript0-11,read> null
<404,stu2-8,gradebook2-3,readScore> null
<405,chair0,transcript0-17,read> null
<406,chair5,transcript5-0,read> null
<407,stu0-17,transcript0-17,read> null
<408,app3-1,application3-1,checkStatus> null
<409,registrar2-1,roster3-2,read> null
<410,fac2-1,roster2-3,read> null
<411,fac5-2,gradebook5-4,changeScore> null
<412,stu4-2,transcript4-2,read> null
<413,fac1-3,gradebook1-7,assignGrade> null
<414,app4-4,application4-4,checkStatus> null
<415,admissions4-0,stu4-0application4-0,setStatus> null
<416,registrar4-1,transcript4-5,read> null
<417,chair5,transcript5-7,read> null
<418,registrar0-0,roster1-5,write> null
<419,fac1-4,gradebook1-9,changeScore> null
<420,chair4,transcript4-14,read> null
<421,registrar0-0,roster1-4,write> null
<422,stu5-8,stu5-8application5-8,checkStatus> null
<423,fac4-3,gradebook4-6,changeScore> null
<424,chair2,transcript2-14,read> null
<425,registrar0-0,roster1-3,write> null
<426,stu2-19,transcript2-19,read> null
<427,admissions4-1,stu0-4application0-4,setStatus> null
<428,registrar4-0,transcript3-12,read> null
<429,stu4-12,stu4-12application4-12,checkStatus> null
<430,fac1-0,roster1-1,read> null
<431,registrar2-0,roster0-5,write> null
<432,fac2-1,gradebook2-2,changeScore> null
<433,stu0-10,stu0-10application0-10,checkStatus> null
<434,fac5-3,roster5-7,read> null
<435,registrar0-0,roster1-2,write> null
<436,fac3-2,gradebook3-4,changeScore> null
<437,chair4,transcript4-19,read> null
<438,chair5,transcript5-5,read> null
<439,registrar0-0,roster1-9,write> null
<440,admissions4-0,stu3-13application3-13,read> null
<441,registrar2-0,transcript1-6,read> null
<442,chair0,transcript0-13,read> null
<443,registrar2-0,transcript3-18,read> null
<444,fac0-1,roster0-2,read> null
<445,fac5-2,gradebook5-5,changeScore> null
<446,fac2-1,roster2-2,read> null
<447,chair2,transcript2-15,read> null
<448,admissions4-1,stu0-6application0-6,read> null
<449,stu1-7,gradebook1-7,addScore> null
<450,fac2-3,roster2-6,read> null
<451,registrar4-0,roster2-1,write> null
<452,registrar4-0,transcript2-11,read> null
<453,stu4-11,gradebook4-2,readScore> null
<454,fac1-2,gradebook1-4,changeScore> null
<455,registrar0-0,roster1-8,write> null
<456,registrar0-0,roster1-7,write> null
<457,stu1-0,stu1-0application1-0,checkStatus> null
<458,registrar2-1,transcript5-11,read> null
<459,stu4-17,stu4-17application4-17,checkStatus> null
<460,registrar0-1,roster5-2,read> null
<461,chair3,transcript3-15,read> null
<462,stu4-13,stu4-13application4-13,checkStatus> null
<463,registrar0-0,roster1-6,write> null
<464,admissions4-1,application5-1,read> null
<465,stu5-0,stu5-0application5-0,checkStatus> null
<466,admissions2-0,stu4-7application4-7,read> null
<467,registrar2-1,transcript3-19,read> null
<468,registrar0-0,roster3-3,write> null
<469,registrar4-0,roster0-2,write> null
<470,admissions2-1,stu0-10application0-10,read> null
<471,stu5-3,stu5-3application5-3,checkStatus> null
<472,stu2-2,gradebook2-6,readScore> null
<473,admissions2-1,stu5-3application5-3,setStatus> null
<474,stu3-14,transcript3-14,read> null
<475,admissions2-0,stu3-19application3-19,setStatus> null
<476,registrar0-1,roster1-5,read> null
<477,admissions0-0,stu1-13application1-13,setStatus> null
<478,admissions0-0,stu0-3application0-3,setStatus> null
<479,registrar2-1,transcript0-10,read> null
<480,stu2-9,stu2-9application2-9,checkStatus> null
<481,fac0-4,roster0-8,read> null
<482,admissions0-1,stu0-11application0-11,read> null
<483,admissions2-1,stu4-13application4-13,setStatus> null
<484,stu3-0,transcript3-0,read> null
<485,fac4-2,roster4-5,read> null
<486,admissions0-0,stu2-7application2-7,setStatus> null
<487,stu0-4,stu0-4application0-4,checkStatus> null
<488,registrar0-0,roster2-4,read> null
<489,registrar4-1,transcript0-13,read> null
<490,fac2-0,gradebook2-1,readScore> null
<491,stu1-9,gradebook1-2,addScore> null
<492,registrar0-1,transcript5-3,read> null
<493,registrar2-1,transcript2-14,read> null
<494,fac4-2,gradebook4-5,changeScore> null
<495,registrar0-0,transcript2-19,read> null
<496,chair3,transcript3-11,read> null
<497,stu5-10,stu5-10application5-10,checkStatus> null
<498,registrar0-1,roster0-2,read> null
<499,admissions0-1,stu2-18application2-18,setStatus> null
<500,stu2-6,transcript2-6,read> null
<501,admissions2-0,stu3-16application3-16,setStatus> null
<502,admissions0-0,stu4-8application4-8,read> null
<503,registrar2-1,transcript4-15,read> null
<504,chair5,transcript5-6,read> null
<505,admissions4-0,stu3-10application3-10,setStatus> null
<506,admissions0-0,stu1-14application1-14,read> null
<507,fac0-0,roster0-1,read> null
<508,fac4-3,gradebook4-7,readScore> null
<509,admissions0-0,stu4-18application4-18,read> null
<510,admissions0-1,stu2-18application2-18,read> null
<511,registrar2-1,transcript0-11,read> null
<512,admissions4-0,stu4-19application4-19,setStatus> null
<513,registrar0-0,transcript5-3,read> null
<514,stu3-2,gradebook3-6,addScore> null
<515,admissions0-1,stu1-13application1-13,setStatus> null
<516,admissions0-0,stu4-5application4-5,setStatus> null
<517,fac1-2,gradebook1-4,addScore> null
<518,registrar0-1,transcript4-19,read> null
<519,registrar4-1,transcript1-2,read> null
<520,stu0-14,transcript0-14,read> null
<521,registrar4-0,transcript3-10,read> null
<522,admissions2-1,stu2-17application2-17,setStatus> null
<523,fac2-2,gradebook2-5,assignGrade> null
<524,stu1-14,gradebook1-4,readMyScores> null
<525,admissions0-1,stu4-7application4-7,setStatus> null
<526,admissions4-0,application3-0,read> null
<527,stu0-5,stu0-5application0-5,checkStatus> null
<528,admissions4-1,stu1-1application1-1,read> null
<529,registrar4-1,roster4-3,write> null
<530,admissions4-0,stu2-19application2-19,setStatus> null
<531,registrar4-0,roster4-8,read> null
<532,admissions4-1,stu1-7application1-7,setStatus> null
<533,registrar2-0,transcript4-9,read> null
<534,registrar0-1,roster3-5,write> null
<535,stu4-9,gradebook4-1,readMyScores> null
<536,registrar2-1,transcript2-4,read> null
<537,registrar2-0,roster0-5,read> null
<538,admissions0-1,stu4-18application4-18,read> null
<539,registrar4-1,roster0-4,read> null
<540,fac5-1,gradebook5-2,addScore> null
<541,admissions0-0,stu0-10application0-10,read> null
<542,fac5-1,gradebook5-3,addScore> null
<543,admissions2-1,stu1-13application1-13,read> null
<544,registrar2-0,transcript3-14,read> null
<545,registrar4-0,transcript2-17,read> null
<546,chair3,transcript3-18,read> null
<547,stu5-3,gradebook5-2,readMyScores> null
<548,chair5,transcript5-17,read> null
<549,registrar4-0,transcript5-3,read> null
<550,admissions4-1,stu5-0application5-0,read> null
<551,admissions4-1,stu0-2application0-2,read> null
<552,stu0-0,transcript0-0,read> null
<553,stu2-6,gradebook2-7,readScore> null
<554,registrar2-1,roster2-7,read> null
<555,admissions0-1,stu2-10application2-10,setStatus> null
<556,admissions0-0,stu1-12application1-12,setStatus> null
<557,admissions0-0,stu2-1application2-1,read> null
<558,stu3-1,gradebook3-7,addScore> null
<559,registrar2-0,transcript4-10,read> null
<560,registrar2-0,transcript1-8,read> null
<561,admissions2-0,stu3-3application3-3,setStatus> null
<562,admissions4-0,stu1-1application1-1,setStatus> null
<563,admissions0-0,stu4-7application4-7,setStatus> null
<564,registrar2-0,roster0-8,read> null
<565,registrar4-1,transcript4-0,read> null
<566,registrar2-1,transcript2-10,read> null
<567,registrar0-1,transcript2-12,read> null
<568,admissions0-0,application5-2,read> null
<569,admissions4-1,stu4-5application4-5,read> null
<570,admissions0-1,stu3-15application3-15,setStatus> null
<571,chair1,transcript1-2,read> null
<572,registrar2-1,transcript1-1,read> null
<573,stu0-13,transcript0-13,read> null
<574,registrar0-1,roster4-1,write> null
<575,registrar2-1,transcript4-13,read> null
<576,stu0-12,transcript0-12,read> null
<577,registrar4-1,transcript0-5,read> null
<578,fac0-2,roster0-5,read> null
<579,registrar2-0,transcript3-17,read> null
<580,admissions2-0,stu2-17application2-17,setStatus> null
<581,registrar4-0,roster4-6,write> null
<582,admissions4-0,stu2-7application2-7,setStatus> null
<583,admissions0-0,stu3-4application3-4,setStatus> null
<584,stu2-13,gradebook2-8,readMyScores> null
<585,fac1-2,gradebook1-5,changeScore> null
<586,stu2-17,transcript2-17,read> null
<587,admissions4-0,stu2-18application2-18,read> null
<588,registrar2-0,roster3-3,read> null
<589,chair2,transcript2-16,read> null
<590,registrar0-1,roster1-2,write> null
<591,registrar2-0,transcript5-9,read> null
<592,admissions4-1,stu4-0application4-0,setStatus> null
<593,registrar4-1,transcript0-14,read> null
<594,admissions4-0,stu5-12application5-12,read> null
<595,admissions4-1,stu2-19application2-19,setStatus> null
<596,registrar2-1,transcript5-2,read> null
<597,fac4-4,gradebook4-9,addScore> null
<598,admissions4-1,stu3-13application3-13,read> null
<599,chair4,transcript4-2,read> null
<600,fac5-0,gradebook5-1,addScore> null
<601,registrar4-1,transcript3-11,read> null
<602,admissions0-0,stu0-13application0-13,read> null
<603,chair0,transcript0-16,read> null
<604,admissions2-1,stu2-10application2-10,setStatus> null
<605,admissions4-1,stu0-5application0-5,read> null
<606,registrar0-0,roster1-9,read> null
<607,admissions4-1,stu1-12application1-12,read> null
<608,stu0-17,stu0-17application0-17,checkStatus> null
<609,registrar4-0,roster0-7,read> null
<610,stu4-15,transcript4-15,read> null
<611,chair0,transcript0-6,read> null
<612,stu5-3,gradebook5-5,readScore> null
<613,registrar4-1,transcript4-15,read> null
<614,admissions0-0,stu0-19application0-19,read> null
<615,registrar2-0,transcript5-4,read> null
<616,stu1-3,transcript1-3,read> null
<617,stu3-7,gradebook3-9,readMyScores> null
<618,registrar4-0,roster1-5,write> null
<619,admissions4-1,stu4-14application4-14,setStatus> null
<620,registrar4-0,roster0-3,read> null
<621,registrar0-1,transcript0-1,read> null
<622,registrar4-1,transcript4-16,read> null
<623,admissions0-1,stu1-12application1-12,read> null
<624,app4-0,application4-0,checkStatus> null
<625,stu2-15,gradebook2-7,readMyScores> null
<626,admissions0-1,application2-1,setStatus> null
<627,stu3-16,gradebook3-7,addScore> null
<628,registrar2-1,transcript2-5,read> null
<629,registrar2-1,transcript2-7,read> null
<630,stu5-12,stu5-12application5-12,checkStatus> null
<631,admissions0-1,stu2-19application2-19,read> null
<632,registrar2-1,transcript2-6,read> null
<633,registrar4-0,roster0-9,read> null
<634,registrar4-0,transcript3-13,read> null
<635,stu3-9,transcript3-9,read> null
<636,admissions4-0,stu2-14application2-14,read> null
<637,registrar2-1,transcript2-9,read> null
<638,admissions4-1,stu0-15application0-15,setStatus> null
<639,registrar2-1,transcript2-8,read> null
<640,registrar4-0,transcript0-13,read> null
<641,admissions4-0,stu0-2application0-2,read> null
<642,admissions0-0,stu5-11application5-11,read> null
<643,stu3-18,stu3-18application3-18,checkStatus> null
<644,registrar0-0,roster4-8,read> null
<645,fac1-4,gradebook1-8,changeScore> null
<646,fac2-1,gradebook2-3,assignGrade> null
<647,registrar0-1,roster5-9,read> null
<648,fac5-4,gradebook5-8,addScore> null
<649,app1-1,application1-1,checkStatus> null
<650,stu0-3,gradebook0-8,readMyScores> null
<651,admissions2-0,stu4-3application4-3,setStatus> null
<652,registrar0-1,transcript5-8,read> null
<653,registrar0-0,roster0-4,write> null
<654,admissions2-0,stu2-10application2-10,setStatus> null
<655,admissions4-1,stu3-6application3-6,setStatus> null
<656,admissions2-1,stu4-11application4-11,setStatus> null
<657,fac2-1,gradebook2-2,assignGrade> null
<658,admissions2-0,stu0-15application0-15,setStatus> null
<659,registrar2-0,transcript4-15,read> null
<660,admissions4-0,application3-2,read> null
<661,stu5-18,stu5-18application5-18,checkStatus> null
<662,stu3-10,gradebook3-6,readMyScores> null
<663,admissions2-0,application3-4,setStatus> null
<664,fac5-2,roster5-5,read> null
<665,registrar2-1,roster5-8,read> null
<666,admissions4-1,application2-0,setStatus> null
<667,registrar0-0,transcript3-14,read> null
<668,registrar0-1,transcript4-2,read> null
<669,fac2-4,gradebook2-8,addScore> null
<670,admissions0-0,stu5-10application5-10,read> null
<671,stu1-13,gradebook1-9,readMyScores> null
<672,admissions0-0,application2-4,setStatus> null
<673,registrar0-1,roster1-7,write> null
<674,fac5-3,gradebook5-7,addScore> null
<675,stu3-11,transcript3-11,read> null
<676,admissions4-0,application3-4,read> null
<677,admissions0-0,stu2-16application2-16,read> null
<678,chair3,transcript3-19,read> null
<679,registrar0-0,roster0-5,read> null
<680,admissions4-0,application5-4,read> null
<681,admissions2-0,application4-3,read> null
<682,registrar4-0,transcript1-13,read> null
<683,admissions2-0,stu3-14application3-14,setStatus> null
<684,fac5-3,gradebook5-6,addScore> null
<685,admissions4-0,stu0-11application0-11,read> null
<686,stu2-7,stu2-7application2-7,checkStatus> null
<687,registrar4-0,roster3-7,read> null
<688,admissions0-0,stu3-1application3-1,read> null
<689,registrar0-1,transcript0-14,read> null
<690,registrar2-1,transcript2-0,read> null
<691,registrar2-1,transcript2-1,read> null
<692,registrar2-1,transcript2-2,read> null
<693,registrar2-1,transcript2-3,read> null
<694,fac2-0,gradebook2-1,addScore> null
<695,registrar2-1,transcript5-13,read> null
<696,stu1-8,transcript1-8,read> null
<697,registrar4-1,roster5-5,read> null
<698,registrar2-0,transcript2-6,read> null
<699,admissions2-0,stu4-14application4-14,setStatus> null
<700,admissions0-0,stu2-19application2-19,read> null
<701,registrar2-0,roster2-6,read> null
<702,admissions2-1,stu3-18application3-18,setStatus> null
<703,registrar0-0,roster0-3,read> null
<704,admissions2-0,application5-1,setStatus> null
<705,registrar0-0,transcript3-0,read> null
<706,registrar2-0,transcript2-4,read> null
<707,registrar0-0,roster3-4,write> null
<708,admissions0-1,stu3-19application3-19,read> null
<709,stu2-8,gradebook2-3,addScore> null
<710,admissions0-0,stu3-6application3-6,setStatus> null
<711,registrar2-0,transcript2-9,read> null
<712,admissions0-0,stu2-19application2-19,setStatus> null
<713,registrar2-0,transcript5-0,read> null
<714,registrar0-0,roster3-7,read> null
<715,stu4-2,stu4-2application4-2,checkStatus> null
<716,fac0-1,gradebook0-3,changeScore> null
<717,admissions2-1,application3-0,setStatus> null
<718,registrar2-0,transcript2-8,read> null
<719,chair2,transcript2-5,read> null
<720,stu2-10,transcript2-10,read> null
<721,registrar4-0,transcript0-1,read> null
<722,fac4-3,roster4-6,read> null
<723,app3-2,application3-2,checkStatus> null
<724,registrar2-0,transcript5-1,read> null
<725,chair0,transcript0-0,read> null
<726,fac2-1,gradebook2-2,addScore> null
<727,stu3-19,stu3-19application3-19,checkStatus> null
<728,registrar4-0,transcript3-19,read> null
<729,stu1-14,gradebook1-7,readMyScores> null
<730,admissions0-0,stu5-17application5-17,read> null
<731,stu3-7,transcript3-7,read> null
<732,registrar2-0,transcript2-7,read> null
<733,admissions2-0,application4-3,setStatus> null
<734,admissions4-1,stu2-9application2-9,read> null
<735,admissions0-0,stu4-14application4-14,setStatus> null
<736,fac5-2,roster5-4,read> null
<737,stu5-4,stu5-4application5-4,checkStatus> null
<738,stu2-2,transcript2-2,read> null
<739,registrar4-0,transcript0-16,read> null
<740,admissions2-1,stu4-16application4-16,setStatus> null
<741,admissions2-1,stu5-0application5-0,setStatus> null
<742,fac1-1,gradebook1-2,changeScore> null
<743,admissions0-1,stu3-14application3-14,setStatus> null
<744,stu3-3,gradebook3-2,addScore> null
<745,stu0-6,stu0-6application0-6,checkStatus> null
<746,admissions2-1,stu2-6application2-6,setStatus> null
<747,app1-0,application1-0,checkStatus> null
<748,admissions0-1,stu5-10application5-10,read> null
<749,registrar4-1,transcript2-12,read> null
<750,admissions4-0,stu4-5application4-5,setStatus> null
<751,fac5-2,gradebook5-4,addScore> null
<752,stu0-8,stu0-8application0-8,checkStatus> null
<753,admissions0-0,application5-3,read> null
<754,fac5-2,gradebook5-5,addScore> null
<755,admissions0-0,stu4-11application4-11,read> null
<756,admissions2-1,stu3-14application3-14,setStatus> null
<757,fac2-2,gradebook2-5,readScore> null
<758,app5-1,application5-1,checkStatus> null
<759,registrar0-1,transcript3-11,read> null
<760,stu1-11,transcript1-11,read> null
<761,registrar0-0,transcript1-7,read> null
<762,registrar2-0,transcript2-1,read> null
<763,admissions2-1,stu5-17application5-17,read> null
<764,stu0-13,stu0-13application0-13,checkStatus> null
<765,registrar4-1,roster4-5,write> null
<766,registrar2-0,transcript2-2,read> null
<767,admissions2-1,stu0-4application0-4,setStatus> null
<768,registrar4-0,transcript0-12,read> null
<769,registrar2-0,transcript2-0,read> null
<770,registrar4-0,transcript3-1,read> null
<771,chair4,transcript4-6,read> null
<772,registrar4-0,transcript2-14,read> null
<773,admissions0-1,stu0-3application0-3,setStatus> null
<774,chair1,transcript1-3,read> null
<775,fac5-3,roster5-6,read> null
<776,admissions0-1,stu1-9application1-9,read> null
<777,app1-3,application1-3,checkStatus> null
<778,admissions0-0,application5-3,setStatus> null
<779,registrar4-1,transcript1-1,read> null
<780,admissions2-1,stu3-19application3-19,setStatus> null
<781,registrar0-1,transcript2-5,read> null
<782,chair3,transcript3-13,read> null
<783,registrar2-1,transcript1-18,read> null
<784,admissions0-1,stu3-8application3-8,read> null
<785,stu2-13,stu2-13application2-13,checkStatus> null
<786,fac0-2,gradebook0-5,changeScore> null
<787,admissions4-1,stu1-5application1-5,read> null
<788,stu0-10,transcript0-10,read> null
<789,stu2-9,gradebook2-1,readMyScores> null
<790,admissions4-0,stu3-16application3-16,read> null
<791,admissions0-0,application3-0,setStatus> null
<792,fac4-1,gradebook4-2,changeScore> null
<793,stu4-1,transcript4-1,read> null
<794,admissions0-0,application3-2,setStatus> null
<795,stu2-1,gradebook2-3,addScore> null
<796,stu2-16,stu2-16application2-16,checkStatus> null
<797,admissions0-0,application3-1,setStatus> null
<798,registrar0-0,transcript5-4,read> null
<799,stu3-8,stu3-8application3-8,checkStatus> null
<800,fac5-4,gradebook5-8,changeScore> null
<801,admissions4-0,application4-2,setStatus> null
<802,admissions0-0,stu1-4application1-4,read> null
<803,admissions0-0,application3-4,setStatus> null
<804,admissions4-0,application5-3,read> null
<805,admissions0-0,application3-3,setStatus> null
<806,admissions0-1,stu1-6application1-6,setStatus> null
<807,registrar0-1,transcript3-15,read> null
<808,admissions4-0,stu2-12application2-12,setStatus> null
<809,admissions2-1,application4-3,setStatus> null
<810,app1-2,application1-2,checkStatus> null
<811,stu0-9,stu0-9application0-9,checkStatus> null
<812,admissions2-0,stu4-14application4-14,read> null
<813,stu3-5,gradebook3-6,addScore> null
<814,admissions2-1,stu4-2application4-2,setStatus> null
<815,fac5-3,gradebook5-6,assignGrade> null
<816,stu5-11,stu5-11application5-11,checkStatus> null
<817,app2-1,application2-1,checkStatus> null
<818,stu1-7,transcript1-7,read> null
<819,admissions2-0,application3-4,read> null
<820,stu4-19,transcript4-19,read> null
<821,registrar2-1,transcript4-18,read> null
<822,chair3,transcript3-5,read> null
<823,fac5-4,gradebook5-9,addScore> null
<824,registrar4-0,roster4-4,write> null
<825,fac1-3,gradebook1-7,changeScore> null
<826,admissions2-1,stu4-3application4-3,setStatus> null
<827,admissions0-1,application3-3,setStatus> null
<828,admissions0-1,application3-2,setStatus> null
<829,admissions0-1,application3-1,setStatus> null
<830,admissions4-0,stu5-1application5-1,read> null
<831,fac4-4,gradebook4-8,assignGrade> null
<832,fac4-1,gradebook4-2,assignGrade> null
<833,registrar0-1,transcript0-3,read> null
<834,admissions4-0,application2-0,read> null
<835,admissions2-0,application1-3,setStatus> null
<836,admissions0-1,stu0-0application0-0,read> null
<837,stu4-7,gradebook4-5,readMyScores> null
<838,admissions4-1,stu3-16application3-16,read> null
<839,admissions0-1,stu5-16application5-16,read> null
<840,admissions0-1,application3-0,setStatus> null
<841,stu3-10,stu3-10application3-10,checkStatus> null
<842,admissions4-0,stu4-13application4-13,setStatus> null
<843,admissions0-1,application3-4,setStatus> null
<844,admissions2-0,stu3-15application3-15,setStatus> null
<845,admissions0-0,stu0-16application0-16,setStatus> null
<846,fac2-2,gradebook2-5,changeScore> null
<847,registrar2-1,roster0-9,write> null
<848,admissions0-0,stu3-0application3-0,setStatus> null
<849,admissions2-0,stu2-15application2-15,read> null
<850,admissions4-1,stu4-2application4-2,setStatus> null
<851,admissions2-1,stu2-15application2-15,read> null
<852,admissions0-0,stu1-16application1-16,setStatus> null
<853,stu2-3,stu2-3application2-3,checkStatus> null
<854,registrar4-0,roster4-5,read> null
<855,stu2-8,gradebook2-2,readMyScores> null
<856,admissions4-0,stu2-7application2-7,read> null
<857,admissions2-1,stu5-15application5-15,read> null
<858,admissions2-0,stu5-10application5-10,read> null
<859,fac1-2,roster1-5,read> null
<860,fac1-4,gradebook1-8,addScore> null
<861,admissions4-0,stu3-0application3-0,read> null
<862,stu5-5,transcript5-5,read> null
<863,admissions2-1,stu0-6application0-6,read> null
<864,admissions0-1,stu1-16application1-16,read> null
<865,chair1,transcript1-1,read> null
<866,registrar4-1,transcript0-12,read> null
<867,registrar2-0,transcript2-17,read> null
<868,admissions0-0,stu0-18application0-18,setStatus> null
<869,chair1,transcript1-0,read> null
<870,registrar2-1,transcript5-8,read> null
<871,admissions2-1,application2-1,read> null
<872,registrar2-0,roster1-1,write> null
<873,admissions2-1,stu3-12application3-12,setStatus> null
<874,admissions2-1,stu0-16application0-16,setStatus> null
<875,admissions2-0,stu1-6application1-6,read> null
<876,chair5,transcript5-3,read> null
<877,stu2-14,gradebook2-4,readMyScores> null
<878,stu2-7,gradebook2-1,addScore> null
<879,admissions0-0,stu3-12application3-12,read> null
<880,admissions4-1,stu2-7application2-7,read> null
<881,registrar2-1,transcript3-15,read> null
<882,stu0-3,stu0-3application0-3,checkStatus> null
<883,admissions4-0,stu1-0application1-0,setStatus> null
<884,stu0-15,transcript0-15,read> null
<885,admissions2-0,stu2-17application2-17,read> null
<886,admissions2-0,stu4-11application4-11,read> null
<887,registrar4-0,roster1-1,read> null
<888,admissions4-1,stu0-13application0-13,read> null
<889,registrar2-0,transcript4-16,read> null
<890,admissions0-1,stu5-17application5-17,read> null
<891,registrar0-1,roster4-3,write> null
<892,admissions0-1,application4-2,setStatus> null
<893,admissions2-0,stu0-6application0-6,read> null
<894,stu4-19,gradebook4-7,readScore> null
<895,registrar0-0,roster0-7,write> null
<896,admissions2-0,stu1-9application1-9,setStatus> null
<897,registrar0-1,roster0-5,write> null
<898,admissions4-1,stu3-0application3-0,read> null
<899,registrar4-1,roster5-9,write> null
<900,registrar4-1,roster5-8,write> null
<901,stu3-1,transcript3-1,read> null
<902,fac5-1,roster5-3,read> null
<903,registrar4-1,roster5-7,write> null
<904,admissions4-1,stu2-5application2-5,read> null
<905,fac5-4,gradebook5-9,readScore> null
<906,app3-0,application3-0,checkStatus> null
<907,admissions0-0,stu1-16application1-16,read> null
<908,fac4-2,gradebook4-5,readScore> null
<909,registrar4-1,roster5-2,write> null
<910,registrar4-1,transcript5-7,read> null
<911,stu2-0,transcript2-0,read> null
<912,registrar4-1,roster5-1,write> null
<913,admissions0-1,stu0-16application0-16,setStatus> null
<914,registrar4-1,roster5-6,write> null
<915,registrar4-1,roster5-5,write> null
<916,stu2-15,transcript2-15,read> null
<917,registrar2-1,roster0-1,read> null
<918,admissions2-0,stu4-3application4-3,read> null
<919,registrar4-1,roster5-4,write> null
<920,admissions0-1,stu3-12application3-12,read> null
<921,registrar2-0,transcript4-19,read> null
<922,registrar4-1,transcript4-6,read> null
<923,registrar4-1,roster5-3,write> null
<924,stu0-16,transcript0-16,read> null
<925,admissions2-1,stu2-17application2-17,read> null
<926,admissions0-0,stu2-10application2-10,read> null
<927,fac3-1,roster3-3,read> null
<928,registrar0-1,transcript2-18,read> null
<929,admissions4-0,stu4-2application4-2,setStatus> null
<930,registrar0-0,roster5-9,read> null
<931,registrar4-0,roster5-2,write> null
<932,stu2-0,gradebook2-9,addScore> null
<933,admissions2-1,stu1-8application1-8,setStatus> null
<934,registrar4-0,roster5-3,write> null
<935,stu2-15,gradebook2-2,readMyScores> null
<936,registrar4-0,roster5-4,write> null
<937,stu1-16,stu1-16application1-16,checkStatus> null
<938,registrar4-0,roster5-5,write> null
<939,stu4-13,gradebook4-6,addScore> null
<940,registrar4-0,roster5-1,write> null
<941,registrar4-0,roster5-6,write> null
<942,registrar4-0,roster5-7,write> null
<943,registrar4-0,roster5-8,write> null
<944,admissions0-1,stu3-4application3-4,setStatus> null
<945,registrar4-0,roster5-9,write> null
<946,admissions0-1,stu2-13application2-13,read> null
<947,admissions2-1,stu1-6application1-6,read> null
<948,admissions2-0,stu0-16application0-16,setStatus> null
<949,admissions2-0,stu5-19application5-19,setStatus> null
<950,chair0,transcript0-18,read> null
<951,stu2-8,gradebook2-9,readMyScores> null
<952,registrar4-1,roster4-1,read> null
<953,admissions0-0,stu1-10application1-10,read> null
<954,registrar4-1,transcript2-18,read> null
<955,admissions4-1,stu4-8application4-8,setStatus> null
<956,stu4-9,transcript4-9,read> null
<957,fac3-2,gradebook3-5,changeScore> null
<958,registrar4-1,transcript3-9,read> null
<959,admissions2-1,stu1-9application1-9,setStatus> null
<960,admissions4-1,stu0-12application0-12,setStatus> null
<961,stu2-13,gradebook2-1,readMyScores> null
<962,fac1-1,gradebook1-3,addScore> null
<963,fac1-1,gradebook1-2,addScore> null
<964,admissions2-0,stu2-16application2-16,read> null
<965,admissions0-0,stu1-4application1-4,setStatus> null
<966,admissions2-1,stu5-19application5-19,setStatus> null
<967,registrar0-0,transcript3-18,read> null
<968,registrar4-0,roster4-1,write> null
<969,admissions4-1,stu4-17application4-17,read> null
<970,chair3,transcript3-10,read> null
<971,admissions4-0,stu0-12application0-12,setStatus> null
<972,admissions0-0,stu5-13application5-13,setStatus> null
<973,admissions2-0,stu5-3application5-3,setStatus> null
<974,admissions2-0,stu1-8application1-8,setStatus> null
<975,registrar2-0,roster2-9,read> null
<976,registrar0-1,transcript5-5,read> null
<977,fac1-0,gradebook1-1,addScore> null
<978,registrar4-1,roster1-3,read> null
<979,chair5,transcript5-13,read> null
<980,admissions2-1,stu3-3application3-3,setStatus> null
<981,stu2-2,gradebook2-6,addScore> null
<982,registrar4-1,transcript2-11,read> null
<983,chair4,transcript4-3,read> null
<984,stu1-0,transcript1-0,read> null
<985,admissions0-1,stu4-8application4-8,read> null
<986,admissions4-0,stu4-17application4-17,read> null
<987,stu4-2,gradebook4-8,readMyScores> null
<988,admissions2-1,stu3-5application3-5,setStatus> null
<989,admissions0-1,stu5-11application5-11,setStatus> null
<990,admissions2-0,stu2-7application2-7,read> null
<991,registrar4-0,transcript4-10,read> null
<992,stu0-6,gradebook0-7,addScore> null
<993,admissions0-1,stu2-1application2-1,setStatus> null
<994,stu1-9,transcript1-9,read> null
<995,admissions2-0,stu0-1application0-1,setStatus> null
<996,stu5-19,stu5-19application5-19,checkStatus> null
<997,admissions0-0,stu3-19application3-19,setStatus> null
<998,admissions4-0,stu3-18application3-18,read> null
<999,admissions0-1,stu1-11application1-11,setStatus> null
<1000,stu2-18,gradebook2-8,readMyScores> null
<1001,stu0-8,transcript0-8,read> null
<1002,admissions0-1,stu1-17application1-17,setStatus> null
<1003,stu0-7,gradebook0-4,addScore> null
<1004,registrar2-1,roster2-1,write> null
<1005,stu1-5,stu1-5application1-5,checkStatus> null
<1006,registrar0-1,roster4-1,read> null
<1007,registrar2-1,roster2-3,write> null
<1008,registrar2-1,roster2-2,write> null
<1009,registrar0-1,transcript3-4,read> null
<1010,registrar0-0,transcript4-16,read> null
<1011,registrar2-1,transcript0-3,read> null
<1012,admissions0-0,stu4-14application4-14,read> null
<1013,registrar2-1,roster2-5,write> null
<1014,admissions4-0,application5-2,read> null
<1015,admissions4-1,stu3-18application3-18,read> null
<1016,app4-1,application4-1,checkStatus> null
<1017,registrar2-1,transcript3-2,read> null
<1018,fac2-4,gradebook2-9,assignGrade> null
<1019,stu5-10,transcript5-10,read> null
<1020,admissions2-0,stu0-5application0-5,read> null
<1021,registrar4-1,transcript1-4,read> null
<1022,stu3-7,stu3-7application3-7,checkStatus> null
<1023,registrar2-1,transcript4-6,read> null
<1024,registrar2-1,roster2-4,write> null
<1025,registrar4-0,transcript2-12,read> null
<1026,stu3-0,gradebook3-3,readMyScores> null
<1027,registrar2-1,roster2-7,write> null
<1028,registrar2-1,roster2-6,write> null
<1029,registrar0-1,roster3-5,read> null
<1030,admissions4-0,stu5-18application5-18,setStatus> null
<1031,registrar2-1,transcript0-19,read> null
<1032,registrar2-0,transcript4-14,read> null
<1033,registrar2-1,roster2-9,write> null
<1034,registrar2-1,roster2-8,write> null
<1035,admissions4-0,stu4-4application4-4,read> null
<1036,admissions4-0,stu0-2application0-2,setStatus> null
<1037,stu0-8,gradebook0-7,addScore> null
<1038,admissions0-0,stu1-17application1-17,setStatus> null
<1039,admissions2-1,stu3-18application3-18,read> null
<1040,admissions0-0,stu4-11application4-11,setStatus> null
<1041,admissions2-1,stu3-17application3-17,read> null
<1042,chair4,transcript4-11,read> null
<1043,stu1-10,stu1-10application1-10,checkStatus> null
<1044,stu2-10,stu2-10application2-10,checkStatus> null
<1045,admissions4-1,stu0-5application0-5,setStatus> null
<1046,registrar4-1,transcript2-13,read> null
<1047,admissions2-1,stu4-9application4-9,setStatus> null
<1048,admissions4-0,stu1-10application1-10,read> null
<1049,registrar4-0,roster2-6,write> null
<1050,fac5-0,gradebook5-1,assignGrade> null
<1051,admissions0-1,stu2-8application2-8,setStatus> null
<1052,stu3-9,stu3-9application3-9,checkStatus> null
<1053,stu1-15,stu1-15application1-15,checkStatus> null
<1054,registrar2-0,transcript1-9,read> null
<1055,registrar2-0,transcript0-10,read> null
<1056,fac5-4,gradebook5-9,changeScore> null
<1057,admissions2-0,stu2-5application2-5,setStatus> null
<1058,registrar4-1,roster2-8,read> null
<1059,admissions2-1,stu0-18application0-18,read> null
<1060,registrar2-1,roster5-4,read> null
<1061,admissions4-1,stu0-2application0-2,setStatus> null
<1062,admissions4-1,stu5-14application5-14,setStatus> null
<1063,registrar4-0,roster1-8,read> null
<1064,admissions2-1,stu0-1application0-1,setStatus> null
<1065,stu0-7,stu0-7application0-7,checkStatus> null
<1066,fac2-4,gradebook2-9,changeScore> null
<1067,admissions2-0,stu0-4application0-4,setStatus> null
<1068,admissions4-1,stu2-16application2-16,setStatus> null
<1069,admissions0-1,stu5-3application5-3,read> null
<1070,stu3-6,stu3-6application3-6,checkStatus> null
<1071,admissions2-0,stu4-9application4-9,setStatus> null
<1072,stu3-4,stu3-4application3-4,checkStatus> null
<1073,admissions4-1,stu1-10application1-10,read> null
<1074,stu0-9,gradebook0-2,addScore> null
<1075,registrar4-0,roster1-9,read> null
<1076,admissions0-0,application4-4,read> null
<1077,admissions4-1,stu1-0application1-0,setStatus> null
<1078,admissions4-0,stu5-14application5-14,setStatus> null
<1079,admissions0-0,application2-4,read> null
<1080,stu2-16,gradebook2-2,addScore> null
<1081,fac1-0,gradebook1-1,changeScore> null
<1082,admissions2-1,stu1-16application1-16,read> null
<1083,admissions0-0,stu1-15application1-15,setStatus> null
<1084,stu2-7,gradebook2-1,readScore> null
<1085,admissions4-0,stu2-16application2-16,setStatus> null
<1086,admissions4-1,application2-4,read> null
<1087,admissions4-1,application2-3,read> null
<1088,admissions4-0,application4-4,read> null
<1089,admissions2-0,stu1-0application1-0,read> null
<1090,registrar2-1,transcript3-12,read> null
<1091,admissions4-0,stu3-15application3-15,setStatus> null
<1092,admissions2-0,stu3-17application3-17,read> null
<1093,admissions0-1,stu0-18application0-18,setStatus> null
<1094,admissions4-1,stu0-15application0-15,read> null
<1095,stu0-2,gradebook0-3,addScore> null
<1096,registrar4-0,roster2-9,read> null
<1097,admissions0-0,stu3-7application3-7,read> null
<1098,chair3,transcript3-17,read> null
<1099,chair3,transcript3-16,read> null
<1100,admissions2-0,stu4-17application4-17,setStatus> null
<1101,fac3-3,gradebook3-7,changeScore> null
<1102,chair4,transcript4-15,read> null
<1103,registrar4-0,transcript3-14,read> null
<1104,admissions4-1,application2-1,read> null
<1105,stu4-1,stu4-1application4-1,checkStatus> null
<1106,admissions0-1,application4-0,setStatus> null
<1107,admissions2-0,stu5-2application5-2,setStatus> null
<1108,admissions4-1,application2-2,read> null
<1109,admissions4-1,application2-0,read> null
<1110,chair1,transcript1-8,read> null
<1111,admissions4-0,application2-3,read> null
<1112,registrar4-1,roster0-8,read> null
<1113,admissions4-0,application2-2,read> null
<1114,stu1-2,transcript1-2,read> null
<1115,admissions0-1,stu0-15application0-15,read> null
<1116,admissions4-0,application2-4,read> null
<1117,stu2-9,gradebook2-6,addScore> null
<1118,registrar2-1,roster0-4,read> null
<1119,admissions0-1,stu1-2application1-2,setStatus> null
<1120,admissions0-1,stu0-10application0-10,read> null
<1121,registrar2-0,transcript1-2,read> null
<1122,fac2-2,gradebook2-4,addScore> null
<1123,admissions4-1,application4-1,setStatus> null
<1124,stu4-7,gradebook4-1,readMyScores> null
<1125,admissions4-0,stu0-15application0-15,read> null
<1126,admissions0-1,stu3-7application3-7,read> null
<1127,admissions2-0,stu2-1application2-1,setStatus> null
<1128,admissions2-1,application0-0,setStatus> null
<1129,registrar4-1,transcript1-3,read> null
<1130,stu0-5,gradebook0-5,addScore> null
<1131,admissions2-0,stu2-4application2-4,setStatus> null
<1132,admissions0-1,stu4-11application4-11,read> null
<1133,admissions2-1,stu4-17application4-17,setStatus> null
<1134,stu4-5,gradebook4-2,readMyScores> null
<1135,admissions4-0,stu0-5application0-5,setStatus> null
<1136,registrar0-0,transcript3-19,read> null
<1137,admissions2-0,stu2-8application2-8,read> null
<1138,fac1-4,roster1-9,read> null
<1139,stu3-2,transcript3-2,read> null
<1140,stu5-6,stu5-6application5-6,checkStatus> null
<1141,admissions4-0,application2-1,read> null
<1142,registrar2-0,roster3-7,read> null
<1143,admissions2-1,stu1-2application1-2,setStatus> null
<1144,registrar0-1,roster2-2,read> null
<1145,admissions0-0,stu3-3application3-3,setStatus> null
<1146,registrar0-1,roster2-1,read> null
<1147,registrar2-1,transcript1-3,read> null
<1148,registrar0-1,roster2-6,read> null
<1149,registrar4-1,roster0-5,read> null
<1150,registrar0-1,transcript2-19,read> null
<1151,registrar2-1,roster3-2,write> null
<1152,registrar0-1,roster2-5,read> null
<1153,admissions4-1,stu1-11application1-11,setStatus> null
<1154,admissions0-1,stu2-16application2-16,read> null
<1155,registrar4-1,transcript1-5,read> null
<1156,registrar4-0,roster0-6,read> null
<1157,registrar0-1,roster2-4,read> null
<1158,registrar0-1,roster2-3,read> null
<1159,fac1-3,gradebook1-6,changeScore> null
<1160,registrar2-0,roster2-9,write> null
<1161,registrar0-0,roster2-9,write> null
<1162,admissions2-1,stu2-1application2-1,setStatus> null
<1163,registrar2-0,roster2-7,write> null
<1164,registrar2-0,roster2-8,write> null
<1165,registrar0-0,transcript3-16,read> null
<1166,registrar0-0,roster2-8,read> null
<1167,registrar4-1,transcript4-8,read> null
<1168,fac1-2,gradebook1-5,addScore> null
<1169,registrar2-0,roster2-6,write> null
<1170,stu2-13,gradebook2-4,addScore> null
<1171,registrar4-0,transcript4-2,read> null
<1172,registrar4-0,transcript4-14,read> null
<1173,registrar4-0,roster0-6,write> null
<1174,registrar4-1,roster4-9,read> null
<1175,admissions4-1,stu0-3application0-3,setStatus> null
<1176,registrar0-1,roster0-1,write> null
<1177,stu2-3,gradebook2-3,readMyScores> null
<1178,chair1,transcript1-12,read> null
<1179,admissions4-1,application5-1,setStatus> null
<1180,registrar0-0,transcript5-0,read> null
<1181,registrar0-0,roster2-9,read> null
<1182,registrar2-0,roster5-5,read> null
<1183,registrar2-0,roster2-3,write> null
<1184,fac4-0,gradebook4-1,changeScore> null
<1185,registrar0-0,roster2-6,read> null
<1186,admissions2-1,stu0-5application0-5,read> null
<1187,registrar0-1,transcript4-18,read> null
<1188,registrar2-0,transcript0-18,read> null
<1189,registrar4-1,roster5-9,read> null
<1190,registrar4-0,transcript2-5,read> null
<1191,stu2-16,gradebook2-2,readScore> null
<1192,fac4-4,roster4-9,read> null
<1193,stu1-1,gradebook1-4,addScore> null
<1194,registrar2-0,roster2-4,write> null
<1195,registrar0-0,roster2-7,read> null
<1196,fac2-3,gradebook2-6,assignGrade> null
<1197,registrar2-0,roster2-1,write> null
<1198,admissions0-1,stu5-5application5-5,read> null
<1199,registrar2-0,roster2-2,write> null
<1200,admissions4-1,stu3-15application3-15,setStatus> null
<1201,admissions4-0,application5-1,setStatus> null
<1202,registrar2-1,transcript3-16,read> null
<1203,registrar0-0,roster2-1,read> null
<1204,chair4,transcript4-1,read> null
<1205,registrar2-1,roster3-8,read> null
<1206,registrar0-0,roster2-3,read> null
<1207,admissions4-0,application5-0,read> null
<1208,registrar0-0,roster2-2,read> null
<1209,registrar0-0,roster2-5,read> null
<1210,admissions0-0,stu2-1application2-1,setStatus> null
<1211,admissions2-1,stu2-5application2-5,read> null
<1212,admissions2-1,stu5-2application5-2,setStatus> null
<1213,admissions0-0,stu5-5application5-5,read> null
<1214,admissions2-0,application0-1,read> null
<1215,admissions0-0,application5-1,read> null
<1216,admissions2-0,application0-0,read> null
<1217,registrar2-1,roster2-6,read> null
<1218,admissions2-0,application0-4,setStatus> null
<1219,admissions0-1,stu0-2application0-2,setStatus> null
<1220,stu3-18,transcript3-18,read> null
<1221,stu4-16,gradebook4-8,readMyScores> null
<1222,admissions0-1,stu5-6application5-6,read> null
<1223,admissions2-0,stu2-5application2-5,read> null
<1224,fac1-2,gradebook1-5,assignGrade> null
<1225,admissions4-1,stu3-3application3-3,setStatus> null
<1226,chair2,transcript2-17,read> null
<1227,admissions4-0,stu1-18application1-18,read> null
<1228,chair2,transcript2-3,read> null
<1229,admissions0-1,stu4-4application4-4,read> null
<1230,admissions2-0,stu0-12application0-12,read> null
<1231,admissions0-0,stu1-5application1-5,read> null
<1232,registrar0-1,roster5-7,write> null
<1233,app3-3,application3-3,checkStatus> null
<1234,fac3-3,gradebook3-6,changeScore> null
<1235,admissions2-0,stu1-1application1-1,read> null
<1236,registrar0-0,roster3-5,read> null
<1237,admissions4-0,stu1-5application1-5,read> null
<1238,app1-4,application1-4,checkStatus> null
<1239,stu3-14,stu3-14application3-14,checkStatus> null
<1240,admissions0-1,stu4-0application4-0,read> null
<1241,admissions2-1,stu3-14application3-14,read> null
<1242,fac4-2,roster4-4,read> null
<1243,admissions2-0,stu0-0application0-0,setStatus> null
<1244,admissions4-1,stu0-17application0-17,setStatus> null
<1245,stu4-17,gradebook4-5,readMyScores> null
<1246,stu4-17,gradebook4-8,readMyScores> null
<1247,admissions2-0,application0-4,read> null
<1248,admissions0-1,stu0-19application0-19,read> null
<1249,registrar4-1,transcript0-19,read> null
<1250,stu5-15,stu5-15application5-15,checkStatus> null
<1251,admissions4-0,stu2-3application2-3,setStatus> null
<1252,admissions4-1,stu2-8application2-8,setStatus> null
<1253,admissions2-0,application0-3,setStatus> null
<1254,admissions2-0,application0-2,setStatus> null
<1255,admissions2-0,application0-2,read> null
<1256,registrar2-1,roster5-5,read> null
<1257,admissions2-0,application0-1,setStatus> null
<1258,stu4-17,gradebook4-3,readMyScores> null
<1259,registrar0-0,transcript5-2,read> null
<1260,admissions2-0,application0-3,read> null
<1261,admissions0-1,application5-2,read> null
<1262,admissions0-0,stu0-1application0-1,setStatus> null
<1263,registrar0-1,transcript0-15,read> null
<1264,registrar4-0,transcript3-15,read> null
<1265,registrar4-1,transcript0-2,read> null
<1266,registrar4-0,roster5-9,read> null
<1267,registrar0-0,transcript3-11,read> null
<1268,registrar2-1,transcript4-1,read> null
<1269,admissions2-0,application0-0,setStatus> null
<1270,admissions2-1,application0-0,read> null
<1271,admissions2-0,stu5-16application5-16,read> null
<1272,admissions2-1,application0-2,read> null
<1273,admissions2-1,application0-1,read> null
<1274,chair2,transcript2-9,read> null
<1275,chair2,transcript2-8,read> null
<1276,registrar0-1,roster2-9,read> null
<1277,chair2,transcript2-4,read> null
<1278,admissions0-0,stu5-6application5-6,read> null
<1279,registrar0-1,roster2-7,read> null
<1280,admissions4-0,stu3-7application3-7,setStatus> null
<1281,admissions2-0,stu3-14application3-14,read> null
<1282,stu4-16,gradebook4-7,readMyScores> null
<1283,stu4-16,gradebook4-5,readMyScores> null
<1284,admissions2-1,application5-0,setStatus> null
<1285,registrar2-0,transcript0-17,read> null
<1286,admissions0-0,stu1-6application1-6,setStatus> null
<1287,chair2,transcript2-7,read> null
<1288,admissions4-1,application3-1,read> null
<1289,registrar2-0,transcript2-11,read> null
<1290,stu4-16,gradebook4-4,readMyScores> null
<1291,chair1,transcript1-7,read> null
<1292,stu1-13,stu1-13application1-13,checkStatus> null
<1293,registrar0-0,transcript0-7,read> null
<1294,admissions2-1,application0-2,setStatus> null
<1295,admissions2-1,application0-3,read> null
<1296,chair2,transcript2-1,read> null
<1297,admissions2-1,application0-1,setStatus> null
<1298,admissions2-1,application0-4,read> null
<1299,chair2,transcript2-2,read> null
<1300,admissions2-1,application0-4,setStatus> null
<1301,admissions4-0,stu2-13application2-13,read> null
<1302,admissions2-1,application0-3,setStatus> null
<1303,admissions0-0,stu3-8application3-8,read> null
<1304,admissions4-1,stu0-14application0-14,read> null
<1305,fac5-4,gradebook5-8,readScore> null
<1306,admissions4-1,stu4-0application4-0,read> null
<1307,stu3-9,gradebook3-3,addScore> null
<1308,admissions4-1,stu3-7application3-7,setStatus> null
<1309,registrar0-0,transcript2-11,read> null
<1310,admissions2-1,stu2-11application2-11,read> null
<1311,admissions2-0,stu1-15application1-15,read> null
<1312,registrar0-0,transcript1-8,read> null
<1313,stu4-19,gradebook4-1,readMyScores> null
<1314,admissions4-0,stu0-8application0-8,read> null
<1315,stu0-7,transcript0-7,read> null
<1316,registrar0-1,roster4-2,read> null
<1317,app5-3,application5-3,checkStatus> null
<1318,fac3-1,gradebook3-3,assignGrade> null
<1319,registrar4-1,roster4-8,write> null
<1320,fac5-4,gradebook5-8,assignGrade> null
<1321,stu3-5,stu3-5application3-5,checkStatus> null
<1322,admissions0-0,stu1-2application1-2,setStatus> null
<1323,chair3,transcript3-9,read> null
<1324,admissions4-1,stu1-14application1-14,read> null
<1325,fac4-1,gradebook4-2,addScore> null
<1326,stu1-3,gradebook1-7,addScore> null
<1327,registrar4-0,transcript5-5,read> null
<1328,stu4-19,gradebook4-4,readMyScores> null
<1329,stu1-18,stu1-18application1-18,checkStatus> null
<1330,stu2-3,gradebook2-9,readMyScores> null
<1331,registrar0-0,roster0-4,read> null
<1332,stu0-0,gradebook0-8,addScore> null
<1333,admissions2-0,stu3-13application3-13,read> null
<1334,fac3-4,roster3-9,read> null
<1335,stu4-19,gradebook4-9,readMyScores> null
<1336,registrar0-0,transcript0-15,read> null
<1337,admissions2-0,stu4-16application4-16,setStatus> null
<1338,admissions4-0,stu1-7application1-7,read> null
<1339,admissions0-0,stu0-2application0-2,setStatus> null
<1340,admissions0-1,stu0-19application0-19,setStatus> null
<1341,admissions2-0,application3-3,read> null
<1342,admissions2-1,stu0-12application0-12,read> null
<1343,admissions4-0,stu3-3application3-3,setStatus> null
<1344,chair0,transcript0-5,read> null
<1345,admissions2-0,stu2-11application2-11,read> null
<1346,stu4-18,gradebook4-5,readMyScores> null
<1347,stu4-18,gradebook4-3,readMyScores> null
<1348,admissions2-1,stu2-12application2-12,read> null
<1349,admissions2-1,stu4-7application4-7,setStatus> null
<1350,stu0-1,gradebook0-8,addScore> null
<1351,stu2-11,transcript2-11,read> null
<1352,registrar2-1,roster4-3,read> null
<1353,registrar2-0,transcript5-7,read> null
<1354,admissions0-0,stu3-10application3-10,setStatus> null
<1355,stu5-17,transcript5-17,read> null
<1356,stu2-7,transcript2-7,read> null
<1357,registrar2-1,roster4-4,read> null
<1358,admissions4-1,stu5-8application5-8,read> null
<1359,registrar2-1,roster4-5,read> null
<1360,admissions0-0,stu4-1application4-1,read> null
<1361,registrar2-1,roster4-1,read> null
<1362,fac3-2,gradebook3-4,readScore> null
<1363,registrar0-1,roster0-8,write> null
<1364,registrar4-1,roster0-3,write> null
<1365,registrar2-1,roster4-2,read> null
<1366,registrar0-1,roster0-9,write> null
<1367,registrar0-1,roster0-6,write> null
<1368,admissions2-1,stu1-17application1-17,read> null
<1369,registrar0-1,roster0-7,write> null
<1370,registrar0-1,transcript4-10,read> null
<1371,registrar0-1,roster0-4,write> null
<1372,registrar0-1,roster0-2,write> null
<1373,admissions0-0,stu5-3application5-3,read> null
<1374,registrar0-1,roster0-3,write> null
<1375,registrar0-1,transcript1-8,read> null
<1376,admissions4-1,stu1-7application1-7,read> null
<1377,admissions2-0,stu0-0application0-0,read> null
<1378,admissions0-0,stu3-7application3-7,setStatus> null
<1379,admissions2-1,stu1-0application1-0,read> null
<1380,registrar2-0,roster4-6,read> null
<1381,registrar2-0,roster4-9,read> null
<1382,registrar0-0,transcript0-1,read> null
<1383,stu1-5,gradebook1-3,addScore> null
<1384,registrar2-0,roster5-1,write> null
<1385,registrar2-0,roster4-8,read> null
<1386,registrar2-0,roster4-4,read> null
<1387,admissions2-0,stu3-6application3-6,setStatus> null
<1388,stu4-13,gradebook4-3,readMyScores> null
<1389,registrar2-0,roster4-5,read> null
<1390,admissions4-0,stu4-16application4-16,read> null
<1391,registrar2-0,roster4-3,read> null
<1392,admissions0-1,stu3-10application3-10,setStatus> null
<1393,registrar4-1,transcript0-6,read> null
<1394,admissions0-1,stu4-10application4-10,setStatus> null
<1395,registrar2-0,roster4-1,read> null
<1396,admissions2-0,stu0-18application0-18,read> null
<1397,admissions2-1,stu0-10application0-10,setStatus> null
<1398,stu4-10,transcript4-10,read> null
<1399,admissions2-1,stu0-15application0-15,setStatus> null
<1400,admissions4-0,stu0-19application0-19,setStatus> null
<1401,stu4-14,gradebook4-3,readMyScores> null
<1402,admissions4-1,stu1-17application1-17,read> null
<1403,admissions0-1,stu3-7application3-7,setStatus> null
<1404,admissions0-0,stu3-5application3-5,setStatus> null
<1405,registrar4-1,transcript4-3,read> null
<1406,admissions2-0,stu2-6application2-6,read> null
<1407,admissions2-1,stu1-15application1-15,read> null
<1408,admissions0-1,stu1-3application1-3,setStatus> null
<1409,admissions4-1,stu3-1application3-1,setStatus> null
<1410,admissions2-0,stu5-18application5-18,setStatus> null
<1411,admissions4-1,stu4-13application4-13,read> null
<1412,registrar0-0,roster0-6,read> null
<1413,admissions4-1,stu4-4application4-4,read> null
<1414,admissions0-0,stu3-9application3-9,read> null
<1415,registrar4-0,transcript4-1,read> null
<1416,registrar4-1,roster1-3,write> null
<1417,registrar4-0,transcript4-0,read> null
<1418,admissions4-1,stu5-16application5-16,setStatus> null
<1419,registrar2-1,roster5-1,write> null
<1420,registrar4-0,transcript2-0,read> null
<1421,admissions0-0,stu5-18application5-18,read> null
<1422,stu2-16,gradebook2-6,readMyScores> null
<1423,registrar4-0,transcript4-8,read> null
<1424,registrar4-0,transcript4-7,read> null
<1425,registrar2-1,transcript2-11,read> null
<1426,admissions0-0,stu4-15application4-15,setStatus> null
<1427,registrar4-0,transcript4-6,read> null
<1428,admissions0-1,stu2-6application2-6,setStatus> null
<1429,admissions4-0,stu0-5application0-5,read> null
<1430,registrar4-0,transcript4-5,read> null
<1431,registrar0-0,transcript4-17,read> null
<1432,registrar4-0,transcript3-18,read> null
<1433,admissions2-0,stu3-1application3-1,read> null
<1434,registrar4-0,transcript4-4,read> null
<1435,registrar4-0,transcript4-3,read> null
<1436,admissions4-0,stu3-1application3-1,setStatus> null
<1437,admissions0-0,stu1-3application1-3,setStatus> null
<1438,admissions2-1,stu2-6application2-6,read> null
<1439,registrar0-0,roster0-8,write> null
<1440,registrar4-0,roster2-2,read> null
<1441,admissions4-0,stu4-13application4-13,read> null
<1442,admissions0-1,stu4-1application4-1,read> null
<1443,admissions0-0,stu4-4application4-4,setStatus> null
<1444,admissions0-1,stu3-9application3-9,read> null
<1445,admissions0-0,stu4-4application4-4,read> null
<1446,chair1,transcript1-13,read> null
<1447,registrar4-1,transcript4-1,read> null
<1448,stu1-7,stu1-7application1-7,checkStatus> null
<1449,registrar4-1,transcript4-2,read> null
<1450,registrar0-0,roster0-1,write> null
<1451,admissions2-1,stu1-1application1-1,read> null
<1452,registrar0-0,roster0-2,write> null
<1453,registrar0-0,roster0-3,write> null
<1454,registrar0-1,transcript5-4,read> null
<1455,admissions0-0,application5-4,setStatus> null
<1456,stu2-12,gradebook2-6,readMyScores> null
<1457,registrar0-0,roster0-5,write> null
<1458,registrar0-0,roster0-6,write> null
<1459,registrar4-1,transcript4-10,read> null
<1460,admissions0-1,stu5-18application5-18,read> null
<1461,admissions0-1,application5-3,read> null
<1462,registrar4-1,transcript4-9,read> null
<1463,stu2-6,gradebook2-1,readMyScores> null
<1464,registrar4-0,transcript0-18,read> null
<1465,admissions2-1,stu0-0application0-0,read> null
<1466,registrar2-0,transcript5-2,read> null
<1467,registrar4-1,transcript4-4,read> null
<1468,registrar4-1,transcript4-7,read> null
<1469,admissions0-1,stu4-15application4-15,setStatus> null
<1470,admissions0-1,stu2-7application2-7,setStatus> null
<1471,admissions2-1,stu0-0application0-0,setStatus> null
<1472,registrar2-1,roster4-9,read> null
<1473,registrar0-0,transcript1-4,read> null
<1474,stu1-8,gradebook1-3,addScore> null
<1475,registrar4-1,roster0-6,read> null
<1476,registrar2-1,roster4-8,read> null
<1477,registrar2-1,roster4-7,read> null
<1478,admissions2-0,stu1-2application1-2,setStatus> null
<1479,stu2-5,gradebook2-4,readMyScores> null
<1480,admissions0-0,stu4-0application4-0,read> null
<1481,registrar2-1,transcript3-7,read> null
<1482,registrar2-1,transcript3-8,read> null
<1483,registrar2-1,transcript3-9,read> null
<1484,registrar2-1,transcript3-3,read> null
<1485,admissions2-0,stu3-6application3-6,read> null
<1486,admissions2-0,stu1-5application1-5,read> null
<1487,registrar2-1,transcript3-4,read> null
<1488,registrar4-0,roster5-5,read> null
<1489,registrar4-1,transcript4-12,read> null
<1490,registrar2-1,transcript3-5,read> null
<1491,stu3-19,gradebook3-5,readMyScores> null
<1492,admissions2-1,stu4-11application4-11,read> null
<1493,registrar2-1,transcript3-6,read> null
<1494,fac3-3,gradebook3-7,readScore> null
<1495,fac3-3,gradebook3-6,readScore> null
<1496,registrar4-1,roster5-8,read> null
<1497,stu2-1,transcript2-1,read> null
<1498,fac1-4,gradebook1-9,readScore> null
<1499,registrar4-0,transcript1-6,read> null
<1500,admissions4-0,stu0-12application0-12,read> null
<1501,admissions2-0,stu2-8application2-8,setStatus> null
<1502,stu1-3,gradebook1-9,readMyScores> null
<1503,stu5-10,gradebook5-3,addScore> null
<1504,stu4-8,stu4-8application4-8,checkStatus> null
<1505,registrar0-0,roster2-8,write> null
<1506,registrar0-0,roster2-6,write> null
<1507,admissions0-1,stu3-14application3-14,read> null
<1508,registrar0-0,roster2-5,write> null
<1509,registrar2-1,transcript3-0,read> null
<1510,admissions4-1,stu1-15application1-15,setStatus> null
<1511,chair0,transcript0-12,read> null
<1512,registrar0-0,roster2-4,write> null
<1513,registrar0-0,roster2-3,write> null
<1514,admissions0-0,stu3-16application3-16,read> null
<1515,chair0,transcript0-2,read> null
<1516,admissions4-1,stu3-11application3-11,setStatus> null
<1517,admissions2-0,stu5-19application5-19,read> null
<1518,registrar0-1,transcript0-19,read> null
<1519,admissions0-1,application0-2,setStatus> null
<1520,registrar0-0,roster2-2,write> null
<1521,admissions4-1,stu5-19application5-19,read> null
<1522,registrar2-1,transcript3-1,read> null
<1523,registrar0-0,roster2-1,write> null
<1524,admissions4-0,stu0-0application0-0,read> null
<1525,registrar0-1,roster1-2,read> null
<1526,registrar2-0,transcript3-8,read> null
<1527,admissions4-1,stu4-5application4-5,setStatus> null
<1528,registrar2-0,transcript3-9,read> null
<1529,stu1-4,stu1-4application1-4,checkStatus> null
<1530,registrar2-0,transcript3-6,read> null
<1531,admissions2-0,stu3-4application3-4,read> null
<1532,stu0-16,gradebook0-1,addScore> null
<1533,stu5-9,gradebook5-8,addScore> null
<1534,registrar0-1,transcript2-13,read> null
<1535,registrar2-0,transcript3-7,read> null
<1536,registrar2-0,transcript3-4,read> null
<1537,fac3-4,gradebook3-9,readScore> null
<1538,registrar2-0,transcript3-5,read> null
<1539,fac3-4,gradebook3-8,readScore> null
<1540,registrar2-0,transcript3-2,read> null
<1541,registrar2-0,transcript3-3,read> null
<1542,admissions4-1,stu0-11application0-11,read> null
<1543,fac2-1,gradebook2-3,readScore> null
<1544,fac2-1,gradebook2-2,readScore> null
<1545,registrar0-1,transcript5-2,read> null
<1546,admissions0-0,stu3-14application3-14,read> null
<1547,registrar2-0,transcript3-1,read> null
<1548,registrar2-0,transcript3-0,read> null
<1549,stu4-10,gradebook4-9,readMyScores> null
<1550,registrar4-1,roster2-7,write> null
<1551,stu4-10,gradebook4-4,readMyScores> null
<1552,stu4-10,gradebook4-5,readMyScores> null
<1553,stu4-10,gradebook4-2,readMyScores> null
<1554,admissions4-1,stu3-5application3-5,setStatus> null
<1555,admissions2-1,stu3-4application3-4,read> null
<1556,admissions4-0,stu0-19application0-19,read> null
<1557,admissions2-1,stu0-7application0-7,setStatus> null
<1558,fac3-1,gradebook3-3,readScore> null
<1559,registrar2-1,transcript4-3,read> null
<1560,admissions4-0,stu3-4application3-4,read> null
<1561,fac3-1,gradebook3-2,readScore> null
<1562,registrar2-0,roster2-8,read> null
<1563,registrar0-0,transcript4-11,read> null
<1564,registrar4-0,roster5-6,read> null
<1565,registrar4-0,roster5-4,read> null
<1566,registrar4-0,roster5-3,read> null
<1567,registrar4-0,roster5-2,read> null
<1568,registrar4-0,transcript0-2,read> null
<1569,registrar4-0,roster5-1,read> null
<1570,admissions2-1,stu2-3application2-3,read> null
<1571,registrar2-1,transcript1-8,read> null
<1572,admissions4-1,stu0-19application0-19,read> null
<1573,stu2-12,transcript2-12,read> null
<1574,registrar2-0,roster1-8,write> null
<1575,registrar0-1,transcript1-2,read> null
<1576,admissions4-1,stu1-13application1-13,read> null
<1577,registrar4-0,roster5-7,read> null
<1578,registrar4-0,transcript2-9,read> null
<1579,registrar2-0,transcript4-3,read> null
<1580,registrar4-0,roster5-8,read> null
<1581,fac3-2,gradebook3-5,readScore> null
<1582,registrar0-1,roster2-7,write> null
<1583,registrar4-1,roster5-4,read> null
<1584,registrar4-1,roster5-7,read> null
<1585,admissions0-1,stu5-0application5-0,read> null
<1586,registrar4-0,transcript0-14,read> null
<1587,registrar0-1,roster2-9,write> null
<1588,registrar4-1,roster1-1,write> null
<1589,admissions4-0,stu2-13application2-13,setStatus> null
<1590,admissions4-1,stu5-10application5-10,read> null
<1591,registrar4-1,roster5-6,read> null
<1592,registrar0-1,roster2-8,write> null
<1593,registrar4-1,roster5-1,read> null
<1594,registrar4-1,roster5-3,read> null
<1595,admissions4-0,stu3-0application3-0,setStatus> null
<1596,stu1-0,gradebook1-5,readMyScores> null
<1597,stu2-18,stu2-18application2-18,checkStatus> null
<1598,registrar4-1,roster5-2,read> null
<1599,admissions2-0,stu2-19application2-19,setStatus> null
<1600,registrar0-1,roster2-1,write> null
<1601,admissions4-0,stu5-19application5-19,read> null
<1602,registrar4-0,roster1-7,write> null
<1603,registrar0-1,roster2-3,write> null
<1604,registrar0-1,roster2-2,write> null
<1605,registrar0-1,roster2-5,write> null
<1606,registrar0-1,roster2-4,write> null
<1607,admissions4-0,stu1-13application1-13,read> null
<1608,fac1-0,gradebook1-1,readScore> null
<1609,registrar4-0,roster3-4,write> null
<1610,stu5-14,gradebook5-2,addScore> null
<1611,registrar0-1,transcript2-2,read> null
<1612,stu5-6,transcript5-6,read> null
<1613,admissions4-1,application3-2,setStatus> null
<1614,admissions2-0,stu2-3application2-3,read> null
<1615,registrar0-1,transcript0-7,read> null
<1616,stu4-14,gradebook4-5,readMyScores> null
<1617,admissions4-0,stu4-17application4-17,setStatus> null
<1618,admissions2-1,stu0-11application0-11,setStatus> null
<1619,stu4-13,gradebook4-7,readMyScores> null
<1620,registrar0-0,transcript0-18,read> null
<1621,admissions4-1,stu2-4application2-4,setStatus> null
<1622,admissions0-0,stu2-14application2-14,setStatus> null
<1623,admissions2-0,stu2-10application2-10,read> null
<1624,stu2-4,transcript2-4,read> null
<1625,fac0-4,gradebook0-9,readScore> null
<1626,stu4-15,gradebook4-5,readMyScores> null
<1627,registrar4-0,roster3-8,read> null
<1628,fac5-0,gradebook5-1,changeScore> null
<1629,fac0-4,gradebook0-8,readScore> null
<1630,stu4-15,gradebook4-6,readMyScores> null
<1631,admissions4-1,stu4-17application4-17,setStatus> null
<1632,admissions2-1,stu4-5application4-5,setStatus> null
<1633,admissions2-0,stu0-11application0-11,read> null
<1634,admissions2-1,stu2-10application2-10,read> null
<1635,admissions0-0,stu0-8application0-8,setStatus> null
<1636,registrar0-0,transcript2-18,read> null
<1637,stu2-3,transcript2-3,read> null
<1638,fac1-2,gradebook1-4,readScore> null
<1639,admissions4-1,stu0-0application0-0,setStatus> null
<1640,admissions4-1,stu2-5application2-5,setStatus> null
<1641,fac1-2,gradebook1-5,readScore> null
<1642,admissions0-0,stu2-6application2-6,setStatus> null
<1643,stu4-12,gradebook4-2,readMyScores> null
<1644,stu4-11,gradebook4-8,readMyScores> null
<1645,stu4-11,gradebook4-7,readMyScores> null
<1646,admissions4-0,stu4-14application4-14,setStatus> null
<1647,admissions2-0,stu4-5application4-5,setStatus> null
<1648,fac1-1,gradebook1-3,readScore> null
<1649,admissions2-1,stu0-5application0-5,setStatus> null
<1650,fac1-1,gradebook1-2,readScore> null
<1651,admissions0-1,stu3-19application3-19,setStatus> null
<1652,admissions4-1,stu5-16application5-16,read> null
<1653,stu4-13,gradebook4-4,readMyScores> null
<1654,admissions0-1,stu4-13application4-13,read> null
<1655,fac4-3,gradebook4-6,assignGrade> null
<1656,stu4-12,gradebook4-7,readMyScores> null
<1657,stu4-12,gradebook4-5,readMyScores> null
<1658,stu4-12,gradebook4-4,readMyScores> null
<1659,admissions2-1,stu5-19application5-19,read> null
<1660,admissions0-0,stu5-18application5-18,setStatus> null
<1661,admissions2-1,stu1-14application1-14,setStatus> null
<1662,admissions4-1,stu0-12application0-12,read> null
<1663,admissions0-1,stu2-14application2-14,setStatus> null
<1664,fac1-4,gradebook1-9,addScore> null
<1665,admissions4-0,stu2-4application2-4,setStatus> null
<1666,admissions0-0,application3-2,read> null
<1667,stu5-13,gradebook5-8,addScore> null
<1668,admissions4-1,stu5-0application5-0,setStatus> null
<1669,admissions4-0,stu1-2application1-2,read> null
<1670,registrar4-0,roster4-2,write> null
<1671,stu2-17,stu2-17application2-17,checkStatus> null
<1672,registrar2-1,transcript5-10,read> null
<1673,admissions0-1,stu5-12application5-12,setStatus> null
<1674,admissions4-0,stu5-0application5-0,setStatus> null
<1675,registrar4-0,roster4-3,write> null
<1676,stu4-6,gradebook4-6,readMyScores> null
<1677,admissions4-1,stu5-15application5-15,setStatus> null
<1678,admissions0-0,stu5-19application5-19,setStatus> null
<1679,admissions0-1,stu3-6application3-6,setStatus> null
<1680,registrar4-1,roster1-9,read> null
<1681,registrar4-0,roster4-5,write> null
<1682,registrar4-0,roster4-8,write> null
<1683,admissions4-1,stu2-17application2-17,setStatus> null
<1684,registrar4-0,roster4-7,write> null
<1685,fac3-3,gradebook3-6,addScore> null
<1686,admissions4-0,stu5-12application5-12,setStatus> null
<1687,registrar0-0,transcript1-3,read> null
<1688,stu1-10,gradebook1-5,readMyScores> null
<1689,chair2,transcript2-18,read> null
<1690,stu3-2,gradebook3-9,readMyScores> null
<1691,admissions4-0,stu0-14application0-14,setStatus> null
<1692,registrar4-0,roster4-9,write> null
<1693,registrar0-0,transcript4-12,read> null
<1694,registrar0-0,transcript1-6,read> null
<1695,fac3-3,gradebook3-7,addScore> null
<1696,admissions4-0,stu0-15application0-15,setStatus> null
<1697,fac1-4,gradebook1-8,readScore> null
<1698,admissions0-1,stu3-17application3-17,setStatus> null
<1699,stu3-0,stu3-0application3-0,checkStatus> null
<1700,fac0-1,gradebook0-2,readScore> null
<1701,registrar4-0,transcript5-0,read> null
<1702,admissions4-0,application3-2,setStatus> null
<1703,registrar4-1,transcript3-18,read> null
<1704,admissions4-1,application4-0,setStatus> null
<1705,registrar2-0,transcript0-8,read> null
<1706,stu2-9,transcript2-9,read> null
<1707,stu3-19,transcript3-19,read> null
<1708,fac0-1,gradebook0-3,readScore> null
<1709,registrar2-0,roster4-6,write> null
<1710,admissions2-1,application5-4,read> null
<1711,registrar0-0,roster3-7,write> null
<1712,registrar2-0,roster4-5,write> null
<1713,registrar2-0,roster4-8,write> null
<1714,registrar2-0,roster4-7,write> null
<1715,admissions2-0,stu3-7application3-7,setStatus> null
<1716,admissions4-1,stu1-6application1-6,read> null
<1717,registrar2-0,roster4-9,write> null
<1718,fac3-2,gradebook3-5,addScore> null
<1719,admissions0-0,stu2-4application2-4,setStatus> null
<1720,admissions2-1,stu0-4application0-4,read> null
<1721,registrar2-0,roster4-2,write> null
<1722,registrar2-0,roster4-1,write> null
<1723,registrar2-0,roster4-4,write> null
<1724,fac3-2,gradebook3-4,addScore> null
<1725,chair1,transcript1-16,read> null
<1726,registrar2-0,roster4-3,write> null
<1727,fac1-3,gradebook1-7,readScore> null
<1728,admissions2-1,stu4-0application4-0,setStatus> null
<1729,fac1-3,gradebook1-6,readScore> null
<1730,fac0-0,gradebook0-1,readScore> null
<1731,registrar0-0,transcript3-3,read> null
<1732,admissions0-1,stu1-7application1-7,setStatus> null
<1733,admissions0-0,application4-4,setStatus> null
<1734,admissions2-1,stu1-0application1-0,setStatus> null
<1735,fac3-1,gradebook3-3,addScore> null
<1736,admissions0-0,application4-2,setStatus> null
<1737,admissions0-0,application4-3,setStatus> null
<1738,admissions0-1,application2-3,setStatus> null
<1739,admissions0-0,application4-0,setStatus> null
<1740,admissions0-0,stu1-14application1-14,setStatus> null
<1741,registrar4-1,roster0-9,read> null
<1742,registrar4-0,transcript3-11,read> null
<1743,admissions0-0,application4-1,setStatus> null
<1744,admissions0-1,stu2-4application2-4,setStatus> null
<1745,admissions0-1,application5-2,setStatus> null
<1746,admissions2-0,stu0-4application0-4,read> null
<1747,fac0-3,gradebook0-7,readScore> null
<1748,fac0-3,gradebook0-6,readScore> null
<1749,registrar4-1,roster4-7,write> null
<1750,registrar4-1,roster4-6,write> null
<1751,registrar4-1,transcript3-14,read> null
<1752,registrar4-1,roster4-4,write> null
<1753,fac5-4,gradebook5-9,assignGrade> null
<1754,registrar4-1,roster4-2,write> null
<1755,registrar4-1,roster4-1,write> null
<1756,admissions4-1,stu1-2application1-2,read> null
<1757,admissions4-0,stu1-8application1-8,setStatus> null
<1758,admissions0-1,application4-3,setStatus> null
<1759,registrar2-0,roster5-4,read> null
<1760,admissions0-1,application4-4,setStatus> null
<1761,fac3-0,gradebook3-1,addScore> null
<1762,admissions0-0,stu2-13application2-13,setStatus> null
<1763,registrar4-1,roster4-9,write> null
<1764,admissions0-1,application4-1,setStatus> null
<1765,admissions4-0,stu2-4application2-4,read> null
<1766,fac0-2,gradebook0-4,readScore> null
<1767,fac0-2,gradebook0-5,readScore> null
<1768,admissions2-0,stu0-19application0-19,setStatus> null
<1769,admissions4-1,stu1-8application1-8,setStatus> null
<1770,registrar4-0,transcript2-19,read> null
<1771,stu0-2,gradebook0-3,readScore> null
<1772,admissions4-0,application0-0,setStatus> null
<1773,admissions4-0,application0-1,setStatus> null
<1774,admissions4-1,stu2-4application2-4,read> null
<1775,registrar0-0,transcript4-19,read> null
<1776,admissions2-0,stu5-12application5-12,read> null
<1777,admissions4-0,application0-4,setStatus> null
<1778,admissions0-1,stu2-9application2-9,read> null
<1779,stu4-8,gradebook4-2,readMyScores> null
<1780,fac2-4,gradebook2-9,readScore> null
<1781,admissions4-0,application0-2,setStatus> null
<1782,admissions4-0,application0-3,setStatus> null
<1783,admissions4-0,stu1-11application1-11,setStatus> null
<1784,admissions2-1,stu0-19application0-19,setStatus> null
<1785,admissions0-1,stu1-12application1-12,setStatus> null
<1786,admissions2-0,stu4-4application4-4,read> null
<1787,admissions0-1,stu1-3application1-3,read> null
<1788,fac4-4,gradebook4-8,addScore> null
<1789,stu3-17,stu3-17application3-17,checkStatus> null
<1790,admissions2-0,stu1-0application1-0,setStatus> null
<1791,fac3-0,gradebook3-1,readScore> null
<1792,admissions2-0,stu3-5application3-5,setStatus> null
<1793,admissions4-1,application0-0,setStatus> null
<1794,admissions4-1,application0-1,setStatus> null
<1795,admissions4-1,application0-2,setStatus> null
<1796,admissions4-1,application0-3,setStatus> null
<1797,stu0-6,gradebook0-3,readMyScores> null
<1798,registrar0-0,transcript2-16,read> null
<1799,admissions4-1,application0-4,setStatus> null
<1800,admissions0-1,stu2-6application2-6,read> null
<1801,admissions2-1,stu4-4application4-4,read> null
<1802,admissions2-0,stu0-10application0-10,read> null
<1803,admissions2-0,stu3-11application3-11,read> null
<1804,registrar2-1,transcript1-6,read> null
<1805,admissions2-1,stu5-13application5-13,read> null
<1806,admissions0-0,stu3-18application3-18,setStatus> null
<1807,chair3,transcript3-2,read> null
<1808,registrar4-0,transcript2-16,read> null
<1809,admissions0-0,stu0-17application0-17,read> null
<1810,fac5-4,roster5-8,read> null
<1811,admissions0-1,stu1-14application1-14,read> null
<1812,admissions2-1,stu3-7application3-7,setStatus> null
<1813,registrar2-1,roster5-9,read> null
<1814,fac2-2,gradebook2-4,readScore> null
<1815,admissions4-1,stu4-15application4-15,read> null
<1816,fac3-4,gradebook3-8,addScore> null
<1817,admissions0-1,application5-0,read> null
<1818,fac3-4,gradebook3-9,addScore> null
<1819,registrar4-1,transcript1-9,read> null
<1820,admissions0-1,stu3-18application3-18,setStatus> null
<1821,admissions0-1,stu4-6application4-6,setStatus> null
<1822,admissions0-1,stu0-17application0-17,read> null
<1823,fac2-3,gradebook2-6,readScore> null
<1824,admissions0-1,stu0-1application0-1,setStatus> null
<1825,fac2-3,gradebook2-7,readScore> null
<1826,registrar4-0,roster0-9,write> null
<1827,admissions4-0,stu4-15application4-15,read> null
<1828,admissions4-1,application3-4,read> null
<1829,stu3-13,gradebook3-8,addScore> null
<1830,admissions4-1,application3-2,read> null
<1831,admissions4-1,application3-3,read> null
<1832,admissions0-1,stu3-0application3-0,setStatus> null
<1833,admissions4-0,stu5-2application5-2,setStatus> null
<1834,admissions0-0,stu1-19application1-19,read> null
<1835,stu3-8,transcript3-8,read> null
<1836,admissions4-1,stu0-4application0-4,read> null
<1837,admissions0-1,stu4-6application4-6,read> null
<1838,admissions4-1,application3-0,read> null
<1839,registrar4-1,roster2-4,read> null
<1840,admissions0-1,stu3-3application3-3,read> null
<1841,admissions4-0,application3-1,read> null
<1842,registrar4-1,transcript2-15,read> null
<1843,admissions2-1,stu2-16application2-16,setStatus> null
<1844,registrar0-1,transcript0-10,read> null
<1845,admissions4-0,application3-3,read> null
<1846,registrar2-0,transcript0-6,read> null
<1847,admissions4-1,stu3-2application3-2,read> null
<1848,admissions0-0,stu4-6application4-6,read> null
<1849,admissions0-1,stu0-8application0-8,read> null
<1850,admissions2-0,stu0-2application0-2,setStatus> null
<1851,admissions4-0,stu1-0application1-0,read> null
<1852,admissions4-0,stu3-2application3-2,read> null
<1853,admissions4-0,stu5-16application5-16,read> null
<1854,admissions0-0,stu3-11application3-11,read> null
<1855,admissions4-1,stu1-0application1-0,read> null
<1856,stu2-9,gradebook2-5,readMyScores> null
<1857,admissions0-1,stu0-13application0-13,read> null
<1858,admissions0-0,application5-2,setStatus> null
<1859,admissions4-1,stu1-19application1-19,setStatus> null
<1860,chair5,transcript5-18,read> null
<1861,stu2-4,stu2-4application2-4,checkStatus> null
<1862,fac4-3,roster4-7,read> null
<1863,chair5,transcript5-15,read> null
<1864,registrar0-1,transcript1-4,read> null
<1865,chair5,transcript5-16,read> null
<1866,registrar4-1,roster1-9,write> null
<1867,chair5,transcript5-19,read> null
<1868,chair5,transcript5-10,read> null
<1869,chair5,transcript5-14,read> null
<1870,admissions0-0,stu1-9application1-9,read> null
<1871,chair5,transcript5-11,read> null
<1872,chair5,transcript5-12,read> null
<1873,fac1-3,gradebook1-6,addScore> null
<1874,fac1-3,gradebook1-7,addScore> null
<1875,admissions4-1,stu0-14application0-14,setStatus> null
<1876,admissions0-1,stu0-17application0-17,setStatus> null
<1877,stu0-16,stu0-16application0-16,checkStatus> null
<1878,admissions0-1,stu0-3application0-3,read> null
<1879,stu5-11,gradebook5-6,readMyScores> null
<1880,fac4-1,gradebook4-3,changeScore> null
<1881,stu5-11,gradebook5-7,readMyScores> null
<1882,admissions0-0,stu5-2application5-2,setStatus> null
<1883,stu5-11,gradebook5-9,readMyScores> null
<1884,registrar4-0,transcript0-15,read> null
<1885,admissions2-0,stu3-18application3-18,read> null
<1886,admissions4-0,stu5-13application5-13,setStatus> null
<1887,registrar4-0,transcript5-12,read> null
<1888,admissions2-0,stu5-15application5-15,read> null
<1889,stu5-13,gradebook5-2,readMyScores> null
<1890,admissions0-0,stu0-17application0-17,setStatus> null
<1891,admissions4-0,stu3-11application3-11,read> null
<1892,registrar2-1,roster3-3,write> null
<1893,admissions2-1,stu4-3application4-3,read> null
<1894,registrar2-1,roster3-4,write> null
<1895,registrar2-1,roster3-5,write> null
<1896,stu5-12,gradebook5-7,readMyScores> null
<1897,registrar2-1,roster3-6,write> null
<1898,stu5-12,gradebook5-4,readMyScores> null
<1899,stu5-12,gradebook5-5,readMyScores> null
<1900,registrar2-1,roster3-1,write> null
<1901,admissions4-0,stu0-4application0-4,setStatus> null
<1902,registrar2-1,roster3-7,write> null
<1903,stu1-15,gradebook1-2,readScore> null
<1904,registrar2-1,roster3-8,write> null
<1905,registrar2-1,roster3-9,write> null
<1906,admissions4-1,stu2-19application2-19,read> null
<1907,admissions0-0,stu3-13application3-13,setStatus> null
<1908,stu1-2,gradebook1-9,readMyScores> null
<1909,stu0-19,gradebook0-7,readScore> null
<1910,admissions0-1,stu1-8application1-8,read> null
<1911,admissions4-0,stu4-7application4-7,read> null
<1912,registrar2-0,roster3-4,write> null
<1913,registrar2-0,roster3-5,write> null
<1914,registrar2-0,roster3-2,write> null
<1915,admissions2-1,stu0-13application0-13,read> null
<1916,registrar2-0,roster3-3,write> null
<1917,registrar0-0,transcript4-18,read> null
<1918,admissions4-0,stu1-12application1-12,read> null
<1919,registrar2-0,roster3-8,write> null
<1920,registrar2-0,roster3-9,write> null
<1921,admissions0-1,stu2-7application2-7,read> null
<1922,registrar2-0,roster3-6,write> null
<1923,registrar2-0,roster3-7,write> null
<1924,admissions4-0,stu0-14application0-14,read> null
<1925,stu2-11,stu2-11application2-11,checkStatus> null
<1926,admissions0-1,stu5-19application5-19,setStatus> null
<1927,admissions2-0,application4-4,setStatus> null
<1928,registrar2-0,transcript5-3,read> null
<1929,admissions4-0,stu5-8application5-8,setStatus> null
<1930,admissions4-1,stu2-14application2-14,setStatus> null
<1931,registrar0-1,roster3-6,write> null
<1932,registrar0-1,roster4-8,read> null
<1933,admissions0-0,stu1-8application1-8,read> null
<1934,admissions0-0,stu2-14application2-14,read> null
<1935,admissions0-1,stu0-6application0-6,read> null
<1936,fac2-3,gradebook2-6,addScore> null
<1937,stu2-4,gradebook2-7,readMyScores> null
<1938,admissions4-1,stu4-7application4-7,read> null
<1939,stu5-10,gradebook5-2,readMyScores> null
<1940,admissions0-0,stu3-3application3-3,read> null
<1941,stu3-11,gradebook3-5,readMyScores> null
<1942,fac2-3,gradebook2-7,addScore> null
<1943,stu5-10,gradebook5-7,readMyScores> null
<1944,registrar0-0,transcript4-6,read> null
<1945,admissions2-0,stu0-13application0-13,read> null
<1946,chair4,transcript4-9,read> null
<1947,admissions0-0,stu1-13application1-13,read> null
<1948,admissions0-0,stu0-3application0-3,read> null
<1949,admissions4-1,stu5-8application5-8,setStatus> null
<1950,admissions4-1,stu5-18application5-18,setStatus> null
<1951,admissions4-0,stu5-1application5-1,setStatus> null
<1952,admissions0-0,stu5-4application5-4,read> null
<1953,admissions2-0,application1-0,read> null
<1954,stu5-15,gradebook5-8,readMyScores> null
<1955,stu5-15,gradebook5-6,readMyScores> null
<1956,stu3-11,stu3-11application3-11,checkStatus> null
<1957,admissions2-0,stu5-15application5-15,setStatus> null
<1958,stu5-15,gradebook5-5,readMyScores> null
<1959,admissions2-0,application1-3,read> null
<1960,registrar2-0,transcript2-19,read> null
<1961,admissions0-0,stu0-6application0-6,read> null
<1962,registrar4-0,roster1-3,write> null
<1963,admissions2-0,application1-4,read> null
<1964,admissions2-0,application1-1,read> null
<1965,stu5-16,gradebook5-2,readMyScores> null
<1966,registrar0-0,transcript5-18,read> null
<1967,stu1-6,gradebook1-7,readMyScores> null
<1968,admissions2-0,application1-2,read> null
<1969,stu4-3,gradebook4-3,readMyScores> null
<1970,registrar0-1,transcript2-11,read> null
<1971,admissions0-1,stu2-14application2-14,read> null
<1972,registrar4-0,transcript3-5,read> null
<1973,admissions2-1,stu2-12application2-12,setStatus> null
<1974,stu5-19,gradebook5-5,addScore> null
<1975,registrar2-1,roster4-8,write> null
<1976,stu4-5,stu4-5application4-5,checkStatus> null
<1977,admissions4-0,stu3-14application3-14,read> null
<1978,admissions2-1,stu4-7application4-7,read> null
<1979,stu5-8,gradebook5-7,addScore> null
<1980,admissions2-0,stu0-10application0-10,setStatus> null
<1981,registrar2-1,roster5-3,write> null
<1982,registrar2-1,transcript0-13,read> null
<1983,admissions0-1,stu5-4application5-4,read> null
<1984,registrar0-1,roster1-9,read> null
<1985,admissions2-1,application1-1,read> null
<1986,admissions2-1,application1-0,read> null
<1987,admissions0-0,stu2-2application2-2,setStatus> null
<1988,stu5-16,gradebook5-8,readMyScores> null
<1989,fac4-4,roster4-8,read> null
<1990,chair0,transcript0-9,read> null
<1991,fac4-2,gradebook4-4,addScore> null
<1992,fac0-3,gradebook0-6,changeScore> null
<1993,admissions2-1,application1-2,read> null
<1994,stu5-17,gradebook5-3,readMyScores> null
<1995,registrar4-0,transcript0-19,read> null
<1996,admissions0-1,stu0-5application0-5,read> null
<1997,registrar2-0,roster0-1,write> null
<1998,admissions0-0,stu5-8application5-8,setStatus> null
<1999,admissions2-1,application1-3,read> null
<2000,stu5-17,gradebook5-4,readMyScores> null
<2001,admissions2-1,application1-4,read> null
<2002,stu5-17,gradebook5-5,readMyScores> null
<2003,admissions2-1,stu2-5application2-5,setStatus> null
<2004,stu1-15,gradebook1-2,addScore> null
<2005,registrar0-0,transcript0-0,read> null
<2006,admissions2-0,stu2-16application2-16,setStatus> null
<2007,admissions4-0,stu3-8application3-8,setStatus> null
<2008,stu5-18,gradebook5-9,addScore> null
<2009,admissions4-1,stu3-14application3-14,read> null
<2010,registrar0-1,transcript2-1,read> null
<2011,stu5-13,gradebook5-4,readMyScores> null
<2012,admissions0-1,stu1-16application1-16,setStatus> null
<2013,admissions4-0,stu4-11application4-11,read> null
<2014,stu5-13,gradebook5-3,readMyScores> null
<2015,registrar0-0,roster1-8,read> null
<2016,registrar0-0,roster1-7,read> null
<2017,chair3,transcript3-8,read> null
<2018,registrar4-0,transcript0-10,read> null
<2019,chair3,transcript3-6,read> null
<2020,registrar0-1,roster1-4,read> null
<2021,chair3,transcript3-4,read> null
<2022,registrar0-1,roster1-6,read> null
<2023,admissions2-1,stu5-5application5-5,read> null
<2024,registrar0-1,roster1-7,read> null
<2025,chair3,transcript3-3,read> null
<2026,registrar0-1,roster1-1,read> null
<2027,admissions4-1,stu3-11application3-11,read> null
<2028,admissions0-0,stu5-15application5-15,setStatus> null
<2029,chair3,transcript3-0,read> null
<2030,chair3,transcript3-1,read> null
<2031,stu5-14,gradebook5-1,readMyScores> null
<2032,registrar2-1,transcript3-11,read> null
<2033,registrar0-1,roster1-3,read> null
<2034,stu5-17,gradebook5-7,addScore> null
<2035,admissions4-0,stu0-3application0-3,setStatus> null
<2036,stu5-16,gradebook5-9,addScore> null
<2037,registrar2-0,transcript0-7,read> null
<2038,admissions2-1,stu0-13application0-13,setStatus> null
<2039,admissions2-1,stu5-15application5-15,setStatus> null
<2040,stu5-14,gradebook5-9,readMyScores> null
<2041,stu5-14,gradebook5-8,readMyScores> null
<2042,admissions4-1,stu5-1application5-1,setStatus> null
<2043,admissions0-1,stu4-9application4-9,read> null
<2044,registrar0-0,roster1-5,read> null
<2045,registrar0-0,roster1-6,read> null
<2046,registrar0-0,roster1-3,read> null
<2047,admissions0-0,stu0-11application0-11,setStatus> null
<2048,registrar0-0,roster1-4,read> null
<2049,admissions0-1,application5-1,setStatus> null
<2050,stu4-4,gradebook4-7,readMyScores> null
<2051,registrar0-0,roster1-1,read> null
<2052,registrar4-0,roster2-3,write> null
<2053,stu5-15,gradebook5-3,readMyScores> null
<2054,admissions4-1,stu3-10application3-10,read> null
<2055,admissions4-1,stu2-12application2-12,setStatus> null
<2056,admissions2-0,stu2-12application2-12,setStatus> null
<2057,registrar2-1,roster3-9,read> null
<2058,registrar0-1,roster1-1,write> null
<2059,admissions0-0,stu0-15application0-15,setStatus> null
<2060,registrar4-1,transcript2-7,read> null
<2061,registrar0-1,roster1-5,write> null
<2062,registrar0-1,roster1-6,write> null
<2063,admissions0-1,stu4-2application4-2,setStatus> null
<2064,registrar0-1,roster1-3,write> null
<2065,registrar0-1,roster1-9,write> null
<2066,registrar2-0,roster1-2,write> null
<2067,admissions0-0,application5-0,read> null
<2068,admissions2-1,stu5-17application5-17,setStatus> null
<2069,fac1-1,gradebook1-3,assignGrade> null
<2070,registrar2-1,roster3-1,read> null
<2071,admissions0-1,stu5-12application5-12,read> null
<2072,registrar2-1,roster3-3,read> null
<2073,registrar0-1,roster1-8,write> null
<2074,registrar2-1,roster3-4,read> null
<2075,registrar2-1,roster3-5,read> null
<2076,stu2-1,gradebook2-5,readMyScores> null
<2077,registrar2-1,roster3-6,read> null
<2078,registrar2-1,roster3-7,read> null
<2079,admissions2-0,stu5-8application5-8,read> null
<2080,registrar2-0,roster3-8,read> null
<2081,registrar2-0,transcript5-6,read> null
<2082,registrar2-0,roster3-9,read> null
<2083,admissions4-1,stu5-17application5-17,read> null
<2084,admissions0-0,stu0-0application0-0,read> null
<2085,admissions0-1,stu0-15application0-15,setStatus> null
<2086,admissions4-0,stu1-19application1-19,setStatus> null
<2087,registrar2-0,roster3-1,read> null
<2088,admissions2-0,stu1-10application1-10,setStatus> null
<2089,registrar2-0,roster3-2,read> null
<2090,registrar2-1,transcript0-7,read> null
<2091,admissions2-0,stu2-14application2-14,read> null
<2092,admissions0-0,stu5-12application5-12,read> null
<2093,stu4-9,gradebook4-5,addScore> null
<2094,admissions0-1,stu4-14application4-14,setStatus> null
<2095,registrar2-0,roster3-5,read> null
<2096,admissions4-0,stu0-7application0-7,read> null
<2097,registrar2-0,roster3-6,read> null
<2098,registrar0-1,transcript4-14,read> null
<2099,registrar2-0,roster3-4,read> null
<2100,admissions2-1,stu2-18application2-18,read> null
<2101,registrar2-0,transcript4-12,read> null
<2102,registrar4-0,transcript5-1,read> null
<2103,admissions0-0,stu5-13application5-13,read> null
<2104,admissions2-0,stu2-18application2-18,read> null
<2105,admissions0-1,stu1-19application1-19,read> null
<2106,admissions4-1,stu3-8application3-8,setStatus> null
<2107,stu5-18,gradebook5-1,readMyScores> null
<2108,registrar4-0,transcript5-9,read> null
<2109,stu3-15,gradebook3-4,addScore> null
<2110,stu5-18,gradebook5-6,readMyScores> null
<2111,registrar4-0,transcript5-7,read> null
<2112,registrar4-0,transcript5-6,read> null
<2113,stu5-18,gradebook5-8,readMyScores> null
<2114,registrar4-1,transcript5-0,read> null
<2115,admissions4-0,stu5-10application5-10,read> null
<2116,registrar4-1,transcript5-1,read> null
<2117,admissions2-0,stu4-2application4-2,setStatus> null
<2118,stu0-2,stu0-2application0-2,checkStatus> null
<2119,registrar4-1,transcript5-4,read> null
<2120,stu5-19,gradebook5-2,readMyScores> null
<2121,stu5-19,gradebook5-1,readMyScores> null
<2122,stu4-8,gradebook4-1,readScore> null
<2123,registrar4-1,transcript5-6,read> null
<2124,admissions2-0,stu0-16application0-16,read> null
<2125,registrar4-1,transcript5-5,read> null
<2126,registrar4-1,transcript5-8,read> null
<2127,stu5-19,gradebook5-6,readMyScores> null
<2128,registrar4-1,transcript5-9,read> null
<2129,stu3-13,gradebook3-7,readMyScores> null
<2130,stu5-1,gradebook5-6,readMyScores> null
<2131,stu5-1,gradebook5-7,readMyScores> null
<2132,stu5-1,gradebook5-1,readMyScores> null
<2133,admissions0-1,stu0-12application0-12,read> null
<2134,admissions0-0,stu5-0application5-0,read> null
<2135,admissions4-0,stu0-1application0-1,setStatus> null
<2136,fac2-2,gradebook2-4,assignGrade> null
<2137,admissions0-0,stu2-9application2-9,read> null
<2138,admissions2-0,stu5-0application5-0,read> null
<2139,stu3-14,gradebook3-7,readMyScores> null
<2140,stu3-14,gradebook3-3,readMyScores> null
<2141,stu3-14,gradebook3-2,readMyScores> null
<2142,registrar4-1,transcript4-18,read> null
<2143,admissions0-1,stu4-12application4-12,setStatus> null
<2144,stu5-0,gradebook5-2,readMyScores> null
<2145,admissions2-1,stu1-8application1-8,read> null
<2146,stu5-0,gradebook5-6,readMyScores> null
<2147,admissions0-1,application1-2,read> null
<2148,stu5-0,gradebook5-8,readMyScores> null
<2149,admissions4-1,stu4-6application4-6,read> null
<2150,stu3-15,gradebook3-6,readMyScores> null
<2151,admissions4-1,stu4-3application4-3,read> null
<2152,stu3-15,gradebook3-5,readMyScores> null
<2153,stu3-15,gradebook3-9,readMyScores> null
<2154,admissions0-1,stu3-16application3-16,read> null
<2155,admissions0-1,stu1-14application1-14,setStatus> null
<2156,admissions4-0,stu4-10application4-10,setStatus> null
<2157,admissions0-0,stu4-12application4-12,setStatus> null
<2158,stu4-7,transcript4-7,read> null
<2159,admissions4-0,stu3-12application3-12,setStatus> null
<2160,stu1-12,gradebook1-4,addScore> null
<2161,admissions4-0,stu2-17application2-17,setStatus> null
<2162,registrar4-1,roster3-9,read> null
<2163,stu3-16,gradebook3-1,readMyScores> null
<2164,stu3-16,gradebook3-5,readMyScores> null
<2165,stu3-16,gradebook3-4,readMyScores> null
<2166,admissions2-0,stu1-17application1-17,setStatus> null
<2167,admissions4-0,stu0-9application0-9,setStatus> null
<2168,stu5-14,stu5-14application5-14,checkStatus> null
<2169,stu3-16,gradebook3-9,readMyScores> null
<2170,registrar4-1,roster3-1,write> null
<2171,stu1-19,gradebook1-6,addScore> null
<2172,admissions2-1,stu5-12application5-12,read> null
<2173,registrar4-1,roster3-2,write> null
<2174,registrar4-1,roster3-3,write> null
<2175,registrar4-1,roster3-4,write> null
<2176,stu1-13,gradebook1-2,addScore> null
<2177,registrar0-0,roster4-8,write> null
<2178,admissions2-1,stu4-1application4-1,setStatus> null
<2179,registrar4-1,roster3-5,write> null
<2180,stu2-17,gradebook2-8,readMyScores> null
<2181,registrar4-1,roster1-4,write> null
<2182,registrar4-1,roster3-6,write> null
<2183,registrar4-1,roster3-7,write> null
<2184,registrar4-1,roster3-8,write> null
<2185,registrar4-1,roster3-9,write> null
<2186,stu3-17,gradebook3-1,readMyScores> null
<2187,stu3-17,gradebook3-3,readMyScores> null
<2188,stu3-17,gradebook3-8,readMyScores> null
<2189,admissions2-0,stu4-13application4-13,read> null
<2190,stu3-10,gradebook3-1,readMyScores> null
<2191,admissions2-1,stu2-19application2-19,read> null
<2192,stu3-10,gradebook3-3,readMyScores> null
<2193,admissions4-1,stu2-10application2-10,setStatus> null
<2194,admissions2-1,stu0-3application0-3,setStatus> null
<2195,admissions4-1,stu4-10application4-10,setStatus> null
<2196,stu3-10,gradebook3-8,readMyScores> null
<2197,admissions2-0,stu4-10application4-10,setStatus> null
<2198,admissions0-0,stu2-10application2-10,setStatus> null
<2199,stu3-11,gradebook3-4,readMyScores> null
<2200,admissions0-1,stu2-12application2-12,read> null
<2201,registrar2-0,roster5-9,write> null
<2202,admissions2-0,stu1-3application1-3,setStatus> null
<2203,admissions2-1,stu1-17application1-17,setStatus> null
<2204,admissions4-1,stu0-9application0-9,setStatus> null
<2205,admissions2-1,stu5-16application5-16,read> null
<2206,admissions0-0,application1-1,setStatus> null
<2207,admissions0-0,application1-2,setStatus> null
<2208,admissions0-1,stu0-7application0-7,setStatus> null
<2209,admissions0-0,application1-3,setStatus> null
<2210,admissions0-0,application1-4,setStatus> null
<2211,stu3-11,gradebook3-6,readMyScores> null
<2212,admissions2-1,stu1-1application1-1,setStatus> null
<2213,admissions0-1,stu3-3application3-3,setStatus> null
<2214,stu4-2,gradebook4-1,readScore> null
<2215,registrar4-0,roster4-3,read> null
<2216,registrar4-0,roster4-2,read> null
<2217,admissions2-1,stu4-10application4-10,setStatus> null
<2218,stu3-11,gradebook3-8,readMyScores> null
<2219,registrar4-0,roster4-1,read> null
<2220,registrar4-0,roster4-7,read> null
<2221,registrar4-0,roster4-6,read> null
<2222,stu3-12,gradebook3-2,readMyScores> null
<2223,stu3-12,gradebook3-4,readMyScores> null
<2224,admissions0-0,stu2-12application2-12,read> null
<2225,admissions4-0,stu4-6application4-6,read> null
<2226,admissions4-1,stu5-13application5-13,setStatus> null
<2227,admissions2-0,stu2-6application2-6,setStatus> null
<2228,admissions0-0,application1-0,setStatus> null
<2229,stu4-18,gradebook4-7,addScore> null
<2230,admissions0-1,application1-4,setStatus> null
<2231,admissions0-1,application1-2,setStatus> null
<2232,admissions0-1,application1-3,setStatus> null
<2233,stu2-15,stu2-15application2-15,checkStatus> null
<2234,fac4-4,gradebook4-8,readScore> null
<2235,admissions0-0,application5-1,setStatus> null
<2236,registrar4-1,roster4-2,read> null
<2237,stu3-12,gradebook3-7,readMyScores> null
<2238,stu4-4,gradebook4-9,readMyScores> null
<2239,registrar4-0,roster3-6,read> null
<2240,stu1-13,gradebook1-8,readMyScores> null
<2241,registrar4-1,roster4-4,read> null
<2242,registrar4-1,roster4-3,read> null
<2243,registrar4-1,roster4-5,read> null
<2244,admissions2-0,application5-4,read> null
<2245,registrar4-1,roster4-8,read> null
<2246,registrar4-1,roster4-7,read> null
<2247,registrar4-0,roster4-9,read> null
<2248,admissions4-0,stu3-6application3-6,setStatus> null
<2249,stu3-13,gradebook3-6,readMyScores> null
<2250,admissions4-0,stu2-10application2-10,setStatus> null
<2251,admissions2-0,stu0-3application0-3,setStatus> null
<2252,admissions4-1,stu4-13application4-13,setStatus> null
<2253,admissions0-1,application1-1,setStatus> null
<2254,registrar0-0,roster4-9,read> null
<2255,stu4-19,gradebook4-7,addScore> null
<2256,admissions4-1,stu0-1application0-1,setStatus> null
<2257,stu5-16,gradebook5-9,readScore> null
<2258,registrar2-0,transcript4-18,read> null
<2259,registrar4-0,transcript2-18,read> null
<2260,registrar2-0,transcript4-17,read> null
<2261,admissions2-0,stu0-15application0-15,read> null
<2262,registrar4-0,transcript4-13,read> null
<2263,registrar4-0,transcript2-15,read> null
<2264,admissions4-0,stu0-6application0-6,read> null
<2265,admissions0-1,stu0-0application0-0,setStatus> null
<2266,admissions2-0,stu4-0application4-0,read> null
<2267,admissions4-0,stu0-7application0-7,setStatus> null
<2268,admissions2-1,stu5-16application5-16,setStatus> null
<2269,admissions2-0,stu4-19application4-19,setStatus> null
<2270,chair1,transcript1-17,read> null
<2271,admissions0-1,stu2-9application2-9,setStatus> null
<2272,stu1-17,gradebook1-5,readScore> null
<2273,admissions0-0,stu4-9application4-9,setStatus> null
<2274,admissions2-1,stu1-10application1-10,read> null
<2275,admissions4-0,stu3-3application3-3,read> null
<2276,admissions4-0,stu1-1application1-1,read> null
<2277,registrar0-0,transcript5-8,read> null
<2278,admissions2-1,stu5-18application5-18,read> null
<2279,admissions0-1,stu1-8application1-8,setStatus> null
<2280,stu5-9,gradebook5-2,readMyScores> null
<2281,registrar2-1,transcript4-14,read> null
<2282,registrar4-1,transcript2-14,read> null
<2283,stu5-9,gradebook5-4,readMyScores> null
<2284,registrar4-1,transcript0-18,read> null
<2285,registrar2-1,transcript4-12,read> null
<2286,stu5-9,gradebook5-6,readMyScores> null
<2287,admissions4-1,application5-3,setStatus> null
<2288,registrar4-1,transcript2-10,read> null
<2289,admissions0-1,stu4-8application4-8,setStatus> null
<2290,stu5-9,gradebook5-9,readMyScores> null
<2291,registrar4-1,transcript2-19,read> null
<2292,registrar4-1,transcript2-16,read> null
<2293,stu4-17,gradebook4-7,addScore> null
<2294,admissions0-1,application5-3,setStatus> null
<2295,registrar2-1,transcript4-17,read> null
<2296,registrar4-1,transcript2-17,read> null
<2297,admissions4-1,stu5-4application5-4,setStatus> null
<2298,admissions2-1,stu4-19application4-19,setStatus> null
<2299,admissions4-0,stu3-5application3-5,setStatus> null
<2300,admissions2-0,stu5-16application5-16,setStatus> null
<2301,admissions4-0,stu1-2application1-2,setStatus> null
<2302,stu5-8,gradebook5-9,readMyScores> null
<2303,admissions2-0,stu5-11application5-11,read> null
<2304,admissions0-0,stu1-3application1-3,read> null
<2305,admissions4-1,stu0-18application0-18,setStatus> null
<2306,admissions2-0,stu5-18application5-18,read> null
<2307,admissions2-1,stu0-2application0-2,setStatus> null
<2308,stu5-4,gradebook5-4,readMyScores> null
<2309,admissions0-0,stu5-9application5-9,setStatus> null
<2310,admissions0-1,stu4-9application4-9,setStatus> null
<2311,registrar4-1,transcript1-0,read> null
<2312,admissions2-0,stu1-10application1-10,read> null
<2313,stu5-8,gradebook5-3,readMyScores> null
<2314,registrar0-0,transcript3-9,read> null
<2315,stu5-8,gradebook5-1,readMyScores> null
<2316,stu1-14,stu1-14application1-14,checkStatus> null
<2317,registrar0-1,transcript2-15,read> null
<2318,stu2-14,stu2-14application2-14,checkStatus> null
<2319,stu5-8,gradebook5-5,readMyScores> null
<2320,stu4-14,gradebook4-6,addScore> null
<2321,admissions4-1,stu1-3application1-3,read> null
<2322,registrar0-1,transcript1-0,read> null
<2323,registrar0-1,transcript1-1,read> null
<2324,registrar0-1,transcript1-7,read> null
<2325,stu5-7,transcript5-7,read> null
<2326,registrar0-1,transcript1-9,read> null
<2327,registrar0-1,transcript1-3,read> null
<2328,stu5-7,gradebook5-8,readMyScores> null
<2329,stu5-7,gradebook5-9,readMyScores> null
<2330,registrar0-1,transcript1-5,read> null
<2331,registrar0-1,transcript1-6,read> null
<2332,registrar2-1,roster1-5,write> null
<2333,registrar0-0,transcript2-7,read> null
<2334,stu5-7,gradebook5-4,readMyScores> null
<2335,admissions4-0,stu1-16application1-16,read> null
<2336,stu5-7,gradebook5-1,readMyScores> null
<2337,registrar0-0,transcript1-1,read> null
<2338,stu1-13,gradebook1-2,readScore> null
<2339,registrar0-0,transcript1-0,read> null
<2340,admissions0-0,stu0-0application0-0,setStatus> null
<2341,admissions2-1,stu4-0application4-0,read> null
<2342,admissions4-1,application5-2,read> null
<2343,admissions4-1,stu0-17application0-17,read> null
<2344,registrar0-0,transcript1-9,read> null
<2345,registrar0-0,transcript1-5,read> null
<2346,registrar0-0,transcript1-2,read> null
<2347,stu5-6,gradebook5-8,readMyScores> null
<2348,admissions2-0,stu5-3application5-3,read> null
<2349,stu5-6,gradebook5-6,readMyScores> null
<2350,stu5-6,gradebook5-3,readMyScores> null
<2351,stu5-6,gradebook5-4,readMyScores> null
<2352,registrar0-1,transcript3-14,read> null
<2353,registrar2-0,transcript4-11,read> null
<2354,registrar2-0,transcript2-16,read> null
<2355,stu1-4,gradebook1-4,readMyScores> null
<2356,registrar2-0,transcript4-13,read> null
<2357,registrar4-0,transcript3-8,read> null
<2358,registrar4-0,transcript2-13,read> null
<2359,admissions4-1,stu1-16application1-16,read> null
<2360,admissions4-0,stu3-16application3-16,setStatus> null
<2361,stu1-12,gradebook1-4,readScore> null
<2362,stu3-18,gradebook3-6,readMyScores> null
<2363,admissions0-1,stu4-17application4-17,read> null
<2364,registrar0-0,roster4-1,read> null
<2365,registrar2-1,transcript0-8,read> null
<2366,registrar2-1,transcript0-9,read> null
<2367,registrar4-0,transcript1-10,read> null
<2368,registrar2-1,transcript0-6,read> null
<2369,stu3-18,gradebook3-1,readMyScores> null
<2370,stu4-12,gradebook4-3,addScore> null
<2371,registrar2-1,transcript0-1,read> null
<2372,registrar2-1,transcript0-0,read> null
<2373,stu5-5,gradebook5-1,readMyScores> null
<2374,stu2-19,gradebook2-7,readScore> null
<2375,registrar2-1,transcript0-5,read> null
<2376,registrar2-1,roster0-6,write> null
<2377,stu5-5,gradebook5-3,readMyScores> null
<2378,registrar4-0,roster3-9,write> null
<2379,registrar2-1,transcript0-4,read> null
<2380,registrar4-0,roster3-8,write> null
<2381,admissions0-1,stu5-2application5-2,setStatus> null
<2382,admissions4-0,stu5-15application5-15,read> null
<2383,admissions2-1,application5-2,read> null
<2384,registrar2-1,transcript0-2,read> null
<2385,registrar4-0,roster3-5,write> null
<2386,registrar0-1,transcript5-16,read> null
<2387,stu5-5,gradebook5-9,readMyScores> null
<2388,registrar4-0,roster3-7,write> null
<2389,stu5-5,gradebook5-8,readMyScores> null
<2390,admissions0-1,stu0-1application0-1,read> null
<2391,registrar4-0,roster3-6,write> null
<2392,registrar4-0,roster3-1,write> null
<2393,registrar4-0,roster3-3,write> null
<2394,stu2-0,gradebook2-5,readMyScores> null
<2395,registrar4-0,roster3-2,write> null
<2396,admissions4-1,stu3-16application3-16,setStatus> null
<2397,registrar2-0,transcript0-5,read> null
<2398,admissions4-0,stu1-3application1-3,read> null
<2399,admissions4-0,stu0-10application0-10,setStatus> null
<2400,stu3-19,gradebook3-2,readMyScores> null
<2401,stu3-19,gradebook3-4,readMyScores> null
<2402,registrar2-0,transcript0-9,read> null
<2403,stu1-1,gradebook1-9,readMyScores> null
<2404,registrar2-0,transcript0-0,read> null
<2405,registrar2-0,transcript0-2,read> null
<2406,fac5-1,gradebook5-3,changeScore> null
<2407,registrar2-0,transcript0-1,read> null
<2408,stu5-4,gradebook5-3,readMyScores> null
<2409,registrar2-0,transcript0-4,read> null
<2410,registrar4-1,roster1-6,read> null
<2411,registrar2-0,transcript0-3,read> null
<2412,stu5-4,gradebook5-1,readMyScores> null
<2413,stu5-4,gradebook5-8,readMyScores> null
<2414,admissions0-0,application1-3,read> null
<2415,admissions0-0,application1-4,read> null
<2416,stu4-5,transcript4-5,read> null
<2417,admissions2-1,application1-2,setStatus> null
<2418,admissions0-0,application1-1,read> null
<2419,admissions0-0,application1-2,read> null
<2420,admissions4-1,stu0-9application0-9,read> null
<2421,admissions0-0,application1-0,read> null
<2422,admissions4-0,stu5-4application5-4,setStatus> null
<2423,stu1-5,gradebook1-3,readScore> null
<2424,admissions0-1,stu2-11application2-11,read> null
<2425,admissions4-1,stu4-11application4-11,setStatus> null
<2426,admissions4-1,stu3-12application3-12,read> null
<2427,stu5-3,gradebook5-8,readMyScores> null
<2428,admissions2-1,stu5-11application5-11,read> null
<2429,stu5-3,gradebook5-4,readMyScores> null
<2430,stu2-7,gradebook2-6,readMyScores> null
<2431,stu5-3,gradebook5-7,readMyScores> null
<2432,app2-4,application2-4,checkStatus> null
<2433,admissions0-1,application1-4,read> null
<2434,registrar4-1,transcript1-13,read> null
<2435,registrar4-0,transcript4-12,read> null
<2436,admissions4-0,stu1-9application1-9,read> null
<2437,stu5-1,stu5-1application5-1,checkStatus> null
<2438,admissions0-1,application1-0,read> null
<2439,admissions0-1,application1-1,read> null
<2440,admissions0-1,application1-3,read> null
<2441,admissions2-1,stu5-0application5-0,read> null
<2442,registrar2-0,transcript0-15,read> null
<2443,registrar4-0,roster2-6,read> null
<2444,admissions0-0,stu2-11application2-11,read> null
<2445,registrar4-0,transcript3-3,read> null
<2446,admissions4-0,stu4-11application4-11,setStatus> null
<2447,admissions2-1,stu0-16application0-16,read> null
<2448,admissions4-1,stu5-15application5-15,read> null
<2449,admissions0-1,stu1-4application1-4,read> null
<2450,admissions0-0,stu0-12application0-12,read> null
<2451,admissions0-0,stu1-8application1-8,setStatus> null
<2452,admissions4-0,stu3-12application3-12,read> null
<2453,stu5-2,gradebook5-9,readMyScores> null
<2454,stu5-2,gradebook5-6,readMyScores> null
<2455,admissions2-0,stu1-17application1-17,read> null
<2456,stu1-17,gradebook1-5,addScore> null
<2457,stu5-2,gradebook5-3,readMyScores> null
<2458,registrar2-0,roster1-5,write> null
<2459,admissions4-0,stu5-15application5-15,setStatus> null
<2460,admissions2-1,stu4-18application4-18,setStatus> null
<2461,registrar4-1,transcript1-6,read> null
<2462,admissions2-1,stu1-18application1-18,setStatus> null
<2463,admissions0-0,stu4-1application4-1,setStatus> null
<2464,admissions2-1,stu3-3application3-3,read> null
<2465,stu4-18,stu4-18application4-18,checkStatus> null
<2466,registrar4-1,roster3-3,read> null
<2467,fac4-1,gradebook4-3,readScore> null
<2468,admissions2-0,application2-4,read> null
<2469,fac0-1,gradebook0-3,addScore> null
<2470,admissions2-1,stu4-5application4-5,read> null
<2471,admissions2-0,application2-1,read> null
<2472,registrar4-1,transcript1-7,read> null
<2473,admissions2-0,application2-0,read> null
<2474,admissions4-1,stu5-4application5-4,read> null
<2475,admissions2-0,application2-3,read> null
<2476,registrar4-0,transcript1-4,read> null
<2477,registrar4-0,transcript1-5,read> null
<2478,admissions2-1,application2-0,read> null
<2479,admissions0-1,stu3-18application3-18,read> null
<2480,stu1-13,transcript1-13,read> null
<2481,registrar4-0,transcript1-2,read> null
<2482,registrar4-0,transcript1-3,read> null
<2483,registrar4-0,transcript1-0,read> null
<2484,registrar4-0,transcript1-1,read> null
<2485,admissions4-1,stu5-5application5-5,setStatus> null
<2486,admissions0-1,stu3-12application3-12,setStatus> null
<2487,admissions2-1,application2-4,read> null
<2488,registrar4-0,transcript1-8,read> null
<2489,registrar0-0,roster3-6,write> null
<2490,admissions2-1,application2-3,read> null
<2491,registrar0-1,transcript5-1,read> null
<2492,registrar4-0,transcript1-7,read> null
<2493,admissions2-1,application2-2,read> null
<2494,registrar2-1,roster2-5,read> null
<2495,admissions4-0,stu3-17application3-17,read> null
<2496,admissions4-1,stu3-9application3-9,read> null
<2497,admissions4-0,stu0-13application0-13,setStatus> null
<2498,stu3-8,gradebook3-7,readMyScores> null
<2499,admissions4-0,stu5-5application5-5,setStatus> null
<2500,stu3-8,gradebook3-3,readMyScores> null
<2501,stu3-8,gradebook3-2,readMyScores> null
<2502,stu3-9,gradebook3-1,readMyScores> null
<2503,admissions4-1,stu3-17application3-17,read> null
<2504,admissions2-0,stu5-17application5-17,read> null
<2505,admissions0-0,stu0-19application0-19,setStatus> null
<2506,admissions0-0,stu3-14application3-14,setStatus> null
<2507,admissions4-1,stu0-13application0-13,setStatus> null
<2508,admissions4-0,stu3-9application3-9,read> null
<2509,stu3-9,gradebook3-6,readMyScores> null
<2510,admissions2-0,stu3-3application3-3,read> null
<2511,admissions2-0,stu4-18application4-18,setStatus> null
<2512,stu3-9,gradebook3-5,readMyScores> null
<2513,admissions4-1,stu2-13application2-13,read> null
<2514,admissions4-0,stu5-4application5-4,read> null
<2515,admissions4-0,stu4-8application4-8,read> null
<2516,admissions4-1,application4-0,read> null
<2517,stu0-19,stu0-19application0-19,checkStatus> null
<2518,fac1-0,gradebook1-1,assignGrade> null
<2519,stu3-6,gradebook3-6,readMyScores> null
<2520,registrar0-0,transcript2-9,read> null
<2521,stu3-6,gradebook3-4,readMyScores> null
<2522,stu3-6,gradebook3-3,readMyScores> null
<2523,admissions2-0,stu3-13application3-13,setStatus> null
<2524,registrar0-0,transcript2-6,read> null
<2525,registrar4-0,transcript4-15,read> null
<2526,admissions2-0,stu3-9application3-9,read> null
<2527,registrar4-1,transcript5-12,read> null
<2528,registrar0-0,transcript2-5,read> null
<2529,registrar4-1,transcript5-13,read> null
<2530,admissions2-1,stu5-10application5-10,read> null
<2531,registrar0-0,transcript2-8,read> null
<2532,registrar4-1,transcript5-10,read> null
<2533,registrar4-1,transcript5-11,read> null
<2534,admissions0-1,stu2-19application2-19,setStatus> null
<2535,registrar4-1,transcript2-6,read> null
<2536,registrar0-0,transcript2-2,read> null
<2537,registrar4-1,transcript5-16,read> null
<2538,registrar0-0,transcript2-1,read> null
<2539,registrar4-1,transcript5-17,read> null
<2540,admissions4-0,stu2-9application2-9,read> null
<2541,stu5-4,gradebook5-9,addScore> null
<2542,stu2-13,gradebook2-4,readScore> null
<2543,stu2-10,gradebook2-5,readMyScores> null
<2544,registrar0-0,transcript2-4,read> null
<2545,registrar4-1,transcript5-14,read> null
<2546,stu2-10,gradebook2-2,readMyScores> null
<2547,registrar0-0,transcript2-3,read> null
<2548,registrar4-1,transcript5-15,read> null
<2549,registrar4-0,transcript5-19,read> null
<2550,stu5-16,stu5-16application5-16,checkStatus> null
<2551,registrar4-0,transcript5-18,read> null
<2552,registrar4-0,transcript5-17,read> null
<2553,admissions4-1,application4-3,read> null
<2554,admissions0-1,stu4-16application4-16,setStatus> null
<2555,admissions2-1,stu3-15application3-15,setStatus> null
<2556,admissions2-1,stu1-3application1-3,read> null
<2557,admissions4-1,application4-4,read> null
<2558,admissions4-1,application4-1,read> null
<2559,admissions4-0,stu3-2application3-2,setStatus> null
<2560,admissions4-1,stu4-9application4-9,read> null
<2561,registrar2-1,roster4-9,write> null
<2562,admissions4-1,application4-2,read> null
<2563,stu3-7,gradebook3-5,readMyScores> null
<2564,registrar0-1,transcript2-9,read> null
<2565,registrar4-0,transcript5-10,read> null
<2566,admissions4-0,stu5-8application5-8,read> null
<2567,admissions0-1,stu3-6application3-6,read> null
<2568,registrar2-1,transcript1-4,read> null
<2569,stu3-7,gradebook3-8,readMyScores> null
<2570,registrar0-1,transcript2-7,read> null
<2571,registrar4-0,transcript5-11,read> null
<2572,registrar0-1,transcript2-6,read> null
<2573,chair1,transcript1-10,read> null
<2574,admissions2-0,stu1-13application1-13,setStatus> null
<2575,registrar4-0,transcript5-13,read> null
<2576,registrar0-0,roster3-6,read> null
<2577,stu2-11,gradebook2-3,readMyScores> null
<2578,registrar0-1,transcript2-4,read> null
<2579,registrar4-0,transcript5-14,read> null
<2580,stu2-11,gradebook2-4,readMyScores> null
<2581,chair0,transcript0-3,read> null
<2582,registrar0-1,transcript2-3,read> null
<2583,registrar4-0,transcript5-15,read> null
<2584,registrar4-0,transcript5-16,read> null
<2585,registrar0-1,transcript2-0,read> null
<2586,stu2-10,gradebook2-7,readMyScores> null
<2587,admissions4-1,stu3-19application3-19,setStatus> null
<2588,registrar0-0,transcript0-16,read> null
<2589,admissions2-1,stu1-4application1-4,read> null
<2590,admissions4-0,stu4-9application4-9,read> null
<2591,admissions2-0,application3-3,setStatus> null
<2592,admissions4-0,application4-1,read> null
<2593,registrar2-1,roster4-5,write> null
<2594,admissions4-0,application4-3,read> null
<2595,stu3-4,gradebook3-4,readMyScores> null
<2596,admissions2-1,stu1-12application1-12,read> null
<2597,registrar2-0,roster0-8,write> null
<2598,admissions2-0,stu1-12application1-12,read> null
<2599,admissions4-1,stu5-13application5-13,read> null
<2600,registrar4-0,transcript2-1,read> null
<2601,registrar2-0,roster5-8,read> null
<2602,admissions4-0,stu4-12application4-12,read> null
<2603,registrar2-0,roster0-7,write> null
<2604,registrar4-0,transcript2-4,read> null
<2605,stu3-4,gradebook3-1,readMyScores> null
<2606,stu0-1,transcript0-1,read> null
<2607,registrar2-0,roster0-3,write> null
<2608,stu1-3,stu1-3application1-3,checkStatus> null
<2609,registrar2-0,roster0-2,write> null
<2610,admissions2-1,stu5-18application5-18,setStatus> null
<2611,fac3-4,gradebook3-9,assignGrade> null
<2612,stu3-4,gradebook3-7,readMyScores> null
<2613,stu3-4,gradebook3-5,readMyScores> null
<2614,registrar2-0,roster0-9,write> null
<2615,admissions4-0,stu3-19application3-19,setStatus> null
<2616,stu2-15,gradebook2-4,readScore> null
<2617,registrar4-0,transcript2-6,read> null
<0,registrar4-0,transcript2-7,read> 2.2896957346262942E-4
<1,registrar4-0,transcript2-8,read> 2.277752092454803E-4
<2,registrar4-1,transcript2-5,read> 2.301142695122038E-4
<3,registrar4-1,transcript2-4,read> 2.361792184121521E-4
<4,registrar4-1,transcript2-3,read> 2.373922081921417E-4
<5,registrar0-1,transcript4-9,read> 2.0441157484110825E-4
<6,stu3-5,gradebook3-5,readMyScores> 3.4989299911565526E-5
<7,registrar4-1,transcript2-2,read> 2.3375323885217275E-4
<8,stu3-5,gradebook3-4,readMyScores> 3.561354861905977E-5
<9,registrar4-1,transcript2-1,read> 2.3496622863216238E-4
<10,stu3-5,gradebook3-7,readMyScores> 5.581203396581712E-5
<11,stu3-5,gradebook3-9,readMyScores> 5.313812221879221E-5
<12,registrar4-1,transcript2-8,read> 2.3132725929219346E-4
<13,registrar4-1,transcript2-9,read> 2.4103117753211068E-4
<14,admissions0-0,stu4-16application4-16,setStatus> 1.9837283579355594E-4
<15,admissions2-0,stu4-5application4-5,read> 7.583089512847976E-5
<16,admissions2-0,application2-0,setStatus> 5.7207831357791605E-5
<17,admissions4-1,application5-0,read> 1.8710729347537814E-4
<18,admissions2-0,application2-1,setStatus> 5.7764824442005406E-5
<19,stu5-9,stu5-9application5-9,checkStatus> 3.110169054855463E-4
<20,stu2-14,gradebook2-3,readMyScores> 8.840252131205029E-5
<21,stu3-2,gradebook3-3,readMyScores> 4.112370038473247E-5
<22,admissions0-1,stu5-6application5-6,setStatus> 3.9255408468650366E-5
<23,stu2-14,gradebook2-5,readMyScores> 1.1909647174292619E-4
<24,stu3-2,gradebook3-5,readMyScores> 3.4606903191220545E-5
<25,admissions4-1,stu2-9application2-9,setStatus> 2.0186939057571966E-4
<26,registrar2-1,roster0-4,write> 1.499562323881459E-4
<27,admissions2-1,stu2-9application2-9,read> 1.692358299217039E-4
<28,admissions2-0,application2-4,setStatus> 6.444874145257092E-5
<29,admissions2-0,application2-2,setStatus> 5.83218175262192E-5
<30,stu2-14,gradebook2-6,readScore> 1.1606215358212327E-4
<31,registrar2-1,roster0-1,write> 1.4588304774122452E-4
<32,admissions2-1,application2-0,setStatus> 5.5373512115858414E-5
<33,admissions2-1,application2-1,setStatus> 5.591264570238198E-5
<34,admissions2-1,application2-2,setStatus> 5.6451779288905554E-5
<35,admissions4-1,stu0-16application0-16,setStatus> 1.3509049627476906E-4
<36,stu3-3,gradebook3-6,readMyScores> 4.358582878115115E-5
<37,admissions0-0,stu5-6application5-6,setStatus> 3.9388703573807074E-5
<38,chair0,transcript0-8,read> 6.465473935707518E-4
<39,stu2-15,gradebook2-3,readMyScores> 8.897102627225641E-5
<40,admissions0-0,stu0-16application0-16,read> 1.3857567120824832E-4
<41,stu3-3,gradebook3-5,readMyScores> 3.422450647087557E-5
<42,admissions2-0,stu2-9application2-9,read> 1.748419857783235E-4
<43,admissions2-1,application2-4,setStatus> 6.238224874066484E-5
<44,registrar0-0,roster4-9,write> 7.19041702709486E-5
<45,registrar2-1,roster0-5,write> 1.493743488671571E-4
<46,registrar0-1,transcript3-12,read> 3.539259523481247E-4
<47,admissions0-1,stu2-5application2-5,setStatus> 1.7797794055884262E-4
<48,admissions2-1,application2-3,setStatus> 6.130398156761769E-5
<49,registrar2-1,roster0-2,write> 1.4821058182517958E-4
<50,registrar2-1,roster0-3,write> 1.4704681478320205E-4
<51,registrar2-1,roster0-8,write> 1.604301357659436E-4
<52,stu3-3,gradebook3-3,readMyScores> 4.066929485561939E-5
<53,admissions0-0,stu4-12application4-12,read> 1.890811698088457E-4
<54,registrar0-1,roster0-9,read> 2.1233832960431098E-4
<55,registrar2-1,roster0-7,write> 1.5053811590913464E-4
<56,registrar4-1,transcript4-13,read> 4.363225321104448E-4
<57,admissions4-0,stu3-13application3-13,setStatus> 1.3346323558418186E-4
<58,registrar2-1,roster5-2,write> 1.0340555070904479E-4
<59,registrar4-0,roster1-4,write> 1.7321856363677998E-4
<60,admissions2-1,stu2-9application2-9,setStatus> 1.9231344309284537E-4
<61,admissions2-0,stu1-4application1-4,read> 1.9052691102978392E-4
<62,admissions0-0,stu2-15application2-15,setStatus> 4.664524072906533E-5
<63,stu2-12,gradebook2-7,readMyScores> 1.0001546920064436E-4
<64,admissions2-0,application3-2,setStatus> 1.390858147372191E-4
<65,stu2-12,gradebook2-1,readMyScores> 1.9557977785724816E-4
<66,admissions0-0,stu0-10application0-10,setStatus> 2.570848182315545E-4
<67,stu3-0,gradebook3-2,readMyScores> 7.46558009154291E-5
<68,stu2-12,gradebook2-3,readMyScores> 8.953953123246252E-5
<69,admissions4-0,stu0-16application0-16,setStatus> 1.3402469354281823E-4
<70,stu3-0,gradebook3-4,readMyScores> 3.6781205950832207E-5
<71,admissions4-0,stu2-11application2-11,setStatus> 7.675598176191073E-5
<72,chair0,transcript0-1,read> 9.849988202976219E-4
<73,admissions0-0,stu3-2application3-2,read> 5.788297804177661E-5
<74,admissions2-0,stu2-9application2-9,setStatus> 1.986840747480949E-4
<75,stu1-3,gradebook1-7,readScore> 8.44053123261775E-5
<76,admissions0-1,stu5-11application5-11,read> 1.2306419888664683E-4
<77,admissions0-1,stu2-15application2-15,setStatus> 4.6487388814584564E-5
<78,admissions2-1,stu1-10application1-10,setStatus> 1.1683474097954546E-4
<79,registrar4-1,transcript5-18,read> 2.5118996693952403E-5
<80,registrar4-1,transcript5-19,read> 2.2693017133973095E-5
<81,stu3-1,gradebook3-8,readMyScores> 7.374041746453322E-5
<82,registrar4-0,roster1-5,read> 2.4272592509610958E-4
<83,chair1,transcript1-19,read> 1.8763020478855454E-4
<84,admissions0-1,stu4-12application4-12,read> 1.8844130121389193E-4
<85,registrar2-0,transcript2-13,read> 3.498906077489556E-4
<86,stu2-13,gradebook2-7,readMyScores> 1.0065048805271195E-4
<87,admissions4-0,stu5-3application5-3,read> 1.4363404650487928E-4
<88,admissions2-1,application3-2,setStatus> 1.346261493348233E-4
<89,stu3-1,gradebook3-4,readMyScores> 3.652172654377166E-5
<90,stu2-13,gradebook2-2,readMyScores> 1.358283063085698E-4
<91,registrar0-1,roster3-3,read> 1.2593749691310445E-4
<92,admissions4-1,stu3-4application3-4,setStatus> 5.5861299646522594E-5
<93,admissions4-1,stu2-11application2-11,setStatus> 7.736636730276094E-5
<94,admissions2-1,stu1-6application1-6,setStatus> 2.7338565616632735E-5
<95,stu2-18,gradebook2-3,readMyScores> 9.067654115287473E-5
<96,admissions4-0,stu2-18application2-18,setStatus> 1.6939654493690814E-4
<97,stu2-18,gradebook2-6,readMyScores> 1.371953363449991E-4
<98,stu2-18,gradebook2-7,readMyScores> 1.0128550690477953E-4
<99,admissions4-0,stu3-4application3-4,setStatus> 5.542057933372951E-5
<100,registrar2-1,roster2-8,read> 1.48583350955813E-4
<101,registrar2-1,roster2-2,read> 1.0697867920511642E-4
<102,stu1-8,gradebook1-3,readScore> 9.16804735446031E-5
<103,registrar2-1,roster2-1,read> 1.1577966746007148E-4
<104,admissions0-1,stu5-2application5-2,read> 1.647204056792278E-4
<105,registrar2-1,roster2-4,read> 1.0857885888783556E-4
<106,admissions4-1,stu5-2application5-2,setStatus> 1.6112294659547863E-4
<107,registrar2-1,roster2-3,read> 1.0457840968103779E-4
<108,stu2-10,gradebook2-3,readScore> 1.2788346332912452E-4
<109,stu2-19,gradebook2-1,readMyScores> 2.0054688332663855E-4
<110,registrar0-0,transcript0-11,read> 3.2633315108127433E-4
<111,admissions2-1,stu2-7application2-7,read> 8.763257026549626E-5
<112,stu2-19,gradebook2-3,readMyScores> 9.181355107328695E-5
<113,admissions4-0,stu1-15application1-15,setStatus> 1.5648301188827214E-4
<114,registrar2-0,roster2-5,read> 1.0730081441655811E-4
<115,registrar2-0,roster2-4,read> 1.0809735618766774E-4
<116,registrar2-0,roster2-3,read> 1.0411464733211966E-4
<117,stu1-9,gradebook1-2,readScore> 9.264941217606638E-5
<118,registrar2-0,roster2-2,read> 1.0650427264544849E-4
<119,registrar2-0,roster0-3,read> 2.0129274340749303E-4
<120,admissions2-1,stu3-10application3-10,read> 4.825425310581466E-5
<121,registrar0-1,roster0-1,read> 1.9169388285508466E-4
<122,admissions0-0,stu4-13application4-13,setStatus> 2.3597489196171235E-4
<123,registrar0-1,roster0-3,read> 1.932231011328051E-4
<124,admissions2-1,stu1-13application1-13,setStatus> 1.2977394705611118E-4
<125,admissions0-0,stu0-18application0-18,read> 2.273956859886092E-4
<126,registrar0-1,roster0-4,read> 1.970461468271063E-4
<127,registrar0-1,transcript4-6,read> 2.0942883583127662E-4
<128,registrar0-1,roster0-5,read> 1.962815376882461E-4
<129,registrar0-1,roster0-6,read> 1.9857536510482676E-4
<130,stu5-7,stu5-7application5-7,checkStatus> 1.0651263886491312E-4
<131,admissions0-0,stu5-8application5-8,read> 2.2217097923682335E-4
<132,registrar0-1,roster0-7,read> 1.9781075596596653E-4
<133,registrar0-0,roster0-9,read> 2.1332365827996907E-4
<134,admissions2-1,stu5-6application5-6,read> 2.8327875747903484E-5
<135,registrar0-0,roster0-8,read> 2.1178734386174874E-4
<136,stu2-16,gradebook2-9,readMyScores> 1.1199320989958748E-4
<137,stu1-6,gradebook1-5,readScore> 1.0085490350754781E-4
<138,stu1-7,gradebook1-7,readScore> 8.299562026227476E-5
<139,registrar2-1,roster2-9,read> 1.4938344079717256E-4
<140,admissions2-0,stu3-10application3-10,read> 4.985273768074847E-5
<141,registrar0-0,roster0-2,read> 1.9565604247043523E-4
<142,admissions2-0,stu1-6application1-6,setStatus> 2.82441909786744E-5
<143,registrar0-0,roster5-3,read> 1.1423137830475765E-4
<144,registrar0-0,roster0-1,read> 1.9258341363399456E-4
<145,registrar0-0,roster0-7,read> 1.987286713068759E-4
<146,admissions4-0,stu1-19application1-19,read> 4.382927977768211E-5
<147,stu2-17,gradebook2-4,readMyScores> 1.0710850159500291E-4
<148,admissions2-0,stu5-6application5-6,read> 2.92662732882067E-5
<149,fac3-2,roster3-5,read> 0.001756016374230327
<150,admissions0-0,stu5-2application5-2,read> 1.6527972793959866E-4
<151,stu2-17,gradebook2-7,readMyScores> 1.0509562001718502E-4
<152,stu2-17,gradebook2-5,readMyScores> 1.2675540883250343E-4
<153,registrar2-1,transcript1-2,read> 3.2624875399965314E-4
<154,registrar4-0,roster2-9,write> 1.235778353218295E-4
<155,stu1-17,stu1-17application1-17,checkStatus> 7.200254387268127E-4
<156,admissions0-0,stu4-0application4-0,setStatus> 7.831013013382859E-5
<157,admissions4-1,application5-2,setStatus> 2.1431969290301557E-4
<158,registrar2-1,transcript1-0,read> 2.7899802926857826E-4
<159,admissions2-1,stu1-18application1-18,read> 1.0613563495498521E-4
<160,registrar4-0,roster2-4,write> 8.982214006766318E-5
<161,registrar4-0,roster2-2,write> 8.849838731259781E-5
<162,registrar4-0,roster2-7,write> 1.2159220618923144E-4
<163,admissions2-1,application3-3,setStatus> 1.3408701574829976E-4
<164,admissions2-1,stu5-8application5-8,setStatus> 2.0633091634245825E-4
<165,registrar4-0,roster2-8,write> 1.229159589442968E-4
<166,registrar4-0,roster2-5,write> 8.916026369013049E-5
<167,admissions2-1,stu1-11application1-11,setStatus> 1.6966983245885543E-4
<168,registrar2-1,transcript1-9,read> 3.2099867347397816E-4
<169,registrar2-1,transcript1-5,read> 3.251987378945181E-4
<170,registrar2-1,transcript1-7,read> 3.230987056842482E-4
<171,registrar2-0,transcript1-3,read> 3.2584733431718384E-4
<172,registrar2-0,transcript1-0,read> 2.7776078745364E-4
<173,stu2-1,gradebook2-3,readScore> 1.747140273651419E-4
<174,registrar2-0,transcript1-1,read> 2.756700680247903E-4
<175,admissions2-0,stu5-0application5-0,setStatus> 1.3574385623193634E-4
<176,admissions4-0,stu3-11application3-11,setStatus> 1.3851635721190902E-4
<177,admissions0-1,stu3-5application3-5,read> 1.259569910250205E-4
<178,admissions2-0,stu5-8application5-8,setStatus> 2.1316589493765355E-4
<179,admissions4-0,stu2-5application2-5,setStatus> 1.5199134821918138E-4
<180,admissions2-0,stu5-11application5-11,setStatus> 1.1847707062130878E-4
<181,stu5-9,gradebook5-8,readScore> 4.473461548588313E-5
<182,admissions4-1,stu2-3application2-3,setStatus> 7.227306180523079E-5
<183,registrar4-0,roster3-3,read> 1.4989776314715218E-4
<184,stu0-16,gradebook0-3,readMyScores> 3.041696249072595E-5
<185,admissions0-0,application2-1,setStatus> 6.841485219484006E-5
<186,admissions0-1,stu4-3application4-3,setStatus> 2.5687227160539746E-4
<187,fac0-0,gradebook0-1,changeScore> 3.2450844950563236E-4
<188,registrar0-0,transcript4-10,read> 3.414547799124313E-4
<189,admissions0-0,application2-3,setStatus> 7.501170415416575E-5
<190,registrar4-0,transcript0-11,read> 3.8662565012631344E-4
<191,admissions0-0,application2-2,setStatus> 6.907453739077262E-5
<192,admissions0-0,stu5-0application5-0,setStatus> 1.6077077962539955E-4
<193,admissions4-1,stu5-7application5-7,read> 8.818964148501243E-6
<194,admissions2-1,stu3-11application3-11,setStatus> 1.3300874857525262E-4
<195,admissions2-1,stu5-11application5-11,setStatus> 1.1467820663345118E-4
<196,admissions4-1,stu4-7application4-7,setStatus> 4.2279151653108914E-5
<197,stu5-8,gradebook5-7,readScore> 6.303181360265081E-5
<198,admissions0-1,stu4-0application4-0,setStatus> 7.80451212332065E-5
<199,admissions0-1,application2-4,setStatus> 7.607276295704262E-5
<200,admissions0-1,application2-2,setStatus> 6.884078261110843E-5
<201,registrar4-1,roster2-6,write> 1.2281618290817755E-4
<202,registrar4-1,roster2-8,write> 1.248327770175022E-4
<203,registrar4-1,roster2-9,write> 1.2550497505394378E-4
<204,registrar4-1,roster2-2,write> 8.987847912254087E-5
<205,admissions4-0,stu5-7application5-7,read> 8.749386522083088E-6
<206,registrar4-1,roster2-3,write> 8.786188501321619E-5
<207,registrar4-1,roster2-4,write> 9.122287519542401E-5
<208,admissions4-0,stu3-7application3-7,read> 1.4215179749407935E-4
<209,registrar4-1,roster2-5,write> 9.055067715898243E-5
<210,registrar4-1,roster2-1,write> 9.72726575233981E-5
<211,admissions0-1,application2-0,setStatus> 6.752587709366585E-5
<212,admissions4-1,stu5-11application5-11,setStatus> 1.2037650261523757E-4
<213,admissions4-0,stu2-9application2-9,setStatus> 2.0027673266190726E-4
<214,admissions4-0,stu5-11application5-11,setStatus> 1.1942678661827317E-4
<215,admissions0-1,stu5-0application5-0,setStatus> 1.6022671607336778E-4
<216,admissions4-1,stu2-0application2-0,setStatus> 1.1301950578547182E-4
<217,stu4-6,gradebook4-7,readMyScores> 1.2643408125642225E-4
<218,admissions0-0,stu4-13application4-13,read> 2.0765790492630686E-4
<219,admissions2-0,stu0-11application0-11,setStatus> 1.8698721997960525E-4
<220,admissions4-0,stu1-17application1-17,read> 5.9145852889281685E-5
<221,registrar0-1,transcript5-6,read> 2.9873608145627295E-4
<222,admissions0-1,stu2-3application2-3,read> 7.388673253429434E-5
<223,admissions2-1,stu0-9application0-9,setStatus> 1.1791300815259261E-4
<224,registrar2-1,transcript4-7,read> 2.1074698243480342E-4
<225,admissions4-0,stu2-0application2-0,setStatus> 1.1212783315600063E-4
<226,admissions0-1,stu1-18application1-18,read> 1.2942834159106892E-4
<227,stu1-1,gradebook1-4,readScore> 1.003895674954684E-4
<228,admissions0-1,stu4-2application4-2,read> 1.0860023819477843E-4
<229,admissions2-0,stu0-9application0-9,setStatus> 1.2181902912659154E-4
<230,admissions4-1,stu1-13application1-13,setStatus> 1.362223419408869E-4
<231,admissions0-0,stu2-3application2-3,read> 7.413762126955509E-5
<232,admissions2-0,stu1-7application1-7,setStatus> 3.4371114905026114E-5
<233,admissions0-0,stu1-18application1-18,read> 1.298678266219384E-4
<234,admissions2-0,stu1-4application1-4,setStatus> 2.1650785344293628E-4
<235,admissions4-1,stu2-1application2-1,read> 1.1190746741851107E-4
<236,admissions4-1,stu5-3application5-3,setStatus> 1.6451848359383202E-4
<237,admissions2-1,stu2-13application2-13,setStatus> 1.0928687076821549E-4
<238,admissions2-1,stu1-19application1-19,setStatus> 4.782564190452843E-5
<239,admissions2-1,stu3-8application3-8,setStatus> 1.7074809963190255E-4
<240,admissions2-1,stu1-7application1-7,setStatus> 3.326903506839201E-5
<241,admissions0-0,stu4-2application4-2,read> 1.0896899961479464E-4
<242,admissions2-1,stu5-1application5-1,read> 2.8802313304044224E-5
<243,admissions2-0,stu1-16application1-16,setStatus> 1.234900083792329E-4
<244,stu5-18,transcript5-18,read> 1.0268515169546567E-4
<245,admissions2-0,stu2-13application2-13,setStatus> 1.1290713977917087E-4
<246,admissions2-1,stu1-7application1-7,read> 2.927675086018496E-5
<247,fac4-3,gradebook4-6,addScore> 4.3040298672558826E-4
<248,admissions2-1,stu3-6application3-6,read> 1.777757059322373E-4
<249,admissions2-0,stu3-8application3-8,setStatus> 1.7640435137954323E-4
<250,admissions0-0,application0-3,read> 7.181552937987246E-5
<251,admissions0-0,application0-2,read> 7.007396046261046E-5
<252,admissions0-0,application0-1,read> 7.065448343503112E-5
<253,admissions2-0,stu0-8application0-8,setStatus> 1.613655381057708E-4
<254,admissions0-0,application0-0,read> 7.297657532471377E-5
<255,registrar0-1,transcript0-0,read> 1.7932526989026658E-4
<256,admissions2-1,stu3-2application3-2,read> 4.730537799353317E-5
<257,admissions0-0,application0-4,read> 7.123500640745179E-5
<258,admissions2-0,stu5-1application5-1,read> 2.975642720231484E-5
<259,stu1-19,gradebook1-7,readMyScores> 5.9777736625710964E-5
<260,registrar0-1,transcript0-4,read> 1.0707671163184258E-4
<261,registrar0-1,transcript0-5,read> 1.120939726220109E-4
<262,registrar0-1,transcript0-6,read> 1.1008706822594356E-4
<263,admissions4-0,stu1-14application1-14,setStatus> 1.9073194736508932E-4
<264,registrar0-1,transcript0-8,read> 1.1309742482004456E-4
<265,admissions2-0,stu1-7application1-7,read> 3.0246581116422975E-5
<266,registrar0-1,transcript0-9,read> 1.1711123361217923E-4
<267,admissions2-0,stu4-6application4-6,read> 5.769520030647868E-5
<268,admissions0-1,application0-2,read> 6.983682354057117E-5
<269,admissions0-1,application0-1,read> 7.041538196824593E-5
<270,admissions0-1,application0-4,read> 7.099394039592066E-5
<271,admissions2-1,stu1-4application1-4,setStatus> 2.0956571786159964E-4
<272,admissions0-1,application0-3,read> 7.157249882359538E-5
<273,registrar0-0,transcript0-2,read> 1.7612497135844807E-4
<274,admissions2-1,stu3-6application3-6,setStatus> 2.0201784765026966E-4
<275,admissions4-0,stu2-1application2-1,read> 1.1102456826728021E-4
<276,stu1-9,gradebook1-1,readMyScores> 1.1540432121756961E-4
<277,admissions0-1,stu4-16application4-16,read> 1.7397734052202355E-4
<278,admissions0-0,application2-2,read> 6.0785592903879904E-5
<279,admissions2-0,stu1-16application1-16,read> 1.0867120737372495E-4
<280,admissions4-0,stu5-3application5-3,setStatus> 1.632205073919083E-4
<281,admissions2-1,stu0-1application0-1,read> 1.4569186619821959E-5
<282,registrar0-0,transcript0-5,read> 1.1261413026758868E-4
<283,registrar0-0,transcript0-6,read> 1.1059791309010109E-4
<284,registrar0-0,transcript0-3,read> 1.0858169591261349E-4
<285,registrar0-0,transcript0-4,read> 1.075735873238697E-4
<286,registrar0-0,transcript0-9,read> 1.1765467321130769E-4
<287,admissions2-1,stu4-6application4-6,read> 5.584525400406654E-5
<288,admissions2-0,stu1-1application1-1,setStatus> 2.1873582577979146E-4
<289,registrar0-0,transcript0-8,read> 1.1362223885633249E-4
<290,admissions0-1,application0-0,read> 7.272961567894485E-5
<291,registrar0-1,transcript4-17,read> 3.6596737872452865E-4
<292,registrar0-1,roster5-7,read> 1.221144512188033E-4
<293,admissions0-0,stu1-15application1-15,read> 1.6179659010507466E-4
<294,admissions2-1,application4-2,setStatus> 1.5133929051705403E-4
<295,admissions0-0,application0-4,setStatus> 8.094887091755885E-5
<296,registrar4-1,transcript0-17,read> 3.878029409108587E-4
<297,registrar0-1,transcript4-15,read> 3.629570221304277E-4
<298,registrar0-1,transcript3-0,read> 7.295933689869788E-5
<299,registrar2-1,transcript2-15,read> 3.545991888382981E-4
<300,registrar0-1,transcript4-16,read> 3.6697083092256236E-4
<301,registrar2-1,transcript2-16,read> 3.5774923715370307E-4
<302,admissions2-1,stu2-4application2-4,read> 3.022562597246645E-5
<303,registrar2-1,transcript2-13,read> 3.514491405228931E-4
<304,admissions2-0,stu0-1application0-1,read> 1.505180977907072E-5
<305,admissions4-0,stu4-7application4-7,setStatus> 4.1945588326457165E-5
<306,admissions2-1,stu1-15application1-15,setStatus> 1.5026102334400685E-4
<307,registrar4-0,transcript0-17,read> 3.818481932577169E-4
<308,registrar2-0,transcript2-18,read> 3.6138956460762914E-4
<309,admissions2-1,stu1-2application1-2,read> 1.4836057745151127E-4
<310,registrar2-0,transcript2-12,read> 3.4884524803453077E-4
<311,registrar0-0,transcript4-13,read> 3.6262506027605107E-4
<312,registrar0-0,transcript4-14,read> 3.6665749463102624E-4
<313,registrar0-0,transcript4-15,read> 3.646412774535388E-4
<314,admissions4-0,stu4-1application4-1,read> 1.7920802276407834E-4
<315,registrar2-0,transcript2-15,read> 3.5302668689223026E-4
<316,registrar4-1,transcript0-10,read> 3.9386788981080696E-4
<317,registrar0-1,transcript4-12,read> 3.6195356993239396E-4
<318,registrar2-1,transcript2-12,read> 3.503991244177581E-4
<319,registrar4-1,roster0-7,read> 2.391169463068876E-4
<320,registrar0-1,transcript4-11,read> 3.4288797816975434E-4
<321,admissions2-1,stu2-8application2-8,read> 1.8679001949891138E-4
<322,stu5-5,gradebook5-2,readScore> 6.552932840467043E-5
<323,fac1-4,gradebook1-8,assignGrade> 2.6984581774522755E-4
<324,admissions2-0,stu2-4application2-4,read> 3.1226888944639255E-5
<325,stu5-4,gradebook5-9,readScore> 3.748448665565281E-5
<326,registrar4-1,transcript0-1,read> 2.0828045347239E-4
<327,stu1-2,gradebook1-8,readMyScores> 6.698223245185177E-5
<328,registrar4-1,roster1-5,write> 1.7928081796926896E-4
<329,registrar4-1,transcript0-3,read> 1.3064910755305225E-4
<330,admissions0-0,stu4-3application4-3,read> 2.268151630161886E-4
<331,registrar4-1,transcript0-4,read> 1.294361177730626E-4
<332,stu1-2,gradebook1-3,readMyScores> 8.79148062866024E-5
<333,registrar4-1,transcript0-7,read> 1.3914003601297982E-4
<334,stu1-2,gradebook1-6,readMyScores> 1.0321667798059735E-4
<335,admissions0-1,stu5-19application5-19,read> 3.6280434735436525E-5
<336,stu4-14,transcript4-14,read> 0.0018034983685105027
<337,admissions2-0,application3-0,read> 1.2043490131232026E-4
<338,registrar4-1,transcript0-9,read> 1.415660155729591E-4
<339,registrar4-1,transcript0-8,read> 1.367140564530005E-4
<340,admissions2-0,application3-2,read> 1.223955169687528E-4
<341,admissions0-1,stu2-10application2-10,read> 1.404209517168889E-4
<342,admissions0-1,stu5-14application5-14,read> 3.7437551590786E-5
<343,admissions2-0,application3-1,read> 1.1994474739821214E-4
<344,registrar0-1,transcript3-13,read> 3.52922500150091E-4
<345,admissions4-1,stu1-19application1-19,read> 4.417782275802153E-5
<346,admissions0-1,stu0-9application0-9,read> 1.2653554945269525E-4
<347,registrar4-0,transcript0-0,read> 2.1344283863969086E-4
<348,admissions0-0,stu2-18application2-18,read> 1.7514861847074987E-4
<349,registrar4-0,transcript0-5,read> 1.3342043609069975E-4
<350,registrar4-0,transcript0-6,read> 1.310317076564015E-4
<351,registrar4-0,transcript0-3,read> 1.2864297922210327E-4
<352,registrar4-0,transcript0-4,read> 1.2744861500495417E-4
<353,stu1-3,gradebook1-2,readMyScores> 8.554500280185897E-5
<354,stu1-3,gradebook1-3,readMyScores> 8.828342182658815E-5
<355,admissions2-0,stu1-19application1-19,setStatus> 4.9409928178798524E-5
<356,registrar4-1,roster3-6,read> 1.5500816699713684E-4
<357,stu1-3,gradebook1-1,readMyScores> 1.1167408053174919E-4
<358,admissions2-1,stu3-19application3-19,read> 1.4361620189010384E-4
<359,registrar2-0,roster0-4,read> 2.0527545226304113E-4
<360,admissions2-1,stu5-9application5-9,read> 2.4532375298777544E-5
<361,admissions2-1,stu0-8application0-8,setStatus> 1.5619149279576613E-4
<362,admissions0-0,stu5-14application5-14,read> 3.7564674007053526E-5
<363,admissions2-1,application3-3,read> 1.1799657385850378E-4
<364,admissions2-1,application3-2,read> 1.184710114146445E-4
<365,registrar4-0,transcript0-9,read> 1.3939225717644535E-4
<366,admissions2-1,application3-1,read> 1.1609882363394079E-4
<367,registrar4-0,transcript0-8,read> 1.3461480030784885E-4
<368,admissions2-1,application3-0,read> 1.1657326119008155E-4
<369,stu3-1,gradebook3-7,readScore> 5.906838848950367E-5
<370,admissions0-0,stu0-9application0-9,read> 1.269652117598351E-4
<371,admissions2-1,application3-4,read> 1.1752213630236301E-4
<372,stu1-4,gradebook1-8,readMyScores> 6.473544897338295E-5
<373,stu3-2,gradebook3-6,readScore> 4.877876166042611E-5
<374,admissions2-1,stu0-14application0-14,read> 1.1135444807253339E-4
<375,stu3-3,gradebook3-2,readScore> 8.322178823843154E-5
<376,stu1-5,gradebook1-7,readMyScores> 1.39681645884199E-4
<377,stu0-17,gradebook0-9,addScore> 1.2948608793095893E-4
<378,admissions0-1,stu4-3application4-3,read> 2.2604759901274975E-4
<379,admissions4-1,stu4-18application4-18,setStatus> 1.115339583486922E-5
<380,stu1-5,gradebook1-1,readMyScores> 1.0841011993165631E-4
<381,admissions0-0,stu5-19application5-19,read> 3.6403628062212207E-5
<382,admissions0-0,stu0-7application0-7,setStatus> 1.4229959413928766E-4
<383,admissions2-1,stu0-15application0-15,read> 1.118288856286741E-4
<384,admissions2-0,stu2-19application2-19,read> 1.1357274651480633E-4
<385,admissions4-0,stu4-18application4-18,setStatus> 1.1065400601458022E-5
<386,admissions0-1,stu5-13application5-13,setStatus> 2.456955747071355E-4
<387,admissions4-1,stu4-16application4-16,read> 1.4975638649349055E-4
<388,admissions2-0,stu5-5application5-5,setStatus> 9.786832650539845E-5
<389,admissions0-0,stu5-10application5-10,setStatus> 2.366345771576449E-4
<390,admissions2-0,stu3-2application3-2,read> 4.8872429852532206E-5
<391,registrar2-1,roster1-9,write> 1.5926636872396608E-4
<392,stu4-6,transcript4-6,read> 0.0010349093055182848
<393,fac5-3,gradebook5-6,changeScore> 5.516886355469727E-4
<394,admissions0-0,stu1-18application1-18,setStatus> 1.475770757067482E-4
<395,admissions4-0,stu0-18application0-18,setStatus> 2.1992776121417944E-4
<396,registrar2-1,roster1-8,write> 1.5868448520297732E-4
<397,registrar2-1,roster1-7,write> 1.5810260168198855E-4
<398,registrar2-1,roster1-2,write> 1.5577506759803349E-4
<399,registrar2-1,roster1-1,write> 1.5635695111902226E-4
<400,admissions4-0,application5-4,setStatus> 2.1543609754508865E-4
<401,registrar2-1,roster1-3,write> 1.528656499930897E-4
<402,stu3-5,gradebook3-6,readScore> 4.931775350197778E-5
<403,admissions4-1,stu4-4application4-4,setStatus> 1.5546371826488957E-4
<404,stu0-4,gradebook0-6,readMyScores> 1.792692200689427E-5
<405,admissions2-0,stu0-14application0-14,read> 1.1504320825713077E-4
<406,admissions0-1,stu5-10application5-10,setStatus> 2.3583378332631618E-4
<407,registrar2-0,roster1-9,write> 1.5856008770966912E-4
<408,admissions0-1,stu3-15application3-15,read> 1.6298473039620356E-4
<409,stu1-0,gradebook1-2,readMyScores> 8.447345788158516E-5
<410,registrar2-0,roster1-3,write> 1.5218775354079218E-4
<411,admissions2-0,stu1-11application1-11,setStatus> 1.7529036521111565E-4
<412,registrar2-0,roster1-7,write> 1.5740148149714602E-4
<413,admissions4-1,stu0-19application0-19,setStatus> 1.1188766011935402E-4
<414,registrar4-0,transcript3-0,read> 8.684023162188401E-5
<415,registrar2-0,roster1-6,write> 1.5334635975331522E-4
<416,stu1-0,gradebook1-8,readMyScores> 6.642053658223457E-5
<417,registrar4-0,transcript4-16,read> 4.367889472465765E-4
<418,registrar4-0,transcript3-2,read> 9.042332427333138E-5
<419,registrar2-0,roster1-4,write> 1.5160845043453065E-4
<420,registrar4-0,transcript3-6,read> 9.520078114192786E-5
<421,registrar4-0,transcript3-7,read> 9.400641692477874E-5
<422,admissions4-0,stu3-10application3-10,read> 5.025235882448193E-5
<423,registrar4-1,transcript3-0,read> 8.819446525341437E-5
<424,registrar4-1,transcript3-4,read> 9.425941415336263E-5
<425,registrar4-1,transcript3-2,read> 9.183343459338333E-5
<426,registrar4-1,transcript3-1,read> 8.698147547342471E-5
<427,stu1-1,gradebook1-6,readMyScores> 1.0278390364944181E-4
<428,admissions2-1,stu3-15application3-15,read> 1.3365301321114826E-4
<429,registrar4-1,transcript3-7,read> 9.54724039333523E-5
<430,registrar4-1,transcript3-5,read> 9.304642437337298E-5
<431,registrar4-1,transcript3-6,read> 9.668539371334194E-5
<432,admissions0-0,stu4-15application4-15,read> 1.3763232137806473E-5
<433,admissions2-0,application1-1,setStatus> 2.3231253220750264E-5
<434,admissions2-0,application1-2,setStatus> 2.4345239389177848E-5
<435,admissions2-1,stu3-0application3-0,setStatus> 8.071279068246625E-5
<436,admissions4-1,application5-4,read> 1.9109139022011282E-4

