<0,stu4-0,transcript4-0,read> null
<1,chair1,transcript1-3,read> null
<2,stu2-15,transcript2-15,read> null
<3,stu0-17,stu0-17application0-17,checkStatus> null
<4,app0-4,application0-4,checkStatus> null
<5,stu4-18,transcript4-18,read> null
<6,fac5-3,roster5-7,read> null
<7,stu5-7,gradebook5-5,readMyScores> null
<8,stu4-3,transcript4-3,read> null
<9,admissions4-0,stu0-5application0-5,read> null
<10,stu4-2,stu4-2application4-2,checkStatus> null
<11,registrar4-0,roster2-3,read> null
<12,stu1-19,stu1-19application1-19,checkStatus> null
<13,stu3-16,transcript3-16,read> null
<14,stu2-13,gradebook2-1,addScore> null
<15,fac1-2,roster1-5,read> null
<16,fac2-3,gradebook2-7,assignGrade> null
<17,registrar0-0,transcript2-19,read> null
<18,stu5-17,stu5-17application5-17,checkStatus> null
<19,stu3-3,gradebook3-7,readMyScores> null
<20,registrar4-0,transcript0-19,read> null
<21,registrar0-0,transcript2-16,read> null
<22,registrar2-1,transcript3-19,read> null
<23,registrar0-1,transcript0-3,read> null
<24,stu1-12,stu1-12application1-12,checkStatus> null
<25,stu5-16,stu5-16application5-16,checkStatus> null
<26,stu3-15,stu3-15application3-15,checkStatus> null
<27,registrar0-1,transcript4-14,read> null
<28,registrar2-1,transcript0-10,read> null
<29,stu4-11,transcript4-11,read> null
<30,app2-0,application2-0,checkStatus> null
<31,chair5,transcript5-4,read> null
<32,admissions2-0,stu4-6application4-6,setStatus> null
<33,registrar2-0,transcript0-9,read> null
<34,admissions0-0,stu1-0application1-0,setStatus> null
<35,chair5,transcript5-6,read> null
<36,admissions2-1,application4-3,setStatus> null
<37,admissions2-1,stu3-15application3-15,read> null
<38,admissions0-1,application0-1,setStatus> null
<39,fac2-4,gradebook2-9,changeScore> null
<40,admissions0-0,application0-1,setStatus> null
<41,stu5-5,transcript5-5,read> null
<42,registrar4-0,transcript3-9,read> null
<43,fac5-4,roster5-9,read> null
<44,registrar0-1,roster3-5,write> null
<45,stu0-14,stu0-14application0-14,checkStatus> null
<46,stu4-14,transcript4-14,read> null
<47,stu4-2,transcript4-2,read> null
<48,admissions4-1,stu1-8application1-8,setStatus> null
<49,chair5,transcript5-8,read> null
<50,chair4,transcript4-0,read> null
<51,admissions2-0,stu5-17application5-17,read> null
<52,fac0-2,roster0-4,read> null
<53,stu3-18,transcript3-18,read> null
<54,stu5-18,stu5-18application5-18,checkStatus> null
<55,fac3-4,gradebook3-8,addScore> null
<56,registrar4-0,roster0-8,read> null
<57,admissions0-0,stu5-10application5-10,setStatus> null
<58,registrar0-1,transcript0-12,read> null
<59,fac0-4,roster0-9,read> null
<60,registrar4-1,roster1-5,read> null
<61,admissions4-0,application4-2,read> null
<62,admissions2-1,stu1-0application1-0,read> null
<63,app4-2,application4-2,checkStatus> null
<64,fac3-2,gradebook3-5,addScore> null
<65,stu5-9,gradebook5-3,readMyScores> null
<66,fac4-3,gradebook4-6,changeScore> null
<67,registrar4-0,roster3-3,write> null
<68,registrar0-0,transcript1-6,read> null
<69,registrar0-0,transcript1-0,read> null
<70,stu5-10,stu5-10application5-10,checkStatus> null
<71,stu3-1,stu3-1application3-1,checkStatus> null
<72,stu4-11,stu4-11application4-11,checkStatus> null
<73,admissions4-0,stu0-9application0-9,setStatus> null
<74,registrar0-1,roster1-1,write> null
<75,stu2-18,gradebook2-7,readMyScores> null
<76,stu3-18,stu3-18application3-18,checkStatus> null
<77,stu4-17,transcript4-17,read> null
<78,stu3-5,stu3-5application3-5,checkStatus> null
<79,registrar4-1,transcript1-1,read> null
<80,registrar2-0,roster0-9,read> null
<81,chair1,transcript1-2,read> null
<82,chair5,transcript5-0,read> null
<83,fac2-2,gradebook2-4,changeScore> null
<84,chair4,transcript4-5,read> null
<85,registrar0-0,roster0-1,read> null
<86,admissions0-1,stu5-0application5-0,setStatus> null
<87,fac5-3,gradebook5-6,changeScore> null
<88,stu2-7,gradebook2-5,readScore> null
<89,fac0-3,roster0-7,read> null
<90,stu4-1,stu4-1application4-1,checkStatus> null
<91,registrar0-0,roster3-1,read> null
<92,registrar2-0,transcript2-18,read> null
<93,stu4-0,stu4-0application4-0,checkStatus> null
<94,fac2-1,roster2-3,read> null
<95,stu4-19,transcript4-19,read> null
<96,fac4-2,gradebook4-5,changeScore> null
<97,app3-0,application3-0,checkStatus> null
<98,stu5-8,stu5-8application5-8,checkStatus> null
<99,fac2-3,gradebook2-6,changeScore> null
<100,chair0,transcript0-15,read> null
<101,fac1-4,roster1-9,read> null
<102,registrar4-0,roster1-6,read> null
<103,fac2-1,gradebook2-3,changeScore> null
<104,fac0-1,roster0-3,read> null
<105,stu4-17,stu4-17application4-17,checkStatus> null
<106,admissions4-1,stu1-0application1-0,read> null
<107,admissions0-1,stu5-8application5-8,setStatus> null
<108,fac1-2,roster1-4,read> null
<109,app3-4,application3-4,checkStatus> null
<110,stu0-4,stu0-4application0-4,checkStatus> null
<111,registrar2-0,roster0-2,write> null
<112,admissions0-1,stu1-0application1-0,read> null
<113,stu4-8,transcript4-8,read> null
<114,stu4-19,gradebook4-8,readScore> null
<115,fac5-0,gradebook5-1,readScore> null
<116,admissions2-0,application0-0,setStatus> null
<117,admissions0-0,stu1-8application1-8,read> null
<118,admissions4-1,stu1-1application1-1,setStatus> null
<119,fac2-2,gradebook2-4,assignGrade> null
<120,admissions0-0,stu4-3application4-3,setStatus> null
<121,registrar4-0,transcript4-13,read> null
<122,chair4,transcript4-19,read> null
<123,admissions2-1,stu4-11application4-11,setStatus> null
<124,stu2-5,gradebook2-7,readMyScores> null
<125,fac2-1,roster2-2,read> null
<126,fac2-1,gradebook2-2,assignGrade> null
<127,registrar0-0,roster4-9,read> null
<128,admissions4-1,stu0-8application0-8,read> null
<129,registrar4-1,transcript5-8,read> null
<130,registrar2-0,roster3-6,read> null
<131,admissions2-1,stu0-14application0-14,read> null
<132,admissions0-0,stu0-9application0-9,read> null
<133,registrar2-0,transcript5-7,read> null
<134,registrar0-0,transcript4-19,read> null
<135,admissions2-1,application0-3,read> null
<136,registrar2-0,transcript5-3,read> null
<137,app5-0,application5-0,checkStatus> null
<138,chair3,transcript3-19,read> null
<139,app5-1,application5-1,checkStatus> null
<140,fac5-4,roster5-8,read> null
<141,registrar2-1,transcript3-15,read> null
<142,registrar0-0,transcript5-6,read> null
<143,fac3-3,gradebook3-6,addScore> null
<144,chair4,transcript4-9,read> null
<145,registrar2-0,transcript3-11,read> null
<146,fac3-2,roster3-5,read> null
<147,chair1,transcript1-6,read> null
<148,registrar4-0,transcript2-10,read> null
<149,app2-4,application2-4,checkStatus> null
<150,admissions0-1,application3-0,read> null
<151,registrar4-0,roster1-2,write> null
<152,chair3,transcript3-10,read> null
<153,registrar4-0,transcript3-16,read> null
<154,stu4-13,transcript4-13,read> null
<155,fac0-4,roster0-8,read> null
<156,chair2,transcript2-5,read> null
<157,registrar4-0,roster4-2,read> null
<158,admissions0-1,stu1-11application1-11,read> null
<159,registrar4-0,transcript1-0,read> null
<160,registrar2-1,transcript0-13,read> null
<161,chair2,transcript2-19,read> null
<162,registrar0-1,transcript3-18,read> null
<163,stu3-3,stu3-3application3-3,checkStatus> null
<164,stu1-8,stu1-8application1-8,checkStatus> null
<165,stu5-1,gradebook5-6,readMyScores> null
<166,fac1-3,gradebook1-6,addScore> null
<167,app4-4,application4-4,checkStatus> null
<168,app4-3,application4-3,checkStatus> null
<169,registrar0-0,transcript4-11,read> null
<170,registrar2-1,roster4-9,write> null
<171,stu4-5,transcript4-5,read> null
<172,app0-1,application0-1,checkStatus> null
<173,registrar4-0,transcript4-2,read> null
<174,admissions0-1,stu0-8application0-8,read> null
<175,admissions0-1,stu0-4application0-4,setStatus> null
<176,fac4-2,roster4-4,read> null
<177,chair2,transcript2-17,read> null
<178,fac2-2,gradebook2-5,assignGrade> null
<179,fac1-0,gradebook1-1,changeScore> null
<180,registrar4-1,roster2-8,read> null
<181,fac1-3,roster1-6,read> null
<182,fac3-1,roster3-2,read> null
<183,fac1-1,roster1-3,read> null
<184,fac1-3,roster1-7,read> null
<185,registrar0-1,transcript3-12,read> null
<186,stu1-0,transcript1-0,read> null
<187,fac5-0,roster5-1,read> null
<188,fac5-3,roster5-6,read> null
<189,admissions0-1,stu1-9application1-9,setStatus> null
<190,fac2-4,gradebook2-8,readScore> null
<191,chair4,transcript4-17,read> null
<192,admissions0-1,stu5-2application5-2,read> null
<193,registrar2-1,roster0-7,write> null
<194,chair4,transcript4-18,read> null
<195,fac1-0,roster1-1,read> null
<196,fac0-2,roster0-5,read> null
<197,fac4-4,gradebook4-8,assignGrade> null
<198,registrar0-1,transcript2-3,read> null
<199,admissions2-0,stu5-11application5-11,read> null
<200,admissions4-0,stu3-17application3-17,setStatus> null
<201,fac2-2,roster2-5,read> null
<202,admissions2-0,application1-2,setStatus> null
<203,admissions0-0,application5-1,read> null
<204,chair1,transcript1-4,read> null
<205,registrar0-1,roster0-2,write> null
<206,admissions2-0,stu1-4application1-4,read> null
<207,stu3-6,stu3-6application3-6,checkStatus> null
<208,registrar0-0,transcript0-15,read> null
<209,chair2,transcript2-12,read> null
<210,stu0-15,transcript0-15,read> null
<211,stu3-0,transcript3-0,read> null
<212,fac3-2,gradebook3-5,changeScore> null
<213,admissions4-0,stu1-16application1-16,read> null
<214,stu5-7,transcript5-7,read> null
<215,chair4,transcript4-13,read> null
<216,admissions0-1,stu1-13application1-13,read> null
<217,admissions0-1,stu1-3application1-3,read> null
<218,registrar4-1,transcript5-9,read> null
<219,stu4-4,stu4-4application4-4,checkStatus> null
<220,registrar2-0,transcript1-8,read> null
<221,stu1-9,gradebook1-3,addScore> null
<222,stu3-8,transcript3-8,read> null
<223,admissions0-0,stu2-10application2-10,read> null
<224,admissions4-0,stu3-13application3-13,setStatus> null
<225,stu4-8,stu4-8application4-8,checkStatus> null
<226,stu2-3,transcript2-3,read> null
<227,registrar0-1,transcript5-7,read> null
<228,fac4-2,gradebook4-4,changeScore> null
<229,admissions0-1,stu2-16application2-16,setStatus> null
<230,fac3-2,roster3-4,read> null
<231,admissions2-0,stu1-2application1-2,setStatus> null
<232,stu4-16,stu4-16application4-16,checkStatus> null
<233,stu0-18,gradebook0-3,addScore> null
<234,registrar0-1,transcript0-18,read> null
<235,stu1-16,gradebook1-6,readScore> null
<236,chair4,transcript4-3,read> null
<237,admissions2-0,stu1-16application1-16,setStatus> null
<238,fac4-0,gradebook4-1,assignGrade> null
<239,chair0,transcript0-11,read> null
<240,registrar2-1,roster0-4,read> null
<241,admissions0-0,application4-0,setStatus> null
<242,chair3,transcript3-13,read> null
<243,fac3-3,gradebook3-6,changeScore> null
<244,registrar4-1,transcript4-8,read> null
<245,registrar0-0,roster2-4,read> null
<246,chair2,transcript2-10,read> null
<247,admissions0-1,stu4-4application4-4,setStatus> null
<248,fac5-2,roster5-5,read> null
<249,admissions0-0,stu4-9application4-9,setStatus> null
<250,admissions4-0,stu1-18application1-18,setStatus> null
<251,admissions2-1,stu2-0application2-0,read> null
<252,stu2-4,gradebook2-6,readMyScores> null
<253,fac4-4,roster4-8,read> null
<254,stu2-19,transcript2-19,read> null
<255,registrar4-1,roster3-3,read> null
<256,fac3-1,gradebook3-3,changeScore> null
<257,stu0-10,stu0-10application0-10,checkStatus> null
<258,chair2,transcript2-13,read> null
<259,admissions2-0,stu4-13application4-13,setStatus> null
<260,stu1-9,transcript1-9,read> null
<261,admissions4-0,stu5-13application5-13,read> null
<262,fac2-3,roster2-6,read> null
<263,admissions2-1,stu1-10application1-10,setStatus> null
<264,chair3,transcript3-17,read> null
<265,registrar0-0,roster0-1,write> null
<266,registrar0-0,transcript5-3,read> null
<267,chair0,transcript0-17,read> null
<268,fac2-0,gradebook2-1,changeScore> null
<269,stu0-3,stu0-3application0-3,checkStatus> null
<270,registrar0-0,transcript3-12,read> null
<271,fac0-0,roster0-1,read> null
<272,fac4-0,gradebook4-1,readScore> null
<273,chair4,transcript4-4,read> null
<274,stu2-7,gradebook2-2,readMyScores> null
<275,app3-3,application3-3,checkStatus> null
<276,registrar0-1,roster0-1,read> null
<277,registrar2-0,roster4-6,write> null
<278,fac2-4,roster2-9,read> null
<279,registrar2-1,roster0-1,read> null
<280,registrar2-1,transcript5-0,read> null
<281,chair0,transcript0-16,read> null
<282,stu0-4,transcript0-4,read> null
<283,admissions0-0,stu4-1application4-1,read> null
<284,registrar2-0,roster5-4,read> null
<285,fac3-4,gradebook3-8,assignGrade> null
<286,stu1-16,gradebook1-6,addScore> null
<287,admissions4-0,stu4-5application4-5,read> null
<288,admissions4-0,stu0-18application0-18,setStatus> null
<289,admissions0-0,stu5-11application5-11,setStatus> null
<290,admissions0-0,stu2-3application2-3,read> null
<291,fac1-1,gradebook1-2,changeScore> null
<292,registrar4-0,transcript2-19,read> null
<293,registrar2-0,transcript4-0,read> null
<294,stu1-1,stu1-1application1-1,checkStatus> null
<295,fac4-2,roster4-5,read> null
<296,admissions4-0,stu5-0application5-0,read> null
<297,registrar2-1,roster5-4,write> null
<298,registrar4-1,transcript0-5,read> null
<299,admissions2-0,stu1-4application1-4,setStatus> null
<300,chair3,transcript3-16,read> null
<301,registrar0-0,transcript1-5,read> null
<302,chair4,transcript4-11,read> null
<303,admissions2-1,stu4-1application4-1,setStatus> null
<304,registrar4-1,transcript1-6,read> null
<305,stu3-0,stu3-0application3-0,checkStatus> null
<306,fac4-0,roster4-1,read> null
<307,admissions2-0,stu1-1application1-1,setStatus> null
<308,admissions2-0,stu5-19application5-19,setStatus> null
<309,admissions2-0,stu1-13application1-13,read> null
<310,fac5-3,gradebook5-6,assignGrade> null
<311,fac2-1,gradebook2-3,addScore> null
<312,fac4-3,roster4-6,read> null
<313,admissions4-0,stu0-4application0-4,setStatus> null
<314,admissions2-0,stu5-2application5-2,read> null
<315,registrar0-0,roster0-5,write> null
<316,admissions0-0,stu1-14application1-14,setStatus> null
<317,stu4-8,gradebook4-2,readMyScores> null
<318,stu0-13,stu0-13application0-13,checkStatus> null
<319,fac0-3,roster0-6,read> null
<320,admissions4-0,stu0-0application0-0,setStatus> null
<321,stu1-10,stu1-10application1-10,checkStatus> null
<322,registrar0-0,roster0-9,write> null
<323,admissions0-0,stu3-15application3-15,setStatus> null
<324,registrar2-1,transcript4-14,read> null
<325,chair4,transcript4-8,read> null
<326,admissions2-0,stu0-16application0-16,setStatus> null
<327,registrar0-1,transcript1-8,read> null
<328,chair0,transcript0-3,read> null
<329,admissions2-1,stu5-0application5-0,read> null
<330,admissions0-0,stu3-1application3-1,setStatus> null
<331,stu4-12,transcript4-12,read> null
<332,registrar4-0,transcript5-7,read> null
<333,stu5-0,gradebook5-3,readMyScores> null
<334,fac4-3,gradebook4-6,assignGrade> null
<335,chair1,transcript1-1,read> null
<336,fac0-1,gradebook0-2,assignGrade> null
<337,stu2-9,gradebook2-9,readScore> null
<338,stu3-0,gradebook3-6,addScore> null
<339,chair0,transcript0-9,read> null
<340,admissions0-0,stu2-2application2-2,setStatus> null
<341,registrar2-1,roster3-9,read> null
<342,stu2-8,stu2-8application2-8,checkStatus> null
<343,fac4-4,gradebook4-8,changeScore> null
<344,stu1-0,stu1-0application1-0,checkStatus> null
<345,stu2-13,stu2-13application2-13,checkStatus> null
<346,fac1-3,gradebook1-6,assignGrade> null
<347,registrar4-1,roster3-7,write> null
<348,admissions4-0,stu1-4application1-4,read> null
<349,admissions4-1,application2-2,setStatus> null
<350,registrar2-0,roster5-6,write> null
<351,stu1-17,stu1-17application1-17,checkStatus> null
<352,stu3-15,transcript3-15,read> null
<353,chair0,transcript0-12,read> null
<354,registrar4-1,roster4-7,write> null
<355,chair3,transcript3-18,read> null
<356,app3-2,application3-2,checkStatus> null
<357,fac3-4,roster3-9,read> null
<358,admissions0-0,application2-4,setStatus> null
<359,app5-4,application5-4,checkStatus> null
<360,stu3-11,stu3-11application3-11,checkStatus> null
<361,registrar4-0,transcript2-15,read> null
<362,registrar4-0,roster4-6,read> null
<363,registrar4-1,transcript0-16,read> null
<364,stu1-18,stu1-18application1-18,checkStatus> null
<365,registrar0-0,transcript3-16,read> null
<366,fac1-1,roster1-2,read> null
<367,stu2-19,gradebook2-6,readMyScores> null
<368,stu4-0,gradebook4-6,readMyScores> null
<369,registrar4-1,transcript3-11,read> null
<370,fac0-1,roster0-2,read> null
<371,admissions0-1,stu2-1application2-1,read> null
<372,registrar0-0,roster1-1,write> null
<373,registrar4-0,transcript3-12,read> null
<374,admissions4-0,stu4-0application4-0,setStatus> null
<375,stu2-16,transcript2-16,read> null
<376,admissions0-0,stu3-19application3-19,setStatus> null
<377,admissions0-1,stu3-6application3-6,setStatus> null
<378,stu2-1,transcript2-1,read> null
<379,registrar0-1,transcript0-17,read> null
<380,admissions4-1,stu0-6application0-6,read> null
<381,chair0,transcript0-5,read> null
<382,admissions0-0,stu1-15application1-15,setStatus> null
<383,registrar2-1,transcript4-12,read> null
<384,registrar4-1,transcript1-5,read> null
<385,registrar0-0,transcript1-9,read> null
<386,admissions4-1,stu1-4application1-4,setStatus> null
<387,registrar0-0,roster1-5,write> null
<388,registrar2-1,roster4-4,write> null
<389,registrar2-0,roster0-3,read> null
<390,registrar0-0,roster0-4,read> null
<391,stu2-17,stu2-17application2-17,checkStatus> null
<392,stu3-6,gradebook3-1,readMyScores> null
<393,registrar0-0,roster1-4,write> null
<394,registrar0-0,transcript0-17,read> null
<395,admissions2-1,stu2-16application2-16,setStatus> null
<396,admissions2-1,stu1-17application1-17,read> null
<397,fac4-3,roster4-7,read> null
<398,fac4-2,gradebook4-4,assignGrade> null
<399,registrar0-0,roster2-7,read> null
<400,registrar0-1,transcript0-19,read> null
<401,registrar4-1,transcript3-15,read> null
<402,admissions0-1,stu3-12application3-12,setStatus> null
<403,registrar0-0,transcript1-8,read> null
<404,stu4-12,gradebook4-2,readMyScores> null
<405,chair0,transcript0-18,read> null
<406,chair1,transcript1-7,read> null
<407,admissions0-0,stu3-5application3-5,setStatus> null
<408,stu4-6,transcript4-6,read> null
<409,stu0-12,transcript0-12,read> null
<410,registrar0-0,roster1-3,write> null
<411,admissions4-0,stu2-13application2-13,read> null
<412,registrar2-1,transcript2-19,read> null
<413,stu2-9,stu2-9application2-9,checkStatus> null
<414,registrar0-0,roster1-2,write> null
<415,admissions0-0,application2-1,setStatus> null
<416,registrar4-0,transcript2-17,read> null
<417,fac4-0,gradebook4-1,addScore> null
<418,fac1-2,gradebook1-4,addScore> null
<419,admissions4-1,application5-2,setStatus> null
<420,fac4-0,gradebook4-1,changeScore> null
<421,registrar2-0,roster5-2,read> null
<422,chair4,transcript4-10,read> null
<423,admissions2-0,stu1-6application1-6,setStatus> null
<424,registrar0-0,roster1-9,write> null
<425,fac1-4,roster1-8,read> null
<426,stu5-13,stu5-13application5-13,checkStatus> null
<427,admissions0-0,stu5-13application5-13,read> null
<428,admissions4-0,stu0-13application0-13,setStatus> null
<429,admissions4-0,stu3-13application3-13,read> null
<430,admissions0-1,stu5-10application5-10,setStatus> null
<431,registrar4-0,transcript3-11,read> null
<432,chair0,transcript0-6,read> null
<433,app5-2,application5-2,checkStatus> null
<434,admissions0-1,stu3-19application3-19,setStatus> null
<435,registrar0-1,transcript4-4,read> null
<436,stu5-8,transcript5-8,read> null
<437,registrar0-0,roster1-8,write> null
<438,stu5-14,transcript5-14,read> null
<439,stu1-11,stu1-11application1-11,checkStatus> null
<440,fac2-3,roster2-7,read> null
<441,chair0,transcript0-8,read> null
<442,registrar0-0,roster1-7,write> null
<443,app1-0,application1-0,checkStatus> null
<444,admissions2-1,stu5-10application5-10,read> null
<445,registrar0-0,transcript4-13,read> null
<446,registrar0-0,roster1-6,write> null
<447,fac5-2,roster5-4,read> null
<448,admissions2-0,stu4-16application4-16,setStatus> null
<449,admissions4-1,stu1-17application1-17,read> null
<450,stu4-14,stu4-14application4-14,checkStatus> null
<451,stu5-0,stu5-0application5-0,checkStatus> null
<452,admissions0-0,application1-4,read> null
<453,fac0-4,gradebook0-9,addScore> null
<454,admissions2-1,stu5-3application5-3,setStatus> null
<455,registrar2-1,transcript5-7,read> null
<456,registrar4-1,roster1-3,read> null
<457,registrar0-0,transcript3-3,read> null
<458,admissions2-0,stu3-19application3-19,setStatus> null
<459,chair5,transcript5-2,read> null
<460,admissions0-0,stu4-14application4-14,setStatus> null
<461,admissions4-0,application3-3,setStatus> null
<462,admissions2-1,application0-3,setStatus> null
<463,stu3-11,transcript3-11,read> null
<464,admissions0-1,stu2-7application2-7,setStatus> null
<465,registrar4-1,transcript0-0,read> null
<466,registrar4-1,transcript1-4,read> null
<467,admissions0-0,stu1-13application1-13,setStatus> null
<468,admissions4-0,stu3-10application3-10,setStatus> null
<469,chair1,transcript1-5,read> null
<470,registrar2-1,transcript1-0,read> null
<471,admissions4-0,stu1-14application1-14,setStatus> null
<472,admissions0-0,application1-4,setStatus> null
<473,chair3,transcript3-7,read> null
<474,registrar2-0,transcript1-4,read> null
<475,stu5-3,transcript5-3,read> null
<476,stu3-17,stu3-17application3-17,checkStatus> null
<477,chair5,transcript5-1,read> null
<478,registrar4-1,transcript3-13,read> null
<479,chair2,transcript2-1,read> null
<480,app4-0,application4-0,checkStatus> null
<481,admissions4-0,stu2-1application2-1,read> null
<482,registrar2-1,transcript0-11,read> null
<483,admissions0-1,stu3-9application3-9,read> null
<484,admissions0-0,stu0-3application0-3,setStatus> null
<485,admissions2-0,stu4-9application4-9,read> null
<486,stu1-8,transcript1-8,read> null
<487,stu0-18,stu0-18application0-18,checkStatus> null
<488,stu1-2,transcript1-2,read> null
<489,registrar4-0,roster2-9,read> null
<490,admissions2-1,stu4-13application4-13,setStatus> null
<491,admissions4-0,stu5-16application5-16,setStatus> null
<492,admissions0-1,stu0-18application0-18,setStatus> null
<493,stu1-12,gradebook1-9,addScore> null
<494,registrar4-0,roster5-5,read> null
<495,registrar2-1,roster0-5,read> null
<496,stu2-8,gradebook2-7,addScore> null
<497,admissions0-0,stu2-7application2-7,setStatus> null
<498,app4-1,application4-1,checkStatus> null
<499,admissions0-1,stu4-15application4-15,setStatus> null
<500,admissions4-0,application3-2,read> null
<501,admissions2-0,stu2-8application2-8,read> null
<502,admissions0-0,stu4-18application4-18,read> null
<503,stu4-7,transcript4-7,read> null
<504,stu2-11,gradebook2-5,addScore> null
<505,chair0,transcript0-19,read> null
<506,admissions0-1,stu0-12application0-12,setStatus> null
<507,chair3,transcript3-14,read> null
<508,chair3,transcript3-15,read> null
<509,registrar2-1,roster3-1,write> null
<510,admissions0-1,application5-1,setStatus> null
<511,stu2-15,stu2-15application2-15,checkStatus> null
<512,registrar4-0,transcript4-5,read> null
<513,registrar0-1,transcript1-6,read> null
<514,admissions0-1,stu1-13application1-13,setStatus> null
<515,registrar4-1,transcript4-17,read> null
<516,fac2-4,gradebook2-8,changeScore> null
<517,registrar4-1,roster0-9,read> null
<518,registrar2-1,roster5-5,write> null
<519,admissions2-0,application3-2,read> null
<520,admissions2-1,stu2-17application2-17,setStatus> null
<521,admissions0-0,stu3-12application3-12,read> null
<522,registrar0-1,transcript0-0,read> null
<523,stu3-19,stu3-19application3-19,checkStatus> null
<524,admissions0-1,stu4-7application4-7,setStatus> null
<525,admissions4-0,stu2-19application2-19,setStatus> null
<526,stu1-2,stu1-2application1-2,checkStatus> null
<527,stu0-10,transcript0-10,read> null
<528,stu2-17,gradebook2-2,addScore> null
<529,registrar0-0,transcript5-8,read> null
<530,chair3,transcript3-2,read> null
<531,admissions0-1,stu4-18application4-18,read> null
<532,fac5-1,gradebook5-2,addScore> null
<533,stu2-4,transcript2-4,read> null
<534,registrar0-0,roster1-4,read> null
<535,stu2-10,transcript2-10,read> null
<536,admissions0-1,stu2-17application2-17,setStatus> null
<537,fac5-1,gradebook5-3,addScore> null
<538,fac4-2,gradebook4-5,readScore> null
<539,chair1,transcript1-0,read> null
<540,app3-1,application3-1,checkStatus> null
<541,stu0-7,transcript0-7,read> null
<542,chair4,transcript4-7,read> null
<543,admissions2-1,stu1-13application1-13,read> null
<544,admissions2-1,stu1-11application1-11,read> null
<545,stu3-14,transcript3-14,read> null
<546,fac1-3,gradebook1-6,changeScore> null
<547,registrar4-0,transcript1-5,read> null
<548,admissions2-0,stu5-18application5-18,setStatus> null
<549,stu0-15,stu0-15application0-15,checkStatus> null
<550,admissions0-0,stu3-2application3-2,setStatus> null
<551,fac4-1,gradebook4-3,assignGrade> null
<552,fac3-0,gradebook3-1,changeScore> null
<553,stu3-8,stu3-8application3-8,checkStatus> null
<554,admissions2-0,stu0-0application0-0,setStatus> null
<555,registrar4-1,roster5-5,read> null
<556,fac2-0,roster2-1,read> null
<557,stu2-16,gradebook2-5,addScore> null
<558,fac4-1,gradebook4-3,changeScore> null
<559,admissions4-1,stu5-0application5-0,read> null
<560,registrar0-1,transcript1-9,read> null
<561,chair5,transcript5-7,read> null
<562,stu1-3,stu1-3application1-3,checkStatus> null
<563,admissions2-1,stu2-0application2-0,setStatus> null
<564,admissions2-1,application3-1,setStatus> null
<565,admissions0-0,stu0-10application0-10,setStatus> null
<566,registrar4-0,transcript2-18,read> null
<567,admissions0-0,stu1-8application1-8,setStatus> null
<568,stu4-9,gradebook4-4,readMyScores> null
<569,chair1,transcript1-9,read> null
<570,admissions2-1,stu3-11application3-11,read> null
<571,registrar2-1,transcript2-10,read> null
<572,admissions4-1,stu0-2application0-2,read> null
<573,fac5-2,gradebook5-5,changeScore> null
<574,stu3-19,gradebook3-1,addScore> null
<575,stu1-6,transcript1-6,read> null
<576,admissions0-0,stu2-1application2-1,read> null
<577,admissions0-0,stu4-7application4-7,setStatus> null
<578,admissions0-1,stu0-14application0-14,setStatus> null
<579,registrar4-1,transcript2-18,read> null
<580,stu1-7,gradebook1-3,readMyScores> null
<581,admissions4-1,stu4-5application4-5,read> null
<582,chair0,transcript0-0,read> null
<583,registrar4-0,roster0-5,read> null
<584,admissions0-1,stu3-15application3-15,setStatus> null
<585,stu2-16,gradebook2-2,readMyScores> null
<586,fac2-0,gradebook2-1,addScore> null
<587,registrar0-1,roster4-1,write> null
<588,admissions0-1,stu3-1application3-1,setStatus> null
<589,registrar2-1,roster3-8,write> null
<590,chair0,transcript0-2,read> null
<591,admissions2-0,stu2-17application2-17,setStatus> null
<592,stu0-7,stu0-7application0-7,checkStatus> null
<593,stu0-17,transcript0-17,read> null
<594,registrar2-1,transcript3-16,read> null
<595,admissions0-0,stu3-4application3-4,setStatus> null
<596,admissions4-1,stu4-0application4-0,setStatus> null
<597,admissions4-1,stu2-19application2-19,setStatus> null
<598,admissions4-1,stu3-13application3-13,read> null
<599,registrar0-0,roster2-1,write> null
<600,stu4-5,stu4-5application4-5,checkStatus> null
<601,admissions2-0,application2-3,read> null
<602,registrar4-0,transcript1-9,read> null
<603,registrar0-0,roster1-6,read> null
<604,stu1-13,transcript1-13,read> null
<605,admissions4-0,stu5-2application5-2,setStatus> null
<606,stu3-12,stu3-12application3-12,checkStatus> null
<607,fac2-4,gradebook2-9,addScore> null
<608,stu2-12,transcript2-12,read> null
<609,fac5-0,gradebook5-1,addScore> null
<610,registrar0-0,transcript0-3,read> null
<611,stu2-11,transcript2-11,read> null
<612,admissions2-1,stu2-10application2-10,setStatus> null
<613,stu0-1,transcript0-1,read> null
<614,registrar4-0,transcript0-9,read> null
<615,stu0-12,stu0-12application0-12,checkStatus> null
<616,registrar0-1,roster2-8,read> null
<617,stu5-3,stu5-3application5-3,checkStatus> null
<618,registrar4-1,transcript3-18,read> null
<619,stu1-3,gradebook1-2,addScore> null
<620,registrar2-1,transcript2-5,read> null
<621,stu2-2,transcript2-2,read> null
<622,stu5-1,transcript5-1,read> null
<623,registrar4-1,transcript2-12,read> null
<624,admissions2-0,stu3-14application3-14,setStatus> null
<625,stu0-14,transcript0-14,read> null
<626,fac2-4,gradebook2-9,assignGrade> null
<627,admissions4-0,application4-3,read> null
<628,registrar4-0,transcript4-7,read> null
<629,registrar2-1,transcript2-4,read> null
<630,admissions2-1,application5-4,read> null
<631,chair3,transcript3-11,read> null
<632,registrar2-1,transcript2-7,read> null
<633,stu3-14,stu3-14application3-14,checkStatus> null
<634,fac4-1,gradebook4-2,addScore> null
<635,admissions2-0,stu2-13application2-13,read> null
<636,admissions0-1,stu5-3application5-3,read> null
<637,admissions0-1,stu2-19application2-19,read> null
<638,admissions4-1,stu3-5application3-5,setStatus> null
<639,registrar2-1,transcript2-6,read> null
<640,admissions4-1,stu0-11application0-11,setStatus> null
<641,admissions0-1,stu1-14application1-14,read> null
<642,registrar2-0,transcript1-6,read> null
<643,stu2-19,stu2-19application2-19,checkStatus> null
<644,registrar2-1,transcript2-9,read> null
<645,stu0-11,transcript0-11,read> null
<646,admissions0-0,stu0-8application0-8,setStatus> null
<647,stu4-9,transcript4-9,read> null
<648,registrar2-1,transcript2-8,read> null
<649,admissions4-0,stu0-2application0-2,read> null
<650,app1-1,application1-1,checkStatus> null
<651,admissions2-0,stu4-3application4-3,setStatus> null
<652,admissions2-0,stu2-10application2-10,setStatus> null
<653,registrar0-1,transcript1-15,read> null
<654,admissions4-1,stu3-8application3-8,setStatus> null
<655,admissions0-0,stu5-10application5-10,read> null
<656,stu0-0,transcript0-0,read> null
<657,stu1-4,stu1-4application1-4,checkStatus> null
<658,fac5-3,gradebook5-7,addScore> null
<659,fac5-3,gradebook5-6,addScore> null
<660,registrar2-0,transcript0-14,read> null
<661,registrar4-0,transcript2-12,read> null
<662,stu2-1,stu2-1application2-1,checkStatus> null
<663,stu2-14,transcript2-14,read> null
<664,registrar2-1,transcript0-14,read> null
<665,admissions4-0,stu5-10application5-10,read> null
<666,stu4-1,gradebook4-4,addScore> null
<667,registrar0-1,transcript2-2,read> null
<668,admissions0-1,stu2-3application2-3,setStatus> null
<669,admissions4-0,stu0-9application0-9,read> null
<670,admissions0-0,stu1-7application1-7,read> null
<671,stu2-7,stu2-7application2-7,checkStatus> null
<672,registrar2-1,transcript4-15,read> null
<673,admissions0-1,application3-0,setStatus> null
<674,stu0-8,gradebook0-9,readMyScores> null
<675,admissions0-1,application3-3,read> null
<676,registrar2-1,transcript2-0,read> null
<677,fac4-3,gradebook4-7,assignGrade> null
<678,registrar2-1,transcript2-1,read> null
<679,fac3-3,roster3-6,read> null
<680,registrar4-1,transcript5-10,read> null
<681,stu1-9,stu1-9application1-9,checkStatus> null
<682,registrar0-0,roster4-3,write> null
<683,admissions0-0,stu2-3application2-3,setStatus> null
<684,registrar2-1,transcript2-2,read> null
<685,registrar2-1,transcript2-3,read> null
<686,admissions4-1,application4-3,setStatus> null
<687,app0-0,application0-0,checkStatus> null
<688,admissions0-1,application2-0,read> null
<689,registrar2-0,transcript2-6,read> null
<690,registrar4-1,roster5-1,read> null
<691,registrar4-0,transcript1-11,read> null
<692,registrar4-1,roster2-7,read> null
<693,admissions0-0,stu4-16application4-16,setStatus> null
<694,chair2,transcript2-11,read> null
<695,registrar2-0,transcript2-5,read> null
<696,admissions0-1,stu0-11application0-11,read> null
<697,registrar2-1,roster1-8,write> null
<698,admissions0-0,stu4-14application4-14,read> null
<699,admissions2-0,application3-2,setStatus> null
<700,registrar0-1,transcript5-15,read> null
<701,stu3-13,transcript3-13,read> null
<702,stu2-16,stu2-16application2-16,checkStatus> null
<703,admissions0-0,stu2-19application2-19,read> null
<704,admissions2-0,stu3-12application3-12,setStatus> null
<705,admissions2-0,stu3-12application3-12,read> null
<706,stu2-6,transcript2-6,read> null
<707,registrar2-0,transcript2-4,read> null
<708,registrar2-0,transcript2-3,read> null
<709,registrar2-0,transcript2-9,read> null
<710,registrar2-0,transcript5-6,read> null
<711,admissions0-1,stu1-15application1-15,setStatus> null
<712,registrar2-0,transcript2-8,read> null
<713,admissions0-0,application4-2,setStatus> null
<714,registrar4-1,transcript2-10,read> null
<715,admissions4-0,stu1-4application1-4,setStatus> null
<716,admissions0-0,stu5-17application5-17,read> null
<717,chair3,transcript3-6,read> null
<718,stu2-11,gradebook2-1,readMyScores> null
<719,admissions2-0,stu3-18application3-18,read> null
<720,app0-2,application0-2,checkStatus> null
<721,registrar2-0,transcript2-7,read> null
<722,fac2-3,gradebook2-6,assignGrade> null
<723,registrar4-0,transcript0-18,read> null
<724,stu3-3,gradebook3-3,addScore> null
<725,stu1-16,stu1-16application1-16,checkStatus> null
<726,stu3-7,stu3-7application3-7,checkStatus> null
<727,registrar0-1,transcript5-8,read> null
<728,admissions0-1,stu5-10application5-10,read> null
<729,fac5-2,gradebook5-4,addScore> null
<730,chair5,transcript5-3,read> null
<731,stu5-6,transcript5-6,read> null
<732,fac5-2,gradebook5-5,addScore> null
<733,registrar2-0,transcript4-18,read> null
<734,admissions2-1,stu3-14application3-14,setStatus> null
<735,registrar2-0,transcript2-1,read> null
<736,registrar2-0,transcript3-15,read> null
<737,stu1-4,transcript1-4,read> null
<738,registrar4-0,roster1-7,write> null
<739,registrar4-1,transcript4-6,read> null
<740,registrar2-1,transcript2-13,read> null
<741,registrar2-0,transcript2-2,read> null
<742,app2-2,application2-2,checkStatus> null
<743,registrar4-0,roster5-7,read> null
<744,registrar2-0,transcript2-0,read> null
<745,chair4,transcript4-12,read> null
<746,stu2-13,transcript2-13,read> null
<747,stu2-6,stu2-6application2-6,checkStatus> null
<748,admissions0-1,stu0-3application0-3,setStatus> null
<749,chair0,transcript0-14,read> null
<750,stu0-16,transcript0-16,read> null
<751,admissions4-1,application3-2,read> null
<752,registrar2-0,roster0-3,write> null
<753,registrar4-1,transcript4-3,read> null
<754,app1-3,application1-3,checkStatus> null
<755,admissions2-1,stu3-19application3-19,setStatus> null
<756,admissions0-0,stu3-3application3-3,read> null
<757,admissions4-1,stu1-5application1-5,read> null
<758,stu2-10,stu2-10application2-10,checkStatus> null
<759,fac1-2,gradebook1-5,changeScore> null
<760,stu3-10,transcript3-10,read> null
<761,admissions2-0,stu3-11application3-11,read> null
<762,admissions4-0,stu3-16application3-16,read> null
<763,admissions0-0,application3-0,setStatus> null
<764,admissions0-0,application3-2,setStatus> null
<765,admissions0-0,application3-1,setStatus> null
<766,fac5-3,gradebook5-7,changeScore> null
<767,registrar4-1,roster3-6,read> null
<768,admissions0-0,application3-4,setStatus> null
<769,registrar2-1,transcript0-17,read> null
<770,stu1-11,gradebook1-7,readScore> null
<771,chair4,transcript4-6,read> null
<772,registrar2-1,transcript5-5,read> null
<773,admissions0-0,stu5-0application5-0,setStatus> null
<774,admissions0-0,application3-3,setStatus> null
<775,registrar0-1,transcript4-15,read> null
<776,stu0-13,transcript0-13,read> null
<777,chair2,transcript2-18,read> null
<778,chair1,transcript1-14,read> null
<779,admissions4-1,application5-3,setStatus> null
<780,stu2-18,stu2-18application2-18,checkStatus> null
<781,admissions0-1,stu1-6application1-6,setStatus> null
<782,admissions4-0,stu2-12application2-12,setStatus> null
<783,registrar2-1,transcript0-18,read> null
<784,stu2-11,stu2-11application2-11,checkStatus> null
<785,registrar4-0,transcript2-3,read> null
<786,stu4-3,stu4-3application4-3,checkStatus> null
<787,app1-2,application1-2,checkStatus> null
<788,registrar4-0,roster1-1,read> null
<789,admissions4-1,stu0-5application0-5,setStatus> null
<790,fac3-4,roster3-8,read> null
<791,registrar0-0,transcript5-9,read> null
<792,fac5-4,gradebook5-8,addScore> null
<793,registrar2-1,transcript1-3,read> null
<794,fac1-3,gradebook1-7,changeScore> null
<795,fac5-4,gradebook5-9,addScore> null
<796,admissions0-1,stu3-7application3-7,setStatus> null
<797,admissions2-1,stu5-1application5-1,setStatus> null
<798,admissions2-1,stu4-3application4-3,setStatus> null
<799,registrar0-0,roster3-2,read> null
<800,admissions4-0,application5-2,read> null
<801,fac5-1,roster5-2,read> null
<802,admissions0-1,application3-3,setStatus> null
<803,registrar0-0,transcript2-17,read> null
<804,admissions4-1,stu3-11application3-11,setStatus> null
<805,admissions0-1,application4-0,read> null
<806,admissions4-1,stu4-17application4-17,read> null
<807,admissions0-1,application3-2,setStatus> null
<808,admissions0-1,application3-1,setStatus> null
<809,admissions4-1,stu3-16application3-16,read> null
<810,admissions0-1,application3-4,setStatus> null
<811,registrar4-0,transcript5-6,read> null
<812,admissions2-0,stu3-3application3-3,setStatus> null
<813,admissions0-0,stu0-16application0-16,setStatus> null
<814,admissions0-1,stu3-7application3-7,read> null
<815,registrar4-1,roster0-9,write> null
<816,registrar4-1,roster5-2,write> null
<817,registrar2-0,transcript4-17,read> null
<818,stu2-17,transcript2-17,read> null
<819,admissions0-1,stu0-5application0-5,setStatus> null
<820,admissions0-1,application1-2,setStatus> null
<821,stu4-4,transcript4-4,read> null
<822,admissions2-0,stu2-15application2-15,read> null
<823,app2-1,application2-1,checkStatus> null
<824,registrar4-0,transcript2-11,read> null
<825,admissions4-1,stu4-2application4-2,setStatus> null
<826,registrar0-1,transcript3-15,read> null
<827,admissions2-1,stu2-15application2-15,read> null
<828,fac4-3,gradebook4-6,addScore> null
<829,registrar4-0,roster2-3,write> null
<830,stu2-3,stu2-3application2-3,checkStatus> null
<831,registrar2-1,transcript0-1,read> null
<832,stu0-18,transcript0-18,read> null
<833,admissions4-0,stu2-7application2-7,read> null
<834,admissions2-1,stu5-15application5-15,read> null
<835,stu1-10,gradebook1-5,addScore> null
<836,admissions2-0,stu5-18application5-18,read> null
<837,fac1-4,gradebook1-9,readScore> null
<838,admissions4-0,stu3-0application3-0,read> null
<839,stu2-13,gradebook2-8,readMyScores> null
<840,fac0-3,gradebook0-6,assignGrade> null
<841,stu1-15,stu1-15application1-15,checkStatus> null
<842,registrar4-1,transcript4-18,read> null
<843,admissions2-1,stu0-6application0-6,read> null
<844,stu4-6,gradebook4-7,readMyScores> null
<845,admissions4-1,stu1-10application1-10,read> null
<846,chair4,transcript4-15,read> null
<847,registrar0-0,roster2-8,write> null
<848,registrar4-1,roster0-1,read> null
<849,registrar4-0,roster0-7,read> null
<850,admissions0-1,stu1-16application1-16,read> null
<851,registrar4-0,transcript5-0,read> null
<852,registrar2-1,transcript1-2,read> null
<853,admissions0-0,stu0-9application0-9,setStatus> null
<854,admissions2-1,stu0-16application0-16,setStatus> null
<855,admissions2-0,stu0-13application0-13,read> null
<856,stu1-6,gradebook1-4,readMyScores> null
<857,admissions0-1,stu2-18application2-18,read> null
<858,admissions2-0,stu1-6application1-6,read> null
<859,stu2-7,gradebook2-5,addScore> null
<860,admissions0-0,application5-1,setStatus> null
<861,stu5-16,transcript5-16,read> null
<862,registrar4-0,transcript0-5,read> null
<863,registrar0-0,transcript0-10,read> null
<864,admissions4-1,stu2-7application2-7,read> null
<865,registrar4-1,roster2-4,read> null
<866,admissions4-0,stu1-0application1-0,setStatus> null
<867,admissions0-0,stu3-8application3-8,read> null
<868,admissions2-0,stu2-17application2-17,read> null
<869,registrar0-1,roster3-3,read> null
<870,stu1-15,gradebook1-9,readMyScores> null
<871,registrar2-1,transcript5-15,read> null
<872,admissions0-1,stu5-17application5-17,read> null
<873,admissions4-0,stu1-13application1-13,read> null
<874,registrar2-0,transcript0-0,read> null
<875,admissions2-0,stu0-6application0-6,read> null
<876,admissions2-0,stu1-9application1-9,setStatus> null
<877,registrar2-0,transcript0-7,read> null
<878,chair2,transcript2-15,read> null
<879,admissions4-1,stu3-0application3-0,read> null
<880,registrar4-0,roster3-8,write> null
<881,registrar0-1,transcript3-11,read> null
<882,stu2-8,gradebook2-5,readMyScores> null
<883,registrar0-1,roster5-3,read> null
<884,stu0-2,transcript0-2,read> null
<885,registrar4-1,transcript4-0,read> null
<886,admissions4-1,stu2-15application2-15,read> null
<887,admissions2-1,stu5-18application5-18,setStatus> null
<888,registrar2-0,roster0-6,read> null
<889,fac5-2,gradebook5-4,changeScore> null
<890,stu0-19,transcript0-19,read> null
<891,fac5-1,roster5-3,read> null
<892,admissions4-1,stu2-13application2-13,setStatus> null
<893,admissions4-0,stu3-18application3-18,setStatus> null
<894,admissions0-0,stu1-11application1-11,setStatus> null
<895,registrar4-1,roster5-9,write> null
<896,registrar4-1,roster5-8,write> null
<897,admissions2-0,application3-4,setStatus> null
<898,registrar4-1,roster5-7,write> null
<899,registrar4-1,roster0-2,write> null
<900,admissions0-0,stu1-16application1-16,read> null
<901,admissions4-1,application4-4,setStatus> null
<902,registrar4-1,roster5-1,write> null
<903,admissions0-0,stu4-13application4-13,setStatus> null
<904,fac1-3,gradebook1-6,readScore> null
<905,admissions4-0,stu0-6application0-6,read> null
<906,admissions0-1,stu0-16application0-16,setStatus> null
<907,registrar0-1,transcript3-13,read> null
<908,registrar4-1,roster5-6,write> null
<909,registrar2-0,transcript2-13,read> null
<910,admissions0-1,stu0-0application0-0,setStatus> null
<911,registrar4-1,roster5-5,write> null
<912,registrar4-1,roster5-4,write> null
<913,registrar2-0,transcript1-2,read> null
<914,admissions0-1,stu3-12application3-12,read> null
<915,fac3-2,gradebook3-4,changeScore> null
<916,registrar0-1,transcript2-13,read> null
<917,registrar4-1,roster5-3,write> null
<918,registrar4-1,transcript0-17,read> null
<919,stu5-12,stu5-12application5-12,checkStatus> null
<920,registrar0-0,transcript3-10,read> null
<921,admissions4-0,stu3-4application3-4,read> null
<922,admissions2-1,stu2-17application2-17,read> null
<923,admissions4-0,stu4-2application4-2,setStatus> null
<924,registrar4-0,roster5-2,write> null
<925,admissions4-0,stu4-16application4-16,setStatus> null
<926,admissions2-1,stu1-8application1-8,setStatus> null
<927,registrar4-0,roster5-3,write> null
<928,registrar0-0,roster0-9,read> null
<929,registrar4-0,roster5-4,write> null
<930,registrar4-0,roster5-5,write> null
<931,stu0-6,stu0-6application0-6,checkStatus> null
<932,registrar4-0,roster5-1,write> null
<933,stu1-14,stu1-14application1-14,checkStatus> null
<934,admissions2-0,stu2-18application2-18,setStatus> null
<935,admissions2-0,stu0-16application0-16,read> null
<936,admissions2-0,stu3-8application3-8,setStatus> null
<937,stu2-9,gradebook2-9,addScore> null
<938,fac1-4,gradebook1-8,assignGrade> null
<939,registrar4-0,roster5-6,write> null
<940,fac1-3,gradebook1-7,readScore> null
<941,registrar4-0,roster5-7,write> null
<942,admissions4-1,application4-1,read> null
<943,registrar0-1,transcript1-0,read> null
<944,registrar4-0,roster5-8,write> null
<945,admissions0-1,stu3-4application3-4,setStatus> null
<946,registrar4-0,roster5-9,write> null
<947,admissions0-1,stu2-13application2-13,read> null
<948,admissions4-0,stu1-7application1-7,setStatus> null
<949,registrar4-1,transcript5-6,read> null
<950,admissions4-1,stu2-12application2-12,read> null
<951,admissions2-1,stu0-12application0-12,read> null
<952,admissions2-1,stu1-6application1-6,read> null
<953,admissions2-1,stu1-9application1-9,setStatus> null
<954,stu2-0,gradebook2-5,addScore> null
<955,admissions4-1,stu0-12application0-12,setStatus> null
<956,admissions0-0,stu4-4application4-4,setStatus> null
<957,admissions2-1,stu0-17application0-17,setStatus> null
<958,admissions0-0,stu2-13application2-13,read> null
<959,admissions0-1,stu4-3application4-3,setStatus> null
<960,fac1-1,gradebook1-3,addScore> null
<961,stu0-11,stu0-11application0-11,checkStatus> null
<962,fac1-1,gradebook1-2,addScore> null
<963,chair4,transcript4-1,read> null
<964,admissions2-1,stu3-8application3-8,read> null
<965,registrar4-1,roster1-7,read> null
<966,registrar0-1,transcript1-7,read> null
<967,registrar4-0,roster2-1,write> null
<968,registrar4-1,roster5-7,read> null
<969,admissions2-1,stu1-12application1-12,read> null
<970,stu2-3,gradebook2-6,addScore> null
<971,fac4-3,gradebook4-7,changeScore> null
<972,admissions2-1,stu5-19application5-19,setStatus> null
<973,fac2-3,gradebook2-6,readScore> null
<974,admissions4-0,stu0-12application0-12,setStatus> null
<975,stu0-18,gradebook0-3,readScore> null
<976,chair4,transcript4-16,read> null
<977,admissions2-0,stu5-3application5-3,setStatus> null
<978,registrar0-0,transcript1-1,read> null
<979,admissions2-0,stu1-8application1-8,setStatus> null
<980,app1-4,application1-4,checkStatus> null
<981,fac1-0,gradebook1-1,addScore> null
<982,registrar2-0,transcript4-19,read> null
<983,fac0-2,gradebook0-4,changeScore> null
<984,admissions2-0,application0-4,setStatus> null
<985,registrar2-1,transcript3-14,read> null
<986,stu4-13,stu4-13application4-13,checkStatus> null
<987,admissions2-0,stu1-10application1-10,setStatus> null
<988,admissions2-1,stu3-3application3-3,setStatus> null
<989,admissions4-0,stu4-17application4-17,read> null
<990,admissions0-1,stu5-11application5-11,setStatus> null
<991,stu1-15,gradebook1-2,addScore> null
<992,admissions0-0,stu2-15application2-15,read> null
<993,stu0-6,gradebook0-4,addScore> null
<994,admissions4-0,stu4-17application4-17,setStatus> null
<995,admissions0-1,stu2-1application2-1,setStatus> null
<996,stu2-15,gradebook2-3,readMyScores> null
<997,admissions2-0,stu3-6application3-6,read> null
<998,admissions2-0,stu0-1application0-1,setStatus> null
<999,admissions2-0,stu3-19application3-19,read> null
<1000,admissions2-1,stu0-9application0-9,setStatus> null
<1001,stu5-19,stu5-19application5-19,checkStatus> null
<1002,admissions0-0,stu2-1application2-1,setStatus> null
<1003,admissions4-0,stu3-18application3-18,read> null
<1004,registrar4-1,transcript1-0,read> null
<1005,stu0-8,gradebook0-6,addScore> null
<1006,registrar2-1,transcript5-2,read> null
<1007,fac1-1,gradebook1-3,changeScore> null
<1008,registrar4-1,transcript0-19,read> null
<1009,admissions0-0,application2-1,read> null
<1010,admissions0-1,stu1-17application1-17,setStatus> null
<1011,admissions2-1,stu3-5application3-5,setStatus> null
<1012,admissions4-1,stu1-10application1-10,setStatus> null
<1013,registrar2-1,roster2-1,write> null
<1014,registrar2-1,roster2-3,write> null
<1015,registrar0-1,transcript4-16,read> null
<1016,registrar2-1,roster2-2,write> null
<1017,registrar2-1,roster2-5,write> null
<1018,admissions4-1,stu3-18application3-18,read> null
<1019,admissions2-0,stu0-5application0-5,read> null
<1020,registrar2-1,roster2-4,write> null
<1021,registrar4-1,roster0-4,read> null
<1022,admissions4-0,stu0-1application0-1,setStatus> null
<1023,registrar0-1,transcript5-6,read> null
<1024,admissions2-0,stu0-11application0-11,read> null
<1025,registrar2-1,roster2-7,write> null
<1026,chair5,transcript5-11,read> null
<1027,admissions4-0,stu4-11application4-11,setStatus> null
<1028,stu5-14,stu5-14application5-14,checkStatus> null
<1029,registrar0-1,transcript4-12,read> null
<1030,registrar2-1,roster2-6,write> null
<1031,registrar2-1,roster2-9,write> null
<1032,registrar2-0,transcript2-10,read> null
<1033,registrar2-1,roster2-8,write> null
<1034,registrar2-0,transcript1-3,read> null
<1035,admissions4-0,stu4-4application4-4,read> null
<1036,registrar4-0,roster0-1,read> null
<1037,fac2-4,gradebook2-8,assignGrade> null
<1038,fac1-2,gradebook1-4,changeScore> null
<1039,stu5-2,transcript5-2,read> null
<1040,admissions4-0,stu0-2application0-2,setStatus> null
<1041,admissions0-0,application4-3,setStatus> null
<1042,stu0-0,stu0-0application0-0,checkStatus> null
<1043,registrar4-0,roster0-7,write> null
<1044,admissions0-0,stu1-17application1-17,setStatus> null
<1045,admissions2-1,stu4-9application4-9,setStatus> null
<1046,admissions4-0,stu1-10application1-10,read> null
<1047,admissions0-0,stu4-10application4-10,setStatus> null
<1048,admissions2-1,stu0-18application0-18,read> null
<1049,stu5-0,transcript5-0,read> null
<1050,admissions4-1,stu0-2application0-2,setStatus> null
<1051,admissions4-1,stu5-14application5-14,setStatus> null
<1052,admissions2-1,stu3-17application3-17,read> null
<1053,admissions2-1,stu0-1application0-1,setStatus> null
<1054,admissions4-0,application0-3,setStatus> null
<1055,registrar2-1,transcript0-19,read> null
<1056,admissions2-0,stu0-4application0-4,setStatus> null
<1057,admissions4-1,stu2-16application2-16,setStatus> null
<1058,admissions2-0,stu4-9application4-9,setStatus> null
<1059,registrar4-0,transcript4-10,read> null
<1060,registrar0-1,roster4-1,read> null
<1061,registrar0-1,transcript5-3,read> null
<1062,admissions4-0,stu5-14application5-14,setStatus> null
<1063,registrar2-1,transcript3-12,read> null
<1064,admissions4-0,stu2-16application2-16,setStatus> null
<1065,admissions4-0,stu2-9application2-9,read> null
<1066,admissions4-0,stu1-11application1-11,setStatus> null
<1067,admissions4-1,application2-4,read> null
<1068,registrar4-0,transcript5-12,read> null
<1069,admissions4-1,application2-3,read> null
<1070,registrar0-0,transcript4-6,read> null
<1071,stu2-19,gradebook2-2,readMyScores> null
<1072,admissions4-0,stu0-10application0-10,read> null
<1073,admissions2-1,stu0-4application0-4,setStatus> null
<1074,registrar2-0,roster1-4,write> null
<1075,stu5-2,stu5-2application5-2,checkStatus> null
<1076,registrar2-0,roster0-9,write> null
<1077,registrar4-1,transcript5-1,read> null
<1078,stu3-17,gradebook3-3,addScore> null
<1079,stu1-7,transcript1-7,read> null
<1080,fac3-1,roster3-3,read> null
<1081,registrar2-1,roster1-3,write> null
<1082,admissions4-0,stu3-15application3-15,setStatus> null
<1083,registrar2-0,transcript3-14,read> null
<1084,admissions2-0,stu3-17application3-17,read> null
<1085,admissions4-1,stu0-15application0-15,read> null
<1086,stu4-15,transcript4-15,read> null
<1087,chair2,transcript2-16,read> null
<1088,registrar4-1,transcript4-13,read> null
<1089,admissions4-1,stu1-0application1-0,setStatus> null
<1090,chair3,transcript3-12,read> null
<1091,admissions0-0,stu3-7application3-7,read> null
<1092,stu4-12,stu4-12application4-12,checkStatus> null
<1093,registrar2-0,transcript0-17,read> null
<1094,admissions0-0,stu4-11application4-11,read> null
<1095,registrar0-0,roster4-8,write> null
<1096,admissions0-0,stu0-11application0-11,setStatus> null
<1097,stu5-9,transcript5-9,read> null
<1098,admissions2-0,stu4-17application4-17,setStatus> null
<1099,admissions4-1,application2-1,read> null
<1100,admissions2-0,stu5-2application5-2,setStatus> null
<1101,registrar0-1,transcript4-19,read> null
<1102,admissions4-1,application2-2,read> null
<1103,admissions4-1,application2-0,read> null
<1104,admissions4-0,application2-3,read> null
<1105,admissions4-0,application2-2,read> null
<1106,admissions4-1,stu4-11application4-11,read> null
<1107,admissions4-0,application2-4,read> null
<1108,admissions2-1,stu4-12application4-12,setStatus> null
<1109,stu0-3,gradebook0-7,addScore> null
<1110,admissions0-1,stu1-2application1-2,setStatus> null
<1111,registrar0-0,transcript3-19,read> null
<1112,admissions0-1,stu0-10application0-10,read> null
<1113,admissions2-0,application5-1,read> null
<1114,admissions0-0,stu1-4application1-4,read> null
<1115,admissions4-0,stu0-15application0-15,read> null
<1116,admissions2-0,stu2-1application2-1,setStatus> null
<1117,admissions2-0,stu2-4application2-4,setStatus> null
<1118,admissions0-1,stu4-11application4-11,read> null
<1119,registrar0-0,transcript4-12,read> null
<1120,registrar2-1,transcript5-10,read> null
<1121,admissions4-0,stu1-5application1-5,read> null
<1122,admissions2-1,stu4-17application4-17,setStatus> null
<1123,registrar0-1,transcript1-5,read> null
<1124,admissions4-0,stu0-5application0-5,setStatus> null
<1125,admissions4-0,application2-0,read> null
<1126,stu5-6,stu5-6application5-6,checkStatus> null
<1127,admissions4-1,stu2-17application2-17,read> null
<1128,stu5-5,stu5-5application5-5,checkStatus> null
<1129,admissions2-1,application1-2,setStatus> null
<1130,fac0-1,gradebook0-2,readScore> null
<1131,admissions4-0,application2-1,read> null
<1132,admissions4-0,stu1-0application1-0,read> null
<1133,registrar0-1,roster2-2,read> null
<1134,registrar2-1,roster1-4,write> null
<1135,stu2-3,gradebook2-1,readMyScores> null
<1136,registrar0-1,roster2-1,read> null
<1137,registrar0-1,roster2-6,read> null
<1138,registrar0-1,roster2-5,read> null
<1139,registrar2-1,transcript3-3,read> null
<1140,fac2-3,gradebook2-7,changeScore> null
<1141,registrar0-0,transcript0-14,read> null
<1142,registrar0-1,transcript2-12,read> null
<1143,admissions2-0,stu0-0application0-0,read> null
<1144,registrar0-1,transcript0-13,read> null
<1145,registrar2-0,roster3-6,write> null
<1146,registrar0-1,roster2-4,read> null
<1147,registrar0-1,roster2-3,read> null
<1148,registrar4-1,transcript2-8,read> null
<1149,admissions2-0,stu1-0application1-0,read> null
<1150,stu0-4,gradebook0-4,addScore> null
<1151,admissions0-0,stu0-10application0-10,read> null
<1152,admissions0-0,stu2-17application2-17,read> null
<1153,stu2-15,gradebook2-6,readMyScores> null
<1154,admissions4-1,stu2-6application2-6,setStatus> null
<1155,admissions0-1,stu3-14application3-14,read> null
<1156,registrar2-0,roster2-9,write> null
<1157,admissions2-1,stu0-8application0-8,read> null
<1158,fac1-3,gradebook1-7,addScore> null
<1159,stu0-9,stu0-9application0-9,checkStatus> null
<1160,registrar0-0,transcript3-15,read> null
<1161,admissions2-1,stu2-1application2-1,setStatus> null
<1162,admissions0-0,stu2-8application2-8,setStatus> null
<1163,admissions0-0,stu1-16application1-16,setStatus> null
<1164,registrar0-1,transcript3-17,read> null
<1165,registrar4-0,transcript0-13,read> null
<1166,registrar2-0,roster2-7,write> null
<1167,registrar0-1,transcript3-9,read> null
<1168,registrar2-0,roster2-8,write> null
<1169,registrar4-0,roster3-2,read> null
<1170,registrar2-0,roster2-5,write> null
<1171,registrar0-0,roster2-8,read> null
<1172,registrar2-0,roster2-6,write> null
<1173,fac3-3,roster3-7,read> null
<1174,admissions0-1,stu0-19application0-19,setStatus> null
<1175,registrar0-0,roster2-9,read> null
<1176,admissions4-1,stu5-2application5-2,read> null
<1177,registrar2-0,roster2-3,write> null
<1178,registrar0-0,roster3-4,read> null
<1179,stu0-4,gradebook0-8,readMyScores> null
<1180,admissions2-0,stu1-11application1-11,read> null
<1181,registrar0-0,roster2-6,read> null
<1182,admissions2-1,stu0-5application0-5,read> null
<1183,registrar2-0,roster2-4,write> null
<1184,registrar2-0,roster2-1,write> null
<1185,admissions0-1,application0-2,read> null
<1186,registrar0-0,transcript2-2,read> null
<1187,admissions0-1,stu5-5application5-5,read> null
<1188,registrar4-0,transcript0-4,read> null
<1189,chair0,transcript0-1,read> null
<1190,chair2,transcript2-0,read> null
<1191,registrar2-1,transcript2-11,read> null
<1192,registrar2-0,roster2-2,write> null
<1193,fac1-4,gradebook1-8,addScore> null
<1194,chair2,transcript2-2,read> null
<1195,registrar2-0,transcript3-19,read> null
<1196,admissions4-1,stu3-15application3-15,setStatus> null
<1197,registrar0-0,roster2-1,read> null
<1198,registrar4-1,transcript3-19,read> null
<1199,app2-3,application2-3,checkStatus> null
<1200,fac4-1,roster4-2,read> null
<1201,admissions2-0,stu1-1application1-1,read> null
<1202,registrar2-0,roster0-2,read> null
<1203,admissions0-0,stu4-13application4-13,read> null
<1204,registrar0-0,roster2-3,read> null
<1205,registrar4-0,transcript4-16,read> null
<1206,admissions4-1,stu2-14application2-14,read> null
<1207,registrar4-1,transcript2-13,read> null
<1208,registrar0-0,roster2-2,read> null
<1209,registrar0-0,roster2-5,read> null
<1210,admissions2-1,stu2-9application2-9,setStatus> null
<1211,stu1-0,gradebook1-2,addScore> null
<1212,fac2-1,gradebook2-2,changeScore> null
<1213,registrar4-1,transcript1-9,read> null
<1214,fac1-4,gradebook1-9,changeScore> null
<1215,fac1-4,gradebook1-8,changeScore> null
<1216,admissions2-1,stu2-5application2-5,read> null
<1217,admissions0-0,stu1-5application1-5,read> null
<1218,admissions2-1,stu5-2application5-2,setStatus> null
<1219,admissions2-0,application3-3,setStatus> null
<1220,stu2-5,transcript2-5,read> null
<1221,fac0-0,gradebook0-1,addScore> null
<1222,admissions0-0,stu5-5application5-5,read> null
<1223,registrar0-0,roster0-6,read> null
<1224,fac5-4,gradebook5-9,readScore> null
<1225,admissions0-0,application5-0,read> null
<1226,admissions2-0,application0-1,read> null
<1227,admissions2-0,application0-0,read> null
<1228,registrar4-0,transcript0-16,read> null
<1229,registrar0-1,roster1-9,read> null
<1230,stu0-5,stu0-5application0-5,checkStatus> null
<1231,stu5-18,gradebook5-4,addScore> null
<1232,admissions0-1,stu3-15application3-15,read> null
<1233,registrar0-0,transcript0-12,read> null
<1234,admissions0-1,stu1-15application1-15,read> null
<1235,registrar4-0,transcript1-1,read> null
<1236,admissions0-1,stu0-2application0-2,setStatus> null
<1237,admissions0-1,stu5-6application5-6,read> null
<1238,admissions0-0,application0-0,setStatus> null
<1239,admissions2-0,stu2-5application2-5,read> null
<1240,admissions4-0,stu3-6application3-6,setStatus> null
<1241,admissions4-1,stu3-3application3-3,setStatus> null
<1242,admissions0-1,stu4-4application4-4,read> null
<1243,admissions2-0,stu0-12application0-12,read> null
<1244,admissions0-1,stu4-0application4-0,read> null
<1245,admissions2-1,stu3-14application3-14,read> null
<1246,stu3-7,gradebook3-9,addScore> null
<1247,stu1-1,gradebook1-8,addScore> null
<1248,stu4-17,gradebook4-8,readMyScores> null
<1249,stu4-17,gradebook4-7,readMyScores> null
<1250,admissions0-0,stu1-4application1-4,setStatus> null
<1251,admissions2-0,application0-4,read> null
<1252,admissions2-0,application0-3,setStatus> null
<1253,stu4-17,gradebook4-1,readMyScores> null
<1254,registrar0-0,transcript3-2,read> null
<1255,admissions2-0,application0-2,setStatus> null
<1256,registrar2-1,roster1-9,read> null
<1257,admissions2-0,application0-2,read> null
<1258,admissions2-0,application0-1,setStatus> null
<1259,admissions2-0,application0-3,read> null
<1260,admissions2-1,application0-0,read> null
<1261,admissions2-1,application0-2,read> null
<1262,admissions2-1,application0-1,read> null
<1263,registrar2-1,transcript3-18,read> null
<1264,chair2,transcript2-9,read> null
<1265,admissions2-1,stu2-7application2-7,read> null
<1266,chair2,transcript2-8,read> null
<1267,stu2-7,transcript2-7,read> null
<1268,registrar0-1,roster2-9,read> null
<1269,registrar4-0,transcript4-15,read> null
<1270,admissions0-0,stu5-6application5-6,read> null
<1271,stu4-15,gradebook4-7,readMyScores> null
<1272,registrar0-1,roster2-7,read> null
<1273,admissions4-0,stu3-7application3-7,setStatus> null
<1274,stu2-14,stu2-14application2-14,checkStatus> null
<1275,stu5-1,gradebook5-3,readMyScores> null
<1276,registrar4-1,roster1-2,write> null
<1277,admissions2-0,stu3-14application3-14,read> null
<1278,chair2,transcript2-4,read> null
<1279,stu2-11,gradebook2-6,readMyScores> null
<1280,fac5-1,gradebook5-2,changeScore> null
<1281,stu4-16,gradebook4-6,readMyScores> null
<1282,chair2,transcript2-6,read> null
<1283,admissions0-1,stu4-19application4-19,read> null
<1284,stu4-19,stu4-19application4-19,checkStatus> null
<1285,stu4-16,gradebook4-5,readMyScores> null
<1286,admissions2-1,application0-0,setStatus> null
<1287,admissions2-0,stu3-6application3-6,setStatus> null
<1288,admissions0-0,stu1-6application1-6,setStatus> null
<1289,chair2,transcript2-7,read> null
<1290,registrar2-0,roster3-5,read> null
<1291,stu4-16,gradebook4-4,readMyScores> null
<1292,admissions2-1,application0-2,setStatus> null
<1293,admissions2-1,application0-1,setStatus> null
<1294,fac2-2,gradebook2-4,readScore> null
<1295,fac2-4,gradebook2-8,addScore> null
<1296,admissions2-0,stu2-19application2-19,read> null
<1297,admissions4-1,stu5-15application5-15,setStatus> null
<1298,admissions4-1,application4-3,read> null
<1299,admissions2-1,application0-4,read> null
<1300,admissions4-0,stu3-15application3-15,read> null
<1301,admissions2-1,application0-4,setStatus> null
<1302,registrar4-1,transcript2-0,read> null
<1303,registrar0-1,roster1-8,read> null
<1304,stu2-12,stu2-12application2-12,checkStatus> null
<1305,chair2,transcript2-3,read> null
<1306,admissions2-1,stu3-1application3-1,setStatus> null
<1307,admissions4-1,stu4-0application4-0,read> null
<1308,admissions4-1,stu4-14application4-14,setStatus> null
<1309,admissions4-1,stu3-7application3-7,setStatus> null
<1310,admissions2-1,stu2-11application2-11,read> null
<1311,admissions2-0,stu1-15application1-15,read> null
<1312,admissions2-1,stu1-0application1-0,setStatus> null
<1313,stu0-0,gradebook0-1,addScore> null
<1314,stu1-1,transcript1-1,read> null
<1315,registrar2-0,roster1-2,write> null
<1316,stu4-19,gradebook4-2,readMyScores> null
<1317,stu3-9,gradebook3-4,addScore> null
<1318,admissions0-0,stu1-2application1-2,setStatus> null
<1319,stu4-19,gradebook4-5,readMyScores> null
<1320,stu4-19,gradebook4-9,readMyScores> null
<1321,admissions2-1,application2-1,read> null
<1322,admissions4-0,stu1-7application1-7,read> null
<1323,stu4-17,gradebook4-9,readMyScores> null
<1324,registrar2-0,transcript4-12,read> null
<1325,admissions2-1,application3-0,read> null
<1326,admissions0-0,stu0-2application0-2,setStatus> null
<1327,admissions0-1,stu3-3application3-3,read> null
<1328,registrar4-0,transcript0-12,read> null
<1329,admissions4-0,stu3-3application3-3,setStatus> null
<1330,admissions2-0,stu2-11application2-11,read> null
<1331,stu4-7,stu4-7application4-7,checkStatus> null
<1332,stu1-18,transcript1-18,read> null
<1333,admissions0-0,stu2-19application2-19,setStatus> null
<1334,stu4-3,gradebook4-2,readMyScores> null
<1335,stu4-18,gradebook4-5,readMyScores> null
<1336,stu0-1,gradebook0-5,addScore> null
<1337,admissions2-1,stu2-12application2-12,read> null
<1338,registrar0-0,transcript0-19,read> null
<1339,stu4-18,gradebook4-7,readMyScores> null
<1340,registrar2-1,roster4-3,read> null
<1341,stu2-8,transcript2-8,read> null
<1342,admissions0-0,stu3-10application3-10,setStatus> null
<1343,admissions4-1,stu4-1application4-1,setStatus> null
<1344,registrar2-1,roster4-4,read> null
<1345,registrar2-1,roster4-5,read> null
<1346,registrar2-1,transcript1-5,read> null
<1347,registrar2-1,roster4-6,read> null
<1348,registrar2-1,roster4-1,read> null
<1349,registrar0-1,roster0-8,write> null
<1350,registrar2-1,roster4-2,read> null
<1351,registrar0-1,roster0-9,write> null
<1352,registrar0-1,transcript0-7,read> null
<1353,registrar0-1,roster0-6,write> null
<1354,admissions0-0,stu3-0application3-0,read> null
<1355,registrar4-1,transcript1-7,read> null
<1356,registrar0-1,roster0-7,write> null
<1357,registrar0-1,roster0-4,write> null
<1358,stu2-10,gradebook2-4,readMyScores> null
<1359,registrar0-1,roster0-5,write> null
<1360,fac4-4,roster4-9,read> null
<1361,admissions2-1,application5-0,read> null
<1362,registrar0-0,roster4-8,read> null
<1363,admissions2-0,stu0-15application0-15,setStatus> null
<1364,fac3-4,gradebook3-8,changeScore> null
<1365,fac0-2,gradebook0-4,assignGrade> null
<1366,admissions0-0,stu5-3application5-3,read> null
<1367,admissions0-1,stu1-11application1-11,setStatus> null
<1368,admissions4-0,stu5-9application5-9,setStatus> null
<1369,registrar0-1,roster0-3,write> null
<1370,registrar4-1,transcript2-14,read> null
<1371,admissions4-1,stu1-7application1-7,read> null
<1372,registrar4-0,roster3-1,read> null
<1373,registrar0-0,transcript1-2,read> null
<1374,registrar0-1,roster0-1,write> null
<1375,admissions0-0,stu3-7application3-7,setStatus> null
<1376,admissions0-1,stu0-16application0-16,read> null
<1377,registrar2-0,roster4-7,read> null
<1378,registrar2-0,roster4-6,read> null
<1379,registrar2-0,roster4-9,read> null
<1380,registrar2-0,roster3-5,write> null
<1381,registrar4-1,transcript4-2,read> null
<1382,registrar2-0,roster4-8,read> null
<1383,stu2-18,transcript2-18,read> null
<1384,registrar2-0,roster4-4,read> null
<1385,fac3-1,gradebook3-2,changeScore> null
<1386,registrar2-0,roster4-5,read> null
<1387,admissions0-1,stu0-0application0-0,read> null
<1388,registrar2-0,roster4-2,read> null
<1389,registrar2-0,roster4-3,read> null
<1390,admissions0-1,stu3-10application3-10,setStatus> null
<1391,admissions2-0,stu2-4application2-4,read> null
<1392,stu4-13,gradebook4-3,readMyScores> null
<1393,admissions2-1,stu0-7application0-7,read> null
<1394,admissions0-1,stu4-10application4-10,setStatus> null
<1395,registrar4-0,transcript0-14,read> null
<1396,registrar2-0,roster4-1,read> null
<1397,admissions2-0,stu0-18application0-18,read> null
<1398,admissions0-0,stu4-12application4-12,setStatus> null
<1399,stu2-17,gradebook2-2,readScore> null
<1400,admissions2-1,stu0-15application0-15,setStatus> null
<1401,admissions4-0,stu4-9application4-9,read> null
<1402,admissions2-0,stu2-12application2-12,setStatus> null
<1403,admissions2-0,stu2-1application2-1,read> null
<1404,admissions2-0,stu2-6application2-6,read> null
<1405,stu1-8,gradebook1-7,readMyScores> null
<1406,admissions2-1,stu1-15application1-15,read> null
<1407,admissions0-0,application5-3,setStatus> null
<1408,registrar2-1,transcript4-2,read> null
<1409,admissions4-1,stu1-9application1-9,setStatus> null
<1410,admissions0-1,stu1-3application1-3,setStatus> null
<1411,stu1-6,gradebook1-1,addScore> null
<1412,admissions4-1,stu3-1application3-1,setStatus> null
<1413,admissions2-0,application3-0,read> null
<1414,admissions4-1,stu4-13application4-13,read> null
<1415,admissions4-1,stu4-4application4-4,read> null
<1416,admissions0-0,stu3-9application3-9,read> null
<1417,admissions4-1,stu0-16application0-16,read> null
<1418,registrar4-0,transcript4-1,read> null
<1419,registrar4-0,transcript4-0,read> null
<1420,registrar0-1,roster5-4,read> null
<1421,registrar0-1,transcript2-17,read> null
<1422,admissions0-0,stu5-18application5-18,read> null
<1423,fac3-1,gradebook3-2,addScore> null
<1424,registrar4-0,transcript4-9,read> null
<1425,registrar4-1,transcript3-14,read> null
<1426,admissions0-1,stu4-8application4-8,read> null
<1427,admissions2-0,stu1-12application1-12,setStatus> null
<1428,registrar2-1,transcript4-7,read> null
<1429,registrar4-0,transcript4-8,read> null
<1430,admissions0-0,stu4-15application4-15,setStatus> null
<1431,registrar4-0,transcript4-6,read> null
<1432,registrar4-0,transcript4-4,read> null
<1433,chair0,transcript0-13,read> null
<1434,stu3-9,stu3-9application3-9,checkStatus> null
<1435,registrar4-1,roster1-8,read> null
<1436,registrar2-0,transcript2-11,read> null
<1437,registrar0-0,transcript4-16,read> null
<1438,registrar4-0,transcript4-3,read> null
<1439,admissions4-0,stu3-1application3-1,setStatus> null
<1440,admissions2-1,application4-1,read> null
<1441,admissions0-0,stu1-3application1-3,setStatus> null
<1442,admissions2-1,stu2-6application2-6,read> null
<1443,admissions0-1,stu4-13application4-13,setStatus> null
<1444,stu4-9,gradebook4-8,readMyScores> null
<1445,registrar4-0,transcript4-11,read> null
<1446,registrar0-0,roster0-7,write> null
<1447,registrar0-0,roster0-8,write> null
<1448,registrar2-1,transcript5-8,read> null
<1449,fac2-4,roster2-8,read> null
<1450,admissions2-1,stu4-14application4-14,read> null
<1451,fac3-0,roster3-1,read> null
<1452,admissions4-0,stu4-13application4-13,read> null
<1453,registrar2-0,transcript3-18,read> null
<1454,admissions0-1,stu4-1application4-1,read> null
<1455,admissions0-0,stu4-4application4-4,read> null
<1456,registrar4-1,transcript4-1,read> null
<1457,fac2-1,gradebook2-2,addScore> null
<1458,registrar0-0,roster0-2,write> null
<1459,registrar0-0,roster0-3,write> null
<1460,registrar0-0,roster0-4,write> null
<1461,stu2-3,gradebook2-2,readMyScores> null
<1462,registrar0-0,roster0-6,write> null
<1463,registrar4-0,transcript4-18,read> null
<1464,admissions0-1,stu5-18application5-18,read> null
<1465,admissions2-1,stu4-12application4-12,read> null
<1466,admissions4-1,stu4-12application4-12,read> null
<1467,registrar4-1,transcript4-9,read> null
<1468,registrar2-1,roster3-1,read> null
<1469,admissions2-1,stu4-16application4-16,read> null
<1470,admissions2-1,stu0-0application0-0,read> null
<1471,admissions2-1,stu1-5application1-5,read> null
<1472,registrar4-1,transcript4-5,read> null
<1473,stu0-8,stu0-8application0-8,checkStatus> null
<1474,registrar4-0,roster5-2,read> null
<1475,stu3-4,transcript3-4,read> null
<1476,registrar4-1,transcript4-4,read> null
<1477,admissions0-0,stu4-6application4-6,setStatus> null
<1478,registrar0-0,transcript1-4,read> null
<1479,registrar4-1,transcript4-7,read> null
<1480,fac5-2,gradebook5-4,readScore> null
<1481,registrar4-1,transcript0-11,read> null
<1482,admissions2-1,application5-0,setStatus> null
<1483,admissions2-1,stu0-0application0-0,setStatus> null
<1484,registrar2-1,roster4-9,read> null
<1485,registrar2-1,roster4-8,read> null
<1486,registrar2-1,roster4-7,read> null
<1487,admissions0-0,stu4-0application4-0,read> null
<1488,registrar2-1,transcript3-7,read> null
<1489,registrar2-1,transcript3-8,read> null
<1490,registrar2-1,transcript3-9,read> null
<1491,admissions2-0,stu4-1application4-1,read> null
<1492,stu5-5,gradebook5-3,readMyScores> null
<1493,admissions0-0,stu0-1application0-1,setStatus> null
<1494,registrar0-1,transcript3-16,read> null
<1495,registrar0-0,roster1-1,read> null
<1496,registrar2-0,roster5-8,write> null
<1497,admissions4-0,application0-4,read> null
<1498,stu0-16,stu0-16application0-16,checkStatus> null
<1499,admissions4-0,stu0-11application0-11,read> null
<1500,registrar2-1,transcript3-4,read> null
<1501,admissions4-0,stu3-19application3-19,setStatus> null
<1502,registrar4-1,transcript4-12,read> null
<1503,registrar2-1,transcript3-5,read> null
<1504,registrar0-0,roster1-7,read> null
<1505,registrar2-1,transcript3-6,read> null
<1506,stu5-9,stu5-9application5-9,checkStatus> null
<1507,fac3-3,gradebook3-7,readScore> null
<1508,fac3-3,gradebook3-6,readScore> null
<1509,fac2-0,gradebook2-1,readScore> null
<1510,registrar4-1,roster5-8,read> null
<1511,stu0-11,gradebook0-7,addScore> null
<1512,registrar4-1,roster5-9,read> null
<1513,registrar0-1,roster2-2,write> null
<1514,admissions4-0,stu0-12application0-12,read> null
<1515,registrar0-0,roster2-9,write> null
<1516,registrar0-0,roster2-7,write> null
<1517,stu5-10,gradebook5-6,addScore> null
<1518,admissions0-0,stu0-5application0-5,setStatus> null
<1519,app0-3,application0-3,checkStatus> null
<1520,registrar4-0,roster4-7,write> null
<1521,registrar2-1,roster1-7,read> null
<1522,registrar4-0,transcript1-4,read> null
<1523,registrar0-0,roster2-6,write> null
<1524,registrar4-0,transcript4-14,read> null
<1525,registrar4-0,transcript2-14,read> null
<1526,registrar0-0,roster2-5,write> null
<1527,admissions4-1,stu0-14application0-14,setStatus> null
<1528,registrar0-1,roster3-6,read> null
<1529,registrar2-1,transcript3-0,read> null
<1530,registrar0-0,roster2-4,write> null
<1531,registrar4-0,transcript2-6,read> null
<1532,registrar0-0,roster2-3,write> null
<1533,registrar2-0,transcript4-5,read> null
<1534,admissions2-1,stu1-14application1-14,read> null
<1535,registrar2-1,transcript2-18,read> null
<1536,admissions2-0,stu5-19application5-19,read> null
<1537,stu4-8,gradebook4-8,readMyScores> null
<1538,admissions4-0,application5-0,read> null
<1539,admissions0-0,stu0-0application0-0,setStatus> null
<1540,registrar4-1,roster0-8,read> null
<1541,stu3-12,transcript3-12,read> null
<1542,registrar2-1,transcript3-2,read> null
<1543,registrar0-0,roster2-2,write> null
<1544,admissions0-1,stu2-12application2-12,setStatus> null
<1545,admissions4-1,stu5-19application5-19,read> null
<1546,admissions4-1,application4-2,read> null
<1547,registrar2-1,transcript3-1,read> null
<1548,registrar2-0,transcript3-8,read> null
<1549,registrar2-0,transcript3-9,read> null
<1550,registrar2-0,roster0-8,write> null
<1551,stu0-13,gradebook0-4,addScore> null
<1552,stu4-11,gradebook4-1,readMyScores> null
<1553,registrar2-0,transcript3-6,read> null
<1554,registrar2-0,transcript3-7,read> null
<1555,stu3-18,gradebook3-7,addScore> null
<1556,registrar2-0,transcript3-4,read> null
<1557,fac3-4,gradebook3-9,readScore> null
<1558,registrar2-0,transcript3-5,read> null
<1559,registrar0-1,transcript2-14,read> null
<1560,fac3-4,gradebook3-8,readScore> null
<1561,admissions4-1,stu3-11application3-11,read> null
<1562,registrar2-0,transcript3-2,read> null
<1563,stu1-19,gradebook1-9,readScore> null
<1564,registrar0-0,roster1-5,read> null
<1565,admissions4-1,stu1-8application1-8,read> null
<1566,registrar2-0,transcript3-3,read> null
<1567,registrar2-1,roster5-8,read> null
<1568,registrar2-0,transcript3-0,read> null
<1569,admissions4-1,stu0-11application0-11,read> null
<1570,fac2-1,gradebook2-3,readScore> null
<1571,registrar2-0,roster0-7,write> null
<1572,registrar0-1,transcript2-19,read> null
<1573,fac2-1,gradebook2-2,readScore> null
<1574,stu2-0,transcript2-0,read> null
<1575,admissions0-0,stu3-14application3-14,read> null
<1576,admissions4-1,stu4-2application4-2,read> null
<1577,fac3-4,gradebook3-9,changeScore> null
<1578,chair3,transcript3-3,read> null
<1579,registrar2-0,transcript3-1,read> null
<1580,admissions2-1,stu3-11application3-11,setStatus> null
<1581,chair4,transcript4-2,read> null
<1582,stu4-10,gradebook4-7,readMyScores> null
<1583,stu4-10,gradebook4-4,readMyScores> null
<1584,admissions2-1,stu3-4application3-4,read> null
<1585,stu4-3,gradebook4-5,addScore> null
<1586,admissions4-0,stu0-19application0-19,read> null
<1587,stu5-2,gradebook5-8,readMyScores> null
<1588,fac3-1,gradebook3-3,readScore> null
<1589,registrar4-0,transcript3-14,read> null
<1590,registrar0-0,transcript2-0,read> null
<1591,registrar4-1,transcript4-16,read> null
<1592,fac3-1,gradebook3-2,readScore> null
<1593,registrar4-0,roster5-6,read> null
<1594,registrar4-0,roster5-4,read> null
<1595,registrar4-0,roster5-3,read> null
<1596,registrar4-0,roster5-1,read> null
<1597,admissions2-1,stu1-1application1-1,read> null
<1598,admissions2-1,stu2-3application2-3,read> null
<1599,registrar2-0,transcript4-9,read> null
<1600,admissions4-1,stu0-19application0-19,read> null
<1601,admissions4-1,stu1-13application1-13,read> null
<1602,admissions0-1,stu3-18application3-18,read> null
<1603,app5-3,application5-3,checkStatus> null
<1604,registrar4-0,roster5-8,read> null
<1605,fac4-1,gradebook4-2,changeScore> null
<1606,fac3-2,gradebook3-5,readScore> null
<1607,admissions2-1,stu0-10application0-10,read> null
<1608,registrar4-0,roster5-9,read> null
<1609,admissions0-1,stu3-19application3-19,read> null
<1610,fac3-2,gradebook3-4,readScore> null
<1611,fac4-3,gradebook4-7,readScore> null
<1612,stu2-18,gradebook2-4,readScore> null
<1613,registrar0-1,roster2-7,write> null
<1614,registrar4-1,roster5-4,read> null
<1615,admissions4-0,application5-3,setStatus> null
<1616,fac5-1,gradebook5-2,readScore> null
<1617,registrar4-1,transcript4-11,read> null
<1618,registrar0-1,roster2-6,write> null
<1619,registrar0-1,roster2-9,write> null
<1620,registrar0-1,transcript2-10,read> null
<1621,registrar4-1,roster1-5,write> null
<1622,admissions0-1,stu2-8application2-8,setStatus> null
<1623,registrar4-1,roster5-6,read> null
<1624,registrar0-1,roster2-8,write> null
<1625,registrar4-1,roster5-3,read> null
<1626,registrar4-1,roster5-2,read> null
<1627,registrar0-1,roster2-1,write> null
<1628,stu3-1,transcript3-1,read> null
<1629,admissions4-0,stu5-19application5-19,read> null
<1630,admissions4-0,stu4-3application4-3,setStatus> null
<1631,registrar0-1,roster2-3,write> null
<1632,registrar0-1,roster2-5,write> null
<1633,stu2-14,gradebook2-4,readMyScores> null
<1634,fac4-2,gradebook4-5,assignGrade> null
<1635,admissions0-0,application3-4,read> null
<1636,stu3-5,transcript3-5,read> null
<1637,registrar0-1,roster2-4,write> null
<1638,fac1-0,gradebook1-1,readScore> null
<1639,registrar4-1,roster1-7,write> null
<1640,stu3-13,stu3-13application3-13,checkStatus> null
<1641,stu4-14,gradebook4-3,readMyScores> null
<1642,admissions2-0,stu2-3application2-3,read> null
<1643,admissions4-1,stu1-12application1-12,setStatus> null
<1644,stu4-14,gradebook4-1,readMyScores> null
<1645,admissions0-1,stu0-11application0-11,setStatus> null
<1646,stu4-13,gradebook4-5,readMyScores> null
<1647,admissions4-0,stu0-16application0-16,read> null
<1648,admissions4-1,stu2-4application2-4,setStatus> null
<1649,stu5-14,gradebook5-8,addScore> null
<1650,admissions0-0,stu2-14application2-14,setStatus> null
<1651,stu3-2,stu3-2application3-2,checkStatus> null
<1652,admissions4-0,application5-0,setStatus> null
<1653,admissions2-0,stu2-10application2-10,read> null
<1654,fac0-4,gradebook0-9,readScore> null
<1655,stu4-15,gradebook4-6,readMyScores> null
<1656,registrar2-1,transcript5-3,read> null
<1657,fac0-4,gradebook0-8,readScore> null
<1658,admissions0-1,stu2-6application2-6,setStatus> null
<1659,stu4-15,gradebook4-2,readMyScores> null
<1660,admissions2-0,stu3-4application3-4,read> null
<1661,stu4-14,gradebook4-9,readMyScores> null
<1662,stu4-14,gradebook4-7,readMyScores> null
<1663,registrar4-0,roster0-9,write> null
<1664,admissions2-0,stu4-11application4-11,read> null
<1665,registrar0-0,transcript4-9,read> null
<1666,registrar0-0,roster5-7,write> null
<1667,admissions4-1,stu4-17application4-17,setStatus> null
<1668,admissions2-0,application5-3,read> null
<1669,admissions0-1,stu0-8application0-8,setStatus> null
<1670,stu5-15,gradebook5-7,addScore> null
<1671,admissions2-1,stu4-5application4-5,setStatus> null
<1672,chair3,transcript3-1,read> null
<1673,admissions2-1,stu2-10application2-10,read> null
<1674,stu5-12,gradebook5-3,addScore> null
<1675,fac1-2,gradebook1-4,readScore> null
<1676,fac1-2,gradebook1-5,readScore> null
<1677,admissions2-1,stu1-3application1-3,setStatus> null
<1678,registrar0-0,transcript1-13,read> null
<1679,admissions0-0,stu2-6application2-6,setStatus> null
<1680,stu4-12,gradebook4-3,readMyScores> null
<1681,registrar4-1,roster0-8,write> null
<1682,stu4-11,gradebook4-5,readMyScores> null
<1683,stu4-11,gradebook4-8,readMyScores> null
<1684,stu5-19,gradebook5-4,readMyScores> null
<1685,stu4-11,gradebook4-7,readMyScores> null
<1686,admissions4-0,stu4-14application4-14,setStatus> null
<1687,admissions2-0,stu4-5application4-5,setStatus> null
<1688,fac1-1,gradebook1-3,readScore> null
<1689,stu5-13,gradebook5-3,addScore> null
<1690,fac1-1,gradebook1-2,readScore> null
<1691,admissions0-1,stu5-2application5-2,setStatus> null
<1692,stu4-12,gradebook4-4,readMyScores> null
<1693,registrar4-1,transcript2-16,read> null
<1694,admissions2-1,stu5-19application5-19,read> null
<1695,stu4-12,gradebook4-8,readMyScores> null
<1696,admissions0-1,stu1-16application1-16,setStatus> null
<1697,fac0-4,gradebook0-9,changeScore> null
<1698,admissions2-0,application2-1,read> null
<1699,stu1-10,gradebook1-4,readMyScores> null
<1700,registrar2-0,transcript3-12,read> null
<1701,registrar4-0,roster2-8,read> null
<1702,fac5-1,gradebook5-3,readScore> null
<1703,admissions0-0,stu3-11application3-11,setStatus> null
<1704,admissions2-0,stu1-17application1-17,setStatus> null
<1705,admissions4-1,stu0-12application0-12,read> null
<1706,fac5-2,gradebook5-5,readScore> null
<1707,admissions0-1,stu2-14application2-14,setStatus> null
<1708,admissions4-0,stu2-4application2-4,setStatus> null
<1709,stu3-10,stu3-10application3-10,checkStatus> null
<1710,admissions4-1,stu5-0application5-0,setStatus> null
<1711,admissions4-0,stu1-2application1-2,read> null
<1712,registrar4-0,roster4-2,write> null
<1713,admissions4-0,stu5-0application5-0,setStatus> null
<1714,registrar4-0,roster4-1,write> null
<1715,registrar4-0,roster4-4,write> null
<1716,registrar4-0,roster4-3,write> null
<1717,admissions0-0,stu5-19application5-19,setStatus> null
<1718,registrar4-0,roster4-6,write> null
<1719,registrar4-0,roster4-5,write> null
<1720,registrar4-0,roster4-8,write> null
<1721,registrar4-0,roster4-9,write> null
<1722,fac3-3,gradebook3-7,addScore> null
<1723,registrar0-0,transcript0-16,read> null
<1724,admissions2-0,stu1-17application1-17,read> null
<1725,admissions4-0,stu0-15application0-15,setStatus> null
<1726,admissions0-0,stu3-2application3-2,read> null
<1727,stu4-8,gradebook4-5,readMyScores> null
<1728,fac1-4,gradebook1-8,readScore> null
<1729,admissions0-1,stu3-17application3-17,setStatus> null
<1730,admissions0-1,application4-3,setStatus> null
<1731,fac0-1,gradebook0-3,readScore> null
<1732,stu2-9,transcript2-9,read> null
<1733,registrar4-1,transcript2-17,read> null
<1734,registrar2-0,roster4-5,write> null
<1735,registrar2-0,roster4-8,write> null
<1736,registrar2-0,roster4-7,write> null
<1737,admissions2-0,stu3-7application3-7,setStatus> null
<1738,registrar4-1,transcript0-13,read> null
<1739,admissions4-1,stu1-6application1-6,read> null
<1740,stu4-6,gradebook4-9,readMyScores> null
<1741,registrar2-0,roster4-9,write> null
<1742,admissions0-0,stu0-18application0-18,setStatus> null
<1743,registrar2-0,transcript1-18,read> null
<1744,admissions0-0,stu2-6application2-6,read> null
<1745,admissions0-0,stu2-4application2-4,setStatus> null
<1746,admissions2-1,stu0-4application0-4,read> null
<1747,stu1-3,transcript1-3,read> null
<1748,registrar2-0,roster4-2,write> null
<1749,registrar2-0,roster4-1,write> null
<1750,registrar2-0,roster4-4,write> null
<1751,admissions2-1,stu0-11application0-11,setStatus> null
<1752,fac3-2,gradebook3-4,addScore> null
<1753,registrar2-0,roster4-3,write> null
<1754,fac4-2,gradebook4-4,addScore> null
<1755,admissions4-1,stu0-15application0-15,setStatus> null
<1756,stu5-15,stu5-15application5-15,checkStatus> null
<1757,fac0-0,gradebook0-1,readScore> null
<1758,registrar2-1,transcript4-16,read> null
<1759,registrar2-0,transcript1-7,read> null
<1760,registrar4-1,roster4-9,write> null
<1761,admissions4-0,stu1-6application1-6,read> null
<1762,admissions0-0,application4-4,setStatus> null
<1763,fac3-1,gradebook3-3,addScore> null
<1764,admissions0-0,application4-1,setStatus> null
<1765,admissions0-1,stu2-4application2-4,setStatus> null
<1766,admissions2-0,stu0-4application0-4,read> null
<1767,fac0-3,gradebook0-7,readScore> null
<1768,stu1-2,gradebook1-9,readMyScores> null
<1769,fac0-3,gradebook0-6,readScore> null
<1770,admissions4-0,stu5-3application5-3,read> null
<1771,registrar4-1,roster4-6,write> null
<1772,admissions2-1,application4-0,setStatus> null
<1773,registrar4-1,roster4-5,write> null
<1774,registrar4-0,transcript5-1,read> null
<1775,registrar4-1,roster4-4,write> null
<1776,registrar4-1,roster4-3,write> null
<1777,registrar4-1,roster4-2,write> null
<1778,registrar4-1,roster4-1,write> null
<1779,admissions4-1,stu1-2application1-2,read> null
<1780,admissions0-0,stu4-9application4-9,read> null
<1781,registrar2-0,roster1-6,write> null
<1782,admissions2-0,stu4-3application4-3,read> null
<1783,stu2-2,gradebook2-3,readMyScores> null
<1784,admissions0-1,application4-4,setStatus> null
<1785,fac3-0,gradebook3-1,addScore> null
<1786,registrar4-0,roster1-5,write> null
<1787,admissions0-1,application4-0,setStatus> null
<1788,admissions0-1,application4-1,setStatus> null
<1789,registrar4-1,roster4-8,write> null
<1790,admissions0-1,application4-2,setStatus> null
<1791,admissions4-0,stu2-4application2-4,read> null
<1792,fac0-2,gradebook0-4,readScore> null
<1793,admissions2-0,application5-1,setStatus> null
<1794,fac0-2,gradebook0-5,readScore> null
<1795,admissions2-0,stu0-19application0-19,setStatus> null
<1796,admissions0-0,stu1-12application1-12,setStatus> null
<1797,admissions4-0,application0-0,setStatus> null
<1798,admissions4-0,application0-1,setStatus> null
<1799,registrar2-1,transcript5-9,read> null
<1800,admissions4-1,stu2-4application2-4,read> null
<1801,chair5,transcript5-9,read> null
<1802,admissions4-0,application0-4,setStatus> null
<1803,fac2-4,gradebook2-9,readScore> null
<1804,admissions4-0,application0-2,setStatus> null
<1805,registrar4-1,roster4-5,read> null
<1806,admissions2-1,stu0-19application0-19,setStatus> null
<1807,admissions0-1,stu1-12application1-12,setStatus> null
<1808,fac0-1,gradebook0-2,addScore> null
<1809,admissions4-0,stu1-1application1-1,read> null
<1810,registrar0-0,roster5-5,read> null
<1811,admissions2-0,stu4-4application4-4,read> null
<1812,admissions2-0,stu1-0application1-0,setStatus> null
<1813,registrar0-1,roster0-6,read> null
<1814,registrar2-0,transcript0-8,read> null
<1815,fac3-0,gradebook3-1,readScore> null
<1816,admissions2-0,stu3-5application3-5,setStatus> null
<1817,admissions4-1,application0-0,setStatus> null
<1818,admissions4-1,application0-1,setStatus> null
<1819,admissions4-1,stu0-3application0-3,setStatus> null
<1820,admissions4-1,application0-2,setStatus> null
<1821,admissions4-1,application0-3,setStatus> null
<1822,admissions4-1,application0-4,setStatus> null
<1823,admissions0-1,stu2-6application2-6,read> null
<1824,admissions2-1,stu4-4application4-4,read> null
<1825,registrar0-0,transcript2-5,read> null
<1826,fac4-4,gradebook4-8,addScore> null
<1827,admissions4-0,stu0-4application0-4,read> null
<1828,admissions2-0,stu1-11application1-11,setStatus> null
<1829,admissions4-1,stu2-11application2-11,read> null
<1830,admissions2-0,stu0-10application0-10,read> null
<1831,admissions2-0,stu1-14application1-14,read> null
<1832,admissions0-0,stu3-18application3-18,setStatus> null
<1833,admissions0-0,stu0-17application0-17,read> null
<1834,admissions2-1,stu3-7application3-7,setStatus> null
<1835,admissions0-0,stu3-6application3-6,setStatus> null
<1836,fac2-2,gradebook2-5,readScore> null
<1837,fac3-3,gradebook3-7,changeScore> null
<1838,admissions4-1,stu4-15application4-15,read> null
<1839,registrar2-0,transcript2-17,read> null
<1840,stu5-4,transcript5-4,read> null
<1841,registrar2-0,transcript5-2,read> null
<1842,admissions0-0,stu4-8application4-8,read> null
<1843,admissions0-1,stu5-13application5-13,setStatus> null
<1844,admissions0-0,stu1-5application1-5,setStatus> null
<1845,fac3-4,gradebook3-9,addScore> null
<1846,admissions0-1,stu3-18application3-18,setStatus> null
<1847,admissions0-1,stu0-17application0-17,read> null
<1848,admissions0-1,stu0-1application0-1,setStatus> null
<1849,admissions4-0,stu4-11application4-11,read> null
<1850,fac2-3,gradebook2-7,readScore> null
<1851,admissions0-0,stu4-1application4-1,setStatus> null
<1852,admissions4-0,stu4-15application4-15,read> null
<1853,admissions4-1,application3-4,read> null
<1854,admissions4-1,application3-3,read> null
<1855,admissions0-1,stu3-0application3-0,setStatus> null
<1856,admissions4-1,stu0-4application0-4,read> null
<1857,admissions0-1,stu4-6application4-6,read> null
<1858,admissions4-0,stu5-8application5-8,setStatus> null
<1859,admissions2-1,stu4-2application4-2,setStatus> null
<1860,admissions4-1,application3-1,read> null
<1861,admissions4-1,application3-0,read> null
<1862,fac1-4,gradebook1-9,addScore> null
<1863,admissions4-0,application3-1,read> null
<1864,admissions4-0,application3-3,read> null
<1865,admissions4-0,application3-4,read> null
<1866,admissions4-1,stu3-2application3-2,read> null
<1867,registrar2-0,roster2-4,read> null
<1868,admissions0-0,stu4-6application4-6,read> null
<1869,admissions2-0,stu0-2application0-2,setStatus> null
<1870,admissions4-0,application3-0,read> null
<1871,admissions4-0,stu3-2application3-2,read> null
<1872,stu5-4,gradebook5-7,readMyScores> null
<1873,admissions4-0,stu5-16application5-16,read> null
<1874,admissions4-1,stu1-19application1-19,setStatus> null
<1875,admissions4-1,stu3-17application3-17,setStatus> null
<1876,fac1-2,gradebook1-5,addScore> null
<1877,chair5,transcript5-17,read> null
<1878,chair5,transcript5-18,read> null
<1879,chair5,transcript5-15,read> null
<1880,chair5,transcript5-16,read> null
<1881,fac2-2,gradebook2-5,changeScore> null
<1882,chair5,transcript5-19,read> null
<1883,chair5,transcript5-10,read> null
<1884,chair5,transcript5-13,read> null
<1885,chair5,transcript5-14,read> null
<1886,admissions4-0,stu0-14application0-14,setStatus> null
<1887,registrar2-1,transcript2-12,read> null
<1888,chair5,transcript5-12,read> null
<1889,admissions4-1,stu5-16application5-16,read> null
<1890,admissions2-1,stu3-18application3-18,read> null
<1891,admissions0-1,stu0-15application0-15,read> null
<1892,stu5-12,gradebook5-1,readMyScores> null
<1893,admissions0-1,stu0-17application0-17,setStatus> null
<1894,registrar0-1,roster0-2,read> null
<1895,registrar2-0,transcript2-16,read> null
<1896,fac1-4,gradebook1-9,assignGrade> null
<1897,admissions4-1,stu4-6application4-6,setStatus> null
<1898,stu5-11,gradebook5-5,readMyScores> null
<1899,admissions0-1,stu0-3application0-3,read> null
<1900,stu5-11,gradebook5-7,readMyScores> null
<1901,admissions0-0,stu5-2application5-2,setStatus> null
<1902,stu5-11,gradebook5-4,readMyScores> null
<1903,stu4-16,transcript4-16,read> null
<1904,stu2-2,gradebook2-2,readMyScores> null
<1905,registrar0-0,transcript1-3,read> null
<1906,admissions2-0,stu5-15application5-15,read> null
<1907,stu5-13,gradebook5-2,readMyScores> null
<1908,registrar4-1,roster2-5,write> null
<1909,admissions0-0,stu0-17application0-17,setStatus> null
<1910,admissions4-0,stu3-11application3-11,read> null
<1911,fac1-1,gradebook1-3,assignGrade> null
<1912,registrar2-1,roster3-3,write> null
<1913,admissions4-0,stu4-3application4-3,read> null
<1914,admissions2-1,stu4-3application4-3,read> null
<1915,admissions0-1,stu3-6application3-6,read> null
<1916,fac0-3,gradebook0-7,changeScore> null
<1917,registrar2-1,roster3-4,write> null
<1918,admissions0-1,stu2-18application2-18,setStatus> null
<1919,registrar2-1,roster3-5,write> null
<1920,stu5-12,gradebook5-7,readMyScores> null
<1921,registrar2-1,roster3-6,write> null
<1922,admissions0-0,stu5-13application5-13,setStatus> null
<1923,admissions2-1,stu3-13application3-13,read> null
<1924,registrar2-1,roster3-2,write> null
<1925,admissions4-1,stu0-14application0-14,read> null
<1926,registrar2-1,roster3-7,write> null
<1927,registrar2-1,roster3-9,write> null
<1928,admissions0-1,stu1-8application1-8,read> null
<1929,admissions4-0,stu4-7application4-7,read> null
<1930,admissions0-0,stu3-17application3-17,setStatus> null
<1931,registrar2-0,roster3-1,write> null
<1932,registrar2-0,roster3-4,write> null
<1933,registrar4-0,transcript1-8,read> null
<1934,registrar2-0,roster3-2,write> null
<1935,admissions0-0,application5-2,setStatus> null
<1936,admissions2-1,stu0-13application0-13,read> null
<1937,registrar2-0,roster3-3,write> null
<1938,stu3-16,gradebook3-9,readMyScores> null
<1939,admissions4-1,stu5-17application5-17,setStatus> null
<1940,admissions4-0,stu1-12application1-12,read> null
<1941,admissions0-1,application0-0,setStatus> null
<1942,registrar2-0,roster3-8,write> null
<1943,registrar2-0,roster3-9,write> null
<1944,admissions0-1,stu2-7application2-7,read> null
<1945,fac2-2,roster2-4,read> null
<1946,admissions0-1,stu1-2application1-2,read> null
<1947,registrar2-0,roster3-7,write> null
<1948,admissions4-1,stu0-4application0-4,setStatus> null
<1949,admissions0-1,stu1-1application1-1,read> null
<1950,admissions4-0,stu0-14application0-14,read> null
<1951,admissions0-0,stu0-4application0-4,read> null
<1952,admissions0-1,stu5-19application5-19,setStatus> null
<1953,admissions4-0,stu5-18application5-18,setStatus> null
<1954,stu5-9,gradebook5-2,addScore> null
<1955,admissions0-0,stu2-14application2-14,read> null
<1956,fac4-1,roster4-3,read> null
<1957,admissions2-1,stu3-4application3-4,setStatus> null
<1958,admissions0-1,stu0-6application0-6,read> null
<1959,admissions4-1,stu4-7application4-7,read> null
<1960,stu5-10,gradebook5-2,readMyScores> null
<1961,stu5-10,gradebook5-5,readMyScores> null
<1962,registrar2-1,transcript2-15,read> null
<1963,stu1-5,stu1-5application1-5,checkStatus> null
<1964,admissions0-0,stu0-3application0-3,read> null
<1965,stu5-10,gradebook5-8,readMyScores> null
<1966,admissions0-0,stu2-7application2-7,read> null
<1967,admissions4-1,stu5-11application5-11,read> null
<1968,admissions4-1,stu1-12application1-12,read> null
<1969,registrar2-0,roster0-7,read> null
<1970,registrar4-0,transcript5-3,read> null
<1971,admissions4-1,stu5-8application5-8,setStatus> null
<1972,admissions0-0,stu0-8application0-8,read> null
<1973,admissions4-1,stu5-18application5-18,setStatus> null
<1974,admissions2-0,stu4-7application4-7,read> null
<1975,admissions4-0,stu5-1application5-1,setStatus> null
<1976,admissions4-0,stu2-8application2-8,setStatus> null
<1977,stu1-19,transcript1-19,read> null
<1978,registrar4-0,roster1-9,read> null
<1979,registrar0-1,transcript2-4,read> null
<1980,admissions0-0,stu5-4application5-4,read> null
<1981,stu5-15,gradebook5-9,readMyScores> null
<1982,admissions2-0,application1-0,read> null
<1983,stu5-15,gradebook5-8,readMyScores> null
<1984,admissions2-0,stu5-15application5-15,setStatus> null
<1985,admissions2-0,application1-3,read> null
<1986,admissions2-1,stu4-19application4-19,read> null
<1987,registrar0-1,transcript2-8,read> null
<1988,stu5-16,gradebook5-4,readMyScores> null
<1989,admissions0-1,stu0-9application0-9,read> null
<1990,fac0-4,gradebook0-8,changeScore> null
<1991,admissions0-0,stu0-6application0-6,read> null
<1992,admissions2-1,stu5-17application5-17,read> null
<1993,admissions2-0,application1-4,read> null
<1994,stu5-16,gradebook5-5,readMyScores> null
<1995,admissions0-1,application4-4,read> null
<1996,admissions2-0,application1-1,read> null
<1997,registrar4-0,roster2-7,write> null
<1998,admissions2-0,application1-2,read> null
<1999,registrar4-1,transcript0-2,read> null
<2000,stu5-16,gradebook5-3,readMyScores> null
<2001,admissions0-1,stu2-14application2-14,read> null
<2002,admissions0-0,stu0-11application0-11,read> null
<2003,admissions2-1,stu2-12application2-12,setStatus> null
<2004,admissions4-0,stu3-14application3-14,read> null
<2005,admissions2-1,stu4-7application4-7,read> null
<2006,stu2-5,stu2-5application2-5,checkStatus> null
<2007,admissions2-0,stu0-10application0-10,setStatus> null
<2008,admissions4-1,stu0-7application0-7,setStatus> null
<2009,admissions0-1,stu5-4application5-4,read> null
<2010,admissions2-1,application1-1,read> null
<2011,stu5-16,gradebook5-9,readMyScores> null
<2012,admissions4-0,stu2-1application2-1,setStatus> null
<2013,admissions2-1,application1-0,read> null
<2014,admissions2-1,application1-2,read> null
<2015,stu5-17,gradebook5-3,readMyScores> null
<2016,admissions2-1,application1-3,read> null
<2017,stu5-17,gradebook5-4,readMyScores> null
<2018,registrar4-1,transcript2-3,read> null
<2019,registrar2-0,transcript0-3,read> null
<2020,stu4-1,transcript4-1,read> null
<2021,admissions2-1,application1-4,read> null
<2022,stu5-17,gradebook5-5,readMyScores> null
<2023,stu5-17,gradebook5-6,readMyScores> null
<2024,admissions2-1,stu2-5application2-5,setStatus> null
<2025,admissions2-0,stu2-16application2-16,setStatus> null
<2026,admissions4-0,stu3-8application3-8,setStatus> null
<2027,admissions4-1,stu3-14application3-14,read> null
<2028,admissions2-1,stu0-10application0-10,setStatus> null
<2029,stu5-13,gradebook5-5,readMyScores> null
<2030,registrar0-0,roster1-8,read> null
<2031,stu1-13,stu1-13application1-13,checkStatus> null
<2032,chair3,transcript3-9,read> null
<2033,admissions4-1,stu1-15application1-15,setStatus> null
<2034,fac5-2,gradebook5-4,assignGrade> null
<2035,chair3,transcript3-8,read> null
<2036,admissions2-1,application3-3,setStatus> null
<2037,registrar2-0,transcript5-9,read> null
<2038,stu3-17,transcript3-17,read> null
<2039,stu5-13,gradebook5-7,readMyScores> null
<2040,registrar2-1,transcript2-17,read> null
<2041,registrar0-0,roster1-9,read> null
<2042,registrar0-1,roster1-4,read> null
<2043,admissions2-0,stu2-5application2-5,setStatus> null
<2044,registrar0-1,roster1-5,read> null
<2045,admissions2-1,application3-2,read> null
<2046,registrar4-0,transcript0-10,read> null
<2047,chair3,transcript3-4,read> null
<2048,registrar0-1,roster1-6,read> null
<2049,chair3,transcript3-5,read> null
<2050,registrar0-1,roster1-7,read> null
<2051,stu0-7,gradebook0-4,readMyScores> null
<2052,admissions4-0,application4-4,read> null
<2053,registrar0-1,roster1-1,read> null
<2054,chair3,transcript3-0,read> null
<2055,registrar0-1,roster1-2,read> null
<2056,stu5-14,gradebook5-1,readMyScores> null
<2057,registrar0-1,transcript0-14,read> null
<2058,registrar0-1,roster1-3,read> null
<2059,admissions4-0,stu0-3application0-3,setStatus> null
<2060,fac0-0,gradebook0-1,changeScore> null
<2061,stu5-14,gradebook5-5,readMyScores> null
<2062,stu1-10,transcript1-10,read> null
<2063,admissions2-1,stu5-15application5-15,setStatus> null
<2064,stu5-14,gradebook5-6,readMyScores> null
<2065,admissions0-1,stu5-9application5-9,setStatus> null
<2066,admissions4-1,stu5-1application5-1,setStatus> null
<2067,admissions2-1,stu2-19application2-19,read> null
<2068,registrar4-1,transcript1-3,read> null
<2069,registrar2-0,transcript5-5,read> null
<2070,registrar0-0,roster1-3,read> null
<2071,registrar0-1,transcript1-16,read> null
<2072,stu5-15,gradebook5-2,readMyScores> null
<2073,registrar2-1,transcript4-4,read> null
<2074,registrar0-0,roster1-2,read> null
<2075,admissions2-0,stu0-19application0-19,read> null
<2076,admissions4-1,stu2-12application2-12,setStatus> null
<2077,registrar2-1,roster3-8,read> null
<2078,stu4-3,gradebook4-5,readScore> null
<2079,registrar0-1,roster1-2,write> null
<2080,admissions0-0,stu0-15application0-15,setStatus> null
<2081,registrar0-1,roster1-5,write> null
<2082,registrar0-1,roster1-6,write> null
<2083,admissions2-0,stu1-3application1-3,read> null
<2084,stu5-19,gradebook5-9,readMyScores> null
<2085,registrar0-1,roster1-3,write> null
<2086,registrar4-1,transcript5-0,read> null
<2087,registrar0-1,roster1-4,write> null
<2088,chair0,transcript0-10,read> null
<2089,admissions2-0,stu3-1application3-1,setStatus> null
<2090,registrar0-1,roster1-9,write> null
<2091,registrar2-1,roster3-2,read> null
<2092,registrar0-1,roster1-7,write> null
<2093,admissions0-1,stu5-12application5-12,read> null
<2094,fac5-3,gradebook5-6,readScore> null
<2095,registrar2-1,roster3-3,read> null
<2096,registrar0-1,roster1-8,write> null
<2097,registrar2-1,roster3-4,read> null
<2098,registrar2-1,roster3-5,read> null
<2099,registrar2-1,roster3-6,read> null
<2100,fac2-3,gradebook2-7,addScore> null
<2101,chair1,transcript1-8,read> null
<2102,registrar4-1,transcript0-18,read> null
<2103,registrar2-1,roster3-7,read> null
<2104,registrar2-0,roster3-8,read> null
<2105,registrar2-0,roster3-7,read> null
<2106,registrar2-0,roster3-9,read> null
<2107,admissions2-0,stu1-2application1-2,read> null
<2108,admissions0-0,stu0-0application0-0,read> null
<2109,registrar2-1,roster1-4,read> null
<2110,admissions0-1,stu0-15application0-15,setStatus> null
<2111,admissions4-0,stu1-19application1-19,setStatus> null
<2112,stu2-14,gradebook2-7,addScore> null
<2113,registrar2-0,roster3-1,read> null
<2114,registrar2-0,roster3-2,read> null
<2115,admissions0-0,stu5-12application5-12,read> null
<2116,admissions0-1,stu4-14application4-14,setStatus> null
<2117,registrar2-0,roster3-3,read> null
<2118,registrar2-0,roster3-4,read> null
<2119,admissions0-1,stu5-12application5-12,setStatus> null
<2120,admissions0-0,stu1-19application1-19,read> null
<2121,admissions2-1,stu2-18application2-18,read> null
<2122,chair4,transcript4-14,read> null
<2123,admissions2-0,stu2-18application2-18,read> null
<2124,admissions0-1,stu1-19application1-19,read> null
<2125,registrar4-1,transcript0-15,read> null
<2126,stu1-5,transcript1-5,read> null
<2127,admissions4-0,stu4-16application4-16,read> null
<2128,registrar4-0,transcript5-5,read> null
<2129,registrar4-0,transcript5-4,read> null
<2130,stu5-18,gradebook5-1,readMyScores> null
<2131,registrar4-0,transcript5-2,read> null
<2132,registrar4-0,transcript5-9,read> null
<2133,registrar4-0,transcript5-8,read> null
<2134,registrar4-1,roster1-9,write> null
<2135,admissions2-1,stu2-9application2-9,read> null
<2136,stu5-18,gradebook5-8,readMyScores> null
<2137,registrar4-1,transcript5-2,read> null
<2138,stu5-1,stu5-1application5-1,checkStatus> null
<2139,stu2-0,stu2-0application2-0,checkStatus> null
<2140,admissions4-0,application0-3,read> null
<2141,admissions2-0,stu4-2application4-2,setStatus> null
<2142,stu0-2,stu0-2application0-2,checkStatus> null
<2143,admissions4-1,stu2-3application2-3,read> null
<2144,registrar2-0,transcript0-18,read> null
<2145,registrar4-1,transcript5-4,read> null
<2146,registrar4-1,transcript5-3,read> null
<2147,registrar4-1,transcript5-5,read> null
<2148,registrar0-0,transcript3-6,read> null
<2149,admissions2-1,stu4-13application4-13,read> null
<2150,stu5-19,gradebook5-3,readMyScores> null
<2151,registrar4-1,transcript5-7,read> null
<2152,stu5-19,gradebook5-8,readMyScores> null
<2153,stu5-1,gradebook5-5,readMyScores> null
<2154,stu5-1,gradebook5-2,readMyScores> null
<2155,admissions2-0,stu3-4application3-4,setStatus> null
<2156,admissions0-1,stu0-12application0-12,read> null
<2157,admissions2-0,stu5-0application5-0,read> null
<2158,stu3-14,gradebook3-3,readMyScores> null
<2159,admissions0-0,stu0-5application0-5,read> null
<2160,admissions0-1,stu4-12application4-12,setStatus> null
<2161,stu5-0,gradebook5-4,readMyScores> null
<2162,admissions2-1,stu1-8application1-8,read> null
<2163,stu0-5,transcript0-5,read> null
<2164,registrar2-1,roster2-6,read> null
<2165,stu5-0,gradebook5-5,readMyScores> null
<2166,registrar2-0,transcript0-2,read> null
<2167,admissions2-1,stu2-6application2-6,setStatus> null
<2168,stu3-15,gradebook3-7,readMyScores> null
<2169,admissions4-1,stu4-6application4-6,read> null
<2170,stu5-11,stu5-11application5-11,checkStatus> null
<2171,stu3-15,gradebook3-4,readMyScores> null
<2172,stu3-15,gradebook3-2,readMyScores> null
<2173,stu3-15,gradebook3-9,readMyScores> null
<2174,admissions0-1,stu3-16application3-16,read> null
<2175,admissions4-1,stu2-5application2-5,setStatus> null
<2176,admissions4-0,stu1-13application1-13,setStatus> null
<2177,admissions0-1,stu1-14application1-14,setStatus> null
<2178,registrar2-0,transcript0-4,read> null
<2179,registrar0-1,transcript5-5,read> null
<2180,admissions4-0,stu4-10application4-10,setStatus> null
<2181,admissions4-1,stu3-6application3-6,setStatus> null
<2182,admissions0-0,stu1-9application1-9,read> null
<2183,admissions4-0,stu2-17application2-17,setStatus> null
<2184,stu3-16,gradebook3-4,readMyScores> null
<2185,registrar4-1,roster3-1,write> null
<2186,registrar4-1,roster3-2,write> null
<2187,admissions4-1,stu2-19application2-19,read> null
<2188,admissions0-0,stu3-16application3-16,read> null
<2189,stu1-3,gradebook1-2,readScore> null
<2190,registrar4-1,roster3-3,write> null
<2191,registrar4-1,roster3-4,write> null
<2192,registrar4-1,roster3-5,write> null
<2193,registrar4-1,roster3-6,write> null
<2194,registrar4-1,roster3-8,write> null
<2195,registrar4-1,roster3-9,write> null
<2196,stu1-13,gradebook1-7,addScore> null
<2197,admissions0-1,stu1-9application1-9,read> null
<2198,admissions4-1,stu2-17application2-17,setStatus> null
<2199,admissions4-1,stu1-15application1-15,read> null
<2200,stu3-17,gradebook3-5,readMyScores> null
<2201,stu3-17,gradebook3-9,readMyScores> null
<2202,admissions2-0,stu4-13application4-13,read> null
<2203,stu3-10,gradebook3-1,readMyScores> null
<2204,registrar2-0,transcript4-11,read> null
<2205,stu3-10,gradebook3-3,readMyScores> null
<2206,admissions4-0,application1-0,read> null
<2207,admissions4-0,stu0-17application0-17,setStatus> null
<2208,admissions4-1,stu2-10application2-10,setStatus> null
<2209,fac2-0,gradebook2-1,assignGrade> null
<2210,admissions4-1,stu0-18application0-18,read> null
<2211,admissions2-1,stu0-3application0-3,setStatus> null
<2212,stu2-15,gradebook2-7,addScore> null
<2213,stu1-11,gradebook1-7,addScore> null
<2214,admissions4-1,stu4-10application4-10,setStatus> null
<2215,admissions2-0,stu4-10application4-10,setStatus> null
<2216,admissions0-0,stu2-10application2-10,setStatus> null
<2217,stu3-10,gradebook3-5,readMyScores> null
<2218,admissions0-1,stu1-0application1-0,setStatus> null
<2219,admissions0-1,stu2-12application2-12,read> null
<2220,admissions2-0,stu1-3application1-3,setStatus> null
<2221,admissions4-0,stu4-1application4-1,read> null
<2222,admissions2-1,stu1-17application1-17,setStatus> null
<2223,registrar4-1,roster3-2,read> null
<2224,admissions4-1,stu0-9application0-9,setStatus> null
<2225,stu1-7,stu1-7application1-7,checkStatus> null
<2226,admissions2-1,stu5-16application5-16,read> null
<2227,fac0-1,gradebook0-3,changeScore> null
<2228,admissions0-0,application1-1,setStatus> null
<2229,admissions0-0,application1-2,setStatus> null
<2230,admissions4-0,stu0-10application0-10,setStatus> null
<2231,admissions0-0,application1-3,setStatus> null
<2232,registrar4-0,roster4-3,read> null
<2233,admissions0-1,stu2-10application2-10,setStatus> null
<2234,admissions4-1,stu4-12application4-12,setStatus> null
<2235,admissions2-1,stu4-10application4-10,setStatus> null
<2236,stu3-11,gradebook3-8,readMyScores> null
<2237,registrar4-0,roster4-1,read> null
<2238,admissions2-0,stu0-17application0-17,read> null
<2239,stu5-10,transcript5-10,read> null
<2240,registrar0-0,transcript0-1,read> null
<2241,admissions2-1,stu3-9application3-9,setStatus> null
<2242,admissions4-0,stu5-13application5-13,setStatus> null
<2243,registrar4-0,roster4-7,read> null
<2244,stu3-11,gradebook3-9,readMyScores> null
<2245,registrar4-0,roster4-5,read> null
<2246,registrar4-1,transcript2-1,read> null
<2247,registrar0-0,roster5-2,write> null
<2248,admissions2-0,stu3-9application3-9,read> null
<2249,registrar4-0,roster4-4,read> null
<2250,admissions0-0,stu2-12application2-12,read> null
<2251,stu3-12,gradebook3-5,readMyScores> null
<2252,admissions4-0,stu4-6application4-6,read> null
<2253,admissions4-0,stu4-13application4-13,setStatus> null
<2254,admissions4-0,stu1-16application1-16,setStatus> null
<2255,stu0-3,transcript0-3,read> null
<2256,admissions2-0,stu2-6application2-6,setStatus> null
<2257,stu2-9,gradebook2-3,readMyScores> null
<2258,registrar2-1,roster0-7,read> null
<2259,admissions4-1,stu3-17application3-17,read> null
<2260,stu4-10,transcript4-10,read> null
<2261,stu4-18,gradebook4-4,addScore> null
<2262,admissions0-0,application1-0,setStatus> null
<2263,admissions0-1,application1-4,setStatus> null
<2264,admissions2-0,stu5-16application5-16,read> null
<2265,fac4-1,gradebook4-2,assignGrade> null
<2266,admissions0-1,application1-3,setStatus> null
<2267,registrar4-1,roster4-2,read> null
<2268,registrar4-1,roster4-1,read> null
<2269,stu3-12,gradebook3-7,readMyScores> null
<2270,stu0-8,transcript0-8,read> null
<2271,registrar4-1,roster4-4,read> null
<2272,admissions2-0,application5-4,setStatus> null
<2273,admissions4-1,stu1-1application1-1,read> null
<2274,stu3-12,gradebook3-6,readMyScores> null
<2275,admissions2-1,application3-1,read> null
<2276,registrar4-1,roster4-3,read> null
<2277,registrar4-1,roster4-6,read> null
<2278,registrar4-1,roster4-8,read> null
<2279,registrar4-1,roster4-7,read> null
<2280,registrar4-0,roster4-8,read> null
<2281,registrar4-0,roster4-9,read> null
<2282,stu3-13,gradebook3-2,readMyScores> null
<2283,stu3-13,gradebook3-6,readMyScores> null
<2284,stu4-6,stu4-6application4-6,checkStatus> null
<2285,admissions4-0,stu2-10application2-10,setStatus> null
<2286,admissions2-0,stu0-3application0-3,setStatus> null
<2287,admissions4-1,stu4-13application4-13,setStatus> null
<2288,admissions0-1,application1-1,setStatus> null
<2289,registrar2-1,transcript3-10,read> null
<2290,admissions0-1,application1-0,setStatus> null
<2291,stu4-19,gradebook4-8,addScore> null
<2292,admissions4-1,stu3-19application3-19,read> null
<2293,admissions4-1,stu0-1application0-1,setStatus> null
<2294,stu4-16,gradebook4-9,addScore> null
<2295,admissions0-1,stu3-8application3-8,read> null
<2296,registrar0-1,transcript2-0,read> null
<2297,registrar2-0,transcript4-16,read> null
<2298,registrar2-0,transcript1-9,read> null
<2299,registrar4-0,transcript2-16,read> null
<2300,stu4-18,stu4-18application4-18,checkStatus> null
<2301,admissions0-0,application2-3,setStatus> null
<2302,registrar2-0,transcript4-15,read> null
<2303,registrar2-0,transcript4-14,read> null
<2304,fac0-1,gradebook0-2,changeScore> null
<2305,stu0-19,stu0-19application0-19,checkStatus> null
<2306,admissions2-0,stu4-0application4-0,read> null
<2307,admissions0-0,stu0-13application0-13,read> null
<2308,admissions2-1,stu5-16application5-16,setStatus> null
<2309,admissions2-0,stu4-19application4-19,setStatus> null
<2310,admissions4-1,stu4-19application4-19,setStatus> null
<2311,admissions2-1,stu1-10application1-10,read> null
<2312,admissions2-1,stu5-18application5-18,read> null
<2313,admissions0-1,stu1-8application1-8,setStatus> null
<2314,registrar2-1,transcript4-13,read> null
<2315,registrar2-1,transcript4-11,read> null
<2316,registrar4-1,transcript2-11,read> null
<2317,registrar2-1,transcript4-10,read> null
<2318,stu5-9,gradebook5-7,readMyScores> null
<2319,stu5-9,gradebook5-8,readMyScores> null
<2320,admissions2-1,stu5-3application5-3,read> null
<2321,stu2-4,stu2-4application2-4,checkStatus> null
<2322,admissions2-0,stu2-8application2-8,setStatus> null
<2323,registrar2-1,transcript4-19,read> null
<2324,registrar4-1,transcript2-19,read> null
<2325,registrar4-1,transcript2-15,read> null
<2326,registrar2-1,transcript4-18,read> null
<2327,registrar2-1,transcript4-17,read> null
<2328,admissions2-1,stu4-19application4-19,setStatus> null
<2329,admissions4-0,stu3-5application3-5,setStatus> null
<2330,admissions2-0,stu5-16application5-16,setStatus> null
<2331,stu5-8,gradebook5-9,readMyScores> null
<2332,admissions2-1,stu0-2application0-2,setStatus> null
<2333,admissions0-1,stu4-9application4-9,setStatus> null
<2334,admissions2-0,stu1-10application1-10,read> null
<2335,registrar4-0,roster3-5,write> null
<2336,fac4-4,gradebook4-9,changeScore> null
<2337,stu5-8,gradebook5-1,readMyScores> null
<2338,stu5-8,gradebook5-8,readMyScores> null
<2339,registrar0-0,transcript3-7,read> null
<2340,stu4-14,gradebook4-4,addScore> null
<2341,admissions4-1,stu1-3application1-3,read> null
<2342,admissions2-1,stu0-5application0-5,setStatus> null
<2343,admissions0-1,stu5-13application5-13,read> null
<2344,registrar0-1,transcript1-2,read> null
<2345,registrar0-1,transcript1-1,read> null
<2346,registrar0-1,transcript1-3,read> null
<2347,admissions0-0,stu1-13application1-13,read> null
<2348,registrar0-1,transcript1-4,read> null
<2349,stu1-15,gradebook1-2,readScore> null
<2350,stu5-7,gradebook5-4,readMyScores> null
<2351,stu5-7,gradebook5-2,readMyScores> null
<2352,stu1-13,gradebook1-7,readScore> null
<2353,admissions2-1,stu4-0application4-0,read> null
<2354,registrar0-1,roster5-6,read> null
<2355,registrar0-0,transcript1-7,read> null
<2356,stu5-6,gradebook5-7,readMyScores> null
<2357,admissions2-0,stu5-3application5-3,read> null
<2358,stu5-6,gradebook5-6,readMyScores> null
<2359,registrar0-0,transcript4-3,read> null
<2360,registrar2-0,transcript4-10,read> null
<2361,stu5-6,gradebook5-2,readMyScores> null
<2362,registrar2-0,transcript4-13,read> null
<2363,registrar4-0,transcript2-13,read> null
<2364,registrar4-0,roster1-9,write> null
<2365,registrar4-0,transcript4-19,read> null
<2366,admissions4-1,stu1-16application1-16,read> null
<2367,admissions4-0,stu3-16application3-16,setStatus> null
<2368,stu3-18,gradebook3-5,readMyScores> null
<2369,registrar2-1,transcript0-8,read> null
<2370,stu3-18,gradebook3-2,readMyScores> null
<2371,registrar2-1,transcript0-9,read> null
<2372,registrar2-1,roster0-9,read> null
<2373,stu3-18,gradebook3-3,readMyScores> null
<2374,registrar2-1,transcript0-6,read> null
<2375,admissions2-1,application3-4,read> null
<2376,registrar2-1,transcript0-7,read> null
<2377,admissions4-1,stu3-12application3-12,setStatus> null
<2378,stu1-12,gradebook1-9,readScore> null
<2379,registrar2-1,transcript0-0,read> null
<2380,stu5-5,gradebook5-1,readMyScores> null
<2381,registrar2-1,transcript0-5,read> null
<2382,registrar4-0,roster3-9,write> null
<2383,registrar2-0,transcript1-1,read> null
<2384,registrar2-1,transcript0-4,read> null
<2385,registrar2-1,transcript0-3,read> null
<2386,admissions4-0,stu5-15application5-15,read> null
<2387,registrar2-1,transcript0-2,read> null
<2388,registrar4-0,roster3-4,write> null
<2389,registrar4-0,roster3-7,write> null
<2390,stu5-5,gradebook5-8,readMyScores> null
<2391,registrar4-0,roster3-6,write> null
<2392,registrar4-0,roster3-1,write> null
<2393,stu5-6,gradebook5-5,addScore> null
<2394,registrar4-0,roster3-2,write> null
<2395,admissions4-1,stu3-16application3-16,setStatus> null
<2396,stu3-19,gradebook3-7,readMyScores> null
<2397,admissions4-0,stu1-3application1-3,read> null
<2398,registrar2-0,transcript0-5,read> null
<2399,registrar2-0,transcript4-1,read> null
<2400,admissions0-1,stu4-5application4-5,setStatus> null
<2401,admissions2-1,stu3-0application3-0,read> null
<2402,registrar2-0,transcript0-6,read> null
<2403,stu3-19,gradebook3-4,readMyScores> null
<2404,stu5-4,gradebook5-4,readMyScores> null
<2405,registrar2-0,transcript0-1,read> null
<2406,registrar2-1,roster5-6,read> null
<2407,admissions4-1,application4-0,setStatus> null
<2408,admissions4-1,stu1-11application1-11,read> null
<2409,stu5-4,gradebook5-2,readMyScores> null
<2410,stu1-19,gradebook1-9,addScore> null
<2411,admissions4-0,stu1-17application1-17,read> null
<2412,stu5-4,gradebook5-9,readMyScores> null
<2413,registrar0-1,roster4-5,write> null
<2414,stu1-8,gradebook1-5,readMyScores> null
<2415,admissions0-1,stu1-18application1-18,read> null
<2416,registrar2-0,roster2-1,read> null
<2417,admissions0-0,application1-3,read> null
<2418,admissions2-0,stu4-8application4-8,read> null
<2419,admissions0-0,application1-1,read> null
<2420,admissions0-0,application1-2,read> null
<2421,admissions0-1,stu2-0application2-0,setStatus> null
<2422,admissions2-1,stu5-1application5-1,read> null
<2423,stu1-10,gradebook1-5,readScore> null
<2424,registrar4-1,transcript5-15,read> null
<2425,admissions0-0,application1-0,read> null
<2426,admissions4-0,stu5-4application5-4,setStatus> null
<2427,stu3-3,gradebook3-9,readMyScores> null
<2428,admissions0-1,stu2-11application2-11,read> null
<2429,admissions4-1,stu4-11application4-11,setStatus> null
<2430,stu5-3,gradebook5-1,readMyScores> null
<2431,stu4-10,gradebook4-6,addScore> null
<2432,admissions4-1,stu3-12application3-12,read> null
<2433,stu5-3,gradebook5-5,readMyScores> null
<2434,admissions2-1,stu5-11application5-11,read> null
<2435,stu5-3,gradebook5-6,readMyScores> null
<2436,admissions0-0,stu5-9application5-9,read> null
<2437,admissions0-1,application1-4,read> null
<2438,admissions0-1,application1-0,read> null
<2439,admissions0-1,application1-1,read> null
<2440,admissions0-1,application1-2,read> null
<2441,admissions0-1,application1-3,read> null
<2442,admissions0-0,stu2-11application2-11,read> null
<2443,admissions2-1,stu0-16application0-16,read> null
<2444,stu5-2,gradebook5-2,readMyScores> null
<2445,stu4-11,gradebook4-9,addScore> null
<2446,admissions4-1,stu5-15application5-15,read> null
<2447,admissions0-0,stu0-12application0-12,read> null
<2448,admissions4-0,stu3-12application3-12,read> null
<2449,stu0-6,transcript0-6,read> null
<2450,admissions2-1,stu4-9application4-9,read> null
<2451,stu5-2,gradebook5-5,readMyScores> null
<2452,admissions4-0,stu5-15application5-15,setStatus> null
<2453,admissions4-0,stu3-19application3-19,read> null
<2454,admissions2-1,stu4-18application4-18,setStatus> null
<2455,admissions2-1,stu3-3application3-3,read> null
<2456,registrar4-1,transcript1-2,read> null
<2457,admissions2-0,application2-4,read> null
<2458,admissions2-1,stu4-5application4-5,read> null
<2459,registrar4-1,transcript1-8,read> null
<2460,admissions2-0,application2-0,read> null
<2461,admissions4-1,stu5-4application5-4,read> null
<2462,admissions4-1,stu5-4application5-4,setStatus> null
<2463,registrar4-0,transcript4-17,read> null
<2464,admissions2-0,application2-2,read> null
<2465,admissions2-1,application2-0,read> null
<2466,registrar4-0,transcript1-2,read> null
<2467,stu2-9,gradebook2-2,readMyScores> null
<2468,registrar4-0,transcript1-3,read> null
<2469,admissions4-1,stu5-5application5-5,setStatus> null
<2470,admissions2-1,application2-4,read> null
<2471,admissions2-1,application2-3,read> null
<2472,registrar4-0,transcript1-7,read> null
<2473,admissions2-1,application2-2,read> null
<2474,registrar4-0,transcript1-6,read> null
<2475,admissions4-0,stu3-17application3-17,read> null
<2476,admissions2-1,stu1-12application1-12,setStatus> null
<2477,admissions0-1,stu3-14application3-14,setStatus> null
<2478,admissions2-1,application5-1,setStatus> null
<2479,admissions4-1,stu3-9application3-9,read> null
<2480,stu3-8,gradebook3-9,readMyScores> null
<2481,stu3-8,gradebook3-7,readMyScores> null
<2482,admissions4-0,stu5-5application5-5,setStatus> null
<2483,stu3-8,gradebook3-4,readMyScores> null
<2484,admissions0-0,stu0-19application0-19,setStatus> null
<2485,admissions4-0,stu0-11application0-11,setStatus> null
<2486,admissions0-0,stu3-14application3-14,setStatus> null
<2487,admissions4-1,stu0-13application0-13,setStatus> null
<2488,admissions4-0,stu3-9application3-9,read> null
<2489,admissions4-0,application4-3,setStatus> null
<2490,admissions2-0,stu3-3application3-3,read> null
<2491,stu3-9,gradebook3-2,readMyScores> null
<2492,admissions2-0,stu4-18application4-18,setStatus> null
<2493,stu3-9,gradebook3-3,readMyScores> null
<2494,admissions4-1,stu2-13application2-13,read> null
<2495,admissions4-0,stu5-4application5-4,read> null
<2496,admissions4-1,application4-0,read> null
<2497,registrar0-0,transcript2-9,read> null
<2498,stu3-6,gradebook3-4,readMyScores> null
<2499,stu3-6,gradebook3-3,readMyScores> null
<2500,registrar0-0,transcript2-6,read> null
<2501,registrar4-1,transcript5-12,read> null
<2502,registrar4-1,transcript5-13,read> null
<2503,registrar0-0,transcript2-8,read> null
<2504,registrar0-0,transcript2-7,read> null
<2505,registrar4-1,transcript5-11,read> null
<2506,stu3-6,gradebook3-7,readMyScores> null
<2507,registrar4-1,transcript5-16,read> null
<2508,registrar0-0,transcript2-1,read> null
<2509,registrar4-1,transcript5-17,read> null
<2510,registrar0-0,transcript2-4,read> null
<2511,fac2-1,gradebook2-3,assignGrade> null
<2512,registrar4-1,transcript5-14,read> null
<2513,registrar0-0,transcript2-3,read> null
<2514,admissions4-0,stu2-6application2-6,setStatus> null
<2515,stu2-10,gradebook2-3,readMyScores> null
<2516,registrar2-0,roster5-5,read> null
<2517,registrar4-0,transcript5-19,read> null
<2518,registrar4-0,transcript5-18,read> null
<2519,admissions4-0,stu3-5application3-5,read> null
<2520,registrar4-0,transcript5-17,read> null
<2521,admissions0-1,stu4-16application4-16,setStatus> null
<2522,admissions2-1,stu3-15application3-15,setStatus> null
<2523,admissions4-1,application4-4,read> null
<2524,registrar4-1,transcript4-14,read> null
<2525,admissions4-1,stu4-9application4-9,read> null
<2526,stu3-7,gradebook3-3,readMyScores> null
<2527,admissions4-1,stu1-11application1-11,setStatus> null
<2528,stu3-4,stu3-4application3-4,checkStatus> null
<2529,stu3-7,gradebook3-6,readMyScores> null
<2530,admissions0-0,stu3-17application3-17,read> null
<2531,registrar0-1,transcript2-9,read> null
<2532,registrar0-0,transcript4-15,read> null
<2533,registrar4-0,transcript5-10,read> null
<2534,stu3-7,gradebook3-8,readMyScores> null
<2535,registrar0-1,transcript2-7,read> null
<2536,registrar4-0,transcript5-11,read> null
<2537,admissions2-0,stu5-10application5-10,read> null
<2538,registrar2-1,roster5-7,read> null
<2539,registrar0-1,transcript2-6,read> null
<2540,registrar0-1,transcript2-5,read> null
<2541,registrar4-0,transcript5-13,read> null
<2542,admissions0-1,stu3-11application3-11,setStatus> null
<2543,registrar4-0,transcript5-14,read> null
<2544,registrar4-0,transcript5-15,read> null
<2545,registrar4-0,transcript5-16,read> null
<2546,admissions4-1,stu3-19application3-19,setStatus> null
<2547,admissions4-1,stu5-13application5-13,setStatus> null
<2548,admissions4-1,stu5-9application5-9,setStatus> null
<2549,registrar0-1,transcript2-1,read> null
<2550,admissions2-1,stu1-4application1-4,read> null
<2551,stu2-10,gradebook2-9,readMyScores> null
<2552,admissions4-0,application4-0,read> null
<2553,registrar4-1,transcript4-15,read> null
<2554,admissions4-1,stu3-3application3-3,read> null
<2555,admissions0-1,stu3-13application3-13,setStatus> null
<2556,admissions4-0,application4-1,read> null
<2557,registrar4-0,transcript2-2,read> null
<2558,registrar4-0,transcript2-1,read> null
<2559,registrar4-0,transcript2-4,read> null
<2560,stu3-4,gradebook3-2,readMyScores> null
<2561,registrar2-0,roster0-6,write> null
<2562,registrar2-0,roster0-5,write> null
<2563,registrar2-0,roster0-4,write> null
<2564,registrar4-0,transcript2-0,read> null
<2565,registrar2-0,roster0-1,write> null
<2566,registrar0-1,transcript3-14,read> null
<2567,admissions2-1,stu4-16application4-16,setStatus> null
<2568,admissions2-0,application4-0,read> null
<2569,chair5,transcript5-5,read> null
<2570,stu3-4,gradebook3-6,readMyScores> null
<2571,fac3-3,gradebook3-6,assignGrade> null
<2572,registrar4-1,roster0-3,read> null
<2573,registrar0-1,transcript0-11,read> null
<2574,stu3-4,gradebook3-5,readMyScores> null
<2575,registrar4-0,transcript2-9,read> null
<2576,registrar4-0,transcript2-5,read> null
<2577,registrar2-0,roster1-3,write> null
<2578,registrar0-0,transcript0-11,read> null
<2579,registrar4-0,transcript2-7,read> null
<2580,registrar4-0,transcript2-8,read> null
<2581,registrar4-1,roster1-3,write> null
<2582,stu2-15,gradebook2-7,readScore> null
<2583,registrar4-1,transcript2-5,read> null
<2584,registrar4-1,transcript2-4,read> null
<2585,stu3-5,gradebook3-2,readMyScores> null
<2586,stu3-5,gradebook3-5,readMyScores> null
<2587,registrar4-1,transcript2-2,read> null
<2588,stu3-5,gradebook3-4,readMyScores> null
<2589,stu3-5,gradebook3-8,readMyScores> null
<2590,stu2-16,gradebook2-5,readScore> null
<2591,registrar4-1,transcript2-9,read> null
<2592,registrar4-1,transcript2-6,read> null
<2593,registrar4-1,transcript2-7,read> null
<2594,admissions2-0,stu4-5application4-5,read> null
<2595,registrar2-1,transcript5-14,read> null
<2596,stu2-13,gradebook2-1,readScore> null
<2597,admissions2-0,application2-0,setStatus> null
<2598,admissions0-1,stu3-2application3-2,read> null
<2599,admissions2-1,stu2-16application2-16,read> null
<0,admissions2-0,application2-1,setStatus> 5.7764824442005406E-5
<1,stu2-13,gradebook2-9,readMyScores> 1.1210312429377102E-4
<2,admissions0-0,stu5-11application5-11,read> 1.2348207392531114E-4
<3,stu3-2,gradebook3-3,readMyScores> 4.899118570266755E-5
<4,admissions0-1,stu5-6application5-6,setStatus> 3.9255408468650366E-5
<5,admissions0-1,stu3-3application3-3,setStatus> 2.4438066918969285E-4
<6,stu2-14,gradebook2-5,readMyScores> 1.5964832823721177E-4
<7,registrar0-0,transcript0-8,read> 1.1362223885633249E-4
<8,stu3-2,gradebook3-5,readMyScores> 4.436186919143036E-5
<9,fac4-1,gradebook4-2,readScore> 3.3057093728800917E-4
<10,admissions4-1,stu2-9application2-9,setStatus> 2.0186939057571966E-4
<11,stu2-14,gradebook2-6,readMyScores> 1.1218261817733922E-4
<12,registrar2-0,transcript3-17,read> 3.624349243220541E-4
<13,admissions2-0,application2-4,setStatus> 6.444874145257092E-5
<14,admissions2-0,application2-3,setStatus> 6.333475528414333E-5
<15,admissions2-0,application2-2,setStatus> 5.83218175262192E-5
<16,admissions0-0,stu2-9application2-9,read> 2.0707738195388615E-4
<17,registrar2-1,roster0-9,write> 1.6159390280792114E-4
<18,stu3-2,gradebook3-1,readMyScores> 1.0287841529736942E-4
<19,stu2-14,gradebook2-7,readScore> 1.3016291589538727E-4
<20,registrar2-1,roster0-1,write> 1.4588304774122452E-4
<21,admissions2-1,application2-0,setStatus> 5.5373512115858414E-5
<22,admissions0-1,stu2-19application2-19,setStatus> 1.5233728296871227E-4
<23,admissions4-0,stu5-17application5-17,setStatus> 1.4132364700509073E-4
<24,admissions2-1,application2-1,setStatus> 5.591264570238198E-5
<25,admissions2-1,application2-2,setStatus> 5.6451779288905554E-5
<26,registrar4-1,roster4-9,read> 1.1896154729295794E-4
<27,admissions4-1,stu0-16application0-16,setStatus> 1.3509049627476906E-4
<28,admissions0-0,stu5-6application5-6,setStatus> 3.9388703573807074E-5
<29,stu2-15,gradebook2-9,readMyScores> 1.1068857382949631E-4
<30,admissions2-0,stu2-9application2-9,read> 1.748419857783235E-4
<31,registrar2-0,transcript0-12,read> 3.457091688912562E-4
<32,stu2-15,gradebook2-8,readMyScores> 1.0822304180423473E-4
<33,registrar2-1,roster0-4,write> 1.499562323881459E-4
<34,admissions2-1,application2-4,setStatus> 6.238224874066484E-5
<35,admissions0-1,stu2-9application2-9,read> 2.063766124718087E-4
<36,fac3-2,gradebook3-4,assignGrade> 1.8662963238209922E-4
<37,admissions4-1,stu4-19application4-19,read> 6.310228229551127E-5
<38,registrar2-1,roster0-5,write> 1.493743488671571E-4
<39,registrar2-1,roster5-3,read> 1.189800268255097E-4
<40,stu3-0,gradebook3-6,readScore> 4.5847905566401186E-5
<41,admissions2-1,application2-3,setStatus> 6.130398156761769E-5
<42,registrar2-1,roster0-2,write> 1.4821058182517958E-4
<43,stu3-10,gradebook3-6,addScore> 7.220842975449077E-5
<44,registrar2-1,roster0-3,write> 1.4704681478320205E-4
<45,registrar2-1,roster0-8,write> 1.604301357659436E-4
<46,admissions0-0,stu4-12application4-12,read> 1.890811698088457E-4
<47,registrar2-1,roster0-6,write> 1.5111999943012342E-4
<48,registrar0-1,roster0-9,read> 2.1233832960431098E-4
<49,stu2-11,gradebook2-5,readScore> 8.893592561767504E-5
<50,stu2-11,gradebook2-7,readMyScores> 2.0154982282045647E-4
<51,stu2-11,gradebook2-8,readMyScores> 1.2136194144819933E-4
<52,admissions0-0,stu2-15application2-15,setStatus> 4.664524072906533E-5
<53,admissions2-0,stu4-8application4-8,setStatus> 9.229839566326054E-5
<54,stu2-12,gradebook2-4,readMyScores> 3.99931311631997E-4
<55,stu2-12,gradebook2-1,readMyScores> 1.169464903045672E-4
<56,stu3-0,gradebook3-2,readMyScores> 4.158218323046878E-5
<57,stu2-12,gradebook2-3,readMyScores> 1.2930544401847728E-4
<58,admissions4-0,stu0-16application0-16,setStatus> 1.3402469354281823E-4
<59,stu3-0,gradebook3-4,readMyScores> 5.1114973886117515E-5
<60,admissions4-0,stu2-11application2-11,setStatus> 7.675598176191073E-5
<61,chair0,transcript0-4,read> 6.12128604412087E-4
<62,admissions2-0,stu3-15application3-15,setStatus> 1.5690959343206046E-4
<63,registrar4-0,transcript1-15,read> 4.2648755587366535E-5
<64,chair0,transcript0-7,read> 6.580203232903067E-4
<65,admissions2-0,stu2-9application2-9,setStatus> 1.986840747480949E-4
<66,admissions0-1,stu5-11application5-11,read> 1.2306419888664683E-4
<67,admissions0-1,stu2-15application2-15,setStatus> 4.6487388814584564E-5
<68,admissions0-1,stu4-15application4-15,read> 1.371665605612185E-5
<69,registrar4-1,transcript5-18,read> 2.5118996693952403E-5
<70,stu2-12,gradebook2-8,readMyScores> 1.0891456283812761E-4
<71,registrar4-1,transcript5-19,read> 2.2693017133973095E-5
<72,stu3-1,gradebook3-6,readMyScores> 6.53484520260079E-5
<73,stu2-13,gradebook2-5,readMyScores> 1.6272836029323517E-4
<74,stu3-1,gradebook3-5,readMyScores> 4.5995823857781376E-5
<75,stu3-1,gradebook3-2,readMyScores> 4.128883449515683E-5
<76,admissions0-0,stu3-3application3-3,setStatus> 2.4521048470476823E-4
<77,admissions4-1,stu3-4application3-4,setStatus> 5.5861299646522594E-5
<78,admissions4-1,stu2-11application2-11,setStatus> 7.736636730276094E-5
<79,registrar2-0,roster2-8,read> 1.479244447431486E-4
<80,registrar2-0,roster2-9,read> 1.4872098651425825E-4
<81,admissions2-1,stu1-6application1-6,setStatus> 2.7338565616632735E-5
<82,admissions0-0,stu4-2application4-2,read> 1.0896899961479464E-4
<83,stu2-18,gradebook2-3,readMyScores> 1.309474179107754E-4
<84,admissions4-0,stu2-18application2-18,setStatus> 1.6939654493690814E-4
<85,admissions0-1,application5-4,setStatus> 2.5227010229434836E-4
<86,stu2-18,gradebook2-6,readMyScores> 1.1506834468993959E-4
<87,registrar2-1,roster2-5,read> 1.0777876904647598E-4
<88,admissions4-0,stu3-4application3-4,setStatus> 5.542057933372951E-5
<89,stu2-18,gradebook2-8,readMyScores> 1.1029760490591334E-4
<90,registrar2-1,roster2-8,read> 1.48583350955813E-4
<91,registrar0-0,transcript4-4,read> 2.0838444619824967E-4
<92,registrar2-1,roster2-7,read> 1.4698317127309388E-4
<93,registrar2-1,roster2-2,read> 1.0697867920511642E-4
<94,registrar2-1,roster2-1,read> 1.1577966746007148E-4
<95,registrar2-1,roster2-4,read> 1.0857885888783556E-4
<96,registrar2-1,roster2-3,read> 1.0457840968103779E-4
<97,stu2-10,gradebook2-5,readScore> 8.99494404395289E-5
<98,stu2-19,gradebook2-1,readMyScores> 1.199165598996038E-4
<99,registrar4-0,transcript3-17,read> 4.140960271207433E-4
<100,fac5-1,gradebook5-3,changeScore> 5.633389014978107E-4
<101,stu5-15,gradebook5-7,readScore> 2.7623415701182576E-5
<102,admissions4-0,stu1-15application1-15,setStatus> 1.5648301188827214E-4
<103,registrar0-1,transcript0-9,read> 1.1711123361217923E-4
<104,registrar2-0,roster2-7,read> 1.4633136120092936E-4
<105,registrar2-0,roster2-6,read> 1.455348194298198E-4
<106,chair2,transcript2-14,read> 0.0019315155221609037
<107,chair1,transcript1-12,read> 2.449948533863292E-4
<108,admissions0-1,stu1-10application1-10,setStatus> 1.424754915878929E-4
<109,registrar2-0,roster2-5,read> 1.0730081441655811E-4
<110,registrar4-0,roster0-6,read> 2.363553649623576E-4
<111,registrar2-0,roster2-3,read> 1.0411464733211966E-4
<112,stu1-10,gradebook1-2,readMyScores> 3.998835239186564E-5
<113,registrar2-0,roster2-2,read> 1.0650427264544849E-4
<114,stu1-9,gradebook1-3,readScore> 1.4649971355288236E-4
<115,admissions2-1,stu3-10application3-10,read> 4.825425310581466E-5
<116,registrar0-1,roster0-3,read> 1.932231011328051E-4
<117,registrar0-1,roster0-4,read> 1.970461468271063E-4
<118,registrar0-1,roster0-5,read> 1.962815376882461E-4
<119,admissions4-0,stu4-0application4-0,read> 5.8651769885681693E-5
<120,registrar0-1,roster0-7,read> 1.9781075596596653E-4
<121,admissions4-1,stu0-0application0-0,read> 1.2037367300107228E-4
<122,registrar0-1,roster0-8,read> 2.108091113265905E-4
<123,admissions2-1,stu5-6application5-6,read> 2.8327875747903484E-5
<124,registrar0-0,roster0-8,read> 2.1178734386174874E-4
<125,admissions2-0,stu5-5application5-5,read> 8.612412732475063E-5
<126,stu2-16,gradebook2-3,readMyScores> 1.3423136569537162E-4
<127,admissions0-1,stu4-12application4-12,read> 1.8844130121389193E-4
<128,stu1-6,gradebook1-1,readScore> 1.3929722201247777E-4
<129,stu2-16,gradebook2-6,readMyScores> 1.1795407120253993E-4
<130,registrar2-1,roster2-9,read> 1.4938344079717256E-4
<131,admissions2-0,stu3-10application3-10,read> 4.985273768074847E-5
<132,registrar0-0,roster0-2,read> 1.9565604247043523E-4
<133,registrar0-0,roster0-3,read> 1.941197280522149E-4
<134,registrar0-0,roster0-7,read> 1.987286713068759E-4
<135,registrar0-0,roster0-5,read> 1.9719235688865557E-4
<136,admissions2-0,stu5-6application5-6,read> 2.92662732882067E-5
<137,stu2-17,gradebook2-1,readMyScores> 1.2288662949464042E-4
<138,admissions2-0,application4-3,read> 1.4053121179075388E-4
<139,admissions4-1,stu2-18application2-18,setStatus> 1.7074363475747998E-4
<140,admissions0-0,stu5-2application5-2,read> 1.6527972793959866E-4
<141,stu2-17,gradebook2-5,readMyScores> 1.6991510175728966E-4
<142,registrar2-1,transcript1-1,read> 2.768979970583083E-4
<143,stu0-0,gradebook0-8,readMyScores> 2.2341255335070343E-5
<144,registrar4-0,roster2-9,write> 1.235778353218295E-4
<145,registrar4-0,transcript0-1,read> 2.0508228911964694E-4
<146,registrar2-1,transcript1-4,read> 3.2414872178938316E-4
<147,admissions0-0,stu4-0application4-0,setStatus> 7.831013013382859E-5
<148,registrar4-0,roster2-4,write> 8.982214006766318E-5
<149,registrar4-0,roster2-2,write> 8.849838731259781E-5
<150,admissions2-1,stu5-8application5-8,setStatus> 2.0633091634245825E-4
<151,registrar4-0,roster2-8,write> 1.229159589442968E-4
<152,admissions4-1,stu5-2application5-2,setStatus> 1.6112294659547863E-4
<153,registrar4-0,roster2-5,write> 8.916026369013049E-5
<154,registrar4-0,roster2-6,write> 1.2093032981169881E-4
<155,registrar2-1,transcript1-9,read> 3.2099867347397816E-4
<156,registrar2-1,transcript1-6,read> 3.220486895791132E-4
<157,registrar2-1,transcript1-8,read> 3.199486573688432E-4
<158,chair1,transcript1-19,read> 1.8763020478855454E-4
<159,registrar2-1,transcript1-7,read> 3.230987056842482E-4
<160,registrar2-0,transcript1-0,read> 2.7776078745364E-4
<161,stu5-6,gradebook5-5,readScore> 7.483561849169055E-5
<162,fac4-4,gradebook4-9,addScore> 3.6928313620951495E-4
<163,admissions2-0,stu5-0application5-0,setStatus> 1.3574385623193634E-4
<164,admissions4-0,stu3-11application3-11,setStatus> 1.3851635721190902E-4
<165,admissions0-1,stu3-5application3-5,read> 1.259569910250205E-4
<166,admissions0-1,stu0-13application0-13,read> 1.9075553492459084E-4
<167,chair1,transcript1-13,read> 2.1631252908744188E-4
<168,admissions2-0,stu5-8application5-8,setStatus> 2.1316589493765355E-4
<169,admissions4-0,stu2-5application2-5,setStatus> 1.5199134821918138E-4
<170,admissions2-0,stu5-11application5-11,setStatus> 1.1847707062130878E-4
<171,registrar2-0,transcript1-5,read> 3.23756614888334E-4
<172,admissions4-1,stu2-3application2-3,setStatus> 7.227306180523079E-5
<173,admissions0-0,application2-0,setStatus> 6.775516699890749E-5
<174,registrar0-0,transcript4-10,read> 3.414547799124313E-4
<175,stu5-9,gradebook5-2,readScore> 5.344851918672307E-5
<176,registrar4-0,transcript0-11,read> 3.8662565012631344E-4
<177,admissions0-0,application2-2,setStatus> 6.907453739077262E-5
<178,admissions2-1,stu5-0application5-0,setStatus> 1.313913478156819E-4
<179,admissions4-1,stu5-7application5-7,read> 8.818964148501243E-6
<180,admissions2-1,stu5-11application5-11,setStatus> 1.1467820663345118E-4
<181,admissions4-1,stu4-7application4-7,setStatus> 4.2279151653108914E-5
<182,admissions0-1,stu4-0application4-0,setStatus> 7.80451212332065E-5
<183,admissions2-0,stu2-0application2-0,read> 9.788782126334592E-5
<184,admissions0-1,application2-4,setStatus> 7.607276295704262E-5
<185,admissions0-1,application2-3,setStatus> 7.475785743960005E-5
<186,admissions0-1,application2-2,setStatus> 6.884078261110843E-5
<187,admissions0-1,application2-1,setStatus> 6.818332985238714E-5
<188,registrar4-1,roster2-6,write> 1.2281618290817755E-4
<189,registrar4-1,roster2-7,write> 1.2348838094461908E-4
<190,admissions2-1,stu4-7application4-7,setStatus> 4.027777169319843E-5
<191,admissions4-1,stu4-3application4-3,read> 1.9457747487175572E-4
<192,admissions4-1,stu4-5application4-5,setStatus> 8.755297829782118E-5
<193,registrar4-1,roster2-8,write> 1.248327770175022E-4
<194,registrar4-1,roster2-9,write> 1.2550497505394378E-4
<195,registrar4-0,transcript3-5,read> 9.161768849048049E-5
<196,stu3-2,transcript3-2,read> 3.7541030307980107E-4
<197,registrar4-1,roster2-2,write> 8.987847912254087E-5
<198,admissions4-0,stu5-7application5-7,read> 8.749386522083088E-6
<199,stu2-6,gradebook2-5,readMyScores> 2.5718267667795207E-4
<200,registrar4-1,roster2-3,write> 8.786188501321619E-5
<201,admissions0-1,stu0-7application0-7,setStatus> 1.4181803882917164E-4
<202,admissions2-1,stu2-14application2-14,read> 5.1575315998799854E-5
<203,registrar4-1,roster2-4,write> 9.122287519542401E-5
<204,registrar4-1,roster2-1,write> 9.72726575233981E-5
<205,admissions2-0,stu2-0application2-0,setStatus> 1.1123616052652948E-4
<206,admissions0-1,application2-0,setStatus> 6.752587709366585E-5
<207,admissions4-1,stu5-11application5-11,setStatus> 1.2037650261523757E-4
<208,registrar0-0,transcript2-14,read> 3.394385627349437E-4
<209,admissions4-0,stu2-9application2-9,setStatus> 2.0027673266190726E-4
<210,admissions4-0,stu4-5application4-5,setStatus> 8.6862225017365E-5
<211,admissions0-1,stu4-13application4-13,read> 2.069551708994835E-4
<212,registrar2-0,roster5-6,read> 1.2084202452542162E-4
<213,admissions4-0,stu5-11application5-11,setStatus> 1.1942678661827317E-4
<214,admissions4-1,stu2-0application2-0,setStatus> 1.1301950578547182E-4
<215,admissions4-0,stu2-3application2-3,setStatus> 7.17028601341836E-5
<216,admissions2-0,stu0-11application0-11,setStatus> 1.8698721997960525E-4
<217,registrar2-0,roster1-3,read> 2.0925816111858924E-4
<218,stu5-11,transcript5-11,read> 1.3739562550801746E-4
<219,admissions0-1,stu2-3application2-3,read> 7.388673253429434E-5
<220,admissions4-0,stu2-0application2-0,setStatus> 1.1212783315600063E-4
<221,admissions0-1,stu4-2application4-2,read> 1.0860023819477843E-4
<222,admissions2-0,stu0-9application0-9,setStatus> 1.2181902912659154E-4
<223,registrar2-0,roster5-9,read> 1.2960398400762741E-4
<224,admissions0-0,stu5-3application5-3,setStatus> 1.9177598383423027E-4
<225,stu1-1,gradebook1-8,readScore> 1.1922476246716292E-4
<226,admissions2-0,stu1-7application1-7,setStatus> 3.4371114905026114E-5
<227,admissions0-0,stu1-18application1-18,read> 1.298678266219384E-4
<228,registrar0-0,transcript5-12,read> 2.9949225990597062E-5
<229,stu1-0,gradebook1-2,readScore> 7.389732866125658E-5
<230,admissions4-1,stu2-1application2-1,read> 1.1190746741851107E-4
<231,admissions4-1,stu5-3application5-3,setStatus> 1.6451848359383202E-4
<232,admissions2-1,stu1-16application1-16,setStatus> 1.1953040891216333E-4
<233,admissions2-1,stu2-13application2-13,setStatus> 1.0928687076821549E-4
<234,admissions2-1,stu3-8application3-8,setStatus> 1.7074809963190255E-4
<235,admissions2-1,stu1-7application1-7,setStatus> 3.326903506839201E-5
<236,admissions2-0,stu2-13application2-13,setStatus> 1.1290713977917087E-4
<237,admissions2-1,stu1-7application1-7,read> 2.927675086018496E-5
<238,admissions0-0,application0-3,read> 7.181552937987246E-5
<239,admissions0-0,application5-2,read> 2.198488873471407E-4
<240,registrar0-1,roster3-1,write> 8.936658935102802E-5
<241,fac4-4,gradebook4-9,assignGrade> 4.092329282284675E-4
<242,admissions0-0,application0-2,read> 7.007396046261046E-5
<243,admissions0-0,application0-1,read> 7.065448343503112E-5
<244,admissions0-0,application0-0,read> 7.297657532471377E-5
<245,registrar0-1,transcript0-1,read> 1.7230110450403087E-4
<246,admissions2-1,stu5-12application5-12,setStatus> 9.311286317250836E-5
<247,admissions2-1,stu3-2application3-2,read> 4.730537799353317E-5
<248,registrar0-1,transcript0-2,read> 1.7531146109813191E-4
<249,admissions0-0,application0-4,read> 7.123500640745179E-5
<250,admissions2-1,stu1-16application1-16,read> 1.0518675984270371E-4
<251,admissions0-0,stu2-0application2-0,read> 1.1593527528384256E-4
<252,admissions2-0,stu5-1application5-1,read> 2.975642720231484E-5
<253,admissions4-0,stu5-2application5-2,read> 1.406695484832794E-4
<254,registrar0-1,transcript0-4,read> 1.0707671163184258E-4
<255,registrar0-1,transcript0-5,read> 1.120939726220109E-4
<256,registrar0-1,transcript0-6,read> 1.1008706822594356E-4
<257,registrar0-0,roster3-4,write> 9.033994328959259E-5
<258,registrar0-1,transcript4-17,read> 3.6596737872452865E-4
<259,registrar0-1,transcript0-8,read> 1.1309742482004456E-4
<260,admissions2-0,stu1-7application1-7,read> 3.0246581116422975E-5
<261,admissions2-0,stu4-6application4-6,read> 5.769520030647868E-5
<262,admissions0-1,application0-1,read> 7.041538196824593E-5
<263,admissions0-1,application0-4,read> 7.099394039592066E-5
<264,admissions2-1,stu1-4application1-4,setStatus> 2.0956571786159964E-4
<265,admissions0-1,application0-3,read> 7.157249882359538E-5
<266,registrar0-0,transcript0-2,read> 1.7612497135844807E-4
<267,registrar0-0,transcript0-0,read> 1.801574057134233E-4
<268,admissions2-1,stu3-6application3-6,setStatus> 2.0201784765026966E-4
<269,stu5-0,gradebook5-2,readScore> 5.061054471663159E-5
<270,admissions2-0,stu1-16application1-16,read> 1.0867120737372495E-4
<271,admissions0-0,stu3-5application3-5,read> 1.2638468878741445E-4
<272,admissions4-0,stu5-3application5-3,setStatus> 1.632205073919083E-4
<273,admissions2-1,stu0-1application0-1,read> 1.4569186619821959E-5
<274,registrar0-0,transcript0-5,read> 1.1261413026758868E-4
<275,registrar0-0,transcript0-6,read> 1.1059791309010109E-4
<276,admissions4-0,stu4-18application4-18,read> 9.737552529283059E-6
<277,registrar0-0,transcript0-4,read> 1.075735873238697E-4
<278,registrar4-1,transcript1-17,read> 4.0887863833817896E-5
<279,registrar0-0,transcript0-9,read> 1.1765467321130769E-4
<280,registrar0-0,transcript0-7,read> 1.1563845603382009E-4
<281,stu5-7,stu5-7application5-7,checkStatus> 1.0651263886491312E-4
<282,admissions2-1,stu4-6application4-6,read> 5.584525400406654E-5
<283,admissions0-1,application0-0,read> 7.272961567894485E-5
<284,registrar0-1,transcript4-18,read> 3.6897773531862965E-4
<285,stu5-3,gradebook5-8,readScore> 4.241365635607162E-5
<286,registrar2-1,transcript2-16,read> 3.5774923715370307E-4
<287,admissions2-1,stu2-4application2-4,read> 3.022562597246645E-5
<288,registrar0-1,transcript4-13,read> 3.6095011773436026E-4
<289,registrar2-1,transcript2-14,read> 3.535491727331631E-4
<290,registrar4-1,transcript0-14,read> 3.975068591507759E-4
<291,admissions2-1,stu1-1application1-1,setStatus> 2.1172225220769393E-4
<292,admissions2-0,stu0-1application0-1,read> 1.505180977907072E-5
<293,admissions4-0,stu4-7application4-7,setStatus> 4.1945588326457165E-5
<294,admissions2-1,stu5-13application5-13,setStatus> 2.014787140637461E-4
<295,registrar0-0,transcript4-17,read> 3.676656032197701E-4
<296,registrar4-0,transcript0-17,read> 3.818481932577169E-4
<297,registrar0-0,transcript4-18,read> 3.706899289860015E-4
<298,registrar2-0,transcript2-19,read> 3.634802840364788E-4
<299,registrar2-0,transcript2-12,read> 3.4884524803453077E-4
<300,registrar0-0,transcript4-14,read> 3.6665749463102624E-4
<301,registrar2-0,transcript2-14,read> 3.519813271778054E-4
<302,registrar2-0,transcript2-15,read> 3.5302668689223026E-4
<303,stu4-9,stu4-9application4-9,checkStatus> 0.0014418052032702238
<304,registrar4-0,transcript0-15,read> 3.9020874277776075E-4
<305,registrar0-1,transcript4-10,read> 3.398776215756533E-4
<306,registrar4-1,transcript0-10,read> 3.9386788981080696E-4
<307,admissions4-1,stu0-10application0-10,setStatus> 2.2054484406666352E-4
<308,registrar4-1,transcript0-12,read> 4.011458284907449E-4
<309,registrar0-1,transcript4-11,read> 3.4288797816975434E-4
<310,admissions2-1,stu2-8application2-8,read> 1.8679001949891138E-4
<311,stu5-5,gradebook5-7,readScore> 6.184513717714157E-5
<312,registrar4-1,transcript0-1,read> 2.0828045347239E-4
<313,stu1-2,gradebook1-8,readMyScores> 1.0719319071772944E-4
<314,admissions2-0,application5-0,setStatus> 2.0926694334815694E-4
<315,registrar4-1,transcript0-3,read> 1.3064910755305225E-4
<316,admissions0-0,stu4-3application4-3,read> 2.268151630161886E-4
<317,registrar4-1,transcript0-4,read> 1.294361177730626E-4
<318,registrar4-1,transcript0-6,read> 1.3307508711303155E-4
<319,admissions0-1,stu4-14application4-14,read> 1.814986000817951E-4
<320,registrar4-1,transcript0-7,read> 1.3914003601297982E-4
<321,stu1-2,gradebook1-6,readMyScores> 5.01318061309032E-5
<322,admissions2-0,stu1-12application1-12,read> 1.1602351608534703E-4
<323,stu1-2,gradebook1-2,readMyScores> 8.402838806572647E-5
<324,admissions0-1,stu5-19application5-19,read> 3.6280434735436525E-5
<325,registrar4-1,transcript0-9,read> 1.415660155729591E-4
<326,registrar4-1,transcript0-8,read> 1.367140564530005E-4
<327,registrar0-0,transcript2-10,read> 3.3439801979122467E-4
<328,admissions0-1,stu2-10application2-10,read> 1.404209517168889E-4
<329,admissions0-1,stu5-14application5-14,read> 3.7437551590786E-5
<330,admissions2-0,application3-1,read> 1.1994474739821214E-4
<331,admissions2-0,application3-4,read> 1.2141520914053654E-4
<332,admissions2-0,application3-3,read> 1.2190536305464469E-4
<333,admissions4-1,stu1-19application1-19,read> 4.417782275802153E-5
<334,registrar4-0,transcript0-2,read> 2.0866538177109436E-4
<335,stu1-3,gradebook1-8,readMyScores> 1.07642638058265E-4
<336,registrar4-0,transcript0-0,read> 2.1344283863969086E-4
<337,registrar4-0,transcript0-6,read> 1.310317076564015E-4
<338,stu1-3,gradebook1-7,readMyScores> 7.89722371139798E-5
<339,registrar4-0,transcript0-3,read> 1.2864297922210327E-4
<340,stu1-3,gradebook1-5,readMyScores> 1.8417917139479495E-4
<341,admissions2-0,stu1-19application1-19,setStatus> 4.9409928178798524E-5
<342,registrar4-0,transcript0-7,read> 1.3700352874214711E-4
<343,admissions2-1,stu0-8application0-8,setStatus> 1.5619149279576613E-4
<344,admissions0-0,stu5-14application5-14,read> 3.7564674007053526E-5
<345,admissions2-1,application3-3,read> 1.1799657385850378E-4
<346,registrar4-0,transcript0-8,read> 1.3461480030784885E-4
<347,stu1-4,gradebook1-7,readMyScores> 7.600459563579268E-5
<348,stu1-4,gradebook1-9,readMyScores> 5.275563371947311E-5
<349,stu1-4,gradebook1-2,readMyScores> 8.120982578259939E-5
<350,admissions2-1,stu1-19application1-19,setStatus> 4.782564190452843E-5
<351,admissions2-0,stu0-15application0-15,read> 1.1553336217123889E-4
<352,stu1-5,gradebook1-8,readMyScores> 1.0449650667451612E-4
<353,stu1-5,gradebook1-9,readMyScores> 5.3213383252830784E-5
<354,fac4-1,gradebook4-3,addScore> 9.05394739240103E-4
<355,stu1-5,gradebook1-6,readMyScores> 4.887062861817608E-5
<356,admissions0-1,stu4-3application4-3,read> 2.2604759901274975E-4
<357,admissions4-1,stu4-18application4-18,setStatus> 1.115339583486922E-5
<358,admissions0-0,stu5-19application5-19,read> 3.6403628062212207E-5
<359,stu3-16,stu3-16application3-16,checkStatus> 4.19283870167058E-4
<360,admissions0-0,stu0-7application0-7,setStatus> 1.4229959413928766E-4
<361,admissions4-0,stu1-19application1-19,read> 4.382927977768211E-5
<362,admissions2-1,stu0-15application0-15,read> 1.118288856286741E-4
<363,stu3-3,gradebook3-3,readScore> 5.9032771995564914E-5
<364,admissions4-1,application5-1,read> 1.8760530556846997E-4
<365,fac5-4,gradebook5-9,changeScore> 3.885849122352412E-4
<366,fac5-4,gradebook5-8,changeScore> 3.8275977925982224E-4
<367,admissions4-0,stu4-18application4-18,setStatus> 1.1065400601458022E-5
<368,admissions4-1,stu4-16application4-16,read> 1.4975638649349055E-4
<369,admissions2-0,stu3-2application3-2,read> 4.8872429852532206E-5
<370,registrar2-1,roster1-9,write> 1.5926636872396608E-4
<371,registrar2-1,roster1-6,write> 1.540294170350672E-4
<372,admissions0-0,application3-0,read> 1.4263933201519291E-4
<373,registrar2-1,roster1-5,write> 1.5519318407704473E-4
<374,registrar2-1,roster1-7,write> 1.5810260168198855E-4
<375,registrar2-1,roster1-2,write> 1.5577506759803349E-4
<376,registrar2-1,roster1-1,write> 1.5635695111902226E-4
<377,admissions2-1,stu1-11application1-11,setStatus> 1.6966983245885543E-4
<378,admissions4-1,stu4-4application4-4,setStatus> 1.5546371826488957E-4
<379,admissions2-0,stu0-14application0-14,read> 1.1504320825713077E-4
<380,registrar2-1,roster1-8,read> 2.1819116715409383E-4
<381,registrar2-0,roster1-9,write> 1.5856008770966912E-4
<382,registrar2-0,roster1-8,write> 1.5798078460340756E-4
<383,registrar2-0,roster1-1,write> 1.556635721783614E-4
<384,stu2-1,gradebook2-1,readMyScores> 1.800604691990955E-4
<385,stu1-0,gradebook1-3,readMyScores> 1.172566397119341E-4
<386,registrar4-0,transcript3-1,read> 8.56458674047349E-5
<387,stu1-0,gradebook1-6,readMyScores> 4.971141362666083E-5
<388,registrar2-0,roster1-7,write> 1.5740148149714602E-4
<389,admissions4-1,stu0-19application0-19,setStatus> 1.1188766011935402E-4
<390,registrar4-0,transcript3-0,read> 8.684023162188401E-5
<391,registrar4-0,transcript3-3,read> 8.803459583903313E-5
<392,registrar2-0,roster1-5,write> 1.5450496596583832E-4
<393,registrar4-0,transcript3-2,read> 9.042332427333138E-5
<394,admissions4-0,stu0-8application0-8,read> 1.431399635012793E-4
<395,registrar4-0,transcript3-4,read> 9.281205270762961E-5
<396,stu1-0,gradebook1-9,readMyScores> 5.4128882319546154E-5
<397,registrar4-0,transcript3-6,read> 9.520078114192786E-5
<398,registrar4-0,transcript3-7,read> 9.400641692477874E-5
<399,admissions4-1,stu2-15application2-15,setStatus> 4.00154603208733E-5
<400,registrar4-0,transcript3-8,read> 8.206277475328751E-5
<401,admissions4-0,stu4-4application4-4,setStatus> 1.5423718005372675E-4
<402,admissions2-0,stu0-8application0-8,setStatus> 1.613655381057708E-4
<403,admissions4-0,stu3-10application3-10,read> 5.025235882448193E-5
<404,registrar4-1,transcript3-0,read> 8.819446525341437E-5
<405,registrar4-1,transcript3-4,read> 9.425941415336263E-5
<406,stu1-1,gradebook1-9,readMyScores> 5.435775708622499E-5
<407,registrar4-1,transcript3-3,read> 8.940745503340402E-5
<408,registrar4-1,transcript3-2,read> 9.183343459338333E-5
<409,registrar4-1,transcript3-1,read> 8.698147547342471E-5
<410,stu1-1,gradebook1-6,readMyScores> 4.992160987878202E-5
<411,admissions4-0,stu0-19application0-19,setStatus> 1.1100491723872795E-4
<412,registrar4-1,transcript3-7,read> 9.54724039333523E-5
<413,registrar4-1,transcript3-8,read> 8.334250613345575E-5
<414,registrar4-1,transcript3-5,read> 9.304642437337298E-5
<415,registrar4-1,transcript3-6,read> 9.668539371334194E-5
<416,registrar4-1,transcript3-9,read> 8.21295163534661E-5
<417,stu3-7,gradebook3-9,readScore> 8.188113969148148E-5
<418,admissions4-1,stu3-10application3-10,read> 5.065197996821538E-5
<419,admissions0-0,stu4-15application4-15,read> 1.3763232137806473E-5
<420,admissions4-1,stu3-9application3-9,setStatus> 9.264628379535131E-5
<421,admissions2-0,application1-1,setStatus> 2.3231253220750264E-5
<422,admissions4-1,application5-4,read> 1.9109139022011282E-4
<423,admissions2-0,application1-0,setStatus> 2.2117267052322678E-5
<424,admissions4-1,application5-0,read> 1.8710729347537814E-4
<425,admissions4-1,application5-3,read> 1.895973539408373E-4
<426,admissions4-1,application5-2,read> 1.886013297546537E-4
<427,admissions2-0,stu4-1application4-1,setStatus> 2.020260332533777E-4
<428,admissions4-1,application3-3,setStatus> 1.4074972460535813E-4
<429,admissions0-1,stu1-17application1-17,read> 6.925826511289645E-5
<430,admissions2-0,application1-4,setStatus> 1.5990343125970963E-5
<431,admissions4-0,application4-0,setStatus> 1.51429890260545E-4
<432,admissions2-0,application1-3,setStatus> 2.4902232473391645E-5
<433,admissions2-1,application1-0,setStatus> 2.1408096164873454E-5

