<0,admissions4-0,stu0-10application0-10,read> null
<1,stu1-1,transcript1-1,read> null
<2,registrar4-0,transcript2-0,read> null
<3,registrar4-1,roster3-2,read> null
<4,stu0-7,transcript0-7,read> null
<5,stu3-14,transcript3-14,read> null
<6,stu2-16,stu2-16application2-16,checkStatus> null
<7,chair5,transcript5-3,read> null
<8,registrar0-1,transcript4-2,read> null
<9,fac0-1,roster0-2,read> null
<10,fac1-1,roster1-2,read> null
<11,stu5-6,transcript5-6,read> null
<12,stu3-12,transcript3-12,read> null
<13,registrar2-0,transcript3-19,read> null
<14,stu2-1,stu2-1application2-1,checkStatus> null
<15,app5-4,application5-4,checkStatus> null
<16,admissions0-1,application4-4,read> null
<17,stu3-14,stu3-14application3-14,checkStatus> null
<18,chair2,transcript2-13,read> null
<19,chair4,transcript4-15,read> null
<20,registrar0-1,transcript5-4,read> null
<21,registrar0-0,transcript2-10,read> null
<22,admissions4-1,stu4-9application4-9,setStatus> null
<23,chair4,transcript4-16,read> null
<24,admissions0-1,stu4-3application4-3,read> null
<25,stu3-7,transcript3-7,read> null
<26,fac4-3,gradebook4-7,changeScore> null
<27,stu2-11,transcript2-11,read> null
<28,fac2-2,gradebook2-5,readScore> null
<29,admissions0-1,application4-3,read> null
<30,admissions0-0,stu2-17application2-17,setStatus> null
<31,chair4,transcript4-18,read> null
<32,admissions2-0,stu1-13application1-13,setStatus> null
<33,registrar2-0,transcript1-9,read> null
<34,chair1,transcript1-9,read> null
<35,stu3-18,transcript3-18,read> null
<36,chair1,transcript1-8,read> null
<37,registrar4-0,roster1-3,read> null
<38,stu4-17,gradebook4-2,addScore> null
<39,stu5-13,stu5-13application5-13,checkStatus> null
<40,stu1-2,stu1-2application1-2,checkStatus> null
<41,stu5-8,stu5-8application5-8,checkStatus> null
<42,admissions0-1,stu3-17application3-17,setStatus> null
<43,stu2-10,gradebook2-4,readMyScores> null
<44,registrar0-0,transcript4-18,read> null
<45,stu5-7,gradebook5-1,addScore> null
<46,stu4-9,transcript4-9,read> null
<47,fac2-3,roster2-6,read> null
<48,registrar2-1,transcript1-6,read> null
<49,stu1-1,stu1-1application1-1,checkStatus> null
<50,fac3-3,roster3-7,read> null
<51,app2-4,application2-4,checkStatus> null
<52,chair4,transcript4-10,read> null
<53,stu0-10,stu0-10application0-10,checkStatus> null
<54,chair1,transcript1-4,read> null
<55,registrar0-0,transcript2-16,read> null
<56,admissions2-1,application5-3,read> null
<57,registrar2-0,roster0-5,read> null
<58,stu2-11,gradebook2-8,readMyScores> null
<59,admissions4-0,stu0-13application0-13,setStatus> null
<60,registrar0-1,transcript2-15,read> null
<61,admissions4-1,stu0-1application0-1,setStatus> null
<62,fac5-2,roster5-5,read> null
<63,stu3-17,stu3-17application3-17,checkStatus> null
<64,registrar2-1,transcript1-5,read> null
<65,registrar4-0,transcript5-3,read> null
<66,admissions0-1,stu0-11application0-11,setStatus> null
<67,fac4-3,roster4-6,read> null
<68,stu4-19,transcript4-19,read> null
<69,stu2-13,stu2-13application2-13,checkStatus> null
<70,stu2-4,transcript2-4,read> null
<71,stu2-15,stu2-15application2-15,checkStatus> null
<72,fac5-2,roster5-4,read> null
<73,stu4-1,stu4-1application4-1,checkStatus> null
<74,admissions0-1,stu1-19application1-19,read> null
<75,registrar4-0,transcript5-5,read> null
<76,stu0-8,stu0-8application0-8,checkStatus> null
<77,registrar2-0,transcript2-18,read> null
<78,chair2,transcript2-16,read> null
<79,admissions0-1,stu4-11application4-11,setStatus> null
<80,fac2-4,gradebook2-9,changeScore> null
<81,fac4-1,roster4-2,read> null
<82,fac2-0,gradebook2-1,changeScore> null
<83,registrar0-0,transcript4-14,read> null
<84,stu1-7,stu1-7application1-7,checkStatus> null
<85,registrar0-1,roster5-1,read> null
<86,admissions2-1,stu0-16application0-16,read> null
<87,admissions4-0,stu5-2application5-2,setStatus> null
<88,stu5-2,gradebook5-2,addScore> null
<89,registrar0-1,transcript2-16,read> null
<90,chair1,transcript1-0,read> null
<91,admissions0-0,stu5-0application5-0,read> null
<92,stu2-19,stu2-19application2-19,checkStatus> null
<93,admissions0-1,stu2-11application2-11,read> null
<94,chair2,transcript2-3,read> null
<95,admissions2-1,stu0-9application0-9,read> null
<96,stu3-18,stu3-18application3-18,checkStatus> null
<97,admissions4-1,stu5-16application5-16,read> null
<98,stu1-6,stu1-6application1-6,checkStatus> null
<99,stu5-2,stu5-2application5-2,checkStatus> null
<100,stu2-14,transcript2-14,read> null
<101,admissions0-1,stu2-2application2-2,setStatus> null
<102,chair2,transcript2-5,read> null
<103,fac0-3,gradebook0-7,changeScore> null
<104,admissions2-1,stu1-16application1-16,setStatus> null
<105,registrar2-1,transcript4-19,read> null
<106,stu3-7,stu3-7application3-7,checkStatus> null
<107,stu2-6,gradebook2-8,readMyScores> null
<108,chair5,transcript5-16,read> null
<109,registrar0-1,transcript4-19,read> null
<110,registrar0-0,roster3-1,read> null
<111,admissions4-0,stu1-13application1-13,setStatus> null
<112,stu5-12,stu5-12application5-12,checkStatus> null
<113,admissions4-0,stu2-18application2-18,setStatus> null
<114,stu1-17,stu1-17application1-17,checkStatus> null
<115,registrar2-0,roster3-8,read> null
<116,admissions4-0,stu1-9application1-9,read> null
<117,stu1-4,transcript1-4,read> null
<118,registrar2-1,roster0-1,read> null
<119,chair1,transcript1-2,read> null
<120,fac0-4,roster0-9,read> null
<121,registrar2-0,roster3-5,read> null
<122,registrar4-1,transcript4-17,read> null
<123,fac2-1,gradebook2-3,addScore> null
<124,stu4-5,stu4-5application4-5,checkStatus> null
<125,chair0,transcript0-10,read> null
<126,registrar4-0,transcript0-11,read> null
<127,stu4-0,transcript4-0,read> null
<128,registrar0-0,roster2-3,read> null
<129,registrar0-0,transcript3-14,read> null
<130,fac2-1,roster2-3,read> null
<131,registrar2-0,transcript1-13,read> null
<132,fac2-3,gradebook2-7,changeScore> null
<133,admissions0-1,stu3-6application3-6,setStatus> null
<134,fac1-4,roster1-9,read> null
<135,stu2-9,transcript2-9,read> null
<136,stu3-11,stu3-11application3-11,checkStatus> null
<137,stu2-0,stu2-0application2-0,checkStatus> null
<138,app0-2,application0-2,checkStatus> null
<139,admissions2-0,stu4-13application4-13,read> null
<140,admissions2-0,stu5-13application5-13,setStatus> null
<141,registrar2-0,roster5-2,read> null
<142,registrar4-0,roster0-8,write> null
<143,admissions2-0,stu4-9application4-9,read> null
<144,stu3-0,stu3-0application3-0,checkStatus> null
<145,registrar4-0,transcript0-19,read> null
<146,admissions4-1,application3-4,setStatus> null
<147,fac5-2,gradebook5-5,changeScore> null
<148,registrar2-0,roster2-9,write> null
<149,app4-0,application4-0,checkStatus> null
<150,stu4-14,stu4-14application4-14,checkStatus> null
<151,stu1-18,stu1-18application1-18,checkStatus> null
<152,admissions2-1,stu5-11application5-11,setStatus> null
<153,admissions0-0,application5-0,read> null
<154,fac4-0,roster4-1,read> null
<155,stu3-1,stu3-1application3-1,checkStatus> null
<156,registrar4-1,transcript1-2,read> null
<157,admissions0-0,application5-1,read> null
<158,stu4-3,stu4-3application4-3,checkStatus> null
<159,admissions2-1,stu4-16application4-16,setStatus> null
<160,stu1-4,stu1-4application1-4,checkStatus> null
<161,fac2-2,gradebook2-5,changeScore> null
<162,app4-1,application4-1,checkStatus> null
<163,admissions0-0,stu3-10application3-10,read> null
<164,stu5-18,stu5-18application5-18,checkStatus> null
<165,admissions0-0,stu1-10application1-10,setStatus> null
<166,registrar4-0,roster1-5,write> null
<167,stu1-11,gradebook1-3,readMyScores> null
<168,stu5-9,transcript5-9,read> null
<169,registrar0-1,roster1-3,write> null
<170,stu3-3,stu3-3application3-3,checkStatus> null
<171,stu3-6,stu3-6application3-6,checkStatus> null
<172,fac1-0,gradebook1-1,changeScore> null
<173,admissions4-1,stu2-0application2-0,read> null
<174,fac1-3,roster1-7,read> null
<175,admissions0-1,stu3-19application3-19,read> null
<176,stu4-13,transcript4-13,read> null
<177,admissions0-0,stu0-17application0-17,setStatus> null
<178,fac3-0,roster3-1,read> null
<179,chair3,transcript3-12,read> null
<180,chair2,transcript2-14,read> null
<181,fac1-3,gradebook1-7,changeScore> null
<182,stu2-3,gradebook2-4,readMyScores> null
<183,registrar0-0,transcript0-2,read> null
<184,admissions4-1,stu3-4application3-4,read> null
<185,registrar2-0,transcript4-3,read> null
<186,admissions0-1,application5-4,read> null
<187,chair0,transcript0-12,read> null
<188,stu5-16,stu5-16application5-16,checkStatus> null
<189,chair2,transcript2-10,read> null
<190,fac0-4,roster0-8,read> null
<191,chair2,transcript2-17,read> null
<192,stu0-9,gradebook0-5,addScore> null
<193,registrar4-0,transcript3-17,read> null
<194,admissions0-0,stu1-14application1-14,read> null
<195,admissions0-1,stu2-12application2-12,read> null
<196,chair0,transcript0-14,read> null
<197,chair0,transcript0-1,read> null
<198,registrar2-1,roster3-3,read> null
<199,stu2-10,stu2-10application2-10,checkStatus> null
<200,fac2-3,gradebook2-7,addScore> null
<201,fac3-2,roster3-5,read> null
<202,stu2-3,stu2-3application2-3,checkStatus> null
<203,app3-2,application3-2,checkStatus> null
<204,stu2-5,gradebook2-8,readMyScores> null
<205,registrar0-0,roster1-4,read> null
<206,fac3-2,gradebook3-4,readScore> null
<207,chair3,transcript3-13,read> null
<208,chair5,transcript5-7,read> null
<209,admissions2-1,stu4-14application4-14,setStatus> null
<210,registrar2-0,transcript3-13,read> null
<211,stu4-7,gradebook4-1,addScore> null
<212,registrar4-0,transcript5-9,read> null
<213,stu2-7,transcript2-7,read> null
<214,stu4-16,transcript4-16,read> null
<215,app5-3,application5-3,checkStatus> null
<216,chair0,transcript0-16,read> null
<217,fac4-4,gradebook4-8,changeScore> null
<218,fac1-2,gradebook1-4,changeScore> null
<219,chair5,transcript5-5,read> null
<220,fac0-0,roster0-1,read> null
<221,stu3-13,transcript3-13,read> null
<222,registrar4-0,roster4-5,write> null
<223,registrar2-0,transcript0-10,read> null
<224,chair0,transcript0-17,read> null
<225,chair0,transcript0-11,read> null
<226,admissions4-1,stu4-1application4-1,setStatus> null
<227,admissions4-1,stu4-8application4-8,read> null
<228,stu5-11,stu5-11application5-11,checkStatus> null
<229,stu1-15,stu1-15application1-15,checkStatus> null
<230,registrar2-1,transcript0-13,read> null
<231,registrar4-0,roster0-9,write> null
<232,registrar2-0,transcript3-11,read> null
<233,stu2-5,transcript2-5,read> null
<234,chair5,transcript5-2,read> null
<235,fac3-1,roster3-3,read> null
<236,fac5-0,roster5-1,read> null
<237,admissions4-1,stu5-14application5-14,read> null
<238,registrar4-0,transcript1-1,read> null
<239,fac3-4,roster3-8,read> null
<240,fac5-3,roster5-7,read> null
<241,admissions4-0,stu3-19application3-19,setStatus> null
<242,chair2,transcript2-9,read> null
<243,stu0-9,transcript0-9,read> null
<244,app3-3,application3-3,checkStatus> null
<245,stu2-3,gradebook2-2,addScore> null
<246,admissions0-1,stu4-5application4-5,read> null
<247,chair4,transcript4-19,read> null
<248,stu4-5,gradebook4-6,readMyScores> null
<249,chair3,transcript3-10,read> null
<250,fac5-2,gradebook5-4,addScore> null
<251,fac3-3,gradebook3-7,changeScore> null
<252,chair1,transcript1-10,read> null
<253,admissions2-0,stu1-0application1-0,read> null
<254,stu2-17,transcript2-17,read> null
<255,registrar2-0,roster1-7,write> null
<256,chair3,transcript3-15,read> null
<257,admissions4-0,stu3-6application3-6,setStatus> null
<258,stu0-9,stu0-9application0-9,checkStatus> null
<259,registrar4-1,roster2-1,write> null
<260,stu1-19,transcript1-19,read> null
<261,registrar2-1,roster0-2,read> null
<262,registrar2-1,transcript0-1,read> null
<263,admissions0-0,stu5-11application5-11,setStatus> null
<264,registrar0-1,roster2-8,read> null
<265,stu2-2,gradebook2-7,readMyScores> null
<266,registrar0-0,roster4-6,read> null
<267,stu1-10,stu1-10application1-10,checkStatus> null
<268,admissions2-1,stu4-19application4-19,read> null
<269,fac5-1,roster5-3,read> null
<270,fac2-2,gradebook2-5,addScore> null
<271,registrar0-0,transcript4-15,read> null
<272,chair3,transcript3-17,read> null
<273,registrar2-1,transcript2-15,read> null
<274,chair1,transcript1-5,read> null
<275,admissions2-1,application4-4,read> null
<276,stu0-18,stu0-18application0-18,checkStatus> null
<277,admissions4-1,stu4-9application4-9,read> null
<278,chair3,transcript3-8,read> null
<279,stu2-1,gradebook2-3,addScore> null
<280,stu4-6,stu4-6application4-6,checkStatus> null
<281,registrar4-0,roster2-3,read> null
<282,stu1-3,gradebook1-9,addScore> null
<283,stu0-8,transcript0-8,read> null
<284,admissions2-0,stu1-5application1-5,read> null
<285,stu1-3,stu1-3application1-3,checkStatus> null
<286,admissions4-0,stu5-0application5-0,read> null
<287,stu3-10,transcript3-10,read> null
<288,fac1-4,gradebook1-8,addScore> null
<289,stu4-8,gradebook4-8,addScore> null
<290,registrar4-1,roster2-7,read> null
<291,registrar0-0,transcript5-2,read> null
<292,fac1-0,roster1-1,read> null
<293,chair5,transcript5-9,read> null
<294,admissions4-1,stu4-6application4-6,setStatus> null
<295,fac3-4,gradebook3-9,changeScore> null
<296,stu4-4,transcript4-4,read> null
<297,admissions4-0,stu0-7application0-7,read> null
<298,admissions2-0,stu1-13application1-13,read> null
<299,chair3,transcript3-16,read> null
<300,stu0-3,stu0-3application0-3,checkStatus> null
<301,fac5-4,roster5-8,read> null
<302,chair2,transcript2-6,read> null
<303,admissions4-1,stu1-15application1-15,setStatus> null
<304,registrar0-0,roster0-8,read> null
<305,admissions0-1,stu1-3application1-3,read> null
<306,registrar2-1,roster1-7,read> null
<307,admissions0-0,application5-2,setStatus> null
<308,registrar2-1,transcript5-8,read> null
<309,chair1,transcript1-6,read> null
<310,registrar0-1,roster5-3,read> null
<311,admissions2-0,stu5-8application5-8,setStatus> null
<312,registrar0-1,roster4-2,write> null
<313,chair3,transcript3-9,read> null
<314,fac1-0,gradebook1-1,addScore> null
<315,registrar0-0,roster2-2,read> null
<316,fac2-2,roster2-4,read> null
<317,chair4,transcript4-12,read> null
<318,stu1-5,transcript1-5,read> null
<319,registrar4-1,transcript0-9,read> null
<320,registrar2-1,roster0-2,write> null
<321,admissions0-0,stu3-15application3-15,setStatus> null
<322,admissions4-0,stu3-12application3-12,read> null
<323,stu1-0,transcript1-0,read> null
<324,admissions4-0,stu0-10application0-10,setStatus> null
<325,stu4-12,transcript4-12,read> null
<326,chair2,transcript2-19,read> null
<327,stu4-2,stu4-2application4-2,checkStatus> null
<328,chair2,transcript2-1,read> null
<329,registrar4-1,roster4-4,read> null
<330,stu4-5,transcript4-5,read> null
<331,stu2-8,stu2-8application2-8,checkStatus> null
<332,registrar4-0,transcript2-10,read> null
<333,admissions4-0,stu4-5application4-5,read> null
<334,admissions0-1,stu3-1application3-1,setStatus> null
<335,admissions2-0,stu4-13application4-13,setStatus> null
<336,registrar0-0,transcript2-4,read> null
<337,stu2-16,transcript2-16,read> null
<338,chair2,transcript2-15,read> null
<339,registrar0-1,roster3-9,write> null
<340,stu1-0,stu1-0application1-0,checkStatus> null
<341,registrar0-0,transcript2-14,read> null
<342,admissions2-1,stu2-3application2-3,setStatus> null
<343,stu3-0,gradebook3-5,addScore> null
<344,admissions0-0,stu2-8application2-8,read> null
<345,admissions4-1,stu1-0application1-0,read> null
<346,admissions2-1,stu2-3application2-3,read> null
<347,registrar4-0,transcript5-2,read> null
<348,admissions0-1,stu2-1application2-1,read> null
<349,stu5-3,stu5-3application5-3,checkStatus> null
<350,admissions4-0,stu0-14application0-14,read> null
<351,stu2-19,transcript2-19,read> null
<352,admissions0-0,stu3-4application3-4,setStatus> null
<353,registrar0-0,roster1-1,write> null
<354,stu1-14,gradebook1-2,readScore> null
<355,admissions2-0,stu1-4application1-4,setStatus> null
<356,chair0,transcript0-0,read> null
<357,stu1-2,transcript1-2,read> null
<358,registrar2-0,transcript0-19,read> null
<359,registrar2-1,transcript0-16,read> null
<360,fac5-1,roster5-2,read> null
<361,registrar2-1,transcript2-16,read> null
<362,admissions4-1,stu3-11application3-11,setStatus> null
<363,admissions2-0,stu1-9application1-9,setStatus> null
<364,registrar0-0,roster1-7,read> null
<365,admissions4-0,stu4-0application4-0,setStatus> null
<366,registrar0-0,transcript0-3,read> null
<367,registrar4-0,transcript0-2,read> null
<368,stu0-13,stu0-13application0-13,checkStatus> null
<369,admissions0-1,stu3-3application3-3,setStatus> null
<370,registrar4-0,transcript0-17,read> null
<371,admissions4-0,application3-2,setStatus> null
<372,stu1-7,transcript1-7,read> null
<373,registrar4-1,transcript2-1,read> null
<374,chair4,transcript4-13,read> null
<375,admissions0-1,application4-2,read> null
<376,stu4-16,stu4-16application4-16,checkStatus> null
<377,admissions0-1,stu2-8application2-8,read> null
<378,stu1-12,stu1-12application1-12,checkStatus> null
<379,stu4-6,transcript4-6,read> null
<380,registrar4-0,transcript2-17,read> null
<381,admissions0-1,stu1-3application1-3,setStatus> null
<382,stu5-11,gradebook5-1,readMyScores> null
<383,fac1-2,roster1-5,read> null
<384,registrar4-1,roster1-4,read> null
<385,admissions4-0,stu1-11application1-11,setStatus> null
<386,fac1-1,gradebook1-2,addScore> null
<387,admissions4-1,stu1-8application1-8,setStatus> null
<388,admissions2-0,stu1-1application1-1,read> null
<389,stu4-4,stu4-4application4-4,checkStatus> null
<390,registrar0-0,roster1-5,write> null
<391,chair0,transcript0-7,read> null
<392,fac1-2,roster1-4,read> null
<393,registrar0-1,transcript1-9,read> null
<394,registrar2-1,transcript0-15,read> null
<395,fac2-4,roster2-8,read> null
<396,registrar0-0,roster1-4,write> null
<397,registrar2-1,roster1-2,read> null
<398,registrar2-1,roster1-8,write> null
<399,admissions0-0,application3-1,setStatus> null
<400,registrar4-1,transcript3-19,read> null
<401,fac4-3,gradebook4-6,addScore> null
<402,admissions4-1,stu0-7application0-7,setStatus> null
<403,chair2,transcript2-2,read> null
<404,registrar4-0,roster1-9,read> null
<405,registrar0-0,roster1-3,write> null
<406,fac2-1,gradebook2-2,changeScore> null
<407,stu3-4,gradebook3-8,addScore> null
<408,registrar0-0,roster1-2,write> null
<409,registrar2-1,transcript2-3,read> null
<410,fac4-2,gradebook4-5,changeScore> null
<411,registrar0-0,roster1-9,write> null
<412,stu5-8,transcript5-8,read> null
<413,registrar4-0,transcript3-4,read> null
<414,admissions4-0,stu3-13application3-13,read> null
<415,stu3-12,stu3-12application3-12,checkStatus> null
<416,stu0-0,stu0-0application0-0,checkStatus> null
<417,registrar4-1,transcript1-4,read> null
<418,stu5-4,transcript5-4,read> null
<419,admissions2-1,stu0-18application0-18,setStatus> null
<420,chair2,transcript2-0,read> null
<421,chair3,transcript3-14,read> null
<422,app4-4,application4-4,checkStatus> null
<423,admissions0-1,stu3-7application3-7,setStatus> null
<424,registrar0-1,transcript3-10,read> null
<425,registrar0-0,roster1-8,write> null
<426,fac3-1,gradebook3-3,changeScore> null
<427,registrar2-1,transcript0-2,read> null
<428,app5-2,application5-2,checkStatus> null
<429,registrar4-1,roster3-6,write> null
<430,fac1-1,roster1-3,read> null
<431,chair4,transcript4-6,read> null
<432,admissions2-0,stu1-1application1-1,setStatus> null
<433,stu1-4,gradebook1-1,readMyScores> null
<434,registrar0-0,roster1-7,write> null
<435,registrar0-1,roster0-3,read> null
<436,fac5-3,roster5-6,read> null
<437,admissions4-1,stu1-10application1-10,read> null
<438,admissions4-1,stu0-5application0-5,setStatus> null
<439,registrar0-0,roster1-6,write> null
<440,registrar0-0,roster1-3,read> null
<441,registrar2-0,roster0-7,read> null
<442,stu1-11,stu1-11application1-11,checkStatus> null
<443,stu2-8,gradebook2-9,addScore> null
<444,admissions4-0,stu0-0application0-0,read> null
<445,stu5-0,stu5-0application5-0,checkStatus> null
<446,registrar4-1,transcript2-17,read> null
<447,registrar4-0,roster1-7,read> null
<448,admissions2-1,stu5-3application5-3,setStatus> null
<449,fac4-1,roster4-3,read> null
<450,admissions2-0,stu3-19application3-19,setStatus> null
<451,registrar0-0,transcript1-7,read> null
<452,registrar0-1,roster3-3,write> null
<453,registrar4-0,transcript1-9,read> null
<454,fac2-4,gradebook2-8,changeScore> null
<455,admissions0-0,stu1-13application1-13,setStatus> null
<456,fac4-3,roster4-7,read> null
<457,admissions0-1,stu2-17application2-17,read> null
<458,stu4-13,stu4-13application4-13,checkStatus> null
<459,admissions2-0,stu4-1application4-1,read> null
<460,registrar0-1,roster5-5,read> null
<461,fac3-3,gradebook3-7,readScore> null
<462,fac2-0,roster2-1,read> null
<463,registrar2-1,transcript4-6,read> null
<464,stu4-11,gradebook4-3,readMyScores> null
<465,registrar2-1,roster3-4,read> null
<466,admissions0-0,stu0-3application0-3,setStatus> null
<467,admissions4-0,stu3-6application3-6,read> null
<468,registrar2-0,roster1-2,read> null
<469,fac2-1,gradebook2-3,changeScore> null
<470,chair1,transcript1-1,read> null
<471,chair0,transcript0-8,read> null
<472,stu2-9,stu2-9application2-9,checkStatus> null
<473,admissions2-1,stu4-13application4-13,setStatus> null
<474,fac3-0,gradebook3-1,changeScore> null
<475,stu2-10,transcript2-10,read> null
<476,admissions2-0,stu0-4application0-4,setStatus> null
<477,admissions0-1,stu5-16application5-16,setStatus> null
<478,admissions0-0,stu2-7application2-7,setStatus> null
<479,stu3-11,transcript3-11,read> null
<480,stu4-11,transcript4-11,read> null
<481,chair1,transcript1-7,read> null
<482,stu1-0,gradebook1-6,readMyScores> null
<483,registrar2-1,transcript2-17,read> null
<484,admissions2-0,stu1-8application1-8,read> null
<485,admissions0-0,stu4-18application4-18,read> null
<486,stu1-3,transcript1-3,read> null
<487,registrar0-1,roster0-7,read> null
<488,registrar4-0,roster4-1,read> null
<489,registrar4-1,roster1-1,write> null
<490,registrar0-0,transcript4-0,read> null
<491,admissions0-1,stu0-17application0-17,setStatus> null
<492,registrar2-0,transcript2-14,read> null
<493,registrar2-0,transcript4-19,read> null
<494,stu4-18,transcript4-18,read> null
<495,admissions0-1,stu1-13application1-13,setStatus> null
<496,stu3-16,transcript3-16,read> null
<497,stu3-8,stu3-8application3-8,checkStatus> null
<498,admissions0-1,stu0-9application0-9,setStatus> null
<499,admissions2-1,stu2-17application2-17,setStatus> null
<500,admissions0-1,stu4-7application4-7,setStatus> null
<501,admissions4-0,stu2-19application2-19,setStatus> null
<502,admissions0-0,stu0-10application0-10,read> null
<503,registrar0-1,roster2-9,read> null
<504,registrar2-0,transcript2-13,read> null
<505,chair4,transcript4-17,read> null
<506,registrar0-0,transcript0-19,read> null
<507,stu5-1,transcript5-1,read> null
<508,fac1-3,roster1-6,read> null
<509,admissions0-1,stu4-18application4-18,read> null
<510,fac4-2,roster4-5,read> null
<511,fac5-1,gradebook5-2,addScore> null
<512,chair2,transcript2-18,read> null
<513,fac5-1,gradebook5-3,addScore> null
<514,admissions2-1,stu1-13application1-13,read> null
<515,admissions4-1,stu1-1application1-1,read> null
<516,registrar0-0,roster0-2,read> null
<517,fac2-1,gradebook2-3,assignGrade> null
<518,registrar2-1,roster1-5,read> null
<519,chair2,transcript2-12,read> null
<520,admissions4-1,stu5-0application5-0,read> null
<521,registrar4-0,transcript1-6,read> null
<522,admissions0-0,stu2-19application2-19,setStatus> null
<523,admissions0-0,stu0-0application0-0,setStatus> null
<524,admissions0-1,stu0-16application0-16,read> null
<525,registrar2-1,roster2-1,read> null
<526,admissions2-0,stu5-3application5-3,read> null
<527,admissions0-1,stu1-18application1-18,setStatus> null
<528,fac2-2,gradebook2-4,changeScore> null
<529,admissions4-1,stu0-9application0-9,setStatus> null
<530,stu0-15,stu0-15application0-15,checkStatus> null
<531,fac4-1,gradebook4-2,changeScore> null
<532,stu4-15,transcript4-15,read> null
<533,stu3-1,gradebook3-1,addScore> null
<534,stu5-8,gradebook5-5,readMyScores> null
<535,chair4,transcript4-11,read> null
<536,admissions4-1,stu0-2application0-2,read> null
<537,registrar4-0,transcript3-11,read> null
<538,registrar4-1,transcript2-19,read> null
<539,admissions4-0,stu1-18application1-18,read> null
<540,admissions4-1,application4-2,setStatus> null
<541,stu0-17,gradebook0-4,readScore> null
<542,app3-0,application3-0,checkStatus> null
<543,admissions0-1,stu2-5application2-5,read> null
<544,registrar2-1,roster3-9,read> null
<545,admissions2-0,stu3-17application3-17,read> null
<546,admissions0-0,stu2-1application2-1,read> null
<547,admissions0-0,stu4-7application4-7,setStatus> null
<548,admissions4-1,stu4-5application4-5,read> null
<549,admissions0-1,stu3-15application3-15,setStatus> null
<550,registrar0-0,transcript3-11,read> null
<551,admissions2-0,stu2-17application2-17,setStatus> null
<552,stu4-1,gradebook4-6,readMyScores> null
<553,registrar4-1,roster1-6,read> null
<554,admissions4-1,stu4-0application4-0,setStatus> null
<555,admissions4-1,stu2-19application2-19,setStatus> null
<556,stu5-14,stu5-14application5-14,checkStatus> null
<557,registrar2-1,transcript4-7,read> null
<558,admissions4-1,stu3-13application3-13,read> null
<559,admissions4-0,stu4-15application4-15,read> null
<560,stu0-16,stu0-16application0-16,checkStatus> null
<561,stu2-17,stu2-17application2-17,checkStatus> null
<562,fac5-0,gradebook5-1,addScore> null
<563,admissions2-0,stu0-0application0-0,setStatus> null
<564,chair4,transcript4-14,read> null
<565,admissions2-1,stu2-10application2-10,setStatus> null
<566,registrar2-1,transcript2-5,read> null
<567,stu0-13,transcript0-13,read> null
<568,admissions2-1,stu5-0application5-0,setStatus> null
<569,admissions0-1,stu2-16application2-16,read> null
<570,registrar2-1,transcript2-4,read> null
<571,registrar4-0,transcript4-18,read> null
<572,registrar2-1,transcript2-7,read> null
<573,registrar2-0,transcript4-18,read> null
<574,registrar0-1,roster1-9,read> null
<575,admissions0-1,stu2-19application2-19,read> null
<576,registrar2-1,transcript2-6,read> null
<577,registrar4-0,roster1-2,write> null
<578,stu1-5,stu1-5application1-5,checkStatus> null
<579,registrar2-1,transcript2-9,read> null
<580,chair0,transcript0-15,read> null
<581,fac1-1,gradebook1-3,readScore> null
<582,fac1-0,gradebook1-1,assignGrade> null
<583,registrar4-1,roster1-7,write> null
<584,chair0,transcript0-13,read> null
<585,registrar2-1,transcript2-8,read> null
<586,admissions4-0,stu0-2application0-2,read> null
<587,admissions4-0,stu3-15application3-15,setStatus> null
<588,stu2-7,stu2-7application2-7,checkStatus> null
<589,app1-1,application1-1,checkStatus> null
<590,stu1-8,stu1-8application1-8,checkStatus> null
<591,admissions2-0,stu4-3application4-3,setStatus> null
<592,admissions2-0,stu2-10application2-10,setStatus> null
<593,stu5-7,gradebook5-7,readMyScores> null
<594,registrar2-1,transcript3-17,read> null
<595,admissions0-1,stu0-18application0-18,read> null
<596,registrar4-1,transcript2-8,read> null
<597,admissions4-1,application3-4,read> null
<598,stu2-13,transcript2-13,read> null
<599,app0-4,application0-4,checkStatus> null
<600,stu1-16,gradebook1-5,addScore> null
<601,admissions0-0,stu5-10application5-10,read> null
<602,admissions2-0,stu3-17application3-17,setStatus> null
<603,stu5-7,transcript5-7,read> null
<604,fac1-3,gradebook1-7,readScore> null
<605,fac5-3,gradebook5-7,addScore> null
<606,registrar0-0,roster3-4,read> null
<607,admissions2-0,stu3-14application3-14,setStatus> null
<608,admissions2-1,application5-2,read> null
<609,registrar0-0,transcript1-4,read> null
<610,fac5-3,gradebook5-6,addScore> null
<611,admissions0-1,stu4-19application4-19,setStatus> null
<612,stu3-13,stu3-13application3-13,checkStatus> null
<613,registrar4-0,transcript3-10,read> null
<614,registrar2-1,transcript2-0,read> null
<615,registrar2-0,transcript4-7,read> null
<616,registrar4-1,roster0-6,read> null
<617,registrar2-1,transcript2-1,read> null
<618,registrar0-1,roster1-4,read> null
<619,registrar2-1,transcript2-2,read> null
<620,chair4,transcript4-9,read> null
<621,stu4-11,stu4-11application4-11,checkStatus> null
<622,chair2,transcript2-7,read> null
<623,fac5-0,gradebook5-1,changeScore> null
<624,registrar2-0,transcript2-6,read> null
<625,chair0,transcript0-3,read> null
<626,registrar2-0,transcript2-5,read> null
<627,fac2-0,gradebook2-1,assignGrade> null
<628,registrar4-1,transcript2-7,read> null
<629,chair5,transcript5-8,read> null
<630,admissions4-0,application5-4,setStatus> null
<631,admissions2-1,stu1-6application1-6,read> null
<632,fac1-4,gradebook1-9,changeScore> null
<633,stu3-19,stu3-19application3-19,checkStatus> null
<634,admissions4-1,stu0-11application0-11,read> null
<635,admissions0-0,stu3-19application3-19,setStatus> null
<636,fac4-4,gradebook4-9,assignGrade> null
<637,chair3,transcript3-18,read> null
<638,stu0-19,transcript0-19,read> null
<639,registrar4-0,roster4-9,read> null
<640,stu1-6,transcript1-6,read> null
<641,registrar4-1,transcript0-7,read> null
<642,stu2-12,gradebook2-1,readMyScores> null
<643,admissions0-1,stu5-0application5-0,setStatus> null
<644,admissions0-0,stu2-19application2-19,read> null
<645,fac2-3,roster2-7,read> null
<646,admissions2-1,stu2-0application2-0,read> null
<647,admissions4-1,stu5-8application5-8,read> null
<648,registrar2-0,transcript2-4,read> null
<649,registrar2-0,transcript2-3,read> null
<650,admissions2-1,stu0-10application0-10,setStatus> null
<651,registrar4-0,transcript4-13,read> null
<652,registrar2-1,transcript4-10,read> null
<653,admissions0-1,stu4-7application4-7,read> null
<654,admissions2-1,stu3-14application3-14,setStatus> null
<655,registrar4-0,transcript4-5,read> null
<656,stu4-12,stu4-12application4-12,checkStatus> null
<657,admissions2-1,stu3-7application3-7,read> null
<658,registrar2-0,transcript2-9,read> null
<659,stu0-8,gradebook0-2,readMyScores> null
<660,stu3-8,transcript3-8,read> null
<661,admissions0-0,stu3-9application3-9,setStatus> null
<662,registrar2-0,transcript2-8,read> null
<663,chair0,transcript0-18,read> null
<664,registrar4-0,roster1-1,read> null
<665,registrar4-0,transcript3-14,read> null
<666,stu4-18,stu4-18application4-18,checkStatus> null
<667,admissions0-1,stu3-2application3-2,setStatus> null
<668,registrar0-1,transcript2-17,read> null
<669,admissions0-0,stu5-17application5-17,read> null
<670,fac0-2,roster0-5,read> null
<671,registrar4-1,transcript0-14,read> null
<672,admissions4-1,stu3-3application3-3,setStatus> null
<673,admissions0-0,stu0-14application0-14,setStatus> null
<674,admissions0-1,stu0-7application0-7,read> null
<675,admissions2-1,stu4-1application4-1,setStatus> null
<676,stu2-12,stu2-12application2-12,checkStatus> null
<677,admissions2-0,stu3-13application3-13,read> null
<678,registrar2-0,transcript2-7,read> null
<679,app2-2,application2-2,checkStatus> null
<680,fac3-2,roster3-4,read> null
<681,app1-0,application1-0,checkStatus> null
<682,admissions0-1,stu5-10application5-10,read> null
<683,admissions2-1,stu2-18application2-18,setStatus> null
<684,fac5-2,gradebook5-5,addScore> null
<685,registrar2-0,transcript2-1,read> null
<686,stu5-10,transcript5-10,read> null
<687,registrar2-0,transcript2-2,read> null
<688,registrar0-1,transcript3-2,read> null
<689,admissions2-0,stu1-17application1-17,setStatus> null
<690,registrar2-0,transcript2-0,read> null
<691,admissions0-1,stu0-3application0-3,setStatus> null
<692,app1-3,application1-3,checkStatus> null
<693,fac4-3,gradebook4-6,changeScore> null
<694,stu3-9,stu3-9application3-9,checkStatus> null
<695,stu0-17,transcript0-17,read> null
<696,stu4-14,transcript4-14,read> null
<697,admissions2-1,stu3-19application3-19,setStatus> null
<698,admissions4-1,stu1-5application1-5,read> null
<699,admissions0-0,application4-1,setStatus> null
<700,fac3-0,gradebook3-1,assignGrade> null
<701,registrar4-1,transcript4-6,read> null
<702,stu4-14,gradebook4-3,addScore> null
<703,admissions4-0,stu3-16application3-16,read> null
<704,admissions0-0,application3-0,setStatus> null
<705,admissions0-0,application3-2,setStatus> null
<706,admissions0-0,application3-4,setStatus> null
<707,admissions0-0,application3-3,setStatus> null
<708,admissions0-0,stu1-8application1-8,read> null
<709,app2-1,application2-1,checkStatus> null
<710,fac1-1,gradebook1-3,assignGrade> null
<711,registrar0-1,roster1-9,write> null
<712,admissions0-1,stu1-6application1-6,setStatus> null
<713,admissions4-0,stu2-12application2-12,setStatus> null
<714,app1-2,application1-2,checkStatus> null
<715,registrar4-1,roster3-3,write> null
<716,fac5-4,gradebook5-8,addScore> null
<717,admissions2-0,stu0-1application0-1,read> null
<718,fac5-4,gradebook5-9,addScore> null
<719,registrar0-1,transcript4-6,read> null
<720,admissions2-1,stu4-3application4-3,setStatus> null
<721,admissions4-0,stu1-0application1-0,setStatus> null
<722,registrar0-1,roster5-5,write> null
<723,admissions0-1,application3-3,setStatus> null
<724,stu3-17,gradebook3-9,readScore> null
<725,admissions0-1,application3-2,setStatus> null
<726,admissions0-0,stu0-11application0-11,read> null
<727,fac3-4,roster3-9,read> null
<728,admissions4-1,application4-2,read> null
<729,admissions0-1,application3-1,setStatus> null
<730,admissions0-0,stu4-9application4-9,read> null
<731,fac2-3,gradebook2-6,changeScore> null
<732,admissions4-1,stu3-16application3-16,read> null
<733,chair4,transcript4-8,read> null
<734,admissions0-1,application3-0,setStatus> null
<735,admissions0-1,application3-4,setStatus> null
<736,registrar0-1,transcript2-19,read> null
<737,admissions2-0,stu3-3application3-3,setStatus> null
<738,admissions4-0,stu3-8application3-8,setStatus> null
<739,admissions0-0,stu0-16application0-16,setStatus> null
<740,fac1-4,gradebook1-8,readScore> null
<741,admissions2-1,stu4-3application4-3,read> null
<742,admissions4-1,stu2-11application2-11,setStatus> null
<743,registrar4-0,transcript2-19,read> null
<744,registrar4-0,transcript2-14,read> null
<745,admissions0-1,stu0-17application0-17,read> null
<746,admissions2-0,stu2-15application2-15,read> null
<747,stu2-15,transcript2-15,read> null
<748,stu0-19,stu0-19application0-19,checkStatus> null
<749,registrar2-1,transcript4-18,read> null
<750,stu2-5,gradebook2-7,addScore> null
<751,registrar4-1,transcript5-8,read> null
<752,stu2-0,gradebook2-9,readMyScores> null
<753,admissions4-1,stu4-2application4-2,setStatus> null
<754,stu1-17,transcript1-17,read> null
<755,admissions2-1,stu2-15application2-15,read> null
<756,registrar0-0,transcript2-13,read> null
<757,registrar2-0,transcript4-15,read> null
<758,admissions4-1,stu3-13application3-13,setStatus> null
<759,stu0-18,transcript0-18,read> null
<760,admissions0-0,stu0-7application0-7,read> null
<761,admissions4-0,stu2-7application2-7,read> null
<762,fac1-1,gradebook1-3,changeScore> null
<763,chair5,transcript5-0,read> null
<764,admissions2-1,stu5-15application5-15,read> null
<765,registrar2-0,transcript5-2,read> null
<766,stu3-4,transcript3-4,read> null
<767,admissions4-0,stu3-0application3-0,read> null
<768,admissions2-1,stu0-6application0-6,read> null
<769,registrar0-0,transcript0-15,read> null
<770,chair2,transcript2-11,read> null
<771,stu3-18,gradebook3-4,readScore> null
<772,admissions0-1,application0-2,read> null
<773,registrar4-0,transcript3-0,read> null
<774,admissions0-1,stu1-16application1-16,read> null
<775,admissions0-1,stu3-18application3-18,read> null
<776,registrar0-0,transcript3-19,read> null
<777,admissions2-1,stu0-16application0-16,setStatus> null
<778,fac0-3,roster0-7,read> null
<779,admissions2-0,stu1-6application1-6,read> null
<780,stu2-7,gradebook2-1,addScore> null
<781,registrar2-0,roster1-9,read> null
<782,app5-1,application5-1,checkStatus> null
<783,fac0-1,gradebook0-3,assignGrade> null
<784,admissions0-0,stu3-12application3-12,read> null
<785,fac3-4,gradebook3-8,assignGrade> null
<786,admissions4-1,stu2-7application2-7,read> null
<787,stu0-15,transcript0-15,read> null
<788,registrar2-1,roster0-9,read> null
<789,admissions4-1,stu1-2application1-2,setStatus> null
<790,chair5,transcript5-1,read> null
<791,stu5-0,transcript5-0,read> null
<792,admissions0-0,stu0-13application0-13,setStatus> null
<793,fac4-2,roster4-4,read> null
<794,admissions2-0,stu1-15application1-15,setStatus> null
<795,admissions2-0,stu2-17application2-17,read> null
<796,registrar2-0,roster3-6,write> null
<797,registrar4-0,transcript4-1,read> null
<798,admissions0-1,stu5-17application5-17,read> null
<799,admissions2-0,stu0-6application0-6,read> null
<800,registrar4-0,roster0-7,read> null
<801,admissions4-1,stu3-0application3-0,read> null
<802,registrar0-0,roster0-7,write> null
<803,registrar0-1,transcript2-9,read> null
<804,registrar4-1,roster5-9,write> null
<805,registrar4-1,roster3-7,read> null
<806,registrar0-1,transcript4-15,read> null
<807,stu1-16,stu1-16application1-16,checkStatus> null
<808,admissions4-0,stu0-19application0-19,setStatus> null
<809,stu4-17,transcript4-17,read> null
<810,stu0-11,stu0-11application0-11,checkStatus> null
<811,stu2-14,stu2-14application2-14,checkStatus> null
<812,admissions0-0,stu1-12application1-12,setStatus> null
<813,registrar4-1,roster5-8,write> null
<814,admissions0-0,application4-0,setStatus> null
<815,registrar4-1,roster5-7,write> null
<816,admissions0-1,stu1-2application1-2,read> null
<817,stu4-7,stu4-7application4-7,checkStatus> null
<818,admissions0-0,stu1-16application1-16,read> null
<819,fac5-1,gradebook5-3,readScore> null
<820,registrar2-1,transcript2-11,read> null
<821,admissions4-0,stu5-3application5-3,read> null
<822,registrar4-1,roster5-2,write> null
<823,registrar4-1,roster5-1,write> null
<824,admissions2-0,stu3-1application3-1,setStatus> null
<825,admissions0-1,stu0-16application0-16,setStatus> null
<826,stu5-3,transcript5-3,read> null
<827,registrar4-1,roster5-6,write> null
<828,admissions4-1,stu2-5application2-5,read> null
<829,registrar4-1,roster5-5,write> null
<830,registrar2-1,roster2-6,write> null
<831,registrar0-0,transcript1-1,read> null
<832,registrar4-1,roster5-4,write> null
<833,admissions0-1,stu3-12application3-12,read> null
<834,registrar4-1,roster5-3,write> null
<835,stu2-6,gradebook2-4,addScore> null
<836,fac4-1,gradebook4-3,changeScore> null
<837,admissions0-0,stu4-3application4-3,read> null
<838,stu1-8,transcript1-8,read> null
<839,admissions4-1,stu0-16application0-16,setStatus> null
<840,stu0-16,transcript0-16,read> null
<841,admissions2-1,stu2-17application2-17,read> null
<842,admissions4-0,stu4-2application4-2,setStatus> null
<843,fac2-0,gradebook2-1,addScore> null
<844,registrar4-0,roster5-2,write> null
<845,admissions2-1,stu1-8application1-8,setStatus> null
<846,stu0-17,stu0-17application0-17,checkStatus> null
<847,registrar4-0,roster5-3,write> null
<848,registrar4-0,roster5-4,write> null
<849,registrar4-0,roster5-5,write> null
<850,stu2-17,gradebook2-8,addScore> null
<851,stu0-6,stu0-6application0-6,checkStatus> null
<852,registrar0-1,roster5-7,read> null
<853,registrar4-0,roster5-1,write> null
<854,registrar4-0,roster5-6,write> null
<855,admissions2-1,stu0-8application0-8,setStatus> null
<856,registrar4-0,roster5-7,write> null
<857,registrar4-0,roster5-8,write> null
<858,stu1-5,gradebook1-2,readMyScores> null
<859,admissions4-1,stu5-8application5-8,setStatus> null
<860,registrar0-1,transcript3-18,read> null
<861,registrar0-1,transcript0-6,read> null
<862,registrar2-1,roster5-2,read> null
<863,admissions0-1,stu0-13application0-13,setStatus> null
<864,admissions0-1,stu3-4application3-4,setStatus> null
<865,registrar4-0,roster5-9,write> null
<866,stu1-1,gradebook1-8,readMyScores> null
<867,admissions2-1,stu1-6application1-6,setStatus> null
<868,fac4-3,gradebook4-7,addScore> null
<869,admissions0-1,stu2-13application2-13,read> null
<870,chair5,transcript5-12,read> null
<871,admissions2-0,stu0-16application0-16,setStatus> null
<872,admissions2-0,stu5-19application5-19,setStatus> null
<873,fac5-3,gradebook5-6,changeScore> null
<874,fac0-1,roster0-3,read> null
<875,registrar2-0,transcript0-6,read> null
<876,admissions2-1,stu1-9application1-9,setStatus> null
<877,admissions4-1,stu0-12application0-12,setStatus> null
<878,stu1-9,gradebook1-5,readMyScores> null
<879,admissions0-0,stu2-13application2-13,read> null
<880,registrar4-0,roster4-4,write> null
<881,fac1-3,gradebook1-6,changeScore> null
<882,admissions2-1,stu2-13application2-13,setStatus> null
<883,fac1-1,gradebook1-3,addScore> null
<884,registrar0-1,roster5-9,write> null
<885,admissions4-0,stu3-14application3-14,read> null
<886,admissions2-1,stu5-19application5-19,setStatus> null
<887,admissions4-1,stu4-17application4-17,read> null
<888,admissions4-0,stu0-12application0-12,setStatus> null
<889,admissions2-0,stu5-3application5-3,setStatus> null
<890,admissions2-0,stu1-8application1-8,setStatus> null
<891,admissions2-1,stu3-3application3-3,setStatus> null
<892,admissions4-0,stu4-17application4-17,read> null
<893,admissions0-1,stu5-11application5-11,setStatus> null
<894,admissions0-0,stu0-17application0-17,read> null
<895,registrar4-1,transcript0-13,read> null
<896,registrar0-1,roster0-6,write> null
<897,stu2-13,gradebook2-6,readMyScores> null
<898,stu0-5,stu0-5application0-5,checkStatus> null
<899,stu0-10,transcript0-10,read> null
<900,stu2-12,transcript2-12,read> null
<901,admissions0-1,stu2-1application2-1,setStatus> null
<902,admissions2-0,stu0-1application0-1,setStatus> null
<903,stu1-14,stu1-14application1-14,checkStatus> null
<904,fac2-4,roster2-9,read> null
<905,stu1-13,stu1-13application1-13,checkStatus> null
<906,fac4-1,gradebook4-2,assignGrade> null
<907,stu5-19,stu5-19application5-19,checkStatus> null
<908,admissions0-0,stu1-19application1-19,read> null
<909,admissions4-0,stu3-18application3-18,read> null
<910,registrar4-0,transcript2-13,read> null
<911,fac1-1,gradebook1-2,changeScore> null
<912,app3-1,application3-1,checkStatus> null
<913,admissions0-1,stu1-17application1-17,setStatus> null
<914,admissions2-1,stu3-5application3-5,setStatus> null
<915,registrar0-1,roster0-5,read> null
<916,registrar0-1,transcript2-1,read> null
<917,registrar2-1,roster2-1,write> null
<918,chair0,transcript0-19,read> null
<919,admissions0-1,stu0-5application0-5,setStatus> null
<920,stu4-17,stu4-17application4-17,checkStatus> null
<921,registrar4-0,roster3-2,read> null
<922,fac2-3,gradebook2-6,assignGrade> null
<923,admissions4-0,stu2-0application2-0,read> null
<924,registrar2-1,roster2-3,write> null
<925,registrar2-1,roster2-2,write> null
<926,registrar2-1,roster2-5,write> null
<927,stu0-7,stu0-7application0-7,checkStatus> null
<928,admissions4-1,stu3-18application3-18,read> null
<929,admissions2-0,stu0-5application0-5,read> null
<930,stu0-1,gradebook0-5,readMyScores> null
<931,registrar2-1,roster2-4,write> null
<932,fac1-1,gradebook1-2,readScore> null
<933,registrar2-1,roster0-7,write> null
<934,registrar2-1,roster3-6,write> null
<935,registrar2-1,roster2-7,write> null
<936,registrar2-1,roster2-9,write> null
<937,admissions0-0,stu1-0application1-0,setStatus> null
<938,admissions0-1,application2-2,read> null
<939,admissions2-0,application3-3,setStatus> null
<940,stu3-2,gradebook3-7,readMyScores> null
<941,registrar0-0,transcript2-11,read> null
<942,registrar2-1,roster2-8,write> null
<943,stu2-3,transcript2-3,read> null
<944,admissions4-1,stu4-1application4-1,read> null
<945,fac1-4,roster1-8,read> null
<946,admissions4-0,stu4-4application4-4,read> null
<947,registrar0-1,transcript0-8,read> null
<948,admissions4-0,stu0-2application0-2,setStatus> null
<949,fac1-2,gradebook1-5,changeScore> null
<950,admissions0-0,stu4-12application4-12,read> null
<951,admissions0-1,stu3-6application3-6,read> null
<952,registrar4-0,transcript2-1,read> null
<953,admissions0-1,stu1-5application1-5,setStatus> null
<954,admissions0-0,stu1-17application1-17,setStatus> null
<955,admissions2-1,stu4-9application4-9,setStatus> null
<956,stu5-2,transcript5-2,read> null
<957,admissions2-1,stu1-10application1-10,setStatus> null
<958,registrar2-0,transcript4-13,read> null
<959,admissions0-1,application4-0,setStatus> null
<960,admissions4-0,stu1-10application1-10,read> null
<961,admissions0-0,stu4-10application4-10,setStatus> null
<962,admissions2-1,stu0-18application0-18,read> null
<963,registrar0-1,transcript1-4,read> null
<964,app5-0,application5-0,checkStatus> null
<965,registrar2-0,transcript1-6,read> null
<966,admissions4-1,stu0-2application0-2,setStatus> null
<967,admissions4-1,stu5-14application5-14,setStatus> null
<968,admissions2-1,stu3-17application3-17,read> null
<969,admissions2-1,stu0-1application0-1,setStatus> null
<970,admissions4-1,stu2-16application2-16,setStatus> null
<971,admissions0-1,stu5-3application5-3,read> null
<972,admissions2-0,stu4-9application4-9,setStatus> null
<973,admissions4-0,stu2-13application2-13,setStatus> null
<974,admissions0-1,stu1-12application1-12,read> null
<975,chair3,transcript3-19,read> null
<976,admissions4-0,stu5-14application5-14,setStatus> null
<977,admissions4-0,stu2-16application2-16,setStatus> null
<978,stu0-14,transcript0-14,read> null
<979,admissions4-1,application2-4,read> null
<980,admissions4-1,application2-3,read> null
<981,admissions2-1,stu0-4application0-4,setStatus> null
<982,stu0-2,gradebook0-8,addScore> null
<983,registrar4-1,transcript3-10,read> null
<984,admissions4-1,stu0-15application0-15,read> null
<985,registrar4-1,transcript5-4,read> null
<986,admissions0-1,stu1-0application1-0,read> null
<987,admissions0-1,stu4-14application4-14,setStatus> null
<988,admissions4-1,stu1-0application1-0,setStatus> null
<989,admissions2-0,stu2-8application2-8,setStatus> null
<990,chair3,transcript3-11,read> null
<991,admissions0-0,stu3-7application3-7,read> null
<992,admissions0-0,stu4-11application4-11,read> null
<993,admissions4-1,stu2-13application2-13,read> null
<994,admissions2-1,application4-2,setStatus> null
<995,stu4-8,stu4-8application4-8,checkStatus> null
<996,registrar4-0,roster0-1,write> null
<997,admissions2-0,stu4-17application4-17,setStatus> null
<998,admissions4-1,application2-1,read> null
<999,fac5-4,roster5-9,read> null
<1000,admissions2-0,stu5-2application5-2,setStatus> null
<1001,admissions4-1,application2-2,read> null
<1002,admissions4-1,application2-0,read> null
<1003,stu5-5,stu5-5application5-5,checkStatus> null
<1004,admissions4-0,application2-3,read> null
<1005,admissions2-0,stu5-8application5-8,read> null
<1006,registrar0-0,transcript1-2,read> null
<1007,admissions0-1,stu0-0application0-0,read> null
<1008,admissions4-0,application2-2,read> null
<1009,stu3-19,transcript3-19,read> null
<1010,admissions4-0,application2-4,read> null
<1011,admissions0-1,stu1-4application1-4,setStatus> null
<1012,stu2-9,gradebook2-6,addScore> null
<1013,admissions0-0,stu5-11application5-11,read> null
<1014,admissions0-1,stu1-2application1-2,setStatus> null
<1015,admissions0-0,stu5-14application5-14,setStatus> null
<1016,stu1-14,gradebook1-2,addScore> null
<1017,registrar2-1,transcript0-10,read> null
<1018,registrar0-1,transcript0-16,read> null
<1019,admissions0-1,stu0-10application0-10,read> null
<1020,admissions0-1,application2-0,read> null
<1021,registrar0-1,transcript4-13,read> null
<1022,stu0-14,stu0-14application0-14,checkStatus> null
<1023,chair4,transcript4-4,read> null
<1024,admissions4-0,stu0-15application0-15,read> null
<1025,admissions0-1,stu3-7application3-7,read> null
<1026,stu0-4,transcript0-4,read> null
<1027,fac1-4,gradebook1-8,changeScore> null
<1028,registrar4-0,transcript4-19,read> null
<1029,admissions2-0,stu2-1application2-1,setStatus> null
<1030,registrar2-1,transcript2-14,read> null
<1031,admissions4-1,application3-1,setStatus> null
<1032,stu2-18,transcript2-18,read> null
<1033,admissions2-0,stu2-4application2-4,setStatus> null
<1034,admissions0-1,stu4-11application4-11,read> null
<1035,admissions2-1,stu4-17application4-17,setStatus> null
<1036,admissions4-1,stu4-0application4-0,read> null
<1037,admissions2-1,stu0-4application0-4,read> null
<1038,registrar2-0,transcript4-12,read> null
<1039,registrar4-1,roster4-5,read> null
<1040,registrar2-1,transcript4-17,read> null
<1041,registrar4-0,roster0-4,write> null
<1042,admissions4-0,stu0-5application0-5,setStatus> null
<1043,admissions4-0,application2-0,read> null
<1044,stu5-6,stu5-6application5-6,checkStatus> null
<1045,admissions0-0,stu4-2application4-2,read> null
<1046,admissions4-0,application2-1,read> null
<1047,fac2-4,gradebook2-8,assignGrade> null
<1048,admissions4-0,stu3-9application3-9,read> null
<1049,registrar0-1,roster2-2,read> null
<1050,registrar0-1,roster2-1,read> null
<1051,admissions4-1,stu3-17application3-17,setStatus> null
<1052,registrar0-1,roster2-6,read> null
<1053,stu4-10,transcript4-10,read> null
<1054,registrar0-1,roster2-5,read> null
<1055,registrar4-0,roster5-9,read> null
<1056,stu1-8,gradebook1-7,readMyScores> null
<1057,stu2-5,gradebook2-5,readMyScores> null
<1058,registrar0-1,roster2-4,read> null
<1059,stu3-5,transcript3-5,read> null
<1060,admissions0-0,stu1-5application1-5,setStatus> null
<1061,registrar0-1,roster2-3,read> null
<1062,stu0-12,transcript0-12,read> null
<1063,registrar4-0,transcript1-15,read> null
<1064,admissions0-0,stu1-4application1-4,read> null
<1065,registrar2-0,transcript4-10,read> null
<1066,stu5-9,stu5-9application5-9,checkStatus> null
<1067,registrar2-1,transcript4-2,read> null
<1068,admissions2-1,stu2-1application2-1,setStatus> null
<1069,admissions4-0,stu0-16application0-16,read> null
<1070,stu5-5,transcript5-5,read> null
<1071,registrar2-0,roster2-7,write> null
<1072,registrar2-0,roster2-8,write> null
<1073,registrar2-0,roster2-5,write> null
<1074,registrar0-0,roster2-8,read> null
<1075,registrar2-0,roster2-6,write> null
<1076,registrar2-0,transcript5-10,read> null
<1077,registrar0-0,roster2-9,read> null
<1078,registrar4-1,transcript5-0,read> null
<1079,registrar2-0,roster2-3,write> null
<1080,admissions4-1,stu1-14application1-14,read> null
<1081,admissions4-1,application3-3,setStatus> null
<1082,registrar0-0,roster2-6,read> null
<1083,admissions2-0,stu5-2application5-2,read> null
<1084,admissions2-1,stu0-5application0-5,read> null
<1085,chair2,transcript2-8,read> null
<1086,registrar2-0,roster2-4,write> null
<1087,registrar0-0,roster2-7,read> null
<1088,registrar2-0,roster2-1,write> null
<1089,admissions0-1,stu5-5application5-5,read> null
<1090,registrar2-0,roster2-2,write> null
<1091,stu1-0,gradebook1-3,addScore> null
<1092,registrar4-1,roster4-5,write> null
<1093,registrar0-1,roster3-1,write> null
<1094,registrar0-0,transcript1-18,read> null
<1095,admissions4-1,stu3-15application3-15,setStatus> null
<1096,fac3-1,gradebook3-3,assignGrade> null
<1097,registrar0-0,roster2-1,read> null
<1098,registrar4-0,transcript3-5,read> null
<1099,stu0-5,gradebook0-8,addScore> null
<1100,registrar0-0,roster2-5,read> null
<1101,stu5-4,stu5-4application5-4,checkStatus> null
<1102,admissions0-0,stu2-1application2-1,setStatus> null
<1103,registrar2-0,transcript3-12,read> null
<1104,registrar4-1,transcript1-9,read> null
<1105,stu5-10,stu5-10application5-10,checkStatus> null
<1106,registrar4-0,transcript5-1,read> null
<1107,admissions2-1,stu0-13application0-13,setStatus> null
<1108,registrar0-0,roster2-4,read> null
<1109,fac3-4,gradebook3-8,changeScore> null
<1110,stu0-11,transcript0-11,read> null
<1111,admissions2-1,stu2-5application2-5,read> null
<1112,admissions2-1,stu5-2application5-2,setStatus> null
<1113,admissions0-0,stu5-5application5-5,read> null
<1114,registrar4-1,transcript5-15,read> null
<1115,admissions2-0,application0-1,read> null
<1116,admissions2-0,application0-0,read> null
<1117,admissions2-0,application0-4,setStatus> null
<1118,admissions2-0,stu1-3application1-3,read> null
<1119,admissions0-1,stu0-2application0-2,setStatus> null
<1120,stu4-16,gradebook4-8,readMyScores> null
<1121,admissions0-1,stu5-6application5-6,read> null
<1122,admissions2-0,stu2-5application2-5,read> null
<1123,registrar0-0,roster0-1,read> null
<1124,admissions4-0,application4-0,setStatus> null
<1125,admissions0-1,stu4-4application4-4,read> null
<1126,chair1,transcript1-14,read> null
<1127,admissions0-0,stu5-13application5-13,read> null
<1128,admissions2-0,stu0-12application0-12,read> null
<1129,admissions4-0,application5-0,setStatus> null
<1130,registrar2-0,transcript2-10,read> null
<1131,admissions4-0,stu1-5application1-5,read> null
<1132,app1-4,application1-4,checkStatus> null
<1133,admissions4-1,stu2-1application2-1,read> null
<1134,admissions2-0,stu1-4application1-4,read> null
<1135,stu3-7,gradebook3-4,addScore> null
<1136,admissions0-1,stu2-9application2-9,read> null
<1137,registrar4-1,transcript1-1,read> null
<1138,admissions0-1,stu4-0application4-0,read> null
<1139,admissions0-0,stu3-1application3-1,setStatus> null
<1140,admissions2-1,stu3-14application3-14,read> null
<1141,registrar4-0,roster5-7,read> null
<1142,stu4-17,gradebook4-8,readMyScores> null
<1143,stu4-17,gradebook4-7,readMyScores> null
<1144,admissions2-0,application0-4,read> null
<1145,admissions2-0,application0-3,setStatus> null
<1146,admissions2-0,application0-2,setStatus> null
<1147,registrar2-0,transcript4-9,read> null
<1148,registrar2-1,roster5-5,read> null
<1149,stu1-9,transcript1-9,read> null
<1150,chair3,transcript3-6,read> null
<1151,stu4-17,gradebook4-4,readMyScores> null
<1152,fac4-2,gradebook4-5,readScore> null
<1153,registrar0-0,roster5-6,write> null
<1154,registrar4-0,transcript2-8,read> null
<1155,admissions2-0,application0-2,read> null
<1156,registrar2-1,transcript0-18,read> null
<1157,admissions2-0,application0-1,setStatus> null
<1158,registrar4-1,transcript0-19,read> null
<1159,registrar2-0,roster2-2,read> null
<1160,registrar4-0,roster0-3,write> null
<1161,admissions2-0,application0-3,read> null
<1162,registrar4-0,transcript0-16,read> null
<1163,admissions2-0,stu5-0application5-0,setStatus> null
<1164,admissions2-1,stu2-16application2-16,read> null
<1165,registrar0-0,roster4-5,write> null
<1166,admissions0-0,stu4-10application4-10,read> null
<1167,registrar2-1,roster3-1,write> null
<1168,admissions2-1,stu2-10application2-10,read> null
<1169,admissions0-1,stu1-0application1-0,setStatus> null
<1170,admissions2-0,application0-0,setStatus> null
<1171,admissions2-1,application0-0,read> null
<1172,admissions2-0,stu2-12application2-12,setStatus> null
<1173,stu2-8,transcript2-8,read> null
<1174,admissions2-1,stu5-8application5-8,setStatus> null
<1175,stu3-15,stu3-15application3-15,checkStatus> null
<1176,admissions2-1,application0-2,read> null
<1177,stu2-8,gradebook2-8,readMyScores> null
<1178,admissions2-1,application0-1,read> null
<1179,stu4-15,gradebook4-9,readMyScores> null
<1180,admissions0-0,stu5-6application5-6,read> null
<1181,admissions0-1,stu0-10application0-10,setStatus> null
<1182,stu0-9,gradebook0-9,readMyScores> null
<1183,stu4-5,gradebook4-2,readMyScores> null
<1184,registrar2-0,transcript5-3,read> null
<1185,registrar0-1,roster2-7,read> null
<1186,registrar2-1,roster0-3,write> null
<1187,admissions2-0,application5-0,read> null
<1188,admissions2-0,stu3-11application3-11,setStatus> null
<1189,admissions4-0,stu3-7application3-7,setStatus> null
<1190,registrar2-0,transcript3-10,read> null
<1191,admissions2-0,stu3-14application3-14,read> null
<1192,registrar4-0,roster0-4,read> null
<1193,admissions2-0,application3-1,read> null
<1194,chair2,transcript2-4,read> null
<1195,stu4-1,transcript4-1,read> null
<1196,stu3-16,stu3-16application3-16,checkStatus> null
<1197,admissions0-0,stu1-9application1-9,read> null
<1198,stu4-16,gradebook4-7,readMyScores> null
<1199,registrar2-0,transcript5-8,read> null
<1200,registrar0-0,roster0-4,read> null
<1201,stu4-16,gradebook4-6,readMyScores> null
<1202,admissions0-0,stu5-3application5-3,setStatus> null
<1203,admissions2-1,stu1-0application1-0,read> null
<1204,admissions2-0,stu3-6application3-6,setStatus> null
<1205,admissions0-0,application0-4,setStatus> null
<1206,admissions4-0,stu5-4application5-4,setStatus> null
<1207,fac4-2,gradebook4-4,changeScore> null
<1208,admissions2-1,application0-0,setStatus> null
<1209,admissions0-0,stu1-6application1-6,setStatus> null
<1210,admissions2-1,application0-2,setStatus> null
<1211,admissions2-1,application0-3,read> null
<1212,admissions2-0,stu1-2application1-2,read> null
<1213,stu1-2,gradebook1-7,addScore> null
<1214,stu4-16,gradebook4-2,readMyScores> null
<1215,registrar0-1,roster1-1,write> null
<1216,admissions4-0,stu3-3application3-3,setStatus> null
<1217,stu3-12,gradebook3-3,readMyScores> null
<1218,stu3-2,stu3-2application3-2,checkStatus> null
<1219,admissions2-1,application0-1,setStatus> null
<1220,registrar4-1,transcript2-14,read> null
<1221,stu3-5,stu3-5application3-5,checkStatus> null
<1222,admissions2-1,application0-4,read> null
<1223,admissions2-1,stu1-2application1-2,setStatus> null
<1224,stu3-17,transcript3-17,read> null
<1225,fac4-2,gradebook4-5,assignGrade> null
<1226,admissions2-1,application0-4,setStatus> null
<1227,registrar0-0,transcript0-11,read> null
<1228,admissions2-1,application0-3,setStatus> null
<1229,admissions4-1,stu4-14application4-14,setStatus> null
<1230,admissions2-1,stu0-17application0-17,read> null
<1231,admissions0-1,stu5-14application5-14,read> null
<1232,fac3-1,roster3-2,read> null
<1233,stu3-9,gradebook3-1,addScore> null
<1234,registrar4-0,transcript3-18,read> null
<1235,admissions4-1,stu3-7application3-7,setStatus> null
<1236,chair4,transcript4-3,read> null
<1237,admissions2-1,stu2-11application2-11,read> null
<1238,chair4,transcript4-1,read> null
<1239,admissions2-0,stu1-15application1-15,read> null
<1240,registrar2-0,roster0-9,read> null
<1241,registrar4-0,transcript4-16,read> null
<1242,stu4-19,gradebook4-1,readMyScores> null
<1243,admissions0-0,stu1-2application1-2,setStatus> null
<1244,stu4-19,gradebook4-3,readMyScores> null
<1245,stu4-19,gradebook4-5,readMyScores> null
<1246,admissions2-1,stu4-4application4-4,setStatus> null
<1247,stu4-19,gradebook4-7,readMyScores> null
<1248,admissions4-0,stu1-7application1-7,read> null
<1249,stu4-17,gradebook4-9,readMyScores> null
<1250,admissions2-0,stu0-9application0-9,setStatus> null
<1251,admissions0-0,stu0-2application0-2,setStatus> null
<1252,registrar4-1,transcript2-16,read> null
<1253,admissions2-0,stu3-15application3-15,setStatus> null
<1254,admissions2-1,stu4-13application4-13,read> null
<1255,admissions2-1,stu0-12application0-12,read> null
<1256,admissions0-0,stu2-18application2-18,read> null
<1257,admissions2-0,stu2-11application2-11,read> null
<1258,registrar4-0,transcript4-14,read> null
<1259,stu4-18,gradebook4-5,readMyScores> null
<1260,stu1-4,gradebook1-8,addScore> null
<1261,stu4-18,gradebook4-2,readMyScores> null
<1262,admissions2-1,stu2-12application2-12,read> null
<1263,stu4-3,transcript4-3,read> null
<1264,registrar0-1,transcript4-1,read> null
<1265,admissions0-0,stu3-15application3-15,read> null
<1266,stu4-18,gradebook4-9,readMyScores> null
<1267,registrar0-0,roster4-1,read> null
<1268,registrar2-1,roster4-3,read> null
<1269,fac2-4,gradebook2-8,addScore> null
<1270,admissions0-0,stu3-10application3-10,setStatus> null
<1271,registrar2-1,roster4-4,read> null
<1272,registrar0-0,transcript0-5,read> null
<1273,registrar2-1,roster4-5,read> null
<1274,registrar2-1,roster4-6,read> null
<1275,admissions0-0,stu4-1application4-1,read> null
<1276,admissions2-0,stu4-8application4-8,setStatus> null
<1277,registrar2-0,transcript4-4,read> null
<1278,chair5,transcript5-6,read> null
<1279,registrar2-1,roster4-1,read> null
<1280,registrar0-1,roster0-8,write> null
<1281,registrar2-1,roster4-2,read> null
<1282,fac0-3,gradebook0-7,addScore> null
<1283,registrar0-1,roster0-9,write> null
<1284,registrar0-1,roster0-7,write> null
<1285,fac2-2,gradebook2-4,addScore> null
<1286,stu1-3,gradebook1-9,readScore> null
<1287,registrar0-1,roster0-4,write> null
<1288,registrar0-1,roster0-5,write> null
<1289,admissions4-1,stu0-17application0-17,read> null
<1290,admissions2-0,stu0-15application0-15,setStatus> null
<1291,registrar0-1,roster0-2,write> null
<1292,registrar2-0,roster0-9,write> null
<1293,admissions0-0,stu5-3application5-3,read> null
<1294,chair1,transcript1-18,read> null
<1295,registrar0-1,roster0-3,write> null
<1296,admissions4-0,stu1-2application1-2,setStatus> null
<1297,admissions4-1,stu1-7application1-7,read> null
<1298,registrar0-1,roster0-1,write> null
<1299,admissions2-0,stu0-0application0-0,read> null
<1300,admissions4-0,stu4-9application4-9,setStatus> null
<1301,admissions0-0,stu3-7application3-7,setStatus> null
<1302,stu4-15,gradebook4-1,readMyScores> null
<1303,registrar2-0,roster4-7,read> null
<1304,registrar2-0,roster4-6,read> null
<1305,admissions0-0,stu4-8application4-8,setStatus> null
<1306,registrar2-0,roster4-9,read> null
<1307,admissions2-1,stu4-17application4-17,read> null
<1308,registrar0-0,transcript2-9,read> null
<1309,admissions4-1,application5-1,setStatus> null
<1310,chair3,transcript3-1,read> null
<1311,stu0-1,transcript0-1,read> null
<1312,stu4-10,stu4-10application4-10,checkStatus> null
<1313,admissions0-0,stu5-16application5-16,read> null
<1314,stu2-0,transcript2-0,read> null
<1315,registrar2-0,roster4-8,read> null
<1316,admissions0-1,stu0-18application0-18,setStatus> null
<1317,registrar2-0,roster4-4,read> null
<1318,registrar2-0,roster4-5,read> null
<1319,registrar2-0,roster4-2,read> null
<1320,registrar2-0,roster4-3,read> null
<1321,admissions0-1,stu3-10application3-10,setStatus> null
<1322,admissions0-1,stu4-10application4-10,setStatus> null
<1323,registrar4-0,transcript4-10,read> null
<1324,registrar2-0,roster4-1,read> null
<1325,admissions2-0,stu0-18application0-18,read> null
<1326,admissions2-1,stu0-15application0-15,setStatus> null
<1327,admissions0-0,stu0-9application0-9,setStatus> null
<1328,admissions4-1,stu1-17application1-17,read> null
<1329,admissions0-0,stu4-1application4-1,setStatus> null
<1330,stu1-19,stu1-19application1-19,checkStatus> null
<1331,admissions2-0,stu2-6application2-6,read> null
<1332,registrar2-1,transcript3-13,read> null
<1333,registrar4-0,transcript1-3,read> null
<1334,stu1-6,gradebook1-6,addScore> null
<1335,admissions2-1,stu1-15application1-15,read> null
<1336,admissions4-1,stu3-1application3-1,setStatus> null
<1337,registrar4-0,transcript0-10,read> null
<1338,registrar0-0,transcript1-11,read> null
<1339,admissions4-1,stu4-13application4-13,read> null
<1340,registrar2-0,transcript2-17,read> null
<1341,admissions4-1,stu4-4application4-4,read> null
<1342,registrar2-1,transcript3-9,read> null
<1343,admissions0-0,stu3-9application3-9,read> null
<1344,registrar4-0,transcript4-2,read> null
<1345,registrar4-0,transcript4-0,read> null
<1346,stu5-17,stu5-17application5-17,checkStatus> null
<1347,admissions0-0,stu5-18application5-18,read> null
<1348,registrar4-0,transcript4-9,read> null
<1349,registrar4-0,transcript4-8,read> null
<1350,registrar4-0,transcript4-7,read> null
<1351,admissions0-0,stu4-15application4-15,setStatus> null
<1352,registrar4-0,transcript4-6,read> null
<1353,registrar4-0,transcript4-4,read> null
<1354,registrar4-0,transcript4-3,read> null
<1355,registrar0-0,transcript0-14,read> null
<1356,admissions4-0,stu3-1application3-1,setStatus> null
<1357,admissions0-0,stu1-3application1-3,setStatus> null
<1358,stu1-7,gradebook1-6,addScore> null
<1359,admissions2-1,stu2-6application2-6,read> null
<1360,registrar0-0,transcript2-5,read> null
<1361,stu0-4,stu0-4application0-4,checkStatus> null
<1362,registrar2-0,transcript0-9,read> null
<1363,registrar0-0,roster0-8,write> null
<1364,registrar4-1,transcript5-5,read> null
<1365,admissions4-0,stu4-13application4-13,read> null
<1366,admissions4-1,stu1-19application1-19,setStatus> null
<1367,registrar0-0,roster0-9,write> null
<1368,admissions0-1,stu4-1application4-1,read> null
<1369,admissions2-1,stu3-18application3-18,read> null
<1370,admissions0-1,stu3-9application3-9,read> null
<1371,registrar4-1,transcript4-14,read> null
<1372,admissions4-0,application4-2,read> null
<1373,admissions0-0,stu4-4application4-4,read> null
<1374,registrar4-1,transcript4-0,read> null
<1375,registrar4-1,transcript4-1,read> null
<1376,registrar4-1,transcript4-2,read> null
<1377,chair3,transcript3-4,read> null
<1378,registrar0-0,roster0-1,write> null
<1379,admissions2-0,stu0-9application0-9,read> null
<1380,registrar4-1,transcript4-3,read> null
<1381,registrar0-0,roster0-2,write> null
<1382,registrar4-0,transcript2-18,read> null
<1383,registrar0-0,roster0-3,write> null
<1384,stu0-0,transcript0-0,read> null
<1385,registrar0-0,roster0-4,write> null
<1386,registrar0-0,roster0-5,write> null
<1387,admissions2-1,stu1-2application1-2,read> null
<1388,registrar0-0,roster0-6,write> null
<1389,admissions0-1,stu5-18application5-18,read> null
<1390,admissions0-1,stu3-8application3-8,setStatus> null
<1391,registrar4-1,transcript4-9,read> null
<1392,admissions2-0,stu0-15application0-15,read> null
<1393,registrar4-1,transcript4-8,read> null
<1394,admissions2-1,stu0-0application0-0,read> null
<1395,fac5-2,gradebook5-4,changeScore> null
<1396,registrar4-1,transcript4-5,read> null
<1397,registrar4-1,transcript4-4,read> null
<1398,registrar4-1,transcript4-7,read> null
<1399,stu4-7,transcript4-7,read> null
<1400,admissions0-1,stu4-15application4-15,setStatus> null
<1401,admissions0-1,stu2-7application2-7,setStatus> null
<1402,admissions2-1,stu0-0application0-0,setStatus> null
<1403,registrar4-0,transcript3-1,read> null
<1404,registrar2-1,roster4-9,read> null
<1405,registrar2-1,roster4-8,read> null
<1406,registrar2-1,roster4-7,read> null
<1407,admissions4-1,stu5-16application5-16,setStatus> null
<1408,admissions0-0,stu4-0application4-0,read> null
<1409,registrar2-1,transcript3-7,read> null
<1410,stu4-9,stu4-9application4-9,checkStatus> null
<1411,registrar2-1,transcript3-8,read> null
<1412,admissions0-0,stu0-1application0-1,setStatus> null
<1413,registrar2-1,transcript3-3,read> null
<1414,admissions4-1,stu0-18application0-18,read> null
<1415,registrar2-0,transcript1-7,read> null
<1416,registrar4-1,roster2-6,read> null
<1417,admissions4-0,stu0-11application0-11,read> null
<1418,registrar2-1,transcript3-4,read> null
<1419,stu4-2,transcript4-2,read> null
<1420,admissions4-1,application0-1,read> null
<1421,registrar2-1,transcript3-5,read> null
<1422,registrar2-1,transcript3-6,read> null
<1423,admissions4-1,stu4-4application4-4,setStatus> null
<1424,fac3-3,gradebook3-6,readScore> null
<1425,fac2-0,gradebook2-1,readScore> null
<1426,registrar4-1,roster5-8,read> null
<1427,registrar0-0,transcript2-6,read> null
<1428,registrar4-1,roster5-9,read> null
<1429,registrar0-0,roster3-5,read> null
<1430,stu2-1,transcript2-1,read> null
<1431,admissions4-0,stu0-12application0-12,read> null
<1432,registrar0-0,roster2-9,write> null
<1433,stu5-10,gradebook5-8,addScore> null
<1434,registrar0-0,roster2-8,write> null
<1435,registrar0-0,roster2-7,write> null
<1436,registrar0-0,roster2-6,write> null
<1437,admissions0-1,stu3-14application3-14,read> null
<1438,registrar0-0,roster2-5,write> null
<1439,registrar2-1,transcript3-0,read> null
<1440,registrar0-0,roster2-4,write> null
<1441,admissions0-1,stu3-12application3-12,setStatus> null
<1442,registrar4-1,roster0-2,read> null
<1443,registrar0-0,roster2-3,write> null
<1444,admissions2-0,stu5-19application5-19,read> null
<1445,registrar2-1,transcript3-2,read> null
<1446,registrar0-0,roster2-2,write> null
<1447,admissions4-1,stu5-19application5-19,read> null
<1448,registrar2-1,transcript3-1,read> null
<1449,admissions0-1,stu3-11application3-11,setStatus> null
<1450,registrar2-0,roster1-1,read> null
<1451,registrar0-0,roster2-1,write> null
<1452,registrar2-0,transcript3-8,read> null
<1453,stu4-11,gradebook4-2,readMyScores> null
<1454,admissions4-0,stu3-11application3-11,setStatus> null
<1455,registrar2-1,roster3-8,write> null
<1456,admissions4-1,stu4-13application4-13,setStatus> null
<1457,admissions0-1,application5-4,setStatus> null
<1458,registrar2-0,transcript3-9,read> null
<1459,registrar2-0,transcript3-6,read> null
<1460,admissions0-0,application3-2,read> null
<1461,admissions4-1,stu4-3application4-3,read> null
<1462,registrar2-0,transcript3-7,read> null
<1463,registrar4-0,roster3-7,write> null
<1464,stu4-8,transcript4-8,read> null
<1465,registrar2-0,transcript3-4,read> null
<1466,fac3-4,gradebook3-9,readScore> null
<1467,stu4-0,gradebook4-9,addScore> null
<1468,admissions4-0,stu4-4application4-4,setStatus> null
<1469,registrar2-0,transcript3-5,read> null
<1470,fac3-4,gradebook3-8,readScore> null
<1471,registrar2-0,transcript3-2,read> null
<1472,registrar2-0,transcript3-3,read> null
<1473,registrar0-1,transcript5-3,read> null
<1474,fac2-1,gradebook2-3,readScore> null
<1475,admissions4-1,stu5-11application5-11,read> null
<1476,admissions0-0,application5-4,read> null
<1477,registrar0-1,transcript3-19,read> null
<1478,fac2-1,gradebook2-2,readScore> null
<1479,fac0-3,roster0-6,read> null
<1480,registrar4-1,roster3-1,read> null
<1481,registrar0-0,roster4-7,write> null
<1482,stu5-11,gradebook5-3,addScore> null
<1483,admissions0-0,stu3-14application3-14,read> null
<1484,registrar0-0,transcript4-11,read> null
<1485,registrar2-1,transcript4-14,read> null
<1486,admissions4-0,application5-2,setStatus> null
<1487,registrar0-0,transcript0-13,read> null
<1488,registrar4-1,roster3-3,read> null
<1489,registrar2-0,transcript3-1,read> null
<1490,registrar2-0,transcript3-0,read> null
<1491,stu4-10,gradebook4-4,readMyScores> null
<1492,stu4-10,gradebook4-5,readMyScores> null
<1493,fac2-1,roster2-2,read> null
<1494,admissions2-1,stu3-4application3-4,read> null
<1495,registrar0-0,roster5-6,read> null
<1496,admissions4-0,stu0-19application0-19,read> null
<1497,registrar4-1,transcript3-13,read> null
<1498,registrar2-0,transcript0-16,read> null
<1499,fac3-1,gradebook3-3,readScore> null
<1500,fac3-1,gradebook3-2,readScore> null
<1501,registrar4-0,roster5-6,read> null
<1502,registrar4-0,roster5-5,read> null
<1503,registrar4-0,roster5-4,read> null
<1504,admissions0-0,stu0-19application0-19,read> null
<1505,registrar2-0,transcript3-14,read> null
<1506,registrar4-0,roster5-3,read> null
<1507,admissions4-1,stu0-11application0-11,setStatus> null
<1508,admissions0-0,stu3-3application3-3,read> null
<1509,admissions0-0,stu5-15application5-15,setStatus> null
<1510,registrar4-0,roster5-2,read> null
<1511,registrar4-0,roster5-1,read> null
<1512,admissions2-0,stu0-7application0-7,setStatus> null
<1513,admissions2-1,stu1-1application1-1,read> null
<1514,admissions2-0,application4-1,setStatus> null
<1515,admissions4-1,stu0-19application0-19,read> null
<1516,admissions4-1,stu1-13application1-13,read> null
<1517,registrar4-0,roster5-8,read> null
<1518,fac3-2,gradebook3-5,readScore> null
<1519,admissions2-1,stu5-13application5-13,read> null
<1520,admissions2-0,stu4-11application4-11,setStatus> null
<1521,admissions4-0,stu4-18application4-18,setStatus> null
<1522,registrar4-1,roster5-5,read> null
<1523,admissions4-0,stu3-18application3-18,setStatus> null
<1524,registrar0-1,roster2-7,write> null
<1525,registrar4-1,roster5-4,read> null
<1526,registrar0-1,roster2-6,write> null
<1527,registrar4-1,roster5-7,read> null
<1528,admissions2-1,stu3-4application3-4,setStatus> null
<1529,stu2-5,stu2-5application2-5,checkStatus> null
<1530,admissions2-0,stu2-9application2-9,setStatus> null
<1531,registrar0-1,roster5-8,read> null
<1532,registrar0-0,roster3-6,write> null
<1533,registrar4-0,transcript5-7,read> null
<1534,stu2-10,gradebook2-5,readMyScores> null
<1535,registrar0-0,transcript4-19,read> null
<1536,registrar0-1,roster2-9,write> null
<1537,admissions4-1,stu1-15application1-15,read> null
<1538,fac2-1,gradebook2-2,assignGrade> null
<1539,registrar4-1,roster5-6,read> null
<1540,admissions2-0,application4-0,read> null
<1541,registrar4-0,transcript5-4,read> null
<1542,registrar0-1,roster2-8,write> null
<1543,registrar4-1,roster5-1,read> null
<1544,fac3-3,gradebook3-6,changeScore> null
<1545,registrar4-1,roster5-3,read> null
<1546,admissions4-0,application2-4,setStatus> null
<1547,stu2-6,stu2-6application2-6,checkStatus> null
<1548,registrar4-1,roster5-2,read> null
<1549,registrar0-1,roster2-1,write> null
<1550,admissions4-0,stu5-19application5-19,read> null
<1551,stu1-1,gradebook1-6,readMyScores> null
<1552,registrar0-1,roster2-3,write> null
<1553,registrar0-1,roster2-2,write> null
<1554,registrar4-1,transcript4-11,read> null
<1555,registrar0-1,roster2-5,write> null
<1556,admissions0-1,stu4-17application4-17,setStatus> null
<1557,registrar0-1,roster2-4,write> null
<1558,admissions0-0,stu0-8application0-8,setStatus> null
<1559,stu5-14,gradebook5-1,addScore> null
<1560,admissions4-0,stu1-13application1-13,read> null
<1561,registrar0-1,transcript2-8,read> null
<1562,registrar0-1,transcript2-10,read> null
<1563,registrar0-1,transcript1-6,read> null
<1564,fac1-0,gradebook1-1,readScore> null
<1565,admissions4-0,stu2-9application2-9,setStatus> null
<1566,app4-3,application4-3,checkStatus> null
<1567,stu4-14,gradebook4-2,readMyScores> null
<1568,admissions2-0,stu2-3application2-3,read> null
<1569,stu4-14,gradebook4-1,readMyScores> null
<1570,stu4-13,gradebook4-5,readMyScores> null
<1571,admissions4-0,stu4-17application4-17,setStatus> null
<1572,stu4-13,gradebook4-7,readMyScores> null
<1573,admissions4-1,stu2-4application2-4,setStatus> null
<1574,fac2-1,gradebook2-2,addScore> null
<1575,admissions0-0,stu0-10application0-10,setStatus> null
<1576,admissions0-0,stu2-14application2-14,setStatus> null
<1577,admissions2-0,stu0-4application0-4,read> null
<1578,registrar4-1,transcript2-10,read> null
<1579,admissions2-0,stu2-10application2-10,read> null
<1580,fac0-4,gradebook0-9,readScore> null
<1581,registrar2-0,transcript0-4,read> null
<1582,fac0-4,gradebook0-8,readScore> null
<1583,registrar0-1,transcript5-5,read> null
<1584,registrar4-1,roster2-5,write> null
<1585,registrar4-1,transcript0-17,read> null
<1586,admissions0-1,stu2-6application2-6,setStatus> null
<1587,stu4-15,gradebook4-2,readMyScores> null
<1588,admissions2-0,stu3-4application3-4,read> null
<1589,registrar2-1,roster1-1,write> null
<1590,stu4-14,gradebook4-7,readMyScores> null
<1591,registrar0-1,transcript0-10,read> null
<1592,admissions4-1,stu4-17application4-17,setStatus> null
<1593,stu4-14,gradebook4-6,readMyScores> null
<1594,admissions2-1,stu4-5application4-5,setStatus> null
<1595,fac1-2,gradebook1-4,readScore> null
<1596,chair5,transcript5-4,read> null
<1597,fac1-2,gradebook1-5,readScore> null
<1598,registrar4-0,transcript5-8,read> null
<1599,admissions0-0,stu5-6application5-6,setStatus> null
<1600,admissions0-0,stu2-6application2-6,setStatus> null
<1601,stu4-11,gradebook4-8,readMyScores> null
<1602,stu4-11,gradebook4-9,readMyScores> null
<1603,admissions0-0,stu1-0application1-0,read> null
<1604,stu2-11,stu2-11application2-11,checkStatus> null
<1605,admissions0-1,stu0-7application0-7,setStatus> null
<1606,admissions4-0,stu4-14application4-14,setStatus> null
<1607,registrar4-1,transcript4-12,read> null
<1608,admissions4-0,stu0-7application0-7,setStatus> null
<1609,admissions4-1,stu5-10application5-10,read> null
<1610,stu1-18,transcript1-18,read> null
<1611,admissions2-0,stu4-5application4-5,setStatus> null
<1612,stu1-9,stu1-9application1-9,checkStatus> null
<1613,stu2-2,transcript2-2,read> null
<1614,admissions0-1,stu3-19application3-19,setStatus> null
<1615,admissions2-1,stu2-8application2-8,read> null
<1616,stu4-13,gradebook4-4,readMyScores> null
<1617,stu4-13,gradebook4-2,readMyScores> null
<1618,admissions2-1,stu5-19application5-19,read> null
<1619,stu4-12,gradebook4-9,readMyScores> null
<1620,chair1,transcript1-12,read> null
<1621,stu4-12,gradebook4-8,readMyScores> null
<1622,stu5-13,gradebook5-6,addScore> null
<1623,admissions4-1,stu0-12application0-12,read> null
<1624,admissions0-1,stu2-14application2-14,setStatus> null
<1625,registrar0-1,transcript3-11,read> null
<1626,admissions0-1,stu0-13application0-13,read> null
<1627,admissions0-0,application0-2,setStatus> null
<1628,admissions4-0,stu2-4application2-4,setStatus> null
<1629,stu1-2,gradebook1-1,readMyScores> null
<1630,admissions4-1,stu5-0application5-0,setStatus> null
<1631,registrar0-1,transcript5-0,read> null
<1632,admissions4-0,stu1-2application1-2,read> null
<1633,fac1-1,gradebook1-2,assignGrade> null
<1634,stu4-0,gradebook4-7,readMyScores> null
<1635,admissions4-1,stu1-16application1-16,setStatus> null
<1636,registrar4-0,roster4-2,write> null
<1637,registrar2-0,roster1-5,read> null
<1638,fac2-2,gradebook2-4,assignGrade> null
<1639,admissions4-0,stu5-0application5-0,setStatus> null
<1640,admissions4-0,stu3-0application3-0,setStatus> null
<1641,registrar4-0,roster4-1,write> null
<1642,registrar4-0,roster4-3,write> null
<1643,admissions4-0,application5-1,setStatus> null
<1644,admissions0-1,stu5-5application5-5,setStatus> null
<1645,admissions4-1,stu5-15application5-15,setStatus> null
<1646,admissions0-0,stu5-19application5-19,setStatus> null
<1647,registrar4-0,roster4-6,write> null
<1648,registrar4-0,roster4-8,write> null
<1649,registrar4-0,transcript3-15,read> null
<1650,registrar4-0,roster4-7,write> null
<1651,admissions2-1,stu3-6application3-6,read> null
<1652,fac3-3,gradebook3-6,addScore> null
<1653,registrar4-0,roster4-9,write> null
<1654,registrar4-1,roster0-7,write> null
<1655,admissions2-0,application5-3,read> null
<1656,registrar0-0,transcript3-17,read> null
<1657,fac3-3,gradebook3-7,addScore> null
<1658,admissions4-0,stu0-15application0-15,setStatus> null
<1659,fac1-4,gradebook1-9,readScore> null
<1660,fac0-1,gradebook0-2,readScore> null
<1661,fac0-1,gradebook0-3,readScore> null
<1662,registrar2-0,roster4-6,write> null
<1663,admissions0-0,stu2-13application2-13,setStatus> null
<1664,admissions4-0,application4-0,read> null
<1665,registrar2-0,roster4-5,write> null
<1666,registrar2-0,roster4-8,write> null
<1667,registrar2-0,roster4-7,write> null
<1668,registrar4-1,transcript5-18,read> null
<1669,admissions2-0,stu3-7application3-7,setStatus> null
<1670,stu0-3,transcript0-3,read> null
<1671,admissions4-1,stu1-6application1-6,read> null
<1672,registrar2-0,roster4-9,write> null
<1673,admissions0-0,stu0-18application0-18,setStatus> null
<1674,app3-4,application3-4,checkStatus> null
<1675,registrar2-1,roster1-7,write> null
<1676,registrar4-1,transcript4-13,read> null
<1677,admissions4-0,stu0-14application0-14,setStatus> null
<1678,fac3-2,gradebook3-5,addScore> null
<1679,admissions0-0,stu2-6application2-6,read> null
<1680,admissions0-0,stu2-4application2-4,setStatus> null
<1681,registrar2-0,roster4-2,write> null
<1682,registrar2-0,roster1-2,write> null
<1683,registrar2-1,transcript1-8,read> null
<1684,registrar2-0,roster4-1,write> null
<1685,registrar2-0,roster4-4,write> null
<1686,fac3-2,gradebook3-4,addScore> null
<1687,registrar2-0,roster4-3,write> null
<1688,admissions4-1,stu0-15application0-15,setStatus> null
<1689,stu5-15,stu5-15application5-15,checkStatus> null
<1690,fac5-3,gradebook5-7,assignGrade> null
<1691,fac1-3,gradebook1-6,readScore> null
<1692,fac0-0,gradebook0-1,readScore> null
<1693,registrar0-0,roster1-6,read> null
<1694,admissions0-1,stu2-13application2-13,setStatus> null
<1695,registrar0-0,roster3-5,write> null
<1696,stu5-11,gradebook5-3,readScore> null
<1697,admissions4-0,stu1-6application1-6,read> null
<1698,fac3-1,gradebook3-2,addScore> null
<1699,admissions0-0,application4-4,setStatus> null
<1700,fac3-1,gradebook3-3,addScore> null
<1701,registrar2-1,transcript4-16,read> null
<1702,admissions0-0,application4-2,setStatus> null
<1703,admissions0-0,stu4-12application4-12,setStatus> null
<1704,admissions0-0,stu4-6application4-6,setStatus> null
<1705,registrar2-1,roster1-2,write> null
<1706,admissions0-0,application4-3,setStatus> null
<1707,admissions0-1,stu2-4application2-4,setStatus> null
<1708,fac0-3,gradebook0-7,readScore> null
<1709,fac1-2,gradebook1-4,addScore> null
<1710,admissions2-1,stu1-13application1-13,setStatus> null
<1711,admissions0-0,stu0-4application0-4,setStatus> null
<1712,fac0-3,gradebook0-6,readScore> null
<1713,registrar4-1,roster4-7,write> null
<1714,registrar4-0,roster1-4,write> null
<1715,registrar4-1,roster4-6,write> null
<1716,registrar0-1,transcript2-11,read> null
<1717,registrar4-1,roster4-4,write> null
<1718,registrar4-1,roster4-3,write> null
<1719,registrar4-1,roster4-2,write> null
<1720,registrar4-1,roster4-1,write> null
<1721,admissions4-1,stu1-2application1-2,read> null
<1722,registrar2-0,roster0-1,write> null
<1723,admissions4-0,stu5-10application5-10,read> null
<1724,stu4-15,gradebook4-7,addScore> null
<1725,admissions0-1,application4-3,setStatus> null
<1726,admissions2-0,stu4-3application4-3,read> null
<1727,admissions4-1,stu4-16application4-16,read> null
<1728,admissions2-1,stu0-5application0-5,setStatus> null
<1729,admissions0-1,application4-4,setStatus> null
<1730,fac3-0,gradebook3-1,addScore> null
<1731,registrar4-1,roster4-9,write> null
<1732,admissions0-1,application4-1,setStatus> null
<1733,registrar4-1,roster4-8,write> null
<1734,admissions0-0,stu1-8application1-8,setStatus> null
<1735,registrar4-0,roster3-5,read> null
<1736,admissions0-1,application4-2,setStatus> null
<1737,registrar0-0,roster1-8,read> null
<1738,admissions4-0,stu2-4application2-4,read> null
<1739,registrar4-0,transcript2-6,read> null
<1740,fac0-2,gradebook0-4,readScore> null
<1741,stu2-6,transcript2-6,read> null
<1742,fac0-2,gradebook0-5,readScore> null
<1743,admissions2-0,stu0-19application0-19,setStatus> null
<1744,registrar0-1,transcript0-1,read> null
<1745,admissions4-0,application0-0,setStatus> null
<1746,admissions4-0,application0-1,setStatus> null
<1747,admissions4-1,stu2-4application2-4,read> null
<1748,admissions4-0,application0-4,setStatus> null
<1749,fac2-4,gradebook2-9,readScore> null
<1750,admissions4-0,application0-2,setStatus> null
<1751,admissions0-0,stu4-16application4-16,read> null
<1752,fac2-4,gradebook2-8,readScore> null
<1753,admissions4-0,application0-3,setStatus> null
<1754,admissions2-1,stu0-19application0-19,setStatus> null
<1755,registrar2-0,transcript0-14,read> null
<1756,admissions0-1,stu1-12application1-12,setStatus> null
<1757,fac0-3,gradebook0-6,addScore> null
<1758,admissions2-0,stu4-4application4-4,read> null
<1759,admissions2-0,stu1-0application1-0,setStatus> null
<1760,fac3-0,gradebook3-1,readScore> null
<1761,stu5-14,transcript5-14,read> null
<1762,stu2-18,stu2-18application2-18,checkStatus> null
<1763,admissions2-0,stu3-5application3-5,setStatus> null
<1764,admissions4-1,application0-0,setStatus> null
<1765,registrar0-0,transcript0-9,read> null
<1766,admissions4-1,application0-1,setStatus> null
<1767,registrar2-0,transcript0-1,read> null
<1768,fac1-4,gradebook1-9,addScore> null
<1769,admissions4-1,application0-2,setStatus> null
<1770,admissions4-1,application0-3,setStatus> null
<1771,admissions4-1,application0-4,setStatus> null
<1772,admissions4-0,stu1-4application1-4,setStatus> null
<1773,registrar4-0,roster1-6,write> null
<1774,admissions0-1,application0-0,setStatus> null
<1775,registrar2-1,transcript5-1,read> null
<1776,stu2-6,gradebook2-4,readScore> null
<1777,admissions0-1,stu1-5application1-5,read> null
<1778,registrar0-1,transcript0-17,read> null
<1779,admissions0-1,stu2-6application2-6,read> null
<1780,admissions0-0,stu4-4application4-4,setStatus> null
<1781,admissions2-1,stu4-4application4-4,read> null
<1782,admissions4-0,stu0-4application0-4,read> null
<1783,stu2-16,gradebook2-3,readMyScores> null
<1784,admissions2-0,stu0-10application0-10,read> null
<1785,registrar4-1,transcript4-18,read> null
<1786,registrar4-1,transcript3-6,read> null
<1787,admissions0-0,stu3-18application3-18,setStatus> null
<1788,admissions0-1,stu2-3application2-3,setStatus> null
<1789,admissions2-1,stu3-7application3-7,setStatus> null
<1790,admissions0-0,stu3-6application3-6,setStatus> null
<1791,fac2-2,gradebook2-4,readScore> null
<1792,admissions2-0,application4-3,read> null
<1793,registrar2-1,transcript2-10,read> null
<1794,admissions2-1,stu1-0application1-0,setStatus> null
<1795,registrar2-0,transcript4-17,read> null
<1796,chair3,transcript3-3,read> null
<1797,admissions4-1,stu4-15application4-15,read> null
<1798,registrar2-1,transcript4-0,read> null
<1799,admissions0-0,stu4-8application4-8,read> null
<1800,fac3-4,gradebook3-8,addScore> null
<1801,registrar4-1,transcript2-11,read> null
<1802,fac3-4,gradebook3-9,addScore> null
<1803,admissions0-1,stu3-18application3-18,setStatus> null
<1804,admissions4-0,stu4-3application4-3,read> null
<1805,fac2-3,gradebook2-6,readScore> null
<1806,admissions0-1,stu0-1application0-1,setStatus> null
<1807,admissions2-0,stu1-19application1-19,setStatus> null
<1808,chair1,transcript1-3,read> null
<1809,fac2-3,gradebook2-7,readScore> null
<1810,admissions0-1,stu4-8application4-8,read> null
<1811,admissions4-1,application3-2,read> null
<1812,admissions4-1,application3-3,read> null
<1813,admissions4-1,stu4-3application4-3,setStatus> null
<1814,admissions0-1,stu3-0application3-0,setStatus> null
<1815,admissions0-1,application5-1,setStatus> null
<1816,admissions4-1,stu0-4application0-4,read> null
<1817,admissions0-1,stu4-6application4-6,read> null
<1818,admissions2-1,stu4-2application4-2,setStatus> null
<1819,admissions4-1,application3-1,read> null
<1820,admissions4-1,application3-0,read> null
<1821,admissions0-1,stu3-3application3-3,read> null
<1822,admissions4-0,application3-1,read> null
<1823,chair1,transcript1-17,read> null
<1824,fac0-3,gradebook0-6,assignGrade> null
<1825,stu0-18,gradebook0-6,readMyScores> null
<1826,admissions4-0,application3-2,read> null
<1827,admissions4-0,application3-3,read> null
<1828,admissions4-0,application3-4,read> null
<1829,admissions4-1,stu3-2application3-2,read> null
<1830,registrar2-1,roster3-2,write> null
<1831,admissions0-0,stu4-6application4-6,read> null
<1832,admissions2-0,stu0-2application0-2,setStatus> null
<1833,registrar4-1,transcript5-6,read> null
<1834,admissions4-1,stu2-9application2-9,read> null
<1835,admissions0-0,stu0-5application0-5,setStatus> null
<1836,admissions4-0,application3-0,read> null
<1837,admissions4-0,stu1-0application1-0,read> null
<1838,admissions2-0,stu0-11application0-11,setStatus> null
<1839,admissions4-0,stu3-2application3-2,read> null
<1840,admissions4-0,stu5-16application5-16,read> null
<1841,admissions2-0,stu0-17application0-17,read> null
<1842,fac1-2,gradebook1-5,addScore> null
<1843,chair5,transcript5-17,read> null
<1844,chair5,transcript5-18,read> null
<1845,chair5,transcript5-15,read> null
<1846,chair5,transcript5-19,read> null
<1847,chair5,transcript5-10,read> null
<1848,stu4-9,gradebook4-1,readMyScores> null
<1849,admissions2-0,stu2-9application2-9,read> null
<1850,chair5,transcript5-13,read> null
<1851,chair5,transcript5-14,read> null
<1852,chair5,transcript5-11,read> null
<1853,fac1-3,gradebook1-6,addScore> null
<1854,fac1-3,gradebook1-7,addScore> null
<1855,admissions0-1,stu5-2application5-2,setStatus> null
<1856,admissions4-1,stu0-14application0-14,setStatus> null
<1857,stu5-11,gradebook5-5,readMyScores> null
<1858,admissions0-1,stu0-3application0-3,read> null
<1859,stu5-11,gradebook5-7,readMyScores> null
<1860,admissions0-0,stu5-2application5-2,setStatus> null
<1861,stu5-11,gradebook5-9,readMyScores> null
<1862,stu1-4,gradebook1-8,readScore> null
<1863,admissions4-0,stu2-11application2-11,setStatus> null
<1864,admissions4-1,stu0-3application0-3,setStatus> null
<1865,admissions2-0,stu3-18application3-18,read> null
<1866,admissions2-0,stu5-15application5-15,read> null
<1867,admissions4-0,stu3-11application3-11,read> null
<1868,registrar2-1,transcript0-0,read> null
<1869,registrar2-1,roster3-3,write> null
<1870,registrar2-1,roster3-4,write> null
<1871,registrar2-1,roster3-5,write> null
<1872,stu5-12,gradebook5-4,readMyScores> null
<1873,stu5-12,gradebook5-2,readMyScores> null
<1874,stu1-15,transcript1-15,read> null
<1875,stu5-12,gradebook5-3,readMyScores> null
<1876,admissions4-0,stu0-4application0-4,setStatus> null
<1877,admissions4-1,stu0-14application0-14,read> null
<1878,registrar2-1,roster3-7,write> null
<1879,registrar2-1,roster3-9,write> null
<1880,admissions0-1,stu1-8application1-8,read> null
<1881,admissions4-0,stu4-7application4-7,read> null
<1882,admissions0-0,stu3-17application3-17,setStatus> null
<1883,registrar2-0,roster3-1,write> null
<1884,admissions0-1,stu2-0application2-0,read> null
<1885,admissions0-0,stu4-2application4-2,setStatus> null
<1886,app0-1,application0-1,checkStatus> null
<1887,registrar2-0,roster5-6,read> null
<1888,registrar2-0,roster3-4,write> null
<1889,registrar2-0,roster3-5,write> null
<1890,registrar2-0,roster3-2,write> null
<1891,admissions2-1,stu0-13application0-13,read> null
<1892,stu2-15,gradebook2-9,addScore> null
<1893,admissions2-0,stu1-7application1-7,setStatus> null
<1894,registrar2-0,roster3-3,write> null
<1895,admissions4-0,stu1-12application1-12,read> null
<1896,registrar2-0,roster3-8,write> null
<1897,registrar2-0,roster3-9,write> null
<1898,admissions0-1,stu2-7application2-7,read> null
<1899,fac4-4,gradebook4-9,changeScore> null
<1900,registrar2-0,roster3-7,write> null
<1901,admissions4-1,stu0-4application0-4,setStatus> null
<1902,admissions0-1,stu5-19application5-19,setStatus> null
<1903,registrar2-1,transcript4-13,read> null
<1904,registrar2-0,roster0-6,read> null
<1905,admissions2-1,stu1-4application1-4,setStatus> null
<1906,admissions4-0,stu5-8application5-8,setStatus> null
<1907,admissions4-0,stu5-18application5-18,setStatus> null
<1908,registrar0-0,transcript5-8,read> null
<1909,stu1-0,gradebook1-3,readScore> null
<1910,admissions0-0,stu2-14application2-14,read> null
<1911,admissions0-1,stu0-6application0-6,read> null
<1912,admissions4-1,stu4-7application4-7,read> null
<1913,stu5-10,gradebook5-3,readMyScores> null
<1914,admissions2-1,stu2-1application2-1,read> null
<1915,admissions2-0,stu3-8application3-8,read> null
<1916,admissions2-0,stu0-13application0-13,read> null
<1917,stu5-10,gradebook5-5,readMyScores> null
<1918,admissions0-0,stu0-3application0-3,read> null
<1919,admissions0-0,stu2-7application2-7,read> null
<1920,registrar2-1,roster5-2,write> null
<1921,admissions4-1,stu1-12application1-12,read> null
<1922,admissions0-0,stu3-6application3-6,read> null
<1923,registrar4-1,transcript4-16,read> null
<1924,admissions4-1,stu5-18application5-18,setStatus> null
<1925,registrar2-0,transcript0-15,read> null
<1926,admissions2-0,stu4-7application4-7,read> null
<1927,admissions4-0,stu5-1application5-1,setStatus> null
<1928,admissions0-0,stu5-4application5-4,read> null
<1929,registrar4-1,roster1-8,write> null
<1930,admissions0-1,application1-3,setStatus> null
<1931,registrar2-1,transcript4-1,read> null
<1932,admissions2-0,application1-0,read> null
<1933,stu5-15,gradebook5-8,readMyScores> null
<1934,stu5-15,gradebook5-6,readMyScores> null
<1935,admissions2-0,stu5-15application5-15,setStatus> null
<1936,registrar2-1,roster5-9,read> null
<1937,stu5-15,gradebook5-5,readMyScores> null
<1938,admissions2-0,application1-3,read> null
<1939,admissions0-0,stu0-6application0-6,read> null
<1940,registrar0-0,transcript4-8,read> null
<1941,admissions2-0,application1-4,read> null
<1942,admissions2-0,application1-1,read> null
<1943,stu5-16,gradebook5-2,readMyScores> null
<1944,admissions2-0,application1-2,read> null
<1945,stu5-16,gradebook5-3,readMyScores> null
<1946,admissions0-1,stu2-14application2-14,read> null
<1947,admissions2-1,stu2-12application2-12,setStatus> null
<1948,stu5-19,gradebook5-4,addScore> null
<1949,admissions2-1,stu4-7application4-7,read> null
<1950,admissions2-0,stu0-10application0-10,setStatus> null
<1951,admissions0-1,application2-1,read> null
<1952,admissions0-1,stu5-4application5-4,read> null
<1953,chair0,transcript0-6,read> null
<1954,admissions0-1,stu1-1application1-1,read> null
<1955,registrar0-1,roster1-8,read> null
<1956,admissions2-0,application5-3,setStatus> null
<1957,admissions2-1,application1-1,read> null
<1958,registrar2-1,transcript3-15,read> null
<1959,stu5-16,gradebook5-9,readMyScores> null
<1960,admissions2-1,application1-0,read> null
<1961,stu5-16,gradebook5-8,readMyScores> null
<1962,admissions2-1,application1-2,read> null
<1963,registrar4-0,transcript1-0,read> null
<1964,stu5-17,gradebook5-3,readMyScores> null
<1965,admissions2-1,application1-3,read> null
<1966,admissions2-1,application1-4,read> null
<1967,fac3-3,roster3-6,read> null
<1968,admissions2-1,stu2-5application2-5,setStatus> null
<1969,stu5-17,gradebook5-1,readMyScores> null
<1970,app0-3,application0-3,checkStatus> null
<1971,admissions2-0,stu2-16application2-16,setStatus> null
<1972,registrar0-1,transcript5-8,read> null
<1973,admissions4-1,stu3-14application3-14,read> null
<1974,admissions0-0,stu4-14application4-14,setStatus> null
<1975,stu5-13,gradebook5-5,readMyScores> null
<1976,stu5-13,gradebook5-4,readMyScores> null
<1977,admissions0-1,stu1-16application1-16,setStatus> null
<1978,stu1-5,gradebook1-7,readMyScores> null
<1979,stu5-13,gradebook5-3,readMyScores> null
<1980,registrar0-0,roster1-9,read> null
<1981,registrar2-0,roster1-4,write> null
<1982,admissions2-0,stu2-5application2-5,setStatus> null
<1983,fac1-4,gradebook1-8,assignGrade> null
<1984,admissions0-0,stu2-8application2-8,setStatus> null
<1985,chair3,transcript3-7,read> null
<1986,registrar0-1,transcript4-14,read> null
<1987,registrar0-1,roster1-5,read> null
<1988,admissions2-1,stu2-16application2-16,setStatus> null
<1989,admissions4-0,stu5-17application5-17,setStatus> null
<1990,registrar0-1,roster1-6,read> null
<1991,chair3,transcript3-5,read> null
<1992,admissions4-1,stu1-19application1-19,read> null
<1993,registrar0-1,roster1-7,read> null
<1994,chair3,transcript3-2,read> null
<1995,stu5-14,gradebook5-2,readMyScores> null
<1996,admissions0-0,application2-0,setStatus> null
<1997,stu5-14,gradebook5-3,readMyScores> null
<1998,registrar0-1,roster1-1,read> null
<1999,registrar2-1,roster1-4,write> null
<2000,admissions4-1,stu3-11application3-11,read> null
<2001,chair3,transcript3-0,read> null
<2002,registrar0-1,roster1-2,read> null
<2003,registrar0-1,roster1-3,read> null
<2004,stu5-17,gradebook5-7,addScore> null
<2005,registrar4-0,transcript2-9,read> null
<2006,admissions4-0,stu0-3application0-3,setStatus> null
<2007,stu3-2,transcript3-2,read> null
<2008,admissions2-1,stu5-15application5-15,setStatus> null
<2009,admissions0-0,stu1-16application1-16,setStatus> null
<2010,registrar2-1,transcript5-4,read> null
<2011,registrar4-1,transcript3-15,read> null
<2012,registrar4-0,transcript1-4,read> null
<2013,stu5-14,gradebook5-7,readMyScores> null
<2014,admissions4-1,stu5-1application5-1,setStatus> null
<2015,registrar2-1,transcript4-4,read> null
<2016,registrar0-0,roster1-5,read> null
<2017,registrar0-0,roster1-1,read> null
<2018,stu5-15,gradebook5-2,readMyScores> null
<2019,registrar0-0,roster1-2,read> null
<2020,admissions4-1,stu2-12application2-12,setStatus> null
<2021,fac0-2,roster0-4,read> null
<2022,registrar2-1,roster3-8,read> null
<2023,registrar0-1,roster1-2,write> null
<2024,registrar0-0,transcript4-17,read> null
<2025,chair1,transcript1-16,read> null
<2026,admissions0-0,stu0-15application0-15,setStatus> null
<2027,app4-2,application4-2,checkStatus> null
<2028,admissions0-0,stu5-0application5-0,setStatus> null
<2029,registrar0-1,roster1-5,write> null
<2030,registrar0-1,roster1-6,write> null
<2031,stu5-19,gradebook5-9,readMyScores> null
<2032,registrar0-1,roster1-4,write> null
<2033,registrar2-1,roster3-1,read> null
<2034,registrar2-1,roster3-2,read> null
<2035,registrar0-1,roster1-7,write> null
<2036,admissions0-1,stu5-12application5-12,read> null
<2037,registrar0-1,roster1-8,write> null
<2038,registrar2-1,roster3-5,read> null
<2039,admissions2-1,application5-4,setStatus> null
<2040,registrar2-1,roster3-6,read> null
<2041,registrar2-1,transcript3-10,read> null
<2042,admissions2-1,stu4-9application4-9,read> null
<2043,registrar2-1,roster3-7,read> null
<2044,registrar2-0,roster3-7,read> null
<2045,registrar2-0,roster3-9,read> null
<2046,admissions0-0,stu0-0application0-0,read> null
<2047,registrar2-1,transcript1-7,read> null
<2048,admissions0-1,stu0-15application0-15,setStatus> null
<2049,admissions4-0,stu1-19application1-19,setStatus> null
<2050,registrar2-0,roster3-1,read> null
<2051,registrar4-1,roster4-8,read> null
<2052,registrar2-0,roster3-2,read> null
<2053,admissions0-0,stu5-12application5-12,read> null
<2054,registrar0-0,roster3-7,read> null
<2055,registrar2-0,roster3-6,read> null
<2056,registrar2-0,roster3-3,read> null
<2057,registrar4-0,transcript2-16,read> null
<2058,registrar2-0,roster3-4,read> null
<2059,admissions2-0,stu1-9application1-9,read> null
<2060,admissions0-0,stu4-19application4-19,setStatus> null
<2061,admissions2-1,stu2-18application2-18,read> null
<2062,stu5-17,gradebook5-8,readMyScores> null
<2063,registrar4-0,transcript5-0,read> null
<2064,registrar0-0,transcript1-5,read> null
<2065,admissions2-0,stu2-18application2-18,read> null
<2066,admissions4-1,stu3-8application3-8,setStatus> null
<2067,stu5-18,gradebook5-3,readMyScores> null
<2068,stu5-18,gradebook5-5,readMyScores> null
<2069,registrar4-0,transcript5-6,read> null
<2070,stu5-18,gradebook5-9,readMyScores> null
<2071,admissions2-1,stu4-0application4-0,setStatus> null
<2072,stu2-1,gradebook2-3,readScore> null
<2073,stu2-14,gradebook2-2,readMyScores> null
<2074,registrar4-1,transcript5-1,read> null
<2075,registrar4-1,transcript5-2,read> null
<2076,admissions2-0,stu4-2application4-2,setStatus> null
<2077,stu0-2,stu0-2application0-2,checkStatus> null
<2078,stu5-19,gradebook5-2,readMyScores> null
<2079,registrar4-1,transcript5-3,read> null
<2080,stu5-19,gradebook5-3,readMyScores> null
<2081,registrar4-1,transcript5-7,read> null
<2082,registrar2-0,transcript3-15,read> null
<2083,stu5-19,gradebook5-8,readMyScores> null
<2084,admissions4-1,stu2-6application2-6,setStatus> null
<2085,registrar4-1,transcript5-9,read> null
<2086,registrar2-0,transcript5-1,read> null
<2087,stu5-1,gradebook5-2,readMyScores> null
<2088,registrar0-1,transcript4-5,read> null
<2089,stu5-1,gradebook5-9,readMyScores> null
<2090,stu3-13,gradebook3-8,readMyScores> null
<2091,stu3-13,gradebook3-9,readMyScores> null
<2092,stu5-1,gradebook5-7,readMyScores> null
<2093,registrar4-0,roster3-9,read> null
<2094,admissions0-1,stu0-12application0-12,read> null
<2095,admissions4-0,stu0-1application0-1,setStatus> null
<2096,admissions2-0,stu5-0application5-0,read> null
<2097,stu3-14,gradebook3-5,readMyScores> null
<2098,admissions2-0,stu2-7application2-7,read> null
<2099,stu3-14,gradebook3-6,readMyScores> null
<2100,registrar4-0,transcript0-14,read> null
<2101,stu3-14,gradebook3-1,readMyScores> null
<2102,registrar0-0,transcript0-18,read> null
<2103,stu5-0,gradebook5-1,readMyScores> null
<2104,registrar2-0,transcript1-2,read> null
<2105,admissions0-1,stu4-12application4-12,setStatus> null
<2106,admissions2-1,stu1-8application1-8,read> null
<2107,stu5-0,gradebook5-7,readMyScores> null
<2108,stu3-14,gradebook3-9,readMyScores> null
<2109,admissions4-1,stu0-10application0-10,setStatus> null
<2110,stu1-15,gradebook1-8,addScore> null
<2111,registrar0-0,transcript1-9,read> null
<2112,admissions2-1,stu2-6application2-6,setStatus> null
<2113,stu3-15,gradebook3-7,readMyScores> null
<2114,admissions4-1,stu4-6application4-6,read> null
<2115,stu3-15,gradebook3-2,readMyScores> null
<2116,stu3-15,gradebook3-1,readMyScores> null
<2117,admissions0-1,stu3-16application3-16,read> null
<2118,admissions0-1,stu1-14application1-14,setStatus> null
<2119,stu1-12,gradebook1-3,addScore> null
<2120,admissions4-0,stu4-10application4-10,setStatus> null
<2121,admissions4-0,stu2-17application2-17,setStatus> null
<2122,admissions2-0,stu3-18application3-18,setStatus> null
<2123,stu3-16,gradebook3-3,readMyScores> null
<2124,registrar4-0,roster3-3,write> null
<2125,stu3-16,gradebook3-6,readMyScores> null
<2126,stu0-2,transcript0-2,read> null
<2127,registrar2-1,roster5-4,read> null
<2128,admissions4-0,stu0-9application0-9,setStatus> null
<2129,registrar4-1,roster3-1,write> null
<2130,admissions2-0,application3-0,read> null
<2131,registrar4-1,roster3-2,write> null
<2132,admissions0-0,stu1-14application1-14,setStatus> null
<2133,admissions4-0,stu4-16application4-16,setStatus> null
<2134,admissions0-0,stu3-16application3-16,read> null
<2135,admissions0-0,stu3-13application3-13,read> null
<2136,registrar0-0,transcript4-6,read> null
<2137,registrar4-1,roster3-4,write> null
<2138,registrar4-1,roster3-5,write> null
<2139,registrar4-1,roster3-7,write> null
<2140,registrar4-1,roster3-8,write> null
<2141,registrar4-1,roster3-9,write> null
<2142,admissions0-1,stu1-9application1-9,read> null
<2143,admissions4-0,stu3-14application3-14,setStatus> null
<2144,admissions4-1,stu2-17application2-17,setStatus> null
<2145,stu3-17,gradebook3-4,readMyScores> null
<2146,stu3-17,gradebook3-3,readMyScores> null
<2147,stu1-10,gradebook1-6,addScore> null
<2148,stu3-10,gradebook3-2,readMyScores> null
<2149,admissions4-1,stu2-10application2-10,setStatus> null
<2150,admissions2-1,stu0-3application0-3,setStatus> null
<2151,admissions4-1,stu4-10application4-10,setStatus> null
<2152,admissions0-1,stu1-13application1-13,read> null
<2153,registrar2-1,roster0-5,read> null
<2154,admissions2-0,stu4-10application4-10,setStatus> null
<2155,admissions0-0,stu2-10application2-10,setStatus> null
<2156,registrar4-1,transcript1-5,read> null
<2157,stu3-10,gradebook3-5,readMyScores> null
<2158,stu3-11,gradebook3-3,readMyScores> null
<2159,registrar4-1,transcript3-4,read> null
<2160,registrar2-0,roster2-5,read> null
<2161,admissions2-0,stu1-3application1-3,setStatus> null
<2162,registrar0-0,transcript1-8,read> null
<2163,admissions2-1,stu1-17application1-17,setStatus> null
<2164,admissions2-1,stu5-11application5-11,read> null
<2165,admissions0-0,stu4-13application4-13,read> null
<2166,admissions2-1,stu5-16application5-16,read> null
<2167,stu4-16,gradebook4-5,addScore> null
<2168,fac0-4,gradebook0-9,changeScore> null
<2169,admissions0-0,stu0-16application0-16,read> null
<2170,admissions0-0,application1-1,setStatus> null
<2171,admissions0-0,application1-2,setStatus> null
<2172,admissions0-0,application1-3,setStatus> null
<2173,admissions0-0,application1-4,setStatus> null
<2174,stu3-11,gradebook3-6,readMyScores> null
<2175,registrar4-0,roster4-3,read> null
<2176,admissions0-1,stu2-10application2-10,setStatus> null
<2177,registrar4-0,roster4-2,read> null
<2178,admissions2-1,stu4-10application4-10,setStatus> null
<2179,registrar4-0,roster4-7,read> null
<2180,admissions2-0,application4-0,setStatus> null
<2181,stu1-2,gradebook1-7,readScore> null
<2182,registrar4-0,roster4-6,read> null
<2183,registrar4-0,roster4-5,read> null
<2184,registrar4-0,roster4-4,read> null
<2185,stu4-1,gradebook4-7,addScore> null
<2186,stu1-8,gradebook1-1,readMyScores> null
<2187,registrar2-0,transcript4-5,read> null
<2188,stu3-12,gradebook3-1,readMyScores> null
<2189,admissions0-0,stu2-12application2-12,read> null
<2190,registrar0-1,transcript4-12,read> null
<2191,stu3-4,gradebook3-5,readMyScores> null
<2192,admissions4-0,stu4-6application4-6,read> null
<2193,admissions4-0,stu4-13application4-13,setStatus> null
<2194,admissions2-0,stu2-6application2-6,setStatus> null
<2195,admissions0-0,stu4-14application4-14,read> null
<2196,admissions0-0,application1-0,setStatus> null
<2197,admissions4-1,stu2-0application2-0,setStatus> null
<2198,registrar0-1,transcript5-7,read> null
<2199,admissions0-1,application1-4,setStatus> null
<2200,admissions2-0,stu5-17application5-17,setStatus> null
<2201,admissions0-1,application1-2,setStatus> null
<2202,admissions2-0,stu5-16application5-16,read> null
<2203,registrar4-1,roster4-2,read> null
<2204,registrar4-1,roster4-1,read> null
<2205,stu3-12,gradebook3-7,readMyScores> null
<2206,stu3-12,gradebook3-6,readMyScores> null
<2207,registrar4-1,roster4-3,read> null
<2208,registrar4-1,roster4-6,read> null
<2209,admissions0-1,stu5-16application5-16,read> null
<2210,registrar4-1,transcript1-7,read> null
<2211,registrar4-1,roster4-7,read> null
<2212,admissions4-1,stu2-10application2-10,read> null
<2213,stu5-2,gradebook5-2,readScore> null
<2214,registrar2-1,transcript0-7,read> null
<2215,registrar0-0,transcript3-15,read> null
<2216,registrar4-0,roster4-8,read> null
<2217,stu3-13,gradebook3-3,readMyScores> null
<2218,stu3-13,gradebook3-4,readMyScores> null
<2219,admissions4-0,stu5-12application5-12,read> null
<2220,admissions4-0,stu2-10application2-10,setStatus> null
<2221,admissions2-0,stu0-3application0-3,setStatus> null
<2222,admissions0-1,stu4-14application4-14,read> null
<2223,admissions4-1,stu0-8application0-8,setStatus> null
<2224,admissions0-1,application1-1,setStatus> null
<2225,admissions0-1,application1-0,setStatus> null
<2226,registrar2-0,transcript4-16,read> null
<2227,registrar0-0,roster3-2,write> null
<2228,registrar4-0,transcript2-15,read> null
<2229,registrar2-1,transcript4-15,read> null
<2230,chair4,transcript4-5,read> null
<2231,registrar2-0,transcript4-14,read> null
<2232,admissions4-0,stu0-6application0-6,read> null
<2233,admissions4-1,application2-2,setStatus> null
<2234,stu4-9,gradebook4-2,readScore> null
<2235,admissions4-1,stu3-6application3-6,setStatus> null
<2236,admissions0-1,stu0-0application0-0,setStatus> null
<2237,admissions2-0,stu4-0application4-0,read> null
<2238,admissions0-1,application2-4,setStatus> null
<2239,admissions2-1,stu5-16application5-16,setStatus> null
<2240,stu1-16,gradebook1-5,readScore> null
<2241,admissions4-0,stu0-8application0-8,read> null
<2242,admissions2-0,stu4-19application4-19,setStatus> null
<2243,admissions0-0,stu4-9application4-9,setStatus> null
<2244,registrar4-1,transcript2-9,read> null
<2245,admissions2-1,stu1-10application1-10,read> null
<2246,admissions2-1,application3-1,read> null
<2247,admissions4-0,stu1-1application1-1,read> null
<2248,admissions2-1,stu5-18application5-18,read> null
<2249,registrar4-0,roster3-5,write> null
<2250,fac4-2,gradebook4-4,assignGrade> null
<2251,admissions0-1,stu1-8application1-8,setStatus> null
<2252,chair0,transcript0-9,read> null
<2253,registrar4-1,transcript2-13,read> null
<2254,registrar4-0,roster1-4,read> null
<2255,admissions0-1,application3-1,read> null
<2256,registrar2-1,transcript4-11,read> null
<2257,stu5-9,gradebook5-4,readMyScores> null
<2258,registrar2-1,transcript4-12,read> null
<2259,registrar4-1,transcript2-12,read> null
<2260,stu5-9,gradebook5-9,readMyScores> null
<2261,admissions2-1,stu5-3application5-3,read> null
<2262,stu5-9,gradebook5-1,readMyScores> null
<2263,stu2-15,gradebook2-1,readMyScores> null
<2264,registrar4-1,transcript2-15,read> null
<2265,registrar4-1,transcript2-18,read> null
<2266,stu1-15,gradebook1-8,readScore> null
<2267,registrar0-1,roster3-1,read> null
<2268,admissions2-1,stu4-19application4-19,setStatus> null
<2269,registrar4-1,transcript1-17,read> null
<2270,registrar4-0,roster0-9,read> null
<2271,admissions4-0,stu3-5application3-5,setStatus> null
<2272,admissions2-0,stu5-16application5-16,setStatus> null
<2273,admissions2-0,stu5-11application5-11,read> null
<2274,admissions2-0,stu5-18application5-18,read> null
<2275,admissions2-1,stu0-2application0-2,setStatus> null
<2276,admissions0-1,stu4-9application4-9,setStatus> null
<2277,admissions2-0,stu1-10application1-10,read> null
<2278,stu5-8,gradebook5-8,readMyScores> null
<2279,stu5-8,gradebook5-7,readMyScores> null
<2280,admissions2-1,stu0-19application0-19,read> null
<2281,registrar2-0,roster5-8,write> null
<2282,chair4,transcript4-7,read> null
<2283,registrar0-1,transcript3-16,read> null
<2284,admissions4-1,stu1-3application1-3,read> null
<2285,registrar0-1,transcript1-0,read> null
<2286,registrar0-1,transcript1-2,read> null
<2287,admissions4-1,stu3-5application3-5,setStatus> null
<2288,registrar0-1,transcript1-1,read> null
<2289,registrar0-1,transcript1-7,read> null
<2290,stu5-7,gradebook5-6,readMyScores> null
<2291,registrar0-1,transcript1-8,read> null
<2292,registrar0-1,transcript1-3,read> null
<2293,admissions0-0,stu1-13application1-13,read> null
<2294,chair0,transcript0-2,read> null
<2295,stu5-7,gradebook5-9,readMyScores> null
<2296,registrar0-1,transcript1-5,read> null
<2297,fac4-4,gradebook4-9,addScore> null
<2298,admissions4-0,stu1-16application1-16,read> null
<2299,registrar0-0,transcript1-0,read> null
<2300,registrar2-0,transcript5-5,read> null
<2301,registrar4-0,transcript4-15,read> null
<2302,admissions2-1,stu4-0application4-0,read> null
<2303,admissions2-1,stu4-16application4-16,read> null
<2304,stu2-6,gradebook2-9,readMyScores> null
<2305,registrar0-0,transcript1-6,read> null
<2306,stu5-6,gradebook5-9,readMyScores> null
<2307,registrar4-0,roster2-7,write> null
<2308,registrar0-0,transcript1-3,read> null
<2309,fac2-2,roster2-5,read> null
<2310,registrar2-0,transcript4-11,read> null
<2311,registrar4-0,transcript2-11,read> null
<2312,stu5-6,gradebook5-2,readMyScores> null
<2313,registrar4-0,transcript2-12,read> null
<2314,admissions4-1,stu1-16application1-16,read> null
<2315,registrar0-1,transcript0-18,read> null
<2316,stu3-18,gradebook3-8,readMyScores> null
<2317,admissions4-0,stu3-16application3-16,setStatus> null
<2318,stu1-12,gradebook1-3,readScore> null
<2319,admissions4-1,stu5-6application5-6,setStatus> null
<2320,admissions2-0,stu0-16application0-16,read> null
<2321,registrar2-1,transcript0-8,read> null
<2322,registrar2-1,transcript0-9,read> null
<2323,stu4-12,gradebook4-1,addScore> null
<2324,registrar2-1,transcript0-6,read> null
<2325,stu3-18,gradebook3-1,readMyScores> null
<2326,stu5-5,gradebook5-1,readMyScores> null
<2327,registrar2-1,roster5-1,read> null
<2328,registrar2-1,transcript0-5,read> null
<2329,fac5-4,gradebook5-8,readScore> null
<2330,stu5-5,gradebook5-3,readMyScores> null
<2331,registrar2-0,transcript5-7,read> null
<2332,registrar0-0,transcript4-3,read> null
<2333,registrar4-0,roster3-9,write> null
<2334,registrar0-0,roster0-6,read> null
<2335,registrar2-1,transcript0-4,read> null
<2336,registrar4-0,roster3-8,write> null
<2337,admissions0-1,stu3-17application3-17,read> null
<2338,registrar2-1,transcript0-3,read> null
<2339,registrar2-0,roster5-1,read> null
<2340,admissions4-0,stu5-15application5-15,read> null
<2341,stu5-5,gradebook5-6,readMyScores> null
<2342,registrar4-0,roster3-4,write> null
<2343,stu5-5,gradebook5-8,readMyScores> null
<2344,stu1-18,gradebook1-9,addScore> null
<2345,registrar4-0,roster3-6,write> null
<2346,admissions2-1,stu1-17application1-17,read> null
<2347,registrar4-0,roster3-1,write> null
<2348,registrar4-0,roster3-2,write> null
<2349,admissions4-1,stu3-16application3-16,setStatus> null
<2350,stu3-19,gradebook3-5,readMyScores> null
<2351,stu3-19,gradebook3-6,readMyScores> null
<2352,stu3-19,gradebook3-8,readMyScores> null
<2353,admissions4-0,stu1-3application1-3,read> null
<2354,admissions2-0,stu5-14application5-14,read> null
<2355,registrar2-0,transcript0-5,read> null
<2356,registrar2-1,roster5-3,write> null
<2357,registrar2-0,transcript0-7,read> null
<2358,registrar2-0,transcript0-8,read> null
<2359,registrar2-0,transcript0-0,read> null
<2360,registrar2-0,transcript0-2,read> null
<2361,admissions0-1,stu2-9application2-9,setStatus> null
<2362,stu5-4,gradebook5-4,readMyScores> null
<2363,registrar2-0,transcript0-3,read> null
<2364,admissions2-1,stu0-8application0-8,read> null
<2365,stu5-4,gradebook5-9,readMyScores> null
<2366,admissions0-0,application1-3,read> null
<2367,registrar4-0,roster3-8,read> null
<2368,stu2-13,gradebook2-7,readMyScores> null
<2369,admissions0-0,application1-4,read> null
<2370,admissions0-0,application1-1,read> null
<2371,stu1-10,gradebook1-6,readScore> null
<2372,admissions0-0,application1-2,read> null
<2373,admissions0-0,application1-0,read> null
<2374,admissions2-0,application5-0,setStatus> null
<2375,registrar4-1,roster2-4,read> null
<2376,admissions4-1,stu4-11application4-11,setStatus> null
<2377,stu4-10,gradebook4-9,addScore> null
<2378,admissions4-1,stu3-12application3-12,read> null
<2379,stu5-3,gradebook5-8,readMyScores> null
<2380,stu5-3,gradebook5-5,readMyScores> null
<2381,registrar0-0,transcript4-10,read> null
<2382,registrar4-0,roster3-4,read> null
<2383,stu5-3,gradebook5-7,readMyScores> null
<2384,admissions0-1,application1-4,read> null
<2385,admissions0-1,application1-0,read> null
<2386,registrar0-1,transcript3-8,read> null
<2387,admissions0-1,application1-1,read> null
<2388,admissions0-1,application1-2,read> null
<2389,admissions4-1,stu0-6application0-6,read> null
<2390,admissions0-1,application1-3,read> null
<2391,admissions2-1,stu5-0application5-0,read> null
<2392,admissions0-0,stu2-11application2-11,read> null
<2393,admissions4-0,stu4-11application4-11,setStatus> null
<2394,registrar0-1,roster3-3,read> null
<2395,stu5-2,gradebook5-1,readMyScores> null
<2396,admissions4-1,stu5-15application5-15,read> null
<2397,admissions4-0,stu0-17application0-17,setStatus> null
<2398,admissions0-0,stu0-12application0-12,read> null
<2399,stu5-2,gradebook5-7,readMyScores> null
<2400,registrar4-1,roster0-6,write> null
<2401,admissions2-0,stu1-17application1-17,read> null
<2402,stu5-2,gradebook5-4,readMyScores> null
<2403,admissions4-0,stu5-15application5-15,setStatus> null
<2404,registrar4-1,transcript1-3,read> null
<2405,admissions4-0,stu3-19application3-19,read> null
<2406,admissions2-1,stu4-18application4-18,setStatus> null
<2407,registrar4-1,transcript1-6,read> null
<2408,admissions2-1,stu3-11application3-11,setStatus> null
<2409,admissions2-1,stu3-3application3-3,read> null
<2410,registrar4-1,transcript1-0,read> null
<2411,admissions2-0,application2-4,read> null
<2412,admissions2-1,stu4-5application4-5,read> null
<2413,registrar4-1,transcript1-8,read> null
<2414,admissions2-0,application3-1,setStatus> null
<2415,fac2-2,gradebook2-5,assignGrade> null
<2416,admissions2-0,application2-1,read> null
<2417,registrar0-1,transcript4-17,read> null
<2418,admissions2-0,application2-0,read> null
<2419,admissions4-1,stu5-4application5-4,read> null
<2420,admissions2-0,application2-3,read> null
<2421,admissions4-1,stu5-4application5-4,setStatus> null
<2422,admissions0-1,stu3-13application3-13,read> null
<2423,admissions2-0,application2-2,read> null
<2424,registrar4-0,transcript1-5,read> null
<2425,registrar0-0,transcript0-0,read> null
<2426,admissions2-1,application2-0,read> null
<2427,registrar4-0,transcript1-2,read> null
<2428,admissions4-1,stu5-5application5-5,setStatus> null
<2429,admissions2-1,application2-4,read> null
<2430,registrar4-0,transcript1-8,read> null
<2431,stu3-0,gradebook3-5,readScore> null
<2432,admissions4-1,stu0-9application0-9,read> null
<2433,admissions2-1,application2-3,read> null
<2434,registrar4-0,transcript1-7,read> null
<2435,admissions2-1,application2-2,read> null
<2436,admissions2-1,application2-1,read> null
<2437,stu1-10,gradebook1-2,readMyScores> null
<2438,admissions2-1,stu5-17application5-17,read> null
<2439,admissions4-0,stu3-17application3-17,read> null
<2440,admissions0-1,stu3-14application3-14,setStatus> null
<2441,registrar2-1,transcript3-16,read> null
<2442,admissions0-1,stu0-19application0-19,setStatus> null
<2443,admissions4-0,stu2-18application2-18,read> null
<2444,admissions4-1,stu3-9application3-9,read> null
<2445,stu3-8,gradebook3-9,readMyScores> null
<2446,admissions4-0,stu5-5application5-5,setStatus> null
<2447,stu3-8,gradebook3-8,readMyScores> null
<2448,stu3-8,gradebook3-5,readMyScores> null
<2449,stu3-8,gradebook3-1,readMyScores> null
<2450,registrar0-1,transcript2-18,read> null
<2451,admissions4-0,stu2-13application2-13,read> null
<2452,admissions4-1,stu3-17application3-17,read> null
<2453,admissions2-0,stu5-17application5-17,read> null
<2454,admissions0-0,stu0-19application0-19,setStatus> null
<2455,admissions4-0,application4-3,setStatus> null
<2456,registrar0-1,transcript5-9,read> null
<2457,registrar0-1,transcript4-9,read> null
<2458,admissions0-0,stu3-14application3-14,setStatus> null
<2459,admissions4-1,stu0-13application0-13,setStatus> null
<2460,stu3-9,gradebook3-7,readMyScores> null
<2461,admissions2-0,stu3-3application3-3,read> null
<2462,admissions2-0,stu4-18application4-18,setStatus> null
<2463,stu3-9,gradebook3-3,readMyScores> null
<2464,fac0-1,gradebook0-3,changeScore> null
<2465,stu3-9,gradebook3-5,readMyScores> null
<2466,admissions4-0,stu5-4application5-4,read> null
<2467,admissions0-1,stu2-8application2-8,setStatus> null
<2468,stu2-0,gradebook2-1,readMyScores> null
<2469,admissions4-1,application4-0,read> null
<2470,stu3-6,gradebook3-5,readMyScores> null
<2471,stu3-6,gradebook3-4,readMyScores> null
<2472,registrar4-1,transcript5-12,read> null
<2473,registrar4-1,transcript5-13,read> null
<2474,stu3-6,gradebook3-9,readMyScores> null
<2475,admissions2-1,stu5-10application5-10,read> null
<2476,registrar0-0,transcript2-8,read> null
<2477,registrar4-1,transcript5-10,read> null
<2478,registrar0-0,transcript2-7,read> null
<2479,registrar4-1,transcript5-11,read> null
<2480,registrar0-0,transcript2-2,read> null
<2481,registrar4-1,transcript5-16,read> null
<2482,registrar4-0,transcript3-12,read> null
<2483,registrar0-0,transcript2-1,read> null
<2484,registrar4-1,transcript5-17,read> null
<2485,registrar4-1,transcript5-14,read> null
<2486,registrar2-0,transcript5-19,read> null
<2487,stu2-10,gradebook2-2,readMyScores> null
<2488,registrar0-0,transcript2-3,read> null
<2489,fac4-3,gradebook4-6,readScore> null
<2490,stu2-10,gradebook2-3,readMyScores> null
<2491,registrar4-0,transcript5-19,read> null
<2492,registrar4-0,transcript5-18,read> null
<2493,registrar2-0,transcript3-16,read> null
<2494,admissions4-0,application5-3,setStatus> null
<2495,registrar0-0,transcript2-0,read> null
<2496,registrar4-0,transcript5-17,read> null
<2497,admissions4-1,application4-3,read> null
<2498,registrar4-1,roster1-3,read> null
<2499,admissions0-1,stu4-16application4-16,setStatus> null
<2500,stu4-19,stu4-19application4-19,checkStatus> null
<2501,admissions2-1,stu3-15application3-15,setStatus> null
<2502,admissions4-1,application4-4,read> null
<2503,stu2-17,gradebook2-8,readScore> null
<2504,admissions4-1,application4-1,read> null
<2505,fac4-4,roster4-9,read> null
<2506,stu3-7,gradebook3-3,readMyScores> null
<2507,admissions4-1,stu1-11application1-11,setStatus> null
<2508,registrar4-0,roster0-5,read> null
<2509,registrar2-1,transcript5-13,read> null
<2510,stu3-7,gradebook3-2,readMyScores> null
<2511,stu3-7,gradebook3-9,readMyScores> null
<2512,registrar4-0,transcript5-10,read> null
<2513,registrar0-1,transcript2-7,read> null
<2514,registrar4-0,transcript5-11,read> null
<2515,admissions2-0,stu5-10application5-10,read> null
<2516,registrar0-1,transcript2-6,read> null
<2517,registrar4-1,transcript3-12,read> null
<2518,fac2-3,gradebook2-7,assignGrade> null
<2519,registrar4-0,transcript5-12,read> null
<2520,stu2-11,gradebook2-2,readMyScores> null
<2521,registrar0-1,transcript2-5,read> null
<2522,registrar4-1,roster2-6,write> null
<2523,stu3-16,gradebook3-4,addScore> null
<2524,registrar4-0,transcript5-13,read> null
<2525,stu2-11,gradebook2-3,readMyScores> null
<2526,registrar4-1,transcript0-1,read> null
<2527,registrar0-1,transcript2-4,read> null
<2528,registrar4-0,transcript5-14,read> null
<2529,admissions4-0,stu5-3application5-3,setStatus> null
<2530,stu2-11,gradebook2-4,readMyScores> null
<2531,registrar0-1,transcript2-3,read> null
<2532,registrar2-1,transcript5-3,read> null
<2533,registrar4-0,transcript5-15,read> null
<2534,registrar0-1,transcript2-2,read> null
<2535,registrar4-0,transcript5-16,read> null
<2536,registrar0-1,transcript2-0,read> null
<2537,admissions4-1,stu2-18application2-18,read> null
<2538,admissions4-1,stu3-19application3-19,setStatus> null
<2539,registrar4-0,roster0-8,read> null
<2540,admissions2-1,stu1-4application1-4,read> null
<2541,admissions0-0,stu5-16application5-16,setStatus> null
<2542,admissions4-0,stu4-9application4-9,read> null
<2543,admissions4-0,application4-1,read> null
<2544,admissions4-0,application4-3,read> null
<2545,admissions2-0,stu5-13application5-13,read> null
<2546,admissions4-0,application4-4,read> null
<2547,registrar2-0,transcript0-18,read> null
<2548,registrar0-1,transcript3-5,read> null
<2549,registrar4-0,transcript2-2,read> null
<2550,registrar2-0,roster0-8,write> null
<2551,registrar2-0,roster0-7,write> null
<2552,registrar4-0,transcript2-4,read> null
<2553,stu3-4,gradebook3-2,readMyScores> null
<2554,registrar2-0,roster0-6,write> null
<2555,registrar2-0,roster0-3,read> null
<2556,registrar4-0,transcript2-3,read> null
<2557,registrar2-0,roster0-5,write> null
<2558,registrar2-0,roster0-4,write> null
<2559,registrar0-1,roster5-2,read> null
<2560,registrar2-0,roster0-3,write> null
<2561,registrar2-0,roster0-2,write> null
<2562,admissions4-0,stu2-0application2-0,setStatus> null
<2563,admissions2-1,stu0-10application0-10,read> null
<2564,admissions2-1,stu5-18application5-18,setStatus> null
<2565,registrar2-0,transcript0-11,read> null
<2566,stu3-4,gradebook3-9,readMyScores> null
<2567,stu3-4,gradebook3-6,readMyScores> null
<2568,registrar4-0,transcript2-5,read> null
<2569,stu2-15,gradebook2-9,readScore> null
<2570,registrar4-0,transcript2-7,read> null
<2571,registrar4-1,transcript2-5,read> null
<2572,registrar4-1,transcript2-4,read> null
<2573,stu3-5,gradebook3-2,readMyScores> null
<2574,registrar4-1,transcript2-3,read> null
<2575,registrar4-0,transcript1-19,read> null
<2576,stu1-18,gradebook1-9,readScore> null
<2577,stu3-5,gradebook3-5,readMyScores> null
<2578,registrar4-1,transcript2-2,read> null
<2579,stu3-5,gradebook3-4,readMyScores> null
<2580,registrar4-1,transcript2-0,read> null
<2581,admissions2-0,stu5-18application5-18,setStatus> null
<2582,stu3-15,transcript3-15,read> null
<2583,admissions2-0,stu1-12application1-12,read> null
<2584,stu3-5,gradebook3-9,readMyScores> null
<2585,registrar4-1,transcript2-6,read> null
<2586,registrar4-1,transcript4-15,read> null
<2587,registrar4-0,transcript0-0,read> null
<2588,admissions0-0,stu4-16application4-16,setStatus> null
<2589,admissions2-0,stu4-5application4-5,read> null
<2590,admissions4-0,stu0-5application0-5,read> null
<2591,admissions2-0,application2-0,setStatus> null
<2592,admissions0-1,stu3-2application3-2,read> null
<2593,chair4,transcript4-0,read> null
<2594,admissions2-0,application2-1,setStatus> null
<0,stu3-2,gradebook3-3,readMyScores> null
<1,admissions0-1,stu5-6application5-6,setStatus> null
<2,stu3-2,gradebook3-4,readMyScores> null
<3,admissions4-1,stu2-9application2-9,setStatus> null
<4,stu3-2,gradebook3-8,readMyScores> null
<5,admissions2-1,stu2-9application2-9,read> null
<6,admissions2-0,application2-4,setStatus> null
<7,registrar0-0,transcript2-19,read> null
<8,admissions2-0,application2-3,setStatus> null
<9,stu4-4,gradebook4-5,readMyScores> null
<10,admissions2-0,application2-2,setStatus> null
<11,registrar2-1,roster2-6,read> null
<12,admissions0-0,stu2-9application2-9,read> null
<13,stu2-14,gradebook2-1,readMyScores> null
<14,stu2-14,gradebook2-6,readScore> null
<15,registrar2-1,roster0-1,write> null
<16,admissions2-1,application2-0,setStatus> null
<17,registrar0-0,transcript3-12,read> null
<18,admissions2-1,application2-1,setStatus> null
<19,admissions2-1,application2-2,setStatus> null
<20,registrar4-1,roster4-9,read> null
<21,stu3-3,gradebook3-6,readMyScores> null
<22,admissions2-0,stu4-16application4-16,setStatus> null
<23,admissions2-0,stu0-19application0-19,read> null
<24,stu2-15,gradebook2-3,readMyScores> null
<25,stu3-3,gradebook3-5,readMyScores> null
<26,stu2-15,gradebook2-7,readMyScores> null
<27,registrar2-1,roster0-4,write> null
<28,admissions2-1,application2-4,setStatus> null
<29,registrar2-1,roster0-5,write> null
<30,admissions2-1,application2-3,setStatus> null
<31,admissions4-0,stu4-1application4-1,setStatus> null
<32,stu2-15,gradebook2-2,readMyScores> null
<33,registrar2-1,roster0-8,write> null
<34,admissions0-0,stu5-13application5-13,setStatus> null
<35,stu3-3,gradebook3-3,readMyScores> null
<36,registrar2-1,roster0-9,write> null
<37,registrar2-1,roster0-6,write> null
<38,registrar0-1,roster0-9,read> null
<39,admissions4-0,stu3-13application3-13,setStatus> null
<40,stu2-11,gradebook2-6,readScore> null
<41,admissions2-1,stu2-9application2-9,setStatus> null
<42,stu1-10,transcript1-10,read> null
<43,admissions0-0,stu2-15application2-15,setStatus> null
<44,admissions0-1,application3-3,read> null
<45,admissions2-0,stu1-10application1-10,setStatus> null
<46,stu2-12,gradebook2-5,readMyScores> null
<47,registrar0-1,roster4-8,read> null
<48,admissions4-0,stu0-16application0-16,setStatus> null
<49,stu2-12,gradebook2-2,readMyScores> null
<50,stu3-0,gradebook3-4,readMyScores> null
<51,admissions0-0,stu3-2application3-2,read> null
<52,registrar4-0,roster0-5,write> null
<53,chair0,transcript0-5,read> null
<54,chair0,transcript0-4,read> null
<55,registrar0-1,roster5-6,write> null
<56,admissions0-1,stu5-11application5-11,read> null
<57,admissions0-1,stu2-15application2-15,setStatus> null
<58,registrar0-0,roster3-8,write> null
<59,registrar4-1,transcript5-19,read> null
<60,fac4-1,gradebook4-2,readScore> null
<61,stu3-1,gradebook3-8,readMyScores> null
<62,stu3-1,gradebook3-6,readMyScores> null
<63,stu2-13,gradebook2-3,readMyScores> null
<64,admissions0-0,stu3-3application3-3,setStatus> null
<65,admissions4-1,stu3-4application3-4,setStatus> null
<66,fac0-4,gradebook0-8,assignGrade> null
<67,registrar2-0,roster2-8,read> null
<68,registrar2-0,roster2-9,read> null
<69,stu2-18,gradebook2-1,readMyScores> null
<70,admissions0-0,stu3-8application3-8,setStatus> null
<71,stu2-18,gradebook2-6,readMyScores> null
<72,registrar2-1,roster2-5,read> null
<73,admissions0-1,application5-3,setStatus> null
<74,admissions4-0,stu3-4application3-4,setStatus> null
<75,admissions0-1,stu0-9application0-9,read> null
<76,registrar0-1,transcript4-18,read> null
<77,stu2-18,gradebook2-8,readMyScores> null
<78,registrar2-1,roster2-8,read> null
<79,registrar2-1,roster2-7,read> null
<80,registrar2-1,roster2-2,read> null
<81,admissions0-1,stu5-2application5-2,read> null
<82,registrar2-1,roster2-4,read> null
<83,registrar0-0,transcript0-12,read> null
<84,registrar2-1,roster2-3,read> null
<85,stu2-10,gradebook2-6,readScore> null
<86,stu2-19,gradebook2-1,readMyScores> null
<87,stu2-19,gradebook2-6,readMyScores> null
<88,registrar2-0,transcript5-0,read> null
<89,admissions4-0,stu1-15application1-15,setStatus> null
<90,admissions4-1,stu5-13application5-13,setStatus> null
<91,registrar2-0,roster2-7,read> null
<92,registrar2-0,roster2-6,read> null
<93,registrar2-0,roster2-4,read> null
<94,registrar2-0,roster2-3,read> null
<95,registrar2-0,roster2-1,read> null
<96,stu1-6,gradebook1-6,readScore> null
<97,admissions2-1,stu3-10application3-10,read> null
<98,registrar0-1,roster0-1,read> null
<99,registrar0-1,roster0-2,read> null
<100,registrar0-1,roster0-4,read> null
<101,admissions0-1,application5-3,read> null
<102,registrar0-1,roster0-6,read> null
<103,registrar0-1,roster0-8,read> null
<104,registrar0-0,roster0-9,read> null
<105,registrar2-1,transcript0-12,read> null
<106,admissions4-0,stu5-13application5-13,setStatus> null
<107,admissions2-1,stu5-6application5-6,read> null
<108,stu2-16,gradebook2-2,readMyScores> null
<109,admissions0-1,stu4-12application4-12,read> null
<110,stu2-16,gradebook2-8,readMyScores> null
<111,stu2-16,gradebook2-9,readMyScores> null
<112,registrar2-1,roster2-9,read> null
<113,admissions2-0,stu3-10application3-10,read> null
<114,registrar0-0,roster0-3,read> null
<115,admissions2-0,stu1-6application1-6,setStatus> null
<116,registrar0-0,roster0-7,read> null
<117,registrar0-0,roster0-5,read> null
<118,stu2-17,gradebook2-3,readMyScores> null
<119,admissions2-0,stu5-6application5-6,read> null
<120,admissions4-1,stu2-18application2-18,setStatus> null
<121,admissions0-0,stu5-2application5-2,read> null
<122,stu2-17,gradebook2-7,readMyScores> null
<123,stu1-7,gradebook1-6,readScore> null
<124,stu2-17,gradebook2-6,readMyScores> null
<125,registrar2-1,transcript1-1,read> null
<126,registrar2-1,transcript1-2,read> null
<127,stu5-7,gradebook5-1,readScore> null
<128,registrar2-1,transcript1-3,read> null
<129,registrar4-0,roster2-9,write> null
<130,registrar2-1,transcript1-4,read> null
<131,fac5-4,gradebook5-9,changeScore> null
<132,admissions0-0,stu4-0application4-0,setStatus> null
<133,registrar2-1,transcript1-0,read> null
<134,admissions0-0,stu1-15application1-15,read> null
<135,registrar4-0,roster2-3,write> null
<136,registrar4-0,roster2-4,write> null
<137,registrar4-0,roster2-1,write> null
<138,registrar4-0,roster2-2,write> null
<139,registrar4-0,roster2-8,write> null
<140,admissions0-0,stu0-13application0-13,read> null
<141,admissions0-1,stu4-0application4-0,setStatus> null
<142,registrar4-0,roster2-5,write> null
<143,registrar4-0,roster2-6,write> null
<144,registrar2-1,transcript1-9,read> null
<145,registrar2-0,transcript1-3,read> null
<146,registrar2-0,transcript1-0,read> null
<147,registrar2-0,transcript1-1,read> null
<148,admissions0-1,stu3-5application3-5,read> null
<149,admissions4-0,stu2-5application2-5,setStatus> null
<150,admissions2-0,stu5-11application5-11,setStatus> null
<151,registrar2-1,roster1-9,write> null
<152,fac4-4,roster4-8,read> null
<153,registrar2-0,transcript1-8,read> null
<154,registrar2-0,transcript1-5,read> null
<155,registrar2-0,transcript1-4,read> null
<156,admissions4-1,stu2-3application2-3,setStatus> null
<157,admissions0-0,application2-4,setStatus> null
<158,stu5-9,gradebook5-5,readScore> null
<159,admissions0-0,application2-1,setStatus> null
<160,admissions0-0,application2-3,setStatus> null
<161,registrar2-0,transcript2-11,read> null
<162,stu4-3,gradebook4-4,readScore> null
<163,admissions0-0,application2-2,setStatus> null
<164,admissions4-1,stu5-7application5-7,read> null
<165,admissions4-1,stu4-7application4-7,setStatus> null
<166,admissions0-0,application5-2,read> null
<167,admissions0-1,application2-3,setStatus> null
<168,admissions0-1,application2-2,setStatus> null
<169,admissions0-1,application2-1,setStatus> null
<170,registrar4-1,roster2-7,write> null
<171,admissions4-1,stu4-5application4-5,setStatus> null
<172,registrar4-1,roster2-8,write> null
<173,registrar4-1,roster2-9,write> null
<174,registrar4-1,roster2-2,write> null
<175,admissions4-0,stu5-7application5-7,read> null
<176,registrar4-1,roster2-3,write> null
<177,registrar4-1,roster2-4,write> null
<178,fac5-0,gradebook5-1,readScore> null
<179,app2-3,application2-3,checkStatus> null
<180,admissions0-1,application2-0,setStatus> null
<181,admissions4-1,stu5-11application5-11,setStatus> null
<182,admissions4-0,stu4-5application4-5,setStatus> null
<183,admissions2-1,stu0-11application0-11,setStatus> null
<184,admissions0-1,stu4-13application4-13,read> null
<185,admissions4-0,stu5-11application5-11,setStatus> null
<186,admissions4-0,stu2-3application2-3,setStatus> null
<187,admissions4-0,stu1-17application1-17,read> null
<188,admissions0-1,stu2-3application2-3,read> null
<189,admissions2-1,stu0-9application0-9,setStatus> null
<190,admissions0-1,stu1-18application1-18,read> null
<191,admissions0-1,stu4-2application4-2,read> null
<192,admissions0-0,stu2-3application2-3,read> null
<193,admissions0-0,stu1-18application1-18,read> null
<194,admissions4-1,stu5-3application5-3,setStatus> null
<195,admissions2-1,stu3-8application3-8,setStatus> null
<196,admissions2-1,stu1-7application1-7,setStatus> null
<197,admissions2-1,stu5-1application5-1,read> null
<198,admissions2-0,stu1-16application1-16,setStatus> null
<199,admissions2-0,stu2-13application2-13,setStatus> null
<200,admissions2-1,stu1-7application1-7,read> null
<201,admissions2-0,stu3-8application3-8,setStatus> null
<202,admissions0-0,application0-3,read> null
<203,admissions0-0,application0-2,read> null
<204,admissions0-0,application0-1,read> null
<205,stu3-4,stu3-4application3-4,checkStatus> null
<206,admissions0-0,application0-0,read> null
<207,registrar0-1,transcript0-0,read> null
<208,registrar0-1,transcript0-3,read> null
<209,admissions2-1,stu3-2application3-2,read> null
<210,registrar0-1,transcript0-2,read> null
<211,admissions0-0,application0-4,read> null
<212,admissions2-1,stu1-16application1-16,read> null
<213,admissions2-0,stu5-1application5-1,read> null
<214,registrar0-1,transcript0-4,read> null
<215,registrar0-1,transcript0-5,read> null
<216,registrar0-1,transcript0-7,read> null
<217,stu1-6,gradebook1-3,readMyScores> null
<218,admissions2-0,stu1-7application1-7,read> null
<219,stu1-9,gradebook1-9,readMyScores> null
<220,registrar0-1,transcript0-9,read> null
<221,admissions2-0,stu4-6application4-6,read> null
<222,stu2-0,gradebook2-6,readMyScores> null
<223,admissions0-1,application0-1,read> null
<224,admissions0-1,application0-4,read> null
<225,admissions0-1,application0-3,read> null
<226,registrar0-0,transcript0-1,read> null
<227,admissions2-1,stu3-6application3-6,setStatus> null
<228,stu5-0,gradebook5-5,readScore> null
<229,admissions4-0,stu2-1application2-1,read> null
<230,admissions2-0,stu1-16application1-16,read> null
<231,admissions2-1,stu0-1application0-1,read> null
<232,registrar2-0,transcript0-13,read> null
<233,registrar0-0,transcript0-6,read> null
<234,registrar0-0,transcript0-4,read> null
<235,registrar0-0,transcript0-7,read> null
<236,admissions2-1,stu4-6application4-6,read> null
<237,registrar0-0,transcript0-8,read> null
<238,admissions0-1,application0-0,read> null
<239,registrar2-1,transcript2-19,read> null
<240,registrar2-1,transcript2-18,read> null
<241,registrar4-1,transcript0-18,read> null
<242,registrar4-1,transcript0-15,read> null
<243,registrar0-0,transcript4-1,read> null
<244,registrar0-1,transcript4-16,read> null
<245,admissions4-1,stu5-3application5-3,read> null
<246,registrar4-1,transcript0-16,read> null
<247,admissions2-1,stu2-4application2-4,read> null
<248,registrar2-1,transcript2-13,read> null
<249,admissions2-1,stu1-1application1-1,setStatus> null
<250,admissions0-1,stu2-18application2-18,setStatus> null
<251,admissions4-0,stu4-7application4-7,setStatus> null
<252,registrar0-0,transcript4-16,read> null
<253,registrar2-0,transcript2-16,read> null
<254,registrar4-0,transcript0-18,read> null
<255,registrar2-0,transcript2-19,read> null
<256,registrar0-0,transcript4-12,read> null
<257,registrar2-0,transcript2-12,read> null
<258,registrar4-0,transcript0-12,read> null
<259,registrar0-0,transcript4-13,read> null
<260,registrar4-0,transcript0-13,read> null
<261,registrar2-0,transcript2-15,read> null
<262,registrar4-0,transcript0-15,read> null
<263,registrar0-1,transcript4-10,read> null
<264,registrar4-1,transcript0-10,read> null
<265,registrar2-1,transcript2-12,read> null
<266,registrar2-1,roster1-6,write> null
<267,registrar4-1,transcript0-12,read> null
<268,registrar0-1,transcript4-11,read> null
<269,registrar4-1,transcript0-11,read> null
<270,admissions4-1,stu2-5application2-5,setStatus> null
<271,admissions2-0,stu2-4application2-4,read> null
<272,admissions2-0,stu2-8application2-8,read> null
<273,registrar4-1,transcript0-0,read> null
<274,registrar4-1,transcript0-2,read> null
<275,registrar4-1,transcript0-3,read> null
<276,registrar4-1,transcript0-4,read> null
<277,registrar4-1,transcript0-5,read> null
<278,admissions4-1,stu1-5application1-5,setStatus> null
<279,registrar4-1,transcript0-6,read> null
<280,stu1-2,gradebook1-5,readMyScores> null
<281,admissions0-1,stu5-19application5-19,read> null
<282,registrar4-1,transcript0-8,read> null
<283,admissions2-0,application3-2,read> null
<284,admissions0-1,stu2-10application2-10,read> null
<285,admissions2-0,application3-4,read> null
<286,fac2-4,gradebook2-9,assignGrade> null
<287,admissions2-0,application3-3,read> null
<288,registrar4-0,transcript0-1,read> null
<289,stu1-3,gradebook1-8,readMyScores> null
<290,registrar4-0,transcript0-5,read> null
<291,registrar4-0,transcript0-6,read> null
<292,registrar2-1,transcript1-15,read> null
<293,admissions4-0,stu5-16application5-16,setStatus> null
<294,registrar4-0,transcript0-3,read> null
<295,registrar4-0,transcript0-4,read> null
<296,stu1-3,gradebook1-2,readMyScores> null
<297,stu1-3,gradebook1-3,readMyScores> null
<298,admissions2-1,stu1-12application1-12,read> null
<299,admissions0-0,stu5-14application5-14,read> null
<300,admissions2-1,application3-3,read> null
<301,stu3-1,gradebook3-1,readScore> null
<302,admissions2-1,application3-2,read> null
<303,registrar4-0,transcript0-9,read> null
<304,registrar4-0,transcript0-8,read> null
<305,admissions2-1,application3-0,read> null
<306,admissions2-1,stu0-15application0-15,read> null
<307,registrar0-1,transcript4-4,read> null
<308,registrar4-0,transcript0-7,read> null
<309,admissions0-0,stu0-9application0-9,read> null
<310,admissions2-1,application3-4,read> null
<311,stu1-4,gradebook1-7,readMyScores> null
<312,stu1-4,gradebook1-2,readMyScores> null
<313,registrar4-0,roster0-6,write> null
<314,admissions2-1,stu1-19application1-19,setStatus> null
<315,admissions2-1,stu2-19application2-19,read> null
<316,admissions2-1,stu0-14application0-14,read> null
<317,stu1-5,gradebook1-8,readMyScores> null
<318,admissions4-1,stu2-8application2-8,setStatus> null
<319,admissions4-1,stu4-18application4-18,setStatus> null
<320,stu1-5,gradebook1-1,readMyScores> null
<321,admissions0-0,stu5-19application5-19,read> null
<322,admissions0-0,stu0-7application0-7,setStatus> null
<323,admissions4-0,stu1-19application1-19,read> null
<324,stu1-18,gradebook1-4,readMyScores> null
<325,admissions2-0,stu2-19application2-19,read> null
<326,admissions4-0,stu4-16application4-16,read> null
<327,fac5-4,gradebook5-8,changeScore> null
<328,stu3-4,gradebook3-8,readScore> null
<329,admissions0-0,stu5-10application5-10,setStatus> null
<330,admissions2-0,stu3-2application3-2,read> null
<331,fac5-3,gradebook5-7,changeScore> null
<332,registrar2-1,roster1-5,write> null
<333,admissions2-1,stu1-11application1-11,setStatus> null
<334,registrar2-1,roster1-3,write> null
<335,admissions2-0,stu0-14application0-14,read> null
<336,admissions0-1,stu5-10application5-10,setStatus> null
<337,registrar2-0,transcript4-1,read> null
<338,registrar2-0,roster1-9,write> null
<339,registrar2-0,roster1-8,write> null
<340,registrar2-1,roster4-6,write> null
<341,admissions0-1,stu3-15application3-15,read> null
<342,registrar2-0,roster1-3,write> null
<343,admissions2-0,stu1-11application1-11,setStatus> null
<344,registrar2-0,roster1-1,write> null
<345,admissions4-1,stu0-19application0-19,setStatus> null
<346,registrar2-0,roster1-6,write> null
<347,stu4-9,gradebook4-2,addScore> null
<348,stu4-6,gradebook4-4,addScore> null
<349,registrar4-0,transcript3-3,read> null
<350,registrar2-0,roster1-5,write> null
<351,registrar4-0,transcript3-2,read> null
<352,admissions0-1,stu1-4application1-4,read> null
<353,stu5-7,stu5-7application5-7,checkStatus> null
<354,registrar4-0,transcript3-6,read> null
<355,registrar4-0,transcript3-7,read> null
<356,registrar4-0,transcript3-8,read> null
<357,registrar4-0,transcript3-9,read> null
<358,admissions2-0,stu0-8application0-8,setStatus> null
<359,admissions4-0,stu3-10application3-10,read> null
<360,registrar4-1,transcript3-0,read> null
<361,stu1-1,gradebook1-5,readMyScores> null
<362,registrar2-1,roster5-9,write> null
<363,registrar4-1,transcript3-7,read> null
<364,stu3-7,gradebook3-4,readScore> null
<365,fac0-1,gradebook0-2,changeScore> null
<366,registrar4-1,transcript3-3,read> null
<367,registrar4-1,transcript3-2,read> null
<368,registrar4-1,transcript3-1,read> null
<369,registrar4-1,transcript3-8,read> null
<370,registrar4-1,transcript3-5,read> null
<371,admissions0-0,stu2-10application2-10,read> null
<372,registrar4-1,transcript3-9,read> null
<373,admissions4-1,stu3-10application3-10,read> null
<374,admissions0-0,stu4-15application4-15,read> null
<375,admissions2-0,application1-1,setStatus> null
<376,admissions2-0,application1-2,setStatus> null
<377,admissions4-1,application5-4,read> null
<378,admissions0-0,stu2-17application2-17,read> null
<379,stu2-1,gradebook2-9,readMyScores> null
<380,admissions2-0,application1-0,setStatus> null
<381,admissions4-1,application5-1,read> null
<382,admissions4-1,application5-0,read> null
<383,admissions4-1,application5-3,read> null
<384,admissions4-1,application5-2,read> null
<385,admissions2-0,stu4-1application4-1,setStatus> null
<386,admissions0-1,stu1-17application1-17,read> null
<387,admissions2-0,application1-4,setStatus> null
<388,admissions2-0,application1-3,setStatus> null
<389,admissions0-1,stu4-15application4-15,read> null
<390,registrar4-1,roster1-9,read> null
<391,stu4-6,gradebook4-9,readMyScores> null
<392,admissions2-1,stu1-3application1-3,setStatus> null
<393,admissions0-1,stu2-12application2-12,setStatus> null
<394,admissions2-1,application1-0,setStatus> null
<395,admissions2-1,application1-1,setStatus> null
<396,admissions2-1,application1-2,setStatus> null
<397,admissions4-0,application5-4,read> null
<398,admissions2-1,application1-3,setStatus> null
<399,admissions4-0,application5-3,read> null
<400,admissions4-0,application5-2,read> null
<401,admissions4-0,application5-1,read> null
<402,admissions4-0,stu1-12application1-12,setStatus> null
<403,admissions4-0,application5-0,read> null
<404,stu3-9,gradebook3-1,readScore> null
<405,admissions2-1,application1-4,setStatus> null
<406,admissions4-1,stu1-12application1-12,setStatus> null
<407,admissions4-0,stu5-11application5-11,read> null
<408,admissions2-1,stu1-3application1-3,read> null
<409,admissions0-1,stu3-11application3-11,read> null
<410,registrar4-1,roster3-4,read> null
<411,registrar4-1,roster3-5,read> null
<412,admissions0-1,stu1-9application1-9,setStatus> null
<413,registrar4-1,roster3-8,read> null
<414,registrar4-1,roster3-9,read> null
<415,stu0-1,stu0-1application0-1,checkStatus> null
<416,registrar4-1,roster3-6,read> null
<417,registrar4-0,roster3-1,read> null
<418,admissions0-0,stu1-1application1-1,read> null
<419,registrar4-0,roster3-3,read> null
<420,admissions0-0,stu1-9application1-9,setStatus> null
<421,admissions2-1,stu4-1application4-1,read> null
<422,registrar4-0,roster3-6,read> null
<423,registrar4-0,roster3-7,read> null
<424,admissions2-0,stu3-11application3-11,read> null
<425,admissions4-0,stu5-7application5-7,setStatus> null
<426,registrar2-1,roster1-3,read> null
<427,registrar2-1,roster1-4,read> null
<428,admissions0-0,stu4-17application4-17,setStatus> null
<429,registrar2-1,roster1-6,read> null
<430,registrar2-1,roster1-9,read> null
<431,registrar2-1,roster1-8,read> null
<432,stu1-6,gradebook1-9,readMyScores> null
<0,admissions0-1,stu2-18application2-18,read> null
<1,stu2-8,gradebook2-9,readScore> null
<2,admissions4-0,stu1-4application1-4,read> null
<3,registrar2-1,roster1-1,read> null
<4,admissions4-0,stu3-9application3-9,setStatus> null
<5,admissions0-0,stu2-0application2-0,read> null
<6,stu1-6,gradebook1-7,readMyScores> null
<7,admissions0-0,stu3-11application3-11,read> null
<8,admissions4-1,stu5-7application5-7,setStatus> null
<9,admissions4-0,stu1-14application1-14,read> null
<10,stu1-7,gradebook1-5,readMyScores> null
<11,registrar2-0,roster1-4,read> null
<12,admissions4-0,stu1-1application1-1,setStatus> null
<13,registrar2-0,roster1-3,read> null
<14,registrar4-1,roster1-5,read> null
<15,admissions2-0,stu2-16application2-16,read> null
<16,admissions2-0,stu4-14application4-14,setStatus> null
<17,registrar2-0,roster1-8,read> null
<18,admissions4-1,stu1-4application1-4,setStatus> null
<19,admissions4-1,stu1-8application1-8,read> null
<20,registrar2-0,roster1-7,read> null
<21,admissions4-1,stu5-12application5-12,read> null
<22,registrar2-0,roster1-6,read> null
<23,stu1-7,gradebook1-9,readMyScores> null
<24,admissions4-1,stu3-9application3-9,setStatus> null
<25,admissions0-0,stu2-12application2-12,setStatus> null
<26,stu1-8,gradebook1-4,readMyScores> null
<27,fac0-0,gradebook0-1,addScore> null
<28,admissions4-0,stu1-8application1-8,read> null
<29,admissions2-1,stu1-14application1-14,setStatus> null
<30,admissions4-1,stu1-1application1-1,setStatus> null
<31,admissions2-1,stu3-11application3-11,read> null
<32,app2-0,application2-0,checkStatus> null
<33,admissions2-0,stu1-14application1-14,setStatus> null
<34,stu1-9,gradebook1-7,readMyScores> null
<35,stu4-7,gradebook4-1,readScore> null
<36,admissions0-0,stu1-17application1-17,read> null
<37,admissions4-1,stu1-4application1-4,read> null
<38,admissions2-1,stu3-5application3-5,read> null
<39,stu1-19,gradebook1-1,readMyScores> null
<40,stu1-19,gradebook1-2,readMyScores> null
<41,admissions0-1,stu2-0application2-0,setStatus> null
<42,registrar4-0,roster2-9,read> null
<43,stu1-19,gradebook1-8,readMyScores> null
<44,admissions2-0,stu1-14application1-14,read> null
<45,registrar0-0,roster5-1,write> null
<46,registrar0-0,roster5-2,write> null
<47,stu1-18,gradebook1-3,readMyScores> null
<48,registrar0-0,roster5-3,write> null
<49,admissions4-0,stu0-3application0-3,read> null
<50,registrar0-0,roster5-4,write> null
<51,stu1-18,gradebook1-1,readMyScores> null
<52,registrar0-0,roster5-5,write> null
<53,stu1-18,gradebook1-6,readMyScores> null
<54,registrar0-0,roster5-7,write> null
<55,registrar0-0,roster5-8,write> null
<56,registrar0-0,roster5-9,write> null
<57,admissions2-1,stu1-14application1-14,read> null
<58,admissions0-1,stu1-1application1-1,setStatus> null
<59,registrar0-0,roster4-6,write> null
<60,stu5-1,stu5-1application5-1,checkStatus> null
<61,fac0-2,gradebook0-4,changeScore> null
<62,registrar2-0,roster5-3,read> null
<63,registrar2-0,roster5-4,read> null
<64,admissions2-1,stu2-2application2-2,setStatus> null
<65,admissions0-0,stu1-7application1-7,read> null
<66,admissions4-1,stu0-3application0-3,read> null
<67,registrar0-0,roster3-4,write> null
<68,stu4-2,gradebook4-4,readMyScores> null
<69,admissions0-0,stu4-5application4-5,read> null
<70,admissions0-1,stu0-14application0-14,setStatus> null
<71,admissions0-0,stu1-1application1-1,setStatus> null
<72,admissions2-1,stu5-8application5-8,read> null
<73,stu1-14,gradebook1-6,readMyScores> null
<74,fac0-4,gradebook0-9,assignGrade> null
<75,admissions2-0,stu3-5application3-5,read> null
<76,admissions0-1,stu0-2application0-2,read> null
<77,registrar2-1,roster5-3,read> null
<78,registrar4-1,transcript3-18,read> null
<79,registrar2-0,roster5-9,read> null
<80,admissions0-1,stu5-0application5-0,read> null
<81,registrar2-0,roster5-5,read> null
<82,registrar2-0,roster5-8,read> null
<83,registrar2-0,roster5-7,read> null
<84,registrar4-0,roster2-8,read> null
<85,registrar4-0,roster2-7,read> null
<86,registrar4-0,roster2-6,read> null
<87,registrar4-0,roster2-5,read> null
<88,stu1-15,gradebook1-2,readMyScores> null
<89,registrar4-0,roster2-4,read> null
<90,stu1-15,gradebook1-4,readMyScores> null
<91,registrar0-1,roster3-7,read> null
<92,registrar4-0,roster2-2,read> null
<93,stu1-15,gradebook1-6,readMyScores> null
<94,registrar4-0,roster2-1,read> null
<95,admissions4-1,stu3-10application3-10,setStatus> null
<96,admissions4-1,stu4-19application4-19,setStatus> null
<97,admissions0-0,application4-4,read> null
<98,registrar4-1,roster1-2,read> null
<99,registrar2-1,roster0-6,read> null
<100,stu0-15,gradebook0-4,readScore> null
<101,admissions0-0,application4-2,read> null
<102,admissions0-0,application4-3,read> null
<103,admissions0-0,application4-0,read> null
<104,admissions0-0,application4-1,read> null
<105,registrar4-1,roster2-8,read> null
<106,registrar0-1,roster3-9,read> null
<107,admissions2-0,stu2-2application2-2,setStatus> null
<108,fac5-1,gradebook5-2,changeScore> null
<109,admissions4-0,stu4-1application4-1,read> null
<110,registrar4-1,roster2-9,read> null
<111,registrar4-1,roster2-3,read> null
<112,admissions4-1,stu5-17application5-17,setStatus> null
<113,fac5-1,gradebook5-3,changeScore> null
<114,stu1-14,gradebook1-1,readMyScores> null
<115,registrar4-1,roster2-5,read> null
<116,registrar4-1,roster2-2,read> null
<117,registrar4-1,roster2-1,read> null
<118,admissions4-0,stu3-10application3-10,setStatus> null
<119,admissions4-0,stu4-19application4-19,setStatus> null
<120,stu0-14,gradebook0-2,readScore> null
<121,admissions0-1,application4-0,read> null
<122,fac2-4,gradebook2-9,addScore> null
<123,admissions0-1,application4-1,read> null
<124,stu1-17,gradebook1-4,readMyScores> null
<125,stu0-12,gradebook0-6,readScore> null
<126,stu1-17,gradebook1-6,readMyScores> null
<127,admissions0-1,stu0-11application0-11,read> null
<128,stu1-16,gradebook1-3,readMyScores> null
<129,admissions2-1,stu5-13application5-13,setStatus> null
<130,stu1-16,gradebook1-1,readMyScores> null
<131,stu1-16,gradebook1-8,readMyScores> null
<132,stu1-16,gradebook1-7,readMyScores> null
<133,admissions4-0,stu3-4application3-4,read> null
<134,admissions4-1,application3-2,setStatus> null
<135,admissions2-1,stu5-14application5-14,setStatus> null
<136,admissions4-1,application3-0,setStatus> null
<137,admissions4-1,stu5-12application5-12,setStatus> null
<138,admissions2-0,application4-4,setStatus> null
<139,admissions2-0,application4-3,setStatus> null
<140,admissions2-0,stu4-19application4-19,read> null
<141,admissions2-0,application4-2,setStatus> null
<142,admissions4-0,stu0-6application0-6,setStatus> null
<143,admissions2-0,stu0-8application0-8,read> null
<144,admissions2-1,stu5-14application5-14,read> null
<145,stu4-0,stu4-0application4-0,checkStatus> null
<146,admissions4-0,stu1-5application1-5,setStatus> null
<147,admissions4-0,stu5-12application5-12,setStatus> null
<148,admissions2-1,application4-0,setStatus> null
<149,admissions4-0,application3-0,setStatus> null
<150,stu2-4,gradebook2-3,readMyScores> null
<151,admissions2-0,stu5-14application5-14,setStatus> null
<152,admissions4-0,application3-1,setStatus> null
<153,admissions2-0,stu4-4application4-4,setStatus> null
<154,admissions4-0,application3-4,setStatus> null
<155,admissions2-1,application4-4,setStatus> null
<156,admissions4-0,application3-3,setStatus> null
<157,admissions2-1,application4-3,setStatus> null
<158,admissions2-1,application4-1,setStatus> null
<159,admissions4-0,stu4-19application4-19,read> null
<160,admissions0-0,stu3-13application3-13,setStatus> null
<161,admissions4-1,stu2-14application2-14,read> null
<162,admissions4-1,stu4-19application4-19,read> null
<163,registrar2-1,transcript0-11,read> null
<164,admissions0-0,stu5-17application5-17,setStatus> null
<165,admissions4-1,stu0-6application0-6,setStatus> null
<166,admissions4-0,stu2-14application2-14,read> null
<167,registrar2-1,roster5-6,read> null
<168,registrar2-1,roster5-7,read> null
<169,registrar2-1,roster5-8,read> null
<170,registrar2-1,roster0-4,read> null
<171,registrar2-1,roster0-3,read> null
<172,registrar2-1,roster0-8,read> null
<173,registrar2-1,roster0-7,read> null
<174,registrar2-0,roster0-2,read> null
<175,admissions0-1,stu1-7application1-7,read> null
<176,registrar2-0,roster0-4,read> null
<177,registrar2-0,roster0-8,read> null
<178,admissions0-1,stu3-13application3-13,setStatus> null
<179,registrar2-0,roster0-1,read> null
<180,admissions2-0,stu5-4application5-4,read> null
<181,registrar0-1,roster5-8,write> null
<182,registrar0-1,roster5-7,write> null
<183,registrar0-1,roster5-4,write> null
<184,registrar0-1,roster5-3,write> null
<185,registrar4-1,transcript3-16,read> null
<186,registrar0-1,roster5-2,write> null
<187,admissions4-0,stu4-3application4-3,setStatus> null
<188,registrar0-1,transcript2-13,read> null
<189,registrar0-1,roster5-1,write> null
<190,admissions2-0,stu5-7application5-7,read> null
<191,admissions0-1,stu4-16application4-16,read> null
<192,stu5-9,gradebook5-5,addScore> null
<193,admissions4-0,stu2-6application2-6,setStatus> null
<194,admissions4-0,stu0-8application0-8,setStatus> null
<195,admissions2-1,stu5-7application5-7,read> null
<196,admissions2-1,stu3-2application3-2,setStatus> null
<197,admissions2-1,stu5-12application5-12,read> null
<198,admissions4-1,stu5-10application5-10,setStatus> null
<199,admissions0-0,stu3-5application3-5,read> null
<200,admissions2-1,stu5-4application5-4,read> null
<201,admissions0-0,stu2-4application2-4,read> null
<202,admissions0-1,stu1-10application1-10,setStatus> null
<203,admissions2-0,stu5-12application5-12,read> null
<204,admissions2-0,stu3-1application3-1,read> null
<205,admissions4-0,stu5-10application5-10,setStatus> null
<206,admissions0-0,stu1-12application1-12,read> null
<207,stu5-0,gradebook5-5,addScore> null
<208,registrar4-1,transcript4-19,read> null
<209,admissions0-0,stu3-18application3-18,read> null
<210,admissions4-1,stu4-12application4-12,read> null
<211,admissions0-0,application5-4,setStatus> null
<212,admissions2-1,stu5-5application5-5,setStatus> null
<213,admissions2-1,stu3-1application3-1,read> null
<214,admissions0-0,stu2-5application2-5,read> null
<215,admissions2-0,application3-2,setStatus> null
<216,registrar2-1,transcript4-5,read> null
<217,admissions4-0,stu5-6application5-6,read> null
<218,fac4-0,gradebook4-1,changeScore> null
<219,admissions2-1,stu4-14application4-14,read> null
<220,admissions2-0,stu3-2application3-2,setStatus> null
<221,stu2-11,gradebook2-6,addScore> null
<222,fac0-4,gradebook0-8,changeScore> null
<223,admissions4-1,stu5-6application5-6,read> null
<224,admissions2-1,stu1-15application1-15,setStatus> null
<225,fac0-3,gradebook0-6,changeScore> null
<226,registrar0-0,roster4-8,read> null
<227,admissions4-1,stu0-7application0-7,read> null
<228,admissions2-0,stu1-18application1-18,setStatus> null
<229,admissions4-0,stu3-12application3-12,setStatus> null
<230,admissions4-0,stu2-8application2-8,read> null
<231,admissions2-0,stu3-19application3-19,read> null
<232,fac0-2,gradebook0-5,changeScore> null
<233,admissions2-0,stu5-5application5-5,setStatus> null
<234,admissions2-1,stu1-18application1-18,setStatus> null
<235,stu0-6,transcript0-6,read> null
<236,admissions4-1,stu3-12application3-12,setStatus> null
<237,app0-0,application0-0,checkStatus> null
<238,admissions2-1,stu1-9application1-9,read> null
<239,admissions4-0,stu5-5application5-5,read> null
<240,admissions4-1,stu4-16application4-16,setStatus> null
<241,admissions2-1,stu3-19application3-19,read> null
<242,admissions4-1,stu5-1application5-1,read> null
<243,admissions0-0,stu5-12application5-12,setStatus> null
<244,fac0-0,gradebook0-1,changeScore> null
<245,admissions4-1,stu3-19application3-19,read> null
<246,admissions2-1,stu4-11application4-11,setStatus> null
<247,admissions2-0,stu0-18application0-18,setStatus> null
<248,admissions0-1,stu5-12application5-12,setStatus> null
<249,stu3-3,transcript3-3,read> null
<250,admissions2-0,stu5-7application5-7,setStatus> null
<251,admissions4-0,stu2-7application2-7,setStatus> null
<252,admissions2-1,application4-3,read> null
<253,admissions4-1,stu1-3application1-3,setStatus> null
<254,admissions2-1,application4-2,read> null
<255,admissions2-1,application4-1,read> null
<256,registrar0-1,transcript5-2,read> null
<257,admissions2-1,application4-0,read> null
<258,stu1-10,gradebook1-4,readMyScores> null
<259,admissions4-0,stu2-15application2-15,setStatus> null
<260,stu1-10,gradebook1-1,readMyScores> null
<261,admissions0-0,stu1-5application1-5,read> null
<262,admissions4-0,stu0-17application0-17,read> null
<263,admissions2-1,stu5-7application5-7,setStatus> null
<264,admissions2-0,stu3-0application3-0,read> null
<265,stu4-5,gradebook4-9,addScore> null
<266,admissions4-1,stu1-11application1-11,read> null
<267,registrar2-1,transcript3-11,read> null
<268,stu3-10,stu3-10application3-10,checkStatus> null
<269,admissions2-0,application4-2,read> null
<270,admissions2-0,application4-4,read> null
<271,admissions2-0,application4-1,read> null
<272,admissions4-1,stu2-15application2-15,setStatus> null
<273,stu1-11,gradebook1-5,readMyScores> null
<274,stu1-11,gradebook1-1,readMyScores> null
<275,admissions4-0,stu2-9application2-9,read> null
<276,admissions4-0,stu1-11application1-11,read> null
<277,admissions2-1,stu0-7application0-7,read> null
<278,admissions4-1,stu5-5application5-5,read> null
<279,stu1-11,gradebook1-9,readMyScores> null
<280,stu1-12,gradebook1-4,readMyScores> null
<281,admissions4-0,stu1-3application1-3,setStatus> null
<282,stu4-3,gradebook4-4,addScore> null
<283,admissions0-1,stu1-15application1-15,read> null
<284,stu1-13,gradebook1-6,readMyScores> null
<285,stu1-13,gradebook1-9,readMyScores> null
<286,stu1-13,gradebook1-7,readMyScores> null
<287,admissions0-0,stu1-11application1-11,setStatus> null
<288,stu1-11,transcript1-11,read> null
<289,registrar4-1,roster0-3,write> null
<290,registrar4-1,roster0-2,write> null
<291,registrar4-1,roster0-1,write> null
<292,registrar0-1,transcript4-7,read> null
<293,admissions0-0,stu4-17application4-17,read> null
<294,admissions0-1,application5-0,setStatus> null
<295,registrar4-1,roster0-4,write> null
<296,fac3-1,gradebook3-2,changeScore> null
<297,admissions0-1,stu1-11application1-11,setStatus> null
<298,registrar4-1,roster0-5,write> null
<299,admissions2-1,stu3-9application3-9,setStatus> null
<300,registrar0-1,transcript4-3,read> null
<301,registrar4-1,roster0-8,write> null
<302,registrar0-1,transcript4-0,read> null
<303,registrar4-1,roster0-9,write> null
<304,registrar0-1,transcript4-8,read> null
<305,registrar0-0,transcript0-10,read> null
<306,admissions4-1,stu0-17application0-17,setStatus> null
<307,stu2-8,gradebook2-7,readMyScores> null
<308,registrar0-0,transcript4-4,read> null
<309,admissions2-0,stu3-9application3-9,setStatus> null
<310,admissions0-1,stu4-17application4-17,read> null
<311,registrar0-0,transcript4-5,read> null
<312,registrar0-0,transcript4-2,read> null
<313,registrar0-0,transcript4-7,read> null
<314,registrar0-0,transcript4-9,read> null
<315,admissions4-0,stu4-12application4-12,read> null
<316,admissions2-1,stu3-0application3-0,read> null
<317,admissions4-1,stu4-11application4-11,read> null
<318,registrar4-0,roster0-2,write> null
<319,admissions4-1,stu2-7application2-7,setStatus> null
<320,registrar4-0,roster0-7,write> null
<321,fac3-2,gradebook3-5,changeScore> null
<322,registrar4-0,transcript4-11,read> null
<323,fac3-2,gradebook3-4,changeScore> null
<324,admissions4-0,stu4-11application4-11,read> null
<325,registrar4-0,roster1-5,read> null
<326,registrar4-0,roster1-6,read> null
<327,admissions4-1,stu0-8application0-8,read> null
<328,registrar4-0,roster1-8,read> null
<329,admissions2-1,stu2-0application2-0,setStatus> null
<330,registrar4-0,roster1-2,read> null
<331,chair4,transcript4-2,read> null
<332,admissions0-0,stu0-18application0-18,read> null
<333,admissions4-1,stu3-1application3-1,read> null
<334,admissions2-1,stu3-16application3-16,setStatus> null
<335,admissions2-0,stu4-2application4-2,read> null
<336,admissions0-0,application5-3,read> null
<337,admissions4-1,stu5-17application5-17,read> null
<338,registrar4-1,roster1-7,read> null
<339,registrar4-1,roster1-8,read> null
<340,admissions2-0,stu3-4application3-4,setStatus> null
<341,registrar4-1,roster1-1,read> null
<342,admissions0-0,stu5-1application5-1,setStatus> null
<343,admissions0-0,stu3-1application3-1,read> null
<344,admissions2-0,stu3-16application3-16,setStatus> null
<345,admissions0-1,application5-1,read> null
<346,admissions0-1,application5-0,read> null
<347,admissions0-1,application5-2,read> null
<348,admissions4-1,stu3-18application3-18,setStatus> null
<349,admissions0-1,stu5-1application5-1,setStatus> null
<350,admissions0-0,stu5-5application5-5,setStatus> null
<351,admissions0-0,stu3-2application3-2,setStatus> null
<352,registrar2-1,transcript5-9,read> null
<353,stu4-2,gradebook4-1,readMyScores> null
<354,admissions2-1,stu4-2application4-2,read> null
<355,admissions4-0,stu2-14application2-14,setStatus> null
<356,admissions4-0,stu2-15application2-15,read> null
<357,admissions0-1,stu1-7application1-7,setStatus> null
<358,admissions2-1,stu4-8application4-8,setStatus> null
<359,admissions4-1,stu2-15application2-15,read> null
<360,admissions2-1,stu4-12application4-12,read> null
<361,admissions4-0,stu4-8application4-8,read> null
<362,registrar4-0,transcript3-13,read> null
<363,admissions4-0,stu2-8application2-8,setStatus> null
<364,admissions2-0,stu4-12application4-12,read> null
<365,admissions2-0,stu2-11application2-11,setStatus> null
<366,admissions2-1,stu1-12application1-12,setStatus> null
<367,admissions2-0,stu4-7application4-7,setStatus> null
<368,admissions4-0,stu3-1application3-1,read> null
<369,admissions4-1,stu2-14application2-14,setStatus> null
<370,admissions4-0,stu0-11application0-11,setStatus> null
<371,admissions2-1,stu2-11application2-11,setStatus> null
<372,admissions0-0,stu1-7application1-7,setStatus> null
<373,admissions4-0,stu5-17application5-17,read> null
<374,admissions2-0,stu1-12application1-12,setStatus> null
<375,admissions2-0,application3-0,setStatus> null
<376,admissions4-0,stu4-15application4-15,setStatus> null
<377,admissions0-1,stu5-8application5-8,read> null
<378,admissions4-1,stu2-13application2-13,setStatus> null
<379,admissions2-0,application3-4,setStatus> null
<380,admissions2-1,application3-0,setStatus> null
<381,admissions2-1,application3-1,setStatus> null
<382,admissions4-1,stu0-0application0-0,setStatus> null
<383,admissions4-1,stu4-15application4-15,setStatus> null
<384,admissions0-0,stu5-8application5-8,read> null
<385,admissions0-1,stu3-5application3-5,setStatus> null
<386,admissions2-1,application3-4,setStatus> null
<387,admissions0-0,stu0-11application0-11,setStatus> null
<388,admissions2-1,application3-3,setStatus> null
<389,admissions2-1,application3-2,setStatus> null
<390,admissions4-0,stu0-0application0-0,setStatus> null
<391,admissions2-1,stu1-18application1-18,read> null
<392,admissions2-0,stu3-9application3-9,read> null
<393,admissions4-0,stu5-1application5-1,read> null
<394,admissions0-0,stu2-2application2-2,setStatus> null
<395,admissions2-1,stu3-1application3-1,setStatus> null
<396,admissions2-1,stu3-12application3-12,read> null
<397,admissions2-1,stu3-16application3-16,read> null
<398,admissions0-0,stu3-5application3-5,setStatus> null
<399,stu2-4,stu2-4application2-4,checkStatus> null
<400,admissions2-0,stu1-18application1-18,read> null
<401,admissions0-1,stu1-19application1-19,setStatus> null
<402,admissions2-1,stu3-9application3-9,read> null
<403,admissions2-0,stu3-16application3-16,read> null
<404,admissions2-0,stu3-12application3-12,read> null
<405,admissions0-1,stu2-4application2-4,read> null
<406,admissions4-1,application4-1,setStatus> null
<407,admissions4-1,application4-0,setStatus> null
<408,admissions4-1,application4-3,setStatus> null
<409,admissions4-1,application4-4,setStatus> null
<410,admissions0-0,stu1-19application1-19,setStatus> null
<411,admissions0-0,stu0-5application0-5,read> null
<412,admissions4-0,application4-1,setStatus> null
<413,admissions4-0,application4-2,setStatus> null
<414,admissions4-0,application4-4,setStatus> null
<415,admissions2-1,stu4-7application4-7,setStatus> null
<416,admissions0-1,stu3-1application3-1,read> null
<417,admissions0-1,stu5-13application5-13,setStatus> null
<418,admissions4-1,application5-0,setStatus> null
<419,admissions4-1,application5-2,setStatus> null
<420,admissions4-1,application5-3,setStatus> null
<421,admissions4-1,application5-4,setStatus> null
<422,admissions2-0,stu2-0application2-0,setStatus> null
<423,admissions0-1,stu0-5application0-5,read> null
<424,admissions2-0,stu3-7application3-7,read> null
<425,admissions4-0,stu3-15application3-15,read> null
<426,admissions4-1,stu0-0application0-0,read> null
<427,admissions2-0,stu4-6application4-6,setStatus> null
<428,admissions4-1,stu5-18application5-18,read> null
<429,admissions0-1,stu4-1application4-1,setStatus> null
<430,admissions4-0,stu5-18application5-18,read> null
<431,admissions2-0,stu0-5application0-5,setStatus> null
<0,admissions4-1,stu5-2application5-2,read> 1.417881930040212E-4
<1,admissions2-1,stu2-2application2-2,read> 2.5481250411059027E-5
<2,admissions4-1,stu2-8application2-8,read> 1.9607151115103122E-4
<3,registrar0-1,roster4-9,write> 7.157204939209893E-5
<4,admissions4-0,stu5-2application5-2,read> 1.406695484832794E-4
<5,registrar0-1,transcript3-17,read> 3.4790523915992274E-4
<6,admissions2-0,stu2-2application2-2,read> 2.6325349803557878E-5
<7,registrar4-0,transcript4-12,read> 4.3081712616083087E-4
<8,admissions2-0,stu2-3application2-3,setStatus> 7.113265846313643E-5
<9,registrar2-0,transcript5-11,read> 2.896517542052228E-5
<10,registrar2-0,transcript5-12,read> 3.105589484937201E-5
<11,registrar2-0,transcript5-13,read> 2.791981570609742E-5
<12,registrar4-0,roster0-1,read> 2.2816464479039075E-4
<13,admissions2-1,stu5-10application5-10,setStatus> 1.9339171026589255E-4
<14,admissions4-1,stu3-8application3-8,read> 1.5772457998295992E-4
<15,admissions2-0,stu2-18application2-18,setStatus> 1.680494551163363E-4
<16,registrar2-0,transcript5-14,read> 2.6874455991672553E-5
<17,admissions0-1,stu1-10application1-10,read> 1.2537843259734574E-4
<18,registrar4-1,transcript4-10,read> 4.1084974673066214E-4
<19,admissions0-1,stu4-8application4-8,setStatus> 1.0894540089310712E-4
<20,registrar2-0,roster5-7,write> 9.251953359585351E-5
<21,admissions4-0,stu5-9application5-9,setStatus> 2.903205527782116E-5
<22,admissions4-1,stu1-13application1-13,setStatus> 1.362223419408869E-4
<23,registrar4-0,transcript4-17,read> 4.355945830294274E-4
<24,admissions2-0,stu5-10application5-10,setStatus> 1.997980609165225E-4
<25,registrar0-0,roster4-4,write> 7.804942794382992E-5
<26,registrar4-1,transcript3-14,read> 4.2540562409053805E-4
<27,registrar2-1,transcript5-14,read> 2.699416403617889E-5
<28,admissions2-0,stu3-15application3-15,read> 1.380804422202132E-4
<29,registrar2-1,transcript5-15,read> 2.5944147931043894E-5
<30,fac2-3,gradebook2-6,addScore> 2.475055738337927E-4
<31,stu2-14,gradebook2-6,addScore> 2.7589330990075104E-4
<32,registrar2-1,transcript5-12,read> 3.119422845671888E-5
<33,registrar2-1,transcript5-10,read> 3.329426066698888E-5
<34,registrar4-1,transcript3-11,read> 4.2904459343050694E-4
<35,stu2-4,gradebook2-9,readMyScores> 2.1840535536897044E-4
<36,registrar2-1,transcript5-11,read> 2.9094196246448887E-5
<37,admissions0-0,stu1-10application1-10,read> 1.258041658149938E-4
<38,chair1,transcript1-19,read> 1.8763020478855454E-4
<39,admissions4-1,stu5-9application5-9,setStatus> 2.9262926492754134E-5
<40,admissions0-0,stu1-4application1-4,setStatus> 2.564251330356219E-4
<41,registrar4-0,transcript3-19,read> 4.0931857025214676E-4
<42,registrar2-0,transcript5-18,read> 2.164765741954823E-5
<43,registrar2-0,transcript5-17,read> 2.2693017133973095E-5
<44,admissions0-0,stu0-1application0-1,read> 1.782689294475109E-5
<45,registrar4-0,transcript3-16,read> 4.164847555550415E-4
<46,registrar2-0,transcript5-16,read> 2.373837684839796E-5
<47,registrar2-0,transcript5-15,read> 2.582909627724769E-5
<48,admissions2-1,stu3-15application3-15,read> 1.3365301321114826E-4
<49,admissions0-0,stu5-18application5-18,setStatus> 1.5021581649047848E-4
<50,registrar4-1,transcript3-17,read> 4.2055366497057947E-4
<51,registrar2-1,transcript5-17,read> 2.27940996156389E-5
<52,admissions4-1,stu1-18application1-18,setStatus> 1.2660165377888552E-4
<53,admissions0-1,stu0-1application0-1,read> 1.7766565049844997E-5
<54,registrar2-1,transcript5-16,read> 2.3844115720773896E-5
<55,registrar2-1,transcript5-19,read> 1.964405130023391E-5
<56,registrar2-1,transcript5-18,read> 2.1744083510503905E-5
<57,admissions0-1,stu5-18application5-18,setStatus> 1.4970747193382712E-4
<58,admissions4-1,stu3-15application3-15,read> 1.4029415672474566E-4
<59,admissions2-1,stu0-6application0-6,setStatus> 5.968658080804698E-5
<60,admissions2-0,stu0-7application0-7,read> 1.0573028388907613E-4
<61,admissions4-0,stu1-18application1-18,setStatus> 1.25602824163273E-4
<62,admissions2-1,application5-1,read> 1.7872458104451877E-4
<63,admissions0-0,stu0-12application0-12,setStatus> 6.643579660704236E-5
<64,admissions2-1,application5-0,read> 1.78250143488378E-4
<65,admissions0-1,application0-1,setStatus> 8.001747950937038E-5
<66,admissions0-1,application0-2,setStatus> 7.936002675064907E-5
<67,admissions2-1,application5-4,read> 1.8204564393750394E-4
<68,admissions4-0,stu1-9application1-9,setStatus> 1.7051946085418082E-4
<69,registrar0-1,transcript3-0,read> 7.295933689869788E-5
<70,registrar0-1,transcript3-3,read> 7.396278909673154E-5
<71,registrar0-1,transcript3-4,read> 7.79765978888662E-5
<72,registrar0-1,transcript3-1,read> 7.195588470066421E-5
<73,admissions2-0,stu0-6application0-6,setStatus> 6.166377603150195E-5
<74,registrar0-1,transcript3-7,read> 7.898005008689988E-5
<75,registrar0-1,transcript3-6,read> 7.998350228493354E-5
<76,registrar0-1,roster5-4,read> 1.129391415524805E-4
<77,registrar0-1,transcript3-9,read> 6.794207590852954E-5
<78,registrar0-1,roster5-6,read> 1.1599757810792142E-4
<79,admissions0-1,application0-4,setStatus> 8.067493226809166E-5
<80,registrar0-1,roster5-9,read> 1.24408278635384E-4
<81,admissions0-1,application0-3,setStatus> 8.133238502681295E-5
<82,stu4-15,stu4-15application4-15,checkStatus> 1.4260162709208368E-4
<83,admissions0-0,application0-0,setStatus> 8.292792650535657E-5
<84,admissions0-0,application0-1,setStatus> 8.028918572162629E-5
<85,admissions2-0,application5-2,read> 1.8562537188870256E-4
<86,admissions2-0,application5-1,read> 1.8464506406048626E-4
<87,admissions2-0,application5-4,read> 1.880761414592432E-4
<88,registrar0-0,transcript3-0,read> 7.329789530658047E-5
<89,registrar0-0,transcript3-1,read> 7.228978671783667E-5
<90,registrar0-0,transcript3-2,read> 7.632222107281188E-5
<91,registrar0-0,transcript3-3,read> 7.430600389532427E-5
<92,registrar0-0,transcript3-4,read> 7.833843825029946E-5
<93,registrar0-0,transcript3-5,read> 7.733032966155567E-5
<94,registrar0-0,transcript3-6,read> 8.035465542778707E-5
<95,registrar2-0,transcript4-2,read> 2.213113628746973E-4
<96,registrar0-0,transcript3-7,read> 7.934654683904328E-5
<97,registrar0-0,transcript3-8,read> 6.926546095160526E-5
<98,registrar0-0,transcript3-9,read> 6.825735236286147E-5
<99,admissions2-0,stu4-0application4-0,setStatus> 6.611972070521229E-5
<100,fac4-4,gradebook4-8,addScore> 4.169574115820955E-4
<101,admissions0-0,application0-3,setStatus> 8.160855611349143E-5
<102,registrar0-0,roster5-2,read> 1.3650793736895244E-4
<103,registrar0-0,roster3-2,read> 1.2191295039585928E-4
<104,registrar0-0,roster5-1,read> 1.3573978015984228E-4
<105,admissions0-0,stu0-15application0-15,read> 1.3683410229098632E-4
<106,admissions0-0,stu1-2application1-2,read> 1.8153437116737712E-4
<107,admissions0-1,application2-4,read> 6.694403140219751E-5
<108,admissions0-1,stu0-12application0-12,setStatus> 6.621097157622326E-5
<109,admissions0-1,stu0-15application0-15,read> 1.3637104272316573E-4
<110,registrar4-0,roster1-1,write> 1.7785169827950868E-4
<111,registrar4-0,roster1-3,write> 1.7388044001431267E-4
<112,registrar4-0,roster1-7,write> 1.798373274121067E-4
<113,registrar4-0,roster1-9,write> 1.8116108016717205E-4
<114,registrar4-0,roster1-8,write> 1.8049920378963936E-4
<115,registrar0-0,roster5-9,read> 1.2498557923229994E-4
<116,registrar0-0,roster5-7,read> 1.2268110760496945E-4
<117,registrar0-0,roster5-8,read> 1.2114479318674913E-4
<118,registrar0-1,transcript5-10,read> 3.181779677931752E-5
<119,registrar0-0,roster5-5,read> 1.1807216435030846E-4
<120,registrar0-0,roster5-3,read> 1.1423137830475765E-4
<121,registrar0-0,roster5-4,read> 1.1346322109564748E-4
<122,stu4-7,gradebook4-9,readMyScores> 1.2043997692797516E-4
<123,registrar4-1,roster1-2,write> 1.7995301600571054E-4
<124,stu2-3,gradebook2-3,readMyScores> 1.5419814140160142E-4
<125,registrar0-1,transcript2-12,read> 3.3486036058548495E-4
<126,admissions0-1,stu5-8application5-8,setStatus> 2.516126495356271E-4
<127,registrar4-1,roster1-9,write> 1.8398620422435994E-4
<128,registrar4-1,roster1-5,write> 1.7928081796926896E-4
<129,registrar4-1,roster1-6,write> 1.779364218963858E-4
<130,registrar4-1,roster1-3,write> 1.7659202582350273E-4
<131,fac4-0,gradebook4-1,assignGrade> 4.5708223481226624E-4
<132,registrar4-1,roster1-4,write> 1.7591982778706117E-4
<133,fac4-0,gradebook4-1,addScore> 3.1208143482903467E-4
<134,admissions0-0,stu5-8application5-8,setStatus> 2.5246702186002657E-4
<135,admissions2-0,stu2-0application2-0,read> 9.788782126334592E-5
<136,admissions0-0,stu1-3application1-3,read> 1.6063554416023338E-4
<137,fac4-1,gradebook4-3,addScore> 5.661941460490103E-4
<138,fac4-1,gradebook4-2,addScore> 3.1237024899957917E-4
<139,fac4-2,gradebook4-5,addScore> 5.786836078410804E-4
<140,admissions0-0,stu0-2application0-2,read> 9.699571330861855E-6
<141,fac4-2,gradebook4-4,addScore> 2.6573042979126914E-4
<142,admissions4-1,application1-3,setStatus> 2.530146666134181E-5
<143,admissions4-1,application1-2,setStatus> 2.4735543828282906E-5
<144,registrar2-1,transcript5-2,read> 3.083984802123582E-4
<145,admissions4-1,application1-4,setStatus> 1.6246701332399355E-5
<146,admissions0-1,stu4-19application4-19,read> 7.33081741066196E-5
<147,registrar2-1,transcript5-5,read> 3.0944849631749316E-4
<148,registrar2-1,transcript5-6,read> 3.125985446328982E-4
<149,admissions4-1,application1-1,setStatus> 2.3603698162165095E-5
<150,registrar2-1,transcript5-7,read> 3.1154852852776315E-4
<151,admissions0-1,stu4-10application4-10,read> 3.3966201024737587E-5
<152,admissions4-1,application1-0,setStatus> 2.2471852496047288E-5
<153,admissions4-1,stu1-17application1-17,setStatus> 6.774567914075956E-5
<154,admissions4-1,stu3-3application3-3,read> 1.851152451030108E-4
<155,admissions4-0,stu4-2application4-2,read> 9.274349713408072E-5
<156,stu0-9,gradebook0-5,readScore> 4.877304079872553E-5
<157,registrar2-1,transcript5-0,read> 3.062984480020882E-4
<158,admissions4-0,application1-4,setStatus> 1.6118522229185155E-5
<159,admissions4-0,application1-3,setStatus> 2.5101849567366722E-5
<160,admissions4-0,application1-2,setStatus> 2.4540391608730373E-5
<161,admissions4-0,application1-1,setStatus> 2.341747569145768E-5
<162,admissions4-0,application1-0,setStatus> 2.2294559774184983E-5
<163,registrar2-0,transcript5-6,read> 3.1121229831523563E-4
<164,registrar2-0,transcript5-4,read> 3.091215788863859E-4
<165,registrar2-0,transcript5-9,read> 3.122576580296605E-4
<166,admissions0-1,stu2-5application2-5,setStatus> 1.7797794055884262E-4
<167,admissions0-1,stu0-6application0-6,setStatus> 7.278549916343617E-5
<168,admissions4-1,stu5-19application5-19,setStatus> 3.548807765640207E-5
<169,admissions2-1,stu1-11application1-11,read> 1.4930945256379276E-4
<170,admissions4-0,stu1-16application1-16,setStatus> 1.244799082460003E-4
<171,registrar0-0,transcript2-17,read> 3.464953228561503E-4
<172,registrar2-0,transcript0-17,read> 3.342102120325826E-4
<173,registrar0-0,transcript2-15,read> 3.4044667132368756E-4
<174,admissions0-0,stu0-6application0-6,setStatus> 7.303264856636804E-5
<175,admissions0-1,stu2-11application2-11,setStatus> 8.987927089018973E-5
<176,registrar0-0,transcript2-12,read> 3.3641423696871233E-4
<177,registrar2-0,transcript0-12,read> 3.457091688912562E-4
<178,registrar0-0,transcript2-18,read> 3.485115400336379E-4
<179,admissions4-0,stu1-17application1-17,setStatus> 6.721119646509283E-5
<180,admissions2-0,stu2-1application2-1,read> 1.1014166911604937E-4
<181,admissions4-1,stu0-18application0-18,setStatus> 2.2167668973278128E-4
<182,admissions4-1,stu2-6application2-6,read> 1.3929813253856201E-4
<183,admissions4-1,stu1-9application1-9,read> 1.5125042277276603E-4
<184,admissions0-0,stu2-11application2-11,setStatus> 9.018446366061481E-5
<185,admissions2-1,stu3-13application3-13,read> 1.1277776074095559E-4
<186,registrar2-1,transcript0-17,read> 3.356988989458681E-4
<187,admissions0-1,stu5-4application5-4,setStatus> 8.198983778553424E-5
<188,registrar0-1,transcript2-14,read> 3.37870717179586E-4
<189,registrar2-1,transcript0-14,read> 3.440990277869481E-4
<190,registrar2-1,transcript0-19,read> 3.3359886673559817E-4
<191,stu0-5,gradebook0-8,readScore> 2.9559395091049503E-5
<192,admissions4-0,stu4-10application4-10,read> 2.9006789669682515E-5
<193,admissions4-0,stu2-10application2-10,read> 1.1991806233207998E-4
<194,registrar0-1,transcript3-14,read> 3.519190479520574E-4
<195,registrar2-1,transcript1-14,read> 4.064437340293386E-5
<196,admissions2-1,stu3-10application3-10,setStatus> 5.483437852933484E-5
<197,stu0-19,gradebook0-9,readMyScores> 2.014121392689563E-5
<198,registrar0-1,transcript3-15,read> 3.509155957540237E-4
<199,admissions0-1,stu3-8application3-8,read> 1.8323427536481933E-4
<200,registrar0-1,transcript3-12,read> 3.539259523481247E-4
<201,registrar2-1,transcript1-12,read> 4.484443782347385E-5
<202,admissions4-1,stu0-16application0-16,read> 1.1887963672179677E-4
<203,registrar0-1,roster4-7,read> 1.0911609585817931E-4
<204,registrar0-1,transcript3-13,read> 3.52922500150091E-4
<205,admissions2-0,stu5-6application5-6,setStatus> 3.325712873659853E-5
<206,registrar2-1,transcript1-13,read> 3.959435729779886E-5
<207,registrar2-1,transcript1-18,read> 3.644430898239387E-5
<208,registrar2-1,transcript1-19,read> 3.434427677212387E-5
<209,stu0-19,gradebook0-6,readMyScores> 1.74366461576324E-5
<210,registrar2-1,transcript1-16,read> 3.8544341192663866E-5
<211,fac0-0,gradebook0-1,assignGrade> 1.1589587482344014E-4
<212,registrar2-1,transcript1-17,read> 3.539429287725887E-5
<213,registrar4-0,roster0-2,read> 2.3180496486682048E-4
<214,admissions0-1,stu1-6application1-6,read> 2.9337733603339707E-5
<215,stu0-19,gradebook0-1,readMyScores> 3.379534237405698E-5
<216,registrar4-0,roster0-3,read> 2.2998480482860564E-4
<217,admissions0-1,stu4-5application4-5,setStatus> 1.0171342054717293E-4
<218,admissions0-0,stu2-15application2-15,read> 4.1047811841577486E-5
<219,admissions0-0,stu1-15application1-15,setStatus> 1.8385976148303941E-4
<220,admissions0-0,stu3-11application3-11,setStatus> 1.6274983521319728E-4
<221,admissions0-0,stu5-4application5-4,setStatus> 8.2268241309424E-5
<222,registrar4-0,roster0-6,read> 2.363553649623576E-4
<223,admissions0-0,stu2-16application2-16,setStatus> 1.3504305698402942E-4
<224,stu0-18,gradebook0-7,readMyScores> 1.7179243460930374E-5
<225,admissions4-0,stu5-19application5-19,setStatus> 3.520809282282099E-5
<226,admissions0-0,stu3-8application3-8,read> 1.838564630570598E-4
<227,admissions0-1,stu2-17application2-17,setStatus> 1.4050313331172905E-4
<228,admissions4-1,stu3-7application3-7,read> 1.432822292832967E-4
<229,stu0-18,gradebook0-5,readMyScores> 1.5237908175161005E-5
<230,registrar4-1,roster0-1,read> 2.317227679060304E-4
<231,registrar4-1,roster0-3,read> 2.335713125062447E-4
<232,registrar4-1,roster0-4,read> 2.3819267400678048E-4
<233,admissions4-0,stu5-6application5-6,setStatus> 3.352371894691194E-5
<234,admissions2-0,stu2-14application2-14,setStatus> 6.0549789863074366E-5
<235,admissions0-1,stu2-15application2-15,read> 4.0908902156834414E-5
<236,registrar4-1,roster0-9,read> 2.5667812000892346E-4
<237,registrar4-1,roster0-5,read> 2.3726840170667333E-4
<238,registrar4-1,roster0-7,read> 2.391169463068876E-4
<239,stu2-9,gradebook2-6,readScore> 1.5263077171527413E-4
<240,registrar2-1,roster5-5,write> 8.94403462053145E-5
<241,registrar4-1,roster0-8,read> 2.548295754087092E-4
<242,admissions0-0,stu2-5application2-5,setStatus> 1.785822799155789E-4
<243,admissions0-1,stu5-13application5-13,read> 2.1621210574227921E-4
<244,stu0-17,gradebook0-2,readMyScores> 1.4930680604568671E-5
<245,stu0-17,gradebook0-5,readMyScores> 1.5024790578305607E-5
<246,stu0-17,gradebook0-6,readMyScores> 1.7273305210019915E-5
<247,registrar0-0,transcript3-10,read> 3.585926259210759E-4
<248,registrar2-0,transcript1-10,read> 4.778165028016984E-5
<249,admissions0-1,application5-2,setStatus> 2.48982838500742E-4
<250,admissions4-1,stu4-10application4-10,read> 2.923745996526648E-5
<251,registrar2-0,transcript1-19,read> 3.41919739926466E-5
<252,admissions2-0,stu0-11application0-11,read> 1.6454875358205262E-4
<253,admissions4-1,stu4-2application4-2,read> 9.348101997411318E-5
<254,registrar2-0,transcript1-15,read> 3.73280531359212E-5
<255,registrar0-0,transcript3-16,read> 3.5153586579986934E-4
<256,registrar2-0,transcript1-16,read> 3.837341285034606E-5
<257,stu0-16,gradebook0-1,readMyScores> 3.3637050372304957E-5
<258,registrar2-0,transcript1-17,read> 3.523733370707147E-5
<259,stu0-16,gradebook0-2,readMyScores> 1.5001274839105637E-5
<260,registrar0-0,transcript3-18,read> 3.475034314448941E-4
<261,registrar2-0,transcript1-18,read> 3.628269342149633E-5
<262,registrar2-0,transcript1-11,read> 4.255485170804552E-5
<263,registrar2-0,transcript1-12,read> 4.464557113689525E-5
<264,registrar0-0,transcript3-13,read> 3.5456019156610073E-4
<265,stu0-16,gradebook0-6,readMyScores> 1.735497568382616E-5
<266,registrar2-0,transcript1-14,read> 4.046413227919579E-5
<267,admissions0-0,application5-0,setStatus> 2.478492254884985E-4
<268,registrar2-1,transcript1-11,read> 4.274440561320386E-5
<269,registrar2-1,transcript1-10,read> 4.799448613887884E-5
<270,admissions0-0,application5-3,setStatus> 2.511476514681614E-4
<271,admissions0-0,stu1-6application1-6,read> 2.9437352393164287E-5
<272,admissions0-0,application5-1,setStatus> 2.485089106844311E-4
<273,stu2-2,stu2-2application2-2,checkStatus> 3.2304656822793645E-4
<274,admissions4-0,stu3-8application3-8,read> 1.5648020459847897E-4
<275,admissions0-0,stu4-3application4-3,setStatus> 2.5774450342748705E-4
<276,admissions2-1,stu4-6application4-6,setStatus> 6.346051591371198E-5
<277,stu0-15,gradebook0-2,readMyScores> 1.4789492135494735E-5
<278,stu0-15,gradebook0-1,readMyScores> 3.316217436704888E-5
<279,stu0-15,gradebook0-9,readMyScores> 1.9763860972761754E-5
<280,registrar0-0,roster3-7,write> 9.425056180869887E-5
<281,registrar0-0,roster3-9,write> 9.536788138558639E-5
<282,registrar0-0,roster3-3,write> 9.201592265492384E-5
<283,registrar0-0,roster3-1,write> 8.978128350114881E-5
<284,admissions0-1,stu5-14application5-14,setStatus> 4.254267226225682E-5
<285,stu2-5,gradebook2-7,readScore> 3.661611360394231E-4
<286,admissions4-1,stu4-14application4-14,read> 1.5623054370368438E-4
<287,admissions0-1,stu3-0application3-0,read> 8.661501794313851E-5
<288,stu0-14,gradebook0-9,readMyScores> 1.985819921129522E-5
<289,admissions4-0,stu2-3application2-3,read> 6.309851691808157E-5
<290,stu0-14,gradebook0-7,readMyScores> 1.6858884608512093E-5
<291,stu3-9,transcript3-9,read> 3.3574119015117044E-4
<292,stu0-14,gradebook0-6,readMyScores> 1.7191634736213675E-5
<293,registrar2-1,roster4-9,write> 7.489325818059541E-5
<294,registrar2-1,roster4-8,write> 7.66389087435617E-5
<295,registrar2-1,roster4-7,write> 8.30396274744381E-5
<296,registrar2-1,roster4-1,write> 1.0456931775102233E-4
<297,admissions2-1,stu2-14application2-14,setStatus> 5.860831363499984E-5
<298,registrar2-1,roster4-5,write> 8.01302098694943E-5
<299,registrar2-1,roster4-4,write> 8.129397691147182E-5
<300,registrar2-1,roster4-3,write> 1.0573308479299985E-4
<301,registrar2-1,roster4-2,write> 1.0515120127201111E-4
<302,admissions2-1,stu5-9application5-9,read> 2.4532375298777544E-5
<303,stu0-13,gradebook0-2,readMyScores> 1.4648303666420801E-5
<304,registrar2-1,transcript4-3,read> 2.1599706296047844E-4
<305,admissions2-1,stu4-12application4-12,setStatus> 1.7560030191061469E-4
<306,stu0-13,gradebook0-4,readMyScores> 2.955071142516166E-5
<307,admissions0-1,stu2-2application2-2,read> 3.107340888636391E-5
<308,stu0-13,gradebook0-8,readMyScores> 2.5146621550587724E-5
<309,admissions4-1,stu2-3application2-3,read> 6.36002943886031E-5
<310,admissions4-0,stu4-14application4-14,read> 1.5499795558767898E-4
<311,admissions0-0,stu3-0application3-0,read> 8.69091266628096E-5
<312,admissions2-1,stu0-17application0-17,setStatus> 2.009395804772225E-4
<313,admissions0-1,stu3-9application3-9,setStatus> 1.0763049537566455E-4
<314,stu2-7,gradebook2-1,readScore> 3.3357816380668914E-4
<315,admissions0-0,stu4-5application4-5,setStatus> 1.0205879718740102E-4
<316,admissions2-0,stu5-9application5-9,read> 2.5345041975341607E-5
<317,stu0-12,gradebook0-3,readMyScores> 3.906548756210765E-5
<318,stu0-12,gradebook0-1,readMyScores> 3.300388236529686E-5
<319,stu0-12,gradebook0-7,readMyScores> 1.669870518230295E-5
<320,admissions4-1,stu2-1application2-1,setStatus> 1.2716757661194441E-4
<321,admissions2-0,stu0-17application0-17,setStatus> 2.075959640955156E-4
<322,stu0-12,gradebook0-8,readMyScores> 2.5267810088180917E-5
<323,admissions2-0,stu0-2application0-2,read> 8.189654981556797E-6
<324,admissions2-1,stu2-8application2-8,setStatus> 2.122613857942175E-4
<325,admissions2-1,stu5-5application5-5,read> 8.336263226022956E-5
<326,fac0-4,gradebook0-8,addScore> 3.838418365758538E-5
<327,fac0-4,gradebook0-9,addScore> 2.1427957813633872E-4
<328,stu0-11,gradebook0-4,readMyScores> 2.9265885290943233E-5
<329,stu0-11,gradebook0-6,readMyScores> 1.678328236718247E-5
<330,admissions2-1,stu2-13application2-13,read> 9.617244627602963E-5
<331,admissions4-0,stu0-18application0-18,setStatus> 2.1992776121417944E-4
<332,admissions2-1,stu3-17application3-17,setStatus> 1.5295669127662472E-4
<333,admissions0-1,stu2-19application2-19,setStatus> 1.5233728296871227E-4
<334,admissions2-0,stu5-5application5-5,read> 8.612412732475063E-5
<335,stu0-10,gradebook0-7,readMyScores> 1.653852575609381E-5
<336,stu0-10,gradebook0-2,readMyScores> 1.457770943188383E-5
<337,stu0-10,gradebook0-3,readMyScores> 3.86907586646294E-5
<338,admissions0-0,stu2-2application2-2,read> 3.1178921310426264E-5
<339,admissions2-0,stu2-13application2-13,read> 9.935828300567035E-5
<340,admissions2-0,stu4-12application4-12,setStatus> 1.8141728913746735E-4
<341,registrar0-1,roster3-2,write> 8.825443060359495E-5
<342,stu2-10,gradebook2-6,addScore> 3.1492644699281867E-4
<343,stu4-6,gradebook4-1,readMyScores> 1.3093481540943307E-4
<344,registrar0-1,roster3-4,write> 8.992266872474458E-5
<345,admissions2-0,stu2-19application2-19,setStatus> 1.2905993922137084E-4
<346,registrar0-1,roster3-5,write> 9.270306559332722E-5
<347,admissions4-1,stu1-14application1-14,setStatus> 1.922487024137183E-4
<348,admissions0-1,stu5-17application5-17,setStatus> 1.654863381431381E-4
<349,registrar0-1,roster3-6,write> 9.325914496704376E-5
<350,registrar0-1,roster3-7,write> 9.38152243407603E-5
<351,admissions4-1,stu0-13application0-13,read> 1.6419873719315375E-4
<352,registrar0-1,roster3-8,write> 9.437130371447682E-5
<353,admissions0-1,stu4-4application4-4,setStatus> 1.8060775159372774E-4
<354,admissions0-0,stu1-18application1-18,setStatus> 1.475770757067482E-4
<355,admissions0-1,stu5-7application5-7,setStatus> 1.164239260235618E-5
<356,admissions2-1,stu2-19application2-19,setStatus> 1.2492174477739905E-4
<357,admissions0-1,stu4-3application4-3,setStatus> 2.5687227160539746E-4
<358,admissions4-0,stu4-6application4-6,setStatus> 6.608828054782012E-5
<359,stu2-3,gradebook2-2,readScore> 3.393213182300028E-4
<360,admissions2-1,stu0-2application0-2,read> 7.927060833851568E-6
<361,fac1-3,gradebook1-7,assignGrade> 3.0521269652455707E-4
<362,admissions4-0,stu0-13application0-13,read> 1.6290328364527878E-4
<363,admissions4-0,stu1-8application1-8,setStatus> 1.4356947883963612E-4
<364,admissions4-0,stu1-14application1-14,setStatus> 1.9073194736508932E-4
<365,admissions0-0,stu5-7application5-7,setStatus> 1.1681925344639223E-5
<366,admissions0-1,stu0-4application0-4,setStatus> 1.6680124366058068E-4
<367,admissions4-1,stu3-6application3-6,read> 1.8660928138228636E-4
<368,fac4-0,gradebook4-1,readScore> 1.1497737072648644E-4
<369,admissions2-1,stu0-7application0-7,setStatus> 1.162956073930219E-4
<370,admissions2-1,stu3-18application3-18,setStatus> 1.70208966045379E-4
<371,admissions0-0,stu3-19application3-19,read> 1.7572914144317053E-4
<372,admissions2-0,stu5-1application5-1,setStatus> 3.381412182081232E-5
<373,admissions4-0,stu3-5application3-5,read> 1.075659872420803E-4
<374,fac4-1,gradebook4-3,readScore> 2.085978432812143E-4
<375,stu3-6,transcript3-6,read> 3.952448595441164E-4
<376,admissions0-0,stu0-14application0-14,read> 1.362535793185657E-4
<377,admissions4-0,stu0-18application0-18,read> 1.9353642986847788E-4
<378,stu3-14,gradebook3-8,addScore> 1.0074247566705692E-4
<379,stu4-5,gradebook4-4,readMyScores> 9.982132432903007E-5
<380,admissions2-1,stu5-12application5-12,setStatus> 9.311286317250836E-5
<381,admissions0-1,stu0-14application0-14,read> 1.3579248429549103E-4
<382,fac4-2,gradebook4-4,readScore> 9.790068465994126E-5
<383,registrar0-0,transcript1-12,read> 4.305463764426647E-5
<384,registrar0-0,transcript1-10,read> 4.607896341049787E-5
<385,registrar0-0,transcript1-15,read> 3.599787752305987E-5
<386,fac4-4,gradebook4-8,readScore> 1.536158884776141E-4
<387,registrar0-0,transcript1-16,read> 3.7005986111803666E-5
<388,stu4-4,gradebook4-6,readMyScores> 1.837187311613431E-4
<389,registrar0-0,transcript1-13,read> 3.8014094700547465E-5
<390,stu4-4,gradebook4-7,readMyScores> 1.1324281938671096E-4
<391,registrar0-0,transcript1-14,read> 3.9022203289291264E-5
<392,registrar0-0,transcript1-19,read> 3.297355175682846E-5
<393,registrar0-0,transcript1-17,read> 3.398166034557227E-5
<394,stu4-4,gradebook4-4,readMyScores> 9.652447325027312E-5
<395,fac4-3,gradebook4-7,readScore> 1.24217233375795E-4
<396,admissions2-0,stu1-2application1-2,setStatus> 1.7417637904268806E-4
<397,admissions2-0,stu5-12application5-12,setStatus> 9.619734725275708E-5
<398,admissions0-1,stu0-8application0-8,setStatus> 1.904695429745471E-4
<399,stu3-12,gradebook3-4,addScore> 5.4501071714671384E-5
<400,stu4-3,gradebook4-8,readMyScores> 1.9114417594962295E-4
<401,stu4-3,gradebook4-9,readMyScores> 1.1525046266177874E-4
<402,stu4-3,gradebook4-2,readMyScores> 1.0369020362546255E-4
<403,registrar2-1,transcript3-12,read> 3.703494304153231E-4
<404,admissions4-0,stu3-3application3-3,read> 1.8365476979647816E-4
<405,admissions4-1,stu1-9application1-9,setStatus> 1.7187548042359779E-4
<406,fac4-4,gradebook4-9,readScore> 7.433029524149725E-5
<407,admissions2-0,stu5-9application5-9,setStatus> 2.8801184062888192E-5
<408,admissions4-0,stu2-5application2-5,read> 1.337523864328796E-4
<409,admissions4-0,stu2-11application2-11,read> 6.754526395048144E-5
<410,admissions2-1,stu3-0application3-0,setStatus> 8.071279068246625E-5
<411,admissions4-0,stu2-1application2-1,setStatus> 1.2616428212190934E-4
<412,admissions2-1,stu5-9application5-9,setStatus> 2.7877699203156305E-5
<413,admissions0-0,stu3-12application3-12,setStatus> 9.28232044443451E-5
<414,stu4-9,gradebook4-5,readMyScores> 1.545186651859973E-4
<415,stu4-9,gradebook4-4,readMyScores> 1.0275185862125846E-4
<416,admissions2-0,stu3-10application3-10,setStatus> 5.665083827357782E-5
<417,registrar2-1,roster5-1,write> 1.0282366718805605E-4
<418,stu3-18,gradebook3-4,addScore> 6.09529119799596E-5
<419,admissions4-1,stu2-11application2-11,read> 6.808240322642961E-5
<420,registrar2-1,roster5-4,write> 8.594904507938192E-5
<421,registrar2-1,roster5-6,write> 8.827657916333697E-5
<422,registrar2-1,roster5-7,write> 9.293164733124707E-5
<423,registrar2-1,roster5-8,write> 9.176788028926956E-5
<424,admissions2-0,stu4-17application4-17,read> 8.514381949653436E-5
<425,admissions2-1,stu1-19application1-19,read> 4.2086564875985014E-5
<426,registrar2-0,roster5-2,write> 1.0294698950856122E-4
<427,registrar2-0,roster5-3,write> 8.614719942697657E-5
<428,stu4-8,gradebook4-7,readMyScores> 1.1839998763202609E-4
<429,registrar2-0,roster5-1,write> 1.023676864022997E-4
<430,stu4-8,gradebook4-4,readMyScores> 1.0092027468861573E-4
<431,stu4-8,gradebook4-3,readMyScores> 3.676545394006077E-4
<432,stu3-17,gradebook3-9,addScore> 1.9255741495226593E-4

