<0,registrar2-0,roster0-4,read> 2.0527545226304113E-4
<1,stu4-10,transcript4-10,read> 0.0016795323906085324
<2,registrar0-0,transcript2-9,read> 2.0031957748829928E-4
<3,app3-1,application3-1,checkStatus> 0.0014718793601261994
<4,fac4-4,roster4-8,read> 0.0013873451034596511
<5,chair1,transcript1-15,read> 2.0483959936788695E-4
<6,chair4,transcript4-1,read> 0.001208720949828943
<7,admissions4-1,stu2-0application2-0,setStatus> 1.1301950578547182E-4
<8,stu3-2,transcript3-2,read> 3.7541030307980107E-4
<9,chair5,transcript5-2,read> 0.0016848475331904728
<10,registrar0-1,transcript0-1,read> 1.7230110450403087E-4
<11,stu3-1,stu3-1application3-1,checkStatus> 0.0019350213757082214
<12,app5-4,application5-4,checkStatus> 0.002307940920722317
<13,registrar4-1,transcript0-18,read> 3.865899511308691E-4
<14,fac4-3,roster4-6,read> 0.0015348136117679218
<15,fac2-1,gradebook2-2,addScore> 7.466702252231783E-4
<16,chair1,transcript1-4,read> 0.0017708945060871345
<17,registrar0-1,transcript2-10,read> 3.328534561894176E-4
<18,admissions0-0,stu5-4application5-4,setStatus> 8.2268241309424E-5
<19,admissions4-1,stu4-3application4-3,setStatus> 2.211107668997224E-4
<20,admissions4-0,stu0-14application0-14,read> 1.159653983032801E-4
<21,registrar2-0,transcript2-18,read> 3.6138956460762914E-4
<22,stu5-18,stu5-18application5-18,checkStatus> 0.0013696272268158827
<23,registrar0-1,roster0-6,read> 1.9857536510482676E-4
<24,fac1-3,roster1-6,read> 0.00278829593238822
<25,registrar2-0,roster3-5,read> 1.3279015109206587E-4
<26,stu0-7,stu0-7application0-7,checkStatus> 0.0012974492503615414
<27,registrar0-0,transcript5-1,read> 2.910493504752413E-4
<28,fac0-4,roster0-8,read> 0.002904164046059004
<29,stu3-12,transcript3-12,read> 0.001748953338233636
<30,stu4-13,stu4-13application4-13,checkStatus> 0.002151555305071245
<31,registrar0-1,transcript4-16,read> 3.6697083092256236E-4
<32,fac0-2,gradebook0-4,changeScore> 3.303335824810514E-4
<33,registrar0-1,transcript2-8,read> 1.913666962666706E-4
<34,stu3-13,transcript3-13,read> 0.0017439946991175568
<35,fac2-3,roster2-6,read> 0.001924551812296922
<36,fac1-1,roster1-3,read> 0.002767229002629896
<37,registrar2-1,roster1-9,write> 1.5926636872396608E-4
<38,registrar0-1,transcript2-0,read> 2.3451514078211828E-4
<39,app5-3,application5-3,checkStatus> 0.002289896426608732
<40,stu0-17,stu0-17application0-17,checkStatus> 0.0022417777756391713
<41,admissions2-0,application3-2,read> 1.223955169687528E-4
<42,admissions0-0,stu3-0application3-0,read> 8.69091266628096E-5
<43,stu4-12,transcript4-12,read> 0.0017886224511622663
<44,chair4,transcript4-18,read> 0.0021093459328140047
<45,admissions4-0,stu5-5application5-5,read> 8.681450109088089E-5
<46,admissions4-1,stu4-6application4-6,setStatus> 6.661383347464176E-5
<47,chair1,transcript1-8,read> 0.0017479486466480247
<48,admissions0-0,stu2-6application2-6,setStatus> 1.84519446678972E-4
<49,fac5-3,roster5-6,read> 0.0015980144010428947
<50,registrar4-0,transcript3-12,read> 4.212622124236379E-4
<51,admissions4-1,application4-1,setStatus> 1.599911009293608E-4
<52,stu2-12,transcript2-12,read> 0.001654739195028138
<53,chair0,transcript0-3,read> 6.178650692718645E-4
<54,stu5-15,gradebook5-8,readMyScores> 3.0145926909567448E-5
<55,registrar2-0,transcript5-6,read> 3.1121229831523563E-4
<56,fac2-3,gradebook2-6,assignGrade> 8.003489994351706E-4
<57,registrar2-1,roster4-1,write> 1.0456931775102233E-4
<58,fac1-3,gradebook1-6,readScore> 8.238015763731856E-5
<59,registrar4-1,transcript0-19,read> 3.8537696135087943E-4
<60,stu1-7,gradebook1-2,readMyScores> 8.429993623328757E-5
<61,chair5,transcript5-3,read> 0.0016791110683306951
<62,registrar4-0,roster4-5,read> 1.2532560263125173E-4
<63,stu5-5,gradebook5-6,readMyScores> 3.534127562258409E-5
<64,registrar4-1,roster0-6,write> 1.7457543171417803E-4
<65,chair3,transcript3-2,read> 4.3429819375898554E-4
<66,fac5-4,roster5-9,read> 0.0017138825147136785
<67,chair2,transcript2-19,read> 0.0019946166356184557
<68,chair0,transcript0-4,read> 6.12128604412087E-4
<69,stu2-13,stu2-13application2-13,checkStatus> 0.0012192564425360054
<70,registrar2-1,transcript2-17,read> 3.60899285469108E-4
<71,stu2-17,transcript2-17,read> 0.0017043255861889262
<72,registrar4-0,transcript0-15,read> 3.9020874277776075E-4
<73,admissions2-1,stu3-1application3-1,setStatus> 1.7344376756452042E-4
<74,admissions2-1,stu5-18application5-18,read> 1.0803338517954817E-4
<75,stu1-8,transcript1-8,read> 0.0015109386606618521
<76,registrar2-0,roster2-6,read> 1.455348194298198E-4
<77,chair0,transcript0-5,read> 6.408109287109743E-4
<78,registrar4-0,transcript2-0,read> 2.791328705828925E-4
<79,stu0-16,stu0-16application0-16,checkStatus> 0.0014357903718990289
<80,admissions0-1,stu2-12application2-12,setStatus> 6.949823536982972E-5
<81,fac3-3,roster3-6,read> 0.0017665498391094892
<82,registrar2-0,transcript0-16,read> 3.352555717470075E-4
<83,stu3-11,transcript3-11,read> 0.0017539119773497148
<84,registrar4-0,transcript0-17,read> 3.818481932577169E-4
<85,registrar0-1,transcript0-10,read> 3.258292908031819E-4
<86,registrar4-0,transcript4-18,read> 4.391776756808747E-4
<87,registrar2-0,transcript3-11,read> 3.697524423230281E-4
<88,registrar4-1,transcript5-8,read> 3.6354314531106567E-4
<89,admissions0-1,stu0-15application0-15,setStatus> 1.5496709400359744E-4
<90,chair4,transcript4-19,read> 0.0021036094679542277
<91,registrar4-0,roster2-6,write> 1.2093032981169881E-4
<92,stu2-4,transcript2-4,read> 9.654883578931814E-4
<93,fac0-2,roster0-5,read> 0.002704028213354923
<94,registrar4-1,transcript0-15,read> 3.962938693707863E-4
<95,stu1-3,gradebook1-3,readMyScores> 1.4611872919108662E-4
<96,admissions0-0,stu0-9application0-9,read> 1.269652117598351E-4
<97,registrar2-0,transcript2-16,read> 3.561627660355048E-4
<98,registrar2-0,transcript0-12,read> 3.457091688912562E-4
<99,fac4-0,gradebook4-1,assignGrade> 4.5708223481226624E-4
<100,app4-3,application4-3,checkStatus> 0.001724502277716393
<101,registrar4-1,transcript0-13,read> 3.987198489307656E-4
<102,registrar4-0,transcript1-1,read> 3.1496379709736617E-4
<103,stu4-17,transcript4-17,read> 0.0018084570076265817
<104,admissions0-0,stu5-0application5-0,read> 1.414782860703516E-4
<105,stu4-1,stu4-1application4-1,checkStatus> 0.0021816294619272205
<106,stu5-6,gradebook5-5,addScore> 1.325131586695896E-4
<107,admissions4-0,stu3-19application3-19,setStatus> 1.6995800289554448E-4
<108,registrar2-0,transcript3-2,read> 7.914244171291576E-5
<109,registrar0-1,roster4-6,read> 1.1140992327476003E-4
<110,fac1-2,roster1-5,read> 0.0028093628621465444
<111,registrar4-0,transcript4-13,read> 4.296227619436817E-4
<112,registrar0-0,transcript0-10,read> 3.2734125967001805E-4
<113,fac2-4,gradebook2-8,changeScore> 0.0022118515335413824
<114,admissions0-0,application4-3,read> 1.6644077388443997E-4
<115,registrar2-1,transcript5-4,read> 3.104985124226282E-4
<116,stu4-5,stu4-5application4-5,checkStatus> 9.305445367186408E-4
<117,admissions0-1,stu4-9application4-9,setStatus> 1.5759690503848258E-4
<118,fac1-4,roster1-9,read> 0.00288309711630068
<119,stu5-14,stu5-14application5-14,checkStatus> 3.892097133110825E-4
<120,stu2-14,transcript2-14,read> 0.0016696151123763746
<121,registrar4-0,transcript3-10,read> 4.2484530507508523E-4
<122,stu1-13,stu1-13application1-13,checkStatus> 0.0014478200346414191
<123,chair0,transcript0-7,read> 6.580203232903067E-4
<124,registrar0-1,roster0-3,write> 1.405258917329492E-4
<125,fac2-4,roster2-8,read> 0.001956152206934408
<126,stu2-9,gradebook2-8,readMyScores> 4.444513314562402E-4
<127,registrar2-1,transcript0-11,read> 3.398989633664081E-4
<128,app5-0,application5-0,checkStatus> 0.0022598222697527565
<129,admissions0-1,stu3-15application3-15,read> 1.6298473039620356E-4
<130,admissions4-1,stu0-17application0-17,read> 1.8561325719610263E-4
<131,stu1-9,stu1-9application1-9,checkStatus> 0.00182675441102671
<132,fac4-1,roster4-3,read> 0.0019140183474177595
<133,fac1-3,roster1-7,read> 0.0028620301865423556
<134,stu0-12,transcript0-12,read> 0.0016398632776799017
<135,stu5-1,stu5-1application5-1,checkStatus> 3.651503878263021E-4
<136,chair1,transcript1-9,read> 0.0017536851115078024
<137,fac4-3,gradebook4-7,addScore> 9.338524223443756E-4
<138,fac0-3,gradebook0-7,addScore> 6.553413061850185E-5
<139,chair1,transcript1-19,read> 1.8763020478855454E-4
<140,chair1,transcript1-2,read> 0.0017823674358066898
<141,fac2-3,gradebook2-7,changeScore> 0.002223501799492221
<142,chair4,transcript4-9,read> 0.001168565695810501
<143,chair0,transcript0-6,read> 6.293379989914194E-4
<144,registrar0-0,transcript1-5,read> 3.122196308388611E-4
<145,stu1-5,gradebook1-4,addScore> 2.1300948986580542E-4
<146,fac4-1,roster4-2,read> 0.0019034848825385977
<147,admissions2-0,stu0-15application0-15,setStatus> 1.3128791155822602E-4
<148,admissions0-0,stu4-16application4-16,read> 1.7456809549832921E-4
<149,registrar2-1,transcript0-12,read> 3.4724907610235315E-4
<150,fac0-1,gradebook0-3,addScore> 2.3460649463939053E-4
<151,stu5-5,stu5-5application5-5,checkStatus> 0.0010568559955137378
<152,chair0,transcript0-14,read> 0.0018798873384229065
<153,stu3-8,stu3-8application3-8,checkStatus> 0.001904947218852246
<154,registrar2-0,transcript5-3,read> 3.059854997431113E-4
<155,fac4-4,roster4-9,read> 0.0013557447088221647
<156,registrar0-1,transcript1-12,read> 4.285577095768787E-5
<157,registrar4-0,transcript1-4,read> 3.6871018686907654E-4
<158,registrar4-0,transcript2-1,read> 2.3135830189692763E-4
<159,chair5,transcript5-9,read> 0.00171352985748936
<160,registrar0-0,transcript3-19,read> 3.4548721426740656E-4
<161,stu3-17,stu3-17application3-17,checkStatus> 0.001706457783602808
<162,chair3,transcript3-18,read> 0.0019774072410391236
<163,chair3,transcript3-11,read> 0.002029035424777121
<164,registrar4-1,transcript0-5,read> 1.3550106667301086E-4
<165,registrar0-0,roster5-9,read> 1.2498557923229994E-4
<166,registrar4-0,roster3-9,write> 1.1298781328130673E-4
<167,admissions0-0,stu3-17application3-17,setStatus> 1.871581874627023E-4
<168,fac1-4,roster1-8,read> 0.0028725636514215177
<169,chair3,transcript3-17,read> 0.0019888801707586786
<170,admissions4-1,stu5-4application5-4,read> 6.21062581093276E-5
<171,registrar4-1,roster4-3,write> 1.2214398487173596E-4
<172,registrar2-1,roster0-3,read> 2.0218937032690282E-4
<173,stu4-11,stu4-11application4-11,checkStatus> 0.00213351081095766
<174,stu2-10,stu2-10application2-10,checkStatus> 0.0014598496973838094
<175,chair4,transcript4-16,read> 0.00209787300309445
<176,admissions0-1,stu4-14application4-14,read> 1.814986000817951E-4
<177,stu2-8,stu2-8application2-8,checkStatus> 0.0023680892344342683
<178,stu1-4,stu1-4application1-4,checkStatus> 0.002338015077578293
<179,registrar2-1,transcript0-5,read> 1.1729554907778868E-4
<180,stu4-10,gradebook4-7,readMyScores> 3.7613958778728334E-5
<181,admissions4-1,stu3-11application3-11,setStatus> 1.396178789392403E-4
<182,registrar4-0,transcript4-12,read> 4.3081712616083087E-4
<183,admissions2-0,stu0-4application0-4,read> 1.2435613262518538E-4
<184,admissions0-0,stu3-8application3-8,read> 1.838564630570598E-4
<185,registrar4-0,transcript5-4,read> 3.53183452046138E-4
<186,stu1-17,stu1-17application1-17,checkStatus> 7.200254387268127E-4
<187,app5-2,application5-2,checkStatus> 0.002277866763866342
<188,registrar4-0,transcript5-6,read> 3.555721804804363E-4
<189,fac1-4,gradebook1-8,assignGrade> 2.6984581774522755E-4
<190,stu2-11,transcript2-11,read> 0.0016497805559120594
<191,stu2-14,stu2-14application2-14,checkStatus> 6.538622936436666E-4
<192,registrar4-0,transcript4-7,read> 2.397188514169715E-4
<193,stu2-3,transcript2-3,read> 9.704469970092601E-4
<194,fac1-0,roster1-1,read> 0.0028304297919048687
<195,admissions2-0,stu5-3application5-3,setStatus> 1.619225311899846E-4
<196,admissions4-1,stu2-5application2-5,read> 1.348160237007355E-4
<197,registrar0-0,transcript2-3,read> 1.972952517220679E-4
<198,admissions0-0,stu4-1application4-1,setStatus> 2.3927331794137518E-4
<199,chair5,transcript5-7,read> 0.001702056927769805
<200,fac4-2,gradebook4-4,assignGrade> 4.695646626167355E-4
<201,stu4-3,gradebook4-5,addScore> 3.292512018846356E-4
<202,stu2-16,transcript2-16,read> 0.0016894496688406898
<203,fac5-1,gradebook5-2,assignGrade> 2.0327286945472488E-4
<204,registrar2-0,transcript2-11,read> 3.477998883201059E-4
<205,registrar4-0,roster0-5,write> 1.6990918174911661E-4
<206,chair2,transcript2-12,read> 0.0019143061275815713
<207,registrar2-0,transcript5-2,read> 3.070308594575362E-4
<208,stu3-16,transcript3-16,read> 0.0017291187817693205
<209,stu5-4,stu5-4application5-4,checkStatus> 7.500995955827881E-4
<210,chair5,transcript5-8,read> 0.0017192663223491375
<211,stu5-17,stu5-17application5-17,checkStatus> 0.001513983179724565
<212,stu1-11,gradebook1-2,readMyScores> 3.776493958646215E-5
<213,stu4-18,transcript4-18,read> 0.001823332924974818
<214,admissions0-1,stu3-17application3-17,read> 1.6414184725155304E-4
<215,chair0,transcript0-15,read> 0.0018741508735631292
<216,stu5-1,transcript5-1,read> 0.0014316004348045909
<217,stu1-5,transcript1-5,read> 0.0015357318562422464
<218,stu0-10,transcript0-10,read> 0.0016101114429834286
<219,stu4-3,transcript4-3,read> 0.0010200333881700485
<220,admissions4-0,stu4-12application4-12,setStatus> 1.828715359441805E-4
<221,app4-2,application4-2,checkStatus> 0.0016884132894892227
<222,stu2-7,gradebook2-7,readMyScores> 1.9668629919822382E-4
<223,stu2-10,transcript2-10,read> 0.0016448219167959804
<224,stu1-2,stu1-2application1-2,checkStatus> 0.0018808878933674656
<225,chair4,transcript4-5,read> 0.0011915115552496107
<226,stu2-13,transcript2-13,read> 0.001659697834144217
<227,admissions4-1,stu1-3application1-3,setStatus> 1.565955639310074E-4
<228,chair5,transcript5-13,read> 1.532114156298898E-4
<229,fac1-0,gradebook1-1,assignGrade> 3.1353431506086994E-4
<230,registrar4-1,transcript3-6,read> 9.668539371334194E-5
<231,fac3-1,roster3-2,read> 0.0016717486551970297
<232,admissions4-0,stu3-7application3-7,read> 1.4215179749407935E-4
<233,fac3-2,roster3-4,read> 0.0017033490498345166
<234,chair2,transcript2-16,read> 0.0019544613816000135
<235,registrar4-1,roster0-4,read> 2.3819267400678048E-4
<236,registrar0-0,roster0-6,read> 1.9949682851598609E-4
<237,registrar4-1,transcript2-4,read> 2.361792184121521E-4
<238,fac2-3,gradebook2-6,addScore> 0.0015639868339389841
<239,fac0-1,roster0-2,read> 0.0026829612835965987
<240,stu2-18,gradebook2-7,addScore> 2.5876697763086874E-4
<241,chair2,transcript2-11,read> 0.0019085696627217938
<242,admissions2-1,stu3-18application3-18,read> 1.497838901199335E-4
<243,admissions0-1,stu3-17application3-17,setStatus> 1.8652482642221937E-4
<244,chair0,transcript0-10,read> 0.001862677943843574
<245,admissions4-1,stu4-11application4-11,setStatus> 2.0073754490960188E-4
<246,stu2-9,stu2-9application2-9,checkStatus> 0.0021455404737000497
<247,stu5-13,stu5-13application5-13,checkStatus> 0.0022477926070103666
<248,stu3-9,stu3-9application3-9,checkStatus> 9.846780190593968E-4
<249,admissions0-0,application3-0,setStatus> 1.6209015001726468E-4
<250,admissions0-1,stu1-3application1-3,read> 1.600919382578299E-4
<251,admissions4-0,stu4-1application4-1,read> 1.7920802276407834E-4
<252,admissions0-0,stu1-16application1-16,read> 1.2870678067709708E-4
<253,admissions2-1,stu3-7application3-7,setStatus> 1.55113225622719E-4
<254,stu2-12,stu2-12application2-12,checkStatus> 6.358177995300814E-4
<255,registrar4-0,transcript2-13,read> 3.9976365651495376E-4
<256,stu4-19,transcript4-19,read> 0.0018183742858587394
<257,app1-3,application1-3,checkStatus> 2.6891308588718063E-4
<258,fac2-2,gradebook2-4,changeScore> 0.0022526274643693157
<259,registrar0-0,transcript5-5,read> 2.970980020077041E-4
<260,stu1-14,stu1-14application1-14,checkStatus> 0.0020432883403897328
<261,registrar4-1,transcript4-13,read> 4.363225321104448E-4
<262,admissions2-1,stu2-9application2-9,setStatus> 1.9231344309284537E-4
<263,registrar4-0,roster0-8,read> 2.509166452680764E-4
<264,chair2,transcript2-5,read> 0.0010882551877736163
<265,admissions4-0,stu5-8application5-8,setStatus> 2.1487463958645237E-4
<266,admissions4-1,stu3-5application3-5,setStatus> 1.232061167805321E-4
<267,fac1-1,roster1-2,read> 0.0028198963270257065
<268,stu5-19,stu5-19application5-19,checkStatus> 3.771800505686923E-4
<269,registrar4-0,roster0-4,read> 2.3453520492414278E-4
<270,stu0-18,transcript0-18,read> 0.001580359608286956
<271,registrar4-0,transcript1-5,read> 3.699045510862257E-4
<272,fac2-3,roster2-7,read> 0.001935085277176084
<273,fac5-1,roster5-2,read> 0.0018718844879011109
<274,registrar2-0,transcript1-7,read> 3.216658954594843E-4
<275,stu0-9,gradebook0-8,readMyScores> 3.972722857797524E-5
<276,stu1-6,transcript1-6,read> 0.00152085593889401
<277,stu2-6,stu2-6application2-6,checkStatus> 0.0016823984581180278
<278,fac2-0,gradebook2-1,readScore> 5.55236856532267E-4
<279,stu2-18,transcript2-18,read> 0.0017142428644210841
<280,admissions2-1,stu5-1application5-1,read> 2.8802313304044224E-5
<281,registrar2-0,transcript0-18,read> 3.3316485231815783E-4
<282,registrar2-1,transcript3-6,read> 8.369503371346875E-5
<283,stu2-1,gradebook2-8,addScore> 4.312644354587713E-4
<284,stu4-3,gradebook4-9,readMyScores> 1.0053106746025954E-4
<285,fac2-1,roster2-2,read> 0.0014084120332179756
<286,fac4-0,gradebook4-1,changeScore> 0.0012798302574743453
<287,registrar4-1,transcript1-0,read> 3.223014927914174E-4
<288,admissions4-1,stu5-17application5-17,read> 1.253537939319906E-4
<289,admissions2-0,stu3-11application3-11,setStatus> 1.3741483548457777E-4
<290,registrar0-1,roster3-5,read> 1.2746671519082493E-4
<291,fac2-0,gradebook2-1,changeScore> 0.0021594253367626117
<292,registrar0-0,transcript0-18,read> 3.2129260813755533E-4
<293,admissions0-0,stu2-3application2-3,setStatus> 8.42472968972217E-5
<294,app3-0,application3-0,checkStatus> 0.0014778941914973943
<295,registrar0-0,roster1-3,read> 2.0180130014331657E-4
<296,admissions0-0,stu3-18application3-18,setStatus> 2.082681137325445E-4
<297,stu3-15,stu3-15application3-15,checkStatus> 0.0016944281208604176
<298,fac4-3,gradebook4-7,changeScore> 0.0013380815872285352
<299,fac3-2,gradebook3-4,changeScore> 5.225629706698778E-4
<300,registrar4-1,roster0-9,read> 2.5667812000892346E-4
<301,admissions0-1,stu0-9application0-9,setStatus> 1.4379039710533552E-4
<302,admissions4-0,application5-3,read> 1.8810151682887804E-4
<303,fac0-3,gradebook0-7,changeScore> 2.8955765165311853E-4
<304,registrar4-0,roster4-9,read> 1.1713488245928488E-4
<305,stu4-12,gradebook4-5,addScore> 1.562862177801366E-4
<306,stu0-19,transcript0-19,read> 0.0015754009691708768
<307,admissions2-0,stu1-17application1-17,setStatus> 6.66767137894261E-5
<308,admissions4-0,stu1-1application1-1,read> 1.9403051287207788E-4
<309,stu0-17,transcript0-17,read> 0.0015853182474030343
<310,chair5,transcript5-0,read> 0.0016733746034709178
<311,stu1-12,stu1-12application1-12,checkStatus> 0.0014237607091566386
<312,admissions4-0,stu4-14application4-14,read> 1.5499795558767898E-4
<313,registrar2-0,roster0-7,write> 1.4987054111574602E-4
<314,fac2-3,gradebook2-6,changeScore> 0.0022409771984184773
<315,registrar4-0,roster0-1,write> 1.6593792348392055E-4
<316,admissions0-0,stu5-11application5-11,setStatus> 1.4032053855148993E-4
<317,admissions4-0,stu5-0application5-0,read> 1.2041214533567996E-4
<318,fac2-2,roster2-4,read> 0.0014294789629763001
<319,stu2-8,gradebook2-1,readMyScores> 1.2676156235858456E-4
<320,admissions2-0,stu1-13application1-13,read> 1.179841317417796E-4
<321,stu2-0,stu2-0application2-0,checkStatus> 0.00120121194842242
<322,app3-2,application3-2,checkStatus> 0.0015019535169821748
<323,admissions2-1,stu0-15application0-15,setStatus> 1.270782791234933E-4
<324,registrar4-0,roster0-7,read> 2.3544528494325018E-4
<325,admissions4-1,stu0-0application0-0,setStatus> 1.367882647739458E-4
<326,admissions2-1,stu4-14application4-14,read> 1.48835015007652E-4
<327,stu1-16,gradebook1-9,addScore> 9.646582809297926E-5
<328,stu0-19,stu0-19application0-19,checkStatus> 0.0011891822856800298
<329,stu1-3,transcript1-3,read> 0.0015456491344744041
<330,fac2-1,roster2-3,read> 0.001376811638580489
<331,registrar0-1,roster1-2,write> 1.488670823386972E-4
<332,admissions0-0,stu0-5application0-5,read> 1.8733960089158374E-4
<333,fac4-2,roster4-4,read> 0.0014716128224929487
<334,chair3,transcript3-7,read> 4.515075883383179E-4
<335,admissions2-0,stu2-14application2-14,read> 5.328381507950544E-5
<336,chair0,transcript0-13,read> 0.001885623803282684
<337,stu4-12,stu4-12application4-12,checkStatus> 0.001959080701193002
<338,admissions2-1,stu5-3application5-3,read> 1.3792295121641492E-4
<339,fac4-3,gradebook4-6,assignGrade> 4.758058765189702E-4
<340,chair3,transcript3-15,read> 0.0020060895653380107
<341,admissions0-0,application2-1,read> 6.020506993145925E-5
<342,admissions2-0,stu2-5application2-5,setStatus> 1.507826695057088E-4
<343,registrar0-1,transcript3-10,read> 3.569363089422256E-4
<344,fac4-4,gradebook4-8,addScore> 5.942841268526419E-4
<345,stu5-8,stu5-8application5-8,checkStatus> 0.0023019260893511226
<346,registrar0-1,roster5-3,read> 1.1370375069134075E-4
<347,fac0-3,roster0-6,read> 0.0027356286079924094
<348,stu3-3,stu3-3application3-3,checkStatus> 0.002235762944267976
<349,registrar4-0,transcript1-9,read> 3.651270942176292E-4
<350,stu0-1,transcript0-1,read> 8.514396582233682E-4
<351,fac4-1,gradebook4-3,changeScore> 0.0012973056564006024
<352,admissions0-0,stu3-15application3-15,setStatus> 1.8583881707083714E-4
<353,admissions4-0,stu4-5application4-5,read> 7.643875801528119E-5
<354,fac2-1,gradebook2-3,changeScore> 0.002258452597344734
<355,stu3-2,stu3-2application3-2,checkStatus> 5.997288113029108E-4
<356,fac0-0,gradebook0-1,readScore> 3.3926831310013185E-5
<357,admissions0-1,stu3-6application3-6,setStatus> 2.463530274658568E-4
<358,fac2-3,gradebook2-7,assignGrade> 7.941077855329361E-4
<359,stu4-2,transcript4-2,read> 0.0010497852228665212
<360,stu4-3,stu4-3application4-3,checkStatus> 0.002350044740320683
<361,chair4,transcript4-0,read> 0.0012029844849691656
<362,fac3-2,gradebook3-4,assignGrade> 1.8662963238209922E-4
<363,registrar4-1,roster1-7,read> 2.5113248620828055E-4
<364,admissions2-0,application3-4,read> 1.2141520914053654E-4
<365,fac2-2,gradebook2-5,changeScore> 0.0022468023313938967
<366,stu4-5,transcript4-5,read> 0.001029950666402206
<367,stu0-3,transcript0-3,read> 5.340867547943236E-4
<368,admissions4-0,stu1-3application1-3,setStatus> 1.5536009597099946E-4
<369,registrar4-0,roster2-9,read> 1.6991952356751555E-4
<370,stu0-2,transcript0-2,read> 8.663155755716048E-4
<371,fac0-2,roster0-4,read> 0.002714561678234085
<372,admissions4-1,stu3-6application3-6,setStatus> 2.1205600157077995E-4
<373,admissions2-0,application4-0,read> 1.3219859525091554E-4
<374,fac0-0,roster0-1,read> 0.0026408274240799496
<375,fac3-1,roster3-3,read> 0.0017349494444720028
<376,stu1-9,gradebook1-2,addScore> 3.8998079258591547E-4
<377,stu5-6,transcript5-6,read> 0.0014762281868493004
<378,stu4-14,transcript4-14,read> 0.0018034983685105027
<379,admissions2-0,application1-2,read> 2.1423810662476507E-5
<380,stu5-2,stu5-2application5-2,checkStatus> 0.001712472614974003
<381,registrar0-1,transcript2-18,read> 3.46901786961889E-4
<382,fac4-4,gradebook4-8,readScore> 2.189467835772891E-4
<383,stu4-0,transcript4-0,read> 0.0010398679446343637
<384,admissions0-0,stu4-4application4-4,setStatus> 1.8122102069930915E-4
<385,admissions0-1,application4-3,read> 1.6587752253457722E-4
<386,chair2,transcript2-17,read> 0.0019716707761793456
<387,admissions2-0,stu4-13application4-13,setStatus> 1.9924106783230874E-4
<388,stu3-1,gradebook3-1,addScore> 1.5443015329465263E-4
<389,admissions2-0,stu3-19application3-19,setStatus> 1.6860644820055015E-4
<390,fac3-1,gradebook3-3,changeScore> 5.109127047190399E-4
<391,admissions4-0,stu4-4application4-4,read> 1.3572871844727953E-4
<392,app4-1,application4-1,checkStatus> 0.0017004429522316127
<393,registrar2-0,roster2-7,read> 1.4633136120092936E-4
<394,stu4-9,stu4-9application4-9,checkStatus> 0.0014418052032702238
<395,stu2-5,transcript2-5,read> 9.406951623127872E-4
<396,registrar2-1,transcript2-16,read> 3.5774923715370307E-4
<397,registrar4-1,transcript5-2,read> 3.5626520663112777E-4
<398,registrar2-0,transcript1-14,read> 4.046413227919579E-5
<399,stu1-18,transcript1-18,read> 1.7210609932056926E-4
<400,registrar2-1,transcript0-16,read> 3.367489150510031E-4
<401,admissions0-1,stu2-1application2-1,read> 1.3000690001874364E-4
<402,registrar0-0,roster1-1,write> 1.5011654065307458E-4
<403,fac4-1,gradebook4-2,readScore> 3.3057093728800917E-4
<404,registrar0-1,roster0-4,read> 1.970461468271063E-4
<405,admissions4-0,stu4-0application4-0,setStatus> 6.664973850645647E-5
<406,registrar2-0,transcript1-4,read> 3.227112551739091E-4
<407,chair4,transcript4-17,read> 0.0020921365382346726
<408,fac2-0,gradebook2-1,assignGrade> 7.712233345580757E-4
<409,chair0,transcript0-12,read> 0.001897096733002239
<410,registrar0-1,roster4-3,read> 1.3893585227372842E-4
<411,stu5-2,transcript5-2,read> 0.0014563936303849852
<412,stu1-11,stu1-11application1-11,checkStatus> 0.0018929175561098561
<413,stu0-11,stu0-11application0-11,checkStatus> 0.0020192290149049527
<414,registrar4-1,transcript2-11,read> 4.035718080507242E-4
<415,registrar0-0,roster1-5,write> 1.489992210761871E-4
<416,admissions0-1,stu1-5application1-5,setStatus> 1.4116058607045035E-4
<417,registrar0-1,transcript1-0,read> 2.666256111191956E-4
<418,fac2-2,gradebook2-5,assignGrade> 8.024294040692489E-4
<419,stu4-4,gradebook4-3,readMyScores> 1.6230725191788324E-4
<420,registrar0-1,transcript0-18,read> 3.1980857761498E-4
<421,admissions0-1,stu5-8application5-8,read> 2.2141913159135187E-4
<422,chair0,transcript0-18,read> 0.0018282591546849095
<423,registrar4-1,roster1-6,read> 2.446625801075305E-4
<424,admissions0-1,stu2-18application2-18,setStatus> 1.9835897607920259E-4
<425,admissions2-1,application5-1,read> 1.7872458104451877E-4
<426,registrar2-0,roster5-8,read> 1.2562127515207934E-4
<427,admissions2-1,stu2-5application2-5,setStatus> 1.4594795465181832E-4
<428,registrar0-0,roster1-4,write> 1.462059221339683E-4
<429,admissions0-0,stu0-18application0-18,setStatus> 2.5840418862341957E-4
<430,stu5-8,transcript5-8,read> 0.001486145465081458
<431,registrar0-0,roster1-3,write> 1.4676458192241205E-4
<432,registrar2-0,transcript4-15,read> 3.78115320038427E-4
<433,registrar0-0,transcript0-13,read> 3.3137369402499333E-4
<434,chair2,transcript2-8,read> 0.001093991652633394
<435,registrar0-0,roster1-2,write> 1.4955788086463083E-4
<436,registrar0-0,roster1-9,write> 1.529098395952934E-4
<437,stu0-4,stu0-4application0-4,checkStatus> 0.0015260128424669551
<438,registrar2-1,transcript5-17,read> 2.27940996156389E-5
<439,stu4-13,transcript4-13,read> 0.0017836638120461875
<440,chair2,transcript2-3,read> 0.0011226739769322812
<441,fac2-4,roster2-9,read> 0.0019666856718135706
<442,admissions4-0,stu3-13application3-13,read> 1.1744764731408003E-4
<443,registrar0-0,roster1-8,write> 1.5235117980684962E-4
<444,chair4,transcript4-15,read> 0.0020749271436553405
<445,registrar0-1,transcript0-14,read> 3.2883964739728296E-4
<446,admissions4-1,stu1-4application1-4,setStatus> 2.1997892123360458E-4
<447,stu4-4,stu4-4application4-4,checkStatus> 0.001652324301262052
<448,registrar2-1,transcript3-16,read> 3.661493659947831E-4
<449,registrar4-0,transcript4-17,read> 4.355945830294274E-4
<450,registrar4-1,roster3-9,write> 1.1474980647087875E-4
<451,chair4,transcript4-6,read> 0.0011972480201093883
<452,admissions0-0,stu0-13application0-13,read> 1.9140326169852834E-4
<453,registrar0-0,transcript1-0,read> 2.678628529341339E-4
<454,admissions0-0,application3-2,read> 1.4496142390487557E-4
<455,registrar2-1,transcript2-6,read> 1.981467891731835E-4
<456,registrar2-0,transcript2-19,read> 3.634802840364788E-4
<457,admissions0-0,stu3-2application3-2,setStatus> 6.577611141110979E-5
<458,chair1,transcript1-1,read> 0.0015127535873971486
<459,chair1,transcript1-6,read> 0.00175942157636758
<460,stu1-13,transcript1-13,read> 1.8698201666880572E-4
<461,registrar2-1,transcript5-1,read> 3.031483996866832E-4
<462,registrar0-0,roster1-7,write> 1.5179252001840587E-4
<463,registrar2-1,roster1-7,read> 2.1739107731273425E-4
<464,admissions4-0,stu4-19application4-19,read> 6.260443391448159E-5
<465,admissions2-0,stu3-15application3-15,read> 1.380804422202132E-4
<466,registrar0-0,roster1-6,write> 1.4788190149929957E-4
<467,registrar0-0,transcript3-8,read> 6.926546095160526E-5
<468,registrar4-1,transcript0-1,read> 2.0828045347239E-4
<469,admissions2-0,stu0-11application0-11,setStatus> 1.8698721997960525E-4
<470,admissions2-0,stu1-11application1-11,read> 1.5425552138578175E-4
<471,admissions0-1,stu5-12application5-12,setStatus> 1.1354757020415617E-4
<472,stu4-2,stu4-2application4-2,checkStatus> 0.001129033971968079
<473,admissions0-0,stu1-5application1-5,read> 1.2464311987015245E-4
<474,admissions4-1,stu4-4application4-4,read> 1.368080720731028E-4
<475,stu2-3,stu2-3application2-3,checkStatus> 7.681440896963734E-4
<476,registrar0-1,roster3-1,read> 1.2287906035766353E-4
<477,stu5-0,stu5-0application5-0,checkStatus> 0.001465864528755004
<478,registrar0-0,transcript5-4,read> 2.9810611059644793E-4
<479,chair2,transcript2-14,read> 0.0019315155221609037
<480,stu1-1,transcript1-1,read> 0.0013076344569026203
<481,admissions2-1,stu4-11application4-11,setStatus> 1.9123517591979825E-4
<482,admissions2-1,stu5-3application5-3,setStatus> 1.5673062638228968E-4
<483,registrar0-1,roster0-9,read> 2.1233832960431098E-4
<484,stu4-7,stu4-7application4-7,checkStatus> 4.4935802702303346E-4
<485,admissions0-0,stu1-13application1-13,setStatus> 1.587917240376019E-4
<486,admissions0-0,stu0-3application0-3,setStatus> 1.0337816757926615E-4
<487,admissions2-1,stu4-13application4-13,setStatus> 1.92852576679369E-4
<488,registrar2-1,transcript3-10,read> 3.7349947873072803E-4
<489,registrar2-1,transcript1-0,read> 2.7899802926857826E-4
<490,admissions0-0,stu2-7application2-7,setStatus> 1.2184935306537806E-4
<491,admissions2-0,application3-3,read> 1.2190536305464469E-4
<492,fac5-4,roster5-8,read> 0.0016612151903178678
<493,registrar2-0,transcript0-11,read> 3.383916508902821E-4
<494,stu0-10,stu0-10application0-10,checkStatus> 0.0023440299089494882
<495,registrar4-0,roster4-1,read> 1.6354896343376355E-4
<496,admissions0-0,stu0-2application0-2,setStatus> 1.1022240148706655E-5
<497,stu2-9,gradebook2-4,readMyScores> 2.0975429968578165E-4
<498,registrar4-0,transcript2-17,read> 4.105129344692958E-4
<499,stu0-18,stu0-18application0-18,checkStatus> 0.0023560595716918776
<500,admissions0-0,stu4-18application4-18,read> 1.1441140248123834E-5
<501,admissions4-0,stu0-18application0-18,read> 1.9353642986847788E-4
<502,admissions4-1,stu3-19application3-19,read> 1.5075241067967422E-4
<503,registrar2-1,transcript4-19,read> 3.85049655887213E-4
<504,fac2-2,gradebook2-4,assignGrade> 8.045098087033271E-4
<505,registrar2-1,roster5-6,read> 1.2138029634958832E-4
<506,stu2-0,gradebook2-4,readMyScores> 2.1604243714959525E-4
<507,admissions0-0,application5-0,setStatus> 2.478492254884985E-4
<508,stu0-14,transcript0-14,read> 0.0016249873603316652
<509,stu3-2,gradebook3-8,addScore> 2.2475229706663205E-4
<510,registrar2-0,transcript4-10,read> 3.5407204660665504E-4
<511,registrar4-0,roster3-1,read> 1.4625744307072248E-4
<512,fac5-3,roster5-7,read> 0.001682282120076192
<513,admissions0-1,stu1-13application1-13,setStatus> 1.5825435779720393E-4
<514,admissions4-1,stu0-15application0-15,setStatus> 1.3339272777559234E-4
<515,admissions2-1,stu2-17application2-17,setStatus> 1.1521734021997476E-4
<516,admissions4-0,stu5-12application5-12,read> 8.533225208008093E-5
<517,chair4,transcript4-13,read> 0.002063454213935785
<518,fac2-2,gradebook2-5,addScore> 6.017400383656945E-4
<519,stu4-6,gradebook4-1,addScore> 1.8609742545548066E-4
<520,admissions0-1,stu2-11application2-11,read> 7.909375838336695E-5
<521,registrar4-1,roster1-3,write> 1.7659202582350273E-4
<522,stu3-5,stu3-5application3-5,checkStatus> 0.0013094789131039316
<523,fac2-2,gradebook2-4,addScore> 0.0015721176005402049
<524,stu1-4,transcript1-4,read> 0.0015307732171261673
<525,admissions0-1,stu4-7application4-7,setStatus> 4.911719984946972E-5
<526,stu4-16,transcript4-16,read> 0.0018134156467426606
<527,admissions4-0,stu2-19application2-19,setStatus> 1.3009448783236378E-4
<528,admissions0-1,stu4-18application4-18,read> 1.1402422345422909E-5
<529,fac0-2,gradebook0-4,addScore> 5.624461429444771E-5
<530,registrar2-1,transcript4-12,read> 3.78749559256403E-4
<531,registrar0-1,transcript1-3,read> 3.127844122287444E-4
<532,fac5-1,gradebook5-2,addScore> 2.551122938487372E-4
<533,fac5-1,gradebook5-3,addScore> 1.9123060955750633E-4
<534,stu1-10,gradebook1-9,readMyScores> 2.8009573694402848E-5
<535,admissions2-1,stu1-13application1-13,read> 1.1420107340937783E-4
<536,stu3-19,transcript3-19,read> 0.0016993669470728476
<537,registrar4-1,transcript4-4,read> 2.5073509577202787E-4
<538,stu3-6,stu3-6application3-6,checkStatus> 0.0022538074383815616
<539,registrar2-1,transcript2-2,read> 2.0234685359372346E-4
<540,admissions0-1,stu1-7application1-7,setStatus> 4.0570313986092944E-5
<541,registrar4-0,roster0-1,read> 2.2816464479039075E-4
<542,stu4-15,stu4-15application4-15,checkStatus> 1.4260162709208368E-4
<543,admissions0-1,stu3-14application3-14,read> 1.3463536744014155E-4
<544,stu2-17,gradebook2-9,readScore> 1.498029912624853E-4
<545,admissions4-0,stu3-2application3-2,setStatus> 5.5982037292365865E-5
<546,admissions4-1,stu5-0application5-0,read> 1.2136969718725593E-4
<547,fac3-1,gradebook3-3,addScore> 9.181092052264181E-5
<548,chair1,transcript1-5,read> 0.0017766309709469122
<549,admissions4-1,stu0-2application0-2,read> 8.320952055409408E-6
<550,registrar2-0,transcript4-2,read> 2.213113628746973E-4
<551,admissions2-0,stu0-11application0-11,read> 1.6454875358205262E-4
<552,stu0-13,transcript0-13,read> 0.001629945999447744
<553,registrar0-0,roster4-6,read> 1.1192690667742713E-4
<554,admissions0-0,stu2-1application2-1,read> 1.3044834959435904E-4
<555,admissions0-0,stu4-7application4-7,setStatus> 4.9283981512795595E-5
<556,registrar4-0,roster2-4,read> 1.2350544259303686E-4
<557,fac5-2,gradebook5-4,assignGrade> 1.9287084628433383E-4
<558,admissions4-1,stu4-5application4-5,read> 7.704662090208263E-5
<559,stu5-10,stu5-10application5-10,checkStatus> 0.00215757013644244
<560,stu1-2,transcript1-2,read> 0.0015406904953583253
<561,registrar0-0,transcript4-10,read> 3.414547799124313E-4
<562,registrar2-0,roster4-8,read> 1.0491118910322926E-4
<563,admissions0-1,stu3-15application3-15,setStatus> 1.852099209047768E-4
<564,admissions4-0,stu0-17application0-17,setStatus> 2.0926006000008884E-4
<565,admissions2-0,stu2-17application2-17,setStatus> 1.1903406370552257E-4
<566,admissions0-0,stu3-4application3-4,setStatus> 6.511642621517722E-5
<567,app4-0,application4-0,checkStatus> 0.0016222501444060765
<568,admissions4-1,application5-0,setStatus> 2.1262192440383882E-4
<569,fac4-3,roster4-7,read> 0.0015032132171304351
<570,admissions4-1,stu4-0application4-0,setStatus> 6.717975630770066E-5
<571,registrar2-0,transcript5-1,read> 3.0180406088541186E-4
<572,admissions4-1,stu2-19application2-19,setStatus> 1.3112903644335673E-4
<573,chair5,transcript5-4,read> 0.0016963204629100277
<574,stu0-13,stu0-13application0-13,checkStatus> 0.0019831400266777824
<575,admissions4-1,stu3-13application3-13,read> 1.1838162462870494E-4
<576,admissions2-1,stu3-0application3-0,setStatus> 8.071279068246625E-5
<577,stu2-2,gradebook2-6,readMyScores> 1.7031375839581423E-4
<578,fac0-1,gradebook0-3,readScore> 8.643397170924913E-5
<579,stu1-15,stu1-15application1-15,checkStatus> 0.0016763836267468324
<580,registrar2-1,transcript3-14,read> 3.682493982050531E-4
<581,fac0-4,roster0-9,read> 0.0029252309758173284
<582,registrar4-1,transcript3-10,read> 4.314705729904862E-4
<583,registrar2-0,transcript2-1,read> 2.0249488801504973E-4
<584,registrar2-1,transcript1-5,read> 3.251987378945181E-4
<585,registrar4-0,transcript2-11,read> 3.973749280806555E-4
<586,registrar2-0,transcript4-17,read> 3.8125139918170157E-4
<587,fac5-0,gradebook5-1,addScore> 3.8909106006258494E-4
<588,registrar4-0,roster2-6,read> 1.6627920349108585E-4
<589,stu0-0,stu0-0application0-0,checkStatus> 0.001453834866012614
<590,fac4-3,gradebook4-6,addScore> 9.297870390437651E-4
<591,chair4,transcript4-3,read> 0.001180038625530056
<592,registrar0-0,roster2-5,read> 1.0347717737721529E-4
<593,admissions2-1,stu2-10application2-10,setStatus> 1.3085221422915833E-4
<594,admissions4-0,application3-4,setStatus> 1.3907781517054533E-4
<595,registrar4-1,transcript1-18,read> 4.210085361380755E-5
<596,stu5-3,stu5-3application5-3,checkStatus> 0.0017485616032011735
<597,chair3,transcript3-16,read> 0.0020003531004782332
<598,stu3-13,stu3-13application3-13,checkStatus> 0.0014297755405278335
<599,stu2-0,transcript2-0,read> 0.0011588752834202555
<600,registrar2-1,transcript2-5,read> 1.9919680527831846E-4
<601,admissions0-0,stu1-17application1-17,read> 6.949343749018981E-5
<602,registrar4-1,roster0-2,write> 1.712144415319702E-4
<603,registrar4-0,transcript4-4,read> 2.468850367198662E-4
<604,registrar2-1,transcript2-4,read> 2.0444688580399347E-4
<605,registrar0-1,roster5-3,write> 8.269363686642963E-5
<606,chair1,transcript1-14,read> 2.2204899394721934E-4
<607,chair3,transcript3-4,read> 4.4577112347854046E-4
<608,app3-3,application3-3,checkStatus> 0.00149593868561098
<609,registrar2-1,roster0-6,write> 1.5111999943012342E-4
<610,admissions0-0,stu1-3application1-3,read> 1.6063554416023338E-4
<611,registrar2-0,transcript4-9,read> 2.129484851592984E-4
<612,admissions2-1,stu4-9application4-9,setStatus> 1.292348134695876E-4
<613,fac4-2,roster4-5,read> 0.0014505458927346244
<614,stu4-14,stu4-14application4-14,checkStatus> 0.0018869027247386608
<615,registrar2-1,roster2-5,write> 7.838455930652799E-5
<616,admissions2-0,stu4-14application4-14,read> 1.537653674716736E-4
<617,fac2-0,roster2-1,read> 0.0015242801468887597
<618,admissions2-0,stu2-19application2-19,read> 1.1357274651480633E-4
<619,stu3-18,transcript3-18,read> 0.0017092842253050053
<620,admissions0-1,application1-3,setStatus> 2.9393617087831017E-5
<621,registrar2-1,transcript2-7,read> 2.0129683748858844E-4
<622,registrar4-1,transcript0-0,read> 2.1677138193231763E-4
<623,registrar2-0,roster5-1,read> 1.4075556880316207E-4
<624,admissions0-0,stu3-14application3-14,setStatus> 1.5351424247014134E-4
<625,fac3-4,roster3-8,read> 0.0017876167688678135
<626,admissions2-1,application2-3,read> 5.394750377950357E-5
<627,admissions0-1,stu2-19application2-19,read> 1.340568090124668E-4
<628,stu2-19,gradebook2-2,readMyScores> 2.958548818825031E-4
<629,fac4-2,gradebook4-5,addScore> 2.6994892162023596E-4
<630,registrar0-0,transcript1-9,read> 3.0818719648388593E-4
<631,registrar2-1,transcript2-9,read> 2.0864695022453344E-4
<632,admissions4-1,stu3-4application3-4,read> 4.9157943688939875E-5
<633,admissions2-0,stu5-18application5-18,setStatus> 1.2683196688451567E-4
<634,stu0-4,gradebook0-4,readMyScores> 3.0823640156035466E-5
<635,registrar4-1,transcript5-1,read> 3.5020025773117944E-4
<636,stu3-4,gradebook3-9,addScore> 1.6599370044321636E-4
<637,chair3,transcript3-6,read> 4.572440531980954E-4
<638,registrar2-1,transcript2-8,read> 2.0024682138345347E-4
<639,admissions4-0,stu4-16application4-16,setStatus> 1.6883508697827183E-4
<640,admissions4-0,stu0-2application0-2,read> 8.255303518483103E-6
<641,admissions4-0,stu2-10application2-10,setStatus> 1.3627052537736362E-4
<642,admissions0-1,stu4-3application4-3,setStatus> 2.5687227160539746E-4
<643,registrar2-1,transcript1-7,read> 3.230987056842482E-4
<644,admissions4-0,stu0-8application0-8,setStatus> 1.6265904943327193E-4
<645,registrar4-0,transcript0-0,read> 2.1344283863969086E-4
<646,fac0-3,roster0-7,read> 0.0027250951431132472
<647,registrar0-1,transcript5-13,read> 2.6800535789149193E-5
<648,admissions4-1,application5-4,read> 1.9109139022011282E-4
<649,registrar4-0,transcript4-16,read> 4.367889472465765E-4
<650,stu1-18,stu1-18application1-18,checkStatus> 0.0013455679013311022
<651,registrar4-1,transcript4-1,read> 2.555870548919865E-4
<652,app1-1,application1-1,checkStatus> 2.5086859177359536E-4
<653,chair1,transcript1-0,read> 0.0015242265171167037
<654,admissions2-0,stu4-3application4-3,setStatus> 2.1762183961136392E-4
<655,admissions2-0,stu1-3application1-3,setStatus> 1.5412462801099152E-4
<656,registrar4-0,roster2-3,read> 1.1895504249749974E-4
<657,registrar4-0,transcript0-12,read> 3.949861996463573E-4
<658,admissions4-1,stu5-2application5-2,setStatus> 1.6112294659547863E-4
<659,admissions2-0,stu1-0application1-0,read> 1.8072383274762114E-4
<660,admissions2-0,stu2-10application2-10,setStatus> 1.3518686314772257E-4
<661,stu2-6,transcript2-6,read> 9.357365231967085E-4
<662,stu2-11,gradebook2-3,readScore> 1.7770300515288775E-4
<663,admissions0-1,application4-1,read> 1.6356328882387829E-4
<664,stu0-8,stu0-8application0-8,checkStatus> 0.0017425467718299784
<665,admissions0-0,stu5-10application5-10,read> 2.0823842789872749E-4
<666,chair0,transcript0-19,read> 0.001822522689825132
<667,registrar4-1,transcript3-18,read> 4.1812768541060004E-4
<668,fac1-3,gradebook1-7,changeScore> 8.545955502687598E-4
<669,stu5-3,transcript5-3,read> 0.0014514349912689063
<670,fac5-3,gradebook5-7,addScore> 1.3789732181775712E-4
<671,admissions2-0,stu3-14application3-14,setStatus> 1.2961693230558466E-4
<672,fac0-1,gradebook0-2,changeScore> 3.186833165302134E-4
<673,fac5-3,gradebook5-6,addScore> 3.850256767619746E-4
<674,stu2-7,stu2-7application2-7,checkStatus> 0.0011109894778544938
<675,registrar2-0,transcript0-14,read> 3.4257308974798155E-4
<676,admissions2-0,stu1-12application1-12,read> 1.1602351608534703E-4
<677,admissions4-1,stu1-0application1-0,setStatus> 2.086604645724265E-4
<678,admissions0-0,stu3-14application3-14,read> 1.3509253337372438E-4
<679,registrar2-1,transcript2-0,read> 2.4539751390425835E-4
<680,registrar2-1,transcript2-1,read> 2.0339686969885842E-4
<681,fac1-4,gradebook1-8,addScore> 2.122031138529179E-4
<682,admissions4-0,stu1-4application1-4,setStatus> 2.182433873382704E-4
<683,admissions2-1,stu4-1application4-1,read> 1.720824552585484E-4
<684,stu2-15,transcript2-15,read> 0.0016745737514924535
<685,admissions4-0,stu3-8application3-8,read> 1.5648020459847897E-4
<686,admissions2-0,stu4-16application4-16,read> 1.4739336658826783E-4
<687,registrar2-1,transcript2-3,read> 2.0549690190912843E-4
<688,admissions2-0,application5-3,setStatus> 2.1205190876922593E-4
<689,registrar2-0,transcript2-6,read> 1.9726808944292546E-4
<690,registrar2-0,transcript2-5,read> 1.983134491573503E-4
<691,admissions0-0,stu2-19application2-19,read> 1.345120104013037E-4
<692,registrar0-1,transcript5-8,read> 3.007429858523403E-4
<693,chair3,transcript3-5,read> 4.40034658618763E-4
<694,registrar2-0,transcript2-4,read> 2.0354024772947465E-4
<695,stu5-11,transcript5-11,read> 1.3739562550801746E-4
<696,registrar2-0,roster0-4,write> 1.4929123800948445E-4
<697,chair3,transcript3-0,read> 4.1708879917965315E-4
<698,registrar2-0,transcript2-3,read> 2.0458560744389948E-4
<699,admissions4-1,stu1-11application1-11,setStatus> 1.7810063158724574E-4
<700,registrar0-0,transcript0-19,read> 3.2028449954881155E-4
<701,registrar4-1,transcript5-11,read> 3.3609925153879974E-5
<702,registrar0-1,roster5-8,read> 1.2058523294108284E-4
<703,registrar0-1,transcript0-12,read> 3.31850003991384E-4
<704,chair2,transcript2-2,read> 0.0011054645823529489
<705,admissions4-1,stu2-1application2-1,read> 1.1190746741851107E-4
<706,app4-4,application4-4,checkStatus> 0.001718487446345198
<707,chair2,transcript2-18,read> 0.001983143705898901
<708,admissions2-1,application4-1,setStatus> 1.5241755769010115E-4
<709,registrar2-0,transcript2-9,read> 2.0772168658717406E-4
<710,registrar4-1,transcript0-7,read> 1.3914003601297982E-4
<711,registrar2-0,transcript2-8,read> 1.9935880887177515E-4
<712,stu3-15,gradebook3-3,addScore> 1.0462174664208021E-4
<713,admissions0-0,application3-0,read> 1.4263933201519291E-4
<714,admissions4-1,stu0-8application0-8,setStatus> 1.6395256076077313E-4
<715,stu0-6,transcript0-6,read> 5.440040330264812E-4
<716,fac5-1,roster5-3,read> 0.0015664140064054082
<717,admissions2-1,stu4-19application4-19,read> 6.011519200933323E-5
<718,registrar0-1,roster5-2,write> 9.881993870420911E-5
<719,admissions0-0,stu5-17application5-17,read> 1.4612246984971688E-4
<720,registrar4-0,transcript3-18,read> 4.117072986864449E-4
<721,stu2-17,stu2-17application2-17,checkStatus> 0.0012854195876191514
<722,registrar2-0,transcript2-7,read> 2.0040416858620001E-4
<723,chair3,transcript3-13,read> 0.0020175624950575653
<724,stu2-18,stu2-18application2-18,checkStatus> 0.0018147247482843195
<725,stu3-3,gradebook3-2,addScore> 1.0293306240443619E-4
<726,registrar0-0,transcript4-18,read> 3.706899289860015E-4
<727,stu4-9,gradebook4-4,readMyScores> 9.691590467390086E-5
<728,fac4-2,gradebook4-4,addScore> 9.17590889141934E-4
<729,stu4-11,transcript4-11,read> 0.001694408307956769
<730,app1-0,application1-0,checkStatus> 2.3883892903120516E-4
<731,fac3-2,roster3-5,read> 0.001756016374230327
<732,stu5-5,transcript5-5,read> 0.0014613522695010638
<733,admissions0-1,stu5-10application5-10,read> 2.0753372932715822E-4
<734,registrar0-1,transcript4-6,read> 2.0942883583127662E-4
<735,fac5-2,gradebook5-4,addScore> 9.698253037357235E-5
<736,fac5-2,gradebook5-5,addScore> 1.1071026236197889E-4
<737,registrar4-0,roster2-4,write> 8.982214006766318E-5
<738,admissions2-1,stu3-14application3-14,setStatus> 1.2546087836392262E-4
<739,registrar0-0,transcript3-11,read> 3.5657640874358834E-4
<740,registrar4-0,transcript1-0,read> 3.173525255316644E-4
<741,registrar2-0,transcript2-2,read> 2.0144952830062487E-4
<742,registrar2-0,transcript2-0,read> 2.443092765920443E-4
<743,registrar0-1,transcript4-0,read> 2.1043228802931026E-4
<744,registrar0-0,transcript4-16,read> 3.6867371180851396E-4
<745,admissions2-1,application4-4,setStatus> 1.5403495844967187E-4
<746,registrar2-1,roster3-2,write> 9.23497638102583E-5
<747,fac5-2,gradebook5-4,changeScore> 5.400383695961347E-4
<748,admissions0-1,stu0-3application0-3,setStatus> 1.0302832606461551E-4
<749,admissions2-0,stu2-10application2-10,read> 1.1896443956999586E-4
<750,stu1-14,transcript1-14,read> 1.9194065578488455E-4
<751,stu2-0,gradebook2-8,addScore> 4.277076153725135E-4
<752,stu0-9,stu0-9application0-9,checkStatus> 0.0013154937444751268
<753,admissions2-1,stu2-8application2-8,setStatus> 2.122613857942175E-4
<754,chair1,transcript1-10,read> 2.622042479656616E-4
<755,registrar2-0,transcript3-12,read> 3.687070826086032E-4
<756,fac1-3,gradebook1-7,addScore> 5.964256083937142E-4
<757,admissions2-1,stu0-15application0-15,read> 1.118288856286741E-4
<758,admissions2-1,stu3-19application3-19,setStatus> 1.6320022942057256E-4
<759,chair3,transcript3-19,read> 0.0019659343113195686
<760,stu3-10,stu3-10application3-10,checkStatus> 6.11758474045301E-4
<761,registrar4-0,transcript0-16,read> 3.83042557474866E-4
<762,stu0-18,gradebook0-1,readMyScores> 2.2539645426049485E-5
<763,admissions4-1,stu1-5application1-5,read> 1.0692734648759271E-4
<764,admissions4-0,stu3-16application3-16,read> 3.444170270928237E-5
<765,admissions0-0,stu1-8application1-8,read> 1.484445617393995E-4
<766,chair3,transcript3-12,read> 0.0020232989599173433
<767,stu1-19,stu1-19application1-19,checkStatus> 5.335656662197647E-4
<768,admissions0-0,application3-2,setStatus> 1.6472889080099498E-4
<769,admissions0-0,application3-1,setStatus> 1.6143046482133215E-4
<770,stu4-4,transcript4-4,read> 0.0010249920272861273
<771,admissions0-0,application3-4,setStatus> 1.6340952040912982E-4
<772,registrar2-1,transcript1-6,read> 3.220486895791132E-4
<773,admissions0-0,application3-3,setStatus> 1.640692056050624E-4
<774,registrar0-1,roster3-6,write> 9.325914496704376E-5
<775,registrar4-1,transcript0-10,read> 3.9386788981080696E-4
<776,admissions2-1,application5-4,read> 1.8204564393750394E-4
<777,stu0-16,transcript0-16,read> 0.0015902768865191132
<778,fac4-1,gradebook4-3,addScore> 9.05394739240103E-4
<779,stu3-12,stu3-12application3-12,checkStatus> 8.463368975219097E-4
<780,admissions0-1,stu1-6application1-6,setStatus> 3.333833364015876E-5
<781,admissions2-0,stu4-2application4-2,setStatus> 1.0455224351596396E-4
<782,admissions4-0,stu2-12application2-12,setStatus> 5.935078504418395E-5
<783,admissions2-0,stu2-18application2-18,setStatus> 1.680494551163363E-4
<784,registrar0-0,transcript1-19,read> 3.297355175682846E-5
<785,stu3-18,stu3-18application3-18,checkStatus> 0.0018989323874810515
<786,admissions0-0,stu3-11application3-11,setStatus> 1.6274983521319728E-4
<787,stu1-7,transcript1-7,read> 0.001525814578010089
<788,app1-2,application1-2,checkStatus> 2.6289825451598556E-4
<789,admissions4-0,stu2-18application2-18,read> 1.4906895954447914E-4
<790,chair4,transcript4-2,read> 0.0012144574146887206
<791,admissions2-1,application3-4,setStatus> 1.3354788216177616E-4
<792,fac3-3,gradebook3-7,changeScore> 4.8761217281736394E-4
<793,fac2-0,gradebook2-1,addScore> 0.001507071467730439
<794,stu5-16,stu5-16application5-16,checkStatus> 0.0015681166620653208
<795,admissions4-1,stu5-12application5-12,read> 8.601083857773565E-5
<796,stu0-11,transcript0-11,read> 0.0016051528038673497
<797,chair0,transcript0-17,read> 0.0018339956195446865
<798,fac5-0,gradebook5-1,changeScore> 5.575137685223917E-4
<799,fac5-4,gradebook5-8,addScore> 2.6712956104427355E-4
<800,fac5-4,gradebook5-9,addScore> 2.7119494434488397E-4
<801,fac3-2,gradebook3-4,addScore> 3.646987602589226E-4
<802,stu1-0,stu1-0application1-0,checkStatus> 0.002217718450154391
<803,registrar0-0,roster3-3,read> 1.2652189365052027E-4
<804,admissions2-1,stu4-3application4-3,setStatus> 2.106439850346468E-4
<805,admissions0-0,stu3-8application3-8,setStatus> 2.0892779892847706E-4
<806,admissions0-1,application3-3,setStatus> 1.6351397986697424E-4
<807,admissions0-1,application3-2,setStatus> 1.641714326256955E-4
<808,admissions2-1,stu2-6application2-6,setStatus> 1.5080015693053045E-4
<809,registrar0-0,transcript5-3,read> 2.950817848302165E-4
<810,registrar0-1,roster4-7,write> 7.935716062413042E-5
<811,admissions2-0,application4-4,setStatus> 1.5913756576891564E-4
<812,registrar4-1,transcript4-10,read> 4.1084974673066214E-4
<813,admissions0-1,application3-1,setStatus> 1.6088416883208907E-4
<814,registrar0-0,transcript0-0,read> 1.801574057134233E-4
<815,admissions4-1,stu3-16application3-16,read> 3.471559298927666E-5
<816,registrar4-1,transcript5-9,read> 3.62330155531076E-4
<817,stu2-11,gradebook2-5,readMyScores> 2.221294641728119E-4
<818,stu5-12,stu5-12application5-12,checkStatus> 0.0010388115014001525
<819,admissions0-1,application3-0,setStatus> 1.6154162159081034E-4
<820,admissions0-1,application3-4,setStatus> 1.6285652710825292E-4
<821,registrar4-1,transcript4-17,read> 4.423874810103931E-4
<822,admissions2-1,application5-1,setStatus> 2.0309611482331678E-4
<823,admissions2-0,stu3-3application3-3,setStatus> 2.0703897101130177E-4
<824,fac1-2,gradebook1-5,changeScore> 8.254698853916649E-4
<825,stu4-17,stu4-17application4-17,checkStatus> 0.0010448263327713476
<826,admissions0-0,stu0-16application0-16,setStatus> 1.5747235364573674E-4
<827,registrar2-1,roster1-2,write> 1.5577506759803349E-4
<828,stu5-7,stu5-7application5-7,checkStatus> 1.0651263886491312E-4
<829,chair4,transcript4-14,read> 0.002086400073374895
<830,admissions2-0,stu2-15application2-15,read> 3.4657966343396216E-5
<831,stu3-7,stu3-7application3-7,checkStatus> 0.0017305171090875883
<832,registrar4-1,transcript2-16,read> 4.1327572629064146E-4
<833,admissions4-0,stu5-17application5-17,setStatus> 1.4132364700509073E-4
<834,stu2-5,gradebook2-7,addScore> 4.0315732878539725E-4
<835,registrar4-1,roster2-3,read> 1.2081009189317225E-4
<836,fac4-1,gradebook4-2,changeScore> 0.0012856553904497644
<837,admissions4-1,stu4-2application4-2,setStatus> 1.0622843178876498E-4
<838,stu3-16,stu3-16application3-16,checkStatus> 4.19283870167058E-4
<839,registrar4-0,transcript4-3,read> 2.456906725027171E-4
<840,stu2-2,gradebook2-3,addScore> 6.692250332436591E-4
<841,admissions2-0,application3-1,read> 1.1994474739821214E-4
<842,admissions2-1,stu2-15application2-15,read> 3.3546688865451654E-5
<843,registrar2-1,transcript1-1,read> 2.768979970583083E-4
<844,chair3,transcript3-10,read> 0.0020405083544966754
<845,stu2-4,gradebook2-5,addScore> 9.663121788739004E-4
<846,admissions4-0,stu2-7application2-7,read> 9.126124812328077E-5
<847,admissions2-1,stu5-15application5-15,read> 3.829106442685907E-5
<848,admissions4-0,stu3-0application3-0,read> 7.396834299728127E-5
<849,admissions0-0,application5-2,read> 2.198488873471407E-4
<850,admissions2-1,stu0-6application0-6,read> 5.2524191111081334E-5
<851,admissions0-1,stu1-16application1-16,read> 1.2827122473571943E-4
<852,admissions0-0,stu0-18application0-18,read> 2.273956859886092E-4
<853,admissions0-0,stu2-18application2-18,setStatus> 1.990325209894885E-4
<854,admissions2-1,stu0-16application0-16,setStatus> 1.2869567988306403E-4
<855,admissions2-0,stu1-6application1-6,read> 2.485488806123347E-5
<856,admissions0-0,stu3-12application3-12,read> 8.168441991102368E-5
<857,admissions4-1,stu2-7application2-7,read> 9.198698369483767E-5
<858,stu4-2,gradebook4-4,readMyScores> 8.827812350866907E-5
<859,registrar4-0,transcript0-8,read> 1.3461480030784885E-4
<860,admissions4-0,stu1-0application1-0,setStatus> 2.0701422816554345E-4
<861,registrar0-1,transcript2-3,read> 1.963839572568389E-4
<862,stu0-15,transcript0-15,read> 0.0016200287212155863
<863,registrar4-0,roster1-7,read> 2.472763251916467E-4
<864,stu3-17,gradebook3-6,readMyScores> 2.6728332904853385E-5
<865,admissions2-0,stu2-17application2-17,read> 1.0474997606085986E-4
<866,admissions0-1,stu5-17application5-17,read> 1.456279775659615E-4
<867,fac1-4,gradebook1-8,changeScore> 7.555682896866371E-4
<868,registrar0-1,transcript4-13,read> 3.6095011773436026E-4
<869,registrar4-0,roster4-3,read> 1.653691234719784E-4
<870,registrar4-1,roster5-3,write> 9.996144966916436E-5
<871,admissions2-0,stu0-6application0-6,read> 5.426412290772172E-5
<872,admissions0-1,stu2-7application2-7,read> 1.0686456291175424E-4
<873,app2-3,application2-3,checkStatus> 6.839364504996422E-4
<874,admissions4-0,application3-4,read> 1.223884773500799E-4
<875,admissions2-0,stu1-9application1-9,setStatus> 1.6916344128476392E-4
<876,fac1-2,gradebook1-5,assignGrade> 2.9481067335416605E-4
<877,admissions4-1,stu3-0application3-0,read> 7.455656043662347E-5
<878,registrar2-1,transcript2-11,read> 3.493491083126231E-4
<879,admissions4-1,stu5-6application5-6,setStatus> 3.379030915722536E-5
<880,registrar4-0,transcript4-6,read> 2.4927376515416447E-4
<881,fac0-2,gradebook0-4,assignGrade> 1.1797627945751836E-4
<882,registrar4-0,transcript3-17,read> 4.140960271207433E-4
<883,registrar4-1,transcript2-17,read> 4.1691469563061035E-4
<884,stu2-10,gradebook2-7,addScore> 2.8796952056099807E-4
<885,stu2-4,gradebook2-7,readMyScores> 2.1125565469438847E-4
<886,admissions0-0,stu1-11application1-11,setStatus> 2.076084285366119E-4
<887,registrar4-1,roster5-9,write> 1.0937222217934626E-4
<888,registrar4-1,roster5-8,write> 1.0601123199713842E-4
<889,fac0-1,roster0-3,read> 0.0026618943538382744
<890,registrar4-1,roster0-3,write> 1.6987004545908707E-4
<891,stu2-15,gradebook2-2,addScore> 7.5633585920665E-4
<892,registrar4-1,roster5-7,write> 1.0735562807002155E-4
<893,registrar4-1,roster5-2,write> 1.194551927259697E-4
<894,admissions2-1,stu2-1application2-1,read> 1.0661007251112595E-4
<895,admissions0-0,stu0-9application0-9,setStatus> 1.4427864972708536E-4
<896,registrar4-1,roster5-1,write> 1.1878299468952815E-4
<897,stu4-1,gradebook4-7,readMyScores> 7.595970663875487E-5
<898,admissions0-1,stu0-16application0-16,setStatus> 1.5693945227976131E-4
<899,stu2-2,gradebook2-8,readMyScores> 4.634856497198907E-4
<900,registrar4-1,roster5-6,write> 1.0197804377848904E-4
<901,registrar4-1,roster5-5,write> 1.0332243985137217E-4
<902,chair4,transcript4-7,read> 0.0011513563012311686
<903,fac4-1,gradebook4-2,assignGrade> 4.591626394463445E-4
<904,registrar4-1,roster5-4,write> 9.928925163272279E-5
<905,admissions0-0,application4-0,read> 1.5657188335328875E-4
<906,admissions2-0,stu5-17application5-17,setStatus> 1.401998009056467E-4
<907,admissions0-1,stu3-12application3-12,read> 8.14079920940659E-5
<908,fac4-0,roster4-1,read> 0.0018929514176594352
<909,registrar4-1,roster2-4,write> 9.122287519542401E-5
<910,admissions2-1,stu2-17application2-17,read> 1.0139125939357778E-4
<911,admissions4-0,stu4-2application4-2,setStatus> 1.0539033765236446E-4
<912,registrar4-0,roster5-2,write> 1.1762094792403542E-4
<913,admissions0-0,stu5-13application5-13,read> 2.169462724850374E-4
<914,registrar2-1,roster2-1,read> 1.1577966746007148E-4
<915,admissions2-1,stu1-8application1-8,setStatus> 1.3786095085396472E-4
<916,registrar4-0,roster5-3,write> 9.842653297558794E-5
<917,registrar0-0,transcript2-2,read> 1.942709259558365E-4
<918,chair5,transcript5-11,read> 1.5894788048966726E-4
<919,registrar4-0,roster5-4,write> 9.776465659805526E-5
<920,stu2-10,gradebook2-4,readMyScores> 1.59449199975273E-4
<921,admissions4-0,stu2-6application2-6,setStatus> 1.570444698469085E-4
<922,registrar4-1,transcript3-12,read> 4.278316036505173E-4
<923,admissions4-0,stu3-17application3-17,setStatus> 1.5929030168145388E-4
<924,registrar4-0,roster5-5,write> 1.0173591486325129E-4
<925,stu1-0,transcript1-0,read> 0.0013175517351347778
<926,admissions2-0,stu2-12application2-12,read> 5.181335333718103E-5
<927,stu0-6,stu0-6application0-6,checkStatus> 6.658919563860568E-4
<928,admissions2-0,stu0-5application0-5,setStatus> 1.79746309884826E-4
<929,registrar4-0,roster5-1,write> 1.1695907154650276E-4
<930,admissions4-1,stu5-5application5-5,read> 8.750487485701116E-5
<931,registrar2-1,roster2-7,write> 1.0689685183497737E-4
<932,fac0-0,gradebook0-1,changeScore> 3.2450844950563236E-4
<933,admissions0-1,stu1-0application1-0,read> 2.1331931360390552E-4
<934,registrar4-0,roster5-6,write> 1.0041216210818594E-4
<935,registrar4-0,transcript3-5,read> 9.161768849048049E-5
<936,registrar4-0,roster5-7,write> 1.0570717312844732E-4
<937,registrar2-0,roster1-8,write> 1.5798078460340756E-4
<938,registrar4-0,roster5-8,write> 1.0438342037338198E-4
<939,admissions2-1,application2-0,setStatus> 5.5373512115858414E-5
<940,admissions0-1,stu3-4application3-4,setStatus> 6.489606605878069E-5
<941,app2-2,application2-2,checkStatus> 6.298029681588862E-4
<942,admissions4-0,stu5-2application5-2,read> 1.406695484832794E-4
<943,admissions2-1,application5-2,read> 1.7967345615680028E-4
<944,registrar0-0,roster1-5,read> 2.0487392897975722E-4
<945,registrar4-0,transcript5-1,read> 3.4482290252609417E-4
<946,fac3-4,gradebook3-8,readScore> 4.407035930656164E-5
<947,registrar2-1,roster3-5,read> 1.3338164396998155E-4
<948,admissions0-0,stu4-12application4-12,setStatus> 2.1486496569187013E-4
<949,app3-4,application3-4,checkStatus> 0.0014899238542397846
<950,stu5-7,gradebook5-6,readMyScores> 3.4574376332401424E-5
<951,admissions0-0,stu3-5application3-5,read> 1.2638468878741445E-4
<952,registrar2-1,roster2-4,read> 1.0857885888783556E-4
<953,registrar4-0,roster5-9,write> 1.0769280226104533E-4
<954,admissions0-1,stu2-13application2-13,read> 1.1727861460989948E-4
<955,stu2-7,transcript2-7,read> 9.506124405449448E-4
<956,stu1-3,stu1-3application1-3,checkStatus> 0.0016643539640044424
<957,registrar0-0,transcript0-14,read> 3.303655854362495E-4
<958,admissions2-1,stu1-6application1-6,read> 2.4057937742636804E-5
<959,admissions2-0,stu0-16application0-16,setStatus> 1.3295889081086742E-4
<960,admissions2-0,stu5-19application5-19,setStatus> 3.492810798923991E-5
<961,registrar2-0,transcript0-10,read> 3.3943701060470694E-4
<962,registrar0-0,transcript4-1,read> 2.124168805532249E-4
<963,admissions0-1,stu0-10application0-10,read> 2.25469040585075E-4
<964,registrar4-0,roster3-7,read> 1.5353808322358185E-4
<965,admissions0-0,stu2-10application2-10,read> 1.4089776309793097E-4
<966,admissions2-1,stu1-9application1-9,setStatus> 1.6373936300709613E-4
<967,admissions4-1,stu0-12application0-12,setStatus> 5.69931453126404E-5
<968,admissions2-1,stu1-1application1-1,read> 1.8631558194277063E-4
<969,registrar2-1,transcript4-16,read> 3.8399963978207806E-4
<970,admissions0-0,stu2-13application2-13,read> 1.1767684420110456E-4
<971,stu5-4,transcript5-4,read> 0.0014663109086171429
<972,admissions0-1,stu4-11application4-11,setStatus> 2.33203972291431E-4
<973,admissions0-0,stu0-0application0-0,setStatus> 1.5945140923353442E-4
<974,fac1-1,gradebook1-3,addScore> 3.769778841932274E-4
<975,registrar0-1,roster3-7,write> 9.38152243407603E-5
<976,admissions2-1,stu5-16application5-16,read> 1.2368982453219267E-4
<977,fac1-1,gradebook1-2,addScore> 2.3083711561146106E-4
<978,admissions0-1,application5-1,setStatus> 2.4766793298329937E-4
<979,stu2-3,gradebook2-8,addScore> 4.3482125554502926E-4
<980,registrar2-1,transcript3-17,read> 3.6404933378451313E-4
<981,admissions0-0,stu0-14application0-14,read> 1.362535793185657E-4
<982,admissions2-1,stu5-19application5-19,setStatus> 3.380816865491559E-5
<983,admissions4-1,stu4-17application4-17,read> 8.650885067082749E-5
<984,admissions4-0,stu0-12application0-12,setStatus> 5.6543495251002206E-5
<985,admissions0-1,application5-4,setStatus> 2.5227010229434836E-4
<986,admissions2-0,stu1-8application1-8,setStatus> 1.4242777324250186E-4
<987,stu0-15,stu0-15application0-15,checkStatus> 0.0014177458777854433
<988,registrar0-1,transcript0-0,read> 1.7932526989026658E-4
<989,registrar0-0,transcript5-12,read> 2.9949225990597062E-5
<990,registrar2-0,transcript0-19,read> 3.3211949260373295E-4
<991,registrar0-0,roster2-4,read> 1.0424533458632549E-4
<992,registrar0-0,transcript4-13,read> 3.6262506027605107E-4
<993,fac1-0,gradebook1-1,addScore> 1.813753389669189E-4
<994,admissions2-1,stu3-3application3-3,setStatus> 2.004004468906989E-4
<995,admissions4-1,stu5-16application5-16,read> 1.2983590276981715E-4
<996,admissions4-0,stu4-17application4-17,read> 8.582633508368091E-5
<997,fac2-4,gradebook2-9,changeScore> 0.0022002012675905445
<998,admissions0-1,stu5-11application5-11,setStatus> 1.3984568055300776E-4
<999,stu2-9,transcript2-9,read> 9.853229143574967E-4
<1000,chair3,transcript3-3,read> 4.228252640394306E-4
<1001,stu4-7,transcript4-7,read> 9.952401925896544E-4
<1002,stu4-15,transcript4-15,read> 0.0017935810902783454
<1003,registrar2-1,roster0-9,read> 2.2219161636089155E-4
<1004,fac1-2,gradebook1-4,assignGrade> 2.885694594519314E-4
<1005,admissions0-1,stu2-1application2-1,setStatus> 1.4773511365766324E-4
<1006,registrar2-0,transcript2-12,read> 3.4884524803453077E-4
<1007,admissions2-0,stu0-1application0-1,setStatus> 1.7104329294398546E-5
<1008,registrar0-0,transcript2-15,read> 3.4044667132368756E-4
<1009,admissions2-0,stu5-3application5-3,read> 1.4249182744718644E-4
<1010,stu2-16,gradebook2-9,addScore> 4.016944258583604E-4
<1011,registrar2-1,transcript3-11,read> 3.7139944652045805E-4
<1012,registrar4-0,transcript5-9,read> 3.567665446975854E-4
<1013,admissions4-0,stu3-18application3-18,read> 1.55986121594879E-4
<1014,registrar4-0,transcript5-2,read> 3.507947236118398E-4
<1015,fac1-1,gradebook1-2,changeScore> 8.895463481212737E-4
<1016,registrar0-0,transcript0-8,read> 1.1362223885633249E-4
<1017,fac1-1,gradebook1-3,changeScore> 9.070217470475309E-4
<1018,admissions0-1,application3-1,read> 1.4157806857223836E-4
<1019,admissions2-0,stu3-13application3-13,read> 1.1651366999945517E-4
<1020,admissions4-0,stu5-13application5-13,setStatus> 2.098215179587252E-4
<1021,fac5-2,roster5-4,read> 0.001555880541526246
<1022,admissions0-1,stu1-17application1-17,setStatus> 7.870257399192778E-5
<1023,admissions2-1,stu3-5application3-5,setStatus> 1.1737387456606904E-4
<1024,admissions0-0,stu2-8application2-8,read> 2.2855673193345057E-4
<1025,registrar2-1,transcript2-15,read> 3.545991888382981E-4
<1026,registrar2-1,roster2-1,write> 8.420339451641564E-5
<1027,registrar2-1,roster2-3,write> 7.605702522257294E-5
<1028,registrar4-1,roster1-2,write> 1.7995301600571054E-4
<1029,admissions2-0,application2-4,read> 5.67148924782624E-5
<1030,stu2-1,transcript2-1,read> 9.605297187771024E-4
<1031,registrar2-1,roster2-2,write> 7.780267578553922E-5
<1032,stu2-2,gradebook2-5,readMyScores> 3.0819672094632304E-4
<1033,admissions4-1,stu3-18application3-18,read> 1.5722656788986808E-4
<1034,registrar0-1,roster0-4,write> 1.4330628860153186E-4
<1035,stu1-10,stu1-10application1-10,checkStatus> 0.0013034640817327367
<1036,admissions4-0,stu4-13application4-13,setStatus> 2.0083819062054366E-4
<1037,admissions2-0,stu0-5application0-5,read> 1.5817675269864684E-4
<1038,registrar2-1,roster2-4,write> 7.896644282751676E-5
<1039,registrar2-1,roster2-6,write> 1.0631496831398863E-4
<1040,stu4-0,stu4-0application4-0,checkStatus> 7.140106073556176E-4
<1041,admissions2-0,stu3-18application3-18,setStatus> 1.7584735829532947E-4
<1042,chair0,transcript0-11,read> 0.0018569414789837966
<1043,registrar2-1,roster2-9,write> 1.0864250239794369E-4
<1044,registrar2-1,roster2-8,write> 1.0806061887695491E-4
<1045,registrar4-1,transcript1-12,read> 5.1804771853724775E-5
<1046,fac1-2,gradebook1-4,changeScore> 8.079944864654078E-4
<1047,registrar4-0,roster0-2,write> 1.6858542899405126E-4
<1048,stu0-5,stu0-5application0-5,checkStatus> 0.0019410362070794167
<1049,admissions4-1,stu4-16application4-16,setStatus> 1.701777119244211E-4
<1050,stu2-19,transcript2-19,read> 0.0017241601426532416
<1051,registrar0-1,roster1-7,read> 2.0775067477114955E-4
<1052,admissions4-0,stu0-2application0-2,setStatus> 9.381026725548981E-6
<1053,stu2-16,gradebook2-2,readMyScores> 2.9951871942903563E-4
<1054,admissions0-0,stu1-17application1-17,setStatus> 7.896981532976115E-5
<1055,stu2-16,stu2-16application2-16,checkStatus> 0.0012312861052783956
<1056,admissions4-1,stu0-5application0-5,setStatus> 1.8262801425171697E-4
<1057,admissions4-0,stu1-10application1-10,read> 1.0707190423848032E-4
<1058,chair3,transcript3-1,read> 4.113523343198757E-4
<1059,admissions0-0,stu4-10application4-10,setStatus> 3.87290183778745E-5
<1060,admissions0-0,application5-3,setStatus> 2.511476514681614E-4
<1061,admissions2-1,stu0-18application0-18,read> 1.8584114438662986E-4
<1062,registrar0-0,roster2-8,write> 1.0374777821224273E-4
<1063,stu2-10,gradebook2-3,readMyScores> 1.7228760455029798E-4
<1064,admissions2-1,application1-1,setStatus> 2.2486363337920597E-5
<1065,stu3-11,stu3-11application3-11,checkStatus> 0.0014839090228685897
<1066,registrar4-0,transcript0-13,read> 3.92597471212059E-4
<1067,admissions2-0,stu0-18application0-18,read> 1.919973727721083E-4
<1068,admissions4-1,stu0-2application0-2,setStatus> 9.45562733569251E-6
<1069,admissions4-1,stu5-14application5-14,setStatus> 3.661992332251988E-5
<1070,stu1-19,transcript1-19,read> 1.6218882108841158E-4
<1071,admissions0-0,stu3-19application3-19,read> 1.7572914144317053E-4
<1072,registrar4-0,roster0-6,read> 2.363553649623576E-4
<1073,admissions4-0,application4-4,read> 1.4116363148687937E-4
<1074,registrar4-1,transcript4-18,read> 4.4602645035036207E-4
<1075,admissions0-1,stu0-4application0-4,setStatus> 1.6680124366058068E-4
<1076,admissions2-1,stu3-17application3-17,read> 1.3460188832342974E-4
<1077,admissions0-1,application5-3,read> 2.2026201473600233E-4
<1078,admissions2-1,stu0-1application0-1,setStatus> 1.655589388616132E-5
<1079,admissions2-0,stu0-4application0-4,setStatus> 1.413137870740743E-4
<1080,admissions4-1,stu2-16application2-16,setStatus> 1.1584911995076637E-4
<1081,app5-1,application5-1,checkStatus> 0.002265837101123952
<1082,chair2,transcript2-9,read> 0.0011398833715116137
<1083,chair5,transcript5-6,read> 0.0017077933926295827
<1084,admissions0-1,stu1-15application1-15,setStatus> 1.832375626286129E-4
<1085,admissions0-1,stu5-3application5-3,read> 1.681917562452762E-4
<1086,admissions2-0,stu4-9application4-9,setStatus> 1.335158838950812E-4
<1087,registrar4-0,roster2-1,read> 1.316961627650037E-4
<1088,admissions4-1,stu1-10application1-10,read> 1.0792337067377639E-4
<1089,admissions4-0,stu5-14application5-14,setStatus> 3.633100874009368E-5
<1090,fac1-0,gradebook1-1,changeScore> 8.778960821704358E-4
<1091,fac3-3,roster3-7,read> 0.0017770833039886514
<1092,fac4-2,gradebook4-5,changeScore> 0.0013206061883022785
<1093,admissions4-0,stu1-0application1-0,read> 1.8217252078567823E-4
<1094,admissions4-0,stu2-16application2-16,setStatus> 1.149351229491824E-4
<1095,fac1-4,gradebook1-9,changeScore> 7.73043688612894E-4
<1096,admissions4-1,application2-4,read> 5.762414927150107E-5
<1097,admissions2-1,stu4-1application4-1,setStatus> 1.9554824461198684E-4
<1098,admissions2-1,stu1-17application1-17,setStatus> 6.453878308675912E-5
<1099,admissions4-1,application2-3,read> 5.66281250853174E-5
<1100,stu1-6,stu1-6application1-6,checkStatus> 3.0500207411435123E-4
<1101,registrar2-1,transcript4-17,read> 3.8294962367694304E-4
<1102,admissions2-1,stu0-4application0-4,setStatus> 1.3678268368091758E-4
<1103,chair2,transcript2-10,read> 0.0019028331978620163
<1104,admissions4-0,stu3-15application3-15,setStatus> 1.5816738576418117E-4
<1105,fac1-2,roster1-4,read> 0.0027566955377507337
<1106,registrar0-0,transcript3-6,read> 8.035465542778707E-5
<1107,fac3-2,gradebook3-5,addScore> 3.68764143559533E-4
<1108,admissions2-0,stu3-17application3-17,read> 1.390607500484295E-4
<1109,stu0-2,gradebook0-7,addScore> 1.3654929761600568E-4
<1110,admissions4-1,stu0-3application0-3,read> 7.80426450882663E-5
<1111,fac4-1,gradebook4-2,addScore> 8.972639726388822E-4
<1112,admissions4-1,stu0-15application0-15,read> 1.1738560044252125E-4
<1113,stu2-8,gradebook2-7,addScore> 3.755771493513862E-4
<1114,registrar2-1,transcript3-19,read> 3.598492693639731E-4
<1115,stu2-15,gradebook2-2,readScore> 2.786500533919236E-4
<1116,chair3,transcript3-14,read> 0.0020118260301977883
<1117,admissions0-0,stu3-7application3-7,read> 1.6702129685686065E-4
<1118,admissions0-0,stu4-11application4-11,read> 2.0591633600904486E-4
<1119,registrar2-1,roster3-4,read> 1.2938119476318383E-4
<1120,admissions2-0,stu4-17application4-17,setStatus> 9.675434033697087E-5
<1121,admissions4-1,application2-1,read> 5.164800415439905E-5
<1122,admissions2-0,stu1-15application1-15,read> 1.3660998047788879E-4
<1123,registrar4-1,roster1-9,write> 1.8398620422435994E-4
<1124,admissions2-0,stu5-2application5-2,setStatus> 1.5858057268470187E-4
<1125,admissions0-0,application5-4,setStatus> 2.5312670705595903E-4
<1126,admissions4-1,application2-2,read> 5.2146016247490886E-5
<1127,admissions2-0,stu0-13application0-13,setStatus> 1.8364526147432252E-4
<1128,admissions4-1,application2-0,read> 5.1149992061307216E-5
<1129,stu2-15,stu2-15application2-15,checkStatus> 4.2529870153825306E-4
<1130,admissions4-0,application2-3,read> 5.618135486768176E-5
<1131,admissions4-0,application2-2,read> 5.173460783528188E-5
<1132,admissions4-0,application2-4,read> 5.716952087488173E-5
<1133,registrar0-1,roster1-2,read> 2.0469223821570863E-4
<1134,stu0-3,gradebook0-9,addScore> 1.4461356505680135E-4
<1135,fac2-1,gradebook2-3,assignGrade> 8.065902133374052E-4
<1136,admissions0-1,stu1-2application1-2,setStatus> 2.055909564251368E-4
<1137,admissions4-0,stu0-15application0-15,read> 1.1645948130688007E-4
<1138,admissions0-1,stu3-7application3-7,read> 1.6645608096225198E-4
<1139,admissions2-0,stu2-1application2-1,setStatus> 1.251609876318743E-4
<1140,chair2,transcript2-15,read> 0.0019372519870206814
<1141,admissions2-0,stu2-4application2-4,setStatus> 3.54851010734537E-5
<1142,admissions0-1,stu4-11application4-11,read> 2.0521949561645925E-4
<1143,admissions2-1,stu4-17application4-17,setStatus> 9.365199675903191E-5
<1144,admissions4-0,stu0-5application0-5,setStatus> 1.8118716206827148E-4
<1145,stu2-2,transcript2-2,read> 9.555710796610238E-4
<1146,registrar4-1,roster2-9,write> 1.2550497505394378E-4
<1147,admissions4-0,application2-0,read> 5.074644182808191E-5
<1148,admissions2-0,stu2-4application2-4,read> 3.1226888944639255E-5
<1149,registrar0-0,transcript0-5,read> 1.1261413026758868E-4
<1150,fac1-2,gradebook1-5,addScore> 5.760986918906623E-4
<1151,stu5-6,stu5-6application5-6,checkStatus> 3.59135556455107E-4
<1152,admissions4-0,application2-1,read> 5.1240524831681895E-5
<1153,stu1-8,gradebook1-2,readMyScores> 8.787955135996643E-5
<1154,stu0-4,gradebook0-8,addScore> 6.0969269971642825E-5
<1155,admissions4-1,stu5-8application5-8,read> 1.9059337812702104E-4
<1156,registrar0-1,roster2-2,read> 1.0223461360843718E-4
<1157,stu4-6,stu4-6application4-6,checkStatus> 7.079957759844224E-4
<1158,registrar0-0,transcript2-19,read> 3.5052775721112545E-4
<1159,registrar0-1,roster2-1,read> 1.106453141358998E-4
<1160,registrar4-0,transcript4-10,read> 4.0454111338355023E-4
<1161,registrar0-1,roster2-6,read> 1.397004614125887E-4
<1162,registrar0-1,roster2-5,read> 1.0299922274729743E-4
<1163,registrar0-1,roster2-4,read> 1.0376383188615769E-4
<1164,registrar0-1,roster2-3,read> 9.994078619185651E-5
<1165,admissions0-0,stu0-10application0-10,read> 2.2623464004376792E-4
<1166,stu3-17,transcript3-17,read> 0.001719201503537163
<1167,admissions0-0,stu0-8application0-8,setStatus> 1.9111629863829768E-4
<1168,admissions4-0,stu4-9application4-9,setStatus> 1.3458615150145457E-4
<1169,registrar2-0,roster0-7,read> 2.0607199403415078E-4
<1170,fac1-3,gradebook1-6,changeScore> 8.371201513425029E-4
<1171,registrar4-1,transcript4-16,read> 4.436004707903828E-4
<1172,registrar2-0,roster2-9,write> 1.081607174649151E-4
<1173,admissions2-1,stu2-1application2-1,setStatus> 1.2114780967173403E-4
<1174,admissions0-1,stu4-8application4-8,read> 9.587195278593426E-5
<1175,registrar0-1,transcript4-19,read> 3.67974283120596E-4
<1176,registrar2-0,roster2-7,write> 1.0642280814613045E-4
<1177,registrar2-0,roster0-8,read> 2.1961320414301425E-4
<1178,registrar2-0,roster2-8,write> 1.0758141435865353E-4
<1179,stu2-11,gradebook2-3,addScore> 4.8233672827212396E-4
<1180,registrar4-0,transcript4-15,read> 4.320114903779801E-4
<1181,chair4,transcript4-8,read> 0.0011570927660909459
<1182,registrar2-0,roster2-5,write> 7.8036955939315E-5
<1183,registrar2-0,roster4-2,read> 1.4394173588760055E-4
<1184,registrar0-0,roster2-8,read> 1.4265319504183375E-4
<1185,app0-1,application0-1,checkStatus> 7.320551014692028E-4
<1186,admissions0-1,stu0-18application0-18,setStatus> 2.575297243641187E-4
<1187,stu4-19,stu4-19application4-19,checkStatus> 7.621292583251784E-4
<1188,registrar2-0,roster2-6,write> 1.0584350503986894E-4
<1189,registrar0-0,roster2-9,read> 1.4342135225094393E-4
<1190,admissions0-1,stu2-18application2-18,read> 1.7455589894969825E-4
<1191,registrar2-0,roster2-3,write> 7.571974351426884E-5
<1192,registrar0-0,roster0-2,read> 1.9565604247043523E-4
<1193,registrar0-0,roster2-6,read> 1.403487234145033E-4
<1194,admissions2-1,stu0-5application0-5,read> 1.531049530129187E-4
<1195,registrar2-0,roster2-4,write> 7.861625904557654E-5
<1196,registrar0-0,roster2-7,read> 1.4111688062361341E-4
<1197,admissions0-1,application4-4,setStatus> 1.8783973193966196E-4
<1198,admissions0-0,stu4-13application4-13,read> 2.0765790492630686E-4
<1199,registrar2-0,roster2-1,write> 8.382998700193041E-5
<1200,admissions0-1,stu5-5application5-5,read> 1.016575370626816E-4
<1201,admissions0-0,stu5-15application5-15,setStatus> 5.3242092688391E-5
<1202,registrar4-0,transcript1-7,read> 3.675158226519275E-4
<1203,registrar2-0,roster2-2,write> 7.745765283305345E-5
<1204,admissions4-1,stu3-15application3-15,setStatus> 1.594251780963019E-4
<1205,registrar2-1,transcript4-14,read> 3.8189960757180797E-4
<1206,registrar0-0,roster2-1,read> 1.1115874946831697E-4
<1207,registrar0-0,roster2-3,read> 1.0040454854077465E-4
<1208,registrar0-0,roster2-2,read> 1.0270902016810512E-4
<1209,fac2-2,roster2-5,read> 0.0014189454980971378
<1210,registrar0-0,transcript1-6,read> 3.091953050726297E-4
<1211,stu4-8,transcript4-8,read> 0.001000198831705733
<1212,admissions0-0,stu2-1application2-1,setStatus> 1.4823676090268076E-4
<1213,stu0-5,gradebook0-6,addScore> 1.2874090650423844E-4
<1214,admissions2-1,stu2-5application2-5,read> 1.284342000936001E-4
<1215,admissions2-1,stu5-2application5-2,setStatus> 1.534958248631483E-4
<1216,admissions4-1,stu0-3application0-3,setStatus> 8.868482396393898E-5
<1217,admissions0-0,stu5-5application5-5,read> 1.0200272394574672E-4
<1218,admissions2-0,application0-1,read> 5.965581596291123E-5
<1219,admissions2-0,application0-0,read> 6.161643161934378E-5
<1220,registrar2-0,transcript4-16,read> 3.8229675889612646E-4
<1221,admissions2-0,application0-4,setStatus> 6.834769304206747E-5
<1222,admissions0-1,stu0-2application0-2,setStatus> 1.0984939843634889E-5
<1223,stu4-16,gradebook4-8,readMyScores> 5.106193148461217E-5
<1224,registrar4-1,transcript2-7,read> 2.325402490721831E-4
<1225,stu3-19,stu3-19application3-19,checkStatus> 0.0018207395796555148
<1226,admissions0-1,stu5-6application5-6,read> 3.454475945241232E-5
<1227,stu4-16,gradebook4-9,readMyScores> 4.885093146755576E-5
<1228,admissions2-0,stu2-5application2-5,read> 1.3268874916502372E-4
<1229,admissions4-0,application0-0,read> 6.21103509108816E-5
<1230,admissions4-1,stu3-3application3-3,setStatus> 2.103582330716032E-4
<1231,admissions0-1,stu4-4application4-4,read> 1.589348214024804E-4
<1232,admissions2-1,stu1-5application1-5,read> 1.0186569694971852E-4
<1233,registrar4-1,roster2-1,read> 1.3374990409467237E-4
<1234,stu5-14,gradebook5-5,readMyScores> 3.2180059896812465E-5
<1235,stu5-9,stu5-9application5-9,checkStatus> 3.110169054855463E-4
<1236,registrar2-1,transcript0-13,read> 3.451490438920831E-4
<1237,admissions2-0,stu0-12application0-12,read> 4.936258376664034E-5
<1238,admissions2-1,stu1-4application1-4,setStatus> 2.0956571786159964E-4
<1239,stu3-10,transcript3-10,read> 0.0017638292555818723
<1240,admissions4-0,stu1-5application1-5,read> 1.0608373823128035E-4
<1241,registrar2-1,transcript1-8,read> 3.199486573688432E-4
<1242,registrar2-0,transcript4-6,read> 2.1817528373142272E-4
<1243,registrar2-0,roster0-1,read> 1.9969965986527382E-4
<1244,app1-4,application1-4,checkStatus> 1.7267578394805915E-4
<1245,registrar4-1,transcript4-9,read> 2.470961264320589E-4
<1246,registrar4-0,transcript0-14,read> 3.9140310699490986E-4
<1247,admissions0-1,stu4-0application4-0,read> 6.867970668522172E-5
<1248,registrar4-0,roster5-8,read> 1.4352720301340024E-4
<1249,admissions2-1,stu3-14application3-14,read> 1.104055729602519E-4
<1250,admissions4-1,application4-4,setStatus> 1.6168886942853752E-4
<1251,registrar2-1,transcript4-9,read> 2.1389703075020843E-4
<1252,admissions2-0,stu0-0application0-0,setStatus> 1.3462987006350878E-4
<1253,registrar2-0,roster0-5,read> 2.044789104919315E-4
<1254,registrar0-1,transcript2-13,read> 3.3586381278351865E-4
<1255,registrar4-1,transcript4-11,read> 4.144887160706311E-4
<1256,stu4-17,gradebook4-5,readMyScores> 9.040609590788049E-5
<1257,registrar4-1,roster1-1,write> 1.806252140421521E-4
<1258,fac5-0,gradebook5-1,assignGrade> 1.9911206018656847E-4
<1259,admissions2-0,application0-4,read> 6.014596987701937E-5
<1260,admissions2-0,application0-3,setStatus> 6.890468612628125E-5
<1261,stu4-17,gradebook4-1,readMyScores> 6.260735424174341E-5
<1262,admissions2-0,application0-2,setStatus> 6.723370687363989E-5
<1263,stu4-17,gradebook4-4,readMyScores> 4.508921768251003E-5
<1264,admissions2-0,application0-2,read> 5.9165662048803095E-5
<1265,admissions2-0,application0-1,setStatus> 6.779069995785367E-5
<1266,stu4-17,gradebook4-3,readMyScores> 8.038366745838241E-5
<1267,stu4-12,gradebook4-3,readMyScores> 7.791980025659291E-5
<1268,admissions2-0,application0-3,read> 6.0636123791127495E-5
<1269,chair0,transcript0-9,read> 6.694932530098616E-4
<1270,stu3-15,transcript3-15,read> 0.0017340774208853993
<1271,registrar2-0,roster4-1,write> 1.041055957210843E-4
<1272,admissions2-0,stu1-11application1-11,setStatus> 1.7529036521111565E-4
<1273,admissions2-0,application0-0,setStatus> 7.001867229470886E-5
<1274,admissions2-1,application0-0,read> 5.964075445319247E-5
<1275,admissions0-0,stu1-9application1-9,read> 1.7630966441559118E-4
<1276,admissions2-1,application0-2,read> 5.726856667248876E-5
<1277,admissions0-1,stu5-3application5-3,setStatus> 1.911269957332684E-4
<1278,admissions2-1,application0-1,read> 5.7743004228629504E-5
<1279,registrar0-1,roster2-9,read> 1.4275889796802965E-4
<1280,registrar4-0,transcript3-15,read> 4.176791197721906E-4
<1281,registrar2-0,transcript1-8,read> 3.185298163162097E-4
<1282,stu5-15,stu5-15application5-15,checkStatus> 4.85447015250204E-4
<1283,fac4-3,gradebook4-6,changeScore> 0.0013322564542531164
<1284,admissions0-0,stu0-17application0-17,read> 2.163657495126167E-4
<1285,registrar0-0,transcript0-11,read> 3.2633315108127433E-4
<1286,admissions0-0,stu5-6application5-6,read> 3.466205914495022E-5
<1287,registrar0-1,roster2-8,read> 1.4199428882916937E-4
<1288,stu4-15,gradebook4-8,readMyScores> 5.224483337228658E-5
<1289,registrar0-1,roster2-7,read> 1.404650705514489E-4
<1290,stu1-9,gradebook1-2,readScore> 1.436771341106004E-4
<1291,admissions4-0,stu3-7application3-7,setStatus> 1.6153613351599927E-4
<1292,admissions2-0,stu3-14application3-14,read> 1.1406290042891449E-4
<1293,stu1-2,gradebook1-1,addScore> 2.9730596799732074E-4
<1294,chair2,transcript2-4,read> 0.001116937512072504
<1295,admissions2-1,stu2-10application2-10,read> 1.151499485216593E-4
<1296,registrar2-1,roster4-6,read> 1.1657975730143103E-4
<1297,chair2,transcript2-6,read> 0.001082518722913839
<1298,stu4-16,gradebook4-5,readMyScores> 8.971332888942931E-5
<1299,admissions0-0,stu0-14application0-14,setStatus> 1.5483361286200648E-4
<1300,admissions2-1,application0-0,setStatus> 6.777358460590054E-5
<1301,admissions0-0,stu1-6application1-6,setStatus> 3.3451536810413966E-5
<1302,stu2-0,gradebook2-1,readMyScores> 1.3168965765546258E-4
<1303,chair2,transcript2-7,read> 0.0010997281174931713
<1304,chair2,transcript2-0,read> 0.0013406596416038249
<1305,admissions0-0,stu4-2application4-2,setStatus> 1.2382840865317573E-4
<1306,chair0,transcript0-0,read> 0.0010251540743160643
<1307,admissions2-1,application0-2,setStatus> 6.507791667328269E-5
<1308,registrar0-0,roster3-7,read> 1.2959452248696094E-4
<1309,stu2-17,gradebook2-8,readMyScores> 3.1501796726341645E-4
<1310,admissions2-1,application0-3,read> 5.869187934091099E-5
<1311,admissions4-1,stu4-3application4-3,read> 1.9457747487175572E-4
<1312,chair2,transcript2-1,read> 0.0011112010472127262
<1313,admissions2-1,application0-1,setStatus> 6.561705025980626E-5
<1314,admissions2-1,application0-4,read> 5.821744178477025E-5
<1315,admissions2-1,application0-4,setStatus> 6.615618384632984E-5
<1316,admissions2-1,application0-3,setStatus> 6.669531743285341E-5
<1317,registrar0-0,transcript4-2,read> 2.1342498914196867E-4
<1318,registrar0-1,transcript1-2,read> 3.1178096003071064E-4
<1319,admissions4-1,stu4-0application4-0,read> 5.911818555077657E-5
<1320,stu3-9,gradebook3-3,addScore> 1.6013532649297992E-4
<1321,admissions4-1,stu4-14application4-14,setStatus> 1.7753470875418682E-4
<1322,fac1-1,gradebook1-3,readScore> 1.3888658891329428E-4
<1323,registrar2-0,transcript4-5,read> 2.171299240169978E-4
<1324,registrar0-0,transcript5-19,read> 1.8860031514415263E-5
<1325,admissions4-1,stu3-7application3-7,setStatus> 1.6282071509465535E-4
<1326,registrar4-0,roster2-5,write> 8.916026369013049E-5
<1327,admissions2-1,stu2-11application2-11,read> 6.485956757074063E-5
<1328,registrar2-1,transcript3-18,read> 3.6194930157424304E-4
<1329,chair0,transcript0-16,read> 0.001839732084404464
<1330,stu4-8,gradebook4-2,readMyScores> 1.801652880711492E-4
<1331,stu4-19,gradebook4-1,readMyScores> 6.4526353605475E-5
<1332,admissions0-0,stu1-2application1-2,setStatus> 2.0628905814474677E-4
<1333,admissions2-0,stu2-14application2-14,setStatus> 6.0549789863074366E-5
<1334,registrar0-0,roster0-9,write> 1.5514447874906843E-4
<1335,stu1-3,gradebook1-6,addScore> 3.6062617347630414E-4
<1336,stu4-19,gradebook4-3,readMyScores> 8.28475346601719E-5
<1337,registrar2-0,roster4-1,read> 1.431451941164909E-4
<1338,admissions4-0,application5-4,setStatus> 2.1543609754508865E-4
<1339,stu4-19,gradebook4-8,readMyScores> 5.303343463073619E-5
<1340,stu0-0,gradebook0-8,addScore> 6.265992563810086E-5
<1341,admissions2-1,stu0-10application0-10,setStatus> 2.1010485144812324E-4
<1342,chair1,transcript1-3,read> 0.0017881039006664673
<1343,admissions4-1,application3-3,read> 1.2385975765271515E-4
<1344,registrar4-1,roster4-5,read> 1.2727999799392234E-4
<1345,admissions4-1,stu0-9application0-9,read> 1.0891939485996006E-4
<1346,stu2-7,gradebook2-6,readMyScores> 1.6052159158866274E-4
<1347,admissions4-0,stu2-5application2-5,read> 1.337523864328796E-4
<1348,admissions4-0,stu1-7application1-7,read> 3.0489038680482475E-5
<1349,admissions0-0,stu1-1application1-1,read> 2.279762089610299E-4
<1350,admissions2-1,stu0-12application0-12,read> 4.7779815549673914E-5
<1351,stu0-1,stu0-1application0-1,checkStatus> 1.8470544669044932E-4
<1352,admissions4-0,stu3-3application3-3,setStatus> 2.0869860204145247E-4
<1353,admissions2-0,stu2-11application2-11,read> 6.700812467453329E-5
<1354,stu4-18,gradebook4-1,readMyScores> 6.404660376454211E-5
<1355,stu4-16,stu4-16application4-16,checkStatus> 0.0018087099169131246
<1356,stu2-14,gradebook2-3,readMyScores> 1.5093364792997935E-4
<1357,registrar2-1,transcript1-4,read> 3.2414872178938316E-4
<1358,stu4-18,gradebook4-5,readMyScores> 9.248439696323407E-5
<1359,admissions2-1,stu2-12application2-12,read> 5.0152003330377624E-5
<1360,admissions2-1,application2-2,setStatus> 5.6451779288905554E-5
<1361,stu4-18,gradebook4-9,readMyScores> 5.0359840547634706E-5
<1362,registrar4-0,transcript2-18,read> 4.129016629035941E-4
<1363,registrar2-1,roster4-3,read> 1.4538299159037478E-4
<1364,stu0-17,gradebook0-9,readMyScores> 1.9481601270193555E-5
<1365,chair4,transcript4-11,read> 0.001960197846459791
<1366,fac3-4,gradebook3-8,changeScore> 4.934373057927829E-4
<1367,admissions0-0,stu3-10application3-10,setStatus> 6.709548180297492E-5
<1368,registrar2-1,roster4-4,read> 1.1177921825327376E-4
<1369,registrar2-1,roster4-5,read> 1.1017903857055466E-4
<1370,admissions0-0,stu4-1application4-1,read> 2.1056051978841014E-4
<1371,registrar2-1,roster4-1,read> 1.437828119076557E-4
<1372,registrar0-1,roster0-8,write> 1.5331571732842946E-4
<1373,registrar2-1,roster4-2,read> 1.4458290174901528E-4
<1374,admissions0-0,stu5-13application5-13,setStatus> 2.465298550966334E-4
<1375,registrar0-1,roster0-9,write> 1.5442787607586255E-4
<1376,admissions4-0,stu1-11application1-11,setStatus> 1.766954983991807E-4
<1377,registrar4-1,roster1-4,read> 2.418897632072091E-4
<1378,admissions2-0,application5-4,setStatus> 2.137228880218673E-4
<1379,registrar0-1,roster0-6,write> 1.4441844734896492E-4
<1380,registrar0-1,roster0-7,write> 1.438623679752484E-4
<1381,registrar0-1,roster0-5,write> 1.4275020922781533E-4
<1382,registrar0-1,roster0-2,write> 1.4163805048038225E-4
<1383,admissions0-0,stu5-3application5-3,read> 1.6876286577412262E-4
<1384,admissions4-1,stu1-7application1-7,read> 3.073149624454198E-5
<1385,registrar0-1,roster0-1,write> 1.3941373298551613E-4
<1386,admissions2-0,stu0-0application0-0,read> 1.1847428565588772E-4
<1387,admissions0-0,stu3-7application3-7,setStatus> 1.8979692824643257E-4
<1388,stu2-11,stu2-11application2-11,checkStatus> 8.222775720371293E-4
<1389,registrar2-0,roster4-7,read> 1.1367314858543506E-4
<1390,registrar0-1,roster5-6,write> 8.436187498757922E-5
<1391,registrar2-0,roster4-6,read> 1.1606277389876392E-4
<1392,stu5-11,gradebook5-7,addScore> 7.182783576001855E-5
<1393,registrar2-0,roster4-9,read> 1.0252156378990042E-4
<1394,registrar2-0,roster4-4,read> 1.1128352327210623E-4
<1395,admissions2-0,stu1-4application1-4,read> 1.9052691102978392E-4
<1396,admissions4-1,stu1-15application1-15,read> 1.3880012044547015E-4
<1397,registrar2-0,roster4-5,read> 1.09690439729887E-4
<1398,registrar2-0,roster4-3,read> 1.4473827765871015E-4
<1399,admissions0-1,stu3-10application3-10,setStatus> 6.686842433494455E-5
<1400,admissions0-1,stu4-10application4-10,setStatus> 3.859795570992908E-5
<1401,registrar0-0,transcript0-3,read> 1.0858169591261349E-4
<1402,admissions4-1,stu1-17application1-17,read> 5.9616197643868414E-5
<1403,admissions0-1,stu3-7application3-7,setStatus> 1.8915463745710452E-4
<1404,admissions0-0,application4-2,setStatus> 1.8517913187490458E-4
<1405,registrar4-1,transcript2-10,read> 4.0235881827073455E-4
<1406,fac3-3,gradebook3-6,changeScore> 4.8178703984194497E-4
<1407,admissions2-0,stu2-6application2-6,read> 1.3710013439199693E-4
<1408,admissions2-1,stu1-15application1-15,read> 1.3222970054272603E-4
<1409,admissions0-1,stu1-3application1-3,setStatus> 1.8192265711117035E-4
<1410,admissions4-1,stu3-1application3-1,setStatus> 1.8206209141865802E-4
<1411,fac2-4,gradebook2-8,assignGrade> 7.899469762647796E-4
<1412,admissions4-1,stu4-13application4-13,read> 1.7814307579972519E-4
<1413,registrar4-1,transcript1-4,read> 3.744600533309725E-4
<1414,admissions0-0,stu3-9application3-9,read> 9.503644827669882E-5
<1415,stu1-19,gradebook1-3,addScore> 2.5603617390598034E-4
<1416,fac5-2,gradebook5-5,readScore> 4.078799139651853E-5
<1417,admissions4-1,stu4-12application4-12,read> 1.622066888207864E-4
<1418,registrar4-0,roster4-7,read> 1.2987600272678883E-4
<1419,registrar4-0,transcript4-1,read> 2.5166249358846274E-4
<1420,stu3-14,stu3-14application3-14,checkStatus> 0.0013997013836718583
<1421,registrar4-1,transcript2-6,read> 2.2890127973221417E-4
<1422,registrar4-0,transcript4-2,read> 2.5285685780561184E-4
<1423,admissions0-1,stu0-19application0-19,read> 1.1438582247152579E-4
<1424,registrar4-0,transcript4-0,read> 2.504681293713136E-4
<1425,admissions0-0,stu5-18application5-18,read> 1.3218991851162104E-4
<1426,registrar4-0,transcript4-9,read> 2.4330194406841887E-4
<1427,registrar4-0,transcript4-8,read> 2.409132156341206E-4
<1428,admissions0-0,stu4-15application4-15,setStatus> 1.564003652023463E-5
<1429,registrar4-0,transcript4-5,read> 2.480794009370153E-4
<1430,registrar4-0,transcript1-2,read> 3.7109891530337486E-4
<1431,admissions4-0,stu3-1application3-1,setStatus> 1.8062570410963508E-4
<1432,admissions2-0,stu2-19application2-19,setStatus> 1.2905993922137084E-4
<1433,admissions0-0,stu1-3application1-3,setStatus> 1.825403910911743E-4
<1434,stu1-7,gradebook1-4,addScore> 2.1575799941246098E-4
<1435,admissions4-0,stu4-6application4-6,read> 5.81576868820817E-5
<1436,admissions2-1,stu2-6application2-6,read> 1.327041380988668E-4
<1437,admissions0-0,stu2-5application2-5,read> 1.5715240632570944E-4
<1438,admissions4-0,stu0-10application0-10,setStatus> 2.1880484529690679E-4
<1439,registrar4-0,transcript2-16,read> 4.069298418178485E-4
<1440,registrar0-0,roster0-7,write> 1.4452994276863704E-4
<1441,registrar0-0,roster0-8,write> 1.540271591721809E-4
<1442,admissions4-0,stu4-13application4-13,read> 1.7673760774607842E-4
<1443,stu1-8,stu1-8application1-8,checkStatus> 0.0015380425052093454
<1444,stu5-0,transcript5-0,read> 0.0014464763521528274
<1445,admissions0-1,stu4-1application4-1,read> 2.0984796303785715E-4
<1446,admissions0-1,stu3-9application3-9,read> 9.471483593058479E-5
<1447,admissions0-0,stu4-4application4-4,read> 1.5947449821539204E-4
<1448,registrar4-1,transcript4-0,read> 2.543740651119969E-4
<1449,admissions4-1,stu5-11application5-11,setStatus> 1.2037650261523757E-4
<1450,registrar4-1,transcript4-2,read> 2.5680004467197614E-4
<1451,stu2-17,gradebook2-9,addScore> 4.066081191410316E-4
<1452,registrar0-0,roster0-1,write> 1.4006066446108697E-4
<1453,fac5-0,roster5-1,read> 0.0018613510230219492
<1454,registrar2-0,transcript4-18,read> 3.843874783249761E-4
<1455,admissions4-0,application5-2,setStatus> 2.1262880775190697E-4
<1456,registrar4-1,transcript4-3,read> 2.4952210599203824E-4
<1457,registrar2-0,roster4-3,write> 1.0526420193360738E-4
<1458,admissions2-1,stu4-4application4-4,setStatus> 1.4810448899791256E-4
<1459,admissions2-1,application3-2,read> 1.184710114146445E-4
<1460,registrar0-0,roster0-2,write> 1.42295303614862E-4
<1461,registrar0-0,roster0-3,write> 1.4117798403797448E-4
<1462,registrar0-0,roster5-1,read> 1.3573978015984228E-4
<1463,registrar4-1,roster0-7,read> 2.391169463068876E-4
<1464,registrar0-0,transcript5-8,read> 3.021385449514231E-4
<1465,registrar0-0,roster0-4,write> 1.4397128298019327E-4
<1466,registrar0-0,roster0-5,write> 1.4341262319174952E-4
<1467,registrar4-1,transcript5-7,read> 3.5990417597109666E-4
<1468,registrar0-0,roster0-6,write> 1.450886025570808E-4
<1469,admissions4-1,stu4-1application4-1,setStatus> 2.052649275740731E-4
<1470,fac2-1,gradebook2-2,changeScore> 0.0021536002037871927
<1471,admissions4-0,stu2-18application2-18,setStatus> 1.6939654493690814E-4
<1472,admissions0-1,stu5-18application5-18,read> 1.3174257530176785E-4
<1473,registrar4-1,roster1-3,read> 2.4281403550731624E-4
<1474,admissions4-0,stu1-6application1-6,setStatus> 2.8470597319184813E-5
<1475,admissions0-1,stu3-0application3-0,read> 8.661501794313851E-5
<1476,registrar4-1,transcript4-8,read> 2.446701468720796E-4
<1477,admissions4-0,stu0-11application0-11,read> 1.6586778166687865E-4
<1478,admissions2-0,stu3-7application3-7,read> 1.4102136570486203E-4
<1479,registrar2-0,roster1-2,read> 2.1324086997413728E-4
<1480,admissions2-1,stu0-0application0-0,read> 1.1467551096551856E-4
<1481,registrar4-1,transcript4-5,read> 2.519480855520175E-4
<1482,registrar4-1,transcript4-7,read> 2.4345715709208997E-4
<1483,admissions4-0,stu1-2application1-2,setStatus> 1.7557258248190798E-4
<1484,admissions0-1,stu4-15application4-15,setStatus> 1.5587109154683923E-5
<1485,registrar4-1,transcript4-6,read> 2.5316107533200724E-4
<1486,admissions4-1,stu1-14application1-14,read> 1.6917885812407207E-4
<1487,admissions0-1,stu2-7application2-7,setStatus> 1.2143700330881164E-4
<1488,admissions2-1,stu0-0application0-0,setStatus> 1.3031308064263475E-4
<1489,stu3-9,transcript3-9,read> 3.3574119015117044E-4
<1490,admissions2-0,stu4-4application4-4,read> 1.3464936482145623E-4
<1491,registrar2-1,roster4-9,read> 1.0297822999831869E-4
<1492,registrar2-1,roster4-8,read> 1.0537849952239734E-4
<1493,registrar2-1,roster4-7,read> 1.1417948777735238E-4
<1494,registrar2-1,transcript0-0,read> 1.876466281218335E-4
<1495,stu1-8,gradebook1-9,addScore> 2.1432000721109868E-4
<1496,admissions0-0,stu4-0application4-0,read> 6.891291451776915E-5
<1497,registrar2-1,transcript3-7,read> 8.264501760833376E-5
<1498,registrar2-1,transcript3-8,read> 7.214485655698377E-5
<1499,registrar2-1,transcript3-9,read> 7.109484045184878E-5
<1500,admissions0-0,stu0-1application0-1,setStatus> 2.0257832891762604E-5
<1501,admissions2-1,stu2-7application2-7,setStatus> 9.958246621079121E-5
<1502,registrar2-1,transcript3-3,read> 7.739493708265877E-5
<1503,admissions2-0,stu1-1application1-1,read> 1.9248752668621645E-4
<1504,registrar2-1,transcript3-4,read> 8.159500150319875E-5
<1505,registrar2-1,transcript3-5,read> 8.054498539806376E-5
<1506,fac3-3,gradebook3-7,readScore> 5.65769347115705E-5
<1507,fac3-3,gradebook3-6,readScore> 1.2387829158329208E-4
<1508,registrar4-1,roster5-8,read> 1.4576544399606532E-4
<1509,registrar4-1,roster5-9,read> 1.503868054966011E-4
<1510,stu5-10,gradebook5-4,addScore> 4.902180419320614E-5
<1511,admissions4-0,stu0-12application0-12,read> 4.975827582088194E-5
<1512,registrar0-0,roster2-9,write> 1.0430643800068649E-4
<1513,admissions0-0,stu0-15application0-15,read> 1.3683410229098632E-4
<1514,registrar0-0,roster2-7,write> 1.0263045863535522E-4
<1515,registrar0-0,roster2-6,write> 1.0207179884691148E-4
<1516,registrar0-0,roster2-5,write> 7.525612900161112E-5
<1517,registrar2-1,transcript3-0,read> 7.634492097752378E-5
<1518,registrar0-0,roster2-4,write> 7.581478879005491E-5
<1519,registrar0-0,roster2-3,write> 7.302148984783611E-5
<1520,admissions2-0,stu5-19application5-19,read> 3.0736735030531115E-5
<1521,registrar2-1,transcript3-2,read> 7.949496929292877E-5
<1522,registrar0-0,roster2-2,write> 7.469746921316736E-5
<1523,registrar4-1,roster2-8,write> 1.248327770175022E-4
<1524,admissions4-1,stu5-19application5-19,read> 3.122950833763382E-5
<1525,stu5-11,stu5-11application5-11,checkStatus> 0.0012794047562479562
<1526,admissions0-1,stu1-9application1-9,read> 1.7571301580504773E-4
<1527,registrar2-1,transcript3-1,read> 7.529490487238877E-5
<1528,admissions0-0,stu5-12application5-12,read> 1.0026115502848477E-4
<1529,registrar0-0,roster2-1,write> 8.08427268860487E-5
<1530,registrar4-0,roster1-6,read> 2.409057650578947E-4
<1531,registrar2-1,transcript1-16,read> 3.8544341192663866E-5
<1532,admissions4-1,stu4-2application4-2,read> 9.348101997411318E-5
<1533,registrar2-0,transcript3-8,read> 7.18249237119417E-5
<1534,admissions4-0,stu0-4application0-4,read> 1.2535297537167981E-4
<1535,chair2,transcript2-13,read> 0.0019200425924413489
<1536,registrar2-0,transcript3-9,read> 7.077956399751684E-5
<1537,stu4-11,gradebook4-1,readMyScores> 6.11681047189447E-5
<1538,chair4,transcript4-10,read> 0.0019429884518804587
<1539,registrar2-0,transcript3-6,read> 8.332388057061522E-5
<1540,admissions0-1,stu3-6application3-6,read> 2.1679066416995397E-4
<1541,admissions0-0,stu1-14application1-14,read> 1.972084914227349E-4
<1542,registrar2-0,transcript3-7,read> 8.227852085619036E-5
<1543,registrar2-0,transcript3-4,read> 8.123316114176549E-5
<1544,fac3-4,gradebook3-9,readScore> 3.184497448995985E-5
<1545,registrar2-0,roster2-8,read> 1.479244447431486E-4
<1546,registrar2-0,transcript3-5,read> 8.018780142734063E-5
<1547,app2-1,application2-1,checkStatus> 6.237881367876912E-4
<1548,stu5-10,transcript5-10,read> 1.5723018197233275E-4
<1549,registrar4-1,transcript2-18,read> 4.193406751905897E-4
<1550,registrar2-0,transcript3-3,read> 7.705172228406603E-5
<1551,admissions4-1,stu0-11application0-11,read> 1.6718680975170473E-4
<1552,registrar4-0,roster3-3,read> 1.4989776314715218E-4
<1553,admissions0-0,stu1-16application1-16,setStatus> 1.4625770531488306E-4
<1554,admissions2-0,application5-1,read> 1.8464506406048626E-4
<1555,fac2-1,gradebook2-3,readScore> 1.5643939769869605E-4
<1556,fac2-1,gradebook2-2,readScore> 2.7508903034538144E-4
<1557,registrar2-0,transcript3-1,read> 7.496100285521631E-5
<1558,registrar0-1,roster5-5,write> 8.547403373501229E-5
<1559,registrar2-1,roster1-3,read> 2.1019026874049833E-4
<1560,registrar2-0,transcript3-0,read> 7.600636256964117E-5
<1561,registrar2-0,transcript1-9,read> 3.1957517603063457E-4
<1562,fac4-4,gradebook4-9,changeScore> 0.001145852199039709
<1563,stu4-10,gradebook4-9,readMyScores> 4.847370419753602E-5
<1564,stu4-0,gradebook4-1,addScore> 1.7435844128945775E-4
<1565,stu4-10,gradebook4-6,readMyScores> 1.2332952609706087E-4
<1566,stu4-10,gradebook4-5,readMyScores> 8.90205618709781E-5
<1567,admissions2-1,stu3-4application3-4,read> 4.683094043739243E-5
<1568,admissions4-0,stu0-19application0-19,read> 9.768432717008059E-5
<1569,registrar4-0,roster1-4,write> 1.7321856363677998E-4
<1570,fac1-4,gradebook1-9,addScore> 1.3051259094932487E-4
<1571,fac5-3,gradebook5-7,changeScore> 5.458635025715538E-4
<1572,fac3-1,gradebook3-3,readScore> 3.382507598202593E-5
<1573,fac3-1,gradebook3-2,readScore> 2.1256489511530626E-5
<1574,registrar4-1,roster0-6,read> 2.4004121860699478E-4
<1575,registrar4-0,roster5-6,read> 1.3806672289875567E-4
<1576,registrar4-0,roster5-5,read> 1.398868829369705E-4
<1577,chair4,transcript4-4,read> 0.0011857750903898332
<1578,registrar4-0,roster5-4,read> 1.3442640282232597E-4
<1579,registrar4-0,roster5-3,read> 1.353364828414334E-4
<1580,registrar0-0,transcript5-6,read> 3.0012232777393554E-4
<1581,registrar4-0,roster5-2,read> 1.617288033955487E-4
<1582,registrar4-0,roster5-1,read> 1.6081872337644128E-4
<1583,admissions2-1,stu2-3application2-3,read> 6.058962956547396E-5
<1584,registrar0-1,transcript0-11,read> 3.248258386051483E-4
<1585,admissions4-1,stu0-19application0-19,read> 9.846114090503153E-5
<1586,admissions4-1,stu1-13application1-13,read> 1.1987566090798046E-4
<1587,stu0-5,transcript0-5,read> 5.539213112586388E-4
<1588,registrar4-0,roster5-7,read> 1.4534736305161507E-4
<1589,fac3-2,gradebook3-5,readScore> 1.358604739429858E-4
<1590,registrar4-0,roster5-9,read> 1.4807760310893732E-4
<1591,registrar2-1,roster0-7,write> 1.5053811590913464E-4
<1592,fac3-2,gradebook3-4,readScore> 1.343627011480241E-4
<1593,fac5-1,gradebook5-2,changeScore> 5.691640344732297E-4
<1594,registrar4-1,roster5-5,read> 1.4206835479563674E-4
<1595,registrar2-0,transcript3-14,read> 3.666163631797535E-4
<1596,registrar0-1,transcript0-16,read> 3.2181548201104727E-4
<1597,registrar0-1,roster2-7,write> 1.021564149465083E-4
<1598,registrar4-1,roster5-4,read> 1.3652272099499383E-4
<1599,registrar0-1,roster2-6,write> 1.0160033557279179E-4
<1600,registrar2-1,roster3-7,read> 1.3498182365270065E-4
<1601,admissions2-0,stu5-16application5-16,setStatus> 1.4521273866357083E-4
<1602,registrar4-1,roster5-7,read> 1.4761398859627962E-4
<1603,registrar0-1,roster2-9,write> 1.0382465306765792E-4
<1604,registrar4-1,roster5-6,read> 1.4021981019542244E-4
<1605,registrar0-1,roster2-8,write> 1.0326857369394137E-4
<1606,registrar2-1,roster3-1,read> 1.2858110492182425E-4
<1607,registrar4-1,roster5-1,read> 1.633266176981012E-4
<1608,registrar4-1,roster5-3,read> 1.3744699329510098E-4
<1609,registrar0-1,transcript2-15,read> 3.388741693776197E-4
<1610,registrar4-1,roster5-2,read> 1.6425088999820833E-4
<1611,registrar0-1,roster2-1,write> 8.046931937156349E-5
<1612,admissions4-0,stu5-19application5-19,read> 3.0983121684082466E-5
<1613,admissions2-0,application3-3,setStatus> 1.3852882165300533E-4
<1614,admissions2-1,application4-3,read> 1.3602520099185197E-4
<1615,stu0-3,stu0-3application0-3,checkStatus> 9.425741994610311E-4
<1616,registrar0-1,roster2-3,write> 7.268420813953201E-5
<1617,registrar0-1,roster2-2,write> 7.435244626068159E-5
<1618,registrar0-1,roster2-5,write> 7.490852563439813E-5
<1619,registrar0-1,roster2-4,write> 7.546460500811469E-5
<1620,admissions0-0,stu3-19application3-19,setStatus> 1.9969220618542107E-4
<1621,registrar0-1,transcript5-1,read> 2.897050116739699E-4
<1622,registrar2-0,transcript5-4,read> 3.091215788863859E-4
<1623,registrar4-1,transcript5-17,read> 2.6331986473942056E-5
<1624,admissions2-0,stu5-0application5-0,read> 1.1945459348410397E-4
<1625,admissions4-0,stu1-13application1-13,read> 1.1892989632488E-4
<1626,fac1-0,gradebook1-1,readScore> 6.68224933036017E-5
<1627,stu4-14,gradebook4-3,readMyScores> 8.099963425882978E-5
<1628,admissions2-0,stu2-3application2-3,read> 6.259673944756005E-5
<1629,stu4-13,gradebook4-6,readMyScores> 1.2045023755004776E-4
<1630,admissions0-1,application0-4,setStatus> 8.067493226809166E-5
<1631,admissions4-0,stu4-17application4-17,setStatus> 9.75299262314556E-5
<1632,admissions0-1,stu1-5application1-5,read> 1.2422131574199628E-4
<1633,stu4-13,gradebook4-8,readMyScores> 4.948472896771295E-5
<1634,admissions4-1,stu2-4application2-4,setStatus> 3.6054000489460974E-5
<1635,admissions0-0,stu1-12application1-12,read> 1.37414625263407E-4
<1636,admissions0-0,stu2-14application2-14,setStatus> 7.17132781745029E-5
<1637,fac4-1,gradebook4-3,readScore> 3.335664828779326E-4
<1638,fac0-4,gradebook0-9,readScore> 2.566642587140849E-5
<1639,fac0-4,gradebook0-8,readScore> 1.0783491240993835E-5
<1640,fac2-4,gradebook2-8,addScore> 2.4986661105961806E-4
<1641,stu5-17,gradebook5-3,readMyScores> 3.971070580562816E-5
<1642,app2-4,application2-4,checkStatus> 6.959661132420323E-4
<1643,registrar4-1,roster1-6,write> 1.779364218963858E-4
<1644,stu1-16,stu1-16application1-16,checkStatus> 0.0013335382385887122
<1645,stu4-15,gradebook4-4,readMyScores> 4.578024017572858E-5
<1646,admissions0-1,stu2-6application2-6,setStatus> 1.8389501538733423E-4
<1647,stu4-15,gradebook4-1,readMyScores> 6.35668539236092E-5
<1648,registrar2-0,roster4-2,write> 1.0468489882734586E-4
<1649,admissions2-0,stu3-4application3-4,read> 4.838227593842406E-5
<1650,admissions4-0,application5-0,setStatus> 2.1094443387599784E-4
<1651,admissions4-1,stu1-1application1-1,read> 1.9557349905793933E-4
<1652,stu4-14,gradebook4-7,readMyScores> 3.849210567628619E-5
<1653,admissions4-1,stu4-17application4-17,setStatus> 9.830551212594033E-5
<1654,stu4-14,gradebook4-6,readMyScores> 1.2620881464407395E-4
<1655,admissions2-1,stu4-5application4-5,setStatus> 8.340845861508409E-5
<1656,stu5-12,gradebook5-3,addScore> 1.022463438126264E-4
<1657,fac1-2,gradebook1-4,readScore> 4.978659836705015E-5
<1658,fac1-2,gradebook1-5,readScore> 2.1224688648603348E-4
<1659,stu4-11,gradebook4-4,readMyScores> 4.405268394268222E-5
<1660,stu4-11,gradebook4-9,readMyScores> 4.809647692751629E-5
<1661,admissions4-0,stu4-14application4-14,setStatus> 1.761340404405443E-4
<1662,admissions2-0,stu4-5application4-5,setStatus> 8.617147173690883E-5
<1663,admissions2-1,stu3-12application3-12,read> 6.675731779530362E-5
<1664,admissions4-1,stu0-13application0-13,read> 1.6419873719315375E-4
<1665,stu5-13,gradebook5-3,addScore> 9.967948999306258E-5
<1666,fac1-1,gradebook1-2,readScore> 8.504525312001195E-5
<1667,admissions0-1,stu3-19application3-19,setStatus> 1.990164288379239E-4
<1668,stu4-13,gradebook4-3,readMyScores> 7.730383345614553E-5
<1669,stu4-13,gradebook4-4,readMyScores> 4.336166144946367E-5
<1670,stu4-12,gradebook4-7,readMyScores> 3.702852751368975E-5
<1671,stu4-12,gradebook4-6,readMyScores> 1.2141000039905213E-4
<1672,stu4-7,gradebook4-1,readScore> 7.085185644477288E-5
<1673,stu0-17,gradebook0-6,readMyScores> 1.6171500989507842E-5
<1674,admissions2-1,stu5-19application5-19,read> 2.9751188416325714E-5
<1675,admissions2-1,stu2-11application2-11,setStatus> 7.370405405765982E-5
<1676,stu1-16,gradebook1-1,readMyScores> 1.6278127891133047E-4
<1677,stu4-12,gradebook4-9,readMyScores> 4.7719249657496555E-5
<1678,admissions4-1,stu0-12application0-12,read> 5.0153967875123546E-5
<1679,admissions0-1,stu2-14application2-14,setStatus> 7.14705936459936E-5
<1680,stu2-14,gradebook2-7,readMyScores> 1.332667517443303E-4
<1681,registrar4-1,roster4-6,write> 9.794485555983966E-5
<1682,admissions4-0,stu2-4application2-4,setStatus> 3.576955078145733E-5
<1683,admissions4-0,stu1-11application1-11,read> 1.5549203859127898E-4
<1684,admissions4-1,stu5-0application5-0,setStatus> 1.3792011044006357E-4
<1685,admissions4-0,stu1-2application1-2,read> 1.54503872584079E-4
<1686,registrar4-0,roster4-2,write> 1.1960657705663347E-4
<1687,admissions4-0,stu5-0application5-0,setStatus> 1.3683198333599997E-4
<1688,registrar0-1,transcript1-10,read> 4.586612755178887E-5
<1689,registrar4-0,roster4-1,write> 1.1894470067910076E-4
<1690,registrar2-1,transcript4-7,read> 2.1074698243480342E-4
<1691,registrar4-0,roster4-4,write> 9.246964557779389E-5
<1692,admissions4-1,application4-0,setStatus> 1.5263410409959506E-4
<1693,registrar4-0,roster4-3,write> 1.202684534341661E-4
<1694,admissions4-1,stu5-15application5-15,setStatus> 4.5674688651462336E-5
<1695,admissions0-0,stu5-19application5-19,setStatus> 4.136775916160478E-5
<1696,registrar2-1,transcript4-3,read> 2.1599706296047844E-4
<1697,registrar4-0,roster4-6,write> 9.64409038429899E-5
<1698,registrar4-0,roster4-5,write> 9.114589282272853E-5
<1699,admissions4-0,stu0-9application0-9,read> 1.0806007024568029E-4
<1700,registrar4-0,roster4-8,write> 8.717463455753249E-5
<1701,registrar4-0,roster4-7,write> 9.445527471039189E-5
<1702,fac3-3,gradebook3-6,addScore> 3.3624107715465E-4
<1703,registrar2-0,roster3-4,read> 1.2880744223651782E-4
<1704,registrar0-1,transcript1-1,read> 2.646187067231283E-4
<1705,admissions2-0,stu0-10application0-10,read> 1.9101706494389207E-4
<1706,registrar0-1,transcript3-8,read> 6.89455281065632E-5
<1707,admissions4-1,stu0-0application0-0,read> 1.2037367300107228E-4
<1708,registrar4-0,roster4-9,write> 8.518900542493445E-5
<1709,fac3-3,gradebook3-7,addScore> 1.535659656456914E-4
<1710,admissions4-0,stu0-15application0-15,setStatus> 1.3234031966690918E-4
<1711,fac1-4,gradebook1-9,readScore> 4.808358613922495E-5
<1712,stu2-16,gradebook2-9,readScore> 1.4799268321097486E-4
<1713,registrar4-0,transcript2-19,read> 4.1529039133789223E-4
<1714,admissions0-1,stu5-13application5-13,setStatus> 2.456955747071355E-4
<1715,fac1-4,gradebook1-8,readScore> 7.818009457739079E-5
<1716,admissions4-0,stu5-11application5-11,read> 1.0509557222408038E-4
<1717,fac0-1,gradebook0-2,readScore> 2.0168861989920656E-5
<1718,registrar2-0,roster3-2,write> 9.194023048959196E-5
<1719,admissions4-1,stu0-16application0-16,read> 1.1887963672179677E-4
<1720,registrar2-0,roster4-6,write> 8.440929010819194E-5
<1721,admissions4-1,application5-1,read> 1.8760530556846997E-4
<1722,registrar2-0,roster4-5,write> 7.977486525809964E-5
<1723,registrar2-0,roster4-8,write> 7.629904662053038E-5
<1724,registrar2-0,roster4-7,write> 8.267138078940733E-5
<1725,admissions2-0,stu3-7application3-7,setStatus> 1.6025155193734322E-4
<1726,admissions0-1,stu0-10application0-10,setStatus> 2.5621481884667617E-4
<1727,admissions4-1,stu1-6application1-6,read> 2.52533632205318E-5
<1728,admissions0-1,stu2-8application2-8,read> 2.2778327429577393E-4
<1729,admissions0-0,stu5-2application5-2,setStatus> 1.8781787265863487E-4
<1730,registrar2-0,roster4-9,write> 7.456113730174576E-5
<1731,admissions0-0,stu2-6application2-6,read> 1.6237711307749535E-4
<1732,registrar2-1,roster5-6,write> 8.827657916333697E-5
<1733,admissions0-0,stu2-4application2-4,setStatus> 4.202744435753735E-5
<1734,admissions2-1,stu0-4application0-4,read> 1.2036876163920747E-4
<1735,registrar2-0,roster4-4,write> 8.093347147062272E-5
<1736,admissions2-0,stu4-1application4-1,setStatus> 2.020260332533777E-4
<1737,fac1-3,gradebook1-7,readScore> 2.1973575046084205E-4
<1738,stu2-8,transcript2-8,read> 9.456538014288661E-4
<1739,admissions0-1,stu0-17application0-17,setStatus> 2.450381219484142E-4
<1740,admissions4-0,stu1-6application1-6,read> 2.5054125640882634E-5
<1741,admissions0-0,stu1-9application1-9,setStatus> 2.0035189138135364E-4
<1742,fac3-1,gradebook3-2,addScore> 5.7696185817011705E-5
<1743,admissions0-0,application4-4,setStatus> 1.884775578545674E-4
<1744,admissions0-0,application4-3,setStatus> 1.8913724305049998E-4
<1745,admissions0-0,application4-0,setStatus> 1.7792259471964631E-4
<1746,stu4-1,transcript4-1,read> 0.0010448265837504425
<1747,admissions0-0,application4-1,setStatus> 1.864985022667697E-4
<1748,admissions0-0,stu2-3application2-3,read> 7.413762126955509E-5
<1749,admissions2-0,stu2-8application2-8,read> 1.929776806003246E-4
<1750,admissions0-1,stu2-4application2-4,setStatus> 4.188521950353553E-5
<1751,stu1-1,stu1-1application1-1,checkStatus> 0.002362074403063073
<1752,registrar0-0,roster3-8,read> 1.3036267969607112E-4
<1753,fac0-3,gradebook0-7,readScore> 2.414415338576384E-5
<1754,fac0-3,gradebook0-6,readScore> 2.2527610673635032E-5
<1755,registrar4-1,roster4-7,write> 9.592826145051496E-5
<1756,registrar4-1,roster4-5,write> 9.256727126830716E-5
<1757,registrar4-1,roster4-4,write> 9.391166734119027E-5
<1758,registrar4-1,roster4-2,write> 1.2147178683529442E-4
<1759,registrar4-1,roster4-1,write> 1.2079958879885283E-4
<1760,registrar2-0,transcript4-14,read> 3.802060394672766E-4
<1761,admissions4-1,stu1-2application1-2,read> 1.5573253161059258E-4
<1762,admissions0-1,application4-3,setStatus> 1.8849718469838322E-4
<1763,registrar2-1,transcript4-8,read> 2.117969985399384E-4
<1764,admissions2-0,stu2-3application2-3,setStatus> 7.113265846313643E-5
<1765,admissions2-0,stu4-3application4-3,read> 1.9150721885800024E-4
<1766,fac3-0,gradebook3-1,addScore> 8.31124981319356E-5
<1767,admissions0-1,application4-0,setStatus> 1.773204878001213E-4
<1768,registrar4-1,roster4-9,write> 8.651748894033304E-5
<1769,admissions0-1,application4-1,setStatus> 1.8586737366349808E-4
<1770,registrar4-1,roster4-8,write> 8.853408304965776E-5
<1771,admissions0-1,application4-2,setStatus> 1.845524681460555E-4
<1772,admissions4-0,stu2-4application2-4,read> 3.147720468768245E-5
<1773,admissions4-0,stu4-11application4-11,read> 1.7525535873527844E-4
<1774,fac0-2,gradebook0-4,readScore> 2.0721700003217575E-5
<1775,fac0-2,gradebook0-5,readScore> 2.7788539239856874E-5
<1776,registrar4-1,roster3-6,read> 1.5500816699713684E-4
<1777,admissions2-0,stu0-19application0-19,setStatus> 1.1012217435810189E-4
<1778,admissions0-0,stu1-12application1-12,setStatus> 1.561529832538716E-4
<1779,admissions4-1,stu1-8application1-8,setStatus> 1.447111844367704E-4
<1780,registrar2-1,roster3-8,read> 1.357819134940602E-4
<1781,admissions4-0,application0-0,setStatus> 7.05799442169109E-5
<1782,stu3-19,gradebook3-1,readMyScores> 2.9407070420191642E-5
<1783,admissions4-0,application0-1,setStatus> 6.833411238236553E-5
<1784,admissions2-1,application1-4,setStatus> 1.547762671311418E-5
<1785,admissions4-1,stu2-4application2-4,read> 3.172752043072565E-5
<1786,admissions4-0,application0-4,setStatus> 6.889557034100187E-5
<1787,fac2-4,gradebook2-9,readScore> 1.2717414061860535E-4
<1788,stu3-2,gradebook3-2,readMyScores> 5.4508455009783514E-5
<1789,registrar4-1,roster1-5,write> 1.7928081796926896E-4
<1790,fac3-4,gradebook3-9,assignGrade> 1.783080138457864E-4
<1791,registrar4-0,transcript5-0,read> 3.4840599517754154E-4
<1792,admissions4-0,application0-2,setStatus> 6.777265442372917E-5
<1793,fac2-4,gradebook2-8,readScore> 9.205611986406982E-5
<1794,admissions4-0,application0-3,setStatus> 6.945702829963822E-5
<1795,admissions2-1,stu0-19application0-19,setStatus> 1.0659120283559763E-4
<1796,admissions0-1,stu1-12application1-12,setStatus> 1.5562454676231873E-4
<1797,registrar2-0,transcript0-15,read> 3.4152773003355666E-4
<1798,admissions2-0,stu1-0application1-0,setStatus> 2.053679917586604E-4
<1799,fac3-0,gradebook3-1,readScore> 3.062039404860785E-5
<1800,admissions2-0,stu3-9application3-9,read> 8.0242280355453E-5
<1801,admissions2-0,stu4-19application4-19,setStatus> 7.057566537892265E-5
<1802,admissions2-0,stu3-5application3-5,setStatus> 1.2126203604237773E-4
<1803,admissions4-1,application0-0,setStatus> 7.114121613911298E-5
<1804,admissions4-1,application0-1,setStatus> 6.887752480687737E-5
<1805,admissions4-1,application0-2,setStatus> 6.831160197381847E-5
<1806,admissions4-1,application0-3,setStatus> 7.000937047299518E-5
<1807,admissions4-1,application0-4,setStatus> 6.944344763993627E-5
<1808,admissions0-1,stu2-6application2-6,read> 1.618276135408541E-4
<1809,admissions2-1,stu4-4application4-4,read> 1.3033195031816305E-4
<1810,stu0-14,stu0-14application0-14,checkStatus> 0.0014117310464142486
<1811,admissions2-0,stu4-9application4-9,read> 1.1749397782767143E-4
<1812,admissions0-0,stu3-6application3-6,setStatus> 2.47189540292566E-4
<1813,fac2-2,gradebook2-5,readScore> 2.2169369834525586E-4
<1814,fac2-2,gradebook2-4,readScore> 5.792012212516544E-4
<1815,admissions2-1,stu3-10application3-10,setStatus> 5.483437852933484E-5
<1816,admissions4-0,stu5-1application5-1,setStatus> 3.408517690554829E-5
<1817,admissions0-0,stu3-12application3-12,setStatus> 9.28232044443451E-5
<1818,admissions2-1,stu1-0application1-0,setStatus> 1.987830461311282E-4
<1819,admissions2-0,stu2-16application2-16,read> 1.0033859083388664E-4
<1820,admissions4-1,stu4-15application4-15,read> 1.1807036707052254E-5
<1821,admissions0-0,stu4-8application4-8,read> 9.619749422154016E-5
<1822,fac3-4,gradebook3-8,addScore> 1.1961954668923875E-4
<1823,fac3-4,gradebook3-9,addScore> 8.643635932989103E-5
<1824,admissions0-1,stu3-18application3-18,setStatus> 2.0756331470130068E-4
<1825,admissions0-1,stu0-17application0-17,read> 2.1563354731460449E-4
<1826,fac2-3,gradebook2-6,readScore> 5.762056756617309E-4
<1827,admissions0-1,stu0-1application0-1,setStatus> 2.0189278465732955E-5
<1828,fac2-3,gradebook2-7,readScore> 8.338094494523783E-5
<1829,admissions4-0,stu4-15application4-15,read> 1.1713884543683006E-5
<1830,admissions4-1,application3-4,read> 1.2336174555962326E-4
<1831,registrar4-0,transcript5-5,read> 3.5198908782898885E-4
<1832,admissions4-1,application3-2,read> 1.2435776974580696E-4
<1833,admissions0-1,stu3-0application3-0,setStatus> 9.842615675356649E-5
<1834,admissions4-1,stu0-4application0-4,read> 1.263498181181743E-4
<1835,admissions0-1,stu4-6application4-6,read> 6.810114825754698E-5
<1836,admissions2-1,stu4-2application4-2,setStatus> 1.0119986697036191E-4
<1837,stu0-8,gradebook0-3,readMyScores> 2.8212593900438316E-5
<1838,registrar4-1,roster0-8,write> 1.8533060029724306E-4
<1839,stu5-9,transcript5-9,read> 0.0014811868259653792
<1840,stu4-8,stu4-8application4-8,checkStatus> 9.96707681801787E-4
<1841,admissions4-1,application3-1,read> 1.218677092803478E-4
<1842,admissions4-1,application3-0,read> 1.2236572137343962E-4
<1843,admissions0-1,stu3-3application3-3,read> 2.150549888869297E-4
<1844,admissions4-0,application3-1,read> 1.2090622833927995E-4
<1845,registrar2-1,roster0-1,read> 2.0058919064418372E-4
<1846,fac4-4,gradebook4-8,changeScore> 0.0013439067202039544
<1847,admissions4-0,application3-2,read> 1.2337664335727988E-4
<1848,stu4-6,transcript4-6,read> 0.0010349093055182848
<1849,admissions4-0,application3-3,read> 1.228825603536799E-4
<1850,admissions4-1,stu3-2application3-2,read> 4.965595578203171E-5
<1851,registrar2-0,transcript2-14,read> 3.519813271778054E-4
<1852,admissions0-0,stu4-6application4-6,read> 6.83323915453485E-5
<1853,registrar2-0,roster5-7,write> 9.251953359585351E-5
<1854,admissions2-0,stu0-2application0-2,setStatus> 9.306426115405451E-6
<1855,stu1-9,transcript1-9,read> 0.001515897299777931
<1856,admissions4-0,application3-0,read> 1.2140031134287994E-4
<1857,admissions4-0,stu3-2application3-2,read> 4.926419281728195E-5
<1858,admissions4-1,stu5-19application5-19,setStatus> 3.548807765640207E-5
<1859,admissions4-0,stu5-16application5-16,read> 1.288115563968797E-4
<1860,admissions4-1,stu1-0application1-0,read> 1.836212088237353E-4
<1861,admissions4-1,stu1-19application1-19,setStatus> 5.0202071315933564E-5
<1862,fac1-2,gradebook1-4,addScore> 1.351350527105647E-4
<1863,chair5,transcript5-17,read> 1.2452909133100245E-4
<1864,registrar2-1,transcript1-2,read> 3.2624875399965314E-4
<1865,chair5,transcript5-18,read> 1.1879262647122499E-4
<1866,registrar2-0,transcript1-6,read> 3.2062053574505946E-4
<1867,admissions0-1,stu3-18application3-18,read> 1.826557169371446E-4
<1868,chair5,transcript5-15,read> 1.4173848591033484E-4
<1869,chair5,transcript5-16,read> 1.3026555619077992E-4
<1870,chair5,transcript5-19,read> 1.0731969675167007E-4
<1871,registrar2-1,roster5-8,read> 1.2618083539774562E-4
<1872,chair5,transcript5-10,read> 1.8189373992877708E-4
<1873,chair5,transcript5-14,read> 1.474749507701123E-4
<1874,registrar4-0,transcript2-6,read> 2.2538648081118207E-4
<1875,admissions4-0,stu0-14application0-14,setStatus> 1.3177886170827286E-4
<1876,chair5,transcript5-12,read> 1.7042081020922215E-4
<1877,fac1-3,gradebook1-6,addScore> 2.23603285015579E-4
<1878,admissions4-1,stu0-14application0-14,setStatus> 1.3282680494253345E-4
<1879,admissions0-1,stu0-3application0-3,read> 9.066492693686164E-5
<1880,stu3-12,gradebook3-9,readScore> 3.5371061630716654E-5
<1881,stu5-11,gradebook5-6,readMyScores> 1.5146260981107465E-5
<1882,stu5-11,gradebook5-1,readMyScores> 2.815276579525097E-5
<1883,chair1,transcript1-7,read> 0.0017651580412273574
<1884,stu4-18,stu4-18application4-18,checkStatus> 1.1854230160730328E-4
<1885,stu5-11,gradebook5-4,readMyScores> 2.4812923040366494E-5
<1886,admissions2-0,stu3-18application3-18,read> 1.5474567529988992E-4
<1887,admissions2-1,stu3-6application3-6,setStatus> 2.0201784765026966E-4
<1888,admissions2-0,stu5-15application5-15,read> 3.95595054844776E-5
<1889,registrar2-1,roster3-6,write> 9.758671549915717E-5
<1890,stu5-13,gradebook5-2,readMyScores> 2.773233295185952E-5
<1891,stu5-13,gradebook5-1,readMyScores> 2.7677613629930274E-5
<1892,fac4-2,gradebook4-4,changeScore> 0.0013147810553268593
<1893,registrar2-1,transcript3-12,read> 3.703494304153231E-4
<1894,admissions2-1,stu5-10application5-10,read> 1.701847050339854E-4
<1895,admissions0-0,stu0-17application0-17,setStatus> 2.458701699007008E-4
<1896,admissions4-0,stu3-11application3-11,read> 1.2189439434647993E-4
<1897,stu5-12,gradebook5-8,readMyScores> 2.9169540612901296E-5
<1898,registrar4-1,transcript2-13,read> 4.059977876107035E-4
<1899,chair5,transcript5-5,read> 0.0016905839980502501
<1900,stu2-12,gradebook2-5,readMyScores> 1.9934695502688249E-4
<1901,registrar2-1,roster3-3,write> 9.584106493619087E-5
<1902,admissions4-0,application4-3,setStatus> 1.609746755573629E-4
<1903,admissions2-1,stu4-3application4-3,read> 1.8536670683048917E-4
<1904,stu5-12,gradebook5-9,readMyScores> 1.7835966845357584E-5
<1905,registrar2-1,roster3-4,write> 9.40954143732246E-5
<1906,registrar2-1,roster3-5,write> 9.70048319781684E-5
<1907,stu5-12,gradebook5-4,readMyScores> 2.5022314795981405E-5
<1908,registrar2-1,roster3-1,write> 9.351353085223582E-5
<1909,admissions4-0,stu0-4application0-4,setStatus> 1.4244656292236344E-4
<1910,admissions4-1,stu0-14application0-14,read> 1.1688758834942943E-4
<1911,stu1-15,transcript1-15,read> 1.7706473843664806E-4
<1912,registrar2-0,transcript5-10,read> 3.314661427822174E-5
<1913,fac3-4,gradebook3-9,changeScore> 4.992624387682019E-4
<1914,registrar2-0,roster0-2,read> 2.0288582694971227E-4
<1915,registrar2-1,roster3-7,write> 9.816859902014593E-5
<1916,registrar2-1,roster3-8,write> 9.87504825411347E-5
<1917,registrar2-1,roster3-9,write> 9.933236606212346E-5
<1918,admissions0-1,stu1-8application1-8,read> 1.4794221127666045E-4
<1919,admissions4-0,stu4-7application4-7,read> 3.6912117727282304E-5
<1920,registrar0-1,roster4-9,write> 7.157204939209893E-5
<1921,admissions2-0,stu4-4application4-4,setStatus> 1.530106418425639E-4
<1922,registrar2-0,roster3-1,write> 9.309883670211504E-5
<1923,chair5,transcript5-1,read> 0.0016561652088915855
<1924,registrar0-0,transcript2-17,read> 3.464953228561503E-4
<1925,registrar2-0,roster3-4,write> 9.367813980837659E-5
<1926,registrar2-0,roster3-5,write> 9.657465533968428E-5
<1927,admissions2-1,stu0-13application0-13,read> 1.5642601590590388E-4
<1928,registrar2-0,roster3-3,write> 9.54160491271612E-5
<1929,admissions4-0,stu1-12application1-12,read> 1.1695356431048006E-4
<1930,admissions4-1,stu3-12application3-12,setStatus> 7.963005863499655E-5
<1931,registrar2-0,roster3-8,write> 9.83125646584689E-5
<1932,registrar4-1,roster0-9,write> 1.8667499637012617E-4
<1933,registrar0-1,transcript0-19,read> 3.188051254169463E-4
<1934,registrar2-0,roster3-9,write> 9.889186776473045E-5
<1935,registrar2-0,roster3-6,write> 9.715395844594581E-5
<1936,registrar2-0,roster3-7,write> 9.773326155220736E-5
<1937,admissions4-1,stu0-4application0-4,setStatus> 1.4357933877065263E-4
<1938,admissions4-1,application0-0,read> 6.260427020241943E-5
<1939,admissions0-0,stu0-7application0-7,read> 1.2522364284257314E-4
<1940,admissions4-1,stu1-17application1-17,setStatus> 6.774567914075956E-5
<1941,registrar4-0,transcript0-19,read> 3.794594648234187E-4
<1942,admissions0-1,stu5-19application5-19,setStatus> 4.1227766744814237E-5
<1943,admissions4-0,stu5-18application5-18,setStatus> 1.278486559978184E-4
<1944,admissions0-0,stu2-14application2-14,read> 6.310768479356254E-5
<1945,stu5-16,gradebook5-8,readMyScores> 2.990183033540091E-5
<1946,admissions0-1,stu0-6application0-6,read> 6.405123926382383E-5
<1947,admissions4-1,stu4-7application4-7,read> 3.720565345473584E-5
<1948,admissions0-0,stu3-3application3-3,read> 2.1578522654019602E-4
<1949,registrar4-1,transcript0-11,read> 3.9265490003081733E-4
<1950,stu5-10,gradebook5-6,readMyScores> 1.4762811336016134E-5
<1951,admissions2-0,stu0-13application0-13,read> 1.616078300974038E-4
<1952,fac5-4,gradebook5-9,changeScore> 3.885849122352412E-4
<1953,admissions0-0,stu0-3application0-3,read> 9.097278746975421E-5
<1954,admissions4-1,stu3-5application3-5,read> 1.0842138276686823E-4
<1955,fac2-4,gradebook2-9,addScore> 3.4518695310764314E-4
<1956,fac4-0,gradebook4-1,readScore> 5.5333137438915975E-5
<1957,chair0,transcript0-2,read> 0.0010022082148769544
<1958,registrar0-1,roster0-3,read> 1.932231011328051E-4
<1959,stu5-10,gradebook5-8,readMyScores> 2.819315431623514E-5
<1960,admissions0-0,stu2-7application2-7,read> 1.0722743069753269E-4
<1961,admissions4-1,stu1-12application1-12,read> 1.1788361253561312E-4
<1962,admissions4-1,stu5-8application5-8,setStatus> 2.1658338423525118E-4
<1963,registrar4-0,roster3-6,read> 1.5262800320447445E-4
<1964,stu3-14,transcript3-14,read> 0.0017390360600014784
<1965,admissions4-1,stu5-18application5-18,setStatus> 1.2886534511112114E-4
<1966,admissions2-0,stu4-7application4-7,read> 3.661858199982877E-5
<1967,admissions0-0,stu5-4application5-4,read> 7.239605235229312E-5
<1968,admissions2-0,application1-0,read> 1.9463195006043956E-5
<1969,fac2-1,gradebook2-2,assignGrade> 7.691429299239975E-4
<1970,admissions2-0,stu5-15application5-15,setStatus> 4.495398350508818E-5
<1971,registrar0-0,transcript4-14,read> 3.6665749463102624E-4
<1972,stu5-15,gradebook5-5,readMyScores> 3.38232969979263E-5
<1973,admissions2-1,application4-0,read> 1.2795976253745934E-4
<1974,stu4-2,gradebook4-6,readMyScores> 2.4521940792061517E-4
<1975,admissions2-0,application1-3,read> 2.1913964576584643E-5
<1976,stu5-19,gradebook5-2,addScore> 1.421095328150684E-4
<1977,registrar0-1,roster5-4,write> 8.213755749271309E-5
<1978,admissions4-0,stu3-18application3-18,setStatus> 1.7725695635781703E-4
<1979,admissions0-0,stu0-6application0-6,read> 6.426873073840387E-5
<1980,admissions2-0,application1-4,read> 1.4071501950854447E-5
<1981,admissions2-0,application1-1,read> 2.044350283426023E-5
<1982,admissions0-1,stu2-14application2-14,read> 6.289412240847436E-5
<1983,chair1,transcript1-16,read> 2.1057606422766442E-4
<1984,admissions2-1,stu2-12application2-12,setStatus> 5.699091287542912E-5
<1985,stu2-1,stu2-1application2-1,checkStatus> 0.0013515827327022973
<1986,admissions4-0,stu3-14application3-14,read> 1.1497723229608012E-4
<1987,stu2-5,stu2-5application2-5,checkStatus> 0.0016282649757772718
<1988,admissions2-1,stu4-7application4-7,read> 3.544443909001462E-5
<1989,registrar4-1,roster1-5,read> 2.465111247077448E-4
<1990,admissions2-0,stu0-10application0-10,setStatus> 2.1706484652715008E-4
<1991,admissions2-1,stu1-2application1-2,read> 1.4836057745151127E-4
<1992,admissions0-1,stu5-4application5-4,read> 7.215105725127013E-5
<1993,registrar0-1,roster1-9,read> 2.0927989304887006E-4
<1994,admissions4-0,stu0-5application0-5,read> 1.5944470262007889E-4
<1995,admissions4-1,stu2-0application2-0,read> 9.94571650912152E-5
<1996,registrar0-1,roster1-8,read> 2.085152839100098E-4
<1997,stu5-16,gradebook5-7,readMyScores> 2.923854781798482E-5
<1998,admissions2-1,application1-1,read> 1.9787999737370124E-5
<1999,admissions2-1,application1-0,read> 1.8839124625088637E-5
<2000,registrar4-0,transcript2-7,read> 2.2896957346262942E-4
<2001,admissions2-1,application1-2,read> 2.0736874849651607E-5
<2002,admissions2-1,application1-3,read> 2.121131240579235E-5
<2003,registrar0-1,transcript3-15,read> 3.509155957540237E-4
<2004,stu5-17,gradebook5-4,readMyScores> 2.5441098307211217E-5
<2005,admissions2-1,application1-4,read> 1.3620311507540476E-5
<2006,admissions4-0,stu1-1application1-1,setStatus> 2.2048921917281578E-4
<2007,admissions0-0,stu2-9application2-9,setStatus> 2.3531520676577973E-4
<2008,stu3-1,transcript3-1,read> 3.555757466154858E-4
<2009,stu5-17,gradebook5-1,readMyScores> 2.8865494043232006E-5
<2010,admissions0-1,stu2-9application2-9,read> 2.063766124718087E-4
<2011,registrar4-1,roster4-1,read> 1.6609943459842264E-4
<2012,stu1-17,gradebook1-7,readMyScores> 3.4810283123297797E-5
<2013,admissions2-0,stu2-16application2-16,setStatus> 1.1402112594759846E-4
<2014,admissions4-0,stu3-8application3-8,setStatus> 1.7781841431645338E-4
<2015,admissions4-1,stu3-14application3-14,read> 1.1589156416324577E-4
<2016,stu0-8,transcript0-8,read> 5.588799503747177E-4
<2017,admissions0-0,stu4-14application4-14,setStatus> 2.0694874334067933E-4
<2018,registrar4-1,roster3-3,write> 1.1071661825222936E-4
<2019,admissions0-1,stu1-16application1-16,setStatus> 1.4576275538149937E-4
<2020,registrar2-1,roster1-6,read> 2.117904484232174E-4
<2021,registrar0-0,roster1-8,read> 2.0948287223441822E-4
<2022,registrar0-0,roster1-7,read> 2.0871471502530807E-4
<2023,chair3,transcript3-9,read> 3.884064748807658E-4
<2024,chair3,transcript3-8,read> 3.9414293974054324E-4
<2025,stu5-13,gradebook5-7,readMyScores> 2.7806455679961074E-5
<2026,registrar0-0,roster1-9,read> 2.102510294435284E-4
<2027,registrar4-1,roster2-5,write> 9.055067715898243E-5
<2028,registrar0-1,roster1-4,read> 2.0010458338254726E-4
<2029,registrar2-0,transcript2-15,read> 3.5302668689223026E-4
<2030,registrar0-1,roster1-5,read> 2.0392762907684838E-4
<2031,admissions2-1,stu2-16application2-16,setStatus> 1.1036513794126264E-4
<2032,registrar0-1,roster1-6,read> 2.023984107991279E-4
<2033,registrar0-1,roster1-1,read> 2.0545684735456888E-4
<2034,admissions4-1,stu3-11application3-11,read> 1.2286373346653145E-4
<2035,registrar2-1,roster0-5,read> 2.0538972969234102E-4
<2036,registrar4-1,roster0-2,read> 2.3541985710645903E-4
<2037,registrar0-1,roster1-3,read> 2.0086919252140748E-4
<2038,admissions4-0,stu4-7application4-7,setStatus> 4.1945588326457165E-5
<2039,admissions4-0,stu0-3application0-3,setStatus> 8.798514093463768E-5
<2040,stu5-14,gradebook5-4,readMyScores> 2.4603531284751586E-5
<2041,registrar2-0,roster3-6,read> 1.335866928631755E-4
<2042,admissions2-1,stu5-15application5-15,setStatus> 4.351257321233986E-5
<2043,stu5-14,gradebook5-9,readMyScores> 1.7537456939995947E-5
<2044,registrar0-1,roster1-9,write> 1.522035585809964E-4
<2045,admissions4-1,stu5-1application5-1,setStatus> 3.4356231990284263E-5
<2046,admissions2-1,stu4-16application4-16,read> 1.4266732677782235E-4
<2047,registrar0-0,roster1-6,read> 2.0333761456153688E-4
<2048,admissions0-1,stu0-0application0-0,read> 1.3984239328921415E-4
<2049,registrar2-1,transcript0-15,read> 3.4304901168181307E-4
<2050,registrar0-1,roster4-7,read> 1.0911609585817931E-4
<2051,admissions4-0,application4-0,read> 1.332583034292796E-4
<2052,registrar0-0,roster1-4,read> 2.0103314293420642E-4
<2053,fac5-2,roster5-5,read> 0.0016190813308012192
<2054,registrar0-0,roster1-1,read> 2.0641024339797755E-4
<2055,stu5-15,gradebook5-2,readMyScores> 2.9398653386735198E-5
<2056,registrar0-0,roster1-2,read> 2.056420861888674E-4
<2057,stu5-15,gradebook5-4,readMyScores> 2.5859881818441033E-5
<2058,admissions4-1,stu2-12application2-12,setStatus> 5.982275947793492E-5
<2059,admissions2-0,stu2-12application2-12,setStatus> 5.8878810610432986E-5
<2060,admissions0-0,application5-3,read> 2.2100993329198198E-4
<2061,registrar2-1,roster3-9,read> 1.3658200333541975E-4
<2062,registrar0-1,roster1-1,write> 1.4942316171241373E-4
<2063,admissions0-0,stu0-15application0-15,setStatus> 1.5549329805793902E-4
<2064,registrar0-0,transcript3-16,read> 3.5153586579986934E-4
<2065,registrar0-1,roster1-5,write> 1.4831100296498065E-4
<2066,registrar0-1,roster1-6,write> 1.471988442175476E-4
<2067,registrar0-0,transcript5-7,read> 2.991142191851917E-4
<2068,stu5-19,gradebook5-9,readMyScores> 1.8582241608761666E-5
<2069,registrar0-1,roster1-3,write> 1.4608668547011453E-4
<2070,registrar0-1,roster1-4,write> 1.45530606096398E-4
<2071,admissions0-0,stu0-5application0-5,setStatus> 2.1288591010407243E-4
<2072,registrar2-1,roster3-2,read> 1.2698092523910515E-4
<2073,registrar0-1,roster1-7,write> 1.5109139983356332E-4
<2074,registrar4-1,roster2-2,write> 8.987847912254087E-5
<2075,admissions0-1,stu5-12application5-12,read> 9.992186177965741E-5
<2076,registrar2-1,roster3-3,read> 1.3178146428726245E-4
<2077,registrar0-1,roster1-8,write> 1.5164747920727988E-4
<2078,registrar2-1,roster3-6,read> 1.341817338113411E-4
<2079,registrar2-0,roster3-8,read> 1.3517977640539473E-4
<2080,stu3-0,stu3-0application3-0,checkStatus> 9.004703798626655E-4
<2081,registrar2-0,roster3-7,read> 1.343832346342851E-4
<2082,registrar2-0,roster3-9,read> 1.3597631817650435E-4
<2083,admissions0-0,stu0-0application0-0,read> 1.403172401255103E-4
<2084,admissions2-1,stu4-15application4-15,read> 1.1248123726836762E-5
<2085,admissions4-0,stu1-19application1-19,setStatus> 4.980599974736604E-5
<2086,registrar2-0,roster3-1,read> 1.2801090046540817E-4
<2087,registrar2-0,roster3-2,read> 1.2641781692318893E-4
<2088,admissions0-1,stu4-14application4-14,setStatus> 2.0624840918385807E-4
<2089,registrar2-0,roster0-1,write> 1.4523611626565368E-4
<2090,registrar2-0,roster3-3,read> 1.3119706754984663E-4
<2091,admissions0-0,stu1-19application1-19,read> 5.149722534514936E-5
<2092,admissions2-1,stu2-18application2-18,read> 1.431417643339631E-4
<2093,registrar2-1,roster1-5,write> 1.5519318407704473E-4
<2094,stu5-17,gradebook5-7,readMyScores> 2.899986579498086E-5
<2095,chair4,transcript4-12,read> 0.002069190678795563
<2096,registrar4-1,roster3-2,write> 1.0668343003357999E-4
<2097,admissions2-0,stu2-18application2-18,read> 1.4788352050237595E-4
<2098,admissions0-1,stu1-19application1-19,read> 5.132295385497965E-5
<2099,admissions4-1,stu3-8application3-8,setStatus> 1.7923247725336355E-4
<2100,registrar4-0,transcript5-3,read> 3.4960035939469064E-4
<2101,admissions4-1,stu2-18application2-18,setStatus> 1.7074363475747998E-4
<2102,stu5-18,gradebook5-1,readMyScores> 2.862791796057166E-5
<2103,admissions2-0,stu5-2application5-2,read> 1.3955090396253764E-4
<2104,registrar2-0,transcript5-9,read> 3.122576580296605E-4
<2105,stu5-18,gradebook5-7,readMyScores> 2.8761183771976902E-5
<2106,registrar4-0,transcript5-8,read> 3.579609089147345E-4
<2107,admissions4-0,stu1-10application1-10,setStatus> 1.2167261845281856E-4
<2108,stu5-18,gradebook5-6,readMyScores> 1.5401894077835016E-5
<2109,registrar4-0,transcript5-7,read> 3.543778162632871E-4
<2110,registrar4-1,transcript5-0,read> 3.5383922707114845E-4
<2111,stu0-2,stu0-2application0-2,checkStatus> 1.0049780749371802E-4
<2112,registrar4-1,transcript5-4,read> 3.5869118619110703E-4
<2113,registrar2-0,transcript3-16,read> 3.6452564375090375E-4
<2114,registrar4-1,transcript5-3,read> 3.550522168511381E-4
<2115,registrar4-1,transcript5-6,read> 3.6111716575108635E-4
<2116,registrar4-1,transcript5-5,read> 3.5747819641111735E-4
<2117,stu5-19,gradebook5-6,readMyScores> 1.591316027129012E-5
<2118,stu5-19,gradebook5-8,readMyScores> 3.039002348373398E-5
<2119,admissions4-1,stu5-10application5-10,read> 1.78641087892817E-4
<2120,stu5-1,gradebook5-2,readMyScores> 6.29631078606596E-5
<2121,stu3-13,gradebook3-8,readMyScores> 3.587373135969212E-5
<2122,stu5-1,gradebook5-7,readMyScores> 6.313139508454681E-5
<2123,stu5-1,gradebook5-1,readMyScores> 6.283887386366144E-5
<2124,admissions0-0,stu5-10application5-10,setStatus> 2.366345771576449E-4
<2125,stu1-14,gradebook1-8,addScore> 1.5400694216081333E-4
<2126,admissions0-1,stu0-12application0-12,read> 5.826565498707647E-5
<2127,registrar0-1,transcript4-3,read> 2.064184792371756E-4
<2128,admissions4-0,stu0-1application0-1,setStatus> 1.724143814645785E-5
<2129,stu3-14,gradebook3-4,readMyScores> 2.0309502839256566E-5
<2130,stu3-14,gradebook3-3,readMyScores> 6.42689575873007E-5
<2131,admissions0-1,stu4-12application4-12,setStatus> 2.1413784228851355E-4
<2132,stu2-11,gradebook2-4,readMyScores> 1.5765258927132625E-4
<2133,stu5-4,gradebook5-6,readMyScores> 3.572472526767542E-5
<2134,registrar0-0,transcript4-19,read> 3.6968182039725774E-4
<2135,stu5-0,gradebook5-2,readMyScores> 6.367724518989204E-5
<2136,registrar0-1,roster0-5,read> 1.962815376882461E-4
<2137,registrar4-0,transcript1-6,read> 3.663214584347784E-4
<2138,stu5-0,gradebook5-3,readMyScores> 8.742892018934595E-5
<2139,stu5-0,gradebook5-4,readMyScores> 5.601229462698766E-5
<2140,registrar2-0,roster5-7,read> 1.2721435869429858E-4
<2141,admissions0-1,stu3-12application3-12,setStatus> 9.25090819250749E-5
<2142,admissions2-1,stu1-8application1-8,read> 1.2131763675148896E-4
<2143,stu5-0,gradebook5-6,readMyScores> 3.41909266873101E-5
<2144,stu3-14,gradebook3-9,readMyScores> 3.627277119010907E-5
<2145,stu3-15,gradebook3-8,readMyScores> 3.5460201315199987E-5
<2146,admissions4-1,stu4-6application4-6,read> 5.8620173457684744E-5
<2147,admissions0-1,stu2-5application2-5,read> 1.566205876917815E-4
<2148,stu3-15,gradebook3-6,readMyScores> 2.5680162987016E-5
<2149,stu3-15,gradebook3-2,readMyScores> 3.443167600065515E-5
<2150,admissions0-1,stu3-16application3-16,read> 4.033034372915967E-5
<2151,admissions0-1,stu1-14application1-14,setStatus> 2.233421809106116E-4
<2152,admissions2-0,stu4-16application4-16,setStatus> 1.6749246203212254E-4
<2153,registrar2-1,transcript2-18,read> 3.6299931767937805E-4
<2154,registrar0-0,transcript4-11,read> 3.444791056786627E-4
<2155,admissions0-1,application1-4,read> 1.660944819449553E-5
<2156,admissions4-0,stu4-10application4-10,setStatus> 3.296226098827559E-5
<2157,admissions4-0,stu2-17application2-17,setStatus> 1.1998824457690951E-4
<2158,stu3-16,gradebook3-2,readMyScores> 3.463244379074643E-5
<2159,fac3-4,roster3-9,read> 0.0017981502337469756
<2160,admissions0-0,application5-1,setStatus> 2.485089106844311E-4
<2161,stu3-16,gradebook3-4,readMyScores> 2.0076729167746466E-5
<2162,stu3-16,gradebook3-6,readMyScores> 2.5829901546707052E-5
<2163,admissions4-0,stu0-9application0-9,setStatus> 1.2279553437009126E-4
<2164,admissions4-0,stu4-5application4-5,setStatus> 8.6862225017365E-5
<2165,stu3-16,gradebook3-8,readMyScores> 3.566696633744605E-5
<2166,app0-4,application0-4,checkStatus> 7.38069932840398E-4
<2167,registrar4-1,roster3-1,write> 1.080278261064631E-4
<2168,registrar0-0,transcript2-11,read> 3.354061283799685E-4
<2169,admissions0-0,stu1-14application1-14,setStatus> 2.2410055843492604E-4
<2170,admissions0-0,stu3-16application3-16,read> 4.046728886915682E-5
<2171,admissions4-1,stu2-16application2-16,read> 1.0194722555667439E-4
<2172,registrar0-0,transcript5-2,read> 2.960898934189603E-4
<2173,registrar4-1,roster3-4,write> 1.0870002414290469E-4
<2174,registrar4-1,roster3-5,write> 1.120610143251125E-4
<2175,stu1-13,gradebook1-1,addScore> 1.3400583463191605E-4
<2176,registrar4-1,roster3-6,write> 1.1273321236155406E-4
<2177,registrar4-1,roster3-7,write> 1.1340541039799563E-4
<2178,registrar4-1,roster3-8,write> 1.1407760843443719E-4
<2179,admissions4-1,stu2-17application2-17,setStatus> 1.2094242544829647E-4
<2180,admissions0-1,stu3-11application3-11,setStatus> 1.6219907434953165E-4
<2181,stu3-17,gradebook3-9,readMyScores> 3.7104238724552824E-5
<2182,registrar2-0,transcript1-5,read> 3.23756614888334E-4
<2183,stu3-17,gradebook3-8,readMyScores> 3.690755647092244E-5
<2184,stu1-10,gradebook1-8,addScore> 1.6110403626960662E-4
<2185,admissions2-1,stu0-8application0-8,setStatus> 1.5619149279576613E-4
<2186,admissions2-0,stu4-13application4-13,read> 1.753321396924317E-4
<2187,admissions0-0,stu1-2application1-2,read> 1.8153437116737712E-4
<2188,admissions0-1,stu1-11application1-11,read> 1.8207715850946984E-4
<2189,stu3-10,gradebook3-3,readMyScores> 6.058592276854421E-5
<2190,admissions4-1,stu2-10application2-10,setStatus> 1.3735418760700468E-4
<2191,admissions2-1,stu5-13application5-13,read> 1.7730126837609656E-4
<2192,admissions2-1,stu0-3application0-3,setStatus> 8.448672578813123E-5
<2193,admissions4-1,stu4-10application4-10,setStatus> 3.3224386324166456E-5
<2194,admissions0-1,stu1-13application1-13,read> 1.3926383486153945E-4
<2195,stu3-10,gradebook3-9,readMyScores> 3.419410235399966E-5
<2196,admissions2-0,stu4-10application4-10,setStatus> 3.270013565238474E-5
<2197,admissions2-1,stu4-13application4-13,read> 1.697102674778447E-4
<2198,registrar2-1,transcript3-13,read> 3.6929941431018806E-4
<2199,admissions2-0,application5-3,read> 1.866056797169188E-4
<2200,admissions0-0,stu2-10application2-10,setStatus> 1.60111094429467E-4
<2201,stu3-11,gradebook3-3,readMyScores> 5.9849315804792916E-5
<2202,admissions0-0,stu2-9application2-9,read> 2.0707738195388615E-4
<2203,admissions4-0,stu5-11application5-11,setStatus> 1.1942678661827317E-4
<2204,registrar0-0,roster5-4,write> 8.251870625137998E-5
<2205,registrar2-1,roster1-4,write> 1.5228376647210095E-4
<2206,registrar2-1,transcript5-6,read> 3.125985446328982E-4
<2207,registrar2-0,roster1-7,read> 2.164270370585758E-4
<2208,admissions0-1,stu2-12application2-12,read> 6.115844712545015E-5
<2209,stu3-11,gradebook3-1,readMyScores> 2.70744982622161E-5
<2210,admissions4-1,stu0-9application0-9,setStatus> 1.23772039613591E-4
<2211,stu1-7,stu1-7application1-7,checkStatus> 3.711652191974972E-4
<2212,admissions0-0,application1-1,setStatus> 2.7514370047020852E-5
<2213,admissions0-0,application1-2,setStatus> 2.8833740438885986E-5
<2214,admissions4-1,stu1-10application1-10,setStatus> 1.2264019394747319E-4
<2215,admissions0-0,application1-3,setStatus> 2.9493425634818556E-5
<2216,admissions2-0,stu1-16application1-16,setStatus> 1.234900083792329E-4
<2217,registrar4-0,transcript0-10,read> 3.878200143434625E-4
<2218,admissions0-0,application1-4,setStatus> 1.893846249989747E-5
<2219,registrar0-1,transcript2-19,read> 3.489086913579563E-4
<2220,admissions0-1,stu2-10application2-10,setStatus> 1.5956926331464648E-4
<2221,registrar0-0,transcript3-10,read> 3.585926259210759E-4
<2222,registrar4-0,roster4-2,read> 1.64459043452871E-4
<2223,admissions2-1,stu4-10application4-10,setStatus> 3.16516343088213E-5
<2224,admissions2-0,stu3-4application3-4,setStatus> 5.497985902093644E-5
<2225,stu3-11,gradebook3-8,readMyScores> 3.3599316114985406E-5
<2226,registrar0-0,transcript0-15,read> 3.293574768475057E-4
<2227,admissions0-1,stu0-4application0-4,read> 1.46785094421311E-4
<2228,registrar4-0,roster4-6,read> 1.3260624278411113E-4
<2229,registrar4-0,roster4-4,read> 1.271457626694666E-4
<2230,stu3-12,gradebook3-4,readMyScores> 1.8680087138685838E-5
<2231,fac4-2,gradebook4-4,readScore> 3.3805980126281774E-4
<2232,fac4-1,gradebook4-3,assignGrade> 4.633234487145009E-4
<2233,stu4-1,gradebook4-5,readMyScores> 1.7977304128808419E-4
<2234,admissions0-0,stu2-12application2-12,read> 6.136611587630056E-5
<2235,admissions2-0,stu2-6application2-6,setStatus> 1.557956072636329E-4
<2236,admissions0-0,application1-0,setStatus> 2.619499965515572E-5
<2237,admissions0-1,application1-4,setStatus> 1.8874372948290376E-5
<2238,registrar0-1,roster4-3,write> 1.0104425619907522E-4
<2239,admissions0-1,application1-2,setStatus> 2.8736164329109728E-5
<2240,admissions0-1,stu2-3application2-3,read> 7.388673253429434E-5
<2241,admissions2-0,stu5-16application5-16,read> 1.277872100239423E-4
<2242,registrar4-1,roster4-2,read> 1.6702370689852981E-4
<2243,registrar4-1,roster4-4,read> 1.2912854259413661E-4
<2244,stu3-12,gradebook3-6,readMyScores> 2.4033038830414383E-5
<2245,registrar4-1,roster4-3,read> 1.6794797919863694E-4
<2246,registrar4-1,roster4-6,read> 1.3467417639477953E-4
<2247,registrar4-1,roster4-8,read> 1.2173436419327941E-4
<2248,registrar4-1,roster4-7,read> 1.3190135949445807E-4
<2249,registrar4-0,roster4-8,read> 1.1986512251660716E-4
<2250,stu3-13,gradebook3-1,readMyScores> 2.8907233529196882E-5
<2251,stu3-13,gradebook3-5,readMyScores> 6.986659527030774E-5
<2252,admissions4-0,stu3-6application3-6,setStatus> 2.1038297591736158E-4
<2253,stu3-13,gradebook3-4,readMyScores> 2.0193116003501514E-5
<2254,registrar2-1,roster5-5,write> 8.94403462053145E-5
<2255,registrar0-1,roster3-1,write> 8.936658935102802E-5
<2256,admissions4-1,stu0-17application0-17,setStatus> 2.1092415590466212E-4
<2257,admissions2-0,stu0-3application0-3,setStatus> 8.72854579053364E-5
<2258,admissions4-1,stu4-13application4-13,setStatus> 2.0243531340877863E-4
<2259,admissions0-1,application1-1,setStatus> 2.7421258811667146E-5
<2260,admissions0-1,stu3-3application3-3,setStatus> 2.4438066918969285E-4
<2261,admissions2-1,application5-0,read> 1.78250143488378E-4
<2262,fac4-4,gradebook4-9,assignGrade> 4.092329282284675E-4
<2263,admissions0-1,application1-0,setStatus> 2.610635329422456E-5
<2264,stu5-0,gradebook5-5,addScore> 1.2960610582857485E-4
<2265,stu4-19,gradebook4-5,addScore> 1.6616993115753652E-4
<2266,admissions4-1,stu0-1application0-1,setStatus> 1.737854699851716E-5
<2267,registrar2-0,transcript4-19,read> 3.833421186105513E-4
<2268,registrar4-0,transcript2-15,read> 4.033467491664011E-4
<2269,registrar4-0,transcript2-14,read> 4.02152384949252E-4
<2270,admissions4-0,stu0-6application0-6,read> 5.46991058568818E-5
<2271,admissions0-1,stu0-0application0-0,setStatus> 1.589118105559252E-4
<2272,admissions2-0,stu4-0application4-0,read> 5.818535422058681E-5
<2273,stu1-16,gradebook1-9,readScore> 3.554004192899235E-5
<2274,admissions2-1,stu5-16application5-16,setStatus> 1.405566187865826E-4
<2275,admissions0-1,stu0-6application0-6,setStatus> 7.278549916343617E-5
<2276,admissions0-0,stu4-9application4-9,setStatus> 1.581320388416693E-4
<2277,admissions2-1,stu1-10application1-10,read> 1.0281457206199999E-4
<2278,admissions0-1,stu1-8application1-8,setStatus> 1.6811614917802323E-4
<2279,registrar2-1,transcript4-13,read> 3.77699543151268E-4
<2280,registrar4-1,transcript2-14,read> 4.0842376717068287E-4
<2281,registrar2-1,transcript4-11,read> 3.587992532588381E-4
<2282,registrar4-1,transcript2-12,read> 4.0478479783071387E-4
<2283,stu5-9,gradebook5-5,readMyScores> 7.736908017744273E-5
<2284,stu5-9,gradebook5-6,readMyScores> 3.610817491276673E-5
<2285,registrar2-0,transcript4-13,read> 3.760246006095772E-4
<2286,registrar2-1,transcript4-10,read> 3.556492049434331E-4
<2287,stu5-9,gradebook5-9,readMyScores> 4.216452413233068E-5
<2288,registrar4-1,transcript2-19,read> 4.2176665475056893E-4
<2289,stu5-9,gradebook5-1,readMyScores> 6.711524335154766E-5
<2290,registrar2-1,transcript4-15,read> 3.797995753615381E-4
<2291,registrar4-1,transcript2-15,read> 4.096367569506725E-4
<2292,admissions4-1,application5-3,read> 1.895973539408373E-4
<2293,registrar2-1,transcript4-18,read> 3.86099671992348E-4
<2294,admissions2-1,stu4-19application4-19,setStatus> 6.831271819242413E-5
<2295,admissions2-1,application4-2,setStatus> 1.5133929051705403E-4
<2296,admissions4-0,stu3-5application3-5,setStatus> 1.222340764114549E-4
<2297,admissions2-0,stu5-11application5-11,read> 1.0425982214675171E-4
<2298,admissions2-0,stu5-18application5-18,read> 1.1161213085837378E-4
<2299,admissions2-1,stu0-2application0-2,setStatus> 9.008023674831327E-6
<2300,registrar0-0,roster0-8,read> 2.1178734386174874E-4
<2301,admissions2-0,stu1-10application1-10,read> 1.0622043780318427E-4
<2302,stu5-8,gradebook5-3,readMyScores> 9.298515063128568E-5
<2303,stu5-8,gradebook5-4,readMyScores> 5.957195447244107E-5
<2304,admissions2-0,stu4-19application4-19,read> 6.210658553345193E-5
<2305,registrar2-0,roster0-9,read> 2.212062876852335E-4
<2306,stu5-8,gradebook5-5,readMyScores> 7.791682587781399E-5
<2307,admissions4-1,stu1-3application1-3,read> 1.378040962592865E-4
<2308,stu1-14,gradebook1-8,readScore> 5.673939974345753E-5
<2309,registrar0-1,transcript1-7,read> 3.0877060343660964E-4
<2310,registrar0-1,transcript1-8,read> 3.0576024684250865E-4
<2311,admissions0-0,stu5-18application5-18,setStatus> 1.5021581649047848E-4
<2312,registrar0-1,transcript1-9,read> 3.067636990405423E-4
<2313,admissions0-0,stu1-13application1-13,read> 1.3973671715308966E-4
<2314,registrar0-1,transcript1-4,read> 3.097740556346433E-4
<2315,registrar0-1,transcript1-5,read> 3.1077750783267693E-4
<2316,registrar0-1,transcript1-6,read> 3.07767151238576E-4
<2317,stu5-7,gradebook5-5,readMyScores> 7.408260597521507E-5
<2318,admissions4-0,stu1-16application1-16,read> 1.0954231925648026E-4
<2319,stu5-7,gradebook5-2,readMyScores> 6.439138251912446E-5
<2320,registrar0-0,transcript1-1,read> 2.658466357566463E-4
<2321,admissions2-1,stu4-0application4-0,read> 5.6319691560207274E-5
<2322,registrar0-0,transcript1-8,read> 3.071790878951421E-4
<2323,admissions4-1,application3-4,setStatus> 1.4018380177229918E-4
<2324,registrar0-0,transcript1-7,read> 3.1020341366137354E-4
<2325,registrar0-0,transcript1-4,read> 3.1121152225011727E-4
<2326,registrar0-0,transcript1-2,read> 3.1322773942760494E-4
<2327,registrar0-0,transcript1-3,read> 3.1423584801634877E-4
<2328,admissions4-0,stu2-11application2-11,read> 6.754526395048144E-5
<2329,admissions0-1,application0-3,read> 7.157249882359538E-5
<2330,registrar0-0,roster3-8,write> 9.480922159714263E-5
<2331,stu5-6,gradebook5-6,readMyScores> 3.495782597749276E-5
<2332,stu5-6,gradebook5-4,readMyScores> 5.726864516067711E-5
<2333,registrar4-0,transcript0-11,read> 3.8662565012631344E-4
<2334,registrar4-0,transcript2-10,read> 3.9618056386350633E-4
<2335,stu5-6,gradebook5-1,readMyScores> 6.497705860760455E-5
<2336,admissions4-0,stu5-13application5-13,read> 1.8464293580367817E-4
<2337,registrar2-0,transcript4-11,read> 3.572081257499297E-4
<2338,registrar2-0,transcript4-12,read> 3.770699603240021E-4
<2339,registrar4-0,transcript2-12,read> 3.985692922978046E-4
<2340,admissions4-1,stu1-16application1-16,read> 1.1041343113923557E-4
<2341,stu3-18,gradebook3-8,readMyScores> 3.71143214931685E-5
<2342,admissions4-0,stu3-16application3-16,setStatus> 3.913829853327542E-5
<2343,registrar2-1,roster2-9,read> 1.4938344079717256E-4
<2344,stu3-18,gradebook3-7,readMyScores> 2.855958582049584E-5
<2345,admissions0-1,application0-1,setStatus> 8.001747950937038E-5
<2346,stu3-18,gradebook3-4,readMyScores> 2.089143701803183E-5
<2347,registrar2-1,roster2-8,read> 1.48583350955813E-4
<2348,admissions2-0,stu0-16application0-16,read> 1.1700382391356332E-4
<2349,admissions0-1,stu4-16application4-16,read> 1.7397734052202355E-4
<2350,registrar2-1,transcript0-8,read> 1.1834556518292368E-4
<2351,registrar2-1,transcript0-9,read> 1.2254562960346366E-4
<2352,registrar2-1,transcript0-6,read> 1.1519551686751869E-4
<2353,registrar2-1,transcript0-7,read> 1.2044559739319367E-4
<2354,registrar2-1,transcript0-1,read> 1.8029651538588846E-4
<2355,registrar2-1,transcript0-4,read> 1.1204546855211371E-4
<2356,stu4-9,gradebook4-2,readMyScores> 1.8343507551345676E-4
<2357,registrar4-0,roster3-8,write> 1.1232593690377405E-4
<2358,admissions0-1,stu5-2application5-2,setStatus> 1.871822791809407E-4
<2359,registrar2-1,transcript0-3,read> 1.130954846572487E-4
<2360,admissions4-0,stu5-15application5-15,read> 3.9876615748882216E-5
<2361,registrar2-1,transcript0-2,read> 1.834465637012935E-4
<2362,registrar4-0,roster3-5,write> 1.1034030777117602E-4
<2363,stu1-13,gradebook1-1,readScore> 4.93705706538638E-5
<2364,registrar4-0,roster3-4,write> 1.0703092588351269E-4
<2365,stu5-5,gradebook5-9,readMyScores> 4.1268994416245784E-5
<2366,registrar2-0,transcript2-13,read> 3.498906077489556E-4
<2367,stu4-8,gradebook4-8,readMyScores> 1.0862982335143363E-4
<2368,registrar4-0,roster3-7,write> 1.1166406052624136E-4
<2369,stu1-18,gradebook1-9,addScore> 9.821181593176623E-5
<2370,registrar4-0,roster3-6,write> 1.110021841487087E-4
<2371,admissions2-1,stu1-17application1-17,read> 5.679412911634802E-5
<2372,registrar4-0,roster3-1,write> 1.0636904950597999E-4
<2373,registrar4-0,roster3-3,write> 1.0901655501611068E-4
<2374,registrar4-0,roster3-2,write> 1.0504529675091465E-4
<2375,admissions4-1,stu3-16application3-16,setStatus> 3.9449537487814396E-5
<2376,stu3-19,gradebook3-7,readMyScores> 2.8082266837423485E-5
<2377,admissions4-0,stu1-3application1-3,read> 1.3671688445447951E-4
<2378,registrar2-0,transcript0-5,read> 1.167753914322109E-4
<2379,registrar2-0,transcript0-6,read> 1.1468467200336116E-4
<2380,registrar2-0,transcript0-7,read> 1.1991147057548549E-4
<2381,registrar2-0,transcript0-8,read> 1.1782075114663576E-4
<2382,registrar2-0,transcript0-9,read> 1.220021900043352E-4
<2383,registrar2-0,transcript0-0,read> 1.868144922986768E-4
<2384,stu4-13,gradebook4-9,addScore> 1.646623364474836E-4
<2385,registrar2-0,transcript0-2,read> 1.8263305344097734E-4
<2386,registrar2-0,transcript0-1,read> 1.794969742977027E-4
<2387,stu5-4,gradebook5-3,readMyScores> 9.135096520718578E-5
<2388,registrar2-0,transcript0-4,read> 1.1154859286008658E-4
<2389,registrar4-1,roster1-2,read> 2.47435397007852E-4
<2390,stu5-4,gradebook5-2,readMyScores> 6.653379450682178E-5
<2391,stu1-4,gradebook1-2,readMyScores> 8.251012866994813E-5
<2392,registrar2-0,transcript0-3,read> 1.1259395257451144E-4
<2393,admissions0-0,application1-3,read> 2.5954214558640327E-5
<2394,admissions0-0,application1-4,read> 1.666584699990977E-5
<2395,admissions0-0,application1-1,read> 2.4212645641378348E-5
<2396,admissions0-0,application1-2,read> 2.5373691586219667E-5
<2397,admissions0-0,application1-0,read> 2.305159969653703E-5
<2398,stu1-10,gradebook1-8,readScore> 5.935411862564453E-5
<2399,admissions4-0,stu5-4application5-4,setStatus> 7.001848625827455E-5
<2400,admissions4-1,stu3-12application3-12,read> 7.007445159879695E-5
<2401,registrar0-0,transcript2-1,read> 1.9527903454458028E-4
<2402,registrar4-0,roster1-6,write> 1.7520419276937797E-4
<2403,stu5-3,gradebook5-9,readMyScores> 3.843315031531027E-5
<2404,registrar0-1,transcript4-11,read> 3.4288797816975434E-4
<2405,admissions2-1,stu5-11application5-11,read> 1.0091682183743703E-4
<2406,stu5-3,gradebook5-7,readMyScores> 6.146062092351911E-5
<2407,admissions2-0,application2-4,setStatus> 6.444874145257092E-5
<2408,admissions4-0,stu0-11application0-11,setStatus> 1.8848611553054392E-4
<2409,registrar0-1,transcript3-14,read> 3.519190479520574E-4
<2410,stu5-3,gradebook5-6,readMyScores> 3.291276120367234E-5
<2411,admissions4-0,stu3-6application3-6,read> 1.8513701880727818E-4
<2412,admissions0-1,application1-0,read> 2.2973590898917614E-5
<2413,admissions0-1,application1-1,read> 2.4130707754267086E-5
<2414,admissions0-1,application1-2,read> 2.528782460961656E-5
<2415,admissions4-1,stu0-6application0-6,read> 5.51340888060419E-5
<2416,admissions0-1,application1-3,read> 2.5866383037291293E-5
<2417,admissions2-1,stu1-13application1-13,setStatus> 1.2977394705611118E-4
<2418,registrar0-1,roster5-7,read> 1.221144512188033E-4
<2419,admissions2-1,stu5-0application5-0,read> 1.1562438607780005E-4
<2420,admissions0-0,stu2-11application2-11,read> 7.936232802134102E-5
<2421,admissions4-0,stu4-11application4-11,setStatus> 1.991538167446346E-4
<2422,admissions2-1,stu0-16application0-16,read> 1.1325219829709635E-4
<2423,fac5-1,gradebook5-3,changeScore> 5.633389014978107E-4
<2424,admissions4-1,stu5-15application5-15,read> 4.019372601328685E-5
<2425,admissions0-0,stu0-12application0-12,read> 5.8463501014197265E-5
<2426,admissions0-0,stu1-8application1-8,setStatus> 1.6868700197659038E-4
<2427,stu4-11,gradebook4-8,addScore> 3.43633678792344E-4
<2428,admissions4-0,stu3-12application3-12,read> 6.952159596488138E-5
<2429,stu5-2,gradebook5-9,readMyScores> 3.903017012603354E-5
<2430,fac1-1,gradebook1-2,assignGrade> 3.1769512432902635E-4
<2431,stu5-2,gradebook5-8,readMyScores> 6.383125414454969E-5
<2432,stu5-2,gradebook5-7,readMyScores> 6.241534901553494E-5
<2433,registrar4-0,roster1-9,write> 1.8116108016717205E-4
<2434,registrar2-0,roster0-3,read> 2.0129274340749303E-4
<2435,admissions2-0,stu1-17application1-17,read> 5.8675508134694955E-5
<2436,admissions4-0,stu5-15application5-15,setStatus> 4.531433607827525E-5
<2437,registrar4-1,transcript1-3,read> 3.780990226709416E-4
<2438,admissions4-0,stu3-19application3-19,read> 1.4956304254807915E-4
<2439,registrar0-1,roster3-8,write> 9.437130371447682E-5
<2440,admissions2-1,stu4-18application4-18,setStatus> 1.062542443440204E-5
<2441,registrar4-1,transcript1-5,read> 3.7567304311096215E-4
<2442,admissions2-0,application4-2,setStatus> 1.563526003478467E-4
<2443,registrar4-1,transcript1-6,read> 3.7203407377099326E-4
<2444,admissions2-1,stu3-3application3-3,read> 1.7635239326381502E-4
<2445,registrar4-1,transcript1-1,read> 3.1987551323143815E-4
<2446,admissions2-0,stu2-0application2-0,setStatus> 1.1123616052652948E-4
<2447,registrar4-1,transcript1-2,read> 3.7688603289095184E-4
<2448,registrar2-0,roster1-9,read> 2.18020120600795E-4
<2449,admissions2-1,stu4-5application4-5,read> 7.339944358127399E-5
<2450,registrar4-1,transcript1-8,read> 3.6960809421101394E-4
<2451,admissions2-0,application2-1,read> 5.083304550896475E-5
<2452,stu1-11,transcript1-11,read> 2.018579340170422E-4
<2453,registrar4-1,transcript3-15,read> 4.2419263431054836E-4
<2454,registrar4-1,transcript1-7,read> 3.7324706355098294E-4
<2455,admissions2-0,application2-0,read> 5.034289159485661E-5
<2456,admissions2-0,application2-3,read> 5.573458465004613E-5
<2457,stu1-5,stu1-5application1-5,checkStatus> 0.0012914344189903465
<2458,admissions4-1,stu5-4application5-4,setStatus> 7.05752933060541E-5
<2459,registrar4-1,transcript1-9,read> 3.7082108399100357E-4
<2460,admissions2-0,application2-2,read> 5.132319942307289E-5
<2461,admissions2-1,application2-0,read> 4.87286906619554E-5
<2462,registrar4-0,transcript1-3,read> 3.7229327952052407E-4
<2463,registrar4-1,roster2-1,write> 9.72726575233981E-5
<2464,admissions4-1,stu5-5application5-5,setStatus> 9.943735779205814E-5
<2465,admissions2-1,application2-4,read> 5.489637889178505E-5
<2466,registrar0-0,transcript0-16,read> 3.233088253150429E-4
<2467,admissions2-0,stu0-8application0-8,read> 1.420016735330783E-4
<2468,registrar4-0,transcript1-8,read> 3.639327300004801E-4
<2469,admissions4-1,application4-0,read> 1.3431801160764364E-4
<2470,admissions2-1,application2-2,read> 4.967756577423689E-5
<2471,admissions2-1,application2-1,read> 4.9203128218096144E-5
<2472,admissions2-1,stu5-17application5-17,read> 1.1941988652692598E-4
<2473,admissions4-0,stu3-17application3-17,read> 1.401754654796794E-4
<2474,admissions0-1,stu3-14application3-14,setStatus> 1.5299473572743359E-4
<2475,admissions0-1,stu0-19application0-19,setStatus> 1.299838891721884E-4
<2476,admissions4-1,stu3-9application3-9,read> 8.152872973990915E-5
<2477,admissions4-0,stu0-13application0-13,setStatus> 1.851173677787259E-4
<2478,stu3-8,gradebook3-7,readMyScores> 4.224273000190332E-5
<2479,registrar0-0,roster4-2,read> 1.3881240899628295E-4
<2480,admissions4-0,stu5-5application5-5,setStatus> 9.865284214872829E-5
<2481,stu3-8,gradebook3-6,readMyScores> 3.975558759797521E-5
<2482,stu3-8,gradebook3-3,readMyScores> 9.778457443798475E-5
<2483,stu3-9,gradebook3-1,readMyScores> 4.373572796204139E-5
<2484,registrar0-0,transcript4-17,read> 3.676656032197701E-4
<2485,admissions4-0,stu2-13application2-13,read> 1.0015474218808053E-4
<2486,admissions4-1,stu3-17application3-17,read> 1.4129018091092936E-4
<2487,admissions0-0,stu2-8application2-8,setStatus> 2.5972355901528475E-4
<2488,admissions2-0,stu5-17application5-17,read> 1.233758247969691E-4
<2489,admissions0-0,stu0-19application0-19,setStatus> 1.3042526061250143E-4
<2490,admissions4-1,stu0-13application0-13,setStatus> 1.8658947408312925E-4
<2491,admissions4-0,stu3-9application3-9,read> 8.088550504768105E-5
<2492,stu3-9,gradebook3-7,readMyScores> 4.176541101883097E-5
<2493,admissions0-0,stu1-18application1-18,setStatus> 1.475770757067482E-4
<2494,admissions2-0,stu3-3application3-3,read> 1.8219429448994556E-4
<2495,registrar0-1,transcript1-19,read> 3.282124897735119E-5
<2496,stu3-9,gradebook3-2,readMyScores> 5.270154489896195E-5
<2497,admissions2-0,stu4-18application4-18,setStatus> 1.0977405368046827E-5
<2498,stu3-9,gradebook3-4,readMyScores> 3.0551544385701136E-5
<2499,admissions4-1,stu2-13application2-13,read> 1.0095120137049072E-4
<2500,admissions4-0,stu5-4application5-4,read> 6.16162679072816E-5
<2501,admissions0-1,stu2-8application2-8,setStatus> 2.588446298815613E-4
<2502,stu3-6,gradebook3-2,readMyScores> 5.1898473738596823E-5
<2503,stu3-6,gradebook3-1,readMyScores> 4.306927877404838E-5
<2504,registrar0-0,transcript2-6,read> 1.902384916008613E-4
<2505,registrar4-1,transcript5-12,read> 3.603590471385928E-5
<2506,registrar0-0,transcript2-5,read> 1.9124660018960508E-4
<2507,registrar4-1,transcript5-13,read> 3.239693537389032E-5
<2508,stu3-6,gradebook3-9,readMyScores> 5.373358941342803E-5
<2509,registrar0-0,transcript2-8,read> 1.9225470877834888E-4
<2510,registrar2-0,roster5-3,read> 1.184523992120928E-4
<2511,registrar4-1,transcript5-10,read> 3.846188427383859E-5
<2512,registrar0-0,transcript2-7,read> 1.9326281736709266E-4
<2513,chair1,transcript1-12,read> 2.449948533863292E-4
<2514,registrar0-0,transcript2-10,read> 3.3439801979122467E-4
<2515,stu3-6,gradebook3-7,readMyScores> 4.1128985708067825E-5
<2516,registrar4-1,transcript5-16,read> 2.7544976253931705E-5
<2517,registrar0-0,transcript3-15,read> 3.525439743886132E-4
<2518,admissions2-1,stu0-9application0-9,read> 1.0376344717428148E-4
<2519,registrar0-0,transcript2-4,read> 1.962871431333241E-4
<2520,registrar4-1,transcript5-14,read> 3.118394559390067E-5
<2521,registrar4-1,transcript5-15,read> 2.9970955813911017E-5
<2522,app0-2,application0-2,checkStatus> 7.260402700980077E-4
<2523,registrar4-0,transcript5-19,read> 2.2344563895831472E-5
<2524,registrar4-0,transcript5-18,read> 2.4733292330129716E-5
<2525,registrar0-0,transcript2-0,read> 2.356033780943323E-4
<2526,registrar4-0,transcript5-17,read> 2.5927656547278835E-5
<2527,admissions4-1,application4-3,read> 1.4278421719020483E-4
<2528,admissions0-1,stu4-16application4-16,setStatus> 1.9770152332048132E-4
<2529,admissions4-0,stu0-19application0-19,setStatus> 1.1100491723872795E-4
<2530,admissions2-1,stu3-15application3-15,setStatus> 1.5187842410357757E-4
<2531,admissions4-1,application4-4,read> 1.42286205097113E-4
<2532,admissions4-1,application4-1,read> 1.407921688178375E-4
<2533,admissions4-1,stu4-9application4-9,read> 1.193776488148886E-4
<2534,admissions4-1,application4-2,read> 1.3979614463165385E-4
<2535,stu3-7,gradebook3-2,readMyScores> 5.109540257823169E-5
<2536,stu3-7,gradebook3-4,readMyScores> 2.9620449699660723E-5
<2537,registrar0-0,roster3-9,write> 9.536788138558639E-5
<2538,admissions4-0,stu2-2application2-2,read> 2.653637465168259E-5
<2539,registrar0-1,transcript2-9,read> 1.9939431385093993E-4
<2540,registrar4-0,transcript5-10,read> 3.787129871877005E-5
<2541,registrar0-1,transcript2-7,read> 1.9237014846470424E-4
<2542,registrar4-0,transcript5-11,read> 3.3093841850173566E-5
<2543,registrar4-1,transcript2-1,read> 2.3496622863216238E-4
<2544,stu2-11,gradebook2-1,readMyScores> 9.609785828912135E-5
<2545,admissions2-0,stu5-10application5-10,read> 1.758222936065398E-4
<2546,registrar0-1,transcript2-6,read> 1.8935979187060327E-4
<2547,registrar4-0,transcript5-12,read> 3.54825702844718E-5
<2548,admissions0-1,stu2-15application2-15,setStatus> 4.6487388814584564E-5
<2549,admissions0-0,application2-4,setStatus> 7.633107454603087E-5
<2550,registrar0-1,transcript2-5,read> 1.9036324406863692E-4
<2551,registrar4-0,transcript5-13,read> 3.189947763302444E-5
<2552,registrar0-1,transcript2-4,read> 1.9538050505880526E-4
<2553,admissions0-1,stu5-16application5-16,setStatus> 1.714034129716297E-4
<2554,registrar4-0,transcript5-14,read> 3.070511341587532E-5
<2555,registrar4-0,transcript5-15,read> 2.95107491987262E-5
<2556,registrar0-1,transcript2-2,read> 1.933736006627379E-4
<2557,registrar4-0,transcript5-16,read> 2.7122020764427957E-5
<2558,admissions4-1,stu3-19application3-19,setStatus> 1.713095575905389E-4
<2559,registrar2-1,transcript5-0,read> 3.062984480020882E-4
<2560,registrar0-1,transcript2-1,read> 1.9437705286077156E-4
<2561,admissions2-0,stu2-8application2-8,setStatus> 2.1929281886400525E-4
<2562,stu2-10,gradebook2-6,readMyScores> 1.2415068630495702E-4
<2563,admissions2-1,stu1-4application1-4,read> 1.8441783171820766E-4
<2564,admissions4-0,stu4-9application4-9,read> 1.1843581332128001E-4
<2565,admissions4-0,application4-1,read> 1.396813824760794E-4
<2566,admissions4-0,application4-2,read> 1.3869321646887945E-4
<2567,admissions4-0,application4-3,read> 1.4165771449047934E-4
<2568,stu2-18,gradebook2-7,readScore> 9.533520228505689E-5
<2569,stu4-6,gradebook4-1,readScore> 6.856220937833498E-5
<2570,registrar4-0,transcript2-2,read> 2.3016393767977855E-4
<2571,registrar2-0,roster0-8,write> 1.597186939221922E-4
<2572,registrar4-0,transcript2-4,read> 2.325526661140768E-4
<2573,registrar2-0,roster0-6,write> 1.5044984422200755E-4
<2574,registrar4-0,transcript2-3,read> 2.337470303312259E-4
<2575,registrar2-0,roster0-5,write> 1.4871193490322292E-4
<2576,registrar2-0,roster0-3,write> 1.4639472247817675E-4
<2577,admissions4-1,stu0-8application0-8,read> 1.4427825346948034E-4
<2578,registrar2-0,roster0-2,write> 1.4755332869069985E-4
<2579,admissions2-1,stu0-10application0-10,read> 1.8489226927434843E-4
<2580,admissions2-1,stu5-18application5-18,setStatus> 1.2276521043130475E-4
<2581,admissions2-1,stu4-16application4-16,setStatus> 1.621219622475254E-4
<2582,app0-0,application0-0,checkStatus> 7.561144269539832E-4
<2583,registrar2-0,transcript4-7,read> 2.0981240601602378E-4
<2584,stu3-4,gradebook3-6,readMyScores> 4.155245031426787E-5
<2585,stu3-4,gradebook3-5,readMyScores> 1.1174628350150085E-4
<2586,stu4-9,gradebook4-1,readMyScores> 1.3456983038167834E-4
<2587,registrar2-0,roster0-9,write> 1.6087730013471526E-4
<2588,registrar0-0,transcript0-1,read> 1.7310064559221666E-4
<2589,registrar4-0,transcript2-9,read> 2.3733012298267326E-4
<2590,registrar4-0,transcript2-5,read> 2.2658084502833118E-4
<2591,registrar4-0,transcript2-8,read> 2.277752092454803E-4
<2592,admissions0-0,stu0-13application0-13,setStatus> 2.175037064756004E-4
<2593,registrar4-1,transcript2-5,read> 2.301142695122038E-4
<2594,registrar4-1,transcript2-3,read> 2.373922081921417E-4
<2595,admissions2-1,stu1-10application1-10,setStatus> 1.1683474097954546E-4
<2596,stu3-5,gradebook3-5,readMyScores> 1.1053821557175488E-4
<2597,registrar4-1,transcript2-2,read> 2.3375323885217275E-4
<2598,fac3-0,roster3-1,read> 0.0016928155849553542
<2599,registrar4-1,transcript2-0,read> 2.8348581983174854E-4
<2600,stu3-5,gradebook3-1,readMyScores> 4.573507552602044E-5
<2601,registrar4-1,transcript2-8,read> 2.3132725929219346E-4
<2602,registrar4-1,transcript2-9,read> 2.4103117753211068E-4
<2603,registrar0-1,transcript0-9,read> 1.1711123361217923E-4
<2604,admissions0-1,stu2-19application2-19,setStatus> 1.5233728296871227E-4
<2605,admissions0-0,stu0-11application0-11,setStatus> 2.2146181765119577E-4

