<0,registrar0-1,roster1-9,write> null
<1,stu4-0,transcript4-0,read> null
<2,fac4-4,roster4-8,read> null
<3,fac1-0,roster1-1,read> null
<4,chair1,transcript1-0,read> null
<5,stu2-0,stu2-0application2-0,checkStatus> null
<6,registrar4-0,transcript0-19,read> null
<7,chair5,transcript5-6,read> null
<8,admissions2-0,stu5-7application5-7,read> null
<9,registrar0-1,transcript3-17,read> null
<10,stu1-11,stu1-11application1-11,checkStatus> null
<11,stu5-0,transcript5-0,read> null
<12,registrar4-0,transcript5-2,read> null
<13,stu4-9,stu4-9application4-9,checkStatus> null
<14,fac3-4,gradebook3-9,changeScore> null
<15,stu3-17,stu3-17application3-17,checkStatus> null
<16,registrar4-0,roster0-1,write> null
<17,registrar0-0,transcript4-11,read> null
<18,registrar4-1,transcript3-17,read> null
<19,stu1-2,stu1-2application1-2,checkStatus> null
<20,stu5-18,stu5-18application5-18,checkStatus> null
<21,registrar4-0,roster3-2,write> null
<22,stu0-17,stu0-17application0-17,checkStatus> null
<23,registrar4-0,roster4-5,read> null
<24,registrar2-0,transcript1-8,read> null
<25,admissions2-1,stu2-19application2-19,setStatus> null
<26,fac0-1,roster0-3,read> null
<27,admissions0-1,stu4-12application4-12,read> null
<28,stu3-7,stu3-7application3-7,checkStatus> null
<29,stu3-6,stu3-6application3-6,checkStatus> null
<30,fac4-0,roster4-1,read> null
<31,stu3-18,stu3-18application3-18,checkStatus> null
<32,fac3-2,roster3-4,read> null
<33,fac2-1,gradebook2-2,addScore> null
<34,registrar0-0,transcript1-9,read> null
<35,fac5-2,gradebook5-4,changeScore> null
<36,admissions0-1,stu2-9application2-9,read> null
<37,admissions4-1,stu5-18application5-18,setStatus> null
<38,registrar0-0,roster3-9,read> null
<39,admissions0-1,stu3-0application3-0,setStatus> null
<40,stu2-17,gradebook2-6,readMyScores> null
<41,admissions4-0,stu2-11application2-11,read> null
<42,stu4-13,stu4-13application4-13,checkStatus> null
<43,stu1-3,transcript1-3,read> null
<44,registrar0-0,roster0-8,read> null
<45,registrar0-1,roster4-1,read> null
<46,chair1,transcript1-4,read> null
<47,registrar4-1,roster0-8,write> null
<48,admissions2-1,stu5-0application5-0,read> null
<49,stu4-5,transcript4-5,read> null
<50,app5-2,application5-2,checkStatus> null
<51,stu1-1,gradebook1-1,readMyScores> null
<52,admissions0-1,stu5-13application5-13,read> null
<53,admissions4-1,application1-2,read> null
<54,registrar0-0,roster1-8,read> null
<55,stu5-1,transcript5-1,read> null
<56,fac1-3,roster1-7,read> null
<57,registrar2-1,transcript0-11,read> null
<58,registrar2-1,transcript4-16,read> null
<59,chair4,transcript4-4,read> null
<60,fac5-1,roster5-2,read> null
<61,fac0-4,roster0-8,read> null
<62,stu1-5,gradebook1-6,readMyScores> null
<63,chair4,transcript4-0,read> null
<64,admissions4-0,stu5-13application5-13,setStatus> null
<65,admissions4-0,stu1-11application1-11,read> null
<66,fac3-0,gradebook3-1,addScore> null
<67,stu3-14,stu3-14application3-14,checkStatus> null
<68,fac3-4,roster3-9,read> null
<69,fac2-4,gradebook2-9,changeScore> null
<70,registrar0-0,transcript2-0,read> null
<71,fac0-1,gradebook0-3,changeScore> null
<72,admissions0-1,stu1-11application1-11,setStatus> null
<73,registrar4-0,roster3-8,write> null
<74,registrar4-1,roster1-5,read> null
<75,stu1-4,gradebook1-6,readScore> null
<76,stu4-16,transcript4-16,read> null
<77,registrar0-0,transcript2-15,read> null
<78,stu3-7,transcript3-7,read> null
<79,registrar0-1,transcript3-8,read> null
<80,stu2-16,transcript2-16,read> null
<81,registrar2-0,transcript4-16,read> null
<82,chair2,transcript2-18,read> null
<83,admissions0-0,application0-2,read> null
<84,stu4-14,stu4-14application4-14,checkStatus> null
<85,registrar2-1,roster1-4,write> null
<86,stu4-4,stu4-4application4-4,checkStatus> null
<87,fac2-0,gradebook2-1,changeScore> null
<88,fac2-1,gradebook2-3,changeScore> null
<89,stu4-12,gradebook4-4,readMyScores> null
<90,stu4-18,transcript4-18,read> null
<91,stu4-11,stu4-11application4-11,checkStatus> null
<92,admissions2-0,stu4-4application4-4,read> null
<93,fac2-2,gradebook2-4,addScore> null
<94,app3-1,application3-1,checkStatus> null
<95,registrar0-1,transcript2-8,read> null
<96,registrar4-1,transcript5-8,read> null
<97,fac1-3,roster1-6,read> null
<98,chair0,transcript0-0,read> null
<99,fac4-3,gradebook4-7,changeScore> null
<100,registrar4-1,transcript5-5,read> null
<101,stu0-8,stu0-8application0-8,checkStatus> null
<102,admissions2-1,application3-3,setStatus> null
<103,stu2-1,stu2-1application2-1,checkStatus> null
<104,chair4,transcript4-18,read> null
<105,stu1-12,stu1-12application1-12,checkStatus> null
<106,stu4-11,transcript4-11,read> null
<107,admissions4-0,stu4-8application4-8,setStatus> null
<108,admissions2-0,stu2-9application2-9,setStatus> null
<109,stu3-18,transcript3-18,read> null
<110,fac2-4,gradebook2-8,changeScore> null
<111,stu1-5,transcript1-5,read> null
<112,fac0-3,roster0-7,read> null
<113,stu0-5,stu0-5application0-5,checkStatus> null
<114,registrar2-1,transcript3-14,read> null
<115,registrar0-1,transcript5-1,read> null
<116,registrar4-0,transcript0-18,read> null
<117,chair1,transcript1-8,read> null
<118,chair0,transcript0-13,read> null
<119,stu4-12,transcript4-12,read> null
<120,registrar2-1,transcript0-17,read> null
<121,admissions0-1,stu3-16application3-16,setStatus> null
<122,fac2-2,gradebook2-5,addScore> null
<123,admissions4-0,stu1-13application1-13,read> null
<124,admissions0-0,stu1-1application1-1,setStatus> null
<125,stu5-2,transcript5-2,read> null
<126,admissions4-1,stu3-6application3-6,read> null
<127,admissions0-0,stu0-17application0-17,setStatus> null
<128,admissions2-0,stu0-6application0-6,setStatus> null
<129,registrar4-0,transcript4-0,read> null
<130,fac2-0,roster2-1,read> null
<131,admissions4-0,stu4-14application4-14,read> null
<132,admissions0-0,stu5-13application5-13,read> null
<133,registrar4-0,roster5-6,read> null
<134,registrar2-1,transcript1-8,read> null
<135,app4-1,application4-1,checkStatus> null
<136,chair5,transcript5-4,read> null
<137,admissions4-0,stu0-18application0-18,read> null
<138,app4-4,application4-4,checkStatus> null
<139,registrar0-1,roster1-3,write> null
<140,stu2-14,transcript2-14,read> null
<141,chair0,transcript0-19,read> null
<142,admissions2-0,stu3-13application3-13,setStatus> null
<143,registrar4-1,transcript1-8,read> null
<144,registrar2-1,transcript5-1,read> null
<145,registrar2-0,roster0-5,read> null
<146,registrar4-0,transcript3-7,read> null
<147,fac1-2,roster1-5,read> null
<148,registrar2-1,roster4-4,write> null
<149,stu0-12,transcript0-12,read> null
<150,app5-3,application5-3,checkStatus> null
<151,admissions2-1,stu2-18application2-18,read> null
<152,admissions0-0,stu2-2application2-2,read> null
<153,fac2-2,gradebook2-4,changeScore> null
<154,chair4,transcript4-3,read> null
<155,stu3-0,transcript3-0,read> null
<156,fac4-1,gradebook4-3,addScore> null
<157,admissions4-1,stu1-18application1-18,setStatus> null
<158,admissions0-1,stu2-19application2-19,setStatus> null
<159,stu4-6,transcript4-6,read> null
<160,fac4-3,roster4-6,read> null
<161,registrar2-1,roster0-3,read> null
<162,chair3,transcript3-19,read> null
<163,stu4-0,stu4-0application4-0,checkStatus> null
<164,fac5-3,roster5-7,read> null
<165,fac2-3,gradebook2-6,changeScore> null
<166,stu1-13,stu1-13application1-13,checkStatus> null
<167,stu2-0,gradebook2-7,readMyScores> null
<168,admissions0-1,stu3-14application3-14,setStatus> null
<169,registrar2-0,transcript1-3,read> null
<170,admissions4-1,stu0-5application0-5,setStatus> null
<171,admissions4-1,stu1-13application1-13,setStatus> null
<172,registrar2-1,roster3-7,write> null
<173,admissions2-0,stu3-1application3-1,setStatus> null
<174,stu2-12,transcript2-12,read> null
<175,admissions0-0,stu1-14application1-14,read> null
<176,stu5-8,stu5-8application5-8,checkStatus> null
<177,stu2-5,transcript2-5,read> null
<178,stu0-4,stu0-4application0-4,checkStatus> null
<179,fac1-4,gradebook1-9,addScore> null
<180,stu0-1,gradebook0-5,readScore> null
<181,registrar4-0,roster1-2,read> null
<182,registrar4-0,transcript2-14,read> null
<183,stu3-1,stu3-1application3-1,checkStatus> null
<184,admissions4-0,stu2-16application2-16,setStatus> null
<185,fac0-2,roster0-5,read> null
<186,admissions4-0,stu3-6application3-6,setStatus> null
<187,fac5-0,roster5-1,read> null
<188,admissions2-1,stu5-18application5-18,read> null
<189,admissions0-1,stu4-2application4-2,setStatus> null
<190,fac4-3,gradebook4-6,addScore> null
<191,registrar4-0,roster1-5,read> null
<192,chair2,transcript2-16,read> null
<193,fac3-0,roster3-1,read> null
<194,admissions0-0,stu0-10application0-10,read> null
<195,stu3-19,stu3-19application3-19,checkStatus> null
<196,stu4-19,stu4-19application4-19,checkStatus> null
<197,chair0,transcript0-16,read> null
<198,stu5-14,stu5-14application5-14,checkStatus> null
<199,registrar0-0,transcript0-14,read> null
<200,stu0-13,stu0-13application0-13,checkStatus> null
<201,admissions0-0,stu1-17application1-17,setStatus> null
<202,app5-0,application5-0,checkStatus> null
<203,fac1-2,gradebook1-4,addScore> null
<204,stu2-8,stu2-8application2-8,checkStatus> null
<205,chair4,transcript4-5,read> null
<206,chair1,transcript1-2,read> null
<207,stu0-4,transcript0-4,read> null
<208,chair2,transcript2-0,read> null
<209,admissions4-1,stu0-13application0-13,setStatus> null
<210,fac5-2,roster5-4,read> null
<211,chair0,transcript0-12,read> null
<212,fac2-2,roster2-4,read> null
<213,registrar4-1,transcript1-5,read> null
<214,admissions2-1,stu1-11application1-11,setStatus> null
<215,stu1-2,transcript1-2,read> null
<216,stu5-7,transcript5-7,read> null
<217,fac0-4,roster0-9,read> null
<218,admissions0-0,stu2-8application2-8,setStatus> null
<219,stu1-9,stu1-9application1-9,checkStatus> null
<220,admissions2-1,stu2-13application2-13,read> null
<221,registrar0-0,roster0-7,write> null
<222,admissions4-0,stu0-13application0-13,setStatus> null
<223,registrar0-0,roster5-3,write> null
<224,stu1-14,stu1-14application1-14,checkStatus> null
<225,fac1-1,roster1-2,read> null
<226,stu3-17,transcript3-17,read> null
<227,registrar4-0,transcript2-1,read> null
<228,registrar2-1,transcript4-7,read> null
<229,stu4-16,stu4-16application4-16,checkStatus> null
<230,fac4-1,gradebook4-2,addScore> null
<231,fac1-1,gradebook1-3,addScore> null
<232,registrar4-1,transcript4-16,read> null
<233,chair4,transcript4-9,read> null
<234,admissions4-0,stu1-17application1-17,read> null
<235,stu1-1,stu1-1application1-1,checkStatus> null
<236,admissions4-1,application5-0,read> null
<237,admissions0-0,stu3-5application3-5,setStatus> null
<238,admissions0-1,application3-2,read> null
<239,stu4-2,stu4-2application4-2,checkStatus> null
<240,admissions0-0,stu5-11application5-11,setStatus> null
<241,fac1-4,roster1-8,read> null
<242,admissions4-0,stu5-0application5-0,read> null
<243,admissions4-0,stu3-6application3-6,read> null
<244,stu5-5,transcript5-5,read> null
<245,stu3-10,transcript3-10,read> null
<246,fac0-4,gradebook0-8,changeScore> null
<247,stu1-5,stu1-5application1-5,checkStatus> null
<248,fac2-1,gradebook2-3,addScore> null
<249,registrar4-0,roster2-8,read> null
<250,admissions2-0,stu1-13application1-13,read> null
<251,stu1-2,gradebook1-5,readMyScores> null
<252,chair5,transcript5-11,read> null
<253,chair3,transcript3-16,read> null
<254,admissions0-1,stu5-12application5-12,setStatus> null
<255,registrar0-0,transcript0-4,read> null
<256,admissions2-0,application2-3,read> null
<257,registrar0-0,transcript5-6,read> null
<258,chair3,transcript3-12,read> null
<259,admissions0-1,application2-4,read> null
<260,registrar4-1,transcript0-17,read> null
<261,stu1-15,stu1-15application1-15,checkStatus> null
<262,registrar4-1,transcript4-8,read> null
<263,app3-2,application3-2,checkStatus> null
<264,admissions0-0,stu3-15application3-15,setStatus> null
<265,registrar0-1,transcript1-1,read> null
<266,fac0-1,roster0-2,read> null
<267,fac2-3,roster2-6,read> null
<268,chair5,transcript5-3,read> null
<269,registrar2-1,transcript1-2,read> null
<270,fac5-4,roster5-8,read> null
<271,fac4-3,roster4-7,read> null
<272,registrar0-0,roster1-3,write> null
<273,fac4-2,gradebook4-4,changeScore> null
<274,registrar0-0,transcript4-1,read> null
<275,app3-0,application3-0,checkStatus> null
<276,chair1,transcript1-7,read> null
<277,fac5-3,gradebook5-7,changeScore> null
<278,registrar4-0,transcript3-15,read> null
<279,stu5-16,stu5-16application5-16,checkStatus> null
<280,stu1-6,transcript1-6,read> null
<281,admissions4-0,stu4-5application4-5,read> null
<282,admissions0-0,application3-4,setStatus> null
<283,app5-1,application5-1,checkStatus> null
<284,registrar2-0,roster2-9,read> null
<285,admissions0-0,stu4-7application4-7,setStatus> null
<286,registrar4-1,roster0-7,read> null
<287,registrar4-0,roster2-7,write> null
<288,registrar2-0,transcript5-1,read> null
<289,stu5-2,stu5-2application5-2,checkStatus> null
<290,admissions2-0,stu4-13application4-13,setStatus> null
<291,fac2-3,gradebook2-7,changeScore> null
<292,stu1-1,transcript1-1,read> null
<293,registrar4-0,roster1-7,read> null
<294,chair3,transcript3-17,read> null
<295,registrar2-0,roster0-9,read> null
<296,stu5-13,stu5-13application5-13,checkStatus> null
<297,registrar4-0,transcript0-8,read> null
<298,stu2-10,transcript2-10,read> null
<299,admissions0-1,stu2-1application2-1,read> null
<300,fac1-1,gradebook1-2,changeScore> null
<301,fac4-1,roster4-2,read> null
<302,fac2-3,gradebook2-6,addScore> null
<303,chair3,transcript3-15,read> null
<304,registrar2-1,transcript5-6,read> null
<305,stu4-13,transcript4-13,read> null
<306,fac2-1,roster2-3,read> null
<307,registrar2-0,transcript4-8,read> null
<308,admissions4-0,application5-4,read> null
<309,registrar2-0,transcript0-18,read> null
<310,admissions2-0,stu2-12application2-12,setStatus> null
<311,chair0,transcript0-6,read> null
<312,stu1-18,stu1-18application1-18,checkStatus> null
<313,stu0-13,transcript0-13,read> null
<314,admissions4-0,stu5-16application5-16,read> null
<315,stu1-3,stu1-3application1-3,checkStatus> null
<316,registrar4-0,transcript4-16,read> null
<317,registrar0-1,roster4-8,read> null
<318,chair4,transcript4-15,read> null
<319,stu2-11,gradebook2-4,readMyScores> null
<320,stu1-16,stu1-16application1-16,checkStatus> null
<321,registrar4-1,transcript5-1,read> null
<322,admissions4-1,stu1-0application1-0,read> null
<323,registrar2-0,transcript3-18,read> null
<324,stu4-1,transcript4-1,read> null
<325,registrar0-0,roster3-5,read> null
<326,app4-3,application4-3,checkStatus> null
<327,admissions2-1,application3-4,setStatus> null
<328,admissions0-0,stu3-11application3-11,read> null
<329,fac1-1,gradebook1-3,readScore> null
<330,registrar2-1,transcript4-2,read> null
<331,stu3-16,transcript3-16,read> null
<332,registrar4-0,roster1-5,write> null
<333,admissions0-1,stu2-6application2-6,read> null
<334,stu3-8,stu3-8application3-8,checkStatus> null
<335,registrar0-1,roster0-8,read> null
<336,registrar2-0,roster3-7,read> null
<337,stu0-15,transcript0-15,read> null
<338,stu1-4,transcript1-4,read> null
<339,stu2-17,gradebook2-5,readMyScores> null
<340,registrar0-0,roster1-1,write> null
<341,fac3-1,roster3-3,read> null
<342,chair3,transcript3-18,read> null
<343,chair2,transcript2-11,read> null
<344,admissions4-0,stu4-12application4-12,read> null
<345,admissions0-0,stu5-10application5-10,setStatus> null
<346,chair4,transcript4-10,read> null
<347,stu1-7,transcript1-7,read> null
<348,registrar2-1,transcript5-2,read> null
<349,fac4-0,gradebook4-1,changeScore> null
<350,admissions4-0,stu4-0application4-0,setStatus> null
<351,registrar4-0,transcript4-12,read> null
<352,fac1-1,gradebook1-3,changeScore> null
<353,registrar2-1,transcript5-5,read> null
<354,registrar0-1,transcript0-16,read> null
<355,stu4-2,transcript4-2,read> null
<356,registrar4-0,roster2-9,read> null
<357,chair3,transcript3-11,read> null
<358,stu0-9,transcript0-9,read> null
<359,registrar4-1,transcript1-6,read> null
<360,stu4-3,transcript4-3,read> null
<361,chair0,transcript0-15,read> null
<362,registrar0-0,roster1-5,write> null
<363,stu2-19,stu2-19application2-19,checkStatus> null
<364,stu4-1,stu4-1application4-1,checkStatus> null
<365,admissions0-1,stu2-11application2-11,setStatus> null
<366,registrar4-1,transcript0-19,read> null
<367,registrar4-1,transcript2-10,read> null
<368,stu4-19,transcript4-19,read> null
<369,registrar0-0,roster1-4,write> null
<370,stu2-9,gradebook2-2,readMyScores> null
<371,stu1-4,stu1-4application1-4,checkStatus> null
<372,registrar0-0,roster2-8,read> null
<373,admissions4-1,stu1-10application1-10,read> null
<374,registrar4-1,roster1-6,write> null
<375,stu3-15,transcript3-15,read> null
<376,admissions4-1,stu1-3application1-3,read> null
<377,stu3-8,gradebook3-3,readScore> null
<378,admissions0-0,stu2-19application2-19,read> null
<379,registrar0-0,roster1-2,write> null
<380,fac4-1,gradebook4-2,changeScore> null
<381,fac4-2,roster4-4,read> null
<382,registrar4-1,transcript0-11,read> null
<383,chair4,transcript4-7,read> null
<384,registrar0-0,roster1-9,write> null
<385,fac4-1,gradebook4-3,assignGrade> null
<386,admissions4-0,stu3-3application3-3,read> null
<387,admissions4-0,stu3-13application3-13,read> null
<388,registrar4-1,transcript2-17,read> null
<389,registrar2-1,transcript0-7,read> null
<390,admissions4-1,stu1-14application1-14,setStatus> null
<391,chair2,transcript2-14,read> null
<392,registrar0-0,roster1-8,write> null
<393,stu2-11,gradebook2-8,readMyScores> null
<394,stu3-13,transcript3-13,read> null
<395,registrar0-0,roster1-7,write> null
<396,admissions4-0,stu3-8application3-8,setStatus> null
<397,registrar2-0,roster3-1,write> null
<398,registrar2-0,roster1-1,read> null
<399,admissions0-1,stu4-5application4-5,read> null
<400,registrar0-0,roster1-6,write> null
<401,stu5-0,stu5-0application5-0,checkStatus> null
<402,admissions0-0,application2-2,setStatus> null
<403,admissions2-1,stu5-3application5-3,setStatus> null
<404,registrar2-0,transcript0-10,read> null
<405,registrar0-0,transcript3-13,read> null
<406,admissions2-1,stu2-8application2-8,setStatus> null
<407,stu2-18,transcript2-18,read> null
<408,registrar4-1,transcript5-16,read> null
<409,stu3-11,transcript3-11,read> null
<410,registrar2-1,transcript4-4,read> null
<411,stu5-11,transcript5-11,read> null
<412,admissions2-0,stu3-19application3-19,setStatus> null
<413,admissions0-0,stu1-13application1-13,setStatus> null
<414,chair4,transcript4-6,read> null
<415,fac0-3,gradebook0-7,changeScore> null
<416,registrar0-1,transcript3-5,read> null
<417,chair3,transcript3-2,read> null
<418,chair1,transcript1-1,read> null
<419,registrar4-0,roster3-6,write> null
<420,registrar0-1,transcript4-16,read> null
<421,registrar2-0,transcript3-11,read> null
<422,admissions0-0,stu0-3application0-3,setStatus> null
<423,admissions4-1,stu0-7application0-7,read> null
<424,admissions4-0,stu1-5application1-5,setStatus> null
<425,registrar0-0,transcript0-10,read> null
<426,chair5,transcript5-9,read> null
<427,stu4-18,stu4-18application4-18,checkStatus> null
<428,fac2-3,roster2-7,read> null
<429,stu2-4,gradebook2-9,readMyScores> null
<430,stu2-9,stu2-9application2-9,checkStatus> null
<431,admissions2-0,application2-0,setStatus> null
<432,chair0,transcript0-5,read> null
<433,app2-0,application2-0,checkStatus> null
<434,chair1,transcript1-9,read> null
<435,admissions2-1,stu4-13application4-13,setStatus> null
<436,registrar2-0,transcript0-16,read> null
<437,admissions0-0,stu2-7application2-7,setStatus> null
<438,stu1-0,transcript1-0,read> null
<439,registrar2-0,roster0-8,read> null
<440,stu2-3,gradebook2-5,readMyScores> null
<441,stu4-9,transcript4-9,read> null
<442,registrar2-1,transcript3-13,read> null
<443,stu4-7,gradebook4-7,addScore> null
<444,app4-0,application4-0,checkStatus> null
<445,stu0-1,transcript0-1,read> null
<446,fac2-1,gradebook2-2,changeScore> null
<447,registrar2-0,roster5-8,read> null
<448,app3-4,application3-4,checkStatus> null
<449,fac5-4,gradebook5-9,addScore> null
<450,registrar0-0,transcript4-15,read> null
<451,registrar4-0,transcript5-8,read> null
<452,app2-4,application2-4,checkStatus> null
<453,stu3-12,transcript3-12,read> null
<454,fac2-4,gradebook2-8,addScore> null
<455,registrar4-0,roster4-8,read> null
<456,fac4-2,roster4-5,read> null
<457,stu4-3,stu4-3application4-3,checkStatus> null
<458,fac2-4,roster2-8,read> null
<459,chair0,transcript0-2,read> null
<460,stu1-8,transcript1-8,read> null
<461,admissions0-0,stu4-18application4-18,read> null
<462,admissions4-0,stu1-9application1-9,setStatus> null
<463,stu3-2,gradebook3-7,addScore> null
<464,fac5-2,gradebook5-4,addScore> null
<465,admissions0-1,application5-2,setStatus> null
<466,fac5-1,roster5-3,read> null
<467,admissions2-0,stu1-8application1-8,setStatus> null
<468,admissions0-0,stu0-16application0-16,read> null
<469,registrar0-0,transcript2-8,read> null
<470,fac5-4,gradebook5-8,changeScore> null
<471,registrar2-1,transcript5-4,read> null
<472,registrar0-0,transcript4-10,read> null
<473,admissions0-0,stu5-0application5-0,read> null
<474,admissions0-1,stu1-13application1-13,setStatus> null
<475,admissions2-1,stu2-17application2-17,setStatus> null
<476,stu3-16,stu3-16application3-16,checkStatus> null
<477,admissions4-1,stu2-10application2-10,setStatus> null
<478,registrar4-0,transcript4-8,read> null
<479,registrar2-1,transcript5-8,read> null
<480,fac3-4,gradebook3-8,assignGrade> null
<481,registrar2-0,roster1-6,write> null
<482,admissions0-1,stu4-7application4-7,setStatus> null
<483,registrar4-0,transcript1-9,read> null
<484,stu2-17,stu2-17application2-17,checkStatus> null
<485,registrar2-0,roster2-4,read> null
<486,fac1-4,gradebook1-9,assignGrade> null
<487,chair3,transcript3-10,read> null
<488,stu2-14,stu2-14application2-14,checkStatus> null
<489,registrar4-1,transcript4-15,read> null
<490,registrar0-1,transcript5-2,read> null
<491,admissions4-1,stu0-16application0-16,read> null
<492,admissions0-0,stu0-7application0-7,setStatus> null
<493,admissions4-0,stu2-19application2-19,setStatus> null
<494,chair1,transcript1-3,read> null
<495,registrar0-1,roster1-8,write> null
<496,registrar2-1,transcript0-15,read> null
<497,chair4,transcript4-16,read> null
<498,registrar0-1,transcript3-12,read> null
<499,registrar4-0,roster5-3,write> null
<500,stu0-7,stu0-7application0-7,checkStatus> null
<501,stu5-11,stu5-11application5-11,checkStatus> null
<502,registrar4-0,roster3-7,read> null
<503,admissions2-0,stu2-0application2-0,read> null
<504,fac3-0,gradebook3-1,assignGrade> null
<505,chair2,transcript2-9,read> null
<506,stu3-4,stu3-4application3-4,checkStatus> null
<507,admissions0-1,stu4-5application4-5,setStatus> null
<508,fac1-2,roster1-4,read> null
<509,admissions4-0,stu1-10application1-10,read> null
<510,fac0-3,roster0-6,read> null
<511,registrar4-0,transcript0-14,read> null
<512,registrar2-0,transcript4-9,read> null
<513,stu3-14,transcript3-14,read> null
<514,chair2,transcript2-13,read> null
<515,chair1,transcript1-19,read> null
<516,admissions0-1,application4-0,read> null
<517,admissions0-1,stu4-18application4-18,read> null
<518,stu3-10,stu3-10application3-10,checkStatus> null
<519,admissions4-1,stu5-11application5-11,read> null
<520,admissions2-1,stu1-15application1-15,setStatus> null
<521,admissions2-1,stu2-7application2-7,read> null
<522,admissions0-1,stu2-17application2-17,read> null
<523,fac4-4,gradebook4-8,changeScore> null
<524,chair4,transcript4-17,read> null
<525,fac5-1,gradebook5-2,addScore> null
<526,fac5-1,gradebook5-3,addScore> null
<527,admissions0-1,application4-0,setStatus> null
<528,chair1,transcript1-12,read> null
<529,admissions0-0,stu0-11application0-11,read> null
<530,stu5-7,stu5-7application5-7,checkStatus> null
<531,registrar4-0,roster4-7,write> null
<532,registrar4-1,transcript2-13,read> null
<533,fac2-1,gradebook2-3,readScore> null
<534,fac4-0,gradebook4-1,addScore> null
<535,admissions4-1,stu4-14application4-14,read> null
<536,registrar4-1,roster0-6,write> null
<537,chair2,transcript2-19,read> null
<538,admissions2-1,stu1-13application1-13,read> null
<539,admissions4-1,stu5-0application5-0,read> null
<540,registrar0-0,roster5-5,read> null
<541,fac2-4,gradebook2-9,assignGrade> null
<542,chair2,transcript2-15,read> null
<543,registrar2-1,transcript2-15,read> null
<544,registrar4-1,transcript5-6,read> null
<545,stu3-1,gradebook3-1,addScore> null
<546,registrar4-0,transcript4-1,read> null
<547,admissions0-0,stu1-18application1-18,read> null
<548,admissions4-1,stu0-2application0-2,read> null
<549,registrar0-0,transcript2-14,read> null
<550,chair5,transcript5-5,read> null
<551,chair3,transcript3-0,read> null
<552,admissions0-0,stu5-3application5-3,read> null
<553,stu2-18,gradebook2-5,readMyScores> null
<554,admissions0-0,stu2-1application2-1,read> null
<555,admissions0-1,stu3-14application3-14,read> null
<556,admissions2-1,stu4-10application4-10,read> null
<557,admissions4-1,stu4-5application4-5,read> null
<558,admissions2-1,application3-0,setStatus> null
<559,registrar2-1,transcript4-8,read> null
<560,registrar0-0,transcript4-5,read> null
<561,admissions0-1,stu3-15application3-15,setStatus> null
<562,admissions4-0,stu4-16application4-16,read> null
<563,admissions0-0,stu4-13application4-13,setStatus> null
<564,registrar0-0,transcript2-5,read> null
<565,chair0,transcript0-17,read> null
<566,admissions2-0,application0-0,setStatus> null
<567,admissions4-0,stu3-1application3-1,setStatus> null
<568,stu2-18,stu2-18application2-18,checkStatus> null
<569,admissions4-0,stu0-9application0-9,setStatus> null
<570,stu4-12,stu4-12application4-12,checkStatus> null
<571,admissions2-0,stu2-17application2-17,setStatus> null
<572,admissions0-0,stu3-4application3-4,setStatus> null
<573,fac0-2,roster0-4,read> null
<574,admissions0-0,application3-4,read> null
<575,stu0-7,transcript0-7,read> null
<576,admissions4-1,stu4-0application4-0,setStatus> null
<577,registrar2-1,roster1-5,write> null
<578,admissions4-1,stu2-19application2-19,setStatus> null
<579,admissions2-0,stu3-7application3-7,read> null
<580,admissions4-1,stu3-13application3-13,read> null
<581,fac5-0,gradebook5-1,addScore> null
<582,registrar2-0,roster0-4,read> null
<583,fac1-0,gradebook1-1,readScore> null
<584,admissions2-1,stu2-10application2-10,setStatus> null
<585,stu5-3,stu5-3application5-3,checkStatus> null
<586,registrar2-1,transcript2-5,read> null
<587,admissions2-1,stu1-9application1-9,setStatus> null
<588,admissions4-1,stu5-5application5-5,read> null
<589,admissions0-1,stu1-17application1-17,setStatus> null
<590,fac3-2,roster3-5,read> null
<591,stu0-16,transcript0-16,read> null
<592,chair2,transcript2-6,read> null
<593,registrar2-1,transcript2-4,read> null
<594,registrar4-0,transcript0-1,read> null
<595,registrar2-1,transcript2-7,read> null
<596,admissions0-1,stu2-19application2-19,read> null
<597,stu2-11,transcript2-11,read> null
<598,registrar2-0,transcript2-19,read> null
<599,registrar0-1,roster1-5,write> null
<600,registrar4-1,transcript0-9,read> null
<601,stu2-4,gradebook2-6,readMyScores> null
<602,registrar2-0,transcript3-13,read> null
<603,stu1-18,gradebook1-6,readMyScores> null
<604,registrar2-1,transcript2-6,read> null
<605,chair5,transcript5-2,read> null
<606,registrar2-1,transcript2-9,read> null
<607,admissions2-0,application5-3,read> null
<608,registrar2-1,transcript2-8,read> null
<609,stu3-4,gradebook3-7,addScore> null
<610,admissions4-0,stu0-2application0-2,read> null
<611,registrar4-0,transcript0-17,read> null
<612,app1-1,application1-1,checkStatus> null
<613,admissions2-0,stu4-3application4-3,setStatus> null
<614,stu0-18,transcript0-18,read> null
<615,stu0-15,stu0-15application0-15,checkStatus> null
<616,admissions2-0,stu2-10application2-10,setStatus> null
<617,registrar2-1,transcript3-3,read> null
<618,stu2-2,stu2-2application2-2,checkStatus> null
<619,registrar2-1,transcript4-19,read> null
<620,admissions0-0,stu5-10application5-10,read> null
<621,admissions0-1,application5-3,setStatus> null
<622,registrar0-0,roster0-7,read> null
<623,fac3-3,gradebook3-7,changeScore> null
<624,registrar0-1,transcript2-1,read> null
<625,admissions2-0,stu4-8application4-8,read> null
<626,fac4-4,gradebook4-9,addScore> null
<627,registrar4-0,roster5-4,read> null
<628,fac5-3,gradebook5-7,addScore> null
<629,registrar0-0,roster3-4,write> null
<630,admissions4-1,stu4-0application4-0,read> null
<631,registrar2-0,roster1-2,read> null
<632,admissions2-0,stu4-5application4-5,setStatus> null
<633,stu0-11,transcript0-11,read> null
<634,registrar0-0,roster0-2,write> null
<635,admissions0-1,application4-3,read> null
<636,registrar4-1,transcript0-1,read> null
<637,fac2-2,gradebook2-5,assignGrade> null
<638,registrar4-1,transcript2-14,read> null
<639,stu2-7,transcript2-7,read> null
<640,admissions2-0,stu3-14application3-14,setStatus> null
<641,admissions4-1,stu3-8application3-8,read> null
<642,stu1-4,gradebook1-6,addScore> null
<643,admissions4-0,application2-2,read> null
<644,stu2-10,stu2-10application2-10,checkStatus> null
<645,stu3-18,gradebook3-6,readMyScores> null
<646,fac5-3,gradebook5-6,addScore> null
<647,registrar4-1,roster2-6,read> null
<648,registrar2-0,transcript1-5,read> null
<649,stu0-12,stu0-12application0-12,checkStatus> null
<650,stu1-10,gradebook1-8,readScore> null
<651,registrar2-0,transcript2-13,read> null
<652,stu0-14,transcript0-14,read> null
<653,stu2-7,stu2-7application2-7,checkStatus> null
<654,registrar2-1,transcript2-0,read> null
<655,registrar2-1,transcript2-1,read> null
<656,registrar0-1,transcript4-14,read> null
<657,registrar2-1,transcript2-2,read> null
<658,admissions2-0,application3-4,setStatus> null
<659,admissions2-0,stu4-11application4-11,read> null
<660,registrar2-1,transcript2-3,read> null
<661,registrar2-0,transcript2-6,read> null
<662,registrar4-0,transcript2-16,read> null
<663,admissions2-0,application3-3,read> null
<664,registrar4-0,roster0-7,read> null
<665,registrar2-0,transcript2-5,read> null
<666,admissions0-0,stu2-5application2-5,read> null
<667,registrar2-0,transcript2-4,read> null
<668,registrar0-1,transcript0-13,read> null
<669,registrar2-1,transcript1-6,read> null
<670,registrar0-0,transcript3-12,read> null
<671,registrar2-0,transcript2-3,read> null
<672,chair3,transcript3-4,read> null
<673,admissions2-1,stu0-17application0-17,read> null
<674,admissions2-1,application5-3,setStatus> null
<675,registrar4-0,transcript4-10,read> null
<676,fac1-3,gradebook1-7,assignGrade> null
<677,registrar2-0,transcript2-9,read> null
<678,fac2-2,roster2-5,read> null
<679,registrar2-0,transcript2-8,read> null
<680,registrar4-0,transcript1-17,read> null
<681,stu4-4,transcript4-4,read> null
<682,admissions0-1,stu1-12application1-12,setStatus> null
<683,admissions0-0,stu5-17application5-17,read> null
<684,registrar2-0,transcript2-7,read> null
<685,registrar4-0,roster2-2,read> null
<686,stu4-14,transcript4-14,read> null
<687,fac1-4,gradebook1-8,addScore> null
<688,admissions0-1,stu5-2application5-2,setStatus> null
<689,admissions0-1,stu5-12application5-12,read> null
<690,registrar2-0,roster1-9,read> null
<691,fac0-3,gradebook0-6,changeScore> null
<692,admissions0-1,stu0-16application0-16,setStatus> null
<693,admissions0-0,application5-2,setStatus> null
<694,admissions2-1,stu4-3application4-3,read> null
<695,chair3,transcript3-6,read> null
<696,registrar0-1,transcript4-18,read> null
<697,app1-0,application1-0,checkStatus> null
<698,admissions4-0,stu4-13application4-13,read> null
<699,admissions2-0,stu3-18application3-18,setStatus> null
<700,admissions0-1,stu5-10application5-10,read> null
<701,registrar0-1,roster0-4,read> null
<702,fac5-2,gradebook5-5,addScore> null
<703,registrar2-1,transcript1-5,read> null
<704,admissions0-1,stu4-17application4-17,setStatus> null
<705,admissions4-0,stu2-11application2-11,setStatus> null
<706,stu2-5,gradebook2-9,addScore> null
<707,admissions2-1,stu3-14application3-14,setStatus> null
<708,stu3-15,gradebook3-5,readMyScores> null
<709,fac3-3,roster3-7,read> null
<710,stu1-10,stu1-10application1-10,checkStatus> null
<711,admissions0-1,stu5-8application5-8,setStatus> null
<712,registrar2-0,transcript2-1,read> null
<713,registrar0-0,transcript0-13,read> null
<714,stu4-17,stu4-17application4-17,checkStatus> null
<715,registrar2-0,transcript2-2,read> null
<716,admissions0-0,stu4-12application4-12,setStatus> null
<717,admissions2-0,stu1-12application1-12,setStatus> null
<718,admissions2-1,stu1-14application1-14,setStatus> null
<719,admissions0-0,stu0-15application0-15,setStatus> null
<720,registrar2-1,transcript0-14,read> null
<721,registrar2-0,transcript2-0,read> null
<722,fac1-2,gradebook1-5,changeScore> null
<723,registrar4-0,transcript0-5,read> null
<724,admissions0-1,stu0-3application0-3,setStatus> null
<725,registrar0-0,roster5-5,write> null
<726,app1-3,application1-3,checkStatus> null
<727,chair2,transcript2-2,read> null
<728,registrar0-1,transcript3-18,read> null
<729,admissions2-1,stu3-19application3-19,setStatus> null
<730,admissions0-1,stu3-5application3-5,setStatus> null
<731,stu4-8,stu4-8application4-8,checkStatus> null
<732,chair4,transcript4-1,read> null
<733,stu3-6,gradebook3-2,addScore> null
<734,admissions2-1,stu4-4application4-4,read> null
<735,registrar2-0,roster1-2,write> null
<736,registrar4-0,transcript3-17,read> null
<737,admissions4-1,stu1-5application1-5,read> null
<738,registrar2-1,roster2-9,read> null
<739,registrar4-1,transcript2-9,read> null
<740,registrar2-1,transcript5-9,read> null
<741,admissions4-0,stu3-16application3-16,read> null
<742,admissions0-0,application3-0,setStatus> null
<743,registrar2-0,transcript2-17,read> null
<744,admissions4-1,stu4-9application4-9,setStatus> null
<745,chair4,transcript4-14,read> null
<746,registrar0-1,transcript4-13,read> null
<747,fac0-0,roster0-1,read> null
<748,stu0-19,transcript0-19,read> null
<749,registrar0-1,transcript0-15,read> null
<750,fac0-2,gradebook0-4,assignGrade> null
<751,app1-4,application1-4,checkStatus> null
<752,admissions0-0,application3-2,setStatus> null
<753,chair0,transcript0-9,read> null
<754,admissions0-0,application3-1,setStatus> null
<755,admissions0-1,application3-1,setStatus> null
<756,stu3-15,stu3-15application3-15,checkStatus> null
<757,admissions0-0,application3-3,setStatus> null
<758,admissions0-1,stu1-6application1-6,setStatus> null
<759,fac1-4,roster1-9,read> null
<760,admissions4-0,stu2-12application2-12,setStatus> null
<761,admissions0-1,application5-1,setStatus> null
<762,registrar2-1,transcript2-13,read> null
<763,admissions4-0,stu5-7application5-7,read> null
<764,app1-2,application1-2,checkStatus> null
<765,fac4-1,gradebook4-3,changeScore> null
<766,admissions4-1,stu0-0application0-0,read> null
<767,registrar2-0,roster2-5,read> null
<768,fac5-4,gradebook5-8,addScore> null
<769,admissions4-1,application4-1,read> null
<770,registrar2-1,roster1-1,read> null
<771,admissions2-0,application2-0,read> null
<772,admissions0-1,stu4-11application4-11,setStatus> null
<773,admissions2-1,stu4-3application4-3,setStatus> null
<774,admissions0-1,application3-3,setStatus> null
<775,registrar4-0,roster0-3,read> null
<776,stu1-6,stu1-6application1-6,checkStatus> null
<777,admissions0-1,application3-2,setStatus> null
<778,stu2-4,transcript2-4,read> null
<779,registrar2-1,transcript1-3,read> null
<780,stu0-14,stu0-14application0-14,checkStatus> null
<781,admissions4-1,stu3-16application3-16,read> null
<782,registrar4-0,transcript1-12,read> null
<783,admissions0-1,application3-0,setStatus> null
<784,registrar0-1,roster1-2,write> null
<785,admissions2-0,stu5-2application5-2,read> null
<786,registrar4-1,transcript4-17,read> null
<787,registrar2-1,roster1-6,read> null
<788,admissions2-0,stu5-19application5-19,read> null
<789,admissions0-1,application3-4,setStatus> null
<790,registrar2-1,roster0-2,write> null
<791,admissions2-0,stu3-3application3-3,setStatus> null
<792,admissions0-0,stu0-16application0-16,setStatus> null
<793,stu1-15,transcript1-15,read> null
<794,admissions2-0,stu2-15application2-15,read> null
<795,stu0-17,transcript0-17,read> null
<796,registrar0-1,transcript2-14,read> null
<797,admissions4-1,stu4-2application4-2,setStatus> null
<798,admissions4-1,stu3-13application3-13,setStatus> null
<799,stu0-18,stu0-18application0-18,checkStatus> null
<800,admissions2-1,stu2-15application2-15,read> null
<801,chair4,transcript4-19,read> null
<802,stu1-8,stu1-8application1-8,checkStatus> null
<803,registrar4-0,roster1-9,read> null
<804,fac5-3,roster5-6,read> null
<805,registrar4-0,transcript2-0,read> null
<806,registrar2-1,roster1-9,read> null
<807,admissions0-1,stu4-3application4-3,setStatus> null
<808,registrar4-1,transcript4-3,read> null
<809,stu3-1,transcript3-1,read> null
<810,fac2-4,roster2-9,read> null
<811,stu2-3,stu2-3application2-3,checkStatus> null
<812,admissions4-0,stu2-7application2-7,read> null
<813,admissions0-1,stu5-0application5-0,setStatus> null
<814,fac2-2,gradebook2-4,assignGrade> null
<815,registrar0-1,roster3-6,write> null
<816,stu1-13,gradebook1-7,addScore> null
<817,admissions2-1,stu5-15application5-15,read> null
<818,admissions4-0,stu3-0application3-0,read> null
<819,stu5-9,gradebook5-6,readMyScores> null
<820,admissions4-0,stu1-0application1-0,read> null
<821,admissions4-1,stu1-4application1-4,setStatus> null
<822,registrar2-1,transcript2-19,read> null
<823,admissions4-0,stu2-19application2-19,read> null
<824,registrar4-0,transcript1-8,read> null
<825,admissions2-1,stu0-6application0-6,read> null
<826,registrar4-1,roster4-7,write> null
<827,admissions0-1,stu1-16application1-16,read> null
<828,admissions0-0,stu4-13application4-13,read> null
<829,chair2,transcript2-1,read> null
<830,stu0-14,gradebook0-5,readMyScores> null
<831,admissions2-1,stu0-16application0-16,setStatus> null
<832,admissions2-0,stu1-6application1-6,read> null
<833,admissions0-0,stu3-12application3-12,read> null
<834,chair4,transcript4-11,read> null
<835,registrar4-0,transcript1-0,read> null
<836,stu2-1,gradebook2-5,readMyScores> null
<837,stu2-7,gradebook2-4,addScore> null
<838,admissions4-1,stu2-7application2-7,read> null
<839,chair5,transcript5-0,read> null
<840,admissions4-0,stu1-0application1-0,setStatus> null
<841,admissions2-0,stu2-13application2-13,setStatus> null
<842,fac3-1,gradebook3-3,changeScore> null
<843,admissions2-0,stu2-17application2-17,read> null
<844,admissions0-1,stu5-17application5-17,read> null
<845,registrar2-1,transcript4-10,read> null
<846,admissions2-0,stu0-6application0-6,read> null
<847,registrar2-0,transcript3-10,read> null
<848,admissions0-1,stu3-3application3-3,setStatus> null
<849,admissions2-0,stu1-9application1-9,setStatus> null
<850,registrar2-1,roster0-2,read> null
<851,admissions4-1,stu3-0application3-0,read> null
<852,chair2,transcript2-8,read> null
<853,fac5-3,gradebook5-6,changeScore> null
<854,registrar4-1,roster5-9,write> null
<855,fac2-1,roster2-2,read> null
<856,stu1-13,gradebook1-9,readMyScores> null
<857,stu5-15,stu5-15application5-15,checkStatus> null
<858,stu2-0,gradebook2-8,readMyScores> null
<859,registrar4-1,transcript2-16,read> null
<860,fac3-1,gradebook3-2,assignGrade> null
<861,chair0,transcript0-10,read> null
<862,admissions0-0,stu1-2application1-2,setStatus> null
<863,registrar4-1,roster5-8,write> null
<864,registrar0-0,transcript1-1,read> null
<865,registrar4-1,roster5-7,write> null
<866,stu1-0,stu1-0application1-0,checkStatus> null
<867,registrar4-0,transcript5-6,read> null
<868,admissions2-0,stu2-19application2-19,setStatus> null
<869,admissions0-0,stu1-16application1-16,read> null
<870,chair5,transcript5-7,read> null
<871,registrar4-0,transcript1-2,read> null
<872,stu0-16,stu0-16application0-16,checkStatus> null
<873,app4-2,application4-2,checkStatus> null
<874,admissions2-0,application0-1,read> null
<875,stu4-17,transcript4-17,read> null
<876,registrar4-1,roster5-2,write> null
<877,registrar2-1,transcript4-15,read> null
<878,stu3-9,gradebook3-6,readMyScores> null
<879,registrar4-1,roster5-1,write> null
<880,registrar4-1,roster5-6,write> null
<881,fac2-0,gradebook2-1,addScore> null
<882,stu4-4,gradebook4-4,addScore> null
<883,registrar2-0,roster1-6,read> null
<884,registrar4-0,transcript2-10,read> null
<885,registrar0-0,transcript4-0,read> null
<886,registrar4-1,roster5-5,write> null
<887,registrar4-1,roster5-4,write> null
<888,fac2-2,gradebook2-5,changeScore> null
<889,admissions0-1,stu3-12application3-12,read> null
<890,registrar4-1,roster5-3,write> null
<891,stu2-6,gradebook2-9,addScore> null
<892,admissions2-1,stu2-17application2-17,read> null
<893,admissions4-0,stu4-2application4-2,setStatus> null
<894,admissions0-0,stu4-8application4-8,setStatus> null
<895,registrar0-1,roster1-8,read> null
<896,admissions4-0,stu0-11application0-11,read> null
<897,registrar4-0,roster5-2,write> null
<898,admissions2-1,stu1-8application1-8,setStatus> null
<899,registrar4-0,roster5-4,write> null
<900,admissions2-1,stu2-18application2-18,setStatus> null
<901,registrar4-0,roster5-5,write> null
<902,stu2-2,gradebook2-8,readMyScores> null
<903,stu0-6,stu0-6application0-6,checkStatus> null
<904,registrar4-0,roster5-1,write> null
<905,registrar4-0,roster5-6,write> null
<906,admissions0-0,stu2-7application2-7,read> null
<907,registrar4-0,roster5-7,write> null
<908,registrar4-0,roster5-8,write> null
<909,registrar0-0,transcript0-19,read> null
<910,fac2-1,gradebook2-2,readScore> null
<911,admissions0-1,stu3-4application3-4,setStatus> null
<912,registrar0-1,roster5-8,write> null
<913,fac4-1,roster4-3,read> null
<914,registrar0-0,transcript2-13,read> null
<915,registrar4-0,roster5-9,write> null
<916,stu2-1,gradebook2-7,addScore> null
<917,registrar4-0,roster2-3,read> null
<918,registrar4-0,roster1-8,read> null
<919,admissions0-1,stu1-3application1-3,setStatus> null
<920,admissions0-1,stu2-13application2-13,read> null
<921,admissions2-1,stu1-6application1-6,read> null
<922,fac1-0,gradebook1-1,changeScore> null
<923,admissions2-0,stu0-16application0-16,setStatus> null
<924,stu0-10,transcript0-10,read> null
<925,admissions2-0,stu5-19application5-19,setStatus> null
<926,fac1-1,roster1-3,read> null
<927,admissions2-1,stu1-18application1-18,read> null
<928,admissions2-1,application1-2,read> null
<929,stu3-5,stu3-5application3-5,checkStatus> null
<930,registrar4-0,transcript3-19,read> null
<931,admissions4-1,stu0-12application0-12,setStatus> null
<932,admissions0-0,stu2-13application2-13,read> null
<933,chair1,transcript1-6,read> null
<934,admissions4-0,stu3-19application3-19,setStatus> null
<935,admissions2-0,application5-4,setStatus> null
<936,fac1-1,gradebook1-2,addScore> null
<937,stu0-9,stu0-9application0-9,checkStatus> null
<938,stu0-0,stu0-0application0-0,checkStatus> null
<939,admissions4-1,stu5-10application5-10,setStatus> null
<940,admissions2-1,stu5-19application5-19,setStatus> null
<941,admissions4-1,stu4-17application4-17,read> null
<942,admissions4-0,stu0-12application0-12,setStatus> null
<943,admissions2-0,stu5-3application5-3,setStatus> null
<944,fac1-0,gradebook1-1,addScore> null
<945,admissions2-1,stu3-3application3-3,setStatus> null
<946,registrar2-1,transcript5-7,read> null
<947,admissions4-0,stu4-17application4-17,read> null
<948,stu2-15,transcript2-15,read> null
<949,admissions0-1,stu5-11application5-11,setStatus> null
<950,chair5,transcript5-1,read> null
<951,app2-3,application2-3,checkStatus> null
<952,fac4-3,gradebook4-6,changeScore> null
<953,admissions0-1,stu2-1application2-1,setStatus> null
<954,fac2-1,gradebook2-2,assignGrade> null
<955,admissions2-0,stu0-1application0-1,setStatus> null
<956,registrar2-1,roster0-6,read> null
<957,registrar2-1,roster1-8,write> null
<958,stu5-19,stu5-19application5-19,checkStatus> null
<959,admissions4-1,application3-2,setStatus> null
<960,admissions4-0,stu3-18application3-18,read> null
<961,stu5-2,gradebook5-1,readScore> null
<962,admissions2-1,stu3-5application3-5,setStatus> null
<963,registrar0-0,transcript2-19,read> null
<964,registrar4-1,roster3-9,read> null
<965,stu0-7,gradebook0-2,addScore> null
<966,stu2-3,transcript2-3,read> null
<967,registrar0-1,transcript2-13,read> null
<968,registrar2-1,roster2-1,write> null
<969,admissions4-1,stu2-6application2-6,read> null
<970,stu4-8,transcript4-8,read> null
<971,registrar4-0,roster4-2,write> null
<972,chair2,transcript2-17,read> null
<973,registrar2-1,roster2-3,write> null
<974,registrar2-1,roster2-2,write> null
<975,registrar2-1,roster2-5,write> null
<976,admissions4-1,stu3-18application3-18,read> null
<977,admissions2-1,stu0-3application0-3,setStatus> null
<978,registrar2-1,transcript3-17,read> null
<979,registrar2-1,roster1-5,read> null
<980,admissions2-0,stu0-5application0-5,read> null
<981,registrar0-0,roster5-9,write> null
<982,registrar2-1,roster2-4,write> null
<983,registrar0-0,transcript4-3,read> null
<984,chair2,transcript2-12,read> null
<985,admissions0-0,stu3-18application3-18,setStatus> null
<986,admissions0-0,application3-1,read> null
<987,admissions4-1,stu1-9application1-9,read> null
<988,registrar2-1,roster2-7,write> null
<989,registrar2-0,transcript3-16,read> null
<990,registrar2-1,roster2-6,write> null
<991,registrar2-1,roster2-9,write> null
<992,registrar2-1,roster0-7,read> null
<993,registrar2-1,roster2-8,write> null
<994,admissions4-0,application5-2,read> null
<995,stu1-9,transcript1-9,read> null
<996,registrar0-1,roster0-8,write> null
<997,fac1-4,gradebook1-9,readScore> null
<998,fac2-0,gradebook2-1,readScore> null
<999,admissions0-1,application5-0,read> null
<1000,admissions4-0,stu4-4application4-4,read> null
<1001,fac1-2,gradebook1-4,changeScore> null
<1002,chair2,transcript2-4,read> null
<1003,registrar4-0,transcript5-9,read> null
<1004,admissions4-0,stu0-2application0-2,setStatus> null
<1005,stu0-8,gradebook0-7,addScore> null
<1006,admissions2-1,stu4-9application4-9,setStatus> null
<1007,admissions0-0,application4-1,read> null
<1008,admissions0-0,stu4-10application4-10,setStatus> null
<1009,admissions2-1,stu0-18application0-18,read> null
<1010,fac2-3,gradebook2-6,assignGrade> null
<1011,fac4-2,gradebook4-5,assignGrade> null
<1012,stu3-3,stu3-3application3-3,checkStatus> null
<1013,registrar0-1,roster3-6,read> null
<1014,registrar2-0,roster4-2,read> null
<1015,admissions4-1,stu0-2application0-2,setStatus> null
<1016,registrar4-0,roster2-6,write> null
<1017,fac4-2,gradebook4-5,readScore> null
<1018,admissions4-1,stu5-14application5-14,setStatus> null
<1019,admissions2-1,stu0-8application0-8,read> null
<1020,registrar2-0,roster0-9,write> null
<1021,registrar0-1,transcript2-17,read> null
<1022,stu0-9,gradebook0-4,addScore> null
<1023,admissions2-1,stu3-17application3-17,read> null
<1024,admissions0-0,stu5-17application5-17,setStatus> null
<1025,registrar4-1,roster1-1,write> null
<1026,admissions2-1,stu0-1application0-1,setStatus> null
<1027,admissions2-0,stu0-4application0-4,setStatus> null
<1028,admissions4-1,stu0-18application0-18,read> null
<1029,admissions4-1,stu2-16application2-16,setStatus> null
<1030,stu5-4,transcript5-4,read> null
<1031,registrar2-0,transcript4-0,read> null
<1032,admissions0-1,stu5-3application5-3,read> null
<1033,stu3-13,stu3-13application3-13,checkStatus> null
<1034,admissions2-0,stu4-9application4-9,setStatus> null
<1035,admissions4-0,stu5-14application5-14,setStatus> null
<1036,admissions4-1,application2-4,read> null
<1037,registrar2-1,transcript0-12,read> null
<1038,admissions4-1,application2-3,read> null
<1039,admissions2-1,stu0-4application0-4,setStatus> null
<1040,admissions4-0,stu3-15application3-15,setStatus> null
<1041,fac5-4,roster5-9,read> null
<1042,admissions2-0,stu3-17application3-17,read> null
<1043,stu5-9,gradebook5-5,addScore> null
<1044,fac3-3,gradebook3-6,changeScore> null
<1045,registrar0-1,transcript4-12,read> null
<1046,registrar0-1,transcript0-14,read> null
<1047,admissions4-1,stu0-15application0-15,read> null
<1048,admissions4-1,stu1-0application1-0,setStatus> null
<1049,registrar2-0,transcript0-12,read> null
<1050,chair3,transcript3-13,read> null
<1051,registrar2-1,roster4-8,write> null
<1052,chair3,transcript3-14,read> null
<1053,admissions0-1,stu5-11application5-11,read> null
<1054,stu2-1,transcript2-1,read> null
<1055,admissions0-0,stu3-7application3-7,read> null
<1056,admissions0-0,stu4-11application4-11,read> null
<1057,admissions0-1,stu0-14application0-14,setStatus> null
<1058,admissions2-0,stu4-17application4-17,setStatus> null
<1059,stu4-15,transcript4-15,read> null
<1060,admissions2-0,stu1-11application1-11,read> null
<1061,registrar4-0,roster1-3,write> null
<1062,chair2,transcript2-3,read> null
<1063,admissions4-1,application2-1,read> null
<1064,admissions2-0,stu5-2application5-2,setStatus> null
<1065,admissions4-0,application3-1,read> null
<1066,registrar0-0,roster0-6,write> null
<1067,fac4-4,gradebook4-9,assignGrade> null
<1068,admissions4-1,stu1-8application1-8,setStatus> null
<1069,registrar4-1,roster4-4,read> null
<1070,admissions2-1,stu2-12application2-12,setStatus> null
<1071,admissions4-0,stu2-13application2-13,setStatus> null
<1072,admissions4-1,application2-2,read> null
<1073,admissions4-1,application2-0,read> null
<1074,admissions4-0,application2-3,read> null
<1075,admissions4-0,application2-4,read> null
<1076,stu2-9,gradebook2-7,addScore> null
<1077,admissions0-1,stu1-2application1-2,setStatus> null
<1078,admissions0-1,stu5-18application5-18,read> null
<1079,admissions0-1,stu0-10application0-10,read> null
<1080,chair2,transcript2-5,read> null
<1081,admissions2-1,stu2-6application2-6,read> null
<1082,registrar0-0,transcript1-6,read> null
<1083,registrar2-0,transcript4-11,read> null
<1084,registrar2-1,roster3-5,write> null
<1085,registrar2-1,transcript4-17,read> null
<1086,admissions0-0,stu4-1application4-1,read> null
<1087,admissions4-0,stu1-19application1-19,read> null
<1088,stu4-7,gradebook4-7,readScore> null
<1089,registrar0-1,transcript2-16,read> null
<1090,registrar4-1,transcript3-9,read> null
<1091,stu4-5,stu4-5application4-5,checkStatus> null
<1092,chair4,transcript4-13,read> null
<1093,admissions4-0,stu0-15application0-15,read> null
<1094,stu0-10,stu0-10application0-10,checkStatus> null
<1095,registrar4-1,transcript5-4,read> null
<1096,registrar0-0,roster4-1,write> null
<1097,stu5-5,stu5-5application5-5,checkStatus> null
<1098,registrar2-0,roster0-7,read> null
<1099,registrar2-1,roster4-3,read> null
<1100,stu0-3,gradebook0-1,addScore> null
<1101,admissions0-1,stu3-7application3-7,read> null
<1102,registrar4-0,roster0-6,read> null
<1103,admissions2-0,stu2-1application2-1,setStatus> null
<1104,admissions0-0,stu3-6application3-6,setStatus> null
<1105,admissions2-0,stu2-4application2-4,setStatus> null
<1106,admissions0-1,stu4-11application4-11,read> null
<1107,admissions0-0,stu0-13application0-13,setStatus> null
<1108,admissions2-1,stu4-17application4-17,setStatus> null
<1109,admissions4-0,stu0-5application0-5,setStatus> null
<1110,registrar4-0,transcript2-18,read> null
<1111,registrar2-0,transcript0-15,read> null
<1112,admissions4-0,application2-0,read> null
<1113,stu5-6,stu5-6application5-6,checkStatus> null
<1114,admissions4-0,application2-1,read> null
<1115,registrar0-1,roster2-2,read> null
<1116,registrar0-1,roster2-1,read> null
<1117,admissions0-1,stu3-3application3-3,read> null
<1118,registrar0-1,roster2-6,read> null
<1119,admissions4-1,stu4-13application4-13,setStatus> null
<1120,registrar0-1,roster2-5,read> null
<1121,fac3-4,roster3-8,read> null
<1122,stu5-17,stu5-17application5-17,checkStatus> null
<1123,app5-4,application5-4,checkStatus> null
<1124,registrar0-1,roster2-4,read> null
<1125,registrar0-1,roster2-3,read> null
<1126,chair3,transcript3-3,read> null
<1127,fac1-3,gradebook1-7,changeScore> null
<1128,admissions4-0,stu0-10application0-10,setStatus> null
<1129,fac1-3,gradebook1-6,changeScore> null
<1130,registrar2-0,roster2-9,write> null
<1131,registrar4-1,transcript0-13,read> null
<1132,admissions2-1,stu2-1application2-1,setStatus> null
<1133,registrar2-0,roster2-7,write> null
<1134,registrar2-0,roster2-8,write> null
<1135,registrar2-0,transcript4-5,read> null
<1136,admissions0-1,stu0-5application0-5,read> null
<1137,registrar2-0,roster2-5,write> null
<1138,registrar4-0,transcript3-13,read> null
<1139,registrar2-1,transcript0-8,read> null
<1140,registrar2-0,roster2-6,write> null
<1141,admissions0-0,stu4-9application4-9,read> null
<1142,registrar0-0,roster2-9,read> null
<1143,registrar2-0,roster2-3,write> null
<1144,stu2-18,gradebook2-3,addScore> null
<1145,stu0-19,stu0-19application0-19,checkStatus> null
<1146,registrar0-0,roster2-6,read> null
<1147,admissions2-1,stu0-5application0-5,read> null
<1148,admissions2-0,stu2-9application2-9,read> null
<1149,registrar2-0,roster2-4,write> null
<1150,registrar2-1,roster3-4,write> null
<1151,registrar0-0,roster2-7,read> null
<1152,stu5-13,gradebook5-1,readMyScores> null
<1153,admissions0-1,application5-1,read> null
<1154,registrar2-0,roster2-1,write> null
<1155,stu3-9,stu3-9application3-9,checkStatus> null
<1156,registrar4-1,roster0-8,read> null
<1157,admissions0-1,stu5-5application5-5,read> null
<1158,registrar2-0,roster2-2,write> null
<1159,fac4-4,gradebook4-9,readScore> null
<1160,admissions4-1,stu3-15application3-15,setStatus> null
<1161,registrar0-0,roster2-1,read> null
<1162,registrar4-1,transcript5-3,read> null
<1163,registrar0-0,roster2-3,read> null
<1164,registrar4-1,roster0-2,read> null
<1165,registrar0-0,roster2-2,read> null
<1166,registrar0-0,roster2-5,read> null
<1167,admissions0-0,stu2-1application2-1,setStatus> null
<1168,registrar2-0,transcript4-10,read> null
<1169,registrar0-0,roster2-4,read> null
<1170,stu1-0,gradebook1-2,addScore> null
<1171,fac1-4,gradebook1-9,changeScore> null
<1172,registrar2-1,transcript3-15,read> null
<1173,admissions0-1,stu3-13application3-13,read> null
<1174,fac1-4,gradebook1-8,changeScore> null
<1175,admissions2-1,stu2-5application2-5,read> null
<1176,registrar4-1,transcript2-2,read> null
<1177,registrar0-0,transcript2-11,read> null
<1178,stu3-5,transcript3-5,read> null
<1179,admissions2-1,stu5-2application5-2,setStatus> null
<1180,admissions4-0,stu4-13application4-13,setStatus> null
<1181,admissions0-0,stu5-5application5-5,read> null
<1182,admissions2-0,application0-0,read> null
<1183,fac5-4,gradebook5-9,changeScore> null
<1184,registrar4-1,transcript3-10,read> null
<1185,registrar0-1,roster2-3,write> null
<1186,registrar4-0,transcript0-3,read> null
<1187,app0-0,application0-0,checkStatus> null
<1188,admissions2-0,application0-4,setStatus> null
<1189,registrar2-0,roster2-6,read> null
<1190,app0-1,application0-1,checkStatus> null
<1191,fac1-0,gradebook1-1,assignGrade> null
<1192,stu5-9,transcript5-9,read> null
<1193,admissions0-1,stu0-2application0-2,setStatus> null
<1194,admissions0-1,stu5-6application5-6,read> null
<1195,admissions2-1,stu3-18application3-18,setStatus> null
<1196,stu4-16,gradebook4-9,readMyScores> null
<1197,admissions2-0,stu1-1application1-1,setStatus> null
<1198,admissions2-0,stu2-5application2-5,read> null
<1199,registrar4-0,transcript1-1,read> null
<1200,admissions4-1,stu3-17application3-17,read> null
<1201,admissions4-1,stu3-3application3-3,setStatus> null
<1202,admissions2-0,stu1-9application1-9,read> null
<1203,stu0-3,transcript0-3,read> null
<1204,admissions0-1,stu4-4application4-4,read> null
<1205,admissions2-0,stu0-12application0-12,read> null
<1206,stu5-12,stu5-12application5-12,checkStatus> null
<1207,stu5-3,transcript5-3,read> null
<1208,stu2-16,gradebook2-8,readScore> null
<1209,registrar4-0,roster3-5,read> null
<1210,admissions4-0,stu1-5application1-5,read> null
<1211,admissions0-1,stu4-0application4-0,read> null
<1212,registrar2-0,transcript2-10,read> null
<1213,admissions4-1,application4-2,read> null
<1214,registrar4-1,transcript3-14,read> null
<1215,admissions2-1,stu3-14application3-14,read> null
<1216,admissions2-0,stu0-0application0-0,setStatus> null
<1217,stu4-17,gradebook4-5,readMyScores> null
<1218,admissions0-1,stu0-3application0-3,read> null
<1219,admissions2-0,application0-4,read> null
<1220,registrar0-1,transcript5-9,read> null
<1221,admissions2-0,application0-3,setStatus> null
<1222,registrar0-0,roster1-5,read> null
<1223,admissions2-0,application0-2,setStatus> null
<1224,stu1-1,gradebook1-7,addScore> null
<1225,registrar2-1,transcript4-13,read> null
<1226,chair4,transcript4-2,read> null
<1227,admissions2-0,application0-2,read> null
<1228,fac2-1,gradebook2-3,assignGrade> null
<1229,registrar4-0,roster0-6,write> null
<1230,registrar0-1,transcript0-18,read> null
<1231,admissions2-0,application0-1,setStatus> null
<1232,registrar4-0,roster1-6,read> null
<1233,registrar4-0,transcript2-13,read> null
<1234,stu2-6,transcript2-6,read> null
<1235,stu4-17,gradebook4-3,readMyScores> null
<1236,stu2-19,transcript2-19,read> null
<1237,admissions2-0,application0-3,read> null
<1238,stu2-17,transcript2-17,read> null
<1239,admissions2-1,application0-0,read> null
<1240,registrar4-0,transcript2-17,read> null
<1241,admissions2-1,application0-2,read> null
<1242,admissions2-1,application0-1,read> null
<1243,registrar0-0,transcript0-15,read> null
<1244,registrar0-1,roster2-9,read> null
<1245,registrar2-0,transcript3-19,read> null
<1246,admissions0-0,stu5-6application5-6,read> null
<1247,admissions2-1,stu0-10application0-10,read> null
<1248,stu4-15,gradebook4-7,readMyScores> null
<1249,registrar0-1,roster2-8,read> null
<1250,chair0,transcript0-18,read> null
<1251,registrar0-1,roster2-7,read> null
<1252,admissions4-0,stu5-11application5-11,read> null
<1253,admissions4-0,stu3-7application3-7,setStatus> null
<1254,admissions2-0,stu3-14application3-14,read> null
<1255,stu3-8,gradebook3-3,addScore> null
<1256,admissions0-1,application0-0,read> null
<1257,stu4-16,gradebook4-6,readMyScores> null
<1258,admissions2-1,application0-0,setStatus> null
<1259,admissions4-0,stu0-14application0-14,setStatus> null
<1260,admissions0-0,stu1-6application1-6,setStatus> null
<1261,chair2,transcript2-10,read> null
<1262,registrar0-1,transcript5-7,read> null
<1263,chair2,transcript2-7,read> null
<1264,admissions2-1,application0-2,setStatus> null
<1265,admissions2-1,application0-3,read> null
<1266,stu1-2,gradebook1-7,addScore> null
<1267,stu5-8,transcript5-8,read> null
<1268,stu4-16,gradebook4-2,readMyScores> null
<1269,fac1-3,gradebook1-6,assignGrade> null
<1270,admissions2-1,application0-1,setStatus> null
<1271,registrar2-0,roster1-5,read> null
<1272,admissions2-1,application0-4,read> null
<1273,admissions0-0,stu4-1application4-1,setStatus> null
<1274,admissions2-1,application0-4,setStatus> null
<1275,registrar2-0,transcript0-19,read> null
<1276,fac4-4,gradebook4-8,assignGrade> null
<1277,admissions2-1,stu1-16application1-16,read> null
<1278,fac0-1,gradebook0-3,addScore> null
<1279,registrar4-1,roster0-1,write> null
<1280,admissions2-1,application0-3,setStatus> null
<1281,admissions4-1,stu4-14application4-14,setStatus> null
<1282,admissions4-1,stu3-7application3-7,setStatus> null
<1283,app3-3,application3-3,checkStatus> null
<1284,admissions2-1,stu2-11application2-11,read> null
<1285,admissions2-0,stu1-15application1-15,read> null
<1286,registrar4-0,transcript2-2,read> null
<1287,stu4-19,gradebook4-2,readMyScores> null
<1288,admissions4-0,stu0-8application0-8,read> null
<1289,stu4-19,gradebook4-1,readMyScores> null
<1290,registrar2-1,transcript2-17,read> null
<1291,admissions4-0,stu4-12application4-12,setStatus> null
<1292,stu0-0,gradebook0-3,addScore> null
<1293,stu4-19,gradebook4-8,readMyScores> null
<1294,stu4-19,gradebook4-9,readMyScores> null
<1295,fac3-2,gradebook3-5,addScore> null
<1296,registrar0-1,transcript0-11,read> null
<1297,admissions4-1,stu1-15application1-15,read> null
<1298,admissions4-0,stu1-7application1-7,read> null
<1299,stu4-17,gradebook4-9,readMyScores> null
<1300,stu1-17,gradebook1-3,addScore> null
<1301,stu2-2,gradebook2-9,readMyScores> null
<1302,stu2-6,stu2-6application2-6,checkStatus> null
<1303,stu1-17,stu1-17application1-17,checkStatus> null
<1304,admissions0-0,stu0-2application0-2,setStatus> null
<1305,admissions2-1,stu0-12application0-12,read> null
<1306,admissions4-1,stu2-9application2-9,setStatus> null
<1307,admissions4-0,stu3-3application3-3,setStatus> null
<1308,admissions2-0,stu2-11application2-11,read> null
<1309,stu4-18,gradebook4-4,readMyScores> null
<1310,stu0-1,gradebook0-5,addScore> null
<1311,stu4-18,gradebook4-3,readMyScores> null
<1312,admissions2-1,stu2-12application2-12,read> null
<1313,stu4-18,gradebook4-8,readMyScores> null
<1314,admissions0-0,stu3-10application3-10,setStatus> null
<1315,admissions0-1,application0-2,setStatus> null
<1316,admissions0-0,stu4-19application4-19,read> null
<1317,registrar2-1,roster4-4,read> null
<1318,registrar2-1,roster4-5,read> null
<1319,app0-3,application0-3,checkStatus> null
<1320,registrar2-1,roster4-6,read> null
<1321,registrar2-1,roster4-1,read> null
<1322,registrar2-1,roster4-2,read> null
<1323,registrar0-1,roster0-9,write> null
<1324,registrar2-1,roster0-4,read> null
<1325,registrar0-1,roster0-6,write> null
<1326,registrar0-1,roster0-7,write> null
<1327,registrar0-1,roster0-4,write> null
<1328,registrar0-0,transcript4-14,read> null
<1329,stu1-7,gradebook1-1,readMyScores> null
<1330,registrar0-1,roster0-5,write> null
<1331,admissions2-0,stu0-15application0-15,setStatus> null
<1332,stu2-12,stu2-12application2-12,checkStatus> null
<1333,registrar0-1,roster0-2,write> null
<1334,registrar0-1,transcript3-9,read> null
<1335,registrar0-1,transcript4-11,read> null
<1336,registrar0-1,transcript2-11,read> null
<1337,fac2-2,gradebook2-5,readScore> null
<1338,registrar0-1,roster0-3,write> null
<1339,registrar0-0,roster0-5,read> null
<1340,admissions4-1,stu1-7application1-7,read> null
<1341,admissions2-1,stu3-1application3-1,setStatus> null
<1342,registrar4-0,transcript4-14,read> null
<1343,registrar0-1,roster0-1,write> null
<1344,registrar0-1,transcript2-7,read> null
<1345,admissions2-0,stu0-0application0-0,read> null
<1346,admissions0-0,stu3-7application3-7,setStatus> null
<1347,stu0-8,gradebook0-4,readMyScores> null
<1348,registrar2-0,roster4-7,read> null
<1349,registrar2-0,roster4-6,read> null
<1350,registrar2-0,roster4-9,read> null
<1351,registrar2-0,roster4-8,read> null
<1352,registrar2-0,roster4-4,read> null
<1353,stu1-10,gradebook1-8,addScore> null
<1354,registrar2-1,transcript3-16,read> null
<1355,admissions0-0,stu5-16application5-16,read> null
<1356,registrar2-0,roster4-5,read> null
<1357,registrar2-0,roster4-3,read> null
<1358,admissions0-1,stu3-10application3-10,setStatus> null
<1359,admissions0-1,stu4-10application4-10,setStatus> null
<1360,registrar2-0,roster4-1,read> null
<1361,admissions2-0,stu0-18application0-18,read> null
<1362,admissions2-1,stu0-15application0-15,setStatus> null
<1363,admissions4-1,stu1-17application1-17,read> null
<1364,admissions0-1,stu3-7application3-7,setStatus> null
<1365,admissions2-0,stu2-6application2-6,read> null
<1366,admissions2-1,stu1-15application1-15,read> null
<1367,admissions4-1,stu3-1application3-1,setStatus> null
<1368,admissions4-1,application3-0,read> null
<1369,admissions4-1,stu4-13application4-13,read> null
<1370,admissions4-1,stu4-4application4-4,read> null
<1371,admissions0-0,stu3-9application3-9,read> null
<1372,registrar4-0,transcript3-6,read> null
<1373,registrar4-0,transcript4-2,read> null
<1374,admissions0-0,stu5-18application5-18,read> null
<1375,registrar4-0,transcript4-9,read> null
<1376,registrar0-1,roster5-7,write> null
<1377,registrar4-0,transcript4-7,read> null
<1378,registrar2-1,transcript4-1,read> null
<1379,registrar2-0,transcript0-17,read> null
<1380,admissions0-0,application5-4,setStatus> null
<1381,admissions0-0,stu4-15application4-15,setStatus> null
<1382,registrar4-0,transcript1-5,read> null
<1383,registrar4-1,roster0-1,read> null
<1384,registrar4-0,transcript4-6,read> null
<1385,registrar2-0,roster1-7,write> null
<1386,registrar4-0,transcript4-5,read> null
<1387,admissions4-1,stu5-8application5-8,setStatus> null
<1388,registrar4-0,transcript4-4,read> null
<1389,registrar0-0,transcript4-16,read> null
<1390,chair5,transcript5-12,read> null
<1391,registrar4-0,transcript4-3,read> null
<1392,admissions0-0,stu1-3application1-3,setStatus> null
<1393,admissions0-1,stu2-17application2-17,setStatus> null
<1394,admissions0-0,stu1-0application1-0,setStatus> null
<1395,registrar0-0,roster0-8,write> null
<1396,registrar0-0,transcript3-18,read> null
<1397,registrar0-0,roster0-9,write> null
<1398,stu2-9,transcript2-9,read> null
<1399,admissions0-1,stu4-1application4-1,read> null
<1400,admissions0-1,stu3-9application3-9,read> null
<1401,admissions0-0,stu4-4application4-4,read> null
<1402,registrar4-1,transcript4-0,read> null
<1403,registrar0-1,transcript0-5,read> null
<1404,stu3-11,stu3-11application3-11,checkStatus> null
<1405,registrar0-1,transcript0-2,read> null
<1406,registrar4-1,transcript4-1,read> null
<1407,registrar4-1,transcript4-2,read> null
<1408,registrar4-1,transcript0-15,read> null
<1409,registrar0-0,roster0-1,write> null
<1410,admissions4-1,stu2-2application2-2,setStatus> null
<1411,registrar4-0,transcript1-4,read> null
<1412,registrar0-0,roster0-3,write> null
<1413,registrar0-0,transcript4-18,read> null
<1414,registrar0-0,roster0-4,write> null
<1415,registrar0-0,roster0-5,write> null
<1416,stu2-16,stu2-16application2-16,checkStatus> null
<1417,registrar4-1,transcript4-9,read> null
<1418,admissions2-1,stu0-0application0-0,read> null
<1419,registrar4-1,transcript4-5,read> null
<1420,stu4-2,gradebook4-2,readMyScores> null
<1421,registrar4-1,transcript4-4,read> null
<1422,admissions2-0,stu1-0application1-0,read> null
<1423,registrar4-1,transcript4-7,read> null
<1424,admissions0-1,stu4-15application4-15,setStatus> null
<1425,registrar4-1,transcript4-6,read> null
<1426,stu0-3,stu0-3application0-3,checkStatus> null
<1427,admissions0-1,stu2-7application2-7,setStatus> null
<1428,admissions2-1,stu0-0application0-0,setStatus> null
<1429,registrar4-1,transcript0-18,read> null
<1430,fac2-3,gradebook2-6,readScore> null
<1431,registrar4-1,transcript3-13,read> null
<1432,registrar4-1,roster1-6,read> null
<1433,stu4-5,gradebook4-2,addScore> null
<1434,registrar2-0,transcript5-3,read> null
<1435,registrar2-1,roster4-9,read> null
<1436,registrar2-1,roster4-8,read> null
<1437,registrar2-1,roster4-7,read> null
<1438,admissions0-0,stu2-0application2-0,setStatus> null
<1439,admissions0-1,stu1-15application1-15,setStatus> null
<1440,admissions4-0,stu2-16application2-16,read> null
<1441,admissions0-0,stu4-0application4-0,read> null
<1442,registrar0-0,roster4-7,read> null
<1443,registrar2-1,transcript3-7,read> null
<1444,registrar2-1,transcript3-8,read> null
<1445,registrar2-1,transcript3-9,read> null
<1446,stu4-10,gradebook4-1,readMyScores> null
<1447,stu2-0,transcript2-0,read> null
<1448,chair4,transcript4-12,read> null
<1449,admissions0-0,stu0-1application0-1,setStatus> null
<1450,admissions2-0,stu1-1application1-1,read> null
<1451,registrar2-1,transcript3-4,read> null
<1452,registrar2-1,transcript3-5,read> null
<1453,chair3,transcript3-7,read> null
<1454,stu1-7,stu1-7application1-7,checkStatus> null
<1455,registrar0-0,roster3-7,write> null
<1456,registrar2-1,transcript3-6,read> null
<1457,fac3-3,gradebook3-7,readScore> null
<1458,admissions2-0,stu3-11application3-11,setStatus> null
<1459,fac3-3,gradebook3-6,readScore> null
<1460,registrar4-1,roster5-8,read> null
<1461,admissions2-0,stu0-7application0-7,read> null
<1462,registrar4-1,transcript3-11,read> null
<1463,registrar4-1,roster5-9,read> null
<1464,admissions4-0,stu0-12application0-12,read> null
<1465,registrar0-0,transcript0-16,read> null
<1466,registrar4-1,transcript2-6,read> null
<1467,registrar2-1,transcript3-2,read> null
<1468,registrar0-0,roster2-9,write> null
<1469,registrar0-0,roster2-8,write> null
<1470,registrar0-0,roster2-7,write> null
<1471,admissions2-0,stu0-13application0-13,read> null
<1472,registrar0-0,roster2-6,write> null
<1473,registrar0-0,roster2-5,write> null
<1474,admissions2-1,stu2-3application2-3,read> null
<1475,registrar2-1,transcript3-0,read> null
<1476,admissions2-1,stu3-11application3-11,read> null
<1477,stu2-13,transcript2-13,read> null
<1478,registrar0-0,roster2-4,write> null
<1479,registrar4-1,transcript5-2,read> null
<1480,admissions4-1,stu3-1application3-1,read> null
<1481,registrar0-0,roster2-3,write> null
<1482,fac4-2,gradebook4-4,assignGrade> null
<1483,registrar4-0,transcript2-5,read> null
<1484,registrar0-0,roster2-2,write> null
<1485,admissions4-1,stu5-19application5-19,read> null
<1486,registrar0-0,transcript3-16,read> null
<1487,registrar2-1,transcript3-1,read> null
<1488,stu2-5,stu2-5application2-5,checkStatus> null
<1489,registrar0-0,roster2-1,write> null
<1490,registrar0-0,transcript2-10,read> null
<1491,admissions0-1,stu1-10application1-10,read> null
<1492,admissions0-1,application3-3,read> null
<1493,registrar2-0,transcript3-8,read> null
<1494,registrar2-0,transcript0-14,read> null
<1495,stu4-11,gradebook4-2,readMyScores> null
<1496,registrar2-0,transcript3-9,read> null
<1497,admissions2-0,application4-3,setStatus> null
<1498,stu4-11,gradebook4-1,readMyScores> null
<1499,registrar2-0,transcript3-6,read> null
<1500,registrar2-0,transcript3-7,read> null
<1501,registrar2-0,transcript3-4,read> null
<1502,fac3-4,gradebook3-9,readScore> null
<1503,registrar2-0,transcript3-5,read> null
<1504,registrar4-0,transcript4-13,read> null
<1505,fac3-4,gradebook3-8,readScore> null
<1506,registrar2-0,transcript3-2,read> null
<1507,registrar2-0,transcript3-3,read> null
<1508,admissions4-1,stu0-11application0-11,read> null
<1509,registrar0-0,transcript1-8,read> null
<1510,admissions0-0,stu3-14application3-14,read> null
<1511,stu5-11,gradebook5-9,addScore> null
<1512,registrar2-0,transcript3-1,read> null
<1513,registrar2-0,transcript3-0,read> null
<1514,stu4-10,gradebook4-5,readMyScores> null
<1515,stu4-10,gradebook4-2,readMyScores> null
<1516,registrar2-0,roster5-3,read> null
<1517,admissions0-0,application4-3,setStatus> null
<1518,registrar4-0,transcript3-14,read> null
<1519,admissions2-1,stu3-7application3-7,setStatus> null
<1520,fac1-3,gradebook1-6,addScore> null
<1521,admissions2-1,stu3-4application3-4,read> null
<1522,admissions4-0,stu0-19application0-19,read> null
<1523,fac3-1,gradebook3-3,readScore> null
<1524,fac3-1,gradebook3-2,readScore> null
<1525,registrar4-0,roster5-5,read> null
<1526,registrar4-0,roster5-3,read> null
<1527,registrar4-0,transcript5-5,read> null
<1528,registrar4-0,roster5-2,read> null
<1529,admissions0-1,application4-2,setStatus> null
<1530,registrar4-0,roster5-1,read> null
<1531,admissions2-1,stu1-1application1-1,read> null
<1532,admissions4-1,stu0-19application0-19,read> null
<1533,admissions4-1,stu1-13application1-13,read> null
<1534,registrar4-0,roster5-7,read> null
<1535,registrar4-0,roster5-8,read> null
<1536,admissions4-1,stu2-17application2-17,read> null
<1537,fac3-2,gradebook3-5,readScore> null
<1538,registrar4-0,roster5-9,read> null
<1539,fac3-1,roster3-2,read> null
<1540,fac3-2,gradebook3-4,readScore> null
<1541,registrar4-1,roster5-5,read> null
<1542,registrar2-1,roster3-7,read> null
<1543,registrar0-1,roster2-7,write> null
<1544,admissions0-0,application2-0,read> null
<1545,registrar4-1,roster5-4,read> null
<1546,registrar0-1,roster2-6,write> null
<1547,registrar4-1,roster5-7,read> null
<1548,registrar0-1,roster2-9,write> null
<1549,registrar4-1,roster5-6,read> null
<1550,registrar0-1,roster2-8,write> null
<1551,fac2-3,gradebook2-7,assignGrade> null
<1552,registrar2-1,roster5-6,read> null
<1553,registrar4-1,roster5-1,read> null
<1554,stu3-6,transcript3-6,read> null
<1555,registrar4-1,transcript4-14,read> null
<1556,registrar4-1,transcript3-19,read> null
<1557,stu0-17,gradebook0-8,addScore> null
<1558,admissions4-1,stu4-3application4-3,setStatus> null
<1559,registrar0-1,roster5-8,read> null
<1560,registrar4-1,roster5-3,read> null
<1561,registrar4-1,roster5-2,read> null
<1562,stu1-4,gradebook1-7,readMyScores> null
<1563,registrar0-1,roster2-1,write> null
<1564,admissions4-0,stu5-19application5-19,read> null
<1565,registrar0-1,roster2-2,write> null
<1566,admissions4-1,stu5-16application5-16,setStatus> null
<1567,chair0,transcript0-11,read> null
<1568,admissions0-0,stu3-3application3-3,setStatus> null
<1569,registrar0-1,roster2-5,write> null
<1570,registrar2-0,roster3-3,write> null
<1571,registrar0-1,roster2-4,write> null
<1572,registrar0-0,transcript0-12,read> null
<1573,admissions0-0,stu3-19application3-19,setStatus> null
<1574,admissions2-0,stu2-3application2-3,read> null
<1575,admissions4-0,stu4-17application4-17,setStatus> null
<1576,registrar0-0,roster5-3,read> null
<1577,stu1-5,gradebook1-1,readMyScores> null
<1578,admissions2-0,stu4-12application4-12,setStatus> null
<1579,stu5-14,gradebook5-9,addScore> null
<1580,stu5-6,transcript5-6,read> null
<1581,admissions4-1,stu2-4application2-4,setStatus> null
<1582,admissions0-0,stu2-14application2-14,setStatus> null
<1583,stu3-2,stu3-2application3-2,checkStatus> null
<1584,stu2-19,gradebook2-3,readMyScores> null
<1585,admissions0-0,stu0-4application0-4,read> null
<1586,admissions2-0,stu2-10application2-10,read> null
<1587,fac0-4,gradebook0-9,readScore> null
<1588,stu4-15,gradebook4-5,readMyScores> null
<1589,fac0-4,gradebook0-8,readScore> null
<1590,stu4-15,gradebook4-3,readMyScores> null
<1591,admissions0-1,stu0-17application0-17,read> null
<1592,admissions0-1,stu2-6application2-6,setStatus> null
<1593,stu4-15,gradebook4-2,readMyScores> null
<1594,admissions2-0,stu3-4application3-4,read> null
<1595,admissions4-1,stu4-17application4-17,setStatus> null
<1596,stu4-14,gradebook4-6,readMyScores> null
<1597,admissions2-0,stu1-10application1-10,read> null
<1598,stu5-5,gradebook5-7,readScore> null
<1599,stu5-15,gradebook5-9,addScore> null
<1600,admissions4-1,stu3-14application3-14,read> null
<1601,admissions2-1,stu4-5application4-5,setStatus> null
<1602,admissions2-1,stu2-10application2-10,read> null
<1603,admissions4-0,stu2-8application2-8,setStatus> null
<1604,fac1-2,gradebook1-4,readScore> null
<1605,fac1-2,gradebook1-5,readScore> null
<1606,admissions0-0,stu2-6application2-6,setStatus> null
<1607,stu4-11,gradebook4-3,readMyScores> null
<1608,stu4-11,gradebook4-8,readMyScores> null
<1609,registrar2-1,transcript1-4,read> null
<1610,chair1,transcript1-13,read> null
<1611,fac5-2,roster5-5,read> null
<1612,registrar4-0,transcript2-6,read> null
<1613,admissions4-0,stu4-14application4-14,setStatus> null
<1614,fac1-1,gradebook1-2,readScore> null
<1615,admissions0-0,application0-1,setStatus> null
<1616,stu2-2,transcript2-2,read> null
<1617,admissions0-1,stu3-19application3-19,setStatus> null
<1618,stu0-2,transcript0-2,read> null
<1619,registrar2-0,transcript2-15,read> null
<1620,stu4-13,gradebook4-3,readMyScores> null
<1621,stu4-13,gradebook4-1,readMyScores> null
<1622,admissions0-0,stu4-8application4-8,read> null
<1623,stu4-13,gradebook4-2,readMyScores> null
<1624,stu4-12,gradebook4-7,readMyScores> null
<1625,admissions2-1,stu5-19application5-19,read> null
<1626,stu2-9,gradebook2-7,readScore> null
<1627,stu4-12,gradebook4-8,readMyScores> null
<1628,admissions0-1,stu5-2application5-2,read> null
<1629,admissions4-1,stu0-12application0-12,read> null
<1630,admissions0-1,stu2-14application2-14,setStatus> null
<1631,admissions2-0,stu3-8application3-8,setStatus> null
<1632,admissions4-0,stu2-4application2-4,setStatus> null
<1633,admissions4-1,stu5-0application5-0,setStatus> null
<1634,admissions4-0,stu1-2application1-2,read> null
<1635,admissions4-0,stu5-0application5-0,setStatus> null
<1636,admissions0-0,stu3-9application3-9,setStatus> null
<1637,registrar4-0,roster4-1,write> null
<1638,registrar4-0,roster4-4,write> null
<1639,chair1,transcript1-5,read> null
<1640,registrar4-0,roster4-3,write> null
<1641,registrar0-1,transcript4-8,read> null
<1642,registrar0-1,transcript2-19,read> null
<1643,admissions4-1,stu5-15application5-15,setStatus> null
<1644,admissions0-0,stu5-19application5-19,setStatus> null
<1645,registrar4-0,roster4-6,write> null
<1646,registrar4-0,roster4-5,write> null
<1647,registrar4-0,roster4-8,write> null
<1648,registrar4-1,transcript0-16,read> null
<1649,fac3-3,gradebook3-6,addScore> null
<1650,registrar4-0,roster4-9,write> null
<1651,fac3-3,gradebook3-7,addScore> null
<1652,registrar4-1,transcript2-1,read> null
<1653,registrar4-1,transcript2-19,read> null
<1654,admissions4-0,stu0-15application0-15,setStatus> null
<1655,fac4-4,roster4-9,read> null
<1656,fac1-4,gradebook1-8,readScore> null
<1657,admissions0-1,stu3-17application3-17,setStatus> null
<1658,fac0-1,gradebook0-2,readScore> null
<1659,fac0-1,gradebook0-3,readScore> null
<1660,registrar2-0,roster4-6,write> null
<1661,fac3-3,gradebook3-7,assignGrade> null
<1662,registrar2-0,roster4-5,write> null
<1663,registrar2-0,roster4-8,write> null
<1664,stu2-3,gradebook2-8,readMyScores> null
<1665,registrar2-0,roster4-7,write> null
<1666,admissions2-0,stu3-7application3-7,setStatus> null
<1667,admissions4-1,stu1-6application1-6,read> null
<1668,admissions0-1,application2-0,setStatus> null
<1669,registrar2-0,roster4-9,write> null
<1670,admissions0-0,stu0-18application0-18,setStatus> null
<1671,admissions4-1,stu3-12application3-12,read> null
<1672,admissions0-0,stu2-6application2-6,read> null
<1673,admissions0-0,stu2-4application2-4,setStatus> null
<1674,admissions4-0,application5-1,setStatus> null
<1675,admissions2-1,stu0-4application0-4,read> null
<1676,stu0-11,stu0-11application0-11,checkStatus> null
<1677,registrar4-1,roster2-9,write> null
<1678,admissions4-1,stu3-11application3-11,read> null
<1679,admissions0-1,stu3-2application3-2,setStatus> null
<1680,registrar2-0,roster4-2,write> null
<1681,registrar2-0,roster4-1,write> null
<1682,registrar2-0,roster4-4,write> null
<1683,admissions4-0,stu4-19application4-19,setStatus> null
<1684,fac5-1,gradebook5-2,changeScore> null
<1685,fac5-3,gradebook5-7,assignGrade> null
<1686,stu3-19,transcript3-19,read> null
<1687,fac3-2,gradebook3-4,addScore> null
<1688,registrar2-0,roster4-3,write> null
<1689,admissions4-1,stu0-15application0-15,setStatus> null
<1690,stu1-3,gradebook1-1,readMyScores> null
<1691,registrar0-1,transcript0-10,read> null
<1692,fac1-3,gradebook1-7,readScore> null
<1693,fac3-2,gradebook3-5,changeScore> null
<1694,registrar0-0,transcript2-4,read> null
<1695,stu2-8,transcript2-8,read> null
<1696,fac1-3,gradebook1-6,readScore> null
<1697,registrar4-1,roster4-8,read> null
<1698,admissions0-1,stu3-6application3-6,setStatus> null
<1699,fac0-0,gradebook0-1,readScore> null
<1700,fac0-4,gradebook0-9,assignGrade> null
<1701,registrar2-0,transcript5-7,read> null
<1702,admissions4-0,stu1-9application1-9,read> null
<1703,registrar0-1,transcript3-14,read> null
<1704,admissions4-0,stu1-6application1-6,read> null
<1705,admissions0-0,stu3-6application3-6,read> null
<1706,fac3-1,gradebook3-2,addScore> null
<1707,admissions0-0,application4-4,setStatus> null
<1708,admissions0-1,stu5-16application5-16,setStatus> null
<1709,fac3-1,gradebook3-3,addScore> null
<1710,admissions0-0,application4-2,setStatus> null
<1711,admissions0-0,application4-0,setStatus> null
<1712,registrar0-1,transcript2-2,read> null
<1713,admissions0-0,application4-1,setStatus> null
<1714,admissions0-1,stu2-4application2-4,setStatus> null
<1715,admissions2-0,stu0-4application0-4,read> null
<1716,admissions2-0,stu2-7application2-7,setStatus> null
<1717,fac0-3,gradebook0-7,readScore> null
<1718,stu2-18,gradebook2-4,readMyScores> null
<1719,fac0-3,gradebook0-6,readScore> null
<1720,admissions0-0,stu0-10application0-10,setStatus> null
<1721,registrar4-1,roster4-6,write> null
<1722,registrar4-1,roster4-5,write> null
<1723,registrar4-1,roster4-4,write> null
<1724,admissions2-0,stu2-8application2-8,setStatus> null
<1725,registrar4-1,roster4-3,write> null
<1726,registrar4-1,roster4-2,write> null
<1727,stu1-16,gradebook1-6,readScore> null
<1728,registrar4-1,roster4-1,write> null
<1729,admissions4-1,stu1-2application1-2,read> null
<1730,registrar0-0,transcript0-2,read> null
<1731,admissions0-1,application4-3,setStatus> null
<1732,admissions2-0,stu4-3application4-3,read> null
<1733,admissions0-1,stu0-11application0-11,setStatus> null
<1734,admissions4-1,stu5-8application5-8,read> null
<1735,admissions2-0,stu0-19application0-19,setStatus> null
<1736,admissions0-1,application4-4,setStatus> null
<1737,admissions0-1,stu1-1application1-1,setStatus> null
<1738,registrar4-1,roster4-9,write> null
<1739,admissions0-1,application4-1,setStatus> null
<1740,registrar4-1,roster4-8,write> null
<1741,admissions4-0,stu2-4application2-4,read> null
<1742,fac0-2,gradebook0-4,readScore> null
<1743,fac0-2,gradebook0-5,readScore> null
<1744,registrar0-0,roster5-7,read> null
<1745,admissions0-0,stu1-12application1-12,setStatus> null
<1746,admissions4-0,application0-0,setStatus> null
<1747,admissions4-0,application3-2,setStatus> null
<1748,registrar0-0,transcript5-2,read> null
<1749,admissions2-0,stu0-18application0-18,setStatus> null
<1750,admissions4-0,application0-1,setStatus> null
<1751,admissions4-1,stu2-4application2-4,read> null
<1752,admissions4-1,stu3-9application3-9,read> null
<1753,admissions4-1,stu0-5application0-5,read> null
<1754,admissions2-0,stu2-15application2-15,setStatus> null
<1755,admissions4-0,application0-4,setStatus> null
<1756,fac2-4,gradebook2-9,readScore> null
<1757,admissions4-0,application0-2,setStatus> null
<1758,admissions0-1,stu1-12application1-12,read> null
<1759,admissions2-1,stu1-8application1-8,read> null
<1760,fac2-4,gradebook2-8,readScore> null
<1761,admissions4-0,application0-3,setStatus> null
<1762,stu4-10,transcript4-10,read> null
<1763,admissions2-1,stu4-13application4-13,read> null
<1764,admissions4-0,stu1-11application1-11,setStatus> null
<1765,registrar4-0,transcript5-3,read> null
<1766,admissions2-1,stu0-19application0-19,setStatus> null
<1767,admissions2-0,stu1-0application1-0,setStatus> null
<1768,fac3-0,gradebook3-1,readScore> null
<1769,admissions2-0,stu3-5application3-5,setStatus> null
<1770,registrar4-0,roster4-7,read> null
<1771,admissions4-1,application0-0,setStatus> null
<1772,admissions4-1,application0-1,setStatus> null
<1773,admissions4-1,application0-2,setStatus> null
<1774,admissions2-1,stu2-5application2-5,setStatus> null
<1775,registrar4-1,transcript1-14,read> null
<1776,admissions4-1,application0-3,setStatus> null
<1777,registrar2-1,transcript4-3,read> null
<1778,admissions4-1,application0-4,setStatus> null
<1779,registrar0-1,transcript4-1,read> null
<1780,admissions0-0,application5-0,read> null
<1781,admissions4-0,stu0-4application0-4,read> null
<1782,admissions2-0,stu0-10application0-10,read> null
<1783,admissions2-1,stu1-3application1-3,setStatus> null
<1784,registrar4-1,transcript5-9,read> null
<1785,admissions0-0,stu0-17application0-17,read> null
<1786,admissions0-1,stu0-18application0-18,setStatus> null
<1787,stu3-12,stu3-12application3-12,checkStatus> null
<1788,fac2-2,gradebook2-4,readScore> null
<1789,stu3-8,gradebook3-6,readMyScores> null
<1790,admissions2-1,stu1-0application1-0,setStatus> null
<1791,admissions4-1,stu4-15application4-15,read> null
<1792,fac3-4,gradebook3-8,addScore> null
<1793,registrar0-1,transcript1-7,read> null
<1794,admissions0-1,stu0-13application0-13,setStatus> null
<1795,registrar2-1,roster1-4,read> null
<1796,fac3-4,gradebook3-9,addScore> null
<1797,stu1-4,gradebook1-4,readMyScores> null
<1798,fac3-3,roster3-6,read> null
<1799,admissions0-1,stu3-18application3-18,setStatus> null
<1800,app2-2,application2-2,checkStatus> null
<1801,registrar0-1,transcript0-6,read> null
<1802,admissions0-1,stu0-1application0-1,setStatus> null
<1803,admissions2-1,stu3-19application3-19,read> null
<1804,registrar2-0,transcript1-2,read> null
<1805,admissions0-0,stu0-7application0-7,read> null
<1806,fac2-3,gradebook2-7,readScore> null
<1807,admissions4-0,stu4-15application4-15,read> null
<1808,registrar2-0,transcript5-10,read> null
<1809,admissions0-1,stu4-8application4-8,read> null
<1810,admissions4-1,application3-4,read> null
<1811,admissions4-1,application3-2,read> null
<1812,chair1,transcript1-15,read> null
<1813,admissions4-1,application3-3,read> null
<1814,admissions2-0,stu1-18application1-18,setStatus> null
<1815,admissions4-1,stu0-4application0-4,read> null
<1816,admissions0-1,stu4-6application4-6,read> null
<1817,admissions2-1,stu4-2application4-2,setStatus> null
<1818,admissions4-1,application3-1,read> null
<1819,admissions4-0,application3-2,read> null
<1820,admissions4-0,application3-3,read> null
<1821,fac5-2,gradebook5-5,changeScore> null
<1822,admissions4-0,application3-4,read> null
<1823,admissions4-1,stu3-2application3-2,read> null
<1824,admissions0-0,stu4-6application4-6,read> null
<1825,admissions2-0,stu0-2application0-2,setStatus> null
<1826,admissions0-0,stu3-2application3-2,setStatus> null
<1827,stu5-10,stu5-10application5-10,checkStatus> null
<1828,admissions4-0,application3-0,read> null
<1829,admissions4-0,stu0-7application0-7,setStatus> null
<1830,registrar0-1,transcript3-2,read> null
<1831,admissions0-0,stu1-8application1-8,read> null
<1832,registrar4-1,transcript3-6,read> null
<1833,admissions4-1,application4-0,setStatus> null
<1834,admissions4-0,stu3-2application3-2,read> null
<1835,admissions0-0,application5-0,setStatus> null
<1836,admissions4-1,stu1-19application1-19,setStatus> null
<1837,fac1-2,gradebook1-5,addScore> null
<1838,chair5,transcript5-17,read> null
<1839,admissions4-1,stu2-12application2-12,read> null
<1840,chair5,transcript5-18,read> null
<1841,chair5,transcript5-15,read> null
<1842,stu4-9,gradebook4-2,readMyScores> null
<1843,chair5,transcript5-16,read> null
<1844,chair5,transcript5-19,read> null
<1845,chair5,transcript5-10,read> null
<1846,admissions0-0,stu2-18application2-18,read> null
<1847,chair5,transcript5-13,read> null
<1848,registrar4-0,transcript0-13,read> null
<1849,registrar0-1,roster5-7,read> null
<1850,chair5,transcript5-14,read> null
<1851,admissions4-1,stu5-13application5-13,read> null
<1852,admissions4-1,stu5-16application5-16,read> null
<1853,fac1-3,gradebook1-7,addScore> null
<1854,registrar2-1,roster1-8,read> null
<1855,app0-2,application0-2,checkStatus> null
<1856,registrar0-1,transcript0-17,read> null
<1857,admissions4-1,stu3-7application3-7,read> null
<1858,registrar0-1,roster4-2,read> null
<1859,admissions2-1,stu3-18application3-18,read> null
<1860,admissions4-1,stu0-14application0-14,setStatus> null
<1861,admissions0-1,stu0-17application0-17,setStatus> null
<1862,stu5-11,gradebook5-6,readMyScores> null
<1863,stu5-11,gradebook5-7,readMyScores> null
<1864,stu3-6,gradebook3-2,readScore> null
<1865,admissions4-0,stu4-6application4-6,setStatus> null
<1866,stu5-11,gradebook5-1,readMyScores> null
<1867,admissions0-0,stu5-2application5-2,setStatus> null
<1868,stu5-11,gradebook5-3,readMyScores> null
<1869,admissions4-1,stu0-3application0-3,setStatus> null
<1870,admissions2-0,stu3-18application3-18,read> null
<1871,admissions2-0,stu5-15application5-15,read> null
<1872,registrar2-1,roster0-8,write> null
<1873,admissions4-0,stu3-11application3-11,read> null
<1874,admissions4-0,application4-1,setStatus> null
<1875,registrar0-0,roster0-1,read> null
<1876,chair0,transcript0-14,read> null
<1877,stu5-12,gradebook5-8,readMyScores> null
<1878,registrar2-1,roster3-3,write> null
<1879,registrar2-0,roster5-7,read> null
<1880,registrar2-1,transcript1-0,read> null
<1881,stu5-12,gradebook5-9,readMyScores> null
<1882,registrar2-1,roster3-6,write> null
<1883,stu5-12,gradebook5-4,readMyScores> null
<1884,registrar2-0,transcript3-12,read> null
<1885,admissions4-1,stu2-13application2-13,setStatus> null
<1886,registrar2-1,roster3-1,write> null
<1887,stu5-12,gradebook5-3,readMyScores> null
<1888,registrar2-1,roster3-2,write> null
<1889,registrar4-0,roster0-8,read> null
<1890,admissions4-0,stu0-4application0-4,setStatus> null
<1891,fac4-2,gradebook4-5,addScore> null
<1892,admissions4-1,stu0-14application0-14,read> null
<1893,fac4-3,gradebook4-7,addScore> null
<1894,registrar2-1,roster3-8,write> null
<1895,registrar2-1,roster3-9,write> null
<1896,admissions0-1,stu1-8application1-8,read> null
<1897,admissions4-0,stu4-7application4-7,read> null
<1898,admissions0-0,stu3-17application3-17,setStatus> null
<1899,registrar2-0,roster3-4,write> null
<1900,registrar2-0,roster3-5,write> null
<1901,registrar2-0,roster3-2,write> null
<1902,admissions2-1,stu0-13application0-13,read> null
<1903,admissions4-0,stu1-12application1-12,read> null
<1904,registrar2-0,roster3-8,write> null
<1905,registrar2-0,roster3-9,write> null
<1906,admissions2-1,stu5-17application5-17,setStatus> null
<1907,admissions4-1,stu2-14application2-14,setStatus> null
<1908,admissions0-1,stu2-7application2-7,read> null
<1909,registrar2-0,roster3-6,write> null
<1910,registrar2-0,roster3-7,write> null
<1911,admissions4-1,stu0-4application0-4,setStatus> null
<1912,admissions0-0,stu1-5application1-5,setStatus> null
<1913,admissions4-0,application3-3,setStatus> null
<1914,admissions0-0,stu3-19application3-19,read> null
<1915,admissions4-0,stu0-14application0-14,read> null
<1916,registrar4-1,roster2-4,write> null
<1917,admissions0-1,stu5-19application5-19,setStatus> null
<1918,admissions2-0,stu5-16application5-16,setStatus> null
<1919,admissions4-0,stu5-8application5-8,setStatus> null
<1920,registrar2-0,transcript3-15,read> null
<1921,admissions4-0,stu5-18application5-18,setStatus> null
<1922,stu5-8,gradebook5-6,readScore> null
<1923,admissions0-0,stu2-14application2-14,read> null
<1924,admissions0-1,stu0-6application0-6,read> null
<1925,registrar0-0,roster3-3,write> null
<1926,admissions0-1,stu2-15application2-15,setStatus> null
<1927,admissions4-1,stu4-7application4-7,read> null
<1928,stu5-10,gradebook5-2,readMyScores> null
<1929,admissions0-0,stu3-3application3-3,read> null
<1930,stu5-10,gradebook5-7,readMyScores> null
<1931,admissions2-0,stu0-10application0-10,setStatus> null
<1932,admissions2-0,stu1-5application1-5,read> null
<1933,admissions0-0,stu0-3application0-3,read> null
<1934,admissions4-1,stu1-12application1-12,read> null
<1935,admissions0-0,stu0-13application0-13,read> null
<1936,admissions2-1,stu1-10application1-10,setStatus> null
<1937,stu5-10,gradebook5-9,readMyScores> null
<1938,registrar2-1,transcript4-11,read> null
<1939,admissions2-0,stu4-7application4-7,read> null
<1940,admissions4-0,application4-0,setStatus> null
<1941,admissions4-0,stu5-1application5-1,setStatus> null
<1942,admissions0-0,stu5-4application5-4,read> null
<1943,admissions2-0,application1-0,read> null
<1944,admissions2-0,stu5-15application5-15,setStatus> null
<1945,stu5-15,gradebook5-5,readMyScores> null
<1946,stu1-0,gradebook1-2,readScore> null
<1947,registrar0-1,transcript0-12,read> null
<1948,admissions2-0,application1-3,read> null
<1949,admissions0-0,stu0-6application0-6,read> null
<1950,registrar4-0,transcript1-14,read> null
<1951,stu5-5,gradebook5-8,readMyScores> null
<1952,registrar2-1,transcript3-11,read> null
<1953,registrar2-1,roster2-6,read> null
<1954,admissions2-0,application1-4,read> null
<1955,admissions2-0,application1-1,read> null
<1956,admissions2-0,application1-2,read> null
<1957,stu5-16,gradebook5-3,readMyScores> null
<1958,admissions0-1,stu2-14application2-14,read> null
<1959,registrar4-1,roster1-4,read> null
<1960,admissions4-0,stu3-14application3-14,read> null
<1961,admissions2-1,stu4-7application4-7,read> null
<1962,stu5-9,stu5-9application5-9,checkStatus> null
<1963,admissions0-1,stu5-4application5-4,read> null
<1964,registrar0-1,roster1-9,read> null
<1965,stu5-16,gradebook5-7,readMyScores> null
<1966,registrar2-1,roster5-5,write> null
<1967,admissions0-1,application5-2,read> null
<1968,registrar2-1,transcript3-10,read> null
<1969,admissions2-1,application1-1,read> null
<1970,admissions2-1,application1-0,read> null
<1971,admissions2-1,application1-3,read> null
<1972,registrar2-0,transcript0-1,read> null
<1973,admissions2-1,application1-4,read> null
<1974,stu5-17,gradebook5-5,readMyScores> null
<1975,registrar4-0,roster1-3,read> null
<1976,admissions0-0,stu4-16application4-16,setStatus> null
<1977,admissions2-0,stu2-16application2-16,setStatus> null
<1978,admissions2-1,stu0-10application0-10,setStatus> null
<1979,admissions4-0,stu0-8application0-8,setStatus> null
<1980,admissions0-0,stu5-13application5-13,setStatus> null
<1981,admissions4-1,stu1-1application1-1,read> null
<1982,admissions0-0,stu5-8application5-8,read> null
<1983,admissions0-0,stu4-14application4-14,setStatus> null
<1984,stu5-13,gradebook5-6,readMyScores> null
<1985,stu5-13,gradebook5-4,readMyScores> null
<1986,admissions0-1,stu1-16application1-16,setStatus> null
<1987,admissions2-0,stu0-5application0-5,setStatus> null
<1988,registrar0-0,roster1-7,read> null
<1989,chair3,transcript3-9,read> null
<1990,chair3,transcript3-8,read> null
<1991,stu2-13,stu2-13application2-13,checkStatus> null
<1992,registrar0-0,roster1-9,read> null
<1993,registrar0-1,roster1-4,read> null
<1994,admissions2-0,stu2-5application2-5,setStatus> null
<1995,registrar4-1,transcript1-12,read> null
<1996,registrar0-1,roster1-5,read> null
<1997,admissions4-0,stu3-13application3-13,setStatus> null
<1998,admissions2-1,stu2-16application2-16,setStatus> null
<1999,registrar0-1,roster1-6,read> null
<2000,stu4-6,stu4-6application4-6,checkStatus> null
<2001,chair3,transcript3-5,read> null
<2002,registrar0-1,roster1-7,read> null
<2003,registrar0-1,roster1-1,read> null
<2004,registrar2-0,transcript4-12,read> null
<2005,stu1-19,stu1-19application1-19,checkStatus> null
<2006,registrar0-1,roster1-2,read> null
<2007,chair3,transcript3-1,read> null
<2008,registrar2-0,transcript4-1,read> null
<2009,registrar0-1,roster1-3,read> null
<2010,stu5-17,gradebook5-7,addScore> null
<2011,admissions4-0,stu0-3application0-3,setStatus> null
<2012,stu5-14,gradebook5-5,readMyScores> null
<2013,stu5-14,gradebook5-4,readMyScores> null
<2014,admissions2-1,stu5-15application5-15,setStatus> null
<2015,admissions4-1,application5-1,setStatus> null
<2016,admissions0-0,stu1-16application1-16,setStatus> null
<2017,admissions0-1,stu1-1application1-1,read> null
<2018,stu5-14,gradebook5-6,readMyScores> null
<2019,admissions4-1,stu5-1application5-1,setStatus> null
<2020,registrar0-0,roster1-6,read> null
<2021,registrar0-0,roster1-3,read> null
<2022,admissions0-1,stu0-0application0-0,read> null
<2023,registrar0-0,roster1-4,read> null
<2024,stu5-15,gradebook5-1,readMyScores> null
<2025,registrar0-0,roster1-1,read> null
<2026,registrar0-0,roster1-2,read> null
<2027,stu5-15,gradebook5-3,readMyScores> null
<2028,stu5-16,gradebook5-1,addScore> null
<2029,admissions4-1,stu2-12application2-12,setStatus> null
<2030,admissions0-1,stu5-8application5-8,read> null
<2031,registrar2-1,roster3-8,read> null
<2032,registrar2-1,roster5-7,read> null
<2033,registrar2-1,roster3-9,read> null
<2034,registrar0-1,roster1-1,write> null
<2035,registrar2-0,transcript4-3,read> null
<2036,admissions4-1,stu3-15application3-15,read> null
<2037,registrar0-1,roster1-6,write> null
<2038,admissions2-1,stu4-8application4-8,setStatus> null
<2039,registrar0-0,transcript1-2,read> null
<2040,registrar0-1,roster1-4,write> null
<2041,registrar2-1,roster3-1,read> null
<2042,registrar2-1,roster3-2,read> null
<2043,registrar0-1,roster1-7,write> null
<2044,registrar2-1,roster3-3,read> null
<2045,admissions2-1,stu3-6application3-6,setStatus> null
<2046,registrar2-1,roster3-4,read> null
<2047,registrar2-1,roster3-5,read> null
<2048,registrar2-1,roster3-6,read> null
<2049,registrar2-0,roster3-8,read> null
<2050,stu3-0,stu3-0application3-0,checkStatus> null
<2051,stu4-9,gradebook4-3,readMyScores> null
<2052,registrar4-1,transcript1-3,read> null
<2053,registrar2-0,roster3-9,read> null
<2054,stu2-18,gradebook2-1,readMyScores> null
<2055,admissions0-0,stu0-0application0-0,read> null
<2056,admissions0-1,stu0-15application0-15,setStatus> null
<2057,admissions4-0,stu1-19application1-19,setStatus> null
<2058,registrar2-0,roster3-1,read> null
<2059,registrar2-0,roster3-2,read> null
<2060,stu1-14,gradebook1-6,addScore> null
<2061,admissions0-0,stu5-12application5-12,read> null
<2062,admissions0-1,stu4-14application4-14,setStatus> null
<2063,registrar2-0,roster3-5,read> null
<2064,admissions0-1,application2-3,read> null
<2065,registrar2-0,roster3-6,read> null
<2066,admissions0-0,stu3-15application3-15,read> null
<2067,registrar4-0,transcript2-15,read> null
<2068,registrar2-0,roster3-3,read> null
<2069,registrar2-0,transcript5-9,read> null
<2070,registrar2-0,roster3-4,read> null
<2071,registrar0-0,transcript0-11,read> null
<2072,admissions0-0,stu1-19application1-19,read> null
<2073,stu5-17,gradebook5-9,readMyScores> null
<2074,stu5-17,gradebook5-8,readMyScores> null
<2075,registrar4-0,transcript5-0,read> null
<2076,registrar4-0,transcript5-1,read> null
<2077,stu1-1,gradebook1-6,readMyScores> null
<2078,admissions2-1,stu2-0application2-0,read> null
<2079,admissions2-0,stu2-18application2-18,read> null
<2080,admissions0-1,stu1-19application1-19,read> null
<2081,admissions4-1,stu3-8application3-8,setStatus> null
<2082,stu5-18,gradebook5-3,readMyScores> null
<2083,fac4-1,gradebook4-2,assignGrade> null
<2084,registrar4-0,transcript5-4,read> null
<2085,stu5-18,gradebook5-1,readMyScores> null
<2086,stu5-18,gradebook5-6,readMyScores> null
<2087,admissions2-1,application5-1,read> null
<2088,registrar4-0,transcript5-7,read> null
<2089,stu5-18,gradebook5-8,readMyScores> null
<2090,registrar4-1,transcript5-0,read> null
<2091,admissions2-0,stu4-2application4-2,setStatus> null
<2092,admissions2-1,stu4-11application4-11,setStatus> null
<2093,stu0-2,stu0-2application0-2,checkStatus> null
<2094,stu5-19,gradebook5-4,readMyScores> null
<2095,stu5-19,gradebook5-3,readMyScores> null
<2096,registrar4-1,transcript5-7,read> null
<2097,stu5-19,gradebook5-5,readMyScores> null
<2098,stu5-1,gradebook5-5,readMyScores> null
<2099,stu5-1,gradebook5-8,readMyScores> null
<2100,registrar0-0,transcript0-6,read> null
<2101,fac2-4,gradebook2-9,addScore> null
<2102,stu5-1,gradebook5-6,readMyScores> null
<2103,admissions0-1,stu0-12application0-12,read> null
<2104,admissions4-0,stu0-1application0-1,setStatus> null
<2105,admissions0-0,stu0-5application0-5,setStatus> null
<2106,admissions2-0,stu5-0application5-0,read> null
<2107,stu3-14,gradebook3-7,readMyScores> null
<2108,stu3-14,gradebook3-1,readMyScores> null
<2109,registrar0-0,transcript3-14,read> null
<2110,admissions0-1,stu4-12application4-12,setStatus> null
<2111,stu5-0,gradebook5-4,readMyScores> null
<2112,stu5-0,gradebook5-6,readMyScores> null
<2113,registrar0-1,transcript3-19,read> null
<2114,stu5-0,gradebook5-7,readMyScores> null
<2115,registrar0-1,transcript3-16,read> null
<2116,admissions2-1,stu2-6application2-6,setStatus> null
<2117,admissions4-1,stu4-6application4-6,read> null
<2118,stu3-15,gradebook3-3,readMyScores> null
<2119,admissions0-1,stu3-16application3-16,read> null
<2120,admissions0-1,stu1-14application1-14,setStatus> null
<2121,stu3-8,transcript3-8,read> null
<2122,admissions4-0,stu4-10application4-10,setStatus> null
<2123,fac5-2,gradebook5-4,assignGrade> null
<2124,admissions0-0,stu1-9application1-9,read> null
<2125,admissions4-0,stu2-17application2-17,setStatus> null
<2126,registrar0-0,transcript1-5,read> null
<2127,stu3-16,gradebook3-2,readMyScores> null
<2128,stu3-16,gradebook3-5,readMyScores> null
<2129,registrar4-0,roster2-7,read> null
<2130,admissions2-0,stu1-17application1-17,setStatus> null
<2131,registrar4-1,transcript2-8,read> null
<2132,registrar4-1,transcript0-10,read> null
<2133,stu3-16,gradebook3-8,readMyScores> null
<2134,registrar4-1,roster3-1,write> null
<2135,registrar4-1,roster3-2,write> null
<2136,admissions0-0,stu1-14application1-14,setStatus> null
<2137,fac0-4,gradebook0-9,addScore> null
<2138,admissions0-0,stu3-16application3-16,read> null
<2139,registrar0-0,transcript5-5,read> null
<2140,admissions0-0,application0-4,setStatus> null
<2141,registrar4-1,roster3-3,write> null
<2142,registrar4-1,roster3-4,write> null
<2143,registrar4-1,roster3-5,write> null
<2144,admissions2-1,application2-4,setStatus> null
<2145,registrar4-1,roster3-6,write> null
<2146,registrar4-1,roster3-7,write> null
<2147,admissions0-1,stu0-6application0-6,setStatus> null
<2148,registrar4-1,roster3-8,write> null
<2149,registrar2-0,transcript2-11,read> null
<2150,registrar4-1,roster3-9,write> null
<2151,admissions0-1,stu1-9application1-9,read> null
<2152,stu3-17,gradebook3-2,readMyScores> null
<2153,admissions4-1,stu2-17application2-17,setStatus> null
<2154,stu3-17,gradebook3-5,readMyScores> null
<2155,registrar4-0,transcript1-3,read> null
<2156,registrar4-0,transcript2-4,read> null
<2157,admissions0-1,stu4-19application4-19,setStatus> null
<2158,chair0,transcript0-4,read> null
<2159,stu3-17,gradebook3-8,readMyScores> null
<2160,admissions0-0,stu2-3application2-3,setStatus> null
<2161,admissions2-0,stu4-13application4-13,read> null
<2162,stu3-10,gradebook3-2,readMyScores> null
<2163,chair4,transcript4-8,read> null
<2164,registrar4-1,transcript2-11,read> null
<2165,admissions4-1,stu4-10application4-10,setStatus> null
<2166,admissions0-1,stu1-13application1-13,read> null
<2167,registrar0-1,roster3-7,write> null
<2168,stu3-10,gradebook3-7,readMyScores> null
<2169,admissions2-0,stu4-10application4-10,setStatus> null
<2170,stu3-10,gradebook3-6,readMyScores> null
<2171,admissions0-1,stu0-10application0-10,setStatus> null
<2172,admissions0-0,stu2-10application2-10,setStatus> null
<2173,stu3-11,gradebook3-3,readMyScores> null
<2174,stu3-11,gradebook3-4,readMyScores> null
<2175,admissions0-1,stu2-12application2-12,read> null
<2176,admissions2-0,stu1-3application1-3,setStatus> null
<2177,admissions2-1,stu1-17application1-17,setStatus> null
<2178,admissions4-1,stu0-9application0-9,setStatus> null
<2179,registrar2-1,roster5-9,read> null
<2180,admissions2-1,stu5-16application5-16,read> null
<2181,fac5-1,gradebook5-3,changeScore> null
<2182,admissions0-0,application1-1,setStatus> null
<2183,admissions0-0,application1-2,setStatus> null
<2184,admissions0-0,application1-3,setStatus> null
<2185,admissions4-1,stu4-1application4-1,setStatus> null
<2186,admissions0-0,application1-4,setStatus> null
<2187,registrar4-0,roster4-3,read> null
<2188,admissions0-1,stu2-10application2-10,setStatus> null
<2189,registrar4-0,transcript3-10,read> null
<2190,stu3-11,gradebook3-5,readMyScores> null
<2191,registrar4-0,roster4-2,read> null
<2192,admissions2-1,stu4-10application4-10,setStatus> null
<2193,admissions2-1,stu1-1application1-1,setStatus> null
<2194,registrar4-0,roster4-1,read> null
<2195,registrar4-0,roster4-6,read> null
<2196,registrar4-0,roster4-4,read> null
<2197,stu3-12,gradebook3-1,readMyScores> null
<2198,stu0-6,transcript0-6,read> null
<2199,admissions0-0,stu2-12application2-12,read> null
<2200,stu1-7,gradebook1-2,readMyScores> null
<2201,stu3-12,gradebook3-5,readMyScores> null
<2202,registrar2-1,roster1-9,write> null
<2203,admissions4-0,stu4-6application4-6,read> null
<2204,registrar4-1,roster2-2,read> null
<2205,admissions2-0,stu2-6application2-6,setStatus> null
<2206,admissions0-0,application1-0,setStatus> null
<2207,admissions2-1,stu0-13application0-13,setStatus> null
<2208,stu5-2,gradebook5-3,readMyScores> null
<2209,admissions0-1,application1-4,setStatus> null
<2210,admissions0-1,application1-2,setStatus> null
<2211,admissions4-1,stu5-13application5-13,setStatus> null
<2212,admissions2-0,stu5-16application5-16,read> null
<2213,stu0-0,gradebook0-3,readScore> null
<2214,admissions0-1,application1-3,setStatus> null
<2215,stu2-15,stu2-15application2-15,checkStatus> null
<2216,stu3-12,gradebook3-9,readMyScores> null
<2217,registrar4-1,roster4-2,read> null
<2218,registrar4-1,roster4-1,read> null
<2219,stu3-12,gradebook3-7,readMyScores> null
<2220,registrar4-1,roster4-3,read> null
<2221,chair1,transcript1-11,read> null
<2222,registrar0-1,roster5-5,read> null
<2223,registrar4-1,roster4-6,read> null
<2224,admissions4-0,stu2-9application2-9,read> null
<2225,admissions2-0,stu4-19application4-19,setStatus> null
<2226,registrar4-1,roster4-5,read> null
<2227,registrar4-1,roster4-7,read> null
<2228,stu4-19,gradebook4-3,addScore> null
<2229,registrar4-0,roster4-9,read> null
<2230,stu3-13,gradebook3-2,readMyScores> null
<2231,stu3-13,gradebook3-3,readMyScores> null
<2232,admissions4-0,stu2-10application2-10,setStatus> null
<2233,admissions2-0,stu0-3application0-3,setStatus> null
<2234,admissions0-1,application1-1,setStatus> null
<2235,admissions0-1,application1-0,setStatus> null
<2236,admissions4-1,stu0-1application0-1,setStatus> null
<2237,registrar2-0,roster5-5,write> null
<2238,admissions4-0,application5-0,read> null
<2239,stu4-16,gradebook4-5,addScore> null
<2240,registrar2-0,transcript4-19,read> null
<2241,registrar2-0,transcript0-8,read> null
<2242,registrar4-0,roster2-9,write> null
<2243,registrar4-0,transcript2-19,read> null
<2244,registrar2-0,transcript4-18,read> null
<2245,registrar2-0,transcript4-17,read> null
<2246,registrar0-1,roster0-2,read> null
<2247,registrar2-0,transcript4-15,read> null
<2248,registrar2-0,transcript4-14,read> null
<2249,admissions4-0,stu0-6application0-6,read> null
<2250,admissions4-1,stu3-6application3-6,setStatus> null
<2251,admissions0-1,stu0-0application0-0,setStatus> null
<2252,admissions2-0,stu4-0application4-0,read> null
<2253,admissions2-1,stu5-16application5-16,setStatus> null
<2254,stu1-17,gradebook1-3,readScore> null
<2255,admissions0-0,stu4-9application4-9,setStatus> null
<2256,admissions0-1,stu0-8application0-8,setStatus> null
<2257,registrar0-0,roster4-3,read> null
<2258,admissions2-1,stu1-10application1-10,read> null
<2259,admissions4-1,stu4-11application4-11,read> null
<2260,admissions4-0,stu1-1application1-1,read> null
<2261,admissions0-1,stu1-8application1-8,setStatus> null
<2262,registrar2-1,transcript4-14,read> null
<2263,registrar2-1,transcript4-12,read> null
<2264,registrar4-1,transcript2-12,read> null
<2265,stu5-9,gradebook5-8,readMyScores> null
<2266,stu5-9,gradebook5-9,readMyScores> null
<2267,admissions2-1,stu5-3application5-3,read> null
<2268,registrar4-1,transcript2-15,read> null
<2269,registrar2-1,transcript4-18,read> null
<2270,admissions2-1,stu0-11application0-11,setStatus> null
<2271,registrar2-1,transcript2-16,read> null
<2272,admissions2-0,application5-1,setStatus> null
<2273,fac1-4,gradebook1-8,assignGrade> null
<2274,registrar4-1,transcript2-18,read> null
<2275,admissions2-1,stu4-19application4-19,setStatus> null
<2276,admissions2-1,stu1-2application1-2,setStatus> null
<2277,admissions4-0,stu3-5application3-5,setStatus> null
<2278,registrar0-0,transcript4-19,read> null
<2279,stu4-17,gradebook4-1,addScore> null
<2280,admissions2-0,stu5-11application5-11,read> null
<2281,admissions2-0,stu5-18application5-18,read> null
<2282,admissions2-1,stu0-2application0-2,setStatus> null
<2283,admissions0-1,stu4-9application4-9,setStatus> null
<2284,registrar4-0,roster1-4,read> null
<2285,registrar0-1,transcript4-19,read> null
<2286,stu5-8,gradebook5-3,readMyScores> null
<2287,fac4-4,gradebook4-8,addScore> null
<2288,stu5-8,gradebook5-5,readMyScores> null
<2289,registrar0-1,transcript1-0,read> null
<2290,stu1-14,gradebook1-6,readScore> null
<2291,registrar0-1,transcript1-2,read> null
<2292,admissions4-1,stu3-5application3-5,setStatus> null
<2293,registrar0-1,transcript1-8,read> null
<2294,registrar0-1,transcript1-9,read> null
<2295,registrar0-1,transcript1-3,read> null
<2296,stu5-7,gradebook5-8,readMyScores> null
<2297,stu5-16,gradebook5-1,readScore> null
<2298,admissions0-0,stu1-13application1-13,read> null
<2299,admissions0-0,application3-3,read> null
<2300,registrar0-1,transcript1-4,read> null
<2301,registrar0-1,transcript1-5,read> null
<2302,registrar2-0,roster1-4,read> null
<2303,registrar0-1,transcript1-6,read> null
<2304,stu5-7,gradebook5-4,readMyScores> null
<2305,admissions4-0,stu1-16application1-16,read> null
<2306,stu5-7,gradebook5-2,readMyScores> null
<2307,registrar0-1,transcript2-6,read> null
<2308,stu4-15,gradebook4-1,addScore> null
<2309,registrar4-1,transcript3-18,read> null
<2310,registrar0-0,transcript1-0,read> null
<2311,stu1-13,gradebook1-7,readScore> null
<2312,admissions0-0,stu0-0application0-0,setStatus> null
<2313,admissions2-1,stu4-0application4-0,read> null
<2314,registrar0-0,transcript1-7,read> null
<2315,registrar0-0,transcript1-4,read> null
<2316,admissions0-0,stu1-9application1-9,setStatus> null
<2317,admissions4-0,stu5-12application5-12,read> null
<2318,stu5-6,gradebook5-9,readMyScores> null
<2319,registrar0-0,transcript1-3,read> null
<2320,stu5-6,gradebook5-5,readMyScores> null
<2321,admissions2-0,stu5-3application5-3,read> null
<2322,admissions2-0,stu2-19application2-19,read> null
<2323,stu5-6,gradebook5-4,readMyScores> null
<2324,registrar4-0,transcript2-11,read> null
<2325,registrar4-0,transcript2-12,read> null
<2326,registrar2-0,transcript4-13,read> null
<2327,admissions4-1,stu1-16application1-16,read> null
<2328,admissions4-0,stu3-16application3-16,setStatus> null
<2329,stu3-18,gradebook3-9,readMyScores> null
<2330,fac4-3,gradebook4-6,assignGrade> null
<2331,admissions2-0,stu0-16application0-16,read> null
<2332,stu3-18,gradebook3-2,readMyScores> null
<2333,registrar2-1,transcript0-9,read> null
<2334,admissions2-0,application5-2,read> null
<2335,admissions2-0,stu4-14application4-14,setStatus> null
<2336,stu3-18,gradebook3-3,readMyScores> null
<2337,registrar2-1,transcript0-6,read> null
<2338,registrar2-1,transcript0-1,read> null
<2339,registrar2-1,transcript0-0,read> null
<2340,admissions2-1,stu4-17application4-17,read> null
<2341,registrar2-1,transcript0-5,read> null
<2342,stu5-5,gradebook5-3,readMyScores> null
<2343,registrar2-1,roster0-7,write> null
<2344,registrar4-0,roster3-9,write> null
<2345,registrar2-1,transcript0-4,read> null
<2346,registrar2-1,transcript0-3,read> null
<2347,fac3-0,gradebook3-1,changeScore> null
<2348,admissions4-0,stu5-15application5-15,read> null
<2349,registrar4-1,roster2-8,read> null
<2350,registrar2-1,transcript0-2,read> null
<2351,stu5-5,gradebook5-4,readMyScores> null
<2352,registrar4-0,roster3-5,write> null
<2353,stu5-5,gradebook5-6,readMyScores> null
<2354,admissions2-0,application5-1,read> null
<2355,admissions2-1,stu2-8application2-8,read> null
<2356,registrar4-0,roster3-4,write> null
<2357,registrar4-0,roster3-7,write> null
<2358,admissions2-1,stu1-17application1-17,read> null
<2359,admissions2-1,stu4-16application4-16,read> null
<2360,registrar4-0,roster3-1,write> null
<2361,registrar4-0,roster3-3,write> null
<2362,admissions4-1,stu3-16application3-16,setStatus> null
<2363,stu3-19,gradebook3-9,readMyScores> null
<2364,stu3-19,gradebook3-7,readMyScores> null
<2365,admissions4-0,stu1-3application1-3,read> null
<2366,registrar2-0,transcript0-5,read> null
<2367,registrar2-0,transcript0-6,read> null
<2368,registrar2-0,transcript0-7,read> null
<2369,stu3-19,gradebook3-3,readMyScores> null
<2370,registrar2-0,transcript0-9,read> null
<2371,admissions2-1,application3-2,setStatus> null
<2372,stu1-13,transcript1-13,read> null
<2373,stu4-13,gradebook4-7,addScore> null
<2374,registrar2-0,transcript0-0,read> null
<2375,registrar2-0,transcript0-2,read> null
<2376,registrar2-0,transcript0-4,read> null
<2377,registrar2-0,transcript0-3,read> null
<2378,admissions4-0,application5-0,setStatus> null
<2379,stu5-4,gradebook5-8,readMyScores> null
<2380,stu5-4,gradebook5-5,readMyScores> null
<2381,stu5-4,gradebook5-9,readMyScores> null
<2382,admissions0-0,application1-3,read> null
<2383,admissions2-0,stu0-8application0-8,read> null
<2384,admissions0-0,application1-4,read> null
<2385,admissions0-0,application1-1,read> null
<2386,admissions0-0,application1-2,read> null
<2387,admissions0-1,stu4-19application4-19,read> null
<2388,admissions0-0,application1-0,read> null
<2389,admissions4-0,stu5-4application5-4,setStatus> null
<2390,admissions0-1,stu2-11application2-11,read> null
<2391,registrar4-0,roster2-6,read> null
<2392,registrar0-1,transcript0-7,read> null
<2393,admissions4-1,stu4-11application4-11,setStatus> null
<2394,stu5-3,gradebook5-2,readMyScores> null
<2395,stu5-3,gradebook5-5,readMyScores> null
<2396,admissions2-1,stu5-11application5-11,read> null
<2397,stu1-16,gradebook1-6,addScore> null
<2398,admissions0-0,stu2-15application2-15,setStatus> null
<2399,stu5-3,gradebook5-7,readMyScores> null
<2400,registrar4-0,roster1-7,write> null
<2401,stu5-3,gradebook5-6,readMyScores> null
<2402,admissions0-1,application1-4,read> null
<2403,admissions0-1,application1-0,read> null
<2404,admissions0-1,application1-1,read> null
<2405,admissions0-1,application1-2,read> null
<2406,admissions4-1,stu0-6application0-6,read> null
<2407,admissions0-1,application1-3,read> null
<2408,admissions0-0,stu2-11application2-11,read> null
<2409,admissions4-0,stu4-11application4-11,setStatus> null
<2410,admissions2-1,stu0-16application0-16,read> null
<2411,admissions4-1,stu5-15application5-15,read> null
<2412,admissions0-0,stu0-12application0-12,read> null
<2413,admissions0-0,stu1-8application1-8,setStatus> null
<2414,admissions4-0,stu3-12application3-12,read> null
<2415,stu4-11,gradebook4-7,addScore> null
<2416,stu5-2,gradebook5-9,readMyScores> null
<2417,stu5-2,gradebook5-7,readMyScores> null
<2418,admissions2-0,stu1-17application1-17,read> null
<2419,stu5-2,gradebook5-4,readMyScores> null
<2420,admissions4-0,stu5-15application5-15,setStatus> null
<2421,registrar4-1,transcript1-4,read> null
<2422,admissions4-0,stu3-19application3-19,read> null
<2423,admissions2-1,stu4-18application4-18,setStatus> null
<2424,admissions2-1,stu3-3application3-3,read> null
<2425,registrar4-1,transcript1-0,read> null
<2426,registrar4-1,transcript1-1,read> null
<2427,registrar4-1,transcript1-2,read> null
<2428,admissions2-0,application2-4,read> null
<2429,admissions2-1,stu4-5application4-5,read> null
<2430,admissions2-0,application2-1,read> null
<2431,registrar4-1,transcript1-7,read> null
<2432,admissions4-1,stu5-4application5-4,read> null
<2433,admissions0-0,application0-0,read> null
<2434,registrar0-1,roster4-1,write> null
<2435,admissions4-1,stu5-4application5-4,setStatus> null
<2436,registrar4-1,transcript1-9,read> null
<2437,admissions2-1,stu0-19application0-19,read> null
<2438,registrar0-1,roster4-3,write> null
<2439,admissions2-0,application2-2,read> null
<2440,admissions2-1,application2-0,read> null
<2441,admissions2-1,stu5-10application5-10,setStatus> null
<2442,admissions4-1,stu5-5application5-5,setStatus> null
<2443,admissions2-1,application2-4,read> null
<2444,admissions2-1,application2-3,read> null
<2445,admissions4-0,stu1-1application1-1,setStatus> null
<2446,stu1-10,gradebook1-3,readMyScores> null
<2447,registrar4-0,transcript1-7,read> null
<2448,registrar2-1,roster0-8,read> null
<2449,admissions2-1,application2-2,read> null
<2450,registrar2-0,roster5-4,read> null
<2451,registrar4-0,transcript1-6,read> null
<2452,admissions2-0,application4-0,read> null
<2453,admissions2-1,application2-1,read> null
<2454,admissions0-1,stu3-12application3-12,setStatus> null
<2455,stu5-4,gradebook5-2,addScore> null
<2456,admissions2-1,stu5-17application5-17,read> null
<2457,admissions4-0,stu3-17application3-17,read> null
<2458,admissions0-1,stu0-19application0-19,setStatus> null
<2459,stu3-8,gradebook3-9,readMyScores> null
<2460,admissions4-0,stu5-5application5-5,setStatus> null
<2461,stu3-8,gradebook3-5,readMyScores> null
<2462,stu3-8,gradebook3-2,readMyScores> null
<2463,stu2-19,gradebook2-9,readScore> null
<2464,admissions4-0,stu2-13application2-13,read> null
<2465,admissions2-0,stu5-17application5-17,read> null
<2466,admissions0-0,stu0-19application0-19,setStatus> null
<2467,admissions0-0,stu3-14application3-14,setStatus> null
<2468,admissions4-0,stu3-9application3-9,read> null
<2469,stu3-9,gradebook3-9,readMyScores> null
<2470,admissions4-1,stu2-0application2-0,read> null
<2471,admissions2-0,stu3-3application3-3,read> null
<2472,stu3-9,gradebook3-2,readMyScores> null
<2473,admissions2-0,stu4-18application4-18,setStatus> null
<2474,admissions4-1,stu2-13application2-13,read> null
<2475,admissions4-0,stu5-4application5-4,read> null
<2476,admissions2-0,stu2-1application2-1,read> null
<2477,admissions0-1,stu2-8application2-8,setStatus> null
<2478,stu2-18,gradebook2-3,readScore> null
<2479,registrar0-1,roster3-4,write> null
<2480,admissions4-1,application4-0,read> null
<2481,registrar0-0,transcript2-9,read> null
<2482,stu3-6,gradebook3-5,readMyScores> null
<2483,registrar0-0,transcript2-6,read> null
<2484,registrar4-1,transcript5-12,read> null
<2485,registrar4-1,transcript5-13,read> null
<2486,admissions2-1,stu5-10application5-10,read> null
<2487,registrar4-1,transcript5-10,read> null
<2488,stu3-6,gradebook3-8,readMyScores> null
<2489,registrar0-0,transcript2-7,read> null
<2490,registrar4-1,transcript5-11,read> null
<2491,stu3-6,gradebook3-7,readMyScores> null
<2492,registrar0-0,transcript2-2,read> null
<2493,registrar0-0,transcript2-1,read> null
<2494,admissions0-0,stu1-12application1-12,read> null
<2495,registrar4-1,transcript5-17,read> null
<2496,admissions4-1,stu3-3application3-3,read> null
<2497,registrar4-1,transcript5-14,read> null
<2498,registrar0-0,transcript2-3,read> null
<2499,admissions0-0,stu4-3application4-3,read> null
<2500,fac0-0,gradebook0-1,assignGrade> null
<2501,registrar4-1,transcript5-15,read> null
<2502,registrar4-0,transcript5-19,read> null
<2503,registrar4-0,transcript5-18,read> null
<2504,registrar4-0,transcript5-17,read> null
<2505,admissions0-0,stu5-6application5-6,setStatus> null
<2506,admissions4-1,application4-3,read> null
<2507,admissions0-1,stu4-16application4-16,setStatus> null
<2508,admissions2-1,stu3-15application3-15,setStatus> null
<2509,admissions4-1,application4-4,read> null
<2510,admissions4-1,stu4-9application4-9,read> null
<2511,stu3-7,gradebook3-3,readMyScores> null
<2512,admissions4-1,stu1-11application1-11,setStatus> null
<2513,stu3-7,gradebook3-5,readMyScores> null
<2514,registrar0-1,transcript2-9,read> null
<2515,stu3-7,gradebook3-9,readMyScores> null
<2516,registrar4-0,transcript5-10,read> null
<2517,registrar4-0,transcript5-11,read> null
<2518,stu1-7,gradebook1-3,readMyScores> null
<2519,admissions2-0,stu5-10application5-10,read> null
<2520,registrar4-0,transcript5-12,read> null
<2521,registrar0-1,transcript2-5,read> null
<2522,registrar4-0,transcript5-13,read> null
<2523,registrar0-1,transcript2-4,read> null
<2524,registrar4-0,transcript5-14,read> null
<2525,registrar0-1,transcript2-3,read> null
<2526,registrar4-0,transcript5-15,read> null
<2527,stu2-11,gradebook2-5,readMyScores> null
<2528,admissions4-0,application0-2,read> null
<2529,stu5-4,stu5-4application5-4,checkStatus> null
<2530,registrar4-0,transcript5-16,read> null
<2531,registrar0-1,transcript2-0,read> null
<2532,stu2-10,gradebook2-7,readMyScores> null
<2533,admissions4-1,stu3-19application3-19,setStatus> null
<2534,stu2-10,gradebook2-6,readMyScores> null
<2535,stu2-5,gradebook2-8,readMyScores> null
<2536,admissions2-0,stu5-12application5-12,read> null
<2537,admissions2-1,stu1-4application1-4,read> null
<2538,admissions4-0,application4-0,read> null
<2539,admissions4-0,stu4-9application4-9,read> null
<2540,admissions4-0,application4-1,read> null
<2541,registrar0-1,transcript4-0,read> null
<2542,admissions4-0,application4-2,read> null
<2543,registrar2-0,transcript2-14,read> null
<2544,admissions4-0,application4-3,read> null
<2545,admissions4-0,stu0-17application0-17,read> null
<2546,admissions4-0,application4-4,read> null
<2547,chair0,transcript0-7,read> null
<2548,registrar2-0,roster0-8,write> null
<2549,stu3-4,gradebook3-3,readMyScores> null
<2550,registrar2-0,roster0-7,write> null
<2551,registrar2-1,roster2-7,read> null
<2552,registrar2-0,roster0-6,write> null
<2553,registrar4-0,transcript2-3,read> null
<2554,registrar2-0,roster0-5,write> null
<2555,registrar2-0,roster0-4,write> null
<2556,registrar2-0,roster0-3,write> null
<2557,registrar2-0,roster0-2,write> null
<2558,stu0-8,gradebook0-1,readMyScores> null
<2559,registrar2-0,roster0-1,write> null
<2560,admissions2-1,stu5-18application5-18,setStatus> null
<2561,stu3-4,gradebook3-8,readMyScores> null
<2562,registrar2-0,roster1-1,write> null
<2563,admissions2-1,stu4-16application4-16,setStatus> null
<2564,admissions0-1,stu0-8application0-8,read> null
<2565,stu3-4,gradebook3-6,readMyScores> null
<2566,admissions2-1,stu1-0application1-0,read> null
<2567,registrar4-0,transcript2-9,read> null
<2568,registrar4-0,transcript2-7,read> null
<2569,registrar4-0,transcript2-8,read> null
<2570,registrar4-1,transcript2-5,read> null
<2571,admissions4-1,application5-4,read> null
<2572,registrar4-1,transcript2-4,read> null
<2573,registrar4-1,transcript2-3,read> null
<2574,registrar4-1,transcript2-0,read> null
<2575,chair0,transcript0-8,read> null
<2576,stu3-5,gradebook3-1,readMyScores> null
<2577,registrar4-1,roster0-9,read> null
<2578,admissions2-0,stu5-18application5-18,setStatus> null
<2579,stu3-5,gradebook3-6,readMyScores> null
<2580,stu3-5,gradebook3-9,readMyScores> null
<2581,stu3-5,gradebook3-8,readMyScores> null
<2582,registrar4-1,transcript2-7,read> null
<2583,admissions2-0,stu4-5application4-5,read> null
<2584,admissions2-1,stu1-4application1-4,setStatus> null
<2585,admissions0-1,stu3-2application3-2,read> null
<2586,admissions2-0,application2-1,setStatus> null
<2587,stu0-15,gradebook0-7,addScore> null
<2588,admissions0-0,stu5-11application5-11,read> null
<2589,stu2-14,gradebook2-3,readMyScores> null
<2590,registrar4-1,transcript1-16,read> null
<2591,stu3-2,gradebook3-3,readMyScores> null
<2592,admissions0-1,stu5-6application5-6,setStatus> null
<2593,stu2-14,gradebook2-7,readMyScores> null
<2594,admissions2-1,stu5-2application5-2,read> null
<2595,stu3-2,gradebook3-8,readMyScores> null
<2596,admissions2-1,stu2-9application2-9,read> null
<0,admissions2-0,application2-4,setStatus> null
<1,admissions2-0,application2-3,setStatus> null
<2,admissions2-0,application2-2,setStatus> null
<3,admissions0-0,stu2-9application2-9,read> null
<4,stu2-14,gradebook2-1,readMyScores> null
<5,stu3-2,gradebook3-2,readMyScores> null
<6,registrar4-0,transcript3-11,read> null
<7,admissions2-1,stu0-9application0-9,read> null
<8,registrar2-1,roster0-1,write> null
<9,admissions2-1,application2-0,setStatus> null
<10,admissions2-1,application2-1,setStatus> null
<11,admissions2-1,application2-2,setStatus> null
<12,registrar4-1,roster4-9,read> null
<13,admissions4-1,stu0-16application0-16,setStatus> null
<14,admissions2-0,stu4-16application4-16,setStatus> null
<15,stu3-3,gradebook3-4,readMyScores> null
<16,stu3-3,gradebook3-5,readMyScores> null
<17,admissions0-0,stu1-10application1-10,setStatus> null
<18,admissions0-0,stu2-10application2-10,read> null
<19,registrar0-1,roster3-8,write> null
<20,stu3-3,gradebook3-8,readMyScores> null
<21,stu2-15,gradebook2-7,readMyScores> null
<22,stu3-3,gradebook3-9,readMyScores> null
<23,registrar2-1,roster0-4,write> null
<24,registrar2-1,roster0-5,write> null
<25,admissions4-1,stu0-17application0-17,setStatus> null
<26,admissions2-1,application2-3,setStatus> null
<27,stu0-0,transcript0-0,read> null
<28,registrar2-1,roster0-3,write> null
<29,admissions4-0,application2-3,setStatus> null
<30,stu2-15,gradebook2-1,readMyScores> null
<31,admissions2-0,application4-2,read> null
<32,registrar2-1,roster0-9,write> null
<33,admissions0-0,stu4-12application4-12,read> null
<34,registrar2-1,roster0-6,write> null
<35,registrar0-1,roster0-9,read> null
<36,admissions2-1,stu2-9application2-9,setStatus> null
<37,stu2-11,gradebook2-7,readMyScores> null
<38,registrar4-1,roster1-9,read> null
<39,admissions2-0,stu1-4application1-4,read> null
<40,admissions2-0,stu1-10application1-10,setStatus> null
<41,stu1-2,gradebook1-7,readScore> null
<42,admissions0-1,stu2-16application2-16,setStatus> null
<43,stu3-0,gradebook3-5,readMyScores> null
<44,stu2-12,gradebook2-1,readMyScores> null
<45,stu2-12,gradebook2-3,readMyScores> null
<46,stu3-0,gradebook3-3,readMyScores> null
<47,admissions0-1,application5-3,read> null
<48,admissions4-0,stu0-16application0-16,setStatus> null
<49,stu3-0,gradebook3-4,readMyScores> null
<50,registrar0-1,transcript3-0,read> null
<51,admissions4-1,stu1-15application1-15,setStatus> null
<52,chair0,transcript0-1,read> null
<53,chair0,transcript0-3,read> null
<54,admissions0-0,stu3-2application3-2,read> null
<55,admissions2-0,stu3-15application3-15,setStatus> null
<56,stu5-1,stu5-1application5-1,checkStatus> null
<57,stu2-12,gradebook2-7,readScore> null
<58,admissions2-0,stu4-14application4-14,read> null
<59,registrar4-1,transcript5-18,read> null
<60,stu2-12,gradebook2-8,readMyScores> null
<61,registrar4-1,transcript5-19,read> null
<62,stu3-1,gradebook3-8,readMyScores> null
<63,stu2-13,gradebook2-7,readMyScores> null
<64,stu3-1,gradebook3-9,readMyScores> null
<65,stu2-13,gradebook2-3,readMyScores> null
<66,stu3-1,gradebook3-5,readMyScores> null
<67,stu2-13,gradebook2-2,readMyScores> null
<68,stu3-1,gradebook3-2,readMyScores> null
<69,admissions4-1,stu3-4application3-4,setStatus> null
<70,admissions4-1,stu2-11application2-11,setStatus> null
<71,registrar2-0,roster2-8,read> null
<72,admissions2-1,stu1-6application1-6,setStatus> null
<73,admissions4-0,stu2-18application2-18,setStatus> null
<74,stu2-6,gradebook2-4,readMyScores> null
<75,registrar2-1,roster2-5,read> null
<76,admissions4-0,stu3-4application3-4,setStatus> null
<77,stu2-18,gradebook2-8,readMyScores> null
<78,registrar2-1,roster2-8,read> null
<79,registrar2-1,roster2-2,read> null
<80,registrar2-1,roster2-1,read> null
<81,registrar2-1,roster2-4,read> null
<82,registrar2-1,roster2-3,read> null
<83,stu2-19,gradebook2-1,readMyScores> null
<84,stu2-19,gradebook2-6,readMyScores> null
<85,admissions4-0,stu2-14application2-14,read> null
<86,admissions4-0,stu1-15application1-15,setStatus> null
<87,registrar2-0,roster2-7,read> null
<88,registrar2-0,roster2-3,read> null
<89,registrar2-0,roster2-2,read> null
<90,registrar2-0,roster2-1,read> null
<91,admissions2-1,stu3-10application3-10,read> null
<92,fac3-1,gradebook3-3,assignGrade> null
<93,registrar0-1,roster0-1,read> null
<94,registrar0-1,roster0-3,read> null
<95,registrar0-1,roster0-5,read> null
<96,registrar0-1,roster0-6,read> null
<97,registrar0-1,roster0-7,read> null
<98,registrar0-0,roster0-9,read> null
<99,fac4-2,gradebook4-5,changeScore> null
<100,admissions2-1,stu5-6application5-6,read> null
<101,stu2-16,gradebook2-2,readMyScores> null
<102,stu2-16,gradebook2-3,readMyScores> null
<103,stu2-16,gradebook2-9,readMyScores> null
<104,stu2-16,gradebook2-7,readMyScores> null
<105,admissions2-0,stu3-10application3-10,read> null
<106,registrar0-0,roster0-2,read> null
<107,registrar0-0,roster0-3,read> null
<108,admissions4-0,stu3-8application3-8,read> null
<109,admissions2-0,stu1-6application1-6,setStatus> null
<110,registrar2-0,roster5-9,read> null
<111,registrar0-0,roster0-6,read> null
<112,admissions4-0,stu5-10application5-10,read> null
<113,registrar0-0,roster0-4,read> null
<114,fac4-1,gradebook4-3,readScore> null
<115,admissions2-0,stu5-6application5-6,read> null
<116,admissions4-1,stu2-18application2-18,setStatus> null
<117,admissions0-0,stu5-2application5-2,read> null
<118,stu2-17,gradebook2-8,readMyScores> null
<119,registrar2-1,transcript1-1,read> null
<120,admissions4-0,application4-3,setStatus> null
<121,fac0-2,gradebook0-4,changeScore> null
<122,admissions0-0,stu4-0application4-0,setStatus> null
<123,registrar4-0,roster2-3,write> null
<124,admissions0-0,stu0-19application0-19,read> null
<125,registrar4-0,roster2-4,write> null
<126,registrar2-1,roster0-1,read> null
<127,registrar4-0,roster2-1,write> null
<128,registrar4-0,roster2-2,write> null
<129,app2-1,application2-1,checkStatus> null
<130,admissions2-1,stu5-8application5-8,setStatus> null
<131,registrar4-0,roster2-8,write> null
<132,registrar4-0,roster2-5,write> null
<133,registrar2-1,transcript1-9,read> null
<134,admissions0-1,application3-0,read> null
<135,registrar2-1,transcript1-7,read> null
<136,registrar2-0,transcript1-0,read> null
<137,registrar2-0,transcript1-1,read> null
<138,admissions2-0,stu5-0application5-0,setStatus> null
<139,admissions0-0,stu2-17application2-17,setStatus> null
<140,admissions4-0,stu3-11application3-11,setStatus> null
<141,admissions0-1,stu3-5application3-5,read> null
<142,admissions0-1,stu0-13application0-13,read> null
<143,fac2-0,gradebook2-1,assignGrade> null
<144,stu1-8,gradebook1-2,readMyScores> null
<145,admissions2-0,stu5-8application5-8,setStatus> null
<146,admissions4-0,stu2-5application2-5,setStatus> null
<147,admissions2-0,stu5-11application5-11,setStatus> null
<148,stu5-6,gradebook5-7,readScore> null
<149,registrar2-0,transcript1-9,read> null
<150,registrar2-0,transcript1-7,read> null
<151,registrar4-1,roster0-6,read> null
<152,registrar2-0,transcript1-6,read> null
<153,registrar2-0,transcript1-4,read> null
<154,admissions4-1,stu2-3application2-3,setStatus> null
<155,admissions0-0,application2-4,setStatus> null
<156,stu5-9,gradebook5-5,readScore> null
<157,registrar2-1,transcript2-12,read> null
<158,admissions0-0,application2-1,setStatus> null
<159,admissions0-0,application2-0,setStatus> null
<160,registrar4-0,transcript0-10,read> null
<161,stu1-0,gradebook1-8,readMyScores> null
<162,admissions0-0,application2-3,setStatus> null
<163,stu4-5,gradebook4-2,readScore> null
<164,registrar4-0,transcript0-11,read> null
<165,admissions4-1,stu3-11application3-11,setStatus> null
<166,admissions0-0,stu5-0application5-0,setStatus> null
<167,admissions2-1,stu5-0application5-0,setStatus> null
<168,admissions4-0,stu2-10application2-10,read> null
<169,admissions4-1,stu5-7application5-7,read> null
<170,admissions2-1,stu5-11application5-11,setStatus> null
<171,admissions4-1,stu4-7application4-7,setStatus> null
<172,admissions0-1,stu4-0application4-0,setStatus> null
<173,stu2-16,gradebook2-8,addScore> null
<174,admissions0-1,application2-4,setStatus> null
<175,admissions0-1,application2-3,setStatus> null
<176,admissions0-1,application2-2,setStatus> null
<177,app0-4,application0-4,checkStatus> null
<178,admissions0-1,application2-1,setStatus> null
<179,registrar4-1,roster2-6,write> null
<180,stu4-7,gradebook4-9,readMyScores> null
<181,registrar4-1,roster2-7,write> null
<182,admissions0-0,application5-1,read> null
<183,admissions4-1,stu4-5application4-5,setStatus> null
<184,registrar4-1,roster2-8,write> null
<185,registrar4-1,roster2-2,write> null
<186,registrar4-1,roster2-3,write> null
<187,registrar4-1,roster2-5,write> null
<188,registrar4-1,roster2-1,write> null
<189,admissions4-1,stu5-11application5-11,setStatus> null
<190,admissions4-0,stu2-9application2-9,setStatus> null
<191,admissions4-0,stu4-5application4-5,setStatus> null
<192,admissions0-1,stu4-13application4-13,read> null
<193,admissions4-0,stu5-11application5-11,setStatus> null
<194,admissions4-1,stu2-0application2-0,setStatus> null
<195,admissions4-0,stu2-3application2-3,setStatus> null
<196,admissions2-0,stu0-11application0-11,setStatus> null
<197,admissions0-1,application3-1,read> null
<198,registrar0-0,transcript3-11,read> null
<199,admissions0-1,stu2-3application2-3,read> null
<200,admissions2-1,stu0-9application0-9,setStatus> null
<201,registrar0-1,transcript2-12,read> null
<202,admissions4-1,stu2-5application2-5,read> null
<203,admissions4-0,stu2-0application2-0,setStatus> null
<204,admissions0-1,stu1-18application1-18,read> null
<205,registrar4-1,transcript3-5,read> null
<206,admissions0-1,stu4-2application4-2,read> null
<207,admissions2-0,stu0-9application0-9,setStatus> null
<208,admissions2-0,stu0-11application0-11,read> null
<209,admissions0-0,stu2-3application2-3,read> null
<210,stu1-1,gradebook1-7,readScore> null
<211,admissions2-0,stu1-7application1-7,setStatus> null
<212,admissions2-0,stu3-6application3-6,setStatus> null
<213,admissions2-0,stu1-4application1-4,setStatus> null
<214,admissions4-1,stu2-1application2-1,read> null
<215,admissions4-1,stu5-3application5-3,setStatus> null
<216,admissions2-1,stu1-16application1-16,setStatus> null
<217,admissions2-1,stu2-13application2-13,setStatus> null
<218,stu3-4,transcript3-4,read> null
<219,admissions2-1,stu3-12application3-12,read> null
<220,admissions2-1,stu3-8application3-8,setStatus> null
<221,admissions2-1,stu1-7application1-7,setStatus> null
<222,admissions0-0,stu4-2application4-2,read> null
<223,admissions2-1,stu5-1application5-1,read> null
<224,admissions2-0,stu1-16application1-16,setStatus> null
<225,admissions2-1,stu3-1application3-1,read> null
<226,admissions2-1,stu1-7application1-7,read> null
<227,admissions2-1,stu4-11application4-11,read> null
<228,admissions0-0,application0-3,read> null
<229,admissions0-0,application0-1,read> null
<230,registrar0-1,transcript0-1,read> null
<231,registrar0-1,transcript0-0,read> null
<232,registrar0-1,transcript0-3,read> null
<233,admissions2-1,stu3-2application3-2,read> null
<234,admissions0-0,application0-4,read> null
<235,admissions2-0,stu5-1application5-1,read> null
<236,registrar0-1,transcript0-4,read> null
<237,registrar0-1,transcript0-8,read> null
<238,admissions2-0,stu1-7application1-7,read> null
<239,registrar0-1,transcript0-9,read> null
<240,admissions2-0,stu4-6application4-6,read> null
<241,admissions0-1,stu3-17application3-17,read> null
<242,admissions0-1,application0-2,read> null
<243,admissions0-1,application0-1,read> null
<244,registrar2-1,roster1-3,read> null
<245,admissions2-1,stu5-4application5-4,setStatus> null
<246,admissions0-1,application0-4,read> null
<247,admissions2-0,stu2-3application2-3,setStatus> null
<248,admissions0-1,application0-3,read> null
<249,registrar0-0,transcript0-1,read> null
<250,registrar0-0,transcript0-0,read> null
<251,admissions4-0,stu2-1application2-1,read> null
<252,stu3-2,transcript3-2,read> null
<253,admissions2-0,stu1-16application1-16,read> null
<254,admissions4-0,stu5-3application5-3,setStatus> null
<255,registrar4-0,roster2-4,read> null
<256,admissions2-1,stu0-1application0-1,read> null
<257,registrar0-0,transcript0-5,read> null
<258,registrar0-0,transcript0-3,read> null
<259,registrar0-0,transcript0-9,read> null
<260,admissions0-1,stu1-4application1-4,setStatus> null
<261,registrar0-0,transcript0-7,read> null
<262,registrar4-0,transcript3-12,read> null
<263,admissions2-1,stu4-6application4-6,read> null
<264,registrar0-0,transcript0-8,read> null
<265,registrar0-1,transcript4-17,read> null
<266,registrar2-1,transcript2-18,read> null
<267,registrar0-1,transcript4-15,read> null
<268,stu5-3,gradebook5-8,readScore> null
<269,admissions2-1,stu2-4application2-4,read> null
<270,registrar2-1,transcript2-14,read> null
<271,registrar4-1,transcript0-14,read> null
<272,admissions2-0,stu0-1application0-1,read> null
<273,admissions4-0,stu4-7application4-7,setStatus> null
<274,registrar2-0,transcript2-16,read> null
<275,admissions4-0,application5-4,setStatus> null
<276,registrar4-0,transcript0-16,read> null
<277,registrar0-0,transcript4-17,read> null
<278,registrar2-0,transcript2-18,read> null
<279,registrar0-0,transcript4-12,read> null
<280,registrar2-0,transcript2-12,read> null
<281,registrar4-0,transcript0-12,read> null
<282,stu4-9,gradebook4-8,addScore> null
<283,registrar0-0,transcript4-13,read> null
<284,registrar4-0,transcript0-15,read> null
<285,registrar0-1,transcript4-10,read> null
<286,chair1,transcript1-18,read> null
<287,registrar2-1,transcript2-10,read> null
<288,admissions4-1,stu0-10application0-10,setStatus> null
<289,registrar4-1,transcript0-12,read> null
<290,registrar2-1,transcript2-11,read> null
<291,registrar4-1,roster2-7,read> null
<292,registrar4-1,roster1-9,write> null
<293,admissions4-1,stu2-5application2-5,setStatus> null
<294,admissions2-0,stu2-4application2-4,read> null
<295,admissions2-0,stu2-8application2-8,read> null
<296,admissions0-0,stu3-13application3-13,setStatus> null
<297,stu5-4,gradebook5-2,readScore> null
<298,registrar4-1,transcript0-0,read> null
<299,admissions4-0,stu2-8application2-8,read> null
<300,registrar0-0,transcript5-9,read> null
<301,registrar4-1,transcript0-2,read> null
<302,registrar4-1,transcript0-3,read> null
<303,registrar4-1,transcript0-4,read> null
<304,registrar4-1,transcript0-5,read> null
<305,registrar4-1,transcript0-6,read> null
<306,registrar4-1,transcript0-7,read> null
<307,stu1-2,gradebook1-6,readMyScores> null
<308,admissions2-0,stu1-12application1-12,read> null
<309,stu1-2,gradebook1-2,readMyScores> null
<310,admissions0-1,stu5-19application5-19,read> null
<311,admissions2-0,application3-0,read> null
<312,registrar0-1,roster4-7,read> null
<313,admissions4-0,stu0-1application0-1,read> null
<314,registrar4-1,transcript0-8,read> null
<315,admissions2-0,application3-2,read> null
<316,admissions0-1,stu2-10application2-10,read> null
<317,admissions0-1,stu5-14application5-14,read> null
<318,admissions2-0,application3-1,read> null
<319,admissions4-0,stu2-18application2-18,read> null
<320,admissions2-0,application3-4,read> null
<321,registrar4-1,roster3-6,read> null
<322,admissions4-1,stu1-19application1-19,read> null
<323,admissions0-1,stu0-9application0-9,read> null
<324,registrar4-0,transcript0-2,read> null
<325,registrar2-0,roster0-6,read> null
<326,registrar4-0,transcript0-0,read> null
<327,stu1-3,gradebook1-9,readMyScores> null
<328,fac3-3,gradebook3-6,assignGrade> null
<329,admissions0-1,stu5-15application5-15,setStatus> null
<330,registrar0-0,transcript4-4,read> null
<331,chair1,transcript1-16,read> null
<332,admissions4-0,application2-0,setStatus> null
<333,registrar4-1,roster2-1,read> null
<334,chair5,transcript5-8,read> null
<335,registrar4-0,transcript0-6,read> null
<336,registrar4-0,transcript0-4,read> null
<337,admissions0-1,stu0-4application0-4,setStatus> null
<338,stu1-3,gradebook1-2,readMyScores> null
<339,admissions2-0,stu1-19application1-19,setStatus> null
<340,admissions2-1,stu1-12application1-12,read> null
<341,admissions2-1,stu0-8application0-8,setStatus> null
<342,admissions0-0,stu5-14application5-14,read> null
<343,admissions2-1,application3-3,read> null
<344,stu3-1,gradebook3-1,readScore> null
<345,admissions2-1,application3-2,read> null
<346,registrar4-0,transcript0-9,read> null
<347,registrar0-0,transcript3-0,read> null
<348,admissions2-1,application3-1,read> null
<349,admissions2-1,application3-0,read> null
<350,registrar4-0,transcript0-7,read> null
<351,admissions0-0,stu0-9application0-9,read> null
<352,admissions2-0,stu1-8application1-8,read> null
<353,admissions2-1,application3-4,read> null
<354,stu1-4,gradebook1-9,readMyScores> null
<355,admissions2-1,stu1-19application1-19,setStatus> null
<356,admissions2-1,stu2-19application2-19,read> null
<357,admissions2-0,stu0-15application0-15,read> null
<358,stu3-2,gradebook3-7,readScore> null
<359,admissions2-1,stu0-14application0-14,read> null
<360,admissions0-1,stu4-3application4-3,read> null
<361,admissions4-1,stu4-18application4-18,setStatus> null
<362,admissions0-0,stu5-19application5-19,read> null
<363,stu1-5,gradebook1-5,readMyScores> null
<364,stu1-5,gradebook1-3,readMyScores> null
<365,admissions2-1,stu0-15application0-15,read> null
<366,admissions4-0,stu4-18application4-18,setStatus> null
<367,stu3-4,gradebook3-7,readScore> null
<368,stu4-7,transcript4-7,read> null
<369,admissions4-1,stu4-16application4-16,read> null
<370,registrar2-1,roster5-1,write> null
<371,admissions0-1,stu0-7application0-7,setStatus> null
<372,admissions2-0,stu3-2application3-2,read> null
<373,registrar2-1,roster1-6,write> null
<374,registrar2-1,roster1-7,write> null
<375,registrar2-1,roster1-2,write> null
<376,admissions0-0,stu3-8application3-8,setStatus> null
<377,registrar2-1,roster1-1,write> null
<378,registrar2-1,roster1-3,write> null
<379,admissions4-1,stu4-4application4-4,setStatus> null
<380,admissions2-0,stu0-14application0-14,read> null
<381,admissions0-1,stu5-10application5-10,setStatus> null
<382,registrar2-0,roster1-9,write> null
<383,registrar2-0,roster1-8,write> null
<384,admissions0-0,stu2-8application2-8,read> null
<385,admissions0-1,stu3-15application3-15,read> null
<386,registrar4-1,roster1-8,read> null
<387,registrar2-0,roster1-3,write> null
<388,stu1-0,gradebook1-1,readMyScores> null
<389,admissions2-0,stu1-11application1-11,setStatus> null
<390,stu1-0,gradebook1-4,readMyScores> null
<391,registrar4-0,transcript3-1,read> null
<392,admissions4-1,stu0-19application0-19,setStatus> null
<393,registrar4-0,transcript3-0,read> null
<394,registrar4-0,transcript3-3,read> null
<395,registrar2-0,roster1-5,write> null
<396,registrar4-0,transcript3-2,read> null
<397,registrar0-1,roster5-9,read> null
<398,registrar2-0,roster1-4,write> null
<399,registrar2-0,transcript5-2,read> null
<400,registrar4-0,transcript3-4,read> null
<401,stu1-0,gradebook1-9,readMyScores> null
<402,stu1-17,gradebook1-7,readMyScores> null
<403,registrar4-0,transcript3-5,read> null
<404,registrar4-0,transcript3-8,read> null
<405,registrar4-0,transcript3-9,read> null
<406,admissions4-0,stu4-4application4-4,setStatus> null
<407,registrar0-0,transcript4-9,read> null
<408,admissions2-0,stu0-8application0-8,setStatus> null
<409,admissions4-0,stu3-10application3-10,read> null
<410,registrar4-1,transcript3-0,read> null
<411,stu1-1,gradebook1-5,readMyScores> null
<412,admissions0-1,stu5-1application5-1,read> null
<413,registrar4-1,transcript3-4,read> null
<414,registrar4-1,transcript3-3,read> null
<415,stu1-1,gradebook1-8,readMyScores> null
<416,registrar4-1,transcript3-2,read> null
<417,registrar2-0,transcript5-5,read> null
<418,registrar4-1,transcript3-1,read> null
<419,admissions4-0,stu0-19application0-19,setStatus> null
<420,registrar4-1,transcript3-7,read> null
<421,registrar4-1,transcript3-8,read> null
<422,admissions4-1,stu3-10application3-10,read> null
<423,admissions0-0,stu4-15application4-15,read> null
<424,admissions2-0,application1-1,setStatus> null
<425,admissions2-0,application1-2,setStatus> null
<426,admissions2-0,stu1-5application1-5,setStatus> null
<427,admissions0-0,stu2-17application2-17,read> null
<428,admissions2-0,application1-0,setStatus> null
<429,admissions4-1,application5-1,read> null
<430,admissions4-1,application5-3,read> null
<431,admissions4-1,application5-2,read> null
<0,admissions2-0,stu4-1application4-1,setStatus> null
<1,admissions0-1,stu1-17application1-17,read> null
<2,admissions2-0,application1-4,setStatus> null
<3,registrar2-0,transcript1-19,read> null
<4,admissions2-0,application1-3,setStatus> null
<5,admissions0-1,stu4-15application4-15,read> null
<6,admissions0-1,stu2-12application2-12,setStatus> null
<7,admissions2-1,application1-0,setStatus> null
<8,registrar4-1,transcript4-19,read> null
<9,stu4-8,gradebook4-7,readMyScores> null
<10,admissions4-1,stu1-10application1-10,setStatus> null
<11,admissions2-1,application1-1,setStatus> null
<12,admissions0-1,stu1-5application1-5,setStatus> null
<13,admissions2-1,application1-2,setStatus> null
<14,stu2-7,gradebook2-1,readMyScores> null
<15,admissions2-1,application1-3,setStatus> null
<16,admissions4-0,application5-3,read> null
<17,admissions4-0,application5-1,read> null
<18,admissions2-0,stu1-3application1-3,read> null
<19,admissions2-1,application1-4,setStatus> null
<20,registrar4-0,roster3-9,read> null
<21,admissions0-0,stu4-19application4-19,setStatus> null
<22,admissions2-1,stu1-3application1-3,read> null
<23,admissions0-1,stu3-11application3-11,read> null
<24,registrar4-1,roster3-1,read> null
<25,registrar4-1,roster3-4,read> null
<26,registrar4-1,roster3-5,read> null
<27,admissions0-1,stu1-9application1-9,setStatus> null
<28,registrar4-1,roster3-2,read> null
<29,registrar4-1,roster3-3,read> null
<30,registrar4-1,roster3-8,read> null
<31,stu0-1,stu0-1application0-1,checkStatus> null
<32,registrar4-1,roster3-7,read> null
<33,admissions2-1,stu4-1application4-1,setStatus> null
<34,registrar0-0,transcript3-10,read> null
<35,registrar4-0,roster3-1,read> null
<36,registrar4-0,roster3-2,read> null
<37,registrar0-1,transcript3-10,read> null
<38,registrar4-0,roster3-3,read> null
<39,admissions0-0,stu2-9application2-9,setStatus> null
<40,admissions2-1,stu4-1application4-1,read> null
<41,registrar4-0,roster3-4,read> null
<42,registrar4-0,roster3-6,read> null
<43,registrar4-0,roster3-8,read> null
<44,admissions2-0,stu3-11application3-11,read> null
<45,admissions4-0,stu5-7application5-7,setStatus> null
<46,admissions4-1,stu1-14application1-14,read> null
<47,stu1-6,gradebook1-6,readMyScores> null
<48,registrar2-1,roster1-2,read> null
<49,stu1-6,gradebook1-3,readMyScores> null
<50,fac5-4,gradebook5-9,assignGrade> null
<51,registrar2-1,roster1-7,read> null
<52,admissions0-0,stu4-17application4-17,setStatus> null
<53,admissions2-0,stu4-1application4-1,read> null
<54,admissions0-1,stu4-13application4-13,setStatus> null
<55,admissions4-0,stu1-4application1-4,read> null
<56,admissions2-0,stu0-17application0-17,read> null
<57,admissions4-0,stu3-9application3-9,setStatus> null
<58,admissions0-1,stu1-0application1-0,setStatus> null
<59,admissions0-1,stu2-16application2-16,read> null
<60,admissions4-1,stu5-7application5-7,setStatus> null
<61,admissions4-0,stu1-14application1-14,read> null
<62,registrar0-1,transcript5-4,read> null
<63,registrar2-0,roster1-3,read> null
<64,admissions2-0,application5-0,read> null
<65,stu1-7,gradebook1-6,readMyScores> null
<66,registrar2-0,roster1-8,read> null
<67,admissions4-1,stu1-12application1-12,setStatus> null
<68,admissions4-1,stu1-8application1-8,read> null
<69,registrar2-0,roster1-7,read> null
<70,admissions4-1,stu5-12application5-12,read> null
<71,fac5-0,gradebook5-1,assignGrade> null
<72,admissions4-1,stu3-9application3-9,setStatus> null
<73,admissions0-0,stu2-12application2-12,setStatus> null
<74,stu1-8,gradebook1-3,readMyScores> null
<75,admissions4-0,stu1-8application1-8,read> null
<76,stu1-8,gradebook1-8,readMyScores> null
<77,registrar4-1,transcript4-11,read> null
<78,admissions0-0,stu1-0application1-0,read> null
<79,stu1-8,gradebook1-6,readMyScores> null
<80,admissions2-1,stu4-14application4-14,setStatus> null
<81,registrar4-0,transcript3-16,read> null
<82,admissions4-1,stu1-1application1-1,setStatus> null
<83,admissions2-0,stu1-14application1-14,setStatus> null
<84,registrar0-1,roster3-1,write> null
<85,stu1-9,gradebook1-5,readMyScores> null
<86,fac3-4,gradebook3-8,changeScore> null
<87,registrar4-0,transcript3-18,read> null
<88,stu1-9,gradebook1-7,readMyScores> null
<89,stu1-9,gradebook1-8,readMyScores> null
<90,admissions0-0,stu1-17application1-17,read> null
<91,admissions4-1,stu1-4application1-4,read> null
<92,stu1-19,gradebook1-9,readMyScores> null
<93,registrar0-0,roster5-2,read> null
<94,admissions2-1,stu3-5application3-5,read> null
<95,stu1-19,gradebook1-4,readMyScores> null
<96,stu1-19,gradebook1-6,readMyScores> null
<97,admissions2-0,stu5-13application5-13,setStatus> null
<98,admissions2-0,stu1-14application1-14,read> null
<99,admissions0-0,stu4-16application4-16,read> null
<100,stu1-18,gradebook1-8,readMyScores> null
<101,registrar0-0,roster5-1,write> null
<102,registrar4-1,roster0-9,write> null
<103,stu1-18,gradebook1-2,readMyScores> null
<104,registrar0-0,roster5-2,write> null
<105,stu1-18,gradebook1-3,readMyScores> null
<106,admissions4-0,stu0-3application0-3,read> null
<107,registrar0-0,roster5-4,write> null
<108,stu0-17,gradebook0-8,readScore> null
<109,registrar0-0,roster5-6,write> null
<110,registrar0-0,roster5-7,write> null
<111,registrar0-0,roster5-8,write> null
<112,admissions2-1,stu1-14application1-14,read> null
<113,stu0-18,gradebook0-5,readScore> null
<114,admissions0-1,stu4-14application4-14,read> null
<115,registrar4-1,roster1-4,write> null
<116,admissions2-0,stu5-8application5-8,read> null
<117,registrar2-0,roster5-1,read> null
<118,registrar2-0,roster5-2,read> null
<119,admissions2-1,stu2-2application2-2,setStatus> null
<120,admissions0-0,stu1-7application1-7,read> null
<121,admissions4-1,stu0-3application0-3,read> null
<122,admissions0-0,stu4-5application4-5,read> null
<123,admissions0-0,stu4-14application4-14,read> null
<124,admissions2-1,stu5-8application5-8,read> null
<125,admissions2-0,stu3-5application3-5,read> null
<126,admissions0-1,stu0-2application0-2,read> null
<127,registrar2-1,roster5-2,read> null
<128,stu0-15,gradebook0-7,readScore> null
<129,registrar2-1,roster5-3,read> null
<130,registrar2-1,roster5-4,read> null
<131,stu2-11,stu2-11application2-11,checkStatus> null
<132,registrar2-1,roster5-5,read> null
<133,admissions0-1,stu1-3application1-3,read> null
<134,registrar2-1,roster5-1,read> null
<135,admissions0-1,stu5-0application5-0,read> null
<136,stu0-16,gradebook0-1,readScore> null
<137,registrar4-1,transcript3-15,read> null
<138,registrar2-0,roster5-6,read> null
<139,registrar2-0,roster5-5,read> null
<140,registrar4-0,roster2-5,read> null
<141,stu1-15,gradebook1-1,readMyScores> null
<142,stu0-5,transcript0-5,read> null
<143,stu0-14,gradebook0-6,readScore> null
<144,stu1-15,gradebook1-3,readMyScores> null
<145,admissions0-1,stu3-6application3-6,read> null
<146,registrar4-0,roster2-1,read> null
<147,admissions0-1,stu1-10application1-10,setStatus> null
<148,registrar0-1,roster3-4,read> null
<149,stu1-15,gradebook1-8,readMyScores> null
<150,admissions4-1,stu3-10application3-10,setStatus> null
<151,admissions4-1,stu4-19application4-19,setStatus> null
<152,admissions4-1,stu3-4application3-4,read> null
<153,registrar4-0,roster0-4,write> null
<154,admissions0-0,application4-4,read> null
<155,admissions0-0,application4-2,read> null
<156,admissions0-0,application4-3,read> null
<157,admissions0-0,application4-0,read> null
<158,admissions2-0,stu2-2application2-2,setStatus> null
<159,admissions0-0,stu3-13application3-13,read> null
<160,registrar4-1,roster2-9,read> null
<161,admissions4-0,stu4-1application4-1,read> null
<162,registrar4-1,roster2-4,read> null
<163,registrar4-1,roster2-3,read> null
<164,stu1-14,gradebook1-2,readMyScores> null
<165,registrar2-1,roster4-1,write> null
<166,registrar4-1,roster2-5,read> null
<167,admissions4-0,stu3-10application3-10,setStatus> null
<168,stu1-14,gradebook1-8,readMyScores> null
<169,admissions0-0,stu5-16application5-16,setStatus> null
<170,admissions0-1,application4-1,read> null
<171,admissions4-1,stu0-17application0-17,read> null
<172,admissions0-1,application4-2,read> null
<173,admissions0-1,application4-4,read> null
<174,stu1-17,gradebook1-5,readMyScores> null
<175,fac5-0,gradebook5-1,changeScore> null
<176,admissions4-1,stu4-1application4-1,read> null
<177,registrar2-0,transcript5-4,read> null
<178,stu0-12,gradebook0-8,readScore> null
<179,stu1-17,gradebook1-8,readMyScores> null
<180,admissions0-1,stu0-11application0-11,read> null
<181,stu1-16,gradebook1-5,readMyScores> null
<182,stu1-16,gradebook1-3,readMyScores> null
<183,admissions2-1,stu5-13application5-13,setStatus> null
<184,stu1-16,gradebook1-9,readMyScores> null
<185,registrar4-0,transcript4-18,read> null
<186,stu0-11,gradebook0-4,readMyScores> null
<187,stu1-16,gradebook1-8,readMyScores> null
<188,admissions4-0,stu3-4application3-4,read> null
<189,admissions4-1,stu0-7application0-7,setStatus> null
<190,admissions2-0,stu5-14application5-14,read> null
<191,admissions2-1,stu5-14application5-14,setStatus> null
<192,admissions4-1,application3-3,setStatus> null
<193,admissions4-1,application3-0,setStatus> null
<194,stu5-8,gradebook5-6,addScore> null
<195,admissions4-1,application3-1,setStatus> null
<196,admissions4-1,stu5-12application5-12,setStatus> null
<197,admissions2-0,application4-4,setStatus> null
<198,admissions2-0,application4-1,setStatus> null
<199,admissions2-0,application4-0,setStatus> null
<200,admissions4-1,application3-4,setStatus> null
<201,admissions2-0,application4-2,setStatus> null
<202,admissions4-0,stu0-6application0-6,setStatus> null
<203,admissions2-0,stu1-2application1-2,read> null
<204,admissions2-1,stu5-14application5-14,read> null
<205,admissions4-0,stu5-12application5-12,setStatus> null
<206,admissions2-1,application4-0,setStatus> null
<207,admissions4-0,application3-0,setStatus> null
<208,admissions4-1,stu5-2application5-2,setStatus> null
<209,admissions0-1,stu2-18application2-18,read> null
<210,admissions2-0,stu5-14application5-14,setStatus> null
<211,admissions4-0,application3-1,setStatus> null
<212,admissions2-0,stu4-4application4-4,setStatus> null
<213,admissions4-0,application3-4,setStatus> null
<214,admissions2-1,application4-4,setStatus> null
<215,admissions2-1,application4-3,setStatus> null
<216,admissions2-1,application4-2,setStatus> null
<217,admissions2-1,application4-1,setStatus> null
<218,admissions4-1,stu1-5application1-5,setStatus> null
<219,stu5-6,gradebook5-7,addScore> null
<220,admissions4-0,stu4-19application4-19,read> null
<221,stu5-5,gradebook5-7,addScore> null
<222,registrar4-1,roster0-5,write> null
<223,admissions4-1,stu2-14application2-14,read> null
<224,admissions4-1,stu4-19application4-19,read> null
<225,admissions4-1,stu0-6application0-6,setStatus> null
<226,admissions4-1,stu0-8application0-8,setStatus> null
<227,registrar2-1,roster5-8,read> null
<228,admissions4-1,stu2-6application2-6,setStatus> null
<229,admissions0-0,stu1-15application1-15,setStatus> null
<230,registrar2-1,roster0-5,read> null
<231,registrar2-1,roster0-9,read> null
<232,fac0-1,gradebook0-2,changeScore> null
<233,registrar2-0,roster0-3,read> null
<234,registrar2-0,roster0-2,read> null
<235,admissions0-1,stu1-7application1-7,read> null
<236,admissions0-1,stu3-13application3-13,setStatus> null
<237,registrar2-0,roster0-1,read> null
<238,admissions2-0,stu5-4application5-4,read> null
<239,admissions4-0,stu1-14application1-14,setStatus> null
<240,admissions2-1,stu4-4application4-4,setStatus> null
<241,registrar0-1,roster5-9,write> null
<242,registrar0-1,roster5-4,write> null
<243,registrar0-1,roster5-3,write> null
<244,registrar0-1,roster5-6,write> null
<245,registrar0-1,roster5-5,write> null
<246,registrar0-1,roster5-2,write> null
<247,admissions4-0,stu4-3application4-3,setStatus> null
<248,registrar0-1,roster5-1,write> null
<249,admissions0-1,stu4-16application4-16,read> null
<250,admissions4-0,stu2-6application2-6,setStatus> null
<251,admissions2-1,stu1-2application1-2,read> null
<252,admissions2-1,stu5-7application5-7,read> null
<253,registrar4-0,transcript1-11,read> null
<254,admissions2-1,stu3-2application3-2,setStatus> null
<255,admissions2-1,stu5-12application5-12,read> null
<256,admissions2-0,stu1-15application1-15,setStatus> null
<257,admissions0-0,stu3-5application3-5,read> null
<258,admissions2-1,stu5-4application5-4,read> null
<259,admissions0-0,stu2-4application2-4,read> null
<260,admissions0-1,stu3-18application3-18,read> null
<261,admissions2-1,stu0-7application0-7,setStatus> null
<262,admissions4-0,stu1-2application1-2,setStatus> null
<263,admissions0-1,stu2-5application2-5,read> null
<264,admissions2-0,stu3-1application3-1,read> null
<265,admissions4-0,stu5-10application5-10,setStatus> null
<266,registrar4-0,roster0-5,write> null
<267,admissions0-0,stu3-18application3-18,read> null
<268,admissions4-1,stu4-12application4-12,read> null
<269,admissions2-1,stu5-5application5-5,setStatus> null
<270,admissions4-0,stu5-6application5-6,read> null
<271,admissions2-1,stu4-14application4-14,read> null
<272,admissions2-0,stu3-2application3-2,setStatus> null
<273,admissions4-1,stu5-6application5-6,read> null
<274,fac0-4,gradebook0-9,changeScore> null
<275,admissions2-1,stu0-18application0-18,setStatus> null
<276,admissions4-0,stu3-12application3-12,setStatus> null
<277,stu5-3,gradebook5-8,addScore> null
<278,admissions4-0,stu4-16application4-16,setStatus> null
<279,admissions2-0,stu3-19application3-19,read> null
<280,fac0-2,gradebook0-5,changeScore> null
<281,admissions2-0,stu5-5application5-5,setStatus> null
<282,admissions2-1,stu1-18application1-18,setStatus> null
<283,admissions4-1,stu3-12application3-12,setStatus> null
<284,admissions2-1,application5-1,setStatus> null
<285,admissions2-1,stu1-9application1-9,read> null
<286,admissions4-0,stu5-5application5-5,read> null
<287,admissions4-1,stu4-16application4-16,setStatus> null
<288,admissions4-1,stu5-1application5-1,read> null
<289,admissions4-1,stu1-2application1-2,setStatus> null
<290,admissions0-0,stu5-12application5-12,setStatus> null
<291,admissions2-0,stu4-11application4-11,setStatus> null
<292,fac0-0,gradebook0-1,changeScore> null
<293,admissions4-0,stu0-7application0-7,read> null
<294,registrar4-0,transcript4-17,read> null
<295,admissions4-1,stu3-19application3-19,read> null
<296,stu5-2,gradebook5-1,addScore> null
<297,admissions2-0,stu5-7application5-7,setStatus> null
<298,admissions4-0,stu2-7application2-7,setStatus> null
<299,admissions4-0,stu4-9application4-9,setStatus> null
<300,admissions0-0,stu1-15application1-15,read> null
<301,admissions2-1,application4-4,read> null
<302,admissions4-0,stu1-12application1-12,setStatus> null
<303,admissions2-1,application4-3,read> null
<304,admissions4-1,stu1-3application1-3,setStatus> null
<305,admissions2-1,application4-2,read> null
<306,admissions2-1,application4-1,read> null
<307,admissions2-1,application4-0,read> null
<308,admissions4-0,stu2-15application2-15,setStatus> null
<309,stu1-10,gradebook1-6,readMyScores> null
<310,stu1-10,gradebook1-7,readMyScores> null
<311,admissions4-1,stu2-9application2-9,read> null
<312,admissions4-1,stu5-2application5-2,read> null
<313,admissions0-0,stu1-5application1-5,read> null
<314,admissions2-1,stu5-7application5-7,setStatus> null
<315,admissions2-0,stu3-0application3-0,read> null
<316,admissions4-1,stu1-11application1-11,read> null
<317,admissions2-0,application4-3,read> null
<318,admissions2-0,application4-4,read> null
<319,admissions2-0,application4-1,read> null
<320,admissions0-0,stu2-16application2-16,read> null
<321,admissions4-1,stu2-15application2-15,setStatus> null
<322,stu1-11,gradebook1-5,readMyScores> null
<323,stu1-11,gradebook1-4,readMyScores> null
<324,stu1-11,gradebook1-1,readMyScores> null
<325,stu0-8,transcript0-8,read> null
<326,stu1-11,gradebook1-2,readMyScores> null
<327,admissions2-1,stu0-7application0-7,read> null
<328,stu1-12,gradebook1-4,readMyScores> null
<329,stu1-12,gradebook1-6,readMyScores> null
<330,stu1-12,gradebook1-7,readMyScores> null
<331,admissions4-0,stu1-3application1-3,setStatus> null
<332,admissions0-1,stu1-15application1-15,read> null
<333,stu4-3,gradebook4-2,addScore> null
<334,stu1-13,gradebook1-3,readMyScores> null
<335,stu1-13,gradebook1-4,readMyScores> null
<336,admissions0-0,stu1-11application1-11,setStatus> null
<337,admissions0-0,stu0-14application0-14,setStatus> null
<338,registrar4-1,roster0-3,write> null
<339,registrar4-1,roster0-2,write> null
<340,admissions4-0,stu0-17application0-17,setStatus> null
<341,registrar0-1,transcript4-7,read> null
<342,registrar0-1,transcript4-6,read> null
<343,registrar4-1,roster0-7,write> null
<344,admissions0-0,stu4-17application4-17,read> null
<345,registrar0-1,transcript4-5,read> null
<346,registrar4-1,roster0-4,write> null
<347,registrar0-1,transcript4-4,read> null
<348,admissions2-1,stu3-9application3-9,setStatus> null
<349,registrar0-1,transcript4-3,read> null
<350,registrar0-1,transcript4-2,read> null
<351,admissions4-1,stu5-10application5-10,read> null
<352,stu2-9,gradebook2-4,readMyScores> null
<353,registrar0-1,transcript4-9,read> null
<354,admissions2-0,stu3-9application3-9,setStatus> null
<355,registrar0-0,transcript4-6,read> null
<356,admissions0-1,stu4-17application4-17,read> null
<357,registrar0-0,transcript4-2,read> null
<358,registrar4-0,roster0-5,read> null
<359,registrar0-0,transcript4-8,read> null
<360,registrar0-0,transcript4-7,read> null
<361,admissions2-1,stu3-0application3-0,read> null
<362,fac3-1,gradebook3-2,changeScore> null
<363,registrar4-0,roster0-2,write> null
<364,admissions4-1,stu2-7application2-7,setStatus> null
<365,registrar4-0,roster0-7,write> null
<366,registrar4-0,roster0-8,write> null
<367,registrar4-0,roster0-9,write> null
<368,fac3-2,gradebook3-4,changeScore> null
<369,admissions4-0,stu4-11application4-11,read> null
<370,stu2-8,gradebook2-5,readMyScores> null
<371,registrar4-0,roster0-3,write> null
<372,admissions0-1,stu1-5application1-5,read> null
<373,admissions4-1,stu0-8application0-8,read> null
<374,admissions2-1,stu2-0application2-0,setStatus> null
<375,registrar0-0,roster4-2,write> null
<376,registrar4-0,roster1-1,read> null
<377,admissions2-1,stu3-16application3-16,setStatus> null
<378,admissions2-0,stu4-2application4-2,read> null
<379,admissions0-0,application5-4,read> null
<380,admissions0-0,application5-3,read> null
<381,admissions0-0,application5-2,read> null
<382,admissions4-1,stu5-17application5-17,read> null
<383,registrar4-1,roster1-7,read> null
<384,stu2-4,stu2-4application2-4,checkStatus> null
<385,admissions2-0,stu3-4application3-4,setStatus> null
<386,registrar4-1,roster1-1,read> null
<387,admissions0-0,stu5-1application5-1,setStatus> null
<388,registrar4-1,roster1-2,read> null
<389,admissions0-0,stu3-1application3-1,read> null
<390,registrar4-1,roster1-3,read> null
<391,admissions2-0,stu3-16application3-16,setStatus> null
<392,admissions0-1,application5-4,read> null
<393,admissions4-1,stu3-18application3-18,setStatus> null
<394,admissions0-1,stu5-1application5-1,setStatus> null
<395,admissions2-1,stu3-4application3-4,setStatus> null
<396,admissions0-0,stu5-5application5-5,setStatus> null
<397,admissions4-0,stu3-18application3-18,setStatus> null
<398,admissions2-1,stu4-2application4-2,read> null
<399,admissions0-1,stu5-5application5-5,setStatus> null
<400,admissions0-1,stu0-16application0-16,read> null
<401,admissions4-0,stu2-14application2-14,setStatus> null
<402,admissions4-0,stu2-15application2-15,read> null
<403,admissions0-1,stu1-7application1-7,setStatus> null
<404,admissions4-1,stu4-8application4-8,read> null
<405,admissions4-1,stu2-15application2-15,read> null
<406,admissions2-0,stu4-8application4-8,setStatus> null
<407,admissions2-1,stu4-12application4-12,read> null
<408,admissions4-0,stu4-8application4-8,read> null
<409,admissions4-1,stu0-11application0-11,setStatus> null
<410,admissions0-1,stu3-1application3-1,setStatus> null
<411,admissions2-0,stu4-12application4-12,read> null
<412,admissions2-0,stu2-11application2-11,setStatus> null
<413,stu2-7,gradebook2-4,readScore> null
<414,admissions4-1,stu2-8application2-8,setStatus> null
<415,admissions2-1,stu1-12application1-12,setStatus> null
<416,admissions4-0,stu3-1application3-1,read> null
<417,registrar2-1,transcript0-18,read> null
<418,fac5-2,gradebook5-5,assignGrade> null
<419,admissions4-0,stu0-11application0-11,setStatus> null
<420,admissions2-1,stu2-11application2-11,setStatus> null
<421,admissions0-0,stu1-7application1-7,setStatus> null
<422,admissions4-0,stu5-17application5-17,read> null
<423,admissions2-0,application3-0,setStatus> null
<424,admissions4-0,stu4-15application4-15,setStatus> null
<425,admissions2-0,stu0-9application0-9,read> null
<426,admissions0-1,application3-4,read> null
<427,admissions2-0,application3-2,setStatus> null
<428,admissions2-0,application3-1,setStatus> null
<429,admissions0-0,stu0-18application0-18,read> null
<430,admissions2-0,application3-3,setStatus> null
<431,admissions2-1,application3-1,setStatus> null
<432,admissions4-1,stu0-0application0-0,setStatus> null
<0,admissions4-1,stu4-15application4-15,setStatus> null
<1,admissions0-1,stu2-2application2-2,setStatus> null
<2,admissions0-0,stu0-11application0-11,setStatus> null
<3,registrar0-0,transcript0-17,read> null
<4,admissions4-0,stu0-0application0-0,setStatus> null
<5,admissions2-0,stu3-9application3-9,read> null
<6,registrar0-0,transcript0-18,read> null
<7,admissions4-0,stu5-1application5-1,read> null
<8,admissions0-0,stu2-2application2-2,setStatus> null
<9,admissions4-0,stu2-0application2-0,read> null
<10,admissions2-1,stu3-16application3-16,read> null
<11,admissions2-0,stu1-18application1-18,read> null
<12,admissions0-1,stu1-19application1-19,setStatus> null
<13,admissions2-1,stu3-9application3-9,read> null
<14,admissions2-0,stu3-16application3-16,read> null
<15,admissions2-0,stu3-12application3-12,read> null
<16,admissions0-1,stu0-18application0-18,read> null
<17,admissions0-1,stu2-4application2-4,read> null
<18,admissions4-1,application4-2,setStatus> null
<19,admissions4-1,application4-1,setStatus> null
<20,admissions4-1,application4-3,setStatus> null
<21,admissions4-1,application4-4,setStatus> null
<22,admissions0-0,stu1-19application1-19,setStatus> null
<23,admissions0-0,stu0-5application0-5,read> null
<24,admissions4-0,application4-2,setStatus> null
<25,admissions4-0,application4-4,setStatus> null
<26,admissions2-1,stu4-7application4-7,setStatus> null
<27,admissions2-0,stu4-9application4-9,read> null
<28,admissions4-0,application5-3,setStatus> null
<29,admissions0-1,stu3-1application3-1,read> null
<30,admissions4-0,application5-2,setStatus> null
<31,admissions0-1,stu5-13application5-13,setStatus> null
<32,admissions2-1,stu4-9application4-9,read> null
<33,admissions2-0,stu4-7application4-7,setStatus> null
<34,admissions4-1,application5-0,setStatus> null
<35,admissions4-1,application5-2,setStatus> null
<36,admissions4-1,application5-3,setStatus> null
<37,admissions4-1,application5-4,setStatus> null
<38,registrar2-1,roster5-9,write> null
<39,admissions2-0,stu2-0application2-0,setStatus> null
<40,admissions4-0,stu3-15application3-15,read> null
<41,fac4-4,gradebook4-9,changeScore> null
<42,stu2-19,gradebook2-9,addScore> null
<43,admissions4-0,stu4-1application4-1,setStatus> null
<44,admissions2-0,stu4-6application4-6,setStatus> null
<45,admissions4-1,stu5-18application5-18,read> null
<46,admissions2-1,stu2-3application2-3,setStatus> null
<47,admissions2-1,stu3-7application3-7,read> null
<48,admissions0-1,stu4-1application4-1,setStatus> null
<49,admissions4-0,stu5-18application5-18,read> null
<50,admissions2-1,stu2-2application2-2,read> null
<51,admissions0-1,stu1-0application1-0,read> null
<52,admissions2-1,stu0-5application0-5,setStatus> null
<53,admissions4-1,stu2-8application2-8,read> null
<54,admissions4-0,stu5-2application5-2,read> null
<55,stu5-15,transcript5-15,read> null
<56,admissions2-0,stu2-2application2-2,read> null
<57,registrar4-0,transcript4-11,read> null
<58,registrar4-0,transcript4-15,read> null
<59,registrar2-0,transcript5-11,read> null
<60,admissions0-0,stu1-11application1-11,read> null
<61,registrar2-0,transcript5-12,read> null
<62,registrar2-0,transcript5-13,read> null
<63,admissions2-0,stu2-18application2-18,setStatus> null
<64,registrar2-0,transcript5-14,read> null
<65,admissions4-0,stu5-17application5-17,setStatus> null
<66,registrar4-1,transcript4-13,read> null
<67,registrar4-1,transcript4-10,read> null
<68,stu4-7,gradebook4-4,readMyScores> null
<69,admissions0-1,stu4-8application4-8,setStatus> null
<70,registrar4-1,transcript4-12,read> null
<71,admissions4-0,stu5-9application5-9,setStatus> null
<72,admissions2-0,stu5-10application5-10,setStatus> null
<73,registrar4-0,transcript4-19,read> null
<74,registrar2-1,transcript5-14,read> null
<75,fac2-3,gradebook2-7,addScore> null
<76,admissions2-0,stu3-15application3-15,read> null
<77,registrar2-1,transcript5-15,read> null
<78,registrar4-1,transcript3-12,read> null
<79,registrar2-1,transcript5-12,read> null
<80,registrar2-1,transcript5-13,read> null
<81,registrar2-1,transcript5-10,read> null
<82,registrar2-1,transcript5-11,read> null
<83,admissions0-0,stu1-10application1-10,read> null
<84,admissions4-1,stu5-9application5-9,setStatus> null
<85,admissions0-0,stu1-4application1-4,setStatus> null
<86,registrar4-1,transcript4-18,read> null
<87,registrar2-0,transcript5-19,read> null
<88,registrar2-0,transcript5-18,read> null
<89,admissions0-0,stu4-11application4-11,setStatus> null
<90,registrar2-0,transcript5-17,read> null
<91,registrar4-1,transcript3-16,read> null
<92,admissions0-0,stu0-1application0-1,read> null
<93,registrar2-0,transcript5-16,read> null
<94,registrar2-0,transcript5-15,read> null
<95,registrar0-1,transcript2-18,read> null
<96,admissions2-1,stu3-15application3-15,read> null
<97,admissions0-0,stu5-18application5-18,setStatus> null
<98,registrar2-1,transcript5-17,read> null
<99,admissions0-1,stu0-1application0-1,read> null
<100,admissions0-1,stu2-8application2-8,read> null
<101,registrar2-1,transcript5-16,read> null
<102,registrar4-0,roster0-2,read> null
<103,stu0-18,gradebook0-5,addScore> null
<104,registrar2-0,transcript0-11,read> null
<105,registrar2-1,transcript5-19,read> null
<106,stu3-13,gradebook3-4,readScore> null
<107,registrar2-1,transcript5-18,read> null
<108,admissions0-1,stu5-18application5-18,setStatus> null
<109,admissions4-1,stu5-17application5-17,setStatus> null
<110,admissions2-1,stu0-6application0-6,setStatus> null
<111,admissions4-0,stu1-13application1-13,setStatus> null
<112,admissions4-0,stu1-18application1-18,setStatus> null
<113,admissions0-0,stu0-12application0-12,setStatus> null
<114,admissions0-1,application0-0,setStatus> null
<115,admissions2-1,application5-0,read> null
<116,admissions0-1,application0-1,setStatus> null
<117,admissions0-1,stu1-2application1-2,read> null
<118,admissions2-1,application5-4,read> null
<119,admissions2-1,application5-3,read> null
<120,admissions2-1,application5-2,read> null
<121,registrar0-1,transcript3-3,read> null
<122,registrar0-1,transcript3-4,read> null
<123,registrar0-1,transcript3-1,read> null
<124,registrar0-1,transcript3-7,read> null
<125,registrar0-1,transcript3-6,read> null
<126,registrar0-1,roster5-4,read> null
<127,registrar0-1,roster5-6,read> null
<128,admissions0-1,application0-4,setStatus> null
<129,admissions0-1,application0-3,setStatus> null
<130,stu4-15,stu4-15application4-15,checkStatus> null
<131,admissions0-0,application0-0,setStatus> null
<132,admissions2-0,application5-4,read> null
<133,registrar0-0,transcript3-1,read> null
<134,registrar0-0,transcript3-2,read> null
<135,registrar0-0,transcript3-3,read> null
<136,registrar0-0,transcript3-4,read> null
<137,registrar2-0,roster5-3,write> null
<138,registrar0-0,transcript3-5,read> null
<139,registrar0-0,transcript3-6,read> null
<140,registrar0-0,transcript3-7,read> null
<141,registrar0-0,transcript3-8,read> null
<142,registrar0-0,transcript3-9,read> null
<143,admissions2-0,stu4-0application4-0,setStatus> null
<144,admissions0-0,application0-3,setStatus> null
<145,admissions0-0,application0-2,setStatus> null
<146,registrar0-0,roster5-1,read> null
<147,admissions0-0,stu0-15application0-15,read> null
<148,stu2-5,gradebook2-9,readScore> null
<149,admissions0-1,stu0-7application0-7,read> null
<150,registrar0-1,roster5-3,read> null
<151,registrar0-1,roster5-2,read> null
<152,registrar0-1,roster5-1,read> null
<153,admissions0-0,stu1-2application1-2,read> null
<154,admissions0-1,stu0-12application0-12,setStatus> null
<155,admissions0-1,stu0-15application0-15,read> null
<156,registrar4-0,roster1-1,write> null
<157,registrar4-0,roster1-2,write> null
<158,registrar4-0,roster1-4,write> null
<159,registrar4-0,roster1-6,write> null
<160,registrar4-0,roster1-9,write> null
<161,registrar4-0,roster1-8,write> null
<162,registrar0-0,roster5-9,read> null
<163,registrar0-0,roster5-8,read> null
<164,registrar0-0,roster5-6,read> null
<165,registrar0-0,roster5-4,read> null
<166,registrar4-1,roster1-2,write> null
<167,registrar4-1,roster1-7,write> null
<168,registrar4-1,roster1-8,write> null
<169,registrar4-1,roster1-5,write> null
<170,registrar4-1,roster1-3,write> null
<171,admissions0-0,stu5-8application5-8,setStatus> null
<172,admissions0-0,stu1-3application1-3,read> null
<173,admissions2-1,stu4-0application4-0,setStatus> null
<174,admissions0-0,stu0-2application0-2,read> null
<175,fac4-2,gradebook4-4,addScore> null
<176,admissions4-0,stu0-0application0-0,read> null
<177,admissions4-1,application1-3,setStatus> null
<178,admissions4-1,application1-2,setStatus> null
<179,registrar2-1,transcript5-3,read> null
<180,admissions4-1,application1-4,setStatus> null
<181,admissions4-1,application1-1,setStatus> null
<182,admissions0-1,stu4-10application4-10,read> null
<183,admissions4-1,application1-0,setStatus> null
<184,admissions4-1,stu1-17application1-17,setStatus> null
<185,admissions4-0,stu4-2application4-2,read> null
<186,stu0-9,gradebook0-4,readScore> null
<187,registrar2-1,transcript5-0,read> null
<188,admissions4-0,application1-4,setStatus> null
<189,admissions4-0,application1-3,setStatus> null
<190,admissions4-0,application1-2,setStatus> null
<191,registrar2-0,transcript5-0,read> null
<192,admissions4-0,application1-1,setStatus> null
<193,admissions4-0,application1-0,setStatus> null
<194,registrar2-0,transcript5-6,read> null
<195,registrar2-0,transcript5-8,read> null
<196,admissions0-1,stu2-5application2-5,setStatus> null
<197,admissions4-1,stu5-19application5-19,setStatus> null
<198,admissions2-1,stu1-11application1-11,read> null
<199,registrar0-1,transcript2-10,read> null
<200,registrar2-1,transcript0-10,read> null
<201,admissions4-0,stu1-16application1-16,setStatus> null
<202,admissions4-1,stu2-18application2-18,read> null
<203,registrar0-0,transcript2-17,read> null
<204,stu0-7,gradebook0-2,readScore> null
<205,admissions4-0,stu3-0application3-0,setStatus> null
<206,registrar0-0,transcript2-16,read> null
<207,admissions0-0,stu0-6application0-6,setStatus> null
<208,registrar2-0,transcript0-13,read> null
<209,registrar0-0,transcript2-12,read> null
<210,admissions4-1,stu5-6application5-6,setStatus> null
<211,registrar0-0,transcript2-18,read> null
<212,admissions0-0,stu4-10application4-10,read> null
<213,admissions4-0,stu1-17application1-17,setStatus> null
<214,admissions4-1,stu0-18application0-18,setStatus> null
<215,admissions4-1,stu1-16application1-16,setStatus> null
<216,registrar2-1,transcript0-16,read> null
<217,admissions0-0,stu2-11application2-11,setStatus> null
<218,registrar0-1,transcript2-15,read> null
<219,admissions2-1,stu3-13application3-13,read> null
<220,admissions0-1,stu5-4application5-4,setStatus> null
<221,stu0-8,gradebook0-7,readScore> null
<222,registrar2-1,transcript0-13,read> null
<223,registrar2-1,transcript0-19,read> null
<224,admissions4-0,stu4-10application4-10,read> null
<225,fac5-4,gradebook5-8,readScore> null
<226,registrar2-1,transcript1-14,read> null
<227,stu0-19,gradebook0-9,readMyScores> null
<228,registrar0-1,transcript3-15,read> null
<229,registrar2-1,transcript1-15,read> null
<230,admissions0-1,stu3-8application3-8,read> null
<231,registrar2-1,transcript1-12,read> null
<232,stu0-19,gradebook0-7,readMyScores> null
<233,fac5-1,gradebook5-3,assignGrade> null
<234,registrar0-1,transcript3-13,read> null
<235,registrar2-1,transcript1-13,read> null
<236,registrar2-1,transcript1-18,read> null
<237,registrar2-1,transcript1-19,read> null
<238,registrar2-1,transcript1-16,read> null
<239,registrar2-1,transcript1-17,read> null
<240,stu0-19,gradebook0-2,readMyScores> null
<241,admissions0-1,stu1-6application1-6,read> null
<242,stu0-14,gradebook0-6,addScore> null
<243,stu0-19,gradebook0-1,readMyScores> null
<244,registrar4-0,roster0-1,read> null
<245,admissions0-0,stu2-15application2-15,read> null
<246,admissions0-0,stu3-11application3-11,setStatus> null
<247,admissions0-0,stu5-4application5-4,setStatus> null
<248,registrar4-0,roster0-9,read> null
<249,registrar4-0,roster0-4,read> null
<250,admissions0-0,stu2-16application2-16,setStatus> null
<251,admissions4-0,stu5-19application5-19,setStatus> null
<252,admissions0-0,stu3-8application3-8,read> null
<253,stu0-18,gradebook0-9,readMyScores> null
<254,stu0-18,gradebook0-3,readMyScores> null
<255,registrar4-1,roster0-3,read> null
<256,registrar4-1,roster0-4,read> null
<257,admissions4-0,stu5-6application5-6,setStatus> null
<258,admissions0-1,stu4-9application4-9,read> null
<259,admissions2-0,stu2-14application2-14,setStatus> null
<260,admissions0-1,stu2-15application2-15,read> null
<261,registrar0-0,roster3-1,read> null
<262,registrar4-1,roster0-5,read> null
<263,admissions0-0,stu2-5application2-5,setStatus> null
<264,stu0-17,gradebook0-3,readMyScores> null
<265,stu0-17,gradebook0-1,readMyScores> null
<266,registrar2-0,transcript1-10,read> null
<267,admissions0-1,application5-0,setStatus> null
<268,admissions0-1,application5-4,setStatus> null
<269,stu0-3,gradebook0-1,readScore> null
<270,stu0-16,gradebook0-8,readMyScores> null
<271,admissions4-1,stu4-10application4-10,read> null
<272,stu0-16,gradebook0-9,readMyScores> null
<273,registrar0-0,transcript3-19,read> null
<274,admissions4-1,stu4-2application4-2,read> null
<275,registrar0-0,transcript3-15,read> null
<276,registrar2-0,transcript1-15,read> null
<277,registrar2-0,transcript1-16,read> null
<278,registrar0-0,transcript3-17,read> null
<279,registrar2-0,transcript1-17,read> null
<280,registrar2-0,transcript1-18,read> null
<281,registrar2-0,transcript1-11,read> null
<282,registrar2-0,transcript1-12,read> null
<283,registrar2-0,transcript1-13,read> null
<284,stu0-16,gradebook0-6,readMyScores> null
<285,registrar2-0,transcript1-14,read> null
<286,registrar0-1,transcript3-11,read> null
<287,registrar2-1,transcript1-11,read> null
<288,admissions4-1,application0-3,read> null
<289,registrar2-1,transcript1-10,read> null
<290,admissions0-0,application5-3,setStatus> null
<291,registrar0-1,roster3-9,read> null
<292,admissions0-0,stu1-6application1-6,read> null
<293,admissions0-0,application5-1,setStatus> null
<294,admissions0-1,stu3-11application3-11,setStatus> null
<295,admissions0-0,stu4-3application4-3,setStatus> null
<296,admissions2-1,stu4-6application4-6,setStatus> null
<297,stu0-15,gradebook0-4,readMyScores> null
<298,stu0-15,gradebook0-6,readMyScores> null
<299,stu0-15,gradebook0-5,readMyScores> null
<300,admissions0-0,stu5-14application5-14,setStatus> null
<301,stu0-15,gradebook0-2,readMyScores> null
<302,stu2-6,gradebook2-9,readScore> null
<303,registrar0-0,roster3-6,write> null
<304,registrar0-0,roster3-5,write> null
<305,registrar0-0,roster3-9,write> null
<306,registrar0-0,roster3-8,write> null
<307,registrar0-0,roster3-2,write> null
<308,admissions2-1,stu2-16application2-16,read> null
<309,registrar0-0,roster3-1,write> null
<310,admissions0-1,stu5-14application5-14,setStatus> null
<311,admissions0-1,stu3-0application3-0,read> null
<312,stu0-14,gradebook0-9,readMyScores> null
<313,admissions4-0,stu2-3application2-3,read> null
<314,registrar2-1,roster4-9,write> null
<315,registrar2-1,roster4-7,write> null
<316,registrar2-1,roster4-6,write> null
<317,admissions2-1,stu2-14application2-14,setStatus> null
<318,registrar2-1,roster4-5,write> null
<319,registrar2-1,roster4-3,write> null
<320,registrar2-1,roster4-2,write> null
<321,admissions2-1,stu5-9application5-9,read> null
<322,admissions2-1,stu4-12application4-12,setStatus> null
<323,stu0-13,gradebook0-4,readMyScores> null
<324,admissions0-1,stu2-2application2-2,read> null
<325,stu0-13,gradebook0-5,readMyScores> null
<326,admissions2-0,stu0-19application0-19,read> null
<327,stu0-13,gradebook0-7,readMyScores> null
<328,admissions4-1,stu2-3application2-3,read> null
<329,admissions0-0,stu3-0application3-0,read> null
<330,admissions2-1,stu0-17application0-17,setStatus> null
<331,admissions0-1,stu3-9application3-9,setStatus> null
<332,admissions0-0,stu4-5application4-5,setStatus> null
<333,admissions2-0,stu5-9application5-9,read> null
<334,admissions4-1,stu2-10application2-10,read> null
<335,stu0-12,gradebook0-7,readMyScores> null
<336,stu0-12,gradebook0-4,readMyScores> null
<337,admissions4-1,stu2-1application2-1,setStatus> null
<338,admissions2-0,stu0-17application0-17,setStatus> null
<339,stu0-12,gradebook0-9,readMyScores> null
<340,stu2-12,gradebook2-7,addScore> null
<341,admissions2-0,stu0-2application0-2,read> null
<342,admissions2-1,stu5-5application5-5,read> null
<343,admissions4-1,stu4-6application4-6,setStatus> null
<344,admissions2-1,stu3-12application3-12,setStatus> null
<345,fac0-4,gradebook0-8,addScore> null
<346,stu0-11,gradebook0-7,readMyScores> null
<347,stu0-11,gradebook0-6,readMyScores> null
<348,admissions0-0,stu0-4application0-4,setStatus> null
<349,admissions4-0,stu0-18application0-18,setStatus> null
<350,admissions2-1,stu3-17application3-17,setStatus> null
<351,admissions2-0,stu5-5application5-5,read> null
<352,admissions0-0,stu4-4application4-4,setStatus> null
<353,stu0-10,gradebook0-8,readMyScores> null
<354,fac0-3,gradebook0-7,addScore> null
<355,stu0-10,gradebook0-7,readMyScores> null
<356,registrar0-1,transcript5-5,read> null
<357,fac0-3,gradebook0-6,addScore> null
<358,stu0-10,gradebook0-2,readMyScores> null
<359,stu2-1,gradebook2-7,readScore> null
<360,stu0-10,gradebook0-1,readMyScores> null
<361,admissions2-0,stu2-13application2-13,read> null
<362,admissions0-0,stu2-19application2-19,setStatus> null
<363,registrar0-1,roster3-2,write> null
<364,registrar0-1,roster3-3,write> null
<365,registrar0-0,roster4-8,write> null
<366,admissions2-0,stu2-16application2-16,read> null
<367,registrar0-1,roster3-9,write> null
<368,registrar0-1,roster3-5,write> null
<369,admissions0-1,stu5-17application5-17,setStatus> null
<370,admissions4-1,stu0-13application0-13,read> null
<371,admissions0-1,stu4-4application4-4,setStatus> null
<372,admissions0-0,stu1-18application1-18,setStatus> null
<373,admissions0-1,stu5-7application5-7,setStatus> null
<374,admissions2-1,stu0-2application0-2,read> null
<375,admissions4-0,stu0-13application0-13,read> null
<376,admissions4-0,stu1-8application1-8,setStatus> null
<377,admissions0-1,stu1-18application1-18,setStatus> null
<378,admissions2-0,stu3-17application3-17,setStatus> null
<379,admissions0-0,stu5-7application5-7,setStatus> null
<380,fac4-0,gradebook4-1,readScore> null
<381,admissions0-0,stu0-8application0-8,setStatus> null
<382,stu4-6,gradebook4-9,readMyScores> null
<383,admissions0-0,stu2-13application2-13,setStatus> null
<384,stu3-15,gradebook3-8,addScore> null
<385,stu4-6,gradebook4-1,readMyScores> null
<386,admissions2-0,stu5-1application5-1,setStatus> null
<387,admissions4-0,stu3-5application3-5,read> null
<388,admissions0-0,stu5-15application5-15,setStatus> null
<389,admissions4-0,stu1-10application1-10,setStatus> null
<390,stu4-6,gradebook4-5,readMyScores> null
<391,fac4-1,gradebook4-2,readScore> null
<392,admissions0-0,stu0-14application0-14,read> null
<393,stu4-5,gradebook4-8,readMyScores> null
<394,admissions0-1,stu2-13application2-13,setStatus> null
<395,stu4-5,gradebook4-6,readMyScores> null
<396,stu4-5,gradebook4-7,readMyScores> null
<397,admissions2-1,stu5-12application5-12,setStatus> null
<398,admissions0-1,stu0-14application0-14,read> null
<399,fac4-2,gradebook4-4,readScore> null
<400,registrar0-0,transcript1-11,read> null
<401,registrar0-0,transcript1-12,read> null
<402,registrar0-0,transcript1-10,read> null
<403,registrar0-0,transcript1-15,read> null
<404,registrar0-0,transcript1-16,read> null
<405,stu4-4,gradebook4-6,readMyScores> null
<406,registrar0-0,transcript1-13,read> null
<407,stu4-4,gradebook4-7,readMyScores> null
<408,registrar0-0,transcript1-14,read> null
<409,stu3-13,gradebook3-4,addScore> null
<410,stu4-4,gradebook4-8,readMyScores> null
<411,registrar0-0,transcript1-19,read> null
<412,stu4-4,gradebook4-2,readMyScores> null
<413,registrar0-0,transcript1-17,read> null
<414,registrar0-0,transcript1-18,read> null
<415,fac4-3,gradebook4-7,readScore> null
<416,admissions0-1,stu0-4application0-4,read> null
<417,admissions2-0,stu1-2application1-2,setStatus> null
<418,admissions2-0,stu5-12application5-12,setStatus> null
<419,admissions2-0,stu0-7application0-7,setStatus> null
<420,fac4-3,gradebook4-6,readScore> null
<421,registrar0-0,transcript5-7,read> null
<422,stu4-3,gradebook4-1,readMyScores> null
<423,stu3-9,transcript3-9,read> null
<424,admissions4-1,stu1-9application1-9,setStatus> null
<425,fac4-4,gradebook4-8,readScore> null
<426,admissions2-0,stu5-9application5-9,setStatus> null
<427,admissions4-0,stu5-14application5-14,read> null
<428,admissions4-0,stu2-5application2-5,read> null
<429,admissions2-1,stu3-10application3-10,setStatus> null
<430,stu3-19,gradebook3-8,addScore> null
<431,admissions2-1,stu3-0application3-0,setStatus> null
<432,admissions0-1,stu2-18application2-18,setStatus> null
<0,admissions4-1,stu4-3application4-3,read> 1.9457747487175572E-4
<1,admissions4-0,stu2-1application2-1,setStatus> 1.2616428212190934E-4
<2,admissions2-1,stu5-9application5-9,setStatus> 2.7877699203156305E-5
<3,admissions0-0,stu3-12application3-12,setStatus> 9.28232044443451E-5
<4,admissions2-0,stu3-10application3-10,setStatus> 5.665083827357782E-5
<5,registrar2-1,roster5-2,write> 1.0340555070904479E-4
<6,registrar2-1,roster5-3,write> 8.653092860037068E-5
<7,admissions4-1,stu2-11application2-11,read> 6.808240322642961E-5
<8,registrar2-1,roster5-4,write> 8.594904507938192E-5
<9,registrar2-1,roster5-6,write> 8.827657916333697E-5
<10,registrar2-1,roster5-7,write> 9.293164733124707E-5
<11,stu1-11,transcript1-11,read> 2.018579340170422E-4
<12,registrar2-1,roster5-8,write> 9.176788028926956E-5
<13,admissions2-0,stu4-17application4-17,read> 8.514381949653436E-5
<14,admissions0-0,stu3-1application3-1,setStatus> 2.1222622490813984E-4
<15,admissions2-1,stu1-19application1-19,read> 4.2086564875985014E-5
<16,registrar2-0,roster5-2,write> 1.0294698950856122E-4
<17,registrar2-0,roster5-1,write> 1.023676864022997E-4
<18,stu4-8,gradebook4-1,readMyScores> 1.2338755995955407E-4
<19,registrar2-0,roster5-8,write> 9.136092738333043E-5
<20,registrar2-0,roster5-9,write> 9.425744291463813E-5
<21,registrar2-0,roster5-6,write> 8.788510874576118E-5
<22,registrar2-0,roster5-7,write> 9.251953359585351E-5
<23,admissions2-0,stu0-3application0-3,read> 7.681120295669603E-5
<24,registrar2-0,roster5-4,write> 8.556789632071503E-5
<25,admissions4-1,stu3-5application3-5,read> 1.0842138276686823E-4
<26,stu4-7,gradebook4-3,readMyScores> 1.6530094741016928E-4
<27,admissions2-1,stu5-1application5-1,setStatus> 3.272990148186844E-5
<28,stu4-7,gradebook4-2,readMyScores> 1.0666606869785142E-4
<29,admissions0-1,stu3-19application3-19,read> 1.7513445737737303E-4
<30,admissions0-0,stu2-18application2-18,setStatus> 1.990325209894885E-4
<31,admissions4-0,stu4-3application4-3,read> 1.9304234686487795E-4
<32,stu3-16,gradebook3-6,addScore> 1.2121543533788324E-4
<33,admissions2-0,stu3-0application3-0,setStatus> 8.338650631583987E-5
<34,registrar0-1,roster4-9,read> 9.841156791413602E-5
<35,registrar0-1,transcript5-8,read> 3.007429858523403E-4
<36,registrar0-1,roster4-6,read> 1.1140992327476003E-4
<37,registrar0-1,roster4-5,read> 1.0529305016387815E-4
<38,fac5-3,gradebook5-7,readScore> 3.551778393169149E-5
<39,admissions0-0,stu3-4application3-4,read> 5.730245506935595E-5
<40,fac5-3,gradebook5-6,readScore> 6.302974817469618E-5
<41,admissions2-1,stu0-3application0-3,read> 7.434831869355547E-5
<42,admissions4-0,stu5-2application5-2,setStatus> 1.5985175964009022E-4
<43,admissions4-0,stu5-8application5-8,read> 1.8908968283607805E-4
<44,admissions2-0,stu1-19application1-19,read> 4.34807367973427E-5
<45,admissions2-1,stu0-14application0-14,setStatus> 1.2653914553696977E-4
<46,fac5-4,gradebook5-9,readScore> 3.819733458285013E-5
<47,admissions2-0,stu0-13application0-13,setStatus> 1.8364526147432252E-4
<48,admissions2-1,stu1-5application1-5,setStatus> 1.1575647380649833E-4
<49,admissions0-1,stu0-5application0-5,setStatus> 2.1216548401234973E-4
<50,admissions2-0,stu0-14application0-14,setStatus> 1.3073091847401225E-4
<51,admissions0-1,stu3-4application3-4,read> 5.7108538131727E-5
<52,admissions4-0,stu3-7application3-7,read> 1.4215179749407935E-4
<53,admissions2-1,stu2-15application2-15,setStatus> 3.812123734710415E-5
<54,stu3-11,gradebook3-6,addScore> 1.1418845357916535E-4
<55,stu4-2,gradebook4-8,readMyScores> 1.4453879816543112E-4
<56,admissions2-1,stu2-14application2-14,read> 5.1575315998799854E-5
<57,admissions0-0,stu3-17application3-17,read> 1.64699204967178E-4
<58,admissions0-1,application2-2,read> 6.0579888697775415E-5
<59,admissions0-1,application2-1,read> 6.000133027010068E-5
<60,admissions0-1,application2-0,read> 5.942277184242594E-5
<61,stu4-1,gradebook4-5,readMyScores> 1.6153519651972785E-4
<62,stu4-1,gradebook4-9,readMyScores> 1.130333828803842E-4
<63,admissions0-0,application2-3,read> 6.601029965566585E-5
<64,admissions0-0,application2-2,read> 6.0785592903879904E-5
<65,admissions4-0,stu1-4application1-4,setStatus> 2.182433873382704E-4
<66,stu3-10,gradebook3-8,addScore> 8.622400045333445E-5
<67,admissions4-0,stu2-6application2-6,read> 1.3819913346527945E-4
<68,fac5-0,gradebook5-1,readScore> 5.3183660996528144E-5
<69,admissions0-0,application2-4,read> 6.717134560050717E-5
<70,admissions0-0,application2-1,read> 6.020506993145925E-5
<71,admissions2-1,stu0-11application0-11,read> 1.5927264124274832E-4
<72,admissions2-1,stu2-1application2-1,read> 1.0661007251112595E-4
<73,admissions2-1,stu3-13application3-13,setStatus> 1.2815654629654046E-4
<74,admissions2-0,stu4-19application4-19,read> 6.210658553345193E-5
<75,stu4-0,gradebook4-6,readMyScores> 1.7722347938946124E-4
<76,registrar0-1,transcript1-12,read> 4.285577095768787E-5
<77,stu4-0,gradebook4-5,readMyScores> 1.57177792374687E-4
<78,stu4-0,gradebook4-1,readMyScores> 1.1308660214078912E-4
<79,stu3-3,transcript3-3,read> 3.6549302484764347E-4
<80,fac5-1,gradebook5-2,readScore> 6.50260068866301E-5
<81,fac5-1,gradebook5-3,readScore> 1.4484711071275613E-4
<82,stu4-0,gradebook4-9,readMyScores> 1.0998431282195379E-4
<83,registrar2-0,transcript4-2,read> 2.213113628746973E-4
<84,admissions4-1,stu2-19application2-19,read> 1.1539355207015391E-4
<85,registrar2-0,transcript4-4,read> 2.1608456430257297E-4
<86,registrar2-0,transcript4-6,read> 2.1817528373142272E-4
<87,registrar0-0,roster4-1,read> 1.3804425178717277E-4
<88,registrar2-0,transcript4-7,read> 2.0981240601602378E-4
<89,registrar0-0,roster4-2,read> 1.3881240899628295E-4
<90,registrar0-0,roster4-6,read> 1.1192690667742713E-4
<91,registrar0-0,roster4-4,read> 1.0731796342276614E-4
<92,fac1-1,gradebook1-3,assignGrade> 3.23936338231261E-4
<93,registrar0-0,roster4-5,read> 1.057816490045458E-4
<94,registrar2-1,transcript4-0,read> 2.201971273810184E-4
<95,admissions2-1,stu4-19application4-19,read> 6.011519200933323E-5
<96,registrar0-0,roster4-8,read> 1.0117270574988482E-4
<97,registrar0-0,roster4-9,read> 9.886823412255431E-5
<98,fac5-2,gradebook5-4,readScore> 1.3885601953290928E-4
<99,fac5-2,gradebook5-5,readScore> 6.14214469268513E-5
<100,admissions4-1,stu5-14application5-14,read> 3.2225532523817486E-5
<101,admissions2-0,stu2-14application2-14,read> 5.328381507950544E-5
<102,registrar2-1,transcript4-5,read> 2.180970951707484E-4
<103,registrar2-1,transcript4-9,read> 2.1389703075020843E-4
<104,registrar0-1,roster4-4,read> 1.0682226844159864E-4
<105,registrar0-1,roster4-3,read> 1.3893585227372842E-4
<106,registrar2-1,transcript4-6,read> 2.1914711127588344E-4
<107,admissions0-0,application3-2,read> 1.4496142390487557E-4
<108,admissions0-0,application3-0,read> 1.4263933201519291E-4
<109,admissions2-0,stu1-13application1-13,setStatus> 1.34072876979295E-4
<110,stu2-0,gradebook2-4,readMyScores> 2.3006362450684627E-4
<111,fac0-1,gradebook0-2,assignGrade> 1.1381547018936194E-4
<112,fac0-1,gradebook0-3,assignGrade> 1.2005668409159657E-4
<113,stu0-7,gradebook0-8,readMyScores> 2.1210621891486328E-5
<114,stu0-7,gradebook0-9,readMyScores> 3.0091531748400687E-5
<115,stu0-7,gradebook0-4,readMyScores> 3.76261110405974E-5
<116,admissions4-0,stu0-10application0-10,read> 1.9254826386127795E-4
<117,stu0-7,gradebook0-1,readMyScores> 2.9194580704379133E-5
<118,stu4-19,gradebook4-3,readScore> 1.2673641792961001E-4
<119,admissions2-0,stu3-12application3-12,setStatus> 7.837356855791573E-5
<120,stu0-8,gradebook0-5,readMyScores> 3.004338422114115E-5
<121,admissions4-0,stu2-2application2-2,setStatus> 3.0154971195093852E-5
<122,admissions0-1,stu0-19application0-19,read> 1.1438582247152579E-4
<123,admissions4-0,stu1-7application1-7,setStatus> 3.4646634864184634E-5
<124,admissions2-1,stu4-8application4-8,read> 7.861825669882216E-5
<125,admissions2-0,stu5-4application5-4,setStatus> 6.946167921049505E-5
<126,admissions0-1,stu0-9application0-9,setStatus> 1.4379039710533552E-4
<127,admissions0-1,stu5-7application5-7,read> 1.0245305490073438E-5
<128,admissions4-1,stu1-7application1-7,setStatus> 3.492215482334316E-5
<129,stu0-9,gradebook0-8,readMyScores> 2.1356149314412475E-5
<130,stu0-9,gradebook0-9,readMyScores> 3.029799165748062E-5
<131,admissions2-1,stu3-8application3-8,read> 1.5025832767607422E-4
<132,admissions2-0,stu0-12application0-12,setStatus> 5.6093845189364025E-5
<133,admissions0-0,stu5-7application5-7,read> 1.0280094303282515E-5
<134,admissions4-1,stu0-10application0-10,read> 1.9407946277866388E-4
<135,admissions2-0,stu3-8application3-8,read> 1.5523582921399802E-4
<136,stu1-19,transcript1-19,read> 1.6218882108841158E-4
<137,admissions2-0,stu4-16application4-16,read> 1.4739336658826783E-4
<138,admissions2-1,stu2-4application2-4,setStatus> 3.434730224143915E-5
<139,stu2-4,gradebook2-1,readMyScores> 1.3224583526441898E-4
<140,stu2-4,gradebook2-3,readMyScores> 1.996172258530196E-4
<141,admissions0-1,stu3-10application3-10,read> 5.8844213414751204E-5
<142,admissions4-1,stu3-14application3-14,setStatus> 1.3169495927641567E-4
<143,stu1-18,transcript1-18,read> 1.7210609932056926E-4
<144,admissions0-1,stu1-14application1-14,read> 1.9654111920133817E-4
<145,admissions4-0,stu1-15application1-15,read> 1.3770505046167947E-4
<146,admissions0-0,stu3-10application3-10,read> 5.9044023986617935E-5
<147,stu2-3,gradebook2-7,readMyScores> 1.7645285803574677E-4
<148,admissions0-1,stu4-18application4-18,setStatus> 1.295729811979876E-5
<149,admissions4-0,stu3-14application3-14,setStatus> 1.3065594579100015E-4
<150,admissions0-1,stu3-8application3-8,setStatus> 2.0822076746002197E-4
<151,admissions4-1,stu1-18application1-18,read> 1.1140945532541924E-4
<152,stu1-17,transcript1-17,read> 1.6714746020449043E-4
<153,admissions4-1,stu2-2application2-2,read> 2.67473994998073E-5
<154,admissions0-1,stu2-0application2-0,read> 1.1554293932687525E-4
<155,stu2-2,gradebook2-1,readMyScores> 1.3063635248229625E-4
<156,admissions4-1,application0-1,read> 6.0612221830052084E-5
<157,admissions4-1,application0-2,read> 6.011420973696024E-5
<158,admissions4-1,application0-4,read> 6.111023392314392E-5
<159,admissions4-1,application0-0,read> 6.260427020241943E-5
<160,admissions0-1,stu1-11application1-11,read> 1.8207715850946984E-4
<161,admissions4-0,stu1-18application1-18,read> 1.1053048526368023E-4
<162,stu1-16,transcript1-16,read> 1.820233775527269E-4
<163,admissions4-0,application0-4,read> 6.062810190008164E-5
<164,admissions2-0,stu4-10application4-10,read> 2.8776119374098568E-5
<165,admissions4-0,application0-3,read> 6.112218490368163E-5
<166,admissions4-0,application0-0,read> 6.21103509108816E-5
<167,admissions4-0,application0-1,read> 6.013401889648165E-5
<168,registrar0-1,transcript0-19,read> 3.188051254169463E-4
<169,stu2-1,gradebook2-4,readMyScores> 2.3197683552145617E-4
<170,admissions2-0,application5-0,setStatus> 2.0926694334815694E-4
<171,admissions2-0,application5-2,setStatus> 2.109379226007984E-4
<172,admissions2-0,application5-3,setStatus> 2.1205190876922593E-4
<173,admissions4-1,stu5-3application5-3,read> 1.4477626556257217E-4
<174,admissions0-1,stu5-3application5-3,setStatus> 1.911269957332684E-4
<175,stu2-8,gradebook2-1,readMyScores> 1.241984213538053E-4
<176,stu2-8,gradebook2-2,readMyScores> 2.7118345047441453E-4
<177,stu2-8,gradebook2-7,readMyScores> 1.670709064837439E-4
<178,fac1-2,gradebook1-4,assignGrade> 2.885694594519314E-4
<179,admissions2-0,stu4-18application4-18,read> 9.660116723881207E-6
<180,stu2-9,gradebook2-1,readMyScores> 1.2527140987522042E-4
<181,stu0-16,gradebook0-1,addScore> 7.502118816541088E-5
<182,admissions0-0,stu4-6application4-6,setStatus> 7.765044493789602E-5
<183,admissions2-1,application5-2,setStatus> 2.0417438199636396E-4
<184,admissions2-1,application5-0,setStatus> 2.0255698123679318E-4
<185,admissions4-1,stu0-1application0-1,read> 1.5293121358695097E-5
<186,stu0-0,gradebook0-6,readMyScores> 3.681764282352438E-5
<187,admissions2-1,application5-4,setStatus> 2.0687004992898177E-4
<188,stu0-0,gradebook0-2,readMyScores> 4.3017086528090965E-5
<189,registrar0-0,roster4-9,write> 7.19041702709486E-5
<190,stu2-7,gradebook2-2,readMyScores> 2.688406128893224E-4
<191,registrar0-0,roster4-7,write> 7.97254073091612E-5
<192,registrar0-0,roster4-6,write> 8.140138667449246E-5
<193,fac5-1,gradebook5-2,assignGrade> 2.0327286945472488E-4
<194,registrar0-0,roster4-5,write> 7.693210836694241E-5
<195,stu4-10,stu4-10application4-10,checkStatus> 3.531207250839119E-4
<196,stu2-7,gradebook2-6,readMyScores> 2.3137835597991538E-4
<197,registrar0-0,roster4-4,write> 7.804942794382992E-5
<198,admissions4-0,stu3-2application3-2,setStatus> 5.5982037292365865E-5
<199,registrar0-0,roster4-3,write> 1.015131390584677E-4
<200,admissions0-0,stu2-0application2-0,read> 1.1593527528384256E-4
<201,admissions4-0,stu2-2application2-2,read> 2.653637465168259E-5
<202,admissions0-1,stu4-6application4-6,setStatus> 7.738766847448521E-5
<203,stu0-1,gradebook0-3,readMyScores> 5.2958692329441264E-5
<204,stu2-6,gradebook2-8,readMyScores> 1.6247691041320952E-4
<205,registrar0-1,roster4-2,write> 1.0048817682535872E-4
<206,registrar0-1,roster4-5,write> 7.657676375554774E-5
<207,registrar0-1,roster4-4,write> 7.768892250298083E-5
<208,stu2-6,gradebook2-3,readMyScores> 2.0285645061331203E-4
<209,registrar0-1,roster4-7,write> 7.935716062413042E-5
<210,registrar0-1,roster4-6,write> 8.102539874528003E-5
<211,admissions0-1,stu5-16application5-16,read> 1.508350034150341E-4
<212,registrar0-1,roster4-9,write> 7.157204939209893E-5
<213,stu2-6,gradebook2-1,readMyScores> 1.3439181230724933E-4
<214,registrar0-1,roster4-8,write> 7.324028751324854E-5
<215,fac5-4,gradebook5-8,assignGrade> 1.3669992116422224E-4
<216,admissions4-0,stu5-9application5-9,read> 2.5548208644482618E-5
<217,stu3-16,gradebook3-6,readScore> 4.4658318282378025E-5
<218,admissions2-0,stu2-12application2-12,read> 5.181335333718103E-5
<219,stu2-5,gradebook2-6,readMyScores> 2.5053386257520245E-4
<220,stu0-2,gradebook0-7,readMyScores> 2.089203366254359E-5
<221,stu0-2,gradebook0-8,readMyScores> 2.084680333417095E-5
<222,admissions4-0,stu4-0application4-0,read> 5.8651769885681693E-5
<223,stu2-5,gradebook2-3,readMyScores> 2.012368382331658E-4
<224,fac5-3,gradebook5-6,assignGrade> 1.9703165555249027E-4
<225,stu0-2,gradebook0-1,readMyScores> 2.8693816026774003E-5
<226,admissions0-0,stu5-3application5-3,setStatus> 1.9177598383423027E-4
<227,admissions4-1,stu5-9application5-9,read> 2.5751375313623636E-5
<228,admissions0-1,stu2-3application2-3,setStatus> 8.39621960616981E-5
<229,stu3-15,gradebook3-8,readScore> 3.311851305206463E-5
<230,admissions2-1,stu3-11application3-11,setStatus> 1.3300874857525262E-4
<231,stu0-3,gradebook0-8,readMyScores> 2.0919567045634027E-5
<232,admissions0-0,stu5-1application5-1,read> 3.524258211737088E-5
<233,registrar0-0,roster3-7,read> 1.2959452248696094E-4
<234,stu0-3,gradebook0-5,readMyScores> 2.9529822097702838E-5
<235,stu0-3,gradebook0-7,readMyScores> 2.0964955246007963E-5
<236,stu0-3,gradebook0-6,readMyScores> 3.5700075250466306E-5
<237,admissions4-1,application2-0,setStatus> 5.812499097875821E-5
<238,admissions2-1,stu0-12application0-12,setStatus> 5.4295244942811274E-5
<239,admissions4-1,application2-3,setStatus> 6.435014214240614E-5
<240,admissions4-1,application2-4,setStatus> 6.548198780852395E-5
<241,admissions4-1,application2-1,setStatus> 5.869091381181711E-5
<242,admissions4-1,application2-2,setStatus> 5.9256836644876015E-5
<243,stu0-4,gradebook0-2,readMyScores> 4.1856423147906384E-5
<244,fac0-4,gradebook0-8,assignGrade> 1.0133304238489272E-4
<245,admissions4-0,application2-4,setStatus> 6.496536463054742E-5
<246,stu0-4,gradebook0-8,readMyScores> 2.0992330757097097E-5
<247,admissions0-0,stu0-9application0-9,setStatus> 1.4427864972708536E-4
<248,stu0-4,gradebook0-5,readMyScores> 2.9632534522390502E-5
<249,admissions4-0,application2-1,setStatus> 5.822786912691125E-5
<250,admissions4-0,application2-2,setStatus> 5.87893270855476E-5
<251,registrar0-1,transcript1-13,read> 3.7838509967519527E-5
<252,registrar0-1,transcript1-11,read> 4.0848866561620535E-5
<253,stu0-5,gradebook0-1,readMyScores> 2.8994274833337082E-5
<254,registrar0-1,transcript1-10,read> 4.586612755178887E-5
<255,registrar0-1,transcript1-17,read> 3.3824701175384864E-5
<256,registrar0-1,transcript1-16,read> 3.6835057769485866E-5
<257,registrar0-1,transcript1-15,read> 3.58316055714522E-5
<258,registrar0-1,transcript1-14,read> 3.8841962165553194E-5
<259,fac0-3,gradebook0-6,assignGrade> 9.71722331167363E-5
<260,admissions4-1,stu4-12application4-12,setStatus> 1.8432578275089364E-4
<261,stu0-5,gradebook0-7,readMyScores> 2.1110798412936716E-5
<262,registrar0-1,transcript1-19,read> 3.282124897735119E-5
<263,registrar0-1,transcript1-18,read> 3.4828153373418525E-5
<264,stu0-5,gradebook0-8,readMyScores> 2.1065094468560174E-5
<265,fac0-3,gradebook0-7,assignGrade> 1.0341344701897092E-4
<266,admissions4-0,stu0-5application0-5,read> 1.5944470262007889E-4
<267,admissions0-1,stu2-9application2-9,setStatus> 2.3451887780887354E-4
<268,admissions2-1,stu4-18application4-18,read> 9.350373502273794E-6
<269,stu0-6,gradebook0-3,readMyScores> 5.3886165049746716E-5
<270,admissions4-0,stu5-3application5-3,read> 1.4363404650487928E-4
<271,fac0-2,gradebook0-5,assignGrade> 9.925263775081451E-5
<272,stu0-6,gradebook0-7,readMyScores> 2.1183719996401092E-5
<273,stu0-12,gradebook0-8,addScore> 7.392437308633402E-5
<274,stu3-19,gradebook3-8,readScore> 3.4084067368451354E-5
<275,admissions2-1,stu1-13application1-13,setStatus> 1.2977394705611118E-4
<276,fac0-1,gradebook0-2,addScore> 7.057752157362835E-5
<277,admissions2-1,stu5-13application5-13,read> 1.7730126837609656E-4
<278,stu4-4,gradebook4-4,readScore> 1.8481070048288897E-4
<279,fac0-2,gradebook0-5,addScore> 4.159393293471116E-5
<280,fac0-2,gradebook0-4,addScore> 7.318339929707789E-5
<281,stu5-17,gradebook5-7,readScore> 1.896883845143084E-5
<282,stu4-3,gradebook4-2,readScore> 1.1614654553362486E-4
<283,admissions2-0,stu5-17application5-17,setStatus> 1.401998009056467E-4
<284,fac3-4,gradebook3-9,assignGrade> 1.783080138457864E-4
<285,admissions2-1,stu4-15application4-15,setStatus> 1.2781958780496323E-5
<286,admissions2-0,stu4-15application4-15,read> 1.1620732380313758E-5
<287,registrar0-0,transcript5-11,read> 2.7933008813109464E-5
<288,registrar0-0,transcript5-12,read> 2.9949225990597062E-5
<289,registrar4-0,transcript1-10,read> 5.459239775885775E-5
<290,registrar0-0,transcript5-10,read> 3.1965443168084664E-5
<291,fac2-4,gradebook2-8,assignGrade> 7.899469762647796E-4
<292,admissions4-1,stu3-0application3-0,setStatus> 8.472336413252667E-5
<293,fac0-0,gradebook0-1,addScore> 4.9955285296026534E-5
<294,admissions2-0,stu4-15application4-15,setStatus> 1.3205377704901997E-5
<295,admissions2-0,stu5-13application5-13,read> 1.8317460231816185E-4
<296,registrar4-0,transcript1-18,read> 4.145439137021741E-5
<297,registrar0-0,transcript5-18,read> 2.087624869190286E-5
<298,registrar2-0,transcript3-17,read> 3.624349243220541E-4
<299,registrar0-0,transcript5-17,read> 2.188435728064666E-5
<300,admissions2-1,stu4-15application4-15,read> 1.1248123726836762E-5
<301,registrar4-0,transcript1-19,read> 3.9065662935919166E-5
<302,registrar0-0,transcript5-19,read> 1.8860031514415263E-5
<303,registrar2-0,transcript3-14,read> 3.666163631797535E-4
<304,registrar0-0,transcript5-14,read> 2.5916791635621863E-5
<305,registrar4-0,transcript1-13,read> 4.503748402166477E-5
<306,registrar0-0,transcript5-13,read> 2.6924900224365665E-5
<307,registrar4-0,transcript1-16,read> 4.384311980451565E-5
<308,registrar0-0,transcript5-16,read> 2.289246586939046E-5
<309,admissions2-1,stu3-6application3-6,read> 1.777757059322373E-4
<310,admissions4-0,stu2-17application2-17,read> 1.0558965522768036E-4
<311,registrar4-0,transcript1-15,read> 4.2648755587366535E-5
<312,registrar0-0,transcript5-15,read> 2.4908683046878064E-5
<313,registrar4-1,transcript1-10,read> 5.544374119369374E-5
<314,registrar0-1,transcript5-10,read> 3.181779677931752E-5
<315,admissions4-1,stu1-6application1-6,setStatus> 2.869700365969523E-5
<316,stu5-10,transcript5-10,read> 1.5723018197233275E-4
<317,registrar4-1,transcript1-11,read> 4.937879229374548E-5
<318,registrar0-1,transcript5-11,read> 2.7803987987182857E-5
<319,registrar2-1,transcript3-12,read> 3.703494304153231E-4
<320,registrar0-1,transcript5-12,read> 2.981089238325019E-5
<321,registrar4-1,transcript1-13,read> 4.5739822953776506E-5
<322,registrar0-1,transcript5-13,read> 2.6800535789149193E-5
<323,registrar0-1,transcript5-16,read> 2.278672699701452E-5
<324,registrar4-1,transcript1-17,read> 4.0887863833817896E-5
<325,registrar0-1,transcript5-17,read> 2.1783274798980854E-5
<326,registrar0-1,transcript5-14,read> 2.5797083591115523E-5
<327,registrar4-1,transcript1-15,read> 4.331384339379721E-5
<328,registrar0-1,transcript5-15,read> 2.4793631393081856E-5
<329,registrar2-1,transcript3-18,read> 3.6194930157424304E-4
<330,registrar4-1,transcript1-18,read> 4.210085361380755E-5
<331,registrar0-1,transcript5-18,read> 2.077982260094719E-5
<332,registrar2-1,transcript3-19,read> 3.598492693639731E-4
<333,registrar4-1,transcript1-19,read> 3.9674874053828236E-5
<334,registrar0-1,transcript5-19,read> 1.8772918204879855E-5
<335,admissions0-0,stu5-9application5-9,setStatus> 3.411122200634654E-5
<336,admissions0-0,stu4-7application4-7,read> 4.336990373126012E-5
<337,admissions2-1,stu5-6application5-6,setStatus> 3.2190767895344874E-5
<338,admissions4-0,stu1-6application1-6,setStatus> 2.8470597319184813E-5
<339,admissions0-0,stu5-15application5-15,read> 4.685304156578408E-5
<340,admissions0-1,stu1-4application1-4,read> 2.2489048215740024E-4
<341,admissions0-1,stu5-9application5-9,setStatus> 3.3995786398880045E-5
<342,stu3-10,gradebook3-8,readScore> 3.176673700912322E-5
<343,admissions0-1,stu4-7application4-7,read> 4.322313586753335E-5
<344,admissions2-0,stu5-6application5-6,setStatus> 3.325712873659853E-5
<345,admissions0-1,stu5-15application5-15,read> 4.6694486433581766E-5
<346,admissions0-0,stu1-4application1-4,read> 2.2565411707134726E-4
<347,stu3-11,gradebook3-6,readScore> 4.206943026600828E-5
<348,registrar0-1,transcript5-3,read> 2.937188204661046E-4
<349,admissions0-1,stu2-0application2-0,setStatus> 1.3129879468963098E-4
<350,fac3-2,gradebook3-5,assignGrade> 1.8871003701617742E-4
<351,fac3-2,gradebook3-4,assignGrade> 1.8662963238209922E-4
<352,admissions4-1,stu4-8application4-8,setStatus> 9.377812946146911E-5
<353,admissions4-1,stu3-2application3-2,setStatus> 5.64272224795815E-5
<354,admissions0-0,stu3-0application3-0,setStatus> 9.87603712077382E-5
<355,admissions4-0,application1-0,read> 1.9619212601282783E-5
<356,registrar0-1,roster3-7,read> 1.289959334685454E-4
<357,admissions4-0,application1-2,read> 2.1595544615682727E-5
<358,admissions4-0,application1-1,read> 2.0607378608482755E-5
<359,registrar0-1,roster3-8,read> 1.2976054260740563E-4
<360,admissions4-1,stu3-17application3-17,setStatus> 1.6055702376241974E-4
<361,registrar0-1,transcript5-0,read> 2.9271536826807096E-4
<362,admissions0-0,stu0-8application0-8,read> 1.6818234280170194E-4
<363,registrar0-1,transcript5-6,read> 2.9873608145627295E-4
<364,admissions4-0,stu5-13application5-13,read> 1.8464293580367817E-4
<365,admissions4-0,stu0-16application0-16,read> 1.1794173031768004E-4
<366,registrar0-0,transcript5-8,read> 3.021385449514231E-4
<367,admissions4-0,application1-3,read> 2.208962761928271E-5
<368,admissions4-0,application1-4,read> 1.4184299561682936E-5
<369,stu1-14,transcript1-14,read> 1.9194065578488455E-4
<370,stu4-11,gradebook4-7,readScore> 5.825562919845916E-5
<371,admissions4-1,application1-3,read> 2.226529066198079E-5
<372,admissions4-1,application1-1,read> 2.077125438270528E-5
<373,admissions4-1,application1-0,read> 1.977523019652161E-5
<374,stu5-14,transcript5-14,read> 1.274783472758598E-4
<375,registrar0-0,transcript5-1,read> 2.910493504752413E-4
<376,registrar0-0,transcript5-0,read> 2.940736762414727E-4
<377,registrar0-0,transcript5-3,read> 2.950817848302165E-4
<378,registrar0-0,transcript5-4,read> 2.9810611059644793E-4
<379,admissions4-0,stu2-12application2-12,read> 5.222869083888187E-5
<380,admissions4-1,application1-4,read> 1.4297097172511432E-5
<381,fac1-1,gradebook1-2,assignGrade> 3.1769512432902635E-4
<382,stu5-13,transcript5-13,read> 1.3243698639193863E-4
<383,fac4-0,gradebook4-1,assignGrade> 4.5708223481226624E-4
<384,admissions0-1,stu5-9application5-9,read> 2.9916292031014438E-5
<385,registrar0-0,roster3-2,read> 1.2191295039585928E-4
<386,stu1-12,transcript1-12,read> 2.1177521224919986E-4
<387,registrar0-0,roster3-3,read> 1.2652189365052027E-4
<388,registrar0-0,roster3-4,read> 1.242174220231898E-4
<389,admissions0-0,stu3-16application3-16,setStatus> 4.5985555533132755E-5
<390,stu4-13,gradebook4-7,readScore> 5.734181540711077E-5
<391,fac1-2,gradebook1-5,assignGrade> 2.9481067335416605E-4
<392,stu5-11,gradebook5-9,readScore> 2.0343299541877483E-5
<393,stu5-12,transcript5-12,read> 1.4731290374017512E-4
<394,admissions0-0,stu4-18application4-18,setStatus> 1.3001295736504357E-5
<395,registrar0-0,roster3-8,read> 1.3036267969607112E-4
<396,registrar0-0,roster3-6,read> 1.288263652778508E-4
<397,admissions0-0,stu5-9application5-9,read> 3.001787536558495E-5
<398,registrar0-1,roster3-5,read> 1.2746671519082493E-4
<399,registrar0-1,roster3-2,read> 1.2134984207994305E-4
<400,registrar0-1,roster3-3,read> 1.2593749691310445E-4
<401,admissions0-0,stu1-1application1-1,read> 2.279762089610299E-4
<402,registrar0-1,roster3-1,read> 1.2287906035766353E-4
<403,admissions2-1,stu2-7application2-7,setStatus> 9.958246621079121E-5
<404,admissions4-1,stu0-9application0-9,read> 1.0891939485996006E-4
<405,stu5-19,transcript5-19,read> 9.276787346330803E-5
<406,stu5-14,gradebook5-9,readScore> 2.0171626128021975E-5
<407,admissions2-0,stu3-6application3-6,read> 1.8366475623227E-4
<408,stu1-10,transcript1-10,read> 2.2665112959743632E-4
<409,stu4-15,gradebook4-1,readScore> 9.074338042732317E-5
<410,admissions4-0,stu5-16application5-16,setStatus> 1.4637676863281786E-4
<411,admissions2-0,stu2-7application2-7,read> 9.053551255172388E-5
<412,fac4-3,gradebook4-7,assignGrade> 4.7788628115304834E-4
<413,admissions4-1,stu4-18application4-18,read> 9.814988334684914E-6
<414,stu5-18,transcript5-18,read> 1.0268515169546567E-4
<415,stu4-7,stu4-7application4-7,checkStatus> 4.4935802702303346E-4
<416,stu4-16,gradebook4-5,readScore> 1.2635835011632889E-4
<417,chair1,transcript1-14,read> 2.2204899394721934E-4
<418,admissions4-0,stu4-18application4-18,read> 9.737552529283059E-6
<419,chair1,transcript1-10,read> 2.622042479656616E-4
<420,stu5-17,transcript5-17,read> 1.076437908115445E-4
<421,stu4-17,gradebook4-1,readScore> 8.93736690246466E-5
<422,admissions4-0,stu0-9application0-9,read> 1.0806007024568029E-4
<423,admissions2-0,stu3-13application3-13,read> 1.1651366999945517E-4
<424,admissions4-0,stu3-17application3-17,setStatus> 1.5929030168145388E-4
<425,stu5-16,transcript5-16,read> 1.1260242992762332E-4
<426,admissions2-1,stu1-5application1-5,read> 1.0186569694971852E-4
<427,stu4-9,gradebook4-8,readScore> 1.9346586945938958E-4
<428,admissions0-0,stu4-2application4-2,setStatus> 1.2382840865317573E-4
<429,admissions4-1,stu2-16application2-16,read> 1.0194722555667439E-4
<430,stu5-15,gradebook5-9,readScore> 2.1201666611155018E-5
<431,chair1,transcript1-17,read> 1.9336666964833203E-4

